time_s,radius_m,wall_velocity_m_per_s,wall_acceleration_m_per_s2
0.000000000000000000e+00,1.800000000000000046e-05,0.000000000000000000e+00,-5.420183934331106953e+06
2.190632213263583653e-09,1.799998699481509607e-05,-1.187336817219204407e-02,-5.419950111157539301e+06
4.381264426527167306e-09,1.799994797998545327e-05,-2.374625559671296460e-02,-5.419745021009541117e+06
6.571896639790750959e-09,1.799988295649527692e-05,-3.561872521035588240e-02,-5.419568657889690250e+06
8.762528853054334612e-09,1.799979192519091217e-05,-4.749083993755107147e-02,-5.419421016508301720e+06
1.095316106631791909e-08,1.799967488678087498e-05,-5.936266269191591005e-02,-5.419302092283090577e+06
1.314379327958150192e-08,1.799953184183586565e-05,-7.123425637780422814e-02,-5.419211881338898093e+06
1.533442549284508474e-08,1.799936279078879594e-05,-8.310568389185500615e-02,-5.419150380507421680e+06
1.752505770610866922e-08,1.799916773393480263e-05,-9.497700812454067110e-02,-5.419117587327021174e+06
1.971568991937225370e-08,1.799894667143125767e-05,-1.068482919617149696e-01,-5.419113500042537227e+06
2.190632213263583819e-08,1.799869960329777833e-05,-1.187195982861605492e-01,-5.419138117605162784e+06
2.409695434589941936e-08,1.799842652941622046e-05,-1.305909899791360407e-01,-5.419191439672357403e+06
2.628758655916300384e-08,1.799812744953070218e-05,-1.424625299219232921e-01,-5.419273466607781127e+06
2.847821877242658832e-08,1.799780236324759035e-05,-1.543342809973742291e-01,-5.419384199481287971e+06
3.066885098569016949e-08,1.799745127003548359e-05,-1.662063060914579782e-01,-5.419523640068952926e+06
3.285948319895375397e-08,1.799707416922522926e-05,-1.780786680948080458e-01,-5.419691790853125975e+06
3.505011541221733845e-08,1.799667106000989297e-05,-1.899514299042694143e-01,-5.419888655022554100e+06
3.724074762548091631e-08,1.799624194144474836e-05,-2.018246544244461926e-01,-5.420114236472503282e+06
3.943137983874450741e-08,1.799578681244725007e-05,-2.136984045692498224e-01,-5.420368539804956876e+06
4.162201205200808527e-08,1.799530567179703707e-05,-2.255727432634470897e-01,-5.420651570328827016e+06
4.381264426527167637e-08,1.799479851813587508e-05,-2.374477334442094967e-01,-5.420963334060222842e+06
4.600327647853525423e-08,1.799426534996764981e-05,-2.493234380626623004e-01,-5.421303837722743861e+06
4.819390869179883871e-08,1.799370616565832291e-05,-2.611999200854348557e-01,-5.421673088747828268e+06
5.038454090506242319e-08,1.799312096343590821e-05,-2.730772424962119027e-01,-5.422071095275118016e+06
5.257517311832600767e-08,1.799250974139041757e-05,-2.849554682972850750e-01,-5.422497866152891889e+06
5.476580533158958554e-08,1.799187249747382698e-05,-2.968346605111061853e-01,-5.422953410938516259e+06
5.695643754485317663e-08,1.799120922950003926e-05,-3.087148821818405109e-01,-5.423437739898942411e+06
5.914706975811675450e-08,1.799051993514481294e-05,-3.205961963769223821e-01,-5.423950864011241123e+06
6.133770197138033898e-08,1.798980461194572838e-05,-3.324786661886109385e-01,-5.424492794963192195e+06
6.352833418464392346e-08,1.798906325730212678e-05,-3.443623547355481040e-01,-5.425063545153875835e+06
6.571896639790750794e-08,1.798829586847504916e-05,-3.562473251643172301e-01,-5.425663127694350667e+06
6.790959861117109242e-08,1.798750244258716526e-05,-3.681336406510037351e-01,-5.426291556408346631e+06
7.010023082443467690e-08,1.798668297662272609e-05,-3.800213644027572446e-01,-5.426948845832988620e+06
7.229086303769826138e-08,1.798583746742747920e-05,-3.919105596593545626e-01,-5.427635011219580658e+06
7.448149525096183262e-08,1.798496591170860095e-05,-4.038012896947657526e-01,-5.428350068534416147e+06
7.667212746422543034e-08,1.798406830603461518e-05,-4.156936178187209951e-01,-5.429094034459644929e+06
7.886275967748901482e-08,1.798314464683531868e-05,-4.275876073782798326e-01,-5.429866926394151524e+06
8.105339189075258607e-08,1.798219493040170325e-05,-4.394833217594020791e-01,-5.430668762454506941e+06
8.324402410401617055e-08,1.798121915288584390e-05,-4.513808243885216176e-01,-5.431499561475931667e+06
8.543465631727976826e-08,1.798021731030084803e-05,-4.632801787341213062e-01,-5.432359343013321981e+06
8.762528853054335274e-08,1.797918939852072328e-05,-4.751814483083107166e-01,-5.433248127342298627e+06
8.981592074380692399e-08,1.797813541328029962e-05,-4.870846966684062029e-01,-5.434165935460311361e+06
9.200655295707050847e-08,1.797705535017513108e-05,-4.989899874185139139e-01,-5.435112789087778889e+06
9.419718517033410618e-08,1.797594920466137719e-05,-5.108973842111138586e-01,-5.436088710669255815e+06
9.638781738359767743e-08,1.797481697205571146e-05,-5.228069507486483580e-01,-5.437093723374661990e+06
9.857844959686126191e-08,1.797365864753519606e-05,-5.347187507851122179e-01,-5.438127851100545377e+06
1.007690818101248464e-07,1.797247422613718352e-05,-5.466328481276457874e-01,-5.439191118471382186e+06
1.029597140233884309e-07,1.797126370275917449e-05,-5.585493066381308491e-01,-5.440283550840911455e+06
1.051503462366520153e-07,1.797002707215872281e-05,-5.704681902347904510e-01,-5.441405174293536693e+06
1.073409784499155998e-07,1.796876432895329323e-05,-5.823895628937901803e-01,-5.442556015645740554e+06
1.095316106631791711e-07,1.796747546762013947e-05,-5.943134886508439907e-01,-5.443736102447549812e+06
1.117222428764427688e-07,1.796616048249616187e-05,-6.062400316028228042e-01,-5.444945462984062731e+06
1.139128750897063533e-07,1.796481936777778884e-05,-6.181692559093660000e-01,-5.446184126276980154e+06
1.161035073029699245e-07,1.796345211752082435e-05,-6.301012257944974548e-01,-5.447452122086217627e+06
1.182941395162335090e-07,1.796205872564030908e-05,-6.420360055482439154e-01,-5.448749480911529623e+06
1.204847717294970935e-07,1.796063918591037469e-05,-6.539736595282577003e-01,-5.450076233994190581e+06
1.226754039427606780e-07,1.795919349196409813e-05,-6.659142521614433985e-01,-5.451432413318721578e+06
1.248660361560242624e-07,1.795772163729333223e-05,-6.778578479455871220e-01,-5.452818051614653319e+06
1.270566683692878469e-07,1.795622361524857021e-05,-6.898045114509914200e-01,-5.454233182358331047e+06
1.292473005825514314e-07,1.795469941903876947e-05,-7.017543073221129690e-01,-5.455677839774762280e+06
1.314379327958150159e-07,1.795314904173119232e-05,-7.137073002792039267e-01,-5.457152058839517646e+06
1.336285650090786004e-07,1.795157247625124342e-05,-7.256635551199596135e-01,-5.458655875280660577e+06
1.358191972223421848e-07,1.794996971538228336e-05,-7.376231367211681933e-01,-5.460189325580740348e+06
1.380098294356057693e-07,1.794834075176547625e-05,-7.495861100403659050e-01,-5.461752446978799999e+06
1.402004616488693538e-07,1.794668557789958640e-05,-7.615525401174964015e-01,-5.463345277472457848e+06
1.423910938621329383e-07,1.794500418614081570e-05,-7.735224920765749745e-01,-5.464967855820016935e+06
1.445817260753965228e-07,1.794329656870260033e-05,-7.854960311273575524e-01,-5.466620221542621963e+06
1.467723582886601072e-07,1.794156271765544813e-05,-7.974732225670136954e-01,-5.468302414926462807e+06
1.489629905019236652e-07,1.793980262492670481e-05,-8.094541317818049198e-01,-5.470014477025021799e+06
1.511536227151872762e-07,1.793801628230039813e-05,-8.214388242487689062e-01,-5.471756449661363848e+06
1.533442549284508607e-07,1.793620368141700746e-05,-8.334273655374072609e-01,-5.473528375430477783e+06
1.555348871417144452e-07,1.793436481377327408e-05,-8.454198213113787164e-01,-5.475330297701661475e+06
1.577255193549780296e-07,1.793249967072199787e-05,-8.574162573301988832e-01,-5.477162260620936751e+06
1.599161515682416141e-07,1.793060824347180693e-05,-8.694167394509439983e-01,-5.479024309113551863e+06
1.621067837815051721e-07,1.792869052308694751e-05,-8.814213336299607793e-01,-5.480916488886474632e+06
1.642974159947687566e-07,1.792674650048708751e-05,-8.934301059245820520e-01,-5.482838846430976875e+06
1.664880482080323411e-07,1.792477616644705895e-05,-9.054431224948468193e-01,-5.484791429025253281e+06
1.686786804212959520e-07,1.792277951159665811e-05,-9.174604496052277680e-01,-5.486774284737062640e+06
1.708693126345595365e-07,1.792075652642039142e-05,-9.294821536263636608e-01,-5.488787462426464073e+06
1.730599448478231210e-07,1.791870720125727210e-05,-9.415083010367981675e-01,-5.490831011748550460e+06
1.752505770610867055e-07,1.791663152630054923e-05,-9.535389584247240258e-01,-5.492904983156277798e+06
1.774412092743502635e-07,1.791452949159748402e-05,-9.655741924897345285e-01,-5.495009427903291769e+06
1.796318414876138480e-07,1.791240108704909915e-05,-9.776140700445808962e-01,-5.497144398046852089e+06
1.818224737008774325e-07,1.791024630240993143e-05,-9.896586580169349778e-01,-5.499309946450770833e+06
1.840131059141410169e-07,1.790806512728777090e-05,-1.001708023451159946e+00,-5.501506126788415946e+06
1.862037381274046279e-07,1.790585755114342366e-05,-1.013762233510087540e+00,-5.503732993545755744e+06
1.883943703406682124e-07,1.790362356329041374e-05,-1.025821355476800978e+00,-5.505990602024472319e+06
1.905850025539317704e-07,1.790136315289475604e-05,-1.037885456756425073e+00,-5.508279008345087990e+06
1.927756347671953549e-07,1.789907630897466165e-05,-1.049954604877924247e+00,-5.510598269450183026e+06
1.949662669804589393e-07,1.789676302040027687e-05,-1.062028867495906859e+00,-5.512948443107632920e+06
1.971568991937225238e-07,1.789442327589340544e-05,-1.074108312392435316e+00,-5.515329587913919240e+06
1.993475314069861083e-07,1.789205706402721376e-05,-1.086193007478847061e+00,-5.517741763297477737e+06
2.015381636202496928e-07,1.788966437322597001e-05,-1.098283020797579335e+00,-5.520185029522091150e+06
2.037287958335132508e-07,1.788724519176472565e-05,-1.110378420524003040e+00,-5.522659447690368630e+06
2.059194280467768617e-07,1.788479950776905114e-05,-1.122479274968264829e+00,-5.525165079747227021e+06
2.081100602600404462e-07,1.788232730921472427e-05,-1.134585652577136061e+00,-5.527701988483471796e+06
2.103006924733040307e-07,1.787982858392741503e-05,-1.146697621935868217e+00,-5.530270237539400347e+06
2.124913246865676152e-07,1.787730331958241794e-05,-1.158815251770060284e+00,-5.532869891408471391e+06
2.146819568998311997e-07,1.787475150370429635e-05,-1.170938610947529934e+00,-5.535501015441026539e+06
2.168725891130947841e-07,1.787217312366660792e-05,-1.183067768480195348e+00,-5.538163675848064944e+06
2.190632213263583421e-07,1.786956816669156589e-05,-1.195202793525965257e+00,-5.540857939705076627e+06
2.212538535396219266e-07,1.786693661984972053e-05,-1.207343755390636320e+00,-5.543583874955916777e+06
2.234444857528855376e-07,1.786427847005964069e-05,-1.219490723529800036e+00,-5.546341550416760147e+06
2.256351179661491221e-07,1.786159370408756821e-05,-1.231643767550757662e+00,-5.549131035780086182e+06
2.278257501794127065e-07,1.785888230854710621e-05,-1.243802957214445115e+00,-5.551952401618733071e+06
2.300163823926762910e-07,1.785614426989885314e-05,-1.255968362437364760e+00,-5.554805719390011393e+06
2.322070146059398490e-07,1.785337957445008096e-05,-1.268140053293528524e+00,-5.557691061439868063e+06
2.343976468192034335e-07,1.785058820835438612e-05,-1.280318100016409222e+00,-5.560608501007100567e+06
2.365882790324670180e-07,1.784777015761132029e-05,-1.292502573000900545e+00,-5.563558112227650359e+06
2.387789112457306025e-07,1.784492540806605488e-05,-1.304693542805287043e+00,-5.566539970138940029e+06
2.409695434589941869e-07,1.784205394540901859e-05,-1.316891080153224092e+00,-5.569554150684266351e+06
2.431601756722577714e-07,1.783915575517551786e-05,-1.329095255935728082e+00,-5.572600730717258528e+06
2.453508078855213559e-07,1.783623082274538117e-05,-1.341306141213173708e+00,-5.575679788006405346e+06
2.475414400987849404e-07,1.783327913334258630e-05,-1.353523807217304586e+00,-5.578791401239617728e+06
2.497320723120485249e-07,1.783030067203486736e-05,-1.365748325353251413e+00,-5.581935650028876960e+06
2.519227045253121094e-07,1.782729542373335900e-05,-1.377979767201562344e+00,-5.585112614914936945e+06
2.541133367385756938e-07,1.782426337319218985e-05,-1.390218204520242029e+00,-5.588322377372072078e+06
2.563039689518392783e-07,1.782120450500809285e-05,-1.402463709246802415e+00,-5.591565019812920131e+06
2.584946011651028628e-07,1.781811880362001567e-05,-1.414716353500323542e+00,-5.594840625593344681e+06
2.606852333783664473e-07,1.781500625330872088e-05,-1.426976209583524779e+00,-5.598149279017408378e+06
2.628758655916300318e-07,1.781186683819638276e-05,-1.439243349984848042e+00,-5.601491065342370421e+06
2.650664978048936162e-07,1.780870054224616716e-05,-1.451517847380551229e+00,-5.604866070783766918e+06
2.672571300181572007e-07,1.780550734926182837e-05,-1.463799774636812545e+00,-5.608274382520560175e+06
2.694477622314207852e-07,1.780228724288728553e-05,-1.476089204811848798e+00,-5.611716088700338267e+06
2.716383944446843697e-07,1.779904020660620932e-05,-1.488386211158039929e+00,-5.615191278444590978e+06
2.738290266579479542e-07,1.779576622374157472e-05,-1.500690867124070405e+00,-5.618700041854048148e+06
2.760196588712115386e-07,1.779246527745525442e-05,-1.513003246357080167e+00,-5.622242470014098100e+06
2.782102910844751231e-07,1.778913735074755806e-05,-1.525323422704826015e+00,-5.625818655000244267e+06
2.804009232977387076e-07,1.778578242645680532e-05,-1.537651470217859417e+00,-5.629428689883659594e+06
2.825915555110022921e-07,1.778240048725887186e-05,-1.549987463151711875e+00,-5.633072668736799620e+06
2.847821877242658766e-07,1.777899151566673540e-05,-1.562331475969093386e+00,-5.636750686639080755e+06
2.869728199375294610e-07,1.777555549403003518e-05,-1.574683583342108006e+00,-5.640462839682633057e+06
2.891634521507930455e-07,1.777209240453459429e-05,-1.587043860154476516e+00,-5.644209224978111684e+06
2.913540843640566300e-07,1.776860222920195886e-05,-1.599412381503773517e+00,-5.647989940660612658e+06
2.935447165773202145e-07,1.776508494988892709e-05,-1.611789222703680080e+00,-5.651805085895621218e+06
2.957353487905837460e-07,1.776154054828707495e-05,-1.624174459286245265e+00,-5.655654760885049589e+06
2.979259810038473305e-07,1.775796900592227167e-05,-1.636568167004166074e+00,-5.659539066873362288e+06
3.001166132171109150e-07,1.775437030415420538e-05,-1.648970421833075628e+00,-5.663458106153744273e+06
3.023072454303745524e-07,1.775074442417587151e-05,-1.661381299973847536e+00,-5.667411982074377127e+06
3.044978776436381369e-07,1.774709134701309507e-05,-1.673800877854915603e+00,-5.671400799044762738e+06
3.066885098569017214e-07,1.774341105352401904e-05,-1.686229232134604183e+00,-5.675424662542135455e+06
3.088791420701653058e-07,1.773970352439861311e-05,-1.698666439703475417e+00,-5.679483679117959924e+06
3.110697742834288903e-07,1.773596874015813491e-05,-1.711112577686688674e+00,-5.683577956404489465e+06
3.132604064966924748e-07,1.773220668115463880e-05,-1.723567723446375766e+00,-5.687707603121407330e+06
3.154510387099560593e-07,1.772841732757045406e-05,-1.736031954584030812e+00,-5.691872729082553647e+06
3.176416709232196438e-07,1.772460065941762922e-05,-1.748505348942914761e+00,-5.696073445202731527e+06
3.198323031364832282e-07,1.772075665653744084e-05,-1.760987984610473012e+00,-5.700309863504577428e+06
3.220229353497468127e-07,1.771688529859981746e-05,-1.773479939920772575e+00,-5.704582097125544213e+06
3.242135675630103443e-07,1.771298656510282465e-05,-1.785981293456949226e+00,-5.708890260324927978e+06
3.264041997762739287e-07,1.770906043537210595e-05,-1.798492124053675312e+00,-5.713234468491007574e+06
3.285948319895375132e-07,1.770510688856032384e-05,-1.811012510799639097e+00,-5.717614838148254901e+06
3.307854642028010977e-07,1.770112590364661084e-05,-1.823542533040041658e+00,-5.722031486964631826e+06
3.329760964160646822e-07,1.769711745943599354e-05,-1.836082270379111536e+00,-5.726484533758974634e+06
3.351667286293282667e-07,1.769308153455883696e-05,-1.848631802682632275e+00,-5.730974098508455791e+06
3.373573608425919041e-07,1.768901810747025840e-05,-1.861191210080489489e+00,-5.735500302356146276e+06
3.395479930558554886e-07,1.768492715644954803e-05,-1.873760572969232152e+00,-5.740063267618649639e+06
3.417386252691190730e-07,1.768080865959957603e-05,-1.886339972014652755e+00,-5.744663117793847807e+06
3.439292574823826575e-07,1.767666259484621994e-05,-1.898929488154382783e+00,-5.749299977568702772e+06
3.461198896956462420e-07,1.767248893993773789e-05,-1.911529202600507293e+00,-5.753973972827185877e+06
3.483105219089098265e-07,1.766828767244418583e-05,-1.924139196842194810e+00,-5.758685230658274144e+06
3.505011541221734110e-07,1.766405876975680767e-05,-1.936759552648346094e+00,-5.763433879364030436e+06
3.526917863354369425e-07,1.765980220908739830e-05,-1.949390352070261123e+00,-5.768220048467826098e+06
3.548824185487005270e-07,1.765551796746771067e-05,-1.962031677444323385e+00,-5.773043868722585961e+06
3.570730507619641115e-07,1.765120602174880191e-05,-1.974683611394701943e+00,-5.777905472119190730e+06
3.592636829752276959e-07,1.764686634860042680e-05,-1.987346236836073032e+00,-5.782804991894941777e+06
3.614543151884912804e-07,1.764249892451036697e-05,-2.000019636976359205e+00,-5.787742562542126514e+06
3.636449474017548649e-07,1.763810372578381762e-05,-2.012703895319490233e+00,-5.792718319816697389e+06
3.658355796150184494e-07,1.763368072854270652e-05,-2.025399095668177996e+00,-5.797732400747034699e+06
3.680262118282820339e-07,1.762922990872506718e-05,-2.038105322126715802e+00,-5.802784943642811850e+06
3.702168440415456183e-07,1.762475124208434432e-05,-2.050822659103793910e+00,-5.807876088103968650e+06
3.724074762548092558e-07,1.762024470418874672e-05,-2.063551191315335487e+00,-5.813005975029779598e+06
3.745981084680728402e-07,1.761571027042055943e-05,-2.076291003787355205e+00,-5.818174746628032997e+06
3.767887406813364247e-07,1.761114791597546273e-05,-2.089042181858832503e+00,-5.823382546424294822e+06
3.789793728945999563e-07,1.760655761586184438e-05,-2.101804811184612376e+00,-5.828629519271317869e+06
3.811700051078635407e-07,1.760193934490011521e-05,-2.114578977738320376e+00,-5.833915811358505860e+06
3.833606373211271252e-07,1.759729307772198403e-05,-2.127364767815302038e+00,-5.839241570221536793e+06
3.855512695343907097e-07,1.759261878876977326e-05,-2.140162268035583182e+00,-5.844606944752047770e+06
3.877419017476542942e-07,1.758791645229569047e-05,-2.152971565346850191e+00,-5.850012085207466967e+06
3.899325339609178787e-07,1.758318604236111009e-05,-2.165792747027452503e+00,-5.855457143220934086e+06
3.921231661741814631e-07,1.757842753283584834e-05,-2.178625900689429962e+00,-5.860942271811348386e+06
3.943137983874450476e-07,1.757364089739742467e-05,-2.191471114281555721e+00,-5.866467625393516384e+06
3.965044306007086321e-07,1.756882610953033324e-05,-2.204328476092408451e+00,-5.872033359788423404e+06
3.986950628139722166e-07,1.756398314252527047e-05,-2.217198074753462755e+00,-5.877639632233621553e+06
4.008856950272358011e-07,1.755911196947840659e-05,-2.230079999242203126e+00,-5.883286601393727586e+06
4.030763272404993855e-07,1.755421256329060974e-05,-2.242974338885264540e+00,-5.888974427371046506e+06
4.052669594537629700e-07,1.754928489666668026e-05,-2.255881183361589493e+00,-5.894703271716315299e+06
4.074575916670265016e-07,1.754432894211457820e-05,-2.268800622705616554e+00,-5.900473297439556569e+06
4.096482238802901390e-07,1.753934467194463389e-05,-2.281732747310488030e+00,-5.906284669021075591e+06
4.118388560935537235e-07,1.753433205826876866e-05,-2.294677647931282038e+00,-5.912137552422557026e+06
4.140294883068173080e-07,1.752929107299969184e-05,-2.307635415688269465e+00,-5.918032115098306909e+06
4.162201205200808924e-07,1.752422168785010119e-05,-2.320606142070199329e+00,-5.923968526006606407e+06
4.184107527333444769e-07,1.751912387433186635e-05,-2.333589918937602370e+00,-5.929946955621212721e+06
4.206013849466080614e-07,1.751399760375521228e-05,-2.346586838526125707e+00,-5.935967575942957774e+06
4.227920171598716459e-07,1.750884284722789937e-05,-2.359596993449890157e+00,-5.942030560511517338e+06
4.249826493731352304e-07,1.750365957565438654e-05,-2.372620476704875081e+00,-5.948136084417281672e+06
4.271732815863988148e-07,1.749844775973499438e-05,-2.385657381672327215e+00,-5.954284324313366786e+06
4.293639137996623993e-07,1.749320736996504456e-05,-2.398707802122197918e+00,-5.960475458427777514e+06
4.315545460129259838e-07,1.748793837663402298e-05,-2.411771832216607958e+00,-5.966709666575683281e+06
4.337451782261895683e-07,1.748264074982470561e-05,-2.424849566513335386e+00,-5.972987130171854049e+06
4.359358104394530998e-07,1.747731445941229454e-05,-2.437941099969335390e+00,-5.979308032243212685e+06
4.381264426527166843e-07,1.747195947506352686e-05,-2.451046527944285902e+00,-5.985672557441560552e+06
4.403170748659802688e-07,1.746657576623580397e-05,-2.464165946204159852e+00,-5.992080892056413926e+06
4.425077070792438533e-07,1.746116330217628690e-05,-2.477299450924828061e+00,-5.998533224028008059e+06
4.446983392925074907e-07,1.745572205192100524e-05,-2.490447138695687901e+00,-6.005029742960429750e+06
4.468889715057710752e-07,1.745025198429393221e-05,-2.503609106523325689e+00,-6.011570640134925023e+06
4.490796037190346596e-07,1.744475306790608336e-05,-2.516785451835203968e+00,-6.018156108523315750e+06
4.512702359322982441e-07,1.743922527115457136e-05,-2.529976272483378530e+00,-6.024786342801615596e+06
4.534608681455618286e-07,1.743366856222169112e-05,-2.543181666748248304e+00,-6.031461539363758639e+06
4.556515003588254131e-07,1.742808290907396778e-05,-2.556401733342333227e+00,-6.038181896335506812e+06
4.578421325720889976e-07,1.742246827946120804e-05,-2.569636571414084969e+00,-6.044947613588508219e+06
4.600327647853525820e-07,1.741682464091552770e-05,-2.582886280551723868e+00,-6.051758892754513770e+06
4.622233969986161665e-07,1.741115196075041324e-05,-2.596150960787113604e+00,-6.058615937239746563e+06
4.644140292118796981e-07,1.740545020605971884e-05,-2.609430712599661639e+00,-6.065518952239451930e+06
4.666046614251432825e-07,1.739971934371669745e-05,-2.622725636920258285e+00,-6.072468144752596505e+06
4.687952936384068670e-07,1.739395934037299109e-05,-2.636035835135237981e+00,-6.079463723596740514e+06
4.709859258516704515e-07,1.738817016245764829e-05,-2.649361409090386754e+00,-6.086505899423076771e+06
4.731765580649340360e-07,1.738235177617610428e-05,-2.662702461094969664e+00,-6.093594884731629863e+06
4.753671902781976205e-07,1.737650414750915097e-05,-2.676059093925801768e+00,-6.100730893886657432e+06
4.775578224914612049e-07,1.737062724221193411e-05,-2.689431410831345737e+00,-6.107914143132189289e+06
4.797484547047247894e-07,1.736472102581288257e-05,-2.702819515535851647e+00,-6.115144850607768632e+06
4.819390869179883739e-07,1.735878546361269199e-05,-2.716223512243520322e+00,-6.122423236364359036e+06
4.841297191312519584e-07,1.735282052068324728e-05,-2.729643505642714629e+00,-6.129749522380440496e+06
4.863203513445155429e-07,1.734682616186657570e-05,-2.743079600910194760e+00,-6.137123932578270324e+06
4.885109835577791273e-07,1.734080235177374237e-05,-2.756531903715396137e+00,-6.144546692840369418e+06
4.907016157710427118e-07,1.733474905478380669e-05,-2.770000520224743745e+00,-6.152018031026142649e+06
4.928922479843062963e-07,1.732866623504270085e-05,-2.783485557105997987e+00,-6.159538176988729276e+06
4.950828801975698808e-07,1.732255385646212876e-05,-2.796987121532643616e+00,-6.167107362592028454e+06
4.972735124108334653e-07,1.731641188271846820e-05,-2.810505321188309313e+00,-6.174725821727924049e+06
4.994641446240970497e-07,1.731024027725162572e-05,-2.824040264271234779e+00,-6.182393790333695710e+06
5.016547768373606342e-07,1.730403900326393205e-05,-2.837592059498767583e+00,-6.190111506409647875e+06
5.038454090506242187e-07,1.729780802371897320e-05,-2.851160816111899976e+00,-6.197879210036922246e+06
5.060360412638878032e-07,1.729154730134046226e-05,-2.864746643879851895e+00,-6.205697143395524472e+06
5.082266734771513877e-07,1.728525679861106027e-05,-2.878349653104685935e+00,-6.213565550782542676e+06
5.104173056904149721e-07,1.727893647777120056e-05,-2.891969954625963179e+00,-6.221484678630610928e+06
5.126079379036785566e-07,1.727258630081793004e-05,-2.905607659825446998e+00,-6.229454775526525453e+06
5.147985701169421411e-07,1.726620622950369280e-05,-2.919262880631837476e+00,-6.237476092230136506e+06
5.169892023302057256e-07,1.725979622533513417e-05,-2.932935729525556479e+00,-6.245548881693411618e+06
5.191798345434693101e-07,1.725335624957188770e-05,-2.946626319543567796e+00,-6.253673399079747498e+06
5.213704667567328945e-07,1.724688626322535209e-05,-2.960334764284246134e+00,-6.261849901783478446e+06
5.235610989699964790e-07,1.724038622705745450e-05,-2.974061177912281639e+00,-6.270078649449630640e+06
5.257517311832600635e-07,1.723385610157940714e-05,-2.987805675163637265e+00,-6.278359903993896209e+06
5.279423633965236480e-07,1.722729584705044343e-05,-3.001568371350540776e+00,-6.286693929622835480e+06
5.301329956097872325e-07,1.722070542347654753e-05,-3.015349382366528719e+00,-6.295080992854312994e+06
5.323236278230508169e-07,1.721408479060920066e-05,-3.029148824691527686e+00,-6.303521362538172863e+06
5.345142600363144014e-07,1.720743390794405979e-05,-3.042966815396991542e+00,-6.312015309877150692e+06
5.367048922495779859e-07,1.720075273471966670e-05,-3.056803472151076395e+00,-6.320563108448036015e+06
5.388955244628415704e-07,1.719404122991614363e-05,-3.070658913223861752e+00,-6.329165034223059192e+06
5.410861566761051549e-07,1.718729935225385826e-05,-3.084533257492626301e+00,-6.337821365591548383e+06
5.432767888893687393e-07,1.718052706019209902e-05,-3.098426624447164102e+00,-6.346532383381824940e+06
5.454674211026323238e-07,1.717372431192770626e-05,-3.112339134195153179e+00,-6.355298370883365162e+06
5.476580533158959083e-07,1.716689106539374412e-05,-3.126270907467568527e+00,-6.364119613869205117e+06
5.498486855291594928e-07,1.716002727825809441e-05,-3.140222065624153291e+00,-6.372996400618621148e+06
5.520393177424230773e-07,1.715313290792210821e-05,-3.154192730658926802e+00,-6.381929021940057166e+06
5.542299499556866617e-07,1.714620791151918276e-05,-3.168183025205757453e+00,-6.390917771194340661e+06
5.564205821689502462e-07,1.713925224591336563e-05,-3.182193072543972878e+00,-6.399962944318151101e+06
5.586112143822138307e-07,1.713226586769792489e-05,-3.196222996604036748e+00,-6.409064839847787283e+06
5.608018465954774152e-07,1.712524873319394304e-05,-3.210272921973259752e+00,-6.418223758943173103e+06
5.629924788087408938e-07,1.711820079844882962e-05,-3.224342973901583420e+00,-6.427440005412190221e+06
5.651831110220045841e-07,1.711112201923490161e-05,-3.238433278307403462e+00,-6.436713885735264048e+06
5.673737432352680628e-07,1.710401235104789936e-05,-3.252543961783447291e+00,-6.446045709090254270e+06
5.695643754485317531e-07,1.709687174910548912e-05,-3.266675151602719041e+00,-6.455435787377635948e+06
5.717550076617953376e-07,1.708970016834578915e-05,-3.280826975724484562e+00,-6.464884435245966539e+06
5.739456398750589221e-07,1.708249756342584505e-05,-3.294999562800325243e+00,-6.474391970117671415e+06
5.761362720883225066e-07,1.707526388872010177e-05,-3.309193042180237576e+00,-6.483958712215119042e+06
5.783269043015860910e-07,1.706799909831889245e-05,-3.323407543918800666e+00,-6.493584984587015584e+06
5.805175365148496755e-07,1.706070314602685958e-05,-3.337643198781391707e+00,-6.503271113135101274e+06
5.827081687281132600e-07,1.705337598536139983e-05,-3.351900138250472949e+00,-6.513017426641172729e+06
5.848988009413768445e-07,1.704601756955110211e-05,-3.366178494531920862e+00,-6.522824256794408895e+06
5.870894331546404290e-07,1.703862785153412472e-05,-3.380478400561434782e+00,-6.532691938219059259e+06
5.892800653679040134e-07,1.703120678395662993e-05,-3.394799990010989976e+00,-6.542620808502412401e+06
5.914706975811674920e-07,1.702375431917112051e-05,-3.409143397295363975e+00,-6.552611208223137073e+06
5.936613297944311824e-07,1.701627040923483030e-05,-3.423508757578721973e+00,-6.562663480979939923e+06
5.958519620076946610e-07,1.700875500590808776e-05,-3.437896206781256847e+00,-6.572777973420567811e+06
5.980425942209583514e-07,1.700120806065261514e-05,-3.452305881585910008e+00,-6.582955035271174274e+06
6.002332264342218300e-07,1.699362952462987844e-05,-3.466737919445140204e+00,-6.593195019366011955e+06
6.024238586474855203e-07,1.698601934869939676e-05,-3.481192458587770489e+00,-6.603498281677495688e+06
6.046144908607491048e-07,1.697837748341700755e-05,-3.495669638025891146e+00,-6.613865181346633472e+06
6.068051230740126893e-07,1.697070387903316916e-05,-3.510169597561838994e+00,-6.624296080713800155e+06
6.089957552872762738e-07,1.696299848549121257e-05,-3.524692477795236645e+00,-6.634791345349900424e+06
6.111863875005398582e-07,1.695526125242558297e-05,-3.539238420130107698e+00,-6.645351344087916426e+06
6.133770197138034427e-07,1.694749212916007788e-05,-3.553807566782050564e+00,-6.655976449054796249e+06
6.155676519270670272e-07,1.693969106470604810e-05,-3.568400060785499761e+00,-6.666667035703778267e+06
6.177582841403306117e-07,1.693185800776062571e-05,-3.583016046001038291e+00,-6.677423482847061940e+06
6.199489163535940903e-07,1.692399290670485717e-05,-3.597655667122800605e+00,-6.688246172688918188e+06
6.221395485668577806e-07,1.691609570960192461e-05,-3.612319069685933748e+00,-6.699135490859155543e+06
6.243301807801212592e-07,1.690816636419524503e-05,-3.627006400074140213e+00,-6.710091826447026804e+06
6.265208129933849496e-07,1.690020481790664077e-05,-3.641717805527297180e+00,-6.721115572035538964e+06
6.287114452066484282e-07,1.689221101783443870e-05,-3.656453434149141479e+00,-6.732207123736174777e+06
6.309020774199121186e-07,1.688418491075156954e-05,-3.671213434915046037e+00,-6.743366881224051118e+06
6.330927096331755972e-07,1.687612644310365352e-05,-3.685997957679854942e+00,-6.754595247773486190e+06
6.352833418464392875e-07,1.686803556100705562e-05,-3.700807153185818876e+00,-6.765892630294028670e+06
6.374739740597027661e-07,1.685991221024695432e-05,-3.715641173070587833e+00,-6.777259439366907813e+06
6.396646062729664565e-07,1.685175633627534941e-05,-3.730500169875304195e+00,-6.788696089281937107e+06
6.418552384862300410e-07,1.684356788420908325e-05,-3.745384297052758882e+00,-6.800202998074881732e+06
6.440458706994936254e-07,1.683534679882782830e-05,-3.760293708975644300e+00,-6.811780587565260939e+06
6.462365029127572099e-07,1.682709302457208129e-05,-3.775228560944885015e+00,-6.823429283394650556e+06
6.484271351260206885e-07,1.681880650554109312e-05,-3.790189009198049241e+00,-6.835149515065428801e+06
6.506177673392843789e-07,1.681048718549083253e-05,-3.805175210917854489e+00,-6.846941715980012901e+06
6.528083995525478575e-07,1.680213500783188892e-05,-3.820187324240747362e+00,-6.858806323480593041e+06
6.549990317658115478e-07,1.679374991562738518e-05,-3.835225508265585947e+00,-6.870743778889335692e+06
6.571896639790750264e-07,1.678533185159084663e-05,-3.850289923062398145e+00,-6.882754527549102902e+06
6.593802961923387168e-07,1.677688075808408678e-05,-3.865380729681235028e+00,-6.894839018864679150e+06
6.615709284056021954e-07,1.676839657711502201e-05,-3.880498090161116131e+00,-6.906997706344489940e+06
6.637615606188658858e-07,1.675987925033551668e-05,-3.895642167539065337e+00,-6.919231047642885707e+06
6.659521928321293644e-07,1.675132871903917752e-05,-3.910813125859236461e+00,-6.931539504602899775e+06
6.681428250453930547e-07,1.674274492415913772e-05,-3.926011130182141429e+00,-6.943923543299579062e+06
6.703334572586565333e-07,1.673412780626582421e-05,-3.941236346593965489e+00,-6.956383634083848447e+06
6.725240894719202237e-07,1.672547730556470113e-05,-3.956488942215983684e+00,-6.968920251626921818e+06
6.747147216851838082e-07,1.671679336189398285e-05,-3.971769085214074124e+00,-6.981533874965270981e+06
6.769053538984472868e-07,1.670807591472234021e-05,-3.987076944808331191e+00,-6.994224987546174787e+06
6.790959861117109771e-07,1.669932490314659319e-05,-4.002412691282778212e+00,-7.006994077273821458e+06
6.812866183249744557e-07,1.669054026588934263e-05,-4.017776495995177832e+00,-7.019841636556003243e+06
6.834772505382381461e-07,1.668172194129663238e-05,-4.033168531386958300e+00,-7.032768162351421081e+06
6.856678827515016247e-07,1.667286986733555393e-05,-4.048588970993226788e+00,-7.045774156217541546e+06
6.878585149647653150e-07,1.666398398159183065e-05,-4.064037989452899069e+00,-7.058860124359121546e+06
6.900491471780287936e-07,1.665506422126741563e-05,-4.079515762518937549e+00,-7.072026577677294612e+06
6.922397793912924840e-07,1.664611052317799795e-05,-4.095022467068687000e+00,-7.085274031819322146e+06
6.944304116045559626e-07,1.663712282375057688e-05,-4.110558281114331081e+00,-7.098603007228952833e+06
6.966210438178196530e-07,1.662810105902092406e-05,-4.126123383813456336e+00,-7.112014029197451659e+06
6.988116760310831316e-07,1.661904516463108314e-05,-4.141717955479724544e+00,-7.125507627915252000e+06
7.010023082443468219e-07,1.660995507582682527e-05,-4.157342177593664090e+00,-7.139084338524292223e+06
7.031929404576103005e-07,1.660083072745506731e-05,-4.172996232813571460e+00,-7.152744701171012595e+06
7.053835726708738850e-07,1.659167205396129690e-05,-4.188680304986539760e+00,-7.166489261060047895e+06
7.075742048841374695e-07,1.658247898938693986e-05,-4.204394579159594691e+00,-7.180318568508592434e+06
7.097648370974010540e-07,1.657325146736673776e-05,-4.220139241590950441e+00,-7.194233179001473822e+06
7.119554693106647443e-07,1.656398942112606454e-05,-4.235914479761400564e+00,-7.208233653246957809e+06
7.141461015239282229e-07,1.655469278347823973e-05,-4.251720482385812794e+00,-7.222320557233236730e+06
7.163367337371919133e-07,1.654536148682183484e-05,-4.267557439424764176e+00,-7.236494462285682559e+06
7.185273659504553919e-07,1.653599546313788500e-05,-4.283425542096292560e+00,-7.250755945124833845e+06
7.207179981637190822e-07,1.652659464398716823e-05,-4.299324982887785751e+00,-7.265105587925139815e+06
7.229086303769825608e-07,1.651715896050738651e-05,-4.315255955567984358e+00,-7.279543978374455124e+06
7.250992625902462512e-07,1.650768834341035030e-05,-4.331218655199132961e+00,-7.294071709734334610e+06
7.272898948035097298e-07,1.649818272297913247e-05,-4.347213278149255622e+00,-7.308689380901097320e+06
7.294805270167733143e-07,1.648864202906519854e-05,-4.363240022104563742e+00,-7.323397596467702650e+06
7.316711592300368988e-07,1.647906619108549292e-05,-4.379299086082011350e+00,-7.338196966786432080e+06
7.338617914433004833e-07,1.646945513801952509e-05,-4.395390670441968517e+00,-7.353088108032388613e+06
7.360524236565640677e-07,1.645980879840640163e-05,-4.411514976901060869e+00,-7.368071642267856747e+06
7.382430558698276522e-07,1.645012710034184460e-05,-4.427672208545128996e+00,-7.383148197507471777e+06
7.404336880830912367e-07,1.644040997147518636e-05,-4.443862569842344179e+00,-7.398318407784290612e+06
7.426243202963548212e-07,1.643065733900630321e-05,-4.460086266656461795e+00,-7.413582913216714747e+06
7.448149525096185115e-07,1.642086912968256955e-05,-4.476343506260229255e+00,-7.428942360076295212e+06
7.470055847228819901e-07,1.641104526979574751e-05,-4.492634497348938716e+00,-7.444397400856452994e+06
7.491962169361456805e-07,1.640118568517884279e-05,-4.508959450054137008e+00,-7.459948694342112169e+06
7.513868491494091591e-07,1.639129030120297064e-05,-4.525318575957478551e+00,-7.475596905680246651e+06
7.535774813626728495e-07,1.638135904277413036e-05,-4.541712088104744360e+00,-7.491342706451389007e+06
7.557681135759363281e-07,1.637139183433001366e-05,-4.558140201020015603e+00,-7.507186774742064998e+06
7.579587457891999125e-07,1.636138859983672498e-05,-4.574603130720003463e+00,-7.523129795218248852e+06
7.601493780024634970e-07,1.635134926278551868e-05,-4.591101094728545107e+00,-7.539172459199739620e+06
7.623400102157270815e-07,1.634127374618946177e-05,-4.607634312091263062e+00,-7.555315464735592715e+06
7.645306424289906660e-07,1.633116197258009658e-05,-4.624203003390387146e+00,-7.571559516680534929e+06
7.667212746422542505e-07,1.632101386400405262e-05,-4.640807390759750461e+00,-7.587905326772429049e+06
7.689119068555178349e-07,1.631082934201963136e-05,-4.657447697899953276e+00,-7.604353613710764796e+06
7.711025390687814194e-07,1.630060832769336389e-05,-4.674124150093699193e+00,-7.620905103236231022e+06
7.732931712820450039e-07,1.629035074159651772e-05,-4.690836974221308076e+00,-7.637560528211360797e+06
7.754838034953085884e-07,1.628005650380158335e-05,-4.707586398776407499e+00,-7.654320628702268004e+06
7.776744357085721729e-07,1.626972553387873022e-05,-4.724372653881805384e+00,-7.671186152061496861e+06
7.798650679218357573e-07,1.625935775089221196e-05,-4.741195971305538492e+00,-7.688157853012016043e+06
7.820557001350994477e-07,1.624895307339674103e-05,-4.758056584477117212e+00,-7.705236493732328527e+06
7.842463323483629263e-07,1.623851141943384653e-05,-4.774954728503947976e+00,-7.722422843942779116e+06
7.864369645616265108e-07,1.622803270652816416e-05,-4.791890640187951078e+00,-7.739717680993015878e+06
7.886275967748900953e-07,1.621751685168370931e-05,-4.808864558042375670e+00,-7.757121789950693026e+06
7.908182289881536797e-07,1.620696377138012634e-05,-4.825876722308795053e+00,-7.774635963691339828e+06
7.930088612014172642e-07,1.619637338156885330e-05,-4.842927374974321353e+00,-7.792261002989506349e+06
7.951994934146808487e-07,1.618574559766930681e-05,-4.860016759789001384e+00,-7.809997716611162759e+06
7.973901256279444332e-07,1.617508033456498915e-05,-4.877145122283432777e+00,-7.827846921407370828e+06
7.995807578412080177e-07,1.616437750659955799e-05,-4.894312709786572846e+00,-7.845809442409239709e+06
8.017713900544716021e-07,1.615363702757289282e-05,-4.911519771443767723e+00,-7.863886112924233079e+06
8.039620222677351866e-07,1.614285881073707318e-05,-4.928766558234987549e+00,-7.882077774633779190e+06
8.061526544809987711e-07,1.613204276879234682e-05,-4.946053322993280155e+00,-7.900385277692273259e+06
8.083432866942623556e-07,1.612118881388305375e-05,-4.963380320423437908e+00,-7.918809480827428401e+06
8.105339189075259401e-07,1.611029685759349955e-05,-4.980747807120897264e+00,-7.937351251442073844e+06
8.127245511207895245e-07,1.609936681094379805e-05,-4.998156041590847920e+00,-7.956011465717307292e+06
8.149151833340530031e-07,1.608839858438565996e-05,-5.015605284267582675e+00,-7.974791008717201650e+06
8.171058155473166935e-07,1.607739208779815427e-05,-5.033095797534070215e+00,-7.993690774494873360e+06
8.192964477605802780e-07,1.606634723048340873e-05,-5.050627845741765043e+00,-8.012711666200112551e+06
8.214870799738438625e-07,1.605526392116228318e-05,-5.068201695230651005e+00,-8.031854596188512631e+06
8.236777121871074469e-07,1.604414206796998197e-05,-5.085817614349534388e+00,-8.051120486132145859e+06
8.258683444003710314e-07,1.603298157845164934e-05,-5.103475873476572389e+00,-8.070510267131798901e+06
8.280589766136346159e-07,1.602178235955787339e-05,-5.121176745040052936e+00,-8.090024879830818623e+06
8.302496088268982004e-07,1.601054431764019681e-05,-5.138920503539424978e+00,-8.109665274530547671e+06
8.324402410401617849e-07,1.599926735844654289e-05,-5.156707425566581016e+00,-8.129432411307426170e+06
8.346308732534253693e-07,1.598795138711662120e-05,-5.174537789827407863e+00,-8.149327260131769814e+06
8.368215054666889538e-07,1.597659630817724525e-05,-5.192411877163581657e+00,-8.169350800988228992e+06
8.390121376799525383e-07,1.596520202553767035e-05,-5.210329970574649749e+00,-8.189504023997972719e+06
8.412027698932161228e-07,1.595376844248480621e-05,-5.228292355240362177e+00,-8.209787929542644881e+06
8.433934021064796014e-07,1.594229546167842614e-05,-5.246299318543294454e+00,-8.230203528390083462e+06
8.455840343197432917e-07,1.593078298514633554e-05,-5.264351150091732379e+00,-8.250751841821862385e+06
8.477746665330067703e-07,1.591923091427944559e-05,-5.282448141742846381e+00,-8.271433901762661524e+06
8.499652987462704607e-07,1.590763914982682993e-05,-5.300590587626157202e+00,-8.292250750911532901e+06
8.521559309595339393e-07,1.589600759189073058e-05,-5.318778784167272455e+00,-8.313203442875024863e+06
8.543465631727976297e-07,1.588433613992147912e-05,-5.337013030111936729e+00,-8.334293042302288115e+06
8.565371953860612141e-07,1.587262469271241789e-05,-5.355293626550369446e+00,-8.355520625022111461e+06
8.587278275993247986e-07,1.586087314839470936e-05,-5.373620876941910929e+00,-8.376887278181965463e+06
8.609184598125883831e-07,1.584908140443213196e-05,-5.391995087139958009e+00,-8.398394100389068946e+06
8.631090920258519676e-07,1.583724935761581494e-05,-5.410416565417245138e+00,-8.420042201853537932e+06
8.652997242391155521e-07,1.582537690405888848e-05,-5.428885622491403495e+00,-8.441832704533617944e+06
8.674903564523791365e-07,1.581346393919112370e-05,-5.447402571550867378e+00,-8.463766742283016443e+06
8.696809886656427210e-07,1.580151035775348114e-05,-5.465967728281091453e+00,-8.485845461000487208e+06
8.718716208789061996e-07,1.578951605379260502e-05,-5.484581410891105513e+00,-8.508070018781520426e+06
8.740622530921698900e-07,1.577748092065527354e-05,-5.503243940140399637e+00,-8.530441586072335020e+06
8.762528853054333686e-07,1.576540485098278468e-05,-5.521955639366151303e+00,-8.552961345826139674e+06
8.784435175186970589e-07,1.575328773670527097e-05,-5.540716834510798883e+00,-8.575630493661673740e+06
8.806341497319605375e-07,1.574112946903596672e-05,-5.559527854149957982e+00,-8.598450238024167717e+06
8.828247819452242279e-07,1.572892993846540760e-05,-5.578389029520704590e+00,-8.621421800348617136e+06
8.850154141584877065e-07,1.571668903475557588e-05,-5.597300694550204625e+00,-8.644546415225574747e+06
8.872060463717513969e-07,1.570440664693395432e-05,-5.616263185884724507e+00,-8.667825330569345504e+06
8.893966785850149813e-07,1.569208266328756638e-05,-5.635276842918996998e+00,-8.691259807788729668e+06
8.915873107982785658e-07,1.567971697135690478e-05,-5.654342007825983174e+00,-8.714851121960358694e+06
8.937779430115421503e-07,1.566730945792981920e-05,-5.673459025586992333e+00,-8.738600562004553154e+06
8.959685752248057348e-07,1.565486000903531949e-05,-5.692628244022213124e+00,-8.762509430863909423e+06
8.981592074380693193e-07,1.564236850993734143e-05,-5.711850013821622163e+00,-8.786579045684525743e+06
9.003498396513327979e-07,1.562983484512841097e-05,-5.731124688576310078e+00,-8.810810737999992445e+06
9.025404718645964882e-07,1.561725889832325757e-05,-5.750452624810195701e+00,-8.835205853918172419e+06
9.047311040778599668e-07,1.560464055245236662e-05,-5.769834182012155033e+00,-8.859765754310758784e+06
9.069217362911236572e-07,1.559197968965542338e-05,-5.789269722668588969e+00,-8.884491815005805343e+06
9.091123685043871358e-07,1.557927619127474000e-05,-5.808759612296383601e+00,-8.909385426983091980e+06
9.113030007176508262e-07,1.556652993784855382e-05,-5.828304219476334147e+00,-8.934447996572552249e+06
9.134936329309143048e-07,1.555374080910429852e-05,-5.847903915886975668e+00,-8.959680945655666292e+06
9.156842651441779951e-07,1.554090868395176686e-05,-5.867559076338894286e+00,-8.985085711870005354e+06
9.178748973574414737e-07,1.552803344047622606e-05,-5.887270078809446083e+00,-9.010663748816814274e+06
9.200655295707051641e-07,1.551511495593141781e-05,-5.907037304477980477e+00,-9.036416526271922514e+06
9.222561617839686427e-07,1.550215310673253816e-05,-5.926861137761487264e+00,-9.062345530399760231e+06
9.244467939972323330e-07,1.548914776844907159e-05,-5.946741966350756137e+00,-9.088452263970801607e+06
9.266374262104959175e-07,1.547609881579761491e-05,-5.966680181246972303e+00,-9.114738246582264081e+06
9.288280584237593961e-07,1.546300612263453862e-05,-5.986676176798843230e+00,-9.141205014882303774e+06
9.310186906370230865e-07,1.544986956194866514e-05,-6.006730350740187241e+00,-9.167854122797662392e+06
9.332093228502865651e-07,1.543668900585377086e-05,-6.026843104228039927e+00,-9.194687141764841974e+06
9.353999550635502554e-07,1.542346432558106448e-05,-6.047014841881272140e+00,-9.221705660964898765e+06
9.375905872768137340e-07,1.541019539147155698e-05,-6.067245971819715145e+00,-9.248911287561899051e+06
9.397812194900774244e-07,1.539688207296834342e-05,-6.087536905703830215e+00,-9.276305646945104003e+06
9.419718517033409030e-07,1.538352423860881701e-05,-6.107888058774885387e+00,-9.303890382974943146e+06
9.441624839166045934e-07,1.537012175601675448e-05,-6.128299849895712192e+00,-9.331667158232867718e+06
9.463531161298680720e-07,1.535667449189437761e-05,-6.148772701591973089e+00,-9.359637654275106266e+06
9.485437483431317623e-07,1.534318231201423535e-05,-6.169307040094028416e+00,-9.387803571890462190e+06
9.507343805563952409e-07,1.532964508121108241e-05,-6.189903295379339809e+00,-9.416166631362136453e+06
9.529250127696589313e-07,1.531606266337359867e-05,-6.210561901215478464e+00,-9.444728572733733803e+06
9.551156449829224099e-07,1.530243492143605442e-05,-6.231283295203692951e+00,-9.473491156079452485e+06
9.573062771961858885e-07,1.528876171736985015e-05,-6.252067918823103199e+00,-9.502456161778591573e+06
9.594969094094495788e-07,1.527504291217498525e-05,-6.272916217475478895e+00,-9.531625390794420615e+06
9.616875416227132692e-07,1.526127836587141148e-05,-6.293828640530636953e+00,-9.561000664957489818e+06
9.638781738359767478e-07,1.524746793749027979e-05,-6.314805641372482903e+00,-9.590583827253472060e+06
9.660688060492404382e-07,1.523361148506510738e-05,-6.335847677445657133e+00,-9.620376742115626112e+06
9.682594382625039168e-07,1.521970886562283478e-05,-6.356955210302851711e+00,-9.650381295721918344e+06
9.704500704757676071e-07,1.520575993517476428e-05,-6.378128705652772013e+00,-9.680599396296940744e+06
9.726407026890310857e-07,1.519176454870739502e-05,-6.399368633408774265e+00,-9.711032974418718368e+06
9.748313349022947761e-07,1.517772256017318188e-05,-6.420675467738163000e+00,-9.741683983330408111e+06
9.770219671155582547e-07,1.516363382248114017e-05,-6.442049687112201717e+00,-9.772554399257080629e+06
9.792125993288219450e-07,1.514949818748737752e-05,-6.463491774356792341e+00,-9.803646221727604046e+06
9.814032315420854236e-07,1.513531550598548004e-05,-6.485002216703898092e+00,-9.834961473901785910e+06
9.835938637553491140e-07,1.512108562769682564e-05,-6.506581505843671565e+00,-9.866502202902812511e+06
9.857844959686125926e-07,1.510680840126074154e-05,-6.528230137977304004e+00,-9.898270480155074969e+06
9.879751281818762830e-07,1.509248367422457193e-05,-6.549948613870657077e+00,-9.930268401727583259e+06
9.901657603951397616e-07,1.507811129303362201e-05,-6.571737438908614948e+00,-9.962498088682923466e+06
9.923563926084034519e-07,1.506369110302096819e-05,-6.593597123150228612e+00,-9.994961687431957573e+06
9.945470248216669305e-07,1.504922294839717001e-05,-6.615528181384637385e+00,-1.002766137009437382e+07
9.967376570349306209e-07,1.503470667223983979e-05,-6.637531133187794197e+00,-1.006059933486511000e+07
9.989282892481940995e-07,1.502014211648309707e-05,-6.659606502979984022e+00,-1.009377780638687685e+07
1.001118921461457790e-06,1.500552912190687733e-05,-6.681754820084184310e+00,-1.012719903612879664e+07
1.003309553674721268e-06,1.499086752812615440e-05,-6.703976618785240760e+00,-1.016086530277127400e+07
1.005500185887984959e-06,1.497615717357998658e-05,-6.726272438389917063e+00,-1.019477891259733960e+07
1.007690818101248437e-06,1.496139789552045273e-05,-6.748642823287787529e+00,-1.022894219989037700e+07
1.009881450314511916e-06,1.494658953000145446e-05,-6.771088323013022325e+00,-1.026335752733856440e+07
1.012072082527775606e-06,1.493173191186736252e-05,-6.793609492307060904e+00,-1.029802728644599020e+07
1.014262714741039297e-06,1.491682487474156154e-05,-6.816206891182192251e+00,-1.033295389795066230e+07
1.016453346954302775e-06,1.490186825101482363e-05,-6.838881084986053516e+00,-1.036813981224950776e+07
1.018643979167566254e-06,1.488686187183354649e-05,-6.861632644467081654e+00,-1.040358750983048417e+07
1.020834611380829944e-06,1.487180556708785091e-05,-6.884462145840916314e+00,-1.043929950171197765e+07
1.023025243594093635e-06,1.485669916539952917e-05,-6.907370170857761060e+00,-1.047527832988955081e+07
1.025215875807357113e-06,1.484154249410985456e-05,-6.930357306870730483e+00,-1.051152656779024191e+07
1.027406508020620592e-06,1.482633537926721978e-05,-6.953424146905232917e+00,-1.054804682073455676e+07
1.029597140233884282e-06,1.481107764561464656e-05,-6.976571289729328385e+00,-1.058484172640621848e+07
1.031787772447147973e-06,1.479576911657711071e-05,-6.999799339925163011e+00,-1.062191395532996394e+07
1.033978404660411451e-06,1.478040961424874681e-05,-7.023108907961423064e+00,-1.065926621135732904e+07
1.036169036873675142e-06,1.476499895937985639e-05,-7.046500610266902775e+00,-1.069690123216086254e+07
1.038359669086938620e-06,1.474953697136377900e-05,-7.069975069305130866e+00,-1.073482178973659687e+07
1.040550301300202099e-06,1.473402346822358016e-05,-7.093532913650119731e+00,-1.077303069091521762e+07
1.042740933513465789e-06,1.471845826659859882e-05,-7.117174778063241725e+00,-1.081153077788189054e+07
1.044931565726729479e-06,1.470284118173078981e-05,-7.140901303571257408e+00,-1.085032492870507389e+07
1.047122197939992958e-06,1.468717202745091717e-05,-7.164713137545515309e+00,-1.088941605787435360e+07
1.049312830153256437e-06,1.467145061616457983e-05,-7.188610933782324963e+00,-1.092880711684752814e+07
1.051503462366520127e-06,1.465567675883802380e-05,-7.212595352584561859e+00,-1.096850109460715763e+07
1.053694094579783817e-06,1.463985026498382729e-05,-7.236667060844466093e+00,-1.100850101822667383e+07
1.055884726793047296e-06,1.462397094264634874e-05,-7.260826732127737770e+00,-1.104880995344629698e+07
1.058075359006310775e-06,1.460803859838702395e-05,-7.285075046758873185e+00,-1.108943100525893830e+07
1.060265991219574465e-06,1.459205303726947190e-05,-7.309412691907803961e+00,-1.113036731850623898e+07
1.062456623432838155e-06,1.457601406284438878e-05,-7.333840361677848030e+00,-1.117162207848497294e+07
1.064647255646101634e-06,1.455992147713427761e-05,-7.358358757195014199e+00,-1.121319851156404428e+07
1.066837887859365112e-06,1.454377508061796116e-05,-7.382968586698653191e+00,-1.125509988581217453e+07
1.069028520072628803e-06,1.452757467221488301e-05,-7.407670565633512005e+00,-1.129732951163661852e+07
1.071219152285892493e-06,1.451132004926923754e-05,-7.432465416743193387e+00,-1.133989074243304133e+07
1.073409784499155972e-06,1.449501100753387972e-05,-7.457353870165032816e+00,-1.138278697524672933e+07
1.075600416712419450e-06,1.447864734115400611e-05,-7.482336663526476528e+00,-1.142602165144550987e+07
1.077791048925683141e-06,1.446222884265065642e-05,-7.507414542042910810e+00,-1.146959825740441307e+07
1.079981681138946831e-06,1.444575530290397272e-05,-7.532588258617016308e+00,-1.151352032520244084e+07
1.082172313352210310e-06,1.442922651113625370e-05,-7.557858573939665092e+00,-1.155779143333161063e+07
1.084362945565473788e-06,1.441264225489477685e-05,-7.583226256592389802e+00,-1.160241520741856098e+07
1.086553577778737479e-06,1.439600232003440378e-05,-7.608692083151434638e+00,-1.164739532095887884e+07
1.088744209992001169e-06,1.437930649069994838e-05,-7.634256838293430825e+00,-1.169273549606447481e+07
1.090934842205264648e-06,1.436255454930832985e-05,-7.659921314902720546e+00,-1.173843950422420539e+07
1.093125474418528126e-06,1.434574627653044112e-05,-7.685686314180394163e+00,-1.178451116707808524e+07
1.095316106631791817e-06,1.432888145127284105e-05,-7.711552645754996327e+00,-1.183095435720521584e+07
1.097506738845055295e-06,1.431195985065914683e-05,-7.737521127794988907e+00,-1.187777299892577901e+07
1.099697371058318986e-06,1.429498125001121969e-05,-7.763592587123001820e+00,-1.192497106911741570e+07
1.101888003271582676e-06,1.427794542283007105e-05,-7.789767859331849564e+00,-1.197255259804612026e+07
1.104078635484846155e-06,1.426085214077651464e-05,-7.816047788902437787e+00,-1.202052167021211982e+07
1.106269267698109633e-06,1.424370117365158815e-05,-7.842433229323491517e+00,-1.206888242521083914e+07
1.108459899911373323e-06,1.422649228937664798e-05,-7.868925043213220505e+00,-1.211763905860942975e+07
1.110650532124637014e-06,1.420922525397327756e-05,-7.895524102442893266e+00,-1.216679582283896767e+07
1.112841164337900492e-06,1.419189983154285869e-05,-7.922231288262405080e+00,-1.221635702810281701e+07
1.115031796551163971e-06,1.417451578424588865e-05,-7.949047491427832846e+00,-1.226632704330131412e+07
1.117222428764427661e-06,1.415707287228101441e-05,-7.975973612331068274e+00,-1.231671029697323591e+07
1.119413060977691352e-06,1.413957085386378233e-05,-8.003010561131491230e+00,-1.236751127825421654e+07
1.121603693190954830e-06,1.412200948520509299e-05,-8.030159257889796010e+00,-1.241873453785260022e+07
1.123794325404218309e-06,1.410438852048936299e-05,-8.057420632703946595e+00,-1.247038468904292397e+07
1.125984957617481788e-06,1.408670771185238691e-05,-8.084795625847348788e+00,-1.252246640867750533e+07
1.128175589830745690e-06,1.406896680935889430e-05,-8.112285187909247242e+00,-1.257498443821637705e+07
1.130366222044009168e-06,1.405116556097979842e-05,-8.139890279937397111e+00,-1.262794358477597684e+07
1.132556854257272647e-06,1.403330371256910776e-05,-8.167611873583073390e+00,-1.268134872219699994e+07
1.134747486470536126e-06,1.401538100784056323e-05,-8.195450951248421489e+00,-1.273520479213165492e+07
1.136938118683800028e-06,1.399739718834390595e-05,-8.223408506236216553e+00,-1.278951680515084229e+07
1.139128750897063506e-06,1.397935199344085202e-05,-8.251485542902035064e+00,-1.284428984187147208e+07
1.141319383110326985e-06,1.396124516028068276e-05,-8.279683076809014608e+00,-1.289952905410460196e+07
1.143510015323590675e-06,1.394307642377553838e-05,-8.308002134885059675e+00,-1.295523966602445208e+07
1.145700647536854366e-06,1.392484551657534078e-05,-8.336443755582656934e+00,-1.301142697535888106e+07
1.147891279750117844e-06,1.390655216904237918e-05,-8.365008989041331944e+00,-1.306809635460172780e+07
1.150081911963381323e-06,1.388819610922552299e-05,-8.393698897252797053e+00,-1.312525325224748813e+07
1.152272544176645013e-06,1.386977706283406718e-05,-8.422514554228788697e+00,-1.318290319404856674e+07
1.154463176389908492e-06,1.385129475321122352e-05,-8.451457046171730880e+00,-1.324105178429576755e+07
1.156653808603172182e-06,1.383274890130722221e-05,-8.480527471648205307e+00,-1.329970470712231286e+07
1.158844440816435661e-06,1.381413922565203738e-05,-8.509726941765297425e+00,-1.335886772783189639e+07
1.161035073029699351e-06,1.379546544232770444e-05,-8.539056580349896564e+00,-1.341854669425122067e+07
1.163225705242962830e-06,1.377672726494029505e-05,-8.568517524130955465e+00,-1.347874753810745664e+07
1.165416337456226520e-06,1.375792440459140267e-05,-8.598110922924851351e+00,-1.353947627643123083e+07
1.167606969669489999e-06,1.373905656984930108e-05,-8.627837939823788105e+00,-1.360073901298538782e+07
1.169797601882753689e-06,1.372012346671963193e-05,-8.657699751387410103e+00,-1.366254193972028606e+07
1.171988234096017168e-06,1.370112479861570608e-05,-8.687697547837581524e+00,-1.372489133825584874e+07
1.174178866309280858e-06,1.368206026632834249e-05,-8.717832533256475003e+00,-1.378779358139111474e+07
1.176369498522544548e-06,1.366292956799531399e-05,-8.748105925787989179e+00,-1.385125513464165106e+07
1.178560130735808027e-06,1.364373239907027813e-05,-8.778518957842576853e+00,-1.391528255780546926e+07
1.180750762949071505e-06,1.362446845229132351e-05,-8.809072876305519273e+00,-1.397988250655784085e+07
1.182941395162334984e-06,1.360513741764902298e-05,-8.839768942748735370e+00,-1.404506173407564685e+07
1.185132027375598886e-06,1.358573898235402458e-05,-8.870608433646175683e+00,-1.411082709269174561e+07
1.187322659588862365e-06,1.356627283080418826e-05,-8.901592640592843608e+00,-1.417718553557991050e+07
1.189513291802125843e-06,1.354673864455118237e-05,-8.932722870527626924e+00,-1.424414411847106181e+07
1.191703924015389322e-06,1.352713610226663955e-05,-8.964000445959852570e+00,-1.431171000140112638e+07
1.193894556228653224e-06,1.350746487970780109e-05,-8.995426705199724537e+00,-1.437989045049117878e+07
1.196085188441916703e-06,1.348772464968263783e-05,-9.027003002592680403e+00,-1.444869283976049908e+07
1.198275820655180181e-06,1.346791508201447634e-05,-9.058730708757796179e+00,-1.451812465297312289e+07
1.200466452868443660e-06,1.344803584350606442e-05,-9.090611210830232380e+00,-1.458819348551843129e+07
1.202657085081707562e-06,1.342808659790314020e-05,-9.122645912707875837e+00,-1.465890704632643797e+07
1.204847717294971041e-06,1.340806700585742864e-05,-9.154836235302170167e+00,-1.473027315981831029e+07
1.207038349508234519e-06,1.338797672488907398e-05,-9.187183616793323182e+00,-1.480229976789290644e+07
1.209228981721498210e-06,1.336781540934856045e-05,-9.219689512889830851e+00,-1.487499493194963969e+07
1.211419613934761688e-06,1.334758271037802156e-05,-9.252355397092493661e+00,-1.494836683494857512e+07
1.213610246148025379e-06,1.332727827587194624e-05,-9.285182760963042625e+00,-1.502242378350838833e+07
1.215800878361288857e-06,1.330690175043733266e-05,-9.318173114397346524e+00,-1.509717421004262567e+07
1.217991510574552548e-06,1.328645277535321367e-05,-9.351327985903363782e+00,-1.517262667493505962e+07
1.220182142787816026e-06,1.326593098852957906e-05,-9.384648922883892297e+00,-1.524878986875469051e+07
1.222372775001079716e-06,1.324533602446567105e-05,-9.418137491924211346e+00,-1.532567261451112665e+07
1.224563407214343195e-06,1.322466751420765806e-05,-9.451795279084716839e+00,-1.540328386995091662e+07
1.226754039427606885e-06,1.320392508530561389e-05,-9.485623890198652930e+00,-1.548163272989557870e+07
1.228944671640870364e-06,1.318310836176988538e-05,-9.519624951174984417e+00,-1.556072842862189375e+07
1.231135303854134054e-06,1.316221696402678241e-05,-9.553800108306553796e+00,-1.564058034228513017e+07
1.233325936067397533e-06,1.314125050887358183e-05,-9.588151028583544289e+00,-1.572119799138579890e+07
1.235516568280661223e-06,1.312020860943285032e-05,-9.622679400012430051e+00,-1.580259104328067228e+07
1.237707200493924702e-06,1.309909087510603382e-05,-9.657386931940493469e+00,-1.588476931473878585e+07
1.239897832707188181e-06,1.307789691152634044e-05,-9.692275355385989499e+00,-1.596774277454291470e+07
1.242088464920452083e-06,1.305662632051091019e-05,-9.727346423374024553e+00,-1.605152154613713548e+07
1.244279097133715561e-06,1.303527870001224786e-05,-9.762601911278295574e+00,-1.613611591032120772e+07
1.246469729346979040e-06,1.301385364406886294e-05,-9.798043617168804786e+00,-1.622153630799243599e+07
1.248660361560242518e-06,1.299235074275517788e-05,-9.833673362165615828e+00,-1.630779334293547645e+07
1.250850993773506421e-06,1.297076958213063319e-05,-9.869492990798786280e+00,-1.639489778466080688e+07
1.253041625986769899e-06,1.294910974418800830e-05,-9.905504371374561856e+00,-1.648286057129239850e+07
1.255232258200033378e-06,1.292737080680091568e-05,-9.941709396347983230e+00,-1.657169281250521727e+07
1.257422890413296856e-06,1.290555234367050723e-05,-9.978109982701923286e+00,-1.666140579251295887e+07
1.259613522626560759e-06,1.288365392427131496e-05,-1.001470807233273241e+01,-1.675201097310661525e+07
1.261804154839824237e-06,1.286167511379626843e-05,-1.005150563244263218e+01,-1.684351999674457684e+07
1.263994787053087716e-06,1.283961547310076344e-05,-1.008850465593898171e+01,-1.693594468969465420e+07
1.266185419266351194e-06,1.281747455864595996e-05,-1.012570716184037423e+01,-1.702929706522819027e+07
1.268376051479614885e-06,1.279525192244109918e-05,-1.016311519568985133e+01,-1.712358932686712593e+07
1.270566683692878575e-06,1.277294711198497527e-05,-1.020073082997527081e+01,-1.721883387168408185e+07
1.272757315906142054e-06,1.275055967020641258e-05,-1.023855616455694495e+01,-1.731504329365601763e+07
1.274947948119405532e-06,1.272808913540384014e-05,-1.027659332710275919e+01,-1.741223038707181066e+07
1.277138580332669223e-06,1.270553504118387995e-05,-1.031484447353074430e+01,-1.751040814999382570e+07
1.279329212545932913e-06,1.268289691639896816e-05,-1.035331178845932421e+01,-1.760958978777385131e+07
1.281519844759196392e-06,1.266017428508399870e-05,-1.039199748566528569e+01,-1.770978871662341058e+07
1.283710476972460082e-06,1.263736666639194196e-05,-1.043090380854963861e+01,-1.781101856723874435e+07
1.285901109185723561e-06,1.261447357452843183e-05,-1.047003303061149460e+01,-1.791329318848038837e+07
1.288091741398987251e-06,1.259149451868527705e-05,-1.050938745593014012e+01,-1.801662665110758692e+07
1.290282373612250729e-06,1.256842900297295433e-05,-1.054896941965519730e+01,-1.812103325156681240e+07
1.292473005825514420e-06,1.254527652635200377e-05,-1.058878128850526679e+01,-1.822652751583484188e+07
1.294663638038777898e-06,1.252203658256331975e-05,-1.062882546127496042e+01,-1.833312420331571996e+07
1.296854270252041377e-06,1.249870866005731527e-05,-1.066910436935058648e+01,-1.844083831079138443e+07
1.299044902465305067e-06,1.247529224192195463e-05,-1.070962047723454269e+01,-1.854968507642548904e+07
1.301235534678568758e-06,1.245178680580962738e-05,-1.075037628307853765e+01,-1.865967998381976411e+07
1.303426166891832236e-06,1.242819182386282287e-05,-1.079137431922575807e+01,-1.877083876612212509e+07
1.305616799105095715e-06,1.240450676263864776e-05,-1.083261715276204917e+01,-1.888317741018565744e+07
1.307807431318359405e-06,1.238073108303211874e-05,-1.087410738607628247e+01,-1.899671216077754647e+07
1.309998063531623096e-06,1.235686424019820496e-05,-1.091584765742996055e+01,-1.911145952483662590e+07
1.312188695744886574e-06,1.233290568347256442e-05,-1.095784064153637516e+01,-1.922743627577882633e+07
1.314379327958150053e-06,1.230885485629108768e-05,-1.100008905014903959e+01,-1.934465945784787461e+07
1.316569960171413955e-06,1.228471119610808971e-05,-1.104259563265978983e+01,-1.946314639051040262e+07
1.318760592384677434e-06,1.226047413431321092e-05,-1.108536317670652238e+01,-1.958291467289311439e+07
1.320951224597940912e-06,1.223614309614694930e-05,-1.112839450879073944e+01,-1.970398218826005608e+07
1.323141856811204391e-06,1.221171750061483227e-05,-1.117169249490493854e+01,-1.982636710852744430e+07
1.325332489024468081e-06,1.218719676040021806e-05,-1.121526004116993924e+01,-1.995008789881344140e+07
1.327523121237731772e-06,1.216258028177566213e-05,-1.125910009448218752e+01,-2.007516332201971486e+07
1.329713753450995250e-06,1.213786746451290302e-05,-1.130321564317111083e+01,-2.020161244344153255e+07
1.331904385664258729e-06,1.211305770179136244e-05,-1.134760971766661619e+01,-2.032945463540291786e+07
1.334095017877522419e-06,1.208815038010519529e-05,-1.139228539117676142e+01,-2.045870958191273361e+07
1.336285650090786109e-06,1.206314487916877261e-05,-1.143724578037571682e+01,-2.058939728333761543e+07
1.338476282304049588e-06,1.203804057182074833e-05,-1.148249404610188940e+01,-2.072153806108640134e+07
1.340666914517313067e-06,1.201283682392650989e-05,-1.152803339406635885e+01,-2.085515256230137125e+07
1.342857546730576757e-06,1.198753299427911773e-05,-1.157386707557153294e+01,-2.099026176455007493e+07
1.345048178943840447e-06,1.196212843449862184e-05,-1.161999838824014830e+01,-2.112688698051210493e+07
1.347238811157103926e-06,1.193662248892978768e-05,-1.166643067675449608e+01,-2.126504986265357956e+07
1.349429443370367616e-06,1.191101449453817703e-05,-1.171316733360592544e+01,-2.140477240788228810e+07
1.351620075583631095e-06,1.188530378080458908e-05,-1.176021179985441734e+01,-2.154607696217507124e+07
1.353810707796894574e-06,1.185948966961782437e-05,-1.180756756589829592e+01,-2.168898622516905889e+07
1.356001340010158264e-06,1.183357147516575636e-05,-1.185523817225394971e+01,-2.183352325470725447e+07
1.358191972223421954e-06,1.180754850382469701e-05,-1.190322721034548969e+01,-2.197971147132842988e+07
1.360382604436685433e-06,1.178142005404695494e-05,-1.195153832330410459e+01,-2.212757466268979013e+07
1.362573236649948911e-06,1.175518541624670443e-05,-1.200017520677709193e+01,-2.227713698791110143e+07
1.364763868863212602e-06,1.172884387268405211e-05,-1.204914160974628068e+01,-2.242842298182677105e+07
1.366954501076476292e-06,1.170239469734730267e-05,-1.209844133535556310e+01,-2.258145755913190171e+07
1.369145133289739771e-06,1.167583715583336975e-05,-1.214807824174752149e+01,-2.273626601840775460e+07
1.371335765503003249e-06,1.164917050522638082e-05,-1.219805624290868451e+01,-2.289287404600993171e+07
1.373526397716266940e-06,1.162239399397442375e-05,-1.224837930952312348e+01,-2.305130771980154887e+07
1.375717029929530630e-06,1.159550686176439429e-05,-1.229905146983398367e+01,-2.321159351271241903e+07
1.377907662142794109e-06,1.156850833939495128e-05,-1.235007681051264505e+01,-2.337375829610395804e+07
1.380098294356057587e-06,1.154139764864755932e-05,-1.240145947753503286e+01,-2.353782934291777015e+07
1.382288926569321066e-06,1.151417400215559333e-05,-1.245320367706478315e+01,-2.370383433058449998e+07
1.384479558782584968e-06,1.148683660327155090e-05,-1.250531367634193458e+01,-2.387180134366513416e+07
1.386670190995848447e-06,1.145938464593226735e-05,-1.255779380457755678e+01,-2.404175887620023638e+07
1.388860823209111925e-06,1.143181731452216901e-05,-1.261064845385315358e+01,-2.421373583373572305e+07
1.391051455422375616e-06,1.140413378373456142e-05,-1.266388208002387294e+01,-2.438776153499265760e+07
1.393242087635639306e-06,1.137633321843090836e-05,-1.271749920362515418e+01,-2.456386571314776689e+07
1.395432719848902785e-06,1.134841477349816947e-05,-1.277150441078171106e+01,-2.474207851668708026e+07
1.397623352062166263e-06,1.132037759370412536e-05,-1.282590235411784896e+01,-2.492243050979259983e+07
1.399813984275429953e-06,1.129222081355073412e-05,-1.288069775366794012e+01,-2.510495267221866921e+07
1.402004616488693644e-06,1.126394355712544493e-05,-1.293589539778606756e+01,-2.528967639861237258e+07
1.404195248701957122e-06,1.123554493795051591e-05,-1.299150014405372389e+01,-2.547663349722884223e+07
1.406385880915220601e-06,1.120702405883026195e-05,-1.304751692018449205e+01,-2.566585618798894435e+07
1.408576513128484291e-06,1.117838001169663378e-05,-1.310395072492217494e+01,-2.585737709981502593e+07
1.410767145341747770e-06,1.114961187745256265e-05,-1.316080662893324060e+01,-2.605122926719118655e+07
1.412957777555011460e-06,1.112071872581345333e-05,-1.321808977569118149e+01,-2.624744612587957829e+07
1.415148409768274939e-06,1.109169961514670189e-05,-1.327580538234967378e+01,-2.644606150771682709e+07
1.417339041981538629e-06,1.106255359230928389e-05,-1.333395874060381736e+01,-2.664710963441856205e+07
1.419529674194802108e-06,1.103327969248357229e-05,-1.339255521753653433e+01,-2.685062511030682176e+07
1.421720306408065798e-06,1.100387693901133933e-05,-1.345160025644764268e+01,-2.705664291387129202e+07
1.423910938621329489e-06,1.097434434322596608e-05,-1.351109937766283764e+01,-2.726519838806797192e+07
1.426101570834592967e-06,1.094468090428280882e-05,-1.357105817932009728e+01,-2.747632722925386578e+07
1.428292203047856446e-06,1.091488560898779011e-05,-1.363148233813065957e+01,-2.769006547464756668e+07
1.430482835261119924e-06,1.088495743162422286e-05,-1.369237761011201648e+01,-2.790644948819981888e+07
1.432673467474383827e-06,1.085489533377872307e-05,-1.375374983128494577e+01,-2.812551594472991675e+07
1.434864099687647305e-06,1.082469826416521838e-05,-1.381560491833472604e+01,-2.834730181220439449e+07
1.437054731900910784e-06,1.079436515844746587e-05,-1.387794886923376936e+01,-2.857184433201560378e+07
1.439245364114174262e-06,1.076389493906026718e-05,-1.394078776381617502e+01,-2.879918099708188698e+07
1.441435996327438164e-06,1.073328651502944848e-05,-1.400412776430293782e+01,-2.902934952761143446e+07
1.443626628540701643e-06,1.070253878179095639e-05,-1.406797511577123849e+01,-2.926238784434002265e+07
1.445817260753965122e-06,1.067165062100899820e-05,-1.413233614656177473e+01,-2.949833403904255852e+07
1.448007892967228600e-06,1.064062090039341317e-05,-1.419721726861781619e+01,-2.973722634210368991e+07
1.450198525180492502e-06,1.060944847351621363e-05,-1.426262497774997584e+01,-2.997910308691889793e+07
1.452389157393755981e-06,1.057813217962740105e-05,-1.432856585382040038e+01,-3.022400267088172957e+07
1.454579789607019460e-06,1.054667084347004185e-05,-1.439504656084030998e+01,-3.047196351269596815e+07
1.456770421820282938e-06,1.051506327509673561e-05,-1.446207384696372422e+01,-3.072302400569121540e+07
1.458961054033546629e-06,1.048330826968578360e-05,-1.452965454437284798e+01,-3.097722246684752777e+07
1.461151686246810319e-06,1.045140460735685063e-05,-1.459779556905611209e+01,-3.123459708123767376e+07
1.463342318460073798e-06,1.041935105298769593e-05,-1.466650392045164786e+01,-3.149518584146057814e+07
1.465532950673337488e-06,1.038714635603158169e-05,-1.473578668095522026e+01,-3.175902648171830550e+07
1.467723582886600967e-06,1.035478925033635521e-05,-1.480565101527726846e+01,-3.202615640610553697e+07
1.469914215099864657e-06,1.032227845396532864e-05,-1.487610416963504179e+01,-3.229661261065654457e+07
1.472104847313128135e-06,1.028961266902012193e-05,-1.494715347076565948e+01,-3.257043159866199270e+07
1.474295479526391826e-06,1.025679058146554733e-05,-1.501880632474611055e+01,-3.284764928873550519e+07
1.476486111739655304e-06,1.022381086095674517e-05,-1.509107021560591555e+01,-3.312830091507229209e+07
1.478676743952918995e-06,1.019067216066866255e-05,-1.516395270371850401e+01,-3.341242091930506006e+07
1.480867376166182473e-06,1.015737311713190351e-05,-1.523746142393624581e+01,-3.370004283323190361e+07
1.483058008379446164e-06,1.012391235007399836e-05,-1.531160408344443269e+01,-3.399119915168268979e+07
1.485248640592709642e-06,1.009028846226158797e-05,-1.538638845935693844e+01,-3.428592119494577497e+07
1.487439272805973121e-06,1.005650003935044804e-05,-1.546182239597631636e+01,-3.458423895969887823e+07
1.489629905019237023e-06,1.002254564974076172e-05,-1.553791380172172687e+01,-3.488618095766966045e+07
1.491820537232500502e-06,9.988423844440625312e-06,-1.561467064568859442e+01,-3.519177404102286696e+07
1.494011169445763980e-06,9.954133156938034472e-06,-1.569210095380764614e+01,-3.550104321341426671e+07
1.496201801659027459e-06,9.919672103081847309e-06,-1.577021280457080898e+01,-3.581401142557658255e+07
1.498392433872291361e-06,9.885039180971920804e-06,-1.584901432429158596e+01,-3.613069935422159731e+07
1.500583066085554840e-06,9.850232870858883106e-06,-1.592851368186742000e+01,-3.645112516295620799e+07
1.502773698298818318e-06,9.815251635053799155e-06,-1.600871908301171231e+01,-3.677530424381732196e+07
1.504964330512081797e-06,9.780093917855068355e-06,-1.608963876388464342e+01,-3.710324893775723875e+07
1.507154962725345699e-06,9.744758145496863985e-06,-1.617128098403312109e+01,-3.743496823219764233e+07
1.509345594938609178e-06,9.709242726100112010e-06,-1.625365401873513349e+01,-3.777046743449917436e+07
1.511536227151872656e-06,9.673546049648511583e-06,-1.633676615054184822e+01,-3.810974781868877262e+07
1.513726859365136135e-06,9.637666487980296796e-06,-1.642062566003383139e+01,-3.845280624365343899e+07
1.515917491578399825e-06,9.601602394803835649e-06,-1.650524081570656776e+01,-3.879963474040061235e+07
1.518108123791663515e-06,9.565352105737918314e-06,-1.659061986290901913e+01,-3.915022006584273279e+07
1.520298756004926994e-06,9.528913938377615649e-06,-1.667677101175916121e+01,-3.950454322037818283e+07
1.522489388218190473e-06,9.492286192386382168e-06,-1.676370242396065535e+01,-3.986257892634160817e+07
1.524680020431454163e-06,9.455467149615333529e-06,-1.685142219844450651e+01,-4.022429506417976320e+07
1.526870652644717853e-06,9.418455074250403259e-06,-1.693993835575984619e+01,-4.058965206297794729e+07
1.529061284857981332e-06,9.381248213000399318e-06,-1.702925882106799094e+01,-4.095860224137448519e+07
1.531251917071245022e-06,9.343844795347819025e-06,-1.711939140546495963e+01,-4.133108909395220876e+07
1.533442549284508501e-06,9.306243033804608960e-06,-1.721034378592686664e+01,-4.170704652067562938e+07
1.535633181497772191e-06,9.268441124233764739e-06,-1.730212348335894745e+01,-4.208639799265972525e+07
1.537823813711035670e-06,9.230437246210934467e-06,-1.739473783878496604e+01,-4.246905564986965805e+07
1.540014445924299360e-06,9.192229563446710394e-06,-1.748819398747994569e+01,-4.285491932486119121e+07
1.542205078137562839e-06,9.153816224272193946e-06,-1.758249883086012133e+01,-4.324387548624087125e+07
1.544395710350826317e-06,9.115195362189587467e-06,-1.767765900594743655e+01,-4.363579609506484866e+07
1.546586342564090008e-06,9.076365096489537242e-06,-1.777368085222578031e+01,-4.403053736688113213e+07
1.548776974777353698e-06,9.037323532937079415e-06,-1.787057037570603768e+01,-4.442793843156610429e+07
1.550967606990617177e-06,8.998068764527840507e-06,-1.796833321001738071e+01,-4.482781988250909746e+07
1.553158239203880655e-06,8.958598872337474245e-06,-1.806697457421536157e+01,-4.522998220540410280e+07
1.555348871417144346e-06,8.918911926537511565e-06,-1.816649922651886939e+01,-4.563420407358123362e+07
1.557539503630408036e-06,8.879005987420827823e-06,-1.826691141478655567e+01,-4.604024050434610993e+07
1.559730135843671515e-06,8.838879106588137750e-06,-1.836821482247836457e+01,-4.644782085926499218e+07
1.561920768056934993e-06,8.798529328231968652e-06,-1.847041251013513730e+01,-4.685664667691697925e+07
1.564111400270198895e-06,8.757954690568993121e-06,-1.857350685192006878e+01,-4.726638932328746468e+07
1.566302032483462374e-06,8.717153227428857864e-06,-1.867749946675106898e+01,-4.767668744355996698e+07
1.568492664696725853e-06,8.676122970003205098e-06,-1.878239114357095474e+01,-4.808714419790150225e+07
1.570683296909989331e-06,8.634861948758811649e-06,-1.888818176030197549e+01,-4.849732426249298453e+07
1.572873929123253022e-06,8.593368195518562568e-06,-1.899487019603150983e+01,-4.890675057560851425e+07
1.575064561336516712e-06,8.551639745714096280e-06,-1.910245423597563175e+01,-4.931490080698512495e+07
1.577255193549780191e-06,8.509674640849867479e-06,-1.921093046854230835e+01,-4.972120352582572401e+07
1.579445825763043669e-06,8.467470931394848155e-06,-1.932029417229884061e+01,-5.012503403221776336e+07
1.581636457976307359e-06,8.425026679699097499e-06,-1.943053919493577908e+01,-5.052570983821179718e+07
1.583827090189571050e-06,8.382339963292862066e-06,-1.954165782130301210e+01,-5.092248575538018346e+07
1.586017722402834528e-06,8.339408878424203796e-06,-1.965364063034577313e+01,-5.131454855745731294e+07
1.588208354616098007e-06,8.296231543957055798e-06,-1.976647633988624264e+01,-5.170101118028758466e+07
1.590398986829361697e-06,8.252806105657031188e-06,-1.988015163801627594e+01,-5.208090641651910543e+07
1.592589619042625388e-06,8.209130740872945393e-06,-1.999465099995004636e+01,-5.245318005968168378e+07
1.594780251255888866e-06,8.165203663621964890e-06,-2.010995648918530776e+01,-5.281668344885161519e+07
1.596970883469152345e-06,8.121023130086358068e-06,-2.022604754182204090e+01,-5.317016536143076420e+07
1.599161515682416035e-06,8.076587444529803519e-06,-2.034290073288702416e+01,-5.351226319763629138e+07
1.601352147895679514e-06,8.031894965699619114e-06,-2.046048952313067204e+01,-5.384149339398659766e+07
1.603542780108943204e-06,7.986944114321033392e-06,-2.057878398030142009e+01,-5.415624097217074037e+07
1.605733412322206895e-06,7.941733380683825880e-06,-2.069775048000055762e+01,-5.445474818703755736e+07
1.607924044535470373e-06,7.896261333119907174e-06,-2.081735137966256488e+01,-5.473510216873446852e+07
1.610114676748733852e-06,7.850526627085936337e-06,-2.093754466435881767e+01,-5.499522147291404009e+07
1.612305308961997542e-06,7.804528015126235933e-06,-2.105828356199652873e+01,-5.523284144570116699e+07
1.614495941175261233e-06,7.758264357812693482e-06,-2.117951612463292577e+01,-5.544549829528693855e+07
1.616686573388524711e-06,7.711734635677156851e-06,-2.130118477300029056e+01,-5.563051175676396489e+07
1.618877205601788190e-06,7.664937962151976706e-06,-2.142322580133711440e+01,-5.578496622951707989e+07
1.621067837815051880e-06,7.617873597534255218e-06,-2.154556883962099789e+01,-5.590569025896903872e+07
1.623258470028315570e-06,7.570540963989404176e-06,-2.166813627029874212e+01,-5.598923422680836916e+07
1.625449102241579049e-06,7.522939661694337668e-06,-2.179084259602804963e+01,-5.603184610297541320e+07
1.627639734454842528e-06,7.475069487752203133e-06,-2.191359374278451710e+01,-5.602944503597386926e+07
1.629830366668106006e-06,7.426930455525688164e-06,-2.203628630980982095e+01,-5.597759269540071487e+07
1.632020998881369908e-06,7.378522815947003189e-06,-2.215880675368389774e+01,-5.587146215021479130e+07
1.634211631094633387e-06,7.329847080464648607e-06,-2.228103050115858252e+01,-5.570580408210222423e+07
1.636402263307896866e-06,7.280904046129358548e-06,-2.240282098515008613e+01,-5.547491014405342937e+07
1.638592895521160556e-06,7.231694823162294165e-06,-2.252402859568422500e+01,-5.517257324607893825e+07
1.640783527734424246e-06,7.182220865031496300e-06,-2.264448953932326702e+01,-5.479204455502729118e+07
1.642974159947687725e-06,7.132484001062856397e-06,-2.276402460060263166e+01,-5.432598699503651261e+07
1.645164792160951204e-06,7.082486471611657000e-06,-2.288243779900620822e+01,-5.376642503800271451e+07
1.647355424374214894e-06,7.032230965820936470e-06,-2.299951493500853417e+01,-5.310469058045738935e+07
1.649546056587478584e-06,6.981720662083615060e-06,-2.311502201805386392e+01,-5.233136471260807663e+07
1.651736688800742063e-06,6.930959275228196582e-06,-2.322870354162676065e+01,-5.143621509383014590e+07
1.653927321014005541e-06,6.879951105691185839e-06,-2.334028062845554885e+01,-5.040812891841335595e+07
1.656117953227269232e-06,6.828701092309417416e-06,-2.344944902600219194e+01,-4.923504130333174020e+07
1.658308585440532710e-06,6.777214869952573818e-06,-2.355587694214442962e+01,-4.790385907747919858e+07
1.660499217653796401e-06,6.725498832057308790e-06,-2.365920270719831109e+01,-4.640037994845672697e+07
1.662689849867059879e-06,6.673560199136557042e-06,-2.375903224841205130e+01,-4.470920716605033726e+07
1.664880482080323570e-06,6.621407093295244385e-06,-2.385493637154522517e+01,-4.281365996963261813e+07
1.667071114293587048e-06,6.569048618783736808e-06,-2.394644784414686001e+01,-4.069568026228738576e+07
1.669261746506850739e-06,6.516494948620234883e-06,-2.403305827514640569e+01,-3.833573614570044726e+07
1.671452378720114429e-06,6.463757417313425760e-06,-2.411421478537132401e+01,-3.571272318316893280e+07
1.673643010933377908e-06,6.410848619750952269e-06,-2.418931646331912333e+01,-3.280386454008812830e+07
1.675833643146641386e-06,6.357782523392873950e-06,-2.425771057389309604e+01,-2.958461174544719979e+07
1.678024275359905077e-06,6.304574588999288278e-06,-2.431868857576786880e+01,-2.602854847831374034e+07
1.680214907573168767e-06,6.251241893123315076e-06,-2.437148191272840592e+01,-2.210729900637814030e+07
1.682405539786432246e-06,6.197803265403613386e-06,-2.441525765727925545e+01,-1.779044629227451235e+07
1.684596171999695724e-06,6.144279434712806518e-06,-2.444911396400206627e+01,-1.304546286492567323e+07
1.686786804212959203e-06,6.090693185471906757e-06,-2.447207536762382674e+01,-7.837659759880726226e+06
1.688977436426223105e-06,6.037069524183006723e-06,-2.448308800190669388e+01,-2.130160233587187715e+06
1.691168068639486583e-06,5.983435856232525590e-06,-2.448101481547039526e+01,4.116093862135549076e+06
1.693358700852750062e-06,5.929822173017167059e-06,-2.446463086065815418e+01,1.094229383637845144e+07
1.695549333066013541e-06,5.876261249444946727e-06,-2.443261873155707065e+01,1.839166337219656631e+07
1.697739965279277443e-06,5.822788851863466946e-06,-2.438356422728389461e+01,2.650929292116319016e+07
1.699930597492540921e-06,5.769443954894931994e-06,-2.431595249072984544e+01,3.534189343514750898e+07
1.702121229705804400e-06,5.716268964150662048e-06,-2.422816494739217674e+01,4.493745118205558509e+07
1.704311861919067879e-06,5.663309946823585305e-06,-2.411847688332002448e+01,5.534476878950907290e+07
1.706502494132331781e-06,5.610616866331058695e-06,-2.398505631605824107e+01,6.661286715386022627e+07
1.708693126345595259e-06,5.558243816443469300e-06,-2.382596430903190310e+01,7.879022788728047907e+07
1.710883758558858738e-06,5.506249252578019779e-06,-2.363915715516750637e+01,9.192385171049693227e+07
1.713074390772122428e-06,5.454696218988157205e-06,-2.342249083925190689e+01,1.060581082164356560e+08
1.715265022985385907e-06,5.403652561258635372e-06,-2.317372826173786393e+01,1.212333548580838144e+08
1.717455655198649597e-06,5.353191116853897526e-06,-2.289054978099426663e+01,1.374843049290477633e+08
1.719646287411913076e-06,5.303389883032165815e-06,-2.257056760173335164e+01,1.548381282746332884e+08
1.721836919625176766e-06,5.254332145536896769e-06,-2.221134462849052227e+01,1.733122792242126167e+08
1.724027551838440245e-06,5.206106561228893278e-06,-2.181041837317215126e+01,1.929120560087427795e+08
1.726218184051703935e-06,5.158807183508874486e-06,-2.136533049449050736e+01,2.136279124088197351e+08
1.728408816264967414e-06,5.112533414057211197e-06,-2.087366244320334374e+01,2.354325651285421550e+08
1.730599448478231104e-06,5.067389871489174408e-06,-2.033307762820317777e+01,2.582779631641661525e+08
1.732790080691494583e-06,5.023486159203716224e-06,-1.974137027223914842e+01,2.820922192646036148e+08
1.734980712904758273e-06,4.980936519099153727e-06,-1.909652090194141394e+01,3.067766364147399068e+08
1.737171345118021752e-06,4.939859357512663913e-06,-1.839675815225739797e+01,3.322029983871375322e+08
1.739361977331285442e-06,4.900376628293012461e-06,-1.764062594709855247e+01,3.582113328027219176e+08
1.741552609544548921e-06,4.862613064724159590e-06,-1.682705491040964674e+01,3.846083815387917161e+08
1.743743241757812399e-06,4.826695250747824442e-06,-1.595543611148864827e+01,4.111670390839951038e+08
1.745933873971076301e-06,4.792750535177078922e-06,-1.502569469757965948e+01,4.376270204488046765e+08
1.748124506184339780e-06,4.760905780566915576e-06,-1.403836051801081553e+01,4.636970120526757240e+08
1.750315138397603259e-06,4.731285963673721460e-06,-1.299463228367561207e+01,4.890585072190744281e+08
1.752505770610866737e-06,4.704012655778290337e-06,-1.189643119694466655e+01,5.133714507900736332e+08
1.754696402824130639e-06,4.679202389359520708e-06,-1.074644032674982341e+01,5.362817236147181988e+08
1.756887035037394118e-06,4.656964964542993872e-06,-9.548125669437421692e+00,5.574303431481530666e+08
1.759077667250657596e-06,4.637401729132147813e-06,-8.305735306254963035e+00,5.764641154105973244e+08
1.761268299463921075e-06,4.620603889090659937e-06,-7.024274118238849063e+00,5.930473005485550165e+08
1.763458931677184977e-06,4.606650902446505229e-06,-5.709452302749806307e+00,6.068737131163018942e+08
1.765649563890448456e-06,4.595609014351771485e-06,-4.367607545462872665e+00,6.176785608595612049e+08
1.767840196103711934e-06,4.587529990065395459e-06,-3.005602299112419828e+00,6.252492655441696644e+08
1.770030828316975413e-06,4.582450100341286092e-06,-1.630698950564462457e+00,6.294345168110780716e+08
1.772221460530239103e-06,4.580389395997670112e-06,-2.504179984150265992e-01,6.301509012528866529e+08
1.774412092743502794e-06,4.581351310614035008e-06,1.127615378888227271e+00,6.273865990705344677e+08
1.776602724956766272e-06,4.585322601851634129e-06,2.495829260213074718e+00,6.212018666742855310e+08
1.778793357170029963e-06,4.592273642666215927e-06,3.846860435588178362e+00,6.117262631585841179e+08
1.780983989383293441e-06,4.602159038016315994e-06,5.173700374632952403e+00,5.991528483397924900e+08
1.783174621596557132e-06,4.614918549370794508e-06,6.469825560899129080e+00,5.837297927649028301e+08
1.785365253809820610e-06,4.630478280507610702e-06,7.729307203863319486e+00,5.657500279279422760e+08
1.787555886023084301e-06,4.648752079828380207e-06,8.946896715323346072e+00,5.455396635078755617e+08
1.789746518236347779e-06,4.669643099463359953e-06,1.011808524842968104e+01,5.234459328057059646e+08
1.791937150449611470e-06,4.693045457147641063e-06,1.123913689802941462e+01,4.998253810744733214e+08
1.794127782662874948e-06,4.718845943334243370e-06,1.230709693993815002e+01,4.750329116827603579e+08
1.796318414876138639e-06,4.746925719578030574e-06,1.331977735757215697e+01,4.494121667972579598e+08
1.798509047089402117e-06,4.777161965254075756e-06,1.427572317434622740e+01,4.232875539355994463e+08
1.800699679302665596e-06,4.809429431070214579e-06,1.517416319595501761e+01,3.969580788247017264e+08
1.802890311515929286e-06,4.843601873457728987e-06,1.601494929448009330e+01,3.706929959600299597e+08
1.805080943729192976e-06,4.879553344415040211e-06,1.679848803932281598e+01,3.447291794583999515e+08
1.807271575942456455e-06,4.917159328128171295e-06,1.752566830989019309e+01,3.192700268449671865e+08
1.809462208155719934e-06,4.956297717615196180e-06,1.819778796832680001e+01,2.944856603473011255e+08
1.811652840368983836e-06,4.996849630820219267e-06,1.881648216008002095e+01,2.705141662915447950e+08
1.813843472582247314e-06,5.038700074959273056e-06,1.938365521836902872e+01,2.474636116101450920e+08
1.816034104795510793e-06,5.081738466015403687e-06,1.990141761026559308e+01,2.254145962466530502e+08
1.818224737008774272e-06,5.125859015504203564e-06,2.037202891987928766e+01,2.044231268220909834e+08
1.820415369222038174e-06,5.170961001923796586e-06,2.079784720759358052e+01,1.845236333212729394e+08
1.822606001435301652e-06,5.216948936636727833e-06,2.118128509175384977e+01,1.657319854362468719e+08
1.824796633648565131e-06,5.263732640844679810e-06,2.152477229468302511e+01,1.480484017277137935e+08
1.826987265861828610e-06,5.311227248180426299e-06,2.183072438195770459e+01,1.314601747713070661e+08
1.829177898075092300e-06,5.359353144732524423e-06,2.210151722391934115e+01,1.159441638367311358e+08
1.831368530288355990e-06,5.408035858561788661e-06,2.233946663176118363e+01,1.014690282550996393e+08
1.833559162501619469e-06,5.457205910447619300e-06,2.254681259699694706e+01,8.799719158358258009e+07
1.835749794714882947e-06,5.506798633664958095e-06,2.272570753949733202e+01,7.548654047709043324e+07
1.837940426928146638e-06,5.556753973319071068e-06,2.287820799591741761e+01,6.389187025863904506e+07
1.840131059141410328e-06,5.607016269200941093e-06,2.300626921614646747e+01,5.316609629567389935e+07
1.842321691354673807e-06,5.657534030454841054e-06,2.311174217570123446e+01,4.326125261499298364e+07
1.844512323567937285e-06,5.708259706138121634e-06,2.319637256285693994e+01,3.412930143046361953e+07
1.846702955781200976e-06,5.759149454105798315e-06,2.326180135617940437e+01,2.572277735064357519e+07
1.848893587994464666e-06,5.810162913321216401e-06,2.330956665575386211e+01,1.799528865017946064e+07
1.851084220207728145e-06,5.861262983318193198e-06,2.334110645809744966e+01,1.090189701255145110e+07
1.853274852420991835e-06,5.912415606405899454e-06,2.335776217679329037e+01,4.399395398425743915e+06
1.855465484634255314e-06,5.963589561270831687e-06,2.336078265126733911e+01,-1.553498980376489693e+06
1.857656116847518792e-06,6.014756265102331379e-06,2.335132851361784390e+01,-6.996021219113724306e+06
1.859846749060782483e-06,6.065889585393508253e-06,2.333047675333105886e+01,-1.196529135014481843e+07
1.862037381274046173e-06,6.116965661336585374e-06,2.329922538266185938e+01,-1.649629179910211451e+07
1.864228013487309652e-06,6.167962735612842834e-06,2.325849811803003320e+01,-2.062188012508917972e+07
1.866418645700573130e-06,6.218860997397907861e-06,2.320914899268209908e+01,-2.437282880276562646e+07
1.868609277913836821e-06,6.269642435876872180e-06,2.315196684109263003e+01,-2.777788515363511816e+07
1.870799910127100511e-06,6.320290699376816694e-06,2.308767969331822556e+01,-3.086384642702522501e+07
1.872990542340363989e-06,6.370790968999776186e-06,2.301695892622311845e+01,-3.365564480244718492e+07
1.875181174553627468e-06,6.421129838335250824e-06,2.294042325763144063e+01,-3.617643921877191216e+07
1.877371806766891158e-06,6.471295201577166603e-06,2.285864253412744063e+01,-3.844771092700026929e+07
1.879562438980154849e-06,6.521276150554502307e-06,2.277214129701497924e+01,-4.048936042700506002e+07
1.881753071193418327e-06,6.571062879778490393e-06,2.268140213355680856e+01,-4.231980406672190875e+07
1.883943703406681806e-06,6.620646598621841221e-06,2.258686882043089383e+01,-4.395606897462033480e+07
1.886134335619945496e-06,6.670019449745556938e-06,2.248894926634051217e+01,-4.541388532133096457e+07
1.888324967833209187e-06,6.719174432888847129e-06,2.238801826071527401e+01,-4.670777517314635962e+07
1.890515600046472665e-06,6.768105333137648166e-06,2.228442003543998240e+01,-4.785113741769483685e+07
1.892706232259736144e-06,6.816806655600519892e-06,2.217847063660132179e+01,-4.885632843458458036e+07
1.894896864472999834e-06,6.865273573341510028e-06,2.207046009564431088e+01,-4.973473840420845896e+07
1.897087496686263525e-06,6.913501867077789028e-06,2.196065448891923566e+01,-5.049686308450591564e+07
1.899278128899527003e-06,6.961487875790476905e-06,2.184929781819418437e+01,-5.115237116065338254e+07
1.901468761112790482e-06,7.009228450090968189e-06,2.173661375452181943e+01,-5.171016722519659251e+07
1.903659393326054172e-06,7.056720909543938364e-06,2.162280724682605992e+01,-5.217845050048789382e+07
1.905850025539317863e-06,7.103963003646615450e-06,2.150806600453583073e+01,-5.256476946528592706e+07
1.908040657752581341e-06,7.150952875928582804e-06,2.139256186452792718e+01,-5.287607257586139441e+07
1.910231289965844820e-06,7.197689030636550284e-06,2.127645205264056827e+01,-5.311875529189892113e+07
1.912421922179108298e-06,7.244170301468319199e-06,2.115988035001970502e+01,-5.329870362998036295e+07
1.914612554392371777e-06,7.290395821847625541e-06,2.104297817438193619e+01,-5.342133447309489548e+07
1.916803186605635679e-06,7.336365000479381535e-06,2.092586555724921737e+01,-5.349163270965821296e+07
1.918993818818899158e-06,7.382077498787719804e-06,2.080865204207055541e+01,-5.351418548335769027e+07
1.921184451032162636e-06,7.427533206955975785e-06,2.069143753367330163e+01,-5.349321389928508550e+07
1.923375083245426538e-06,7.472732224133412394e-06,2.057431306413084826e+01,-5.343260215376927704e+07
1.925565715458690017e-06,7.517674839654271893e-06,2.045736150178204937e+01,-5.333592438529402018e+07
1.927756347671953496e-06,7.562361515952397975e-06,2.034065820286170378e+01,-5.320646938868896663e+07
1.929946979885216974e-06,7.606792872944178454e-06,2.022427161044592481e+01,-5.304726335282364488e+07
1.932137612098480876e-06,7.650969673652497952e-06,2.010826380541674041e+01,-5.286109077550648153e+07
1.934328244311744355e-06,7.694892810844453494e-06,1.999269101414977712e+01,-5.265051370227582753e+07
1.936518876525007834e-06,7.738563294455538504e-06,1.987760407762926818e+01,-5.241788942847297341e+07
1.938709508738271312e-06,7.781982239573115027e-06,1.976304888669402260e+01,-5.216538679655601829e+07
1.940900140951535214e-06,7.825150856526271400e-06,1.964906677574673921e+01,-5.189500114189196378e+07
1.943090773164798693e-06,7.868070442540382701e-06,1.953569487869960142e+01,-5.160856799277132004e+07
1.945281405378062171e-06,7.910742371525349303e-06,1.942296647451096803e+01,-5.130777576853986830e+07
1.947472037591325650e-06,7.953168086351478013e-06,1.931091129382525651e+01,-5.099417738799600303e+07
1.949662669804589552e-06,7.995349091334219522e-06,1.919955580421879660e+01,-5.066920095895928890e+07
1.951853302017853031e-06,8.037286945397768872e-06,1.908892347271150314e+01,-5.033415960680260509e+07
1.954043934231116509e-06,8.078983255831556802e-06,1.897903500735671400e+01,-4.999026051163385063e+07
1.956234566444380411e-06,8.120439672553519218e-06,1.886990857972176627e+01,-4.963861321937290579e+07
1.958425198657643890e-06,8.161657882794216666e-06,1.876156003007161743e+01,-4.928023728773614764e+07
1.960615830870907369e-06,8.202639606115635167e-06,1.865400305706823403e+01,-4.891606932411901653e+07
1.962806463084170847e-06,8.243386589678735211e-06,1.854724939379804027e+01,-4.854696946855419129e+07
1.964997095297434749e-06,8.283900604155675838e-06,1.844130896873401682e+01,-4.817372735344418138e+07
1.967187727510698228e-06,8.324183440559175499e-06,1.833619004997392921e+01,-4.779706756603212655e+07
1.969378359723961707e-06,8.364236906176132183e-06,1.823189938587046655e+01,-4.741765472040282190e+07
1.971568991937225185e-06,8.404062821528028750e-06,1.812844233025381868e+01,-4.703609810354682058e+07
1.973759624150489087e-06,8.443663017423168486e-06,1.802582295895163611e+01,-4.665295596059906483e+07
1.975950256363752566e-06,8.483039332281096232e-06,1.792404417724109678e+01,-4.626873944291850179e+07
1.978140888577016045e-06,8.522193609699958716e-06,1.782310781890194917e+01,-4.588391624597771466e+07
1.980331520790279523e-06,8.561127696233712230e-06,1.772301473756260748e+01,-4.549891396229238808e+07
1.982522153003543425e-06,8.599843439346207717e-06,1.762376489103091615e+01,-4.511412317287693918e+07
1.984712785216806904e-06,8.638342685509135932e-06,1.752535741930154956e+01,-4.472990029908660799e+07
1.986903417430070382e-06,8.676627278410852615e-06,1.742779071693175652e+01,-4.434657023518516123e+07
1.989094049643333861e-06,8.714699057371224090e-06,1.733106249968075474e+01,-4.396442877637659013e+07
1.991284681856597340e-06,8.752559856185708505e-06,1.723516986415656049e+01,-4.358374484956326336e+07
1.993475314069861242e-06,8.790211501616032908e-06,1.714010934566263344e+01,-4.320476258706681430e+07
1.995665946283124720e-06,8.827655812265431748e-06,1.704587697011632130e+01,-4.282770323338554800e+07
1.997856578496388199e-06,8.864894597510143611e-06,1.695246830223536705e+01,-4.245276690731463581e+07
2.000047210709651678e-06,8.901929656539202813e-06,1.685987849002302141e+01,-4.208013422957611084e+07
2.002237842922915580e-06,8.938762777494907634e-06,1.676810230579211236e+01,-4.170996782628969848e+07
2.004428475136179058e-06,8.975395736700885312e-06,1.667713418399939229e+01,-4.134241371805232018e+07
2.006619107349442537e-06,9.011830297964663750e-06,1.658696825616131321e+01,-4.097760260371897370e+07
2.008809739562706015e-06,9.048068211941666663e-06,1.649759838312262872e+01,-4.061565104735220224e+07
2.011000371775969918e-06,9.084111215547581078e-06,1.640901818494899089e+01,-4.025666257622266561e+07
2.013191003989232973e-06,9.119961031439842737e-06,1.632122106851924315e+01,-3.990072869624317437e+07
2.015381636202496875e-06,9.155619367684059265e-06,1.623420025222752727e+01,-3.954792982744368911e+07
2.017572268415760777e-06,9.191087917292170545e-06,1.614794878971046188e+01,-3.919833617399075627e+07
2.019762900629023832e-06,9.226368357896444370e-06,1.606245959128041179e+01,-3.885200852694327384e+07
2.021953532842287734e-06,9.261462351456697806e-06,1.597772544371027337e+01,-3.850899900720144808e+07
2.024144165055551213e-06,9.296371544009721138e-06,1.589373902847020759e+01,-3.816935175312039256e+07
2.026334797268814691e-06,9.331097565460152202e-06,1.581049293850283810e+01,-3.783310355684414506e+07
2.028525429482078593e-06,9.365642029407295424e-06,1.572797969364752113e+01,-3.750028445325087011e+07
2.030716061695342072e-06,9.400006533002683062e-06,1.564619175482335933e+01,-3.717091826513326913e+07
2.032906693908605551e-06,9.434192656832952574e-06,1.556512153708129098e+01,-3.684502310799633712e+07
2.035097326121869453e-06,9.468201964822652974e-06,1.548476142163544900e+01,-3.652261185762727261e+07
2.037287958335132508e-06,9.502036004160536024e-06,1.540510376693644901e+01,-3.620369258316374570e+07
2.039478590548396410e-06,9.535696305301797487e-06,1.532614091854663485e+01,-3.588826894681121409e+07
2.041669222761659889e-06,9.569184381925998221e-06,1.524786521849977916e+01,-3.557634057541245967e+07
2.043859854974923367e-06,9.602501730939293570e-06,1.517026901376234171e+01,-3.526790340403130651e+07
2.046050487188187269e-06,9.635649832494335251e-06,1.509334466395763208e+01,-3.496294999405312538e+07
2.048241119401450748e-06,9.668630150025607874e-06,1.501708454843237917e+01,-3.466146982780537754e+07
2.050431751614714226e-06,9.701444130300914995e-06,1.494148107269786507e+01,-3.436344958135032654e+07
2.052622383827977705e-06,9.734093203486680269e-06,1.486652667429188490e+01,-3.406887337705224007e+07
2.054813016041241184e-06,9.766578783225013900e-06,1.479221382810735186e+01,-3.377772301741465181e+07
2.057003648254505086e-06,9.798902266720104919e-06,1.471853505123413086e+01,-3.348997820158854127e+07
2.059194280467768564e-06,9.831065034831864061e-06,1.464548290735985248e+01,-3.320561672585682571e+07
2.061384912681032043e-06,9.863068452176705444e-06,1.457305001076517392e+01,-3.292461466927219182e+07
2.063575544894295945e-06,9.894913867257754163e-06,1.450122902982274908e+01,-3.264694656501106545e+07
2.065766177107559424e-06,9.926602612580196936e-06,1.443001269023585920e+01,-3.237258555932967365e+07
2.067956809320822902e-06,9.958136004778352288e-06,1.435939377792512950e+01,-3.210150355854412168e+07
2.070147441534086381e-06,9.989515344751072158e-06,1.428936514158737303e+01,-3.183367136488836631e+07
2.072338073747350283e-06,1.002074191780167513e-05,1.421991969497602959e+01,-3.156905880216094106e+07
2.074528705960613762e-06,1.005181699378306350e-05,1.415105041891559523e+01,-3.130763483185784891e+07
2.076719338173877240e-06,1.008274182724729407e-05,1.408275036306957873e+01,-3.104936766047323123e+07
2.078909970387140719e-06,1.011351765759856242e-05,1.401501264748188902e+01,-3.079422483860681206e+07
2.081100602600404197e-06,1.014414570924861317e-05,1.394783046391160219e+01,-3.054217335247644410e+07
2.083291234813668100e-06,1.017462719177379172e-05,1.388119707698063010e+01,-3.029317970839472488e+07
2.085481867026931578e-06,1.020496330007307860e-05,1.381510582515220342e+01,-3.004721001072622463e+07
2.087672499240195057e-06,1.023515521453639486e-05,1.374955012150763523e+01,-2.980423003360993043e+07
2.089863131453458959e-06,1.026520410120754249e-05,1.368452345439972007e+01,-2.956420528714318946e+07
2.092053763666722437e-06,1.029511111194799343e-05,1.362001938797287970e+01,-2.932710107834322751e+07
2.094244395879985916e-06,1.032487738460387704e-05,1.355603156254185038e+01,-2.909288256718405336e+07
2.096435028093249818e-06,1.035450404317305230e-05,1.349255369485709899e+01,-2.886151481812887266e+07
2.098625660306512873e-06,1.038399219797284740e-05,1.342957957826162918e+01,-2.863296284746100381e+07
2.100816292519776775e-06,1.041334294580823644e-05,1.336710308274752634e+01,-2.840719166671165451e+07
2.103006924733040254e-06,1.044255737013989927e-05,1.330511815492117478e+01,-2.818416632246592268e+07
2.105197556946303733e-06,1.047163654125190011e-05,1.324361881788548168e+01,-2.796385193280858546e+07
2.107388189159567635e-06,1.050058151641855981e-05,1.318259917104786183e+01,-2.774621372065663710e+07
2.109578821372830690e-06,1.052939334007016262e-05,1.312205338986228398e+01,-2.753121704420832172e+07
2.111769453586094592e-06,1.055807304396114641e-05,1.306197572549465136e+01,-2.731882742465403304e+07
2.113960085799358494e-06,1.058662164733570442e-05,1.300236050443571223e+01,-2.710901057141149044e+07
2.116150718012621549e-06,1.061504015709122533e-05,1.294320212806896286e+01,-2.690173240507283434e+07
2.118341350225885451e-06,1.064332956794215519e-05,1.288449507218277468e+01,-2.669695907817237079e+07
2.120531982439148930e-06,1.067149086258232278e-05,1.282623388644164919e+01,-2.649465699396920949e+07
2.122722614652412408e-06,1.069952501184623843e-05,1.276841319381818529e+01,-2.629479282337960601e+07
2.124913246865676311e-06,1.072743297486913580e-05,1.271102768998952826e+01,-2.609733352019293234e+07
2.127103879078939366e-06,1.075521569924562457e-05,1.265407214270214631e+01,-2.590224633469713479e+07
2.129294511292203268e-06,1.078287412118687258e-05,1.259754139110841287e+01,-2.570949882583085075e+07
2.131485143505467170e-06,1.081040916567605678e-05,1.254143034507899834e+01,-2.551905887197322026e+07
2.133675775718730225e-06,1.083782174662205223e-05,1.248573398449451588e+01,-2.533089468047433719e+07
2.135866407931994127e-06,1.086511276701258924e-05,1.243044735851363036e+01,-2.514497479600110650e+07
2.138057040145257606e-06,1.089228311906557576e-05,1.237556558482372004e+01,-2.496126810779845715e+07
2.140247672358521084e-06,1.091933368437776696e-05,1.232108384888212171e+01,-2.477974385596708208e+07
2.142438304571784986e-06,1.094626533407252842e-05,1.226699740314053422e+01,-2.460037163680012524e+07
2.144628936785048042e-06,1.097307892894571210e-05,1.221330156625968755e+01,-2.442312140726719797e+07
2.146819568998311944e-06,1.099977531960987564e-05,1.215999172231511949e+01,-2.424796348870776966e+07
2.149010201211575846e-06,1.102635534663669732e-05,1.210706331999558572e+01,-2.407486856979455054e+07
2.151200833424838901e-06,1.105281984069770215e-05,1.205451187179557238e+01,-2.390380770882335305e+07
2.153391465638102803e-06,1.107916962270316342e-05,1.200233295320347260e+01,-2.373475233538264409e+07
2.155582097851366282e-06,1.110540550393910687e-05,1.195052220188714998e+01,-2.356767425145348534e+07
2.157772730064629760e-06,1.113152828620249717e-05,1.189907531687809161e+01,-2.340254563198544085e+07
2.159963362277893662e-06,1.115753876193485566e-05,1.184798805775401753e+01,-2.323933902498702705e+07
2.162153994491156717e-06,1.118343771435431786e-05,1.179725624382040472e+01,-2.307802735116859525e+07
2.164344626704420619e-06,1.120922591758524648e-05,1.174687575329637923e+01,-2.291858390318916738e+07
2.166535258917684098e-06,1.123490413678646879e-05,1.169684252250064382e+01,-2.276098234452462196e+07
2.168725891130947577e-06,1.126047312827768615e-05,1.164715254504063502e+01,-2.260519670799701661e+07
2.170916523344211479e-06,1.128593363966405728e-05,1.159780187100542825e+01,-2.245120139399402216e+07
2.173107155557474957e-06,1.131128640995906719e-05,1.154878660616272512e+01,-2.229897116840516776e+07
2.175297787770738436e-06,1.133653216970566984e-05,1.150010291116057992e+01,-2.214848116030058637e+07
2.177488419984002338e-06,1.136167164109559438e-05,1.145174700073457430e+01,-2.199970685937675461e+07
2.179679052197265817e-06,1.138670553808698620e-05,1.140371514292078103e+01,-2.185262411319097877e+07
2.181869684410529295e-06,1.141163456652024887e-05,1.135600365827526659e+01,-2.170720912420599908e+07
2.184060316623792774e-06,1.143645942423224276e-05,1.130860891910013777e+01,-2.156343844666276872e+07
2.186250948837056253e-06,1.146118080116897437e-05,1.126152734867569194e+01,-2.142128898329670355e+07
2.188441581050320155e-06,1.148579937949625603e-05,1.121475542050145613e+01,-2.128073798192143068e+07
2.190632213263583633e-06,1.151031583370895968e-05,1.116828965754388925e+01,-2.114176303188763559e+07
2.192822845476847112e-06,1.153473083073857641e-05,1.112212663149210989e+01,-2.100434206043466181e+07
2.195013477690110590e-06,1.155904503005908888e-05,1.107626296202189664e+01,-2.086845332894797623e+07
2.197204109903374493e-06,1.158325908379135624e-05,1.103069531606780274e+01,-2.073407542913381383e+07
2.199394742116637971e-06,1.160737363680580839e-05,1.098542040710386303e+01,-2.060118727912302315e+07
2.201585374329901450e-06,1.163138932682363595e-05,1.094043499443277589e+01,-2.046976811951395869e+07
2.203776006543165352e-06,1.165530678451642505e-05,1.089573588248385505e+01,-2.033979750936454907e+07
2.205966638756428830e-06,1.167912663360421493e-05,1.085131992011993773e+01,-2.021125532214272395e+07
2.208157270969692309e-06,1.170284949095209018e-05,1.080718399995313383e+01,-2.008412174164286256e+07
2.210347903182955788e-06,1.172647596666533309e-05,1.076332505766923653e+01,-1.995837725787537545e+07
2.212538535396219266e-06,1.175000666418298175e-05,1.071974007136171458e+01,-1.983400266293869168e+07
2.214729167609483168e-06,1.177344218037005845e-05,1.067642606087434487e+01,-1.971097904687757418e+07
2.216919799822746647e-06,1.179678310560827838e-05,1.063338008715312100e+01,-1.958928779353543371e+07
2.219110432036010126e-06,1.182003002388541167e-05,1.059059925160715743e+01,-1.946891057640529051e+07
2.221301064249274028e-06,1.184318351288324262e-05,1.054808069547871874e+01,-1.934982935448484123e+07
2.223491696462537083e-06,1.186624414406410264e-05,1.050582159922237047e+01,-1.923202636814032495e+07
2.225682328675800985e-06,1.188921248275614948e-05,1.046381918189306148e+01,-1.911548413498293608e+07
2.227872960889064464e-06,1.191208908823722181e-05,1.042207070054331020e+01,-1.900018544576229900e+07
2.230063593102327942e-06,1.193487451381744868e-05,1.038057344962933826e+01,-1.888611336028019339e+07
2.232254225315591844e-06,1.195756930692057311e-05,1.033932476042610027e+01,-1.877325120332776755e+07
2.234444857528855323e-06,1.198017400916391372e-05,1.029832200045125212e+01,-1.866158256064951420e+07
2.236635489742118801e-06,1.200268915643716421e-05,1.025756257289788742e+01,-1.855109127493634447e+07
2.238826121955382704e-06,1.202511527897995445e-05,1.021704391607600826e+01,-1.844176144185025617e+07
2.241016754168645759e-06,1.204745290145813936e-05,1.017676350286269837e+01,-1.833357740608296171e+07
2.243207386381909661e-06,1.206970254303895954e-05,1.013671884016083169e+01,-1.822652375745016336e+07
2.245398018595173563e-06,1.209186471746497199e-05,1.009690746836639974e+01,-1.812058532702371106e+07
2.247588650808436618e-06,1.211393993312684073e-05,1.005732696084418976e+01,-1.801574718330264837e+07
2.249779283021700520e-06,1.213592869313502461e-05,1.001797492341181339e+01,-1.791199462842497230e+07
2.251969915234963575e-06,1.215783149539025380e-05,9.978848993832039938e+00,-1.780931319442123920e+07
2.254160547448227477e-06,1.217964883265303226e-05,9.939946841313176407e+00,-1.770768863951084763e+07
2.256351179661491379e-06,1.220138119261196282e-05,9.901266166017617110e+00,-1.760710694444243610e+07
2.258541811874754434e-06,1.222302905795097952e-05,9.862804698578379714e+00,-1.750755430887902901e+07
2.260732444088018337e-06,1.224459290641562630e-05,9.824560199623398660e+00,-1.740901714782825112e+07
2.262923076301282239e-06,1.226607321087822259e-05,9.786530459307710927e+00,-1.731148208811885864e+07
2.265113708514545294e-06,1.228747043940204981e-05,9.748713296853207311e+00,-1.721493596492345631e+07
2.267304340727809196e-06,1.230878505530454847e-05,9.711106560095984719e+00,-1.711936581832812726e+07
2.269494972941072251e-06,1.233001751721947684e-05,9.673708125041210693e+00,-1.702475888994940370e+07
2.271685605154336153e-06,1.235116827915817009e-05,9.636515895425270983e+00,-1.693110261959830672e+07
2.273876237367600055e-06,1.237223779056978294e-05,9.599527802285262368e+00,-1.683838464199223742e+07
2.276066869580863110e-06,1.239322649640064295e-05,9.562741803535555363e+00,-1.674659278351414390e+07
2.278257501794127012e-06,1.241413483715269751e-05,9.526155883551385983e+00,-1.665571505901930481e+07
2.280448134007390491e-06,1.243496324894101383e-05,9.489768052759465888e+00,-1.656573966868982464e+07
2.282638766220653970e-06,1.245571216355040137e-05,9.453576347235408406e+00,-1.647665499493648298e+07
2.284829398433917872e-06,1.247638200849114999e-05,9.417578828307913597e+00,-1.638844959934799746e+07
2.287020030647181350e-06,1.249697320705393975e-05,9.381773582169522285e+00,-1.630111221968713775e+07
2.289210662860444829e-06,1.251748617836389854e-05,9.346158719493901756e+00,-1.621463176693375409e+07
2.291401295073708731e-06,1.253792133743379909e-05,9.310732375059636468e+00,-1.612899732237455063e+07
2.293591927286971786e-06,1.255827909521646327e-05,9.275492707380271540e+00,-1.604419813473894633e+07
2.295782559500235688e-06,1.257855985865637008e-05,9.240437898340584155e+00,-1.596022361738082767e+07
2.297973191713499167e-06,1.259876403074042172e-05,9.205566152839066874e+00,-1.587706334550611675e+07
2.300163823926762645e-06,1.261889201054802018e-05,9.170875698436288914e+00,-1.579470705344507284e+07
2.302354456140026548e-06,1.263894419330029513e-05,9.136364785009307710e+00,-1.571314463196964934e+07
2.304545088353290026e-06,1.265892097040865241e-05,9.102031684411802104e+00,-1.563236612565485202e+07
2.306735720566553505e-06,1.267882272952253486e-05,9.067874690140033778e+00,-1.555236173028418049e+07
2.308926352779816983e-06,1.269864985457644283e-05,9.033892117004453937e+00,-1.547312179029840603e+07
2.311116984993080886e-06,1.271840272583631936e-05,9.000082300806722557e+00,-1.539463679628688283e+07
2.313307617206344364e-06,1.273808171994514089e-05,8.966443598022316053e+00,-1.531689738252160139e+07
2.315498249419607843e-06,1.275768720996790151e-05,8.932974385488412494e+00,-1.523989432453278080e+07
2.317688881632871321e-06,1.277721956543587041e-05,8.899673060097041954e+00,-1.516361853672589734e+07
2.319879513846135223e-06,1.279667915239017513e-05,8.866538038493482432e+00,-1.508806107003952563e+07
2.322070146059398702e-06,1.281606633342475457e-05,8.833567756779684643e+00,-1.501321310964338109e+07
2.324260778272662181e-06,1.283538146772867848e-05,8.800760670222674165e+00,-1.493906597267590277e+07
2.326451410485925659e-06,1.285462491112778421e-05,8.768115252967948692e+00,-1.486561110602127761e+07
2.328642042699189561e-06,1.287379701612578150e-05,8.735629997757564880e+00,-1.479284008412461355e+07
2.330832674912453040e-06,1.289289813194462717e-05,8.703303415653140362e+00,-1.472074460684560612e+07
2.333023307125716519e-06,1.291192860456436788e-05,8.671134035763431669e+00,-1.464931649734946899e+07
2.335213939338979997e-06,1.293088877676240682e-05,8.639120404976436518e+00,-1.457854770003462769e+07
2.337404571552243476e-06,1.294977898815213018e-05,8.607261087696112867e+00,-1.450843027849704213e+07
2.339595203765507378e-06,1.296859957522103543e-05,8.575554665583403846e+00,-1.443895641353006475e+07
2.341785835978770856e-06,1.298735087136820748e-05,8.543999737301701813e+00,-1.437011840115975030e+07
2.343976468192034335e-06,1.300603320694132046e-05,8.512594918266522370e+00,-1.430190865071472339e+07
2.346167100405298237e-06,1.302464690927305844e-05,8.481338840399368806e+00,-1.423431968293016776e+07
2.348357732618561716e-06,1.304319230271699575e-05,8.450230151885765650e+00,-1.416734412808552757e+07
2.350548364831825194e-06,1.306166970868297753e-05,8.419267516937276596e+00,-1.410097472417506203e+07
2.352738997045089097e-06,1.308007944567198534e-05,8.388449615557462380e+00,-1.403520431511089951e+07
2.354929629258352152e-06,1.309842182931044871e-05,8.357775143311872768e+00,-1.397002584895825945e+07
2.357120261471616054e-06,1.311669717238410110e-05,8.327242811101751130e+00,-1.390543237620187365e+07
2.359310893684879532e-06,1.313490578487132589e-05,8.296851344941554629e+00,-1.384141704804337397e+07
2.361501525898143011e-06,1.315304797397601781e-05,8.266599485740156794e+00,-1.377797311472907290e+07
2.363692158111406913e-06,1.317112404416000575e-05,8.236485989085652548e+00,-1.371509392390744761e+07
2.365882790324669968e-06,1.318913429717493673e-05,8.206509625033801214e+00,-1.365277291901617497e+07
2.368073422537933870e-06,1.320707903209377195e-05,8.176669177899887231e+00,-1.359100363769778423e+07
2.370264054751197772e-06,1.322495854534177470e-05,8.146963446054105162e+00,-1.352977971024380066e+07
2.372454686964460827e-06,1.324277313072708653e-05,8.117391241720259387e+00,-1.346909485806661658e+07
2.374645319177724730e-06,1.326052307947086805e-05,8.087951390777776695e+00,-1.340894289219865203e+07
2.376835951390988632e-06,1.327820868023699423e-05,8.058642732567033562e+00,-1.334931771181849577e+07
2.379026583604251687e-06,1.329583021916133634e-05,8.029464119697822255e+00,-1.329021330280332267e+07
2.381217215817515589e-06,1.331338797988060679e-05,8.000414417861009042e+00,-1.323162373630727828e+07
2.383407848030778644e-06,1.333088224356082791e-05,7.971492505643276161e+00,-1.317354316736532934e+07
2.385598480244042546e-06,1.334831328892537215e-05,7.942697274344818759e+00,-1.311596583352193423e+07
2.387789112457306448e-06,1.336568139228262275e-05,7.914027627800132692e+00,-1.305888605348447524e+07
2.389979744670569503e-06,1.338298682755323469e-05,7.885482482201640941e+00,-1.300229822580060177e+07
2.392170376883833405e-06,1.340022986629702287e-05,7.857060765926211943e+00,-1.294619682755929977e+07
2.394361009097096884e-06,1.341741077773944545e-05,7.828761419364543173e+00,-1.289057641311523505e+07
2.396551641310360363e-06,1.343452982879776704e-05,7.800583394753238586e+00,-1.283543161283575371e+07
2.398742273523624265e-06,1.345158728410679320e-05,7.772525656009673156e+00,-1.278075713187042624e+07
2.400932905736887320e-06,1.346858340604431024e-05,7.744587178569482866e+00,-1.272654774894242361e+07
2.403123537950151222e-06,1.348551845475615067e-05,7.716766949226669503e+00,-1.267279831516147219e+07
2.405314170163415124e-06,1.350239268818084687e-05,7.689063965976377091e+00,-1.261950375285815448e+07
2.407504802376678179e-06,1.351920636207405618e-05,7.661477237860086831e+00,-1.256665905443877354e+07
2.409695434589942081e-06,1.353595973003256239e-05,7.634005784813333584e+00,-1.251425928126065992e+07
2.411886066803205560e-06,1.355265304351798424e-05,7.606648637515911027e+00,-1.246229956252761930e+07
2.414076699016469038e-06,1.356928655188015857e-05,7.579404837244386961e+00,-1.241077509420481697e+07
2.416267331229732941e-06,1.358586050238018131e-05,7.552273435727072659e+00,-1.235968113795316406e+07
2.418457963442996419e-06,1.360237514021314019e-05,7.525253495001238413e+00,-1.230901302008246817e+07
2.420648595656259898e-06,1.361883070853057293e-05,7.498344087272605485e+00,-1.225876613052317314e+07
2.422839227869523376e-06,1.363522744846254940e-05,7.471544294777125117e+00,-1.220893592181641422e+07
2.425029860082786855e-06,1.365156559913954203e-05,7.444853209644862524e+00,-1.215951790812182985e+07
2.427220492296050757e-06,1.366784539771392179e-05,7.418269933766109325e+00,-1.211050766424298473e+07
2.429411124509314236e-06,1.368406707938119161e-05,7.391793578659605402e+00,-1.206190082467006892e+07
2.431601756722577714e-06,1.370023087740095894e-05,7.365423265342780468e+00,-1.201369308263935335e+07
2.433792388935841616e-06,1.371633702311758301e-05,7.339158124204115730e+00,-1.196588018920937739e+07
2.435983021149105095e-06,1.373238574598057137e-05,7.312997294877454202e+00,-1.191845795235330239e+07
2.438173653362368574e-06,1.374837727356471558e-05,7.286939926118286337e+00,-1.187142223606725037e+07
2.440364285575632052e-06,1.376431183158989991e-05,7.260985175682026060e+00,-1.182476895949437842e+07
2.442554917788895531e-06,1.378018964394073048e-05,7.235132210204106684e+00,-1.177849409606421180e+07
2.444745550002159433e-06,1.379601093268582223e-05,7.209380205082029924e+00,-1.173259367264718376e+07
2.446936182215422912e-06,1.381177591809687404e-05,7.183728344359185947e+00,-1.168706376872391067e+07
2.449126814428686390e-06,1.382748481866751358e-05,7.158175820610483520e+00,-1.164190051556890830e+07
2.451317446641949869e-06,1.384313785113181850e-05,7.132721834829805374e+00,-1.159710009544878453e+07
2.453508078855213771e-06,1.385873523048267164e-05,7.107365596319136891e+00,-1.155265874083416536e+07
2.455698711068477249e-06,1.387427716998981640e-05,7.082106322579470259e+00,-1.150857273362555541e+07
2.457889343281740728e-06,1.388976388121771218e-05,7.056943239203337548e+00,-1.146483840439251810e+07
2.460079975495004630e-06,1.390519557404315263e-05,7.031875579769004680e+00,-1.142145213162609935e+07
2.462270607708268109e-06,1.392057245667262484e-05,7.006902585736328959e+00,-1.137841034100428596e+07
2.464461239921531587e-06,1.393589473565947181e-05,6.982023506344167352e+00,-1.133570950467011519e+07
2.466651872134795066e-06,1.395116261592083488e-05,6.957237598509352416e+00,-1.129334614052225277e+07
2.468842504348058545e-06,1.396637630075433855e-05,6.932544126727265166e+00,-1.125131681151793525e+07
2.471033136561322447e-06,1.398153599185460425e-05,6.907942362973837902e+00,-1.120961812498778291e+07
2.473223768774585925e-06,1.399664188932952522e-05,6.883431586609116692e+00,-1.116824673196251318e+07
2.475414400987849404e-06,1.401169419171634151e-05,6.859011084282244042e+00,-1.112719932651118375e+07
2.477605033201113306e-06,1.402669309599750320e-05,6.834680149837883967e+00,-1.108647264509081841e+07
2.479795665414376361e-06,1.404163879761631851e-05,6.810438084224100130e+00,-1.104606346590718441e+07
2.481986297627640263e-06,1.405653149049244939e-05,6.786284195401550257e+00,-1.100596860828644782e+07
2.484176929840904165e-06,1.407137136703713273e-05,6.762217798254114953e+00,-1.096618493205766194e+07
2.486367562054167220e-06,1.408615861816827447e-05,6.738238214500827716e+00,-1.092670933694573492e+07
2.488558194267431123e-06,1.410089343332534044e-05,6.714344772609114109e+00,-1.088753876197467372e+07
2.490748826480694601e-06,1.411557600048400837e-05,6.690536807709380973e+00,-1.084867018488113768e+07
2.492939458693958080e-06,1.413020650617070121e-05,6.666813661510827771e+00,-1.081010062153781578e+07
2.495130090907221982e-06,1.414478513547689527e-05,6.643174682218513816e+00,-1.077182712538658269e+07
2.497320723120485037e-06,1.415931207207326736e-05,6.619619224451700035e+00,-1.073384678688134626e+07
2.499511355333748939e-06,1.417378749822366064e-05,6.596146649163331155e+00,-1.069615673294016719e+07
2.501701987547012841e-06,1.418821159479885909e-05,6.572756323560786207e+00,-1.065875412640675716e+07
2.503892619760275896e-06,1.420258454129020271e-05,6.549447621027747246e+00,-1.062163616552097537e+07
2.506083251973539798e-06,1.421690651582305706e-05,6.526219921047212935e+00,-1.058480008339818567e+07
2.508273884186802853e-06,1.423117769517005742e-05,6.503072609125695180e+00,-1.054824314751747251e+07
2.510464516400066756e-06,1.424539825476425478e-05,6.480005076718456714e+00,-1.051196265921827219e+07
2.512655148613330658e-06,1.425956836871204157e-05,6.457016721155912187e+00,-1.047595595320559852e+07
2.514845780826593713e-06,1.427368820980595198e-05,6.434106945571053338e+00,-1.044022039706337452e+07
2.517036413039857615e-06,1.428775794953729804e-05,6.411275158827941745e+00,-1.040475339077595621e+07
2.519227045253121517e-06,1.430177775810863961e-05,6.388520775451273614e+00,-1.036955236625763401e+07
2.521417677466384572e-06,1.431574780444610704e-05,6.365843215556926005e+00,-1.033461478688989393e+07
2.523608309679648474e-06,1.432966825621160009e-05,6.343241904783503138e+00,-1.029993814706634916e+07
2.525798941892911529e-06,1.434353927981476507e-05,6.320716274224934317e+00,-1.026551997174528986e+07
2.527989574106175431e-06,1.435736104042491925e-05,6.298265760363964461e+00,-1.023135781600951776e+07
2.530180206319439334e-06,1.437113370198275526e-05,6.275889805006663380e+00,-1.019744926463353448e+07
2.532370838532702389e-06,1.438485742721193352e-05,6.253587855217840108e+00,-1.016379193165779114e+07
2.534561470745966291e-06,1.439853237763055113e-05,6.231359363257376494e+00,-1.013038345996993408e+07
2.536752102959229769e-06,1.441215871356243443e-05,6.209203786517518253e+00,-1.009722152089299820e+07
2.538942735172493248e-06,1.442573659414831990e-05,6.187120587460992915e+00,-1.006430381378024444e+07
2.541133367385757150e-06,1.443926617735689944e-05,6.165109233560075452e+00,-1.003162806561670639e+07
2.543323999599020629e-06,1.445274761999571494e-05,6.143169197236473700e+00,-9.999192030627179891e+06
2.545514631812284107e-06,1.446618107772195620e-05,6.121299955802066428e+00,-9.966993489890614524e+06
2.547705264025548009e-06,1.447956670505310141e-05,6.099500991400516270e+00,-9.935030250960800797e+06
2.549895896238811064e-06,1.449290465537741694e-05,6.077771790949672237e+00,-9.903300147493185475e+06
2.552086528452074967e-06,1.450619508096439621e-05,6.056111846084780481e+00,-9.871801038877725601e+06
2.554277160665338445e-06,1.451943813297498839e-05,6.034520653102539711e+00,-9.840530809877738357e+06
2.556467792878601924e-06,1.453263396147178321e-05,6.012997712905868042e+00,-9.809487370274486020e+06
2.558658425091865826e-06,1.454578271542901945e-05,5.991542530949512724e+00,-9.778668654517592862e+06
2.560849057305129305e-06,1.455888454274250368e-05,5.970154617186379298e+00,-9.748072621381001547e+06
2.563039689518392783e-06,1.457193959023942405e-05,5.948833486014598826e+00,-9.717697253624480218e+06
2.565230321731656262e-06,1.458494800368799115e-05,5.927578656225388265e+00,-9.687540557660588995e+06
2.567420953944920164e-06,1.459790992780705017e-05,5.906389650951555659e+00,-9.657600563226915896e+06
2.569611586158183642e-06,1.461082550627550162e-05,5.885265997616787814e+00,-9.627875323063587770e+06
2.571802218371447121e-06,1.462369488174165932e-05,5.864207227885597007e+00,-9.598362912595903501e+06
2.573992850584710600e-06,1.463651819583249829e-05,5.843212877613952472e+00,-9.569061429622001946e+06
2.576183482797974502e-06,1.464929558916276041e-05,5.822282486800641976e+00,-9.539968994005532935e+06
2.578374115011237980e-06,1.466202720134398545e-05,5.801415599539246237e+00,-9.511083747373174876e+06
2.580564747224501459e-06,1.467471317099344386e-05,5.780611763970781247e+00,-9.482403852816889063e+06
2.582755379437764938e-06,1.468735363574292903e-05,5.759870532237024499e+00,-9.453927494600977749e+06
2.584946011651028840e-06,1.469994873224749014e-05,5.739191460434419412e+00,-9.425652877873664722e+06
2.587136643864292318e-06,1.471249859619402957e-05,5.718574108568669878e+00,-9.397578228383271024e+06
2.589327276077555797e-06,1.472500336230982238e-05,5.698018040509901461e+00,-9.369701792198831216e+06
2.591517908290819699e-06,1.473746316437095102e-05,5.677522823948439878e+00,-9.342021835435051471e+06
2.593708540504082754e-06,1.474987813521058933e-05,5.657088030351224539e+00,-9.314536643981656060e+06
2.595899172717346656e-06,1.476224840672727300e-05,5.636713234918744320e+00,-9.287244523236857727e+06
2.598089804930610135e-06,1.477457410989299376e-05,5.616398016542625271e+00,-9.260143797845069319e+06
2.600280437143873613e-06,1.478685537476125302e-05,5.596141957763732577e+00,-9.233232811438648030e+06
2.602471069357137516e-06,1.479909233047502733e-05,5.575944644730848943e+00,-9.206509926383640617e+06
2.604661701570400994e-06,1.481128510527459330e-05,5.555805667159934735e+00,-9.179973523529537022e+06
2.606852333783664473e-06,1.482343382650532706e-05,5.535724618293886401e+00,-9.153622001962797716e+06
2.609042965996928375e-06,1.483553862062538010e-05,5.515701094862854426e+00,-9.127453778764260933e+06
2.611233598210191430e-06,1.484759961321326015e-05,5.495734697045105754e+00,-9.101467288770275190e+06
2.613424230423455332e-06,1.485961692897536478e-05,5.475825028428354280e+00,-9.075660984337467700e+06
2.615614862636718811e-06,1.487159069175338949e-05,5.455971695971667756e+00,-9.050033335111180320e+06
2.617805494849982289e-06,1.488352102453168335e-05,5.436174309967829466e+00,-9.024582827797424048e+06
2.619996127063246191e-06,1.489540804944451316e-05,5.416432484006200809e+00,-8.999307965938294306e+06
2.622186759276509246e-06,1.490725188778322769e-05,5.396745834936103492e+00,-8.974207269690889865e+06
2.624377391489773149e-06,1.491905266000338117e-05,5.377113982830641348e+00,-8.949279275609532371e+06
2.626568023703037051e-06,1.493081048573174167e-05,5.357536550951034648e+00,-8.924522536431331187e+06
2.628758655916300106e-06,1.494252548377324186e-05,5.338013165711394059e+00,-8.899935620864996687e+06
2.630949288129564008e-06,1.495419777211784841e-05,5.318543456643946676e+00,-8.875517113382844254e+06
2.633139920342827910e-06,1.496582746794735186e-05,5.299127056364748789e+00,-8.851265614015968516e+06
2.635330552556090965e-06,1.497741468764208186e-05,5.279763600539824075e+00,-8.827179738152500242e+06
2.637521184769354867e-06,1.498895954678756994e-05,5.260452727851714805e+00,-8.803258116338871419e+06
2.639711816982617922e-06,1.500046216018108861e-05,5.241194079966524200e+00,-8.779499394084138796e+06
2.641902449195881824e-06,1.501192264183818873e-05,5.221987301501323842e+00,-8.755902231667151675e+06
2.644093081409145727e-06,1.502334110499909806e-05,5.202832039992022928e+00,-8.732465303946718574e+06
2.646283713622408782e-06,1.503471766213509935e-05,5.183727945861632769e+00,-8.709187300174521282e+06
2.648474345835672684e-06,1.504605242495481538e-05,5.164674672388922971e+00,-8.686066923810863867e+06
2.650664978048936162e-06,1.505734550441042783e-05,5.145671875677522600e+00,-8.663102892343159765e+06
2.652855610262199641e-06,1.506859701070383184e-05,5.126719214625358845e+00,-8.640293937107132748e+06
2.655046242475463543e-06,1.507980705329273129e-05,5.107816350894540669e+00,-8.617638803110642359e+06
2.657236874688726598e-06,1.509097574089665097e-05,5.088962948881586179e+00,-8.595136248860163614e+06
2.659427506901990500e-06,1.510210318150290654e-05,5.070158675688027472e+00,-8.572785046189764515e+06
2.661618139115254402e-06,1.511318948237248799e-05,5.051403201091425821e+00,-8.550583980092698708e+06
2.663808771328517457e-06,1.512423475004589227e-05,5.032696197516711933e+00,-8.528531848555402830e+06
2.665999403541781360e-06,1.513523909034889676e-05,5.014037340007894805e+00,-8.506627462393967435e+06
2.668190035755044838e-06,1.514620260839826311e-05,4.995426306200156930e+00,-8.484869645093031228e+06
2.670380667968308317e-06,1.515712540860738526e-05,4.976862776292244384e+00,-8.463257232646964490e+06
2.672571300181572219e-06,1.516800759469186636e-05,4.958346433019268140e+00,-8.441789073403485119e+06
2.674761932394835697e-06,1.517884926967506000e-05,4.939876961625794038e+00,-8.420464027909444645e+06
2.676952564608099176e-06,1.518965053589352516e-05,4.921454049839274703e+00,-8.399280968758927658e+06
2.679143196821362655e-06,1.520041149500244206e-05,4.903077387843854495e+00,-8.378238780443573371e+06
2.681333829034626133e-06,1.521113224798097228e-05,4.884746668254431157e+00,-8.357336359204990789e+06
2.683524461247890035e-06,1.522181289513754415e-05,4.866461586091106462e+00,-8.336572612889415585e+06
2.685715093461153514e-06,1.523245353611509427e-05,4.848221838753909552e+00,-8.315946460804396309e+06
2.687905725674416993e-06,1.524305426989626656e-05,4.830027125997834681e+00,-8.295456833577569574e+06
2.690096357887680895e-06,1.525361519480853171e-05,4.811877149908215578e+00,-8.275102673017485999e+06
2.692286990100944373e-06,1.526413640852925926e-05,4.793771614876373377e+00,-8.254882931976430118e+06
2.694477622314207852e-06,1.527461800809077434e-05,4.775710227575561184e+00,-8.234796574215182103e+06
2.696668254527471331e-06,1.528506008988529083e-05,4.757692696937238175e+00,-8.214842574269777164e+06
2.698858886740735233e-06,1.529546274966985632e-05,4.739718734127583488e+00,-8.195019917320107110e+06
2.701049518953998711e-06,1.530582608257121744e-05,4.721788052524340529e+00,-8.175327599060450681e+06
2.703240151167262190e-06,1.531615018309063445e-05,4.703900367693924167e+00,-8.155764625571829267e+06
2.705430783380525668e-06,1.532643514510865848e-05,4.686055397368779296e+00,-8.136330013196147047e+06
2.707621415593789147e-06,1.533668106188985117e-05,4.668252861425078670e+00,-8.117022788412187248e+06
2.709812047807053049e-06,1.534688802608744678e-05,4.650492481860615257e+00,-8.097841987713304348e+06
2.712002680020316528e-06,1.535705612974798377e-05,4.632773982773021437e+00,-8.078786657486883923e+06
2.714193312233580006e-06,1.536718546431588211e-05,4.615097090338215580e+00,-8.059855853895488195e+06
2.716383944446843908e-06,1.537727612063798005e-05,4.597461532789107075e+00,-8.041048642759680748e+06
2.718574576660107387e-06,1.538732818896798609e-05,4.579867040394586475e+00,-8.022364099442508072e+06
2.720765208873370866e-06,1.539734175897096151e-05,4.562313345438735013e+00,-8.003801308735603467e+06
2.722955841086634344e-06,1.540731691972767407e-05,4.544800182200285477e+00,-7.985359364746860228e+06
2.725146473299897823e-06,1.541725375973896535e-05,4.527327286932355754e+00,-7.967037370789727196e+06
2.727337105513161725e-06,1.542715236693005030e-05,4.509894397842377778e+00,-7.948834439274012111e+06
2.729527737726425204e-06,1.543701282865477269e-05,4.492501255072314237e+00,-7.930749691598229110e+06
2.731718369939688682e-06,1.544683523169981996e-05,4.475147600679070692e+00,-7.912782258043436334e+06
2.733909002152952584e-06,1.545661966228890761e-05,4.457833178615143055e+00,-7.894931277668529190e+06
2.736099634366215639e-06,1.546636620608690248e-05,4.440557734709526194e+00,-7.877195898207050748e+06
2.738290266579479542e-06,1.547607494820391568e-05,4.423321016648795734e+00,-7.859575275965339504e+06
2.740480898792743444e-06,1.548574597319934119e-05,4.406122773958461636e+00,-7.842068575722175650e+06
2.742671531006006499e-06,1.549537936508588439e-05,4.388962757984506524e+00,-7.824674970629753545e+06
2.744862163219270401e-06,1.550497520733351261e-05,4.371840721875140723e+00,-7.807393642116026022e+06
2.747052795432533879e-06,1.551453358287338872e-05,4.354756420562797992e+00,-7.790223779788421467e+06
2.749243427645797358e-06,1.552405457410176414e-05,4.337709610746310673e+00,-7.773164581338859163e+06
2.751434059859061260e-06,1.553353826288382436e-05,4.320700050873296227e+00,-7.756215252450055443e+06
2.753624692072324315e-06,1.554298473055749715e-05,4.303727501122772914e+00,-7.739375006703146733e+06
2.755815324285588217e-06,1.555239405793724057e-05,4.286791723387932684e+00,-7.722643065486541018e+06
2.758005956498852119e-06,1.556176632531775970e-05,4.269892481259157435e+00,-7.706018657906032167e+06
2.760196588712115175e-06,1.557110161247772680e-05,4.253029540007206677e+00,-7.689501020696128719e+06
2.762387220925379077e-06,1.558039999868342698e-05,4.236202666566585506e+00,-7.673089398132582195e+06
2.764577853138642132e-06,1.558966156269239365e-05,4.219411629519147056e+00,-7.656783041946130805e+06
2.766768485351906034e-06,1.559888638275699991e-05,4.202656199077822841e+00,-7.640581211237352341e+06
2.768959117565169936e-06,1.560807453662800936e-05,4.185936147070600022e+00,-7.624483172392741777e+06
2.771149749778432991e-06,1.561722610155809971e-05,4.169251246924636334e+00,-7.608488199001863599e+06
2.773340381991696893e-06,1.562634115430535262e-05,4.152601273650565084e+00,-7.592595571775634773e+06
2.775531014204960795e-06,1.563541977113669257e-05,4.135986003826998214e+00,-7.576804578465730883e+06
2.777721646418223850e-06,1.564446202783131910e-05,4.119405215585184798e+00,-7.561114513785053045e+06
2.779912278631487753e-06,1.565346799968408476e-05,4.102858688593833847e+00,-7.545524679329232313e+06
2.782102910844751231e-06,1.566243776150884258e-05,4.086346204044147612e+00,-7.530034383499255404e+06
2.784293543058014710e-06,1.567137138764178000e-05,4.069867544634970358e+00,-7.514642941425055265e+06
2.786484175271278612e-06,1.568026895194469178e-05,4.053422494558152955e+00,-7.499349674890155904e+06
2.788674807484541667e-06,1.568913052780822586e-05,4.037010839484048930e+00,-7.484153912257319316e+06
2.790865439697805569e-06,1.569795618815514275e-05,4.020632366547173930e+00,-7.469054988395153545e+06
2.793056071911069048e-06,1.570674600544346306e-05,4.004286864332052609e+00,-7.454052244605740532e+06
2.795246704124332526e-06,1.571550005166966256e-05,3.987974122859181847e+00,-7.439145028553163633e+06
2.797437336337596428e-06,1.572421839837177904e-05,3.971693933571194268e+00,-7.424332694193039089e+06
2.799627968550859907e-06,1.573290111663252946e-05,3.955446089319136771e+00,-7.409614601702938788e+06
2.801818600764123386e-06,1.574154827708237615e-05,3.939230384348912484e+00,-7.394990117413730361e+06
2.804009232977387288e-06,1.575015994990255243e-05,3.923046614287891032e+00,-7.380458613741857931e+06
2.806199865190650343e-06,1.575873620482810518e-05,3.906894576131642705e+00,-7.366019469122458249e+06
2.808390497403914245e-06,1.576727711115084925e-05,3.890774068230816951e+00,-7.351672067943388596e+06
2.810581129617177724e-06,1.577578273772233208e-05,3.874684890278194072e+00,-7.337415800480125472e+06
2.812771761830441202e-06,1.578425315295676448e-05,3.858626843295833275e+00,-7.323250062831470743e+06
2.814962394043705104e-06,1.579268842483391066e-05,3.842599729622409921e+00,-7.309174256856151856e+06
2.817153026256968583e-06,1.580108862090196135e-05,3.826603352900654453e+00,-7.295187790110209957e+06
2.819343658470232061e-06,1.580945380828038330e-05,3.810637518064930340e+00,-7.281290075785199180e+06
2.821534290683495540e-06,1.581778405366272456e-05,3.794702031328978986e+00,-7.267480532647225074e+06
2.823724922896759442e-06,1.582607942331941653e-05,3.778796700173747691e+00,-7.253758584976733662e+06
2.825915555110022921e-06,1.583433998310051152e-05,3.762921333335396135e+00,-7.240123662509104237e+06
2.828106187323286399e-06,1.584256579843845768e-05,3.747075740793404997e+00,-7.226575200375999324e+06
2.830296819536549878e-06,1.585075693435077898e-05,3.731259733758804042e+00,-7.213112639047469012e+06
2.832487451749813357e-06,1.585891345544276879e-05,3.715473124662568072e+00,-7.199735424274809659e+06
2.834678083963077259e-06,1.586703542591015972e-05,3.699715727144079036e+00,-7.186443007034151815e+06
2.836868716176340737e-06,1.587512290954173924e-05,3.683987356039766237e+00,-7.173234843470775522e+06
2.839059348389604216e-06,1.588317596972197890e-05,3.668287827371834009e+00,-7.160110394844132476e+06
2.841249980602868118e-06,1.589119466943361272e-05,3.652616958337104869e+00,-7.147069127473573200e+06
2.843440612816131597e-06,1.589917907126018159e-05,3.636974567296018535e+00,-7.134110512684786692e+06
2.845631245029395075e-06,1.590712923738860494e-05,3.621360473761709109e+00,-7.121234026756894775e+06
2.847821877242658977e-06,1.591504522961166424e-05,3.605774498389204386e+00,-7.108439150870230980e+06
2.850012509455922032e-06,1.592292710933049661e-05,3.590216462964764599e+00,-7.095725371054794639e+06
2.852203141669185935e-06,1.593077493755708853e-05,3.574686190395292229e+00,-7.083092178139343858e+06
2.854393773882449413e-06,1.593858877491667801e-05,3.559183504697896794e+00,-7.070539067701146007e+06
2.856584406095712892e-06,1.594636868165020760e-05,3.543708230989535579e+00,-7.058065540016360581e+06
2.858775038308976794e-06,1.595411471761670286e-05,3.528260195476766281e+00,-7.045671100011032075e+06
2.860965670522239849e-06,1.596182694229566099e-05,3.512839225445633762e+00,-7.033355257212741300e+06
2.863156302735503751e-06,1.596950541478939881e-05,3.497445149251620755e+00,-7.021117525702822953e+06
2.865346934948767653e-06,1.597715019382538719e-05,3.482077796309742457e+00,-7.008957424069212750e+06
2.867537567162030708e-06,1.598476133775855493e-05,3.466736997084717053e+00,-6.996874475359875709e+06
2.869728199375294610e-06,1.599233890457358939e-05,3.451422583081237505e+00,-6.984868207036809064e+06
2.871918831588558512e-06,1.599988295188718612e-05,3.436134386834369892e+00,-6.972938150930656120e+06
2.874109463801821568e-06,1.600739353695031559e-05,3.420872241900021926e+00,-6.961083843195850030e+06
2.876300096015085470e-06,1.601487071665043898e-05,3.405635982845512277e+00,-6.949304824266326614e+06
2.878490728228348525e-06,1.602231454751371049e-05,3.390425445240266011e+00,-6.937600638811805286e+06
2.880681360441612427e-06,1.602972508570717284e-05,3.375240465646554888e+00,-6.925970835694606416e+06
2.882871992654876329e-06,1.603710238704090876e-05,3.360080881610384207e+00,-6.914414967926997691e+06
2.885062624868139384e-06,1.604444650697019577e-05,3.344946531652438715e+00,-6.902932592629077844e+06
2.887253257081403286e-06,1.605175750059763403e-05,3.329837255259118223e+00,-6.891523270987175405e+06
2.889443889294666765e-06,1.605903542267524351e-05,3.314752892873699341e+00,-6.880186568212784827e+06
2.891634521507930243e-06,1.606628032760654771e-05,3.299693285887534966e+00,-6.868922053501971066e+06
2.893825153721194146e-06,1.607349226944865741e-05,3.284658276631394092e+00,-6.857729299995323643e+06
2.896015785934457201e-06,1.608067130191430009e-05,3.269647708366851369e+00,-6.846607884738362394e+06
2.898206418147721103e-06,1.608781747837387317e-05,3.254661425277769915e+00,-6.835557388642434962e+06
2.900397050360985005e-06,1.609493085185742270e-05,3.239699272461892487e+00,-6.824577396446144208e+06
2.902587682574248060e-06,1.610201147505666943e-05,3.224761095922488163e+00,-6.813667496677179821e+06
2.904778314787511962e-06,1.610905940032695700e-05,3.209846742560086064e+00,-6.802827281614668667e+06
2.906968947000775441e-06,1.611607467968922383e-05,3.194956060164320100e+00,-6.792056347251961939e+06
2.909159579214038919e-06,1.612305736483194113e-05,3.180088897405806136e+00,-6.781354293259880506e+06
2.911350211427302821e-06,1.613000750711302719e-05,3.165245103828148832e+00,-6.770720722950415686e+06
2.913540843640565876e-06,1.613692515756175492e-05,3.150424529839994214e+00,-6.760155243240877055e+06
2.915731475853829779e-06,1.614381036688063902e-05,3.135627026707162646e+00,-6.749657464618457481e+06
2.917922108067093257e-06,1.615066318544730283e-05,3.120852446544887915e+00,-6.739227001105247997e+06
2.920112740280356736e-06,1.615748366331633506e-05,3.106100642310087423e+00,-6.728863470223668963e+06
2.922303372493620638e-06,1.616427185022111258e-05,3.091371467793752270e+00,-6.718566492962327786e+06
2.924494004706884116e-06,1.617102779557564357e-05,3.076664777613381307e+00,-6.708335693742271513e+06
2.926684636920147595e-06,1.617775154847634288e-05,3.061980427205492461e+00,-6.698170700383678079e+06
2.928875269133411497e-06,1.618444315770383457e-05,3.047318272818227758e+00,-6.688071144072922878e+06
2.931065901346674976e-06,1.619110267172471708e-05,3.032678171504006759e+00,-6.678036659330063500e+06
2.933256533559938454e-06,1.619773013869332167e-05,3.018059981112250156e+00,-6.668066883976688609e+06
2.935447165773201933e-06,1.620432560645344039e-05,3.003463560282202849e+00,-6.658161459104198031e+06
2.937637797986465412e-06,1.621088912254005403e-05,2.988888768435783216e+00,-6.648320029042413458e+06
2.939828430199729314e-06,1.621742073418104649e-05,2.974335465770540754e+00,-6.638542241328606382e+06
2.942019062412992792e-06,1.622392048829888192e-05,2.959803513252655893e+00,-6.628827746676882729e+06
2.944209694626256271e-06,1.623038843151228863e-05,2.945292772610006882e+00,-6.619176198947922327e+06
2.946400326839519750e-06,1.623682461013792601e-05,2.930803106325325924e+00,-6.609587255119103938e+06
2.948590959052783652e-06,1.624322907019202107e-05,2.916334377629385077e+00,-6.600060575254972093e+06
2.950781591266047130e-06,1.624960185739199805e-05,2.901886450494284286e+00,-6.590595822478056885e+06
2.952972223479310609e-06,1.625594301715810818e-05,2.887459189626772726e+00,-6.581192662940056995e+06
2.955162855692574511e-06,1.626225259461501190e-05,2.873052460461639868e+00,-6.571850765793337487e+06
2.957353487905837990e-06,1.626853063459339499e-05,2.858666129155188251e+00,-6.562569803162795492e+06
2.959544120119101468e-06,1.627477718163150344e-05,2.844300062578742683e+00,-6.553349450118055567e+06
2.961734752332364947e-06,1.628099227997674938e-05,2.829954128312222927e+00,-6.544189384645963088e+06
2.963925384545628425e-06,1.628717597358721202e-05,2.815628194637801229e+00,-6.535089287623454817e+06
2.966116016758892327e-06,1.629332830613319964e-05,2.801322130533579813e+00,-6.526048842790717259e+06
2.968306648972155806e-06,1.629944932099875045e-05,2.787035805667364752e+00,-6.517067736724663526e+06
2.970497281185419285e-06,1.630553906128314376e-05,2.772769090390476698e+00,-6.508145658812745474e+06
2.972687913398683187e-06,1.631159756980239071e-05,2.758521855731606909e+00,-6.499282301227044314e+06
2.974878545611946242e-06,1.631762488909071154e-05,2.744293973390771857e+00,-6.490477358898698352e+06
2.977069177825210144e-06,1.632362106140199584e-05,2.730085315733270512e+00,-6.481730529492609203e+06
2.979259810038474046e-06,1.632958612871125608e-05,2.715895755783744647e+00,-6.473041513382454403e+06
2.981450442251737101e-06,1.633552013271606079e-05,2.701725167220260904e+00,-6.464410013625998981e+06
2.983641074465001003e-06,1.634142311483797449e-05,2.687573424368452812e+00,-6.455835735940687358e+06
2.985831706678264482e-06,1.634729511622395025e-05,2.673440402195735643e+00,-6.447318388679523952e+06
2.988022338891527961e-06,1.635313617774774249e-05,2.659325976305550121e+00,-6.438857682807254605e+06
2.990212971104791863e-06,1.635894634001129280e-05,2.645230022931660319e+00,-6.430453331876782700e+06
2.992403603318054918e-06,1.636472564334609189e-05,2.631152418932527937e+00,-6.422105052005927078e+06
2.994594235531318820e-06,1.637047412781456201e-05,2.617093041785696350e+00,-6.413812561854385771e+06
2.996784867744582722e-06,1.637619183321138843e-05,2.603051769582267472e+00,-6.405575582601011731e+06
2.998975499957845777e-06,1.638187879906487476e-05,2.589028481021398154e+00,-6.397393837921342812e+06
3.001166132171109679e-06,1.638753506463825409e-05,2.575023055404847661e+00,-6.389267053965381347e+06
3.003356764384372734e-06,1.639316066893100701e-05,2.561035372631603302e+00,-6.381194959335660562e+06
3.005547396597636636e-06,1.639875565068017621e-05,2.547065313192503844e+00,-6.373177285065531731e+06
3.007738028810900538e-06,1.640432004836163361e-05,2.533112758164962397e+00,-6.365213764597736299e+06
3.009928661024163594e-06,1.640985390019138483e-05,2.519177589207700407e+00,-6.357304133763204329e+06
3.012119293237427496e-06,1.641535724412682276e-05,2.505259688555530939e+00,-6.349448130760107189e+06
3.014309925450691398e-06,1.642083011786798119e-05,2.491358939014214791e+00,-6.341645496133162640e+06
3.016500557663954453e-06,1.642627255885878505e-05,2.477475223955330375e+00,-6.333895972753170878e+06
3.018691189877218355e-06,1.643168460428829042e-05,2.463608427311195559e+00,-6.326199305796773173e+06
3.020881822090481410e-06,1.643706629109190428e-05,2.449758433569855676e+00,-6.318555242726484314e+06
3.023072454303745312e-06,1.644241765595257716e-05,2.435925127770075083e+00,-6.310963533270919695e+06
3.025263086517009214e-06,1.644773873530203977e-05,2.422108395496416655e+00,-6.303423929405258037e+06
3.027453718730272269e-06,1.645302956532195834e-05,2.408308122874329271e+00,-6.295936185331957415e+06
3.029644350943536172e-06,1.645829018194514424e-05,2.394524196565284591e+00,-6.288500057461647317e+06
3.031834983156799650e-06,1.646352062085669574e-05,2.380756503761979115e+00,-6.281115304394300096e+06
3.034025615370063129e-06,1.646872091749517709e-05,2.367004932183534915e+00,-6.273781686900548637e+06
3.036216247583327031e-06,1.647389110705376031e-05,2.353269370070785182e+00,-6.266498967903290875e+06
3.038406879796590509e-06,1.647903122448134667e-05,2.339549706181572208e+00,-6.259266912459459156e+06
3.040597512009853988e-06,1.648414130448372885e-05,2.325845829786081786e+00,-6.252085287742013112e+06
3.042788144223117890e-06,1.648922138152467506e-05,2.312157630662245555e+00,-6.244953863022146747e+06
3.044978776436380945e-06,1.649427148982705399e-05,2.298484999091154446e+00,-6.237872409651700407e+06
3.047169408649644847e-06,1.649929166337392913e-05,2.284827825852512539e+00,-6.230840701045754366e+06
3.049360040862908326e-06,1.650428193590963621e-05,2.271186002220154876e+00,-6.223858512665454298e+06
3.051550673076171805e-06,1.650924234094088092e-05,2.257559419957561264e+00,-6.216925622001011856e+06
3.053741305289435707e-06,1.651417291173778591e-05,2.243947971313450918e+00,-6.210041808554898016e+06
3.055931937502699185e-06,1.651907368133496138e-05,2.230351549017382862e+00,-6.203206853825264610e+06
3.058122569715962664e-06,1.652394468253255203e-05,2.216770046275393202e+00,-6.196420541289503686e+06
3.060313201929226142e-06,1.652878594789727046e-05,2.203203356765698118e+00,-6.189682656388037838e+06
3.062503834142490045e-06,1.653359750976343052e-05,2.189651374634388858e+00,-6.182992986508278176e+06
3.064694466355753523e-06,1.653837940023397056e-05,2.176113994491202241e+00,-6.176351320968770422e+06
3.066885098569017002e-06,1.654313165118145965e-05,2.162591111405300026e+00,-6.169757451003522612e+06
3.069075730782280480e-06,1.654785429424910053e-05,2.149082620901080709e+00,-6.163211169746507891e+06
3.071266362995544383e-06,1.655254736085172570e-05,2.135588418954051715e+00,-6.156712272216361947e+06
3.073456995208807861e-06,1.655721088217677994e-05,2.122108401986709580e+00,-6.150260555301234126e+06
3.075647627422071340e-06,1.656184488918528938e-05,2.108642466864450782e+00,-6.143855817743819207e+06
3.077838259635334818e-06,1.656644941261283384e-05,2.095190510891546953e+00,-6.137497860126581974e+06
3.080028891848598720e-06,1.657102448297049553e-05,2.081752431807105896e+00,-6.131186484857110307e+06
3.082219524061862199e-06,1.657557013054583144e-05,2.068328127781111636e+00,-6.124921496153675951e+06
3.084410156275125678e-06,1.658008638540377122e-05,2.054917497410461813e+00,-6.118702700030937791e+06
3.086600788488389156e-06,1.658457327738758612e-05,2.041520439715044155e+00,-6.112529904285818338e+06
3.088791420701652635e-06,1.658903083611979371e-05,2.028136854133862244e+00,-6.106402918483535759e+06
3.090982052914916537e-06,1.659345909100307597e-05,2.014766640521157726e+00,-6.100321553943799809e+06
3.093172685128180016e-06,1.659785807122118062e-05,2.001409699142600473e+00,-6.094285623727174476e+06
3.095363317341443494e-06,1.660222780573982569e-05,1.988065930671481629e+00,-6.088294942621579394e+06
3.097553949554707396e-06,1.660656832330757707e-05,1.974735236184934850e+00,-6.082349327128960751e+06
3.099744581767970875e-06,1.661087965245674298e-05,1.961417517160214841e+00,-6.076448595452111214e+06
3.101935213981234354e-06,1.661516182150423794e-05,1.948112675470974553e+00,-6.070592567481637932e+06
3.104125846194498256e-06,1.661941485855244672e-05,1.934820613383576582e+00,-6.064781064783076756e+06
3.106316478407761311e-06,1.662363879149007819e-05,1.921541233553454742e+00,-6.059013910584175028e+06
3.108507110621025213e-06,1.662783364799302928e-05,1.908274439021466984e+00,-6.053290929762295447e+06
3.110697742834288691e-06,1.663199945552520150e-05,1.895020133210312263e+00,-6.047611948831977323e+06
3.112888375047552170e-06,1.663613624133936154e-05,1.881778219920949846e+00,-6.041976795932636596e+06
3.115079007260816072e-06,1.664024403247792733e-05,1.868548603329047486e+00,-6.036385300816418603e+06
3.117269639474079127e-06,1.664432285577383198e-05,1.855331187981477115e+00,-6.030837294836168177e+06
3.119460271687343029e-06,1.664837273785129630e-05,1.842125878792801652e+00,-6.025332610933564603e+06
3.121650903900606931e-06,1.665239370512664534e-05,1.828932581041825989e+00,-6.019871083627377637e+06
3.123841536113869987e-06,1.665638578380909782e-05,1.815751200368147078e+00,-6.014452549001859501e+06
3.126032168327133889e-06,1.666034899990156910e-05,1.802581642768728010e+00,-6.009076844695267268e+06
3.128222800540397791e-06,1.666428337920141661e-05,1.789423814594523598e+00,-6.003743809888546355e+06
3.130413432753660846e-06,1.666818894730124956e-05,1.776277622547104418e+00,-5.998453285294096917e+06
3.132604064966924748e-06,1.667206572958966081e-05,1.763142973675306591e+00,-5.993205113144713454e+06
3.134794697180187803e-06,1.667591375125201294e-05,1.750019775371930875e+00,-5.987999137182625011e+06
3.136985329393451705e-06,1.667973303727116323e-05,1.736907935370427536e+00,-5.982835202648679726e+06
3.139175961606715607e-06,1.668352361242822271e-05,1.723807361741643618e+00,-5.977713156271644868e+06
3.141366593819978662e-06,1.668728550130328450e-05,1.710717962890567323e+00,-5.972632846257634461e+06
3.143557226033242565e-06,1.669101872827614895e-05,1.697639647553093711e+00,-5.967594122279652394e+06
3.145747858246506043e-06,1.669472331752705884e-05,1.684572324792843245e+00,-5.962596835467281751e+06
3.147938490459769522e-06,1.669839929303740069e-05,1.671515903997960129e+00,-5.957640838396457024e+06
3.150129122673033424e-06,1.670204667859041293e-05,1.658470294877973039e+00,-5.952725985079385340e+06
3.152319754886296479e-06,1.670566549777189740e-05,1.645435407460652533e+00,-5.947852130954575725e+06
3.154510387099560381e-06,1.670925577397089693e-05,1.632411152088888429e+00,-5.943019132876981050e+06
3.156701019312824283e-06,1.671281753038039673e-05,1.619397439417614715e+00,-5.938226849108261056e+06
3.158891651526087338e-06,1.671635078999799524e-05,1.606394180410729344e+00,-5.933475139307160862e+06
3.161082283739351240e-06,1.671985557562658849e-05,1.593401286338037792e+00,-5.928763864519986324e+06
3.163272915952614719e-06,1.672333190987502068e-05,1.580418668772239910e+00,-5.924092887171218172e+06
3.165463548165878198e-06,1.672677981515875497e-05,1.567446239585902790e+00,-5.919462071054221131e+06
3.167654180379142100e-06,1.673019931370053423e-05,1.554483910948488479e+00,-5.914871281322052702e+06
3.169844812592405578e-06,1.673359042753100440e-05,1.541531595323377246e+00,-5.910320384478410706e+06
3.172035444805669057e-06,1.673695317848938535e-05,1.528589205464913059e+00,-5.905809248368644156e+06
3.174226077018932535e-06,1.674028758822408079e-05,1.515656654415490134e+00,-5.901337742170922458e+06
3.176416709232196014e-06,1.674359367819331517e-05,1.502733855502623284e+00,-5.896905736387463287e+06
3.178607341445459916e-06,1.674687146966575717e-05,1.489820722336074876e+00,-5.892513102835897356e+06
3.180797973658723395e-06,1.675012098372113286e-05,1.476917168804974700e+00,-5.888159714640715159e+06
3.182988605871986873e-06,1.675334224125083905e-05,1.464023109074958473e+00,-5.883845446224823594e+06
3.185179238085250776e-06,1.675653526295852938e-05,1.451138457585347874e+00,-5.879570173301214352e+06
3.187369870298514254e-06,1.675970006936073435e-05,1.438263129046327471e+00,-5.875333772864713334e+06
3.189560502511777733e-06,1.676283668078743392e-05,1.425397038436135633e+00,-5.871136123183834367e+06
3.191751134725041211e-06,1.676594511738265045e-05,1.412540100998302517e+00,-5.866977103792750277e+06
3.193941766938304690e-06,1.676902539910502129e-05,1.399692232238864742e+00,-5.862856595483328216e+06
3.196132399151568592e-06,1.677207754572837472e-05,1.386853347923638458e+00,-5.858774480297289789e+06
3.198323031364832071e-06,1.677510157684229921e-05,1.374023364075480425e+00,-5.854730641518455930e+06
3.200513663578095549e-06,1.677809751185269229e-05,1.361202196971568190e+00,-5.850724963665073738e+06
3.202704295791359028e-06,1.678106536998232634e-05,1.348389763140722897e+00,-5.846757332482264377e+06
3.204894928004622930e-06,1.678400517027139069e-05,1.335585979360709219e+00,-5.842827634934542701e+06
3.207085560217886409e-06,1.678691693157803377e-05,1.322790762655588814e+00,-5.838935759198429063e+06
3.209276192431149887e-06,1.678980067257890177e-05,1.310004030293067334e+00,-5.835081594655158930e+06
3.211466824644413789e-06,1.679265641176967737e-05,1.297225699781854757e+00,-5.831265031883488409e+06
3.213657456857677268e-06,1.679548416746558798e-05,1.284455688869065249e+00,-5.827485962652572431e+06
3.215848089070940746e-06,1.679828395780193426e-05,1.271693915537609021e+00,-5.823744279914944433e+06
3.218038721284204225e-06,1.680105580073460852e-05,1.258940298003601521e+00,-5.820039877799576148e+06
3.220229353497467704e-06,1.680379971404059275e-05,1.246194754713809028e+00,-5.816372651605034247e+06
3.222419985710731606e-06,1.680651571531847368e-05,1.233457204343076263e+00,-5.812742497792704962e+06
3.224610617923995084e-06,1.680920382198891703e-05,1.220727565791802416e+00,-5.809149313980126753e+06
3.226801250137258563e-06,1.681186405129518935e-05,1.208005758183409162e+00,-5.805592998934394680e+06
3.228991882350522465e-06,1.681449642030362218e-05,1.195291700861821349e+00,-5.802073452565636486e+06
3.231182514563785520e-06,1.681710094590409992e-05,1.182585313388987647e+00,-5.798590575920597650e+06
3.233373146777049422e-06,1.681967764481052740e-05,1.169886515542378103e+00,-5.795144271176293492e+06
3.235563778990313324e-06,1.682222653356131779e-05,1.157195227312531660e+00,-5.791734441633741371e+06
3.237754411203576380e-06,1.682474762851982964e-05,1.144511368900594128e+00,-5.788360991711783223e+06
3.239945043416840282e-06,1.682724094587484802e-05,1.131834860715867919e+00,-5.785023826940972358e+06
3.242135675630103760e-06,1.682970650164102835e-05,1.119165623373398644e+00,-5.781722853957558982e+06
3.244326307843367239e-06,1.683214431165934704e-05,1.106503577691552165e+00,-5.778457980497539043e+06
3.246516940056631141e-06,1.683455439159754530e-05,1.093848644689603633e+00,-5.775229115390791558e+06
3.248707572269894196e-06,1.683693675695055607e-05,1.081200745585366052e+00,-5.772036168555284850e+06
3.250898204483158098e-06,1.683929142304095127e-05,1.068559801792791975e+00,-5.768879050991360098e+06
3.253088836696422000e-06,1.684161840501936189e-05,1.055925734919627157e+00,-5.765757674776104279e+06
3.255279468909685055e-06,1.684391771786490153e-05,1.043298466765049337e+00,-5.762671953057777137e+06
3.257470101122948957e-06,1.684618937638557634e-05,1.030677919317321001e+00,-5.759621800050332211e+06
3.259660733336212013e-06,1.684843339521871199e-05,1.018064014751477675e+00,-5.756607131028002128e+06
3.261851365549475915e-06,1.685064978883133981e-05,1.005456675426991797e+00,-5.753627862319951877e+06
3.264041997762739817e-06,1.685283857152062041e-05,9.928558238854843232e-01,-5.750683911305024289e+06
3.266232629976002872e-06,1.685499975741421632e-05,9.802613828484242342e-01,-5.747775196406535804e+06
3.268423262189266774e-06,1.685713336047070534e-05,9.676732752148375916e-01,-5.744901637087162584e+06
3.270613894402530676e-06,1.685923939447995666e-05,9.550914240590523407e-01,-5.742063153843885288e+06
3.272804526615793731e-06,1.686131787306351367e-05,9.425157526284297926e-01,-5.739259668203001842e+06
3.274995158829057633e-06,1.686336880967496669e-05,9.299461843411072071e-01,-5.736491102715230547e+06
3.277185791042321112e-06,1.686539221760033244e-05,9.173826427837782349e-01,-5.733757380950863473e+06
3.279376423255584591e-06,1.686738810995840976e-05,9.048250517094426071e-01,-5.731058427494991571e+06
3.281567055468848493e-06,1.686935649970116251e-05,8.922733350352072268e-01,-5.728394167942807078e+06
3.283757687682111548e-06,1.687129739961404820e-05,8.797274168400700534e-01,-5.725764528894960880e+06
3.285948319895375450e-06,1.687321082231639407e-05,8.671872213627156434e-01,-5.723169437953003682e+06
3.288138952108638928e-06,1.687509678026172236e-05,8.546526729993445537e-01,-5.720608823714883067e+06
3.290329584321902407e-06,1.687695528573812637e-05,8.421236963014757659e-01,-5.718082615770496428e+06
3.292520216535166309e-06,1.687878635086856866e-05,8.296002159737959625e-01,-5.715590744697351940e+06
3.294710848748429788e-06,1.688058998761124353e-05,8.170821568719928152e-01,-5.713133142056232318e+06
3.296901480961693266e-06,1.688236620775989555e-05,8.045694440005989323e-01,-5.710709740386975929e+06
3.299092113174957168e-06,1.688411502294413121e-05,7.920620025108663365e-01,-5.708320473204305395e+06
3.301282745388220224e-06,1.688583644462976458e-05,7.795597576986271759e-01,-5.705965274993707426e+06
3.303473377601484126e-06,1.688753048411910864e-05,7.670626350021653161e-01,-5.703644081207396463e+06
3.305664009814747604e-06,1.688919715255129378e-05,7.545705600001195723e-01,-5.701356828260329552e+06
3.307854642028011083e-06,1.689083646090257612e-05,7.420834584093595199e-01,-5.699103453526283614e+06
3.310045274241274985e-06,1.689244841998663226e-05,7.296012560829061577e-01,-5.696883895334006287e+06
3.312235906454538464e-06,1.689403304045485071e-05,7.171238790078372505e-01,-5.694698092963416129e+06
3.314426538667801942e-06,1.689559033279664014e-05,7.046512533032001091e-01,-5.692545986641865224e+06
3.316617170881065421e-06,1.689712030733970049e-05,6.921833052179572343e-01,-5.690427517540480010e+06
3.318807803094329323e-06,1.689862297425031093e-05,6.797199611289034271e-01,-5.688342627770529129e+06
3.320998435307592802e-06,1.690009834353361107e-05,6.672611475386273083e-01,-5.686291260379897431e+06
3.323189067520856280e-06,1.690154642503386188e-05,6.548067910734560737e-01,-5.684273359349571168e+06
3.325379699734119759e-06,1.690296722843473703e-05,6.423568184814073545e-01,-5.682288869590218179e+06
3.327570331947383661e-06,1.690436076325956008e-05,6.299111566301713871e-01,-5.680337736938818358e+06
3.329760964160647139e-06,1.690572703887158570e-05,6.174697325050784169e-01,-5.678419908155344427e+06
3.331951596373910618e-06,1.690706606447424021e-05,6.050324732070724298e-01,-5.676535330919506028e+06
3.334142228587174097e-06,1.690837784911138926e-05,5.925993059507174143e-01,-5.674683953827553429e+06
3.336332860800437999e-06,1.690966240166757160e-05,5.801701580621728693e-01,-5.672865726389143616e+06
3.338523493013701477e-06,1.691091973086823624e-05,5.677449569772142768e-01,-5.671080599024252966e+06
3.340714125226964956e-06,1.691214984527999998e-05,5.553236302392341450e-01,-5.669328523060151376e+06
3.342904757440228858e-06,1.691335275331086761e-05,5.429061054972506017e-01,-5.667609450728446245e+06
3.345095389653491913e-06,1.691452846321045891e-05,5.304923105039467401e-01,-5.665923335162151605e+06
3.347286021866755815e-06,1.691567698307024247e-05,5.180821731136795449e-01,-5.664270130392855965e+06
3.349476654080019294e-06,1.691679832082374909e-05,5.056756212805313400e-01,-5.662649791347898543e+06
3.351667286293282772e-06,1.691789248424679543e-05,4.932725830563435832e-01,-5.661062273847649805e+06
3.353857918506546675e-06,1.691895948095768055e-05,4.808729865887558241e-01,-5.659507534602801315e+06
3.356048550719810153e-06,1.691999931841742298e-05,4.684767601192735831e-01,-5.657985531211753376e+06
3.358239182933073632e-06,1.692101200392992348e-05,4.560838319813183550e-01,-5.656496222158019431e+06
3.360429815146337534e-06,1.692199754464220209e-05,4.436941305982845529e-01,-5.655039566807712428e+06
3.362620447359600589e-06,1.692295594754457779e-05,4.313075844816259830e-01,-5.653615525407062843e+06
3.364811079572864491e-06,1.692388721947085480e-05,4.189241222289103450e-01,-5.652224059080021456e+06
3.367001711786127970e-06,1.692479136709850555e-05,4.065436725219169767e-01,-5.650865129825878888e+06
3.369192343999391448e-06,1.692566839694887397e-05,3.941661641247141690e-01,-5.649538700516966172e+06
3.371382976212655350e-06,1.692651831538734150e-05,3.817915258817413116e-01,-5.648244734896392561e+06
3.373573608425918406e-06,1.692734112862348636e-05,3.694196867159219577e-01,-5.646983197575857863e+06
3.375764240639182308e-06,1.692813684271127664e-05,3.570505756267425279e-01,-5.645754054033476859e+06
3.377954872852446210e-06,1.692890546354922616e-05,3.446841216883750336e-01,-5.644557270611703396e+06
3.380145505065709265e-06,1.692964699688056051e-05,3.323202540477776523e-01,-5.643392814515276812e+06
3.382336137278973167e-06,1.693036144829335594e-05,3.199589019228008535e-01,-5.642260653809227049e+06
3.384526769492237069e-06,1.693104882322072572e-05,3.075999946003199481e-01,-5.641160757416931912e+06
3.386717401705500124e-06,1.693170912694093533e-05,2.952434614343490971e-01,-5.640093095118233003e+06
3.388908033918764026e-06,1.693234236457756849e-05,2.828892318441599829e-01,-5.639057637547592632e+06
3.391098666132027081e-06,1.693294854109965927e-05,2.705372353124288476e-01,-5.638054356192307547e+06
3.393289298345290983e-06,1.693352766132184798e-05,2.581874013833501680e-01,-5.637083223390762694e+06
3.395479930558554886e-06,1.693407972990447263e-05,2.458396596607918261e-01,-5.636144212330770679e+06
3.397670562771817941e-06,1.693460475135373495e-05,2.334939398064284077e-01,-5.635237297047907487e+06
3.399861194985081843e-06,1.693510273002182234e-05,2.211501715378783317e-01,-5.634362452423945069e+06
3.402051827198345321e-06,1.693557367010700281e-05,2.088082846268694559e-01,-5.633519654185312800e+06
3.404242459411608800e-06,1.693601757565376379e-05,1.964682088973701835e-01,-5.632708878901610151e+06
3.406433091624872702e-06,1.693643445055292404e-05,1.841298742237616470e-01,-5.631930103984181769e+06
3.408623723838135757e-06,1.693682429854172843e-05,1.717932105289877442e-01,-5.631183307684718631e+06
3.410814356051399659e-06,1.693718712320396320e-05,1.594581477827080873e-01,-5.630468469093942083e+06
3.413004988264663561e-06,1.693752292797005081e-05,1.471246159994765434e-01,-5.629785568140294403e+06
3.415195620477926617e-06,1.693783171611715834e-05,1.347925452369000132e-01,-5.629134585588724352e+06
3.417386252691190519e-06,1.693811349076926865e-05,1.224618655937995265e-01,-5.628515503039496951e+06
3.419576884904453997e-06,1.693836825489728544e-05,1.101325072083994966e-01,-5.627928302927042358e+06
3.421767517117717476e-06,1.693859601131911453e-05,9.780440025648118318e-02,-5.627372968518881127e+06
3.423958149330981378e-06,1.693879676269973502e-05,8.547747494957660952e-02,-5.626849483914584853e+06
3.426148781544244857e-06,1.693897051155129416e-05,7.315166153313928943e-02,-5.626357834044770338e+06
3.428339413757508335e-06,1.693911726023315480e-05,6.082689028471725823e-02,-5.625898004670185037e+06
3.430530045970771814e-06,1.693923701095198685e-05,4.850309151215316528e-02,-5.625469982380784117e+06
3.432720678184035292e-06,1.693932976576181470e-05,3.618019555174861734e-02,-5.625073754594897851e+06
3.434911310397299195e-06,1.693939552656409519e-05,2.385813276646800082e-02,-5.624709309558440931e+06
3.437101942610562673e-06,1.693943429510775145e-05,1.153683354411877762e-02,-5.624376636344161816e+06
3.439292574823826152e-06,1.693944607298924408e-05,-7.837717044665043920e-04,-5.624075724850930274e+06
3.441483207037090054e-06,1.693943086165261179e-05,-1.310375254722415637e-02,-5.623806565803101286e+06
3.443673839250353532e-06,1.693938866238951544e-05,-2.542317853267461042e-02,-5.623569150749902241e+06
3.445864471463617011e-06,1.693931947633928550e-05,-3.774211919173630497e-02,-5.623363472064882517e+06
3.448055103676880490e-06,1.693922330448894913e-05,-5.006064403951342168e-02,-5.623189522945397533e+06
3.450245735890144392e-06,1.693910014767326748e-05,-6.237882257711990092e-02,-5.623047297412158921e+06
3.452436368103407870e-06,1.693895000657476274e-05,-7.469672429346507769e-02,-5.622936790308808908e+06
3.454627000316671349e-06,1.693877288172374531e-05,-8.701441866706373374e-02,-5.622857997301574796e+06
3.456817632529934828e-06,1.693856877349833747e-05,-9.933197516784517123e-02,-5.622810914878932759e+06
3.459008264743198306e-06,1.693833768212447678e-05,-1.116494632589365293e-01,-5.622795540351352654e+06
3.461198896956462208e-06,1.693807960767595338e-05,-1.239669523984833627e-01,-5.622811871851066127e+06
3.463389529169725687e-06,1.693779455007438621e-05,-1.362845120414319933e-01,-5.622859908331901766e+06
3.465580161382989165e-06,1.693748250908926035e-05,-1.486022116413368288e-01,-5.622939649569151923e+06
3.467770793596253068e-06,1.693714348433790663e-05,-1.609201206521671534e-01,-5.623051096159504727e+06
3.469961425809516546e-06,1.693677747528550168e-05,-1.732383085300915337e-01,-5.623194249520996585e+06
3.472152058022780025e-06,1.693638448124507807e-05,-1.855568447352848593e-01,-5.623369111893041059e+06
3.474342690236043503e-06,1.693596450137748702e-05,-1.978757987337346480e-01,-5.623575686336494051e+06
3.476533322449306982e-06,1.693551753469140861e-05,-2.101952399990234810e-01,-5.623813976733753458e+06
3.478723954662570884e-06,1.693504358004331109e-05,-2.225152380141489361e-01,-5.624083987788933329e+06
3.480914586875834363e-06,1.693454263613744751e-05,-2.348358622733063283e-01,-5.624385725028060377e+06
3.483105219089097841e-06,1.693401470152581503e-05,-2.471571822836967636e-01,-5.624719194799331017e+06
3.485295851302361743e-06,1.693345977460813804e-05,-2.594792675673364135e-01,-5.625084404273414984e+06
3.487486483515624799e-06,1.693287785363181388e-05,-2.718021876628408107e-01,-5.625481361443800852e+06
3.489677115728888701e-06,1.693226893669189933e-05,-2.841260121272479178e-01,-5.625910075127201155e+06
3.491867747942152603e-06,1.693163302173104285e-05,-2.964508105378045322e-01,-5.626370554963989183e+06
3.494058380155415658e-06,1.693097010653946762e-05,-3.087766524937785584e-01,-5.626862811418693513e+06
3.496249012368679560e-06,1.693028018875488344e-05,-3.211036076182723353e-01,-5.627386855780543759e+06
3.498439644581943039e-06,1.692956326586247322e-05,-3.334317455600154800e-01,-5.627942700164049864e+06
3.500630276795206517e-06,1.692881933519480483e-05,-3.457611359951801577e-01,-5.628530357509647496e+06
3.502820909008470419e-06,1.692804839393178035e-05,-3.580918486291992942e-01,-5.629149841584376991e+06
3.505011541221733474e-06,1.692725043910057163e-05,-3.704239531985603073e-01,-5.629801166982616298e+06
3.507202173434997376e-06,1.692642546757554576e-05,-3.827575194726384744e-01,-5.630484349126855843e+06
3.509392805648261279e-06,1.692557347607819397e-05,-3.950926172554944382e-01,-5.631199404268541373e+06
3.511583437861524334e-06,1.692469446117705705e-05,-4.074293163876983592e-01,-5.631946349488933571e+06
3.513774070074788236e-06,1.692378841928763385e-05,-4.197676867481565655e-01,-5.632725202700043097e+06
3.515964702288051291e-06,1.692285534667230002e-05,-4.321077982559147213e-01,-5.633535982645601034e+06
3.518155334501315193e-06,1.692189523944021988e-05,-4.444497208720011305e-01,-5.634378708902078681e+06
3.520345966714579095e-06,1.692090809354725495e-05,-4.567935246012342909e-01,-5.635253401879760437e+06
3.522536598927842150e-06,1.691989390479585554e-05,-4.691392794940587585e-01,-5.636160082823860459e+06
3.524727231141106052e-06,1.691885266883497602e-05,-4.814870556483825115e-01,-5.637098773815693334e+06
3.526917863354369954e-06,1.691778438115994611e-05,-4.938369232113948848e-01,-5.638069497773882933e+06
3.529108495567633010e-06,1.691668903711237597e-05,-5.061889523814098180e-01,-5.639072278455642983e+06
3.531299127780896912e-06,1.691556663188004781e-05,-5.185432134097119894e-01,-5.640107140458070673e+06
3.533489759994160390e-06,1.691441716049678376e-05,-5.308997766023799691e-01,-5.641174109219527803e+06
3.535680392207423869e-06,1.691324061784232723e-05,-5.432587123221515046e-01,-5.642273211021048017e+06
3.537871024420687771e-06,1.691203699864222100e-05,-5.556200909902532237e-01,-5.643404472987798974e+06
3.540061656633950826e-06,1.691080629746767846e-05,-5.679839830882587037e-01,-5.644567923090592958e+06
3.542252288847214728e-06,1.690954850873543450e-05,-5.803504591599508711e-01,-5.645763590147451498e+06
3.544442921060478207e-06,1.690826362670763710e-05,-5.927195898131614182e-01,-5.646991503825219348e+06
3.546633553273741685e-06,1.690695164549167119e-05,-6.050914457216529652e-01,-5.648251694641221315e+06
3.548824185487005587e-06,1.690561255904003660e-05,-6.174660976269652490e-01,-5.649544193964979611e+06
3.551014817700269066e-06,1.690424636115018213e-05,-6.298436163402926224e-01,-5.650869034019975923e+06
3.553205449913532545e-06,1.690285304546435639e-05,-6.422240727443635500e-01,-5.652226247885460965e+06
3.555396082126796447e-06,1.690143260546946217e-05,-6.546075377953024521e-01,-5.653615869498322718e+06
3.557586714340059925e-06,1.689998503449686667e-05,-6.669940825245184168e-01,-5.655037933655001223e+06
3.559777346553323404e-06,1.689851032572225583e-05,-6.793837780405970195e-01,-5.656492476013459265e+06
3.561967978766586883e-06,1.689700847216545814e-05,-6.917766955311731580e-01,-5.657979533095180057e+06
3.564158610979850361e-06,1.689547946669026505e-05,-7.041729062648446336e-01,-5.659499142287270166e+06
3.566349243193114263e-06,1.689392330200425484e-05,-7.165724815930529790e-01,-5.661051341844554059e+06
3.568539875406377742e-06,1.689233997065860959e-05,-7.289754929519941529e-01,-5.662636170891750604e+06
3.570730507619641221e-06,1.689072946504792212e-05,-7.413820118645351176e-01,-5.664253669425714761e+06
3.572921139832904699e-06,1.688909177741001639e-05,-7.537921099421077686e-01,-5.665903878317687660e+06
3.575111772046168601e-06,1.688742689982573742e-05,-7.662058588866481612e-01,-5.667586839315655641e+06
3.577302404259432080e-06,1.688573482421875481e-05,-7.786233304925016530e-01,-5.669302595046716742e+06
3.579493036472695558e-06,1.688401554235536620e-05,-7.910445966483591329e-01,-5.671051189019515179e+06
3.581683668685959037e-06,1.688226904584428048e-05,-8.034697293391980244e-01,-5.672832665626745671e+06
3.583874300899222939e-06,1.688049532613640087e-05,-8.158988006482074118e-01,-5.674647070147677325e+06
3.586064933112486418e-06,1.687869437452462509e-05,-8.283318827587393685e-01,-5.676494448750758544e+06
3.588255565325749896e-06,1.687686618214360139e-05,-8.407690479562686114e-01,-5.678374848496280611e+06
3.590446197539013375e-06,1.687501073996951846e-05,-8.532103686303302847e-01,-5.680288317339062691e+06
3.592636829752277277e-06,1.687312803881987170e-05,-8.656559172765039278e-01,-5.682234904131226242e+06
3.594827461965540756e-06,1.687121806935321924e-05,-8.781057664983632494e-01,-5.684214658624998294e+06
3.597018094178804234e-06,1.686928082206896171e-05,-8.905599890094599846e-01,-5.686227631475593895e+06
3.599208726392068136e-06,1.686731628730708476e-05,-9.030186576353116390e-01,-5.688273874244132079e+06
3.601399358605331191e-06,1.686532445524791511e-05,-9.154818453153722446e-01,-5.690353439400619827e+06
3.603589990818595094e-06,1.686330531591186981e-05,-9.279496251050466382e-01,-5.692466380326993763e+06
3.605780623031858572e-06,1.686125885915919876e-05,-9.404220701776739855e-01,-5.694612751320206560e+06
3.607971255245122051e-06,1.685918507468972384e-05,-9.528992538265432799e-01,-5.696792607595383190e+06
3.610161887458385953e-06,1.685708395204257797e-05,-9.653812494669153921e-01,-5.699006005289023742e+06
3.612352519671649432e-06,1.685495548059593072e-05,-9.778681306380307969e-01,-5.701253001462276094e+06
3.614543151884912910e-06,1.685279964956672404e-05,-9.903599710051450566e-01,-5.703533654104243033e+06
3.616733784098176812e-06,1.685061644801037067e-05,-1.002856844361574185e+00,-5.705848022135385312e+06
3.618924416311439867e-06,1.684840586482050346e-05,-1.015358824630719914e+00,-5.708196165410934947e+06
3.621115048524703769e-06,1.684616788872866024e-05,-1.027865985868142484e+00,-5.710578144724414684e+06
3.623305680737967672e-06,1.684390250830401282e-05,-1.040378402263601565e+00,-5.712994021811180748e+06
3.625496312951230727e-06,1.684160971195305183e-05,-1.052896148143130706e+00,-5.715443859352042899e+06
3.627686945164494629e-06,1.683928948791930895e-05,-1.065419297971121448e+00,-5.717927720976943150e+06
3.629877577377757684e-06,1.683694182428302144e-05,-1.077947926352387009e+00,-5.720445671268685721e+06
3.632068209591021586e-06,1.683456670896085435e-05,-1.090482108034276143e+00,-5.722997775766735896e+06
3.634258841804285488e-06,1.683216412970556507e-05,-1.103021917908753258e+00,-5.725584100971083157e+06
3.636449474017548543e-06,1.682973407410568486e-05,-1.115567431014516497e+00,-5.728204714346147142e+06
3.638640106230812445e-06,1.682727652958520713e-05,-1.128118722539120045e+00,-5.730859684324772097e+06
3.640830738444076347e-06,1.682479148340325202e-05,-1.140675867821087097e+00,-5.733549080312258564e+06
3.643021370657339402e-06,1.682227892265372759e-05,-1.153238942352050378e+00,-5.736272972690475173e+06
3.645212002870603305e-06,1.681973883426500117e-05,-1.165808021778905079e+00,-5.739031432822018862e+06
3.647402635083866360e-06,1.681717120499955716e-05,-1.178383181905943600e+00,-5.741824533054457046e+06
3.649593267297130262e-06,1.681457602145364127e-05,-1.190964498697037799e+00,-5.744652346724619158e+06
3.651783899510394164e-06,1.681195327005691493e-05,-1.203552048277793274e+00,-5.747514948162944056e+06
3.653974531723657219e-06,1.680930293707209617e-05,-1.216145906937739607e+00,-5.750412412697925232e+06
3.656165163936921121e-06,1.680662500859460043e-05,-1.228746151132527054e+00,-5.753344816660585813e+06
3.658355796150184600e-06,1.680391947055217132e-05,-1.241352857486112127e+00,-5.756312237389035523e+06
3.660546428363448078e-06,1.680118630870451802e-05,-1.253966102792987813e+00,-5.759314753233100288e+06
3.662737060576711980e-06,1.679842550864292232e-05,-1.266585964020387145e+00,-5.762352443558998406e+06
3.664927692789975459e-06,1.679563705578987604e-05,-1.279212518310523183e+00,-5.765425388754099607e+06
3.667118325003238938e-06,1.679282093539867786e-05,-1.291845842982839221e+00,-5.768533670231760480e+06
3.669308957216502840e-06,1.678997713255306744e-05,-1.304486015536245436e+00,-5.771677370436194353e+06
3.671499589429765895e-06,1.678710563216679504e-05,-1.317133113651389964e+00,-5.774856572847442701e+06
3.673690221643029797e-06,1.678420641898325231e-05,-1.329787215192943073e+00,-5.778071361986403354e+06
3.675880853856293276e-06,1.678127947757505209e-05,-1.342448398211862681e+00,-5.781321823419926688e+06
3.678071486069556754e-06,1.677832479234361848e-05,-1.355116740947713394e+00,-5.784608043765991926e+06
3.680262118282820656e-06,1.677534234751877688e-05,-1.367792321830956448e+00,-5.787930110698927194e+06
3.682452750496084135e-06,1.677233212715832707e-05,-1.380475219485276073e+00,-5.791288112954735756e+06
3.684643382709347613e-06,1.676929411514760951e-05,-1.393165512729921840e+00,-5.794682140336484648e+06
3.686834014922611092e-06,1.676622829519910221e-05,-1.405863280582030139e+00,-5.798112283719744533e+06
3.689024647135874571e-06,1.676313465085195651e-05,-1.418568602259003830e+00,-5.801578635058118030e+06
3.691215279349138473e-06,1.676001316547156341e-05,-1.431281557180859920e+00,-5.805081287388854660e+06
3.693405911562401951e-06,1.675686382224911988e-05,-1.444002224972618542e+00,-5.808620334838517942e+06
3.695596543775665430e-06,1.675368660420115455e-05,-1.456730685466701480e+00,-5.812195872628739104e+06
3.697787175988929332e-06,1.675048149416909739e-05,-1.469467018705324035e+00,-5.815807997082035057e+06
3.699977808202192811e-06,1.674724847481878843e-05,-1.482211304942919750e+00,-5.819456805627722293e+06
3.702168440415456289e-06,1.674398752864003395e-05,-1.494963624648578904e+00,-5.823142396807893179e+06
3.704359072628719768e-06,1.674069863794612532e-05,-1.507724058508476350e+00,-5.826864870283467695e+06
3.706549704841983670e-06,1.673738178487335792e-05,-1.520492687428347756e+00,-5.830624326840328984e+06
3.708740337055247149e-06,1.673403695138054659e-05,-1.533269592535944081e+00,-5.834420868395540863e+06
3.710930969268510627e-06,1.673066411924854460e-05,-1.546054855183524035e+00,-5.838254598003635183e+06
3.713121601481774106e-06,1.672726327007974210e-05,-1.558848556950359843e+00,-5.842125619862989523e+06
3.715312233695037584e-06,1.672383438529756477e-05,-1.571650779645233031e+00,-5.846034039322274737e+06
3.717502865908301487e-06,1.672037744614598249e-05,-1.584461605308981058e+00,-5.849979962886993773e+06
3.719693498121564965e-06,1.671689243368897402e-05,-1.597281116217021513e+00,-5.853963498226096854e+06
3.721884130334828444e-06,1.671337932881003234e-05,-1.610109394881915179e+00,-5.857984754178673960e+06
3.724074762548092346e-06,1.670983811221163272e-05,-1.622946524055945527e+00,-5.862043840760760009e+06
3.726265394761355824e-06,1.670626876441469740e-05,-1.635792586733687548e+00,-5.866140869172176346e+06
3.728456026974619303e-06,1.670267126575808054e-05,-1.648647666154617220e+00,-5.870275951803492382e+06
3.730646659187883205e-06,1.669904559639801605e-05,-1.661511845805735632e+00,-5.874449202243076637e+06
3.732837291401146260e-06,1.669539173630757201e-05,-1.674385209424182230e+00,-5.878660735284203663e+06
3.735027923614410162e-06,1.669170966527610861e-05,-1.687267840999903123e+00,-5.882910666932276450e+06
3.737218555827673641e-06,1.668799936290870557e-05,-1.700159824778295858e+00,-5.887199114412125200e+06
3.739409188040937120e-06,1.668426080862562001e-05,-1.713061245262896826e+00,-5.891526196175391786e+06
3.741599820254201022e-06,1.668049398166169693e-05,-1.725972187218085541e+00,-5.895892031908024102e+06
3.743790452467464077e-06,1.667669886106582032e-05,-1.738892735671776935e+00,-5.900296742537825368e+06
3.745981084680727979e-06,1.667287542570030669e-05,-1.751822975918172043e+00,-5.904740450242135674e+06
3.748171716893991881e-06,1.666902365424033589e-05,-1.764762993520485601e+00,-5.909223278455567546e+06
3.750362349107254936e-06,1.666514352517334458e-05,-1.777712874313716940e+00,-5.913745351877872832e+06
3.752552981320518838e-06,1.666123501679844354e-05,-1.790672704407436422e+00,-5.918306796481861733e+06
3.754743613533782317e-06,1.665729810722581112e-05,-1.803642570188569438e+00,-5.922907739521466196e+06
3.756934245747045795e-06,1.665333277437606310e-05,-1.816622558324217929e+00,-5.927548309539841488e+06
3.759124877960309698e-06,1.664933899597965977e-05,-1.829612755764501886e+00,-5.932228636377617717e+06
3.761315510173572753e-06,1.664531674957627568e-05,-1.842613249745393311e+00,-5.936948851181223989e+06
3.763506142386836655e-06,1.664126601251415596e-05,-1.855624127791605682e+00,-5.941709086411301978e+06
3.765696774600100557e-06,1.663718676194949966e-05,-1.868645477719464987e+00,-5.946509475851241499e+06
3.767887406813363612e-06,1.663307897484581936e-05,-1.881677387639823618e+00,-5.951350154615800828e+06
3.770078039026627514e-06,1.662894262797326699e-05,-1.894719945960995133e+00,-5.956231259159839712e+06
3.772268671239890993e-06,1.662477769790800358e-05,-1.907773241391680141e+00,-5.961152927287140861e+06
3.774459303453154471e-06,1.662058416103153185e-05,-1.920837362943953908e+00,-5.966115298159352504e+06
3.776649935666418373e-06,1.661636199353002869e-05,-1.933912399936230653e+00,-5.971118512305016629e+06
3.778840567879681429e-06,1.661211117139366081e-05,-1.946998441996276696e+00,-5.976162711628719233e+06
3.781031200092945331e-06,1.660783167041592065e-05,-1.960095579064242033e+00,-5.981248039420340210e+06
3.783221832306209233e-06,1.660352346619292164e-05,-1.973203901395691462e+00,-5.986374640364409424e+06
3.785412464519472288e-06,1.659918653412272057e-05,-1.986323499564674799e+00,-5.991542660549570806e+06
3.787603096732736190e-06,1.659482084940460271e-05,-1.999454464466824399e+00,-5.996752247478161007e+06
3.789793728945999669e-06,1.659042638703837706e-05,-2.012596887322442019e+00,-6.002003550075909123e+06
3.791984361159263147e-06,1.658600312182367505e-05,-2.025750859679649185e+00,-6.007296718701706268e+06
3.794174993372527049e-06,1.658155102835920508e-05,-2.038916473417520248e+00,-6.012631905157554895e+06
3.796365625585790104e-06,1.657707008104204445e-05,-2.052093820749261166e+00,-6.018009262698568404e+06
3.798556257799054006e-06,1.657256025406689059e-05,-2.065282994225412061e+00,-6.023428946043131873e+06
3.800746890012317485e-06,1.656802152142533257e-05,-2.078484086737046432e+00,-6.028891111383145675e+06
3.802937522225580964e-06,1.656345385690508881e-05,-2.091697191519029442e+00,-6.034395916394425556e+06
3.805128154438844866e-06,1.655885723408924811e-05,-2.104922402153264649e+00,-6.039943520247170702e+06
3.807318786652108344e-06,1.655423162635552767e-05,-2.118159812571984268e+00,-6.045534083616608754e+06
3.809509418865371823e-06,1.654957700687547349e-05,-2.131409517061067849e+00,-6.051167768693718128e+06
3.811700051078635725e-06,1.654489334861370479e-05,-2.144671610263357397e+00,-6.056844739196097478e+06
3.813890683291899204e-06,1.654018062432710767e-05,-2.157946187182021358e+00,-6.062565160378945991e+06
3.816081315505162682e-06,1.653543880656406937e-05,-2.171233343183945674e+00,-6.068329199046181515e+06
3.818271947718425737e-06,1.653066786766365157e-05,-2.184533174003115974e+00,-6.074137023561675102e+06
3.820462579931689640e-06,1.652586777975478740e-05,-2.197845775744073915e+00,-6.079988803860619664e+06
3.822653212144953542e-06,1.652103851475548185e-05,-2.211171244885346887e+00,-6.085884711461027153e+06
3.824843844358216597e-06,1.651618004437198169e-05,-2.224509678282941660e+00,-6.091824919475346804e+06
3.827034476571480499e-06,1.651129234009792501e-05,-2.237861173173855356e+00,-6.097809602622245438e+06
3.829225108784743554e-06,1.650637537321353147e-05,-2.251225827179588190e+00,-6.103838937238477170e+06
3.831415740998007456e-06,1.650142911478473838e-05,-2.264603738309724612e+00,-6.109913101290923543e+06
3.833606373211271358e-06,1.649645353566235695e-05,-2.277995004965496673e+00,-6.116032274388764054e+06
3.835797005424534413e-06,1.649144860648119827e-05,-2.291399725943403798e+00,-6.122196637795765884e+06
3.837987637637798315e-06,1.648641429765921262e-05,-2.304818000438860981e+00,-6.128406374442734756e+06
3.840178269851062217e-06,1.648135057939661201e-05,-2.318249928049844755e+00,-6.134661668940102682e+06
3.842368902064325273e-06,1.647625742167498249e-05,-2.331695608780597340e+00,-6.140962707590639591e+06
3.844559534277589175e-06,1.647113479425638285e-05,-2.345155143045356105e+00,-6.147309678402338177e+06
3.846750166490853077e-06,1.646598266668245698e-05,-2.358628631672082587e+00,-6.153702771101428196e+06
3.848940798704116132e-06,1.646080100827350214e-05,-2.372116175906263447e+00,-6.160142177145534195e+06
3.851131430917380034e-06,1.645558978812758461e-05,-2.385617877414699439e+00,-6.166628089736987837e+06
3.853322063130643089e-06,1.645034897511956734e-05,-2.399133838289349896e+00,-6.173160703836292960e+06
3.855512695343906991e-06,1.644507853790021546e-05,-2.412664161051206957e+00,-6.179740216175752692e+06
3.857703327557170893e-06,1.643977844489522729e-05,-2.426208948654173803e+00,-6.186366825273210183e+06
3.859893959770433948e-06,1.643444866430428565e-05,-2.439768304489012163e+00,-6.193040731446006335e+06
3.862084591983697851e-06,1.642908916410011256e-05,-2.453342332387280500e+00,-6.199762136825039983e+06
3.864275224196961753e-06,1.642369991202747317e-05,-2.466931136625331700e+00,-6.206531245369010605e+06
3.866465856410224808e-06,1.641828087560222028e-05,-2.480534821928340516e+00,-6.213348262878830545e+06
3.868656488623488710e-06,1.641283202211029144e-05,-2.494153493474338568e+00,-6.220213397012186237e+06
3.870847120836751765e-06,1.640735331860672302e-05,-2.507787256898307060e+00,-6.227126857298258692e+06
3.873037753050015667e-06,1.640184473191463378e-05,-2.521436218296298382e+00,-6.234088855152629316e+06
3.875228385263279569e-06,1.639630622862422196e-05,-2.535100484229568796e+00,-6.241099603892339393e+06
3.877419017476542624e-06,1.639073777509172854e-05,-2.548780161728782634e+00,-6.248159318751126528e+06
3.879609649689806526e-06,1.638513933743842077e-05,-2.562475358298204942e+00,-6.255268216894823126e+06
3.881800281903070428e-06,1.637951088154953510e-05,-2.576186181919963403e+00,-6.262426517436946742e+06
3.883990914116333484e-06,1.637385237307323021e-05,-2.589912741058337797e+00,-6.269634441454445012e+06
3.886181546329597386e-06,1.636816377741953673e-05,-2.603655144664060561e+00,-6.276892212003638968e+06
3.888372178542861288e-06,1.636244505975926626e-05,-2.617413502178692841e+00,-6.284200054136333056e+06
3.890562810756124343e-06,1.635669618502294745e-05,-2.631187923538993445e+00,-6.291558194916107692e+06
3.892753442969388245e-06,1.635091711789973508e-05,-2.644978519181351295e+00,-6.298966863434796222e+06
3.894944075182651300e-06,1.634510782283629871e-05,-2.658785400046258740e+00,-6.306426290829175152e+06
3.897134707395915202e-06,1.633926826403572834e-05,-2.672608677582787973e+00,-6.313936710297775455e+06
3.899325339609179104e-06,1.633339840545640953e-05,-2.686448463753140725e+00,-6.321498357117971405e+06
3.901515971822442159e-06,1.632749821081088499e-05,-2.700304871037221943e+00,-6.329111468663189560e+06
3.903706604035706062e-06,1.632156764356473654e-05,-2.714178012437237886e+00,-6.336776284420354292e+06
3.905897236248969964e-06,1.631560666693541612e-05,-2.728068001482363947e+00,-6.344493046007515863e+06
3.908087868462233019e-06,1.630961524389108714e-05,-2.741974952233413809e+00,-6.352261997191675939e+06
3.910278500675496921e-06,1.630359333714947922e-05,-2.755898979287574324e+00,-6.360083383906825446e+06
3.912469132888760823e-06,1.629754090917667189e-05,-2.769840197783183910e+00,-6.367957454272174276e+06
3.914659765102023878e-06,1.629145792218593245e-05,-2.783798723404516728e+00,-6.375884458610600792e+06
3.916850397315287780e-06,1.628534433813649625e-05,-2.797774672386653450e+00,-6.383864649467296898e+06
3.919041029528550835e-06,1.627920011873237066e-05,-2.811768161520353360e+00,-6.391898281628631987e+06
3.921231661741814737e-06,1.627302522542110181e-05,-2.825779308156989966e+00,-6.399985612141229212e+06
3.923422293955078639e-06,1.626681961939253790e-05,-2.839808230213532347e+00,-6.408126900331275538e+06
3.925612926168341695e-06,1.626058326157759935e-05,-2.853855046177543375e+00,-6.416322407823999412e+06
3.927803558381605597e-06,1.625431611264700481e-05,-2.867919875112255212e+00,-6.424572398563443683e+06
3.929994190594869499e-06,1.624801813301002097e-05,-2.882002836661656353e+00,-6.432877138832397759e+06
3.932184822808132554e-06,1.624168928281317847e-05,-2.896104051055642170e+00,-6.441236897272590548e+06
3.934375455021396456e-06,1.623532952193897758e-05,-2.910223639115213423e+00,-6.449651944905114360e+06
3.936566087234660358e-06,1.622893881000459401e-05,-2.924361722257696972e+00,-6.458122555151062086e+06
3.938756719447923413e-06,1.622251710636056087e-05,-2.938518422502029548e+00,-6.466649003852409311e+06
3.940947351661187315e-06,1.621606437008945407e-05,-2.952693862474097930e+00,-6.475231569293149747e+06
3.943137983874450370e-06,1.620958056000455067e-05,-2.966888165412088441e+00,-6.483870532220640220e+06
3.945328616087714273e-06,1.620306563464848375e-05,-2.981101455171931480e+00,-6.492566175867222250e+06
3.947519248300978175e-06,1.619651955229187701e-05,-2.995333856232749170e+00,-6.501318785972051322e+06
3.949709880514241230e-06,1.618994227093198274e-05,-3.009585493702376713e+00,-6.510128650803227909e+06
3.951900512727505132e-06,1.618333374829129267e-05,-3.023856493322941041e+00,-6.518996061180133373e+06
3.954091144940768187e-06,1.617669394181614546e-05,-3.038146981476447017e+00,-6.527921310496040620e+06
3.956281777154032089e-06,1.617002280867531049e-05,-3.052457085190471098e+00,-6.536904694741000421e+06
3.958472409367295991e-06,1.616332030575858849e-05,-3.066786932143849675e+00,-6.545946512524946593e+06
3.960663041580559046e-06,1.615658638967535133e-05,-3.081136650672456678e+00,-6.555047065101116896e+06
3.962853673793822948e-06,1.614982101675310880e-05,-3.095506369775024247e+00,-6.564206656389713287e+06
3.965044306007086850e-06,1.614302414303606188e-05,-3.109896219118998051e+00,-6.573425593001822941e+06
3.967234938220349906e-06,1.613619572428361536e-05,-3.124306329046464548e+00,-6.582704184263642877e+06
3.969425570433613808e-06,1.612933571596888706e-05,-3.138736830580135972e+00,-6.592042742240986787e+06
3.971616202646876863e-06,1.612244407327723399e-05,-3.153187855429355313e+00,-6.601441581764012575e+06
3.973806834860140765e-06,1.611552075110472769e-05,-3.167659535996207865e+00,-6.610901020452334546e+06
3.975997467073404667e-06,1.610856570405662280e-05,-3.182152005381634563e+00,-6.620421378740328364e+06
3.978188099286667722e-06,1.610157888644583917e-05,-3.196665397391636798e+00,-6.630002979902781546e+06
3.980378731499931624e-06,1.609456025229138637e-05,-3.211199846543536740e+00,-6.639646150080845691e+06
3.982569363713194679e-06,1.608750975531682213e-05,-3.225755488072262978e+00,-6.649351218308242969e+06
3.984759995926458581e-06,1.608042734894865987e-05,-3.240332457936739186e+00,-6.659118516537828371e+06
3.986950628139722484e-06,1.607331298631476952e-05,-3.254930892826290556e+00,-6.668948379668418318e+06
3.989141260352985539e-06,1.606616662024279188e-05,-3.269550930167132829e+00,-6.678841145571953617e+06
3.991331892566249441e-06,1.605898820325849538e-05,-3.284192708128925275e+00,-6.688797155120976269e+06
3.993522524779513343e-06,1.605177768758414976e-05,-3.298856365631357423e+00,-6.698816752216406167e+06
3.995713156992776398e-06,1.604453502513687944e-05,-3.313542042350821504e+00,-6.708900283815663308e+06
3.997903789206040300e-06,1.603726016752699657e-05,-3.328249878727147060e+00,-6.719048099961102009e+06
4.000094421419303355e-06,1.602995306605630699e-05,-3.342980015970372865e+00,-6.729260553808785975e+06
4.002285053632567257e-06,1.602261367171643980e-05,-3.357732596067621422e+00,-6.739538001657596789e+06
4.004475685845831159e-06,1.601524193518711950e-05,-3.372507761789995229e+00,-6.749880802978665568e+06
4.006666318059094214e-06,1.600783780683444476e-05,-3.387305656699565848e+00,-6.760289320445167832e+06
4.008856950272358117e-06,1.600040123670915714e-05,-3.402126425156435818e+00,-6.770763919962466694e+06
4.011047582485621172e-06,1.599293217454486902e-05,-3.416970212325824097e+00,-6.781304970698597841e+06
4.013238214698885074e-06,1.598543056975630525e-05,-3.431837164185276734e+00,-6.791912845115103759e+06
4.015428846912148976e-06,1.597789637143751074e-05,-3.446727427531892651e+00,-6.802587918998257257e+06
4.017619479125412031e-06,1.597032952836004806e-05,-3.461641149989649779e+00,-6.813330571490610950e+06
4.019810111338675933e-06,1.596272998897117792e-05,-3.476578480016804473e+00,-6.824141185122978874e+06
4.022000743551939835e-06,1.595509770139201950e-05,-3.491539566913326897e+00,-6.835020145846709609e+06
4.024191375765203737e-06,1.594743261341570388e-05,-3.506524560828444326e+00,-6.845967843066413887e+06
4.026382007978465945e-06,1.593973467250551395e-05,-3.521533612768234178e+00,-6.856984669673031196e+06
4.028572640191729847e-06,1.593200382579296334e-05,-3.536566874603318755e+00,-6.868071022077328525e+06
4.030763272404993750e-06,1.592424002007593973e-05,-3.551624499076580843e+00,-6.879227300243732519e+06
4.032953904618257652e-06,1.591644320181675670e-05,-3.566706639811005886e+00,-6.890453907724619843e+06
4.035144536831521554e-06,1.590861331714023600e-05,-3.581813451317577002e+00,-6.901751251694981009e+06
4.037335169044784609e-06,1.590075031183172552e-05,-3.596945089003241502e+00,-6.913119742987510748e+06
4.039525801258047664e-06,1.589285413133515449e-05,-3.612101709178986209e+00,-6.924559796128103510e+06
4.041716433471311566e-06,1.588492472075103451e-05,-3.627283469067933197e+00,-6.936071829371768050e+06
4.043907065684575468e-06,1.587696202483445375e-05,-3.642490526813568330e+00,-6.947656264738966711e+06
4.046097697897839370e-06,1.586896598799304405e-05,-3.657723041488029736e+00,-6.959313528052411042e+06
4.048288330111102425e-06,1.586093655428495489e-05,-3.672981173100467345e+00,-6.971044048974260688e+06
4.050478962324365481e-06,1.585287366741676621e-05,-3.688265082605522771e+00,-6.982848261043793522e+06
4.052669594537629383e-06,1.584477727074143529e-05,-3.703574931911822965e+00,-6.994726601715498604e+06
4.054860226750893285e-06,1.583664730725617230e-05,-3.718910883890629293e+00,-7.006679512397642247e+06
4.057050858964157187e-06,1.582848371960034992e-05,-3.734273102384530585e+00,-7.018707438491289504e+06
4.059241491177421089e-06,1.582028645005333485e-05,-3.749661752216236099e+00,-7.030810829429796897e+06
4.061432123390684144e-06,1.581205544053235673e-05,-3.765076999197444430e+00,-7.042990138718764298e+06
4.063622755603947199e-06,1.580379063259031261e-05,-3.780519010137834091e+00,-7.055245823976491578e+06
4.065813387817211101e-06,1.579549196741358161e-05,-3.795987952854080305e+00,-7.067578346974877641e+06
4.068004020030475003e-06,1.578715938581981584e-05,-3.811483996179025002e+00,-7.079988173680855893e+06
4.070194652243738906e-06,1.577879282825568393e-05,-3.827007309970904991e+00,-7.092475774298306555e+06
4.072385284457001961e-06,1.577039223479463148e-05,-3.842558065122672506e+00,-7.105041623310456984e+06
4.074575916670265016e-06,1.576195754513459743e-05,-3.858136433571446311e+00,-7.117686199522848241e+06
4.076766548883528918e-06,1.575348869859571690e-05,-3.873742588307984569e+00,-7.130409986106744967e+06
4.078957181096792820e-06,1.574498563411800037e-05,-3.889376703386324685e+00,-7.143213470643125474e+06
4.081147813310056722e-06,1.573644829025900939e-05,-3.905038953933486212e+00,-7.156097145167185925e+06
4.083338445523319777e-06,1.572787660519146794e-05,-3.920729516159268790e+00,-7.169061506213370711e+06
4.085529077736582832e-06,1.571927051670089412e-05,-3.936448567366186868e+00,-7.182107054860986769e+06
4.087719709949846734e-06,1.571062996218320479e-05,-3.952196285959434618e+00,-7.195234296780318953e+06
4.089910342163110636e-06,1.570195487864227266e-05,-3.967972851457023165e+00,-7.208443742279336788e+06
4.092100974376374539e-06,1.569324520268749367e-05,-3.983778444499982196e+00,-7.221735906350970268e+06
4.094291606589637594e-06,1.568450087053129327e-05,-3.999613246862671279e+00,-7.235111308720951900e+06
4.096482238802901496e-06,1.567572181798664976e-05,-4.015477441463223940e+00,-7.248570473896256648e+06
4.098672871016164551e-06,1.566690798046457345e-05,-4.031371212374039281e+00,-7.262113931214093231e+06
4.100863503229428453e-06,1.565805929297157240e-05,-4.047294744832441893e+00,-7.275742214891546406e+06
4.103054135442692355e-06,1.564917569010707400e-05,-4.063248225251417267e+00,-7.289455864075782709e+06
4.105244767655955410e-06,1.564025710606085343e-05,-4.079231841230468447e+00,-7.303255422894897871e+06
4.107435399869219312e-06,1.563130347461039424e-05,-4.095245781566601018e+00,-7.317141440509398468e+06
4.109626032082482367e-06,1.562231472911830327e-05,-4.111290236265373821e+00,-7.331114471164256334e+06
4.111816664295746270e-06,1.561329080252959334e-05,-4.127365396552111321e+00,-7.345175074241665192e+06
4.114007296509010172e-06,1.560423162736905404e-05,-4.143471454883217220e+00,-7.359323814314416610e+06
4.116197928722274074e-06,1.559513713573849045e-05,-4.159608604957601763e+00,-7.373561261199945584e+06
4.118388560935537129e-06,1.558600725931402953e-05,-4.175777041728220951e+00,-7.387887990015019663e+06
4.120579193148801031e-06,1.557684192934332833e-05,-4.191976961413776515e+00,-7.402304581231152639e+06
4.122769825362064086e-06,1.556764107664281941e-05,-4.208208561510465628e+00,-7.416811620730618015e+06
4.124960457575327988e-06,1.555840463159487161e-05,-4.224472040803922468e+00,-7.431409699863249436e+06
4.127151089788591890e-06,1.554913252414497790e-05,-4.240767599381253916e+00,-7.446099415503885597e+06
4.129341722001854945e-06,1.553982468379886867e-05,-4.257095438643196950e+00,-7.460881370110529475e+06
4.131532354215118847e-06,1.553048103961961830e-05,-4.273455761316440338e+00,-7.475756171783280559e+06
4.133722986428381903e-06,1.552110152022475844e-05,-4.289848771466013844e+00,-7.490724434323919937e+06
4.135913618641645805e-06,1.551168605378329984e-05,-4.306274674507863942e+00,-7.505786777296298184e+06
4.138104250854909707e-06,1.550223456801277794e-05,-4.322733677221544113e+00,-7.520943826087455265e+06
4.140294883068172762e-06,1.549274699017624417e-05,-4.339225987763028591e+00,-7.536196211969496682e+06
4.142485515281436664e-06,1.548322324707922341e-05,-4.355751815677696648e+00,-7.551544572162269615e+06
4.144676147494700566e-06,1.547366326506668501e-05,-4.372311371913397693e+00,-7.566989549896760844e+06
4.146866779707963621e-06,1.546406697001993929e-05,-4.388904868833712669e+00,-7.582531794479361735e+06
4.149057411921227523e-06,1.545443428735352039e-05,-4.405532520231324689e+00,-7.598171961356882937e+06
4.151248044134490578e-06,1.544476514201204554e-05,-4.422194541341542440e+00,-7.613910712182419375e+06
4.153438676347754481e-06,1.543505945846703357e-05,-4.438891148855989677e+00,-7.629748714882030152e+06
4.155629308561018383e-06,1.542531716071370311e-05,-4.455622560936383536e+00,-7.645686643722241744e+06
4.157819940774281438e-06,1.541553817226774714e-05,-4.472388997228526009e+00,-7.661725179378411733e+06
4.160010572987545340e-06,1.540572241616205323e-05,-4.489190678876409102e+00,-7.677865009003967047e+06
4.162201205200808395e-06,1.539586981494340352e-05,-4.506027828536478985e+00,-7.694106826300499961e+06
4.164391837414072297e-06,1.538598029066916113e-05,-4.522900670392086653e+00,-7.710451331588759087e+06
4.166582469627336199e-06,1.537605376490388542e-05,-4.539809430168017634e+00,-7.726899231880507432e+06
4.168773101840600101e-06,1.536609015871597431e-05,-4.556754335145268620e+00,-7.743451240951334126e+06
4.170963734053863156e-06,1.535608939267420168e-05,-4.573735614175927999e+00,-7.760108079414365813e+06
4.173154366267127058e-06,1.534605138684428852e-05,-4.590753497698240260e+00,-7.776870474794900045e+06
4.175344998480390114e-06,1.533597606078539286e-05,-4.607808217751824031e+00,-7.793739161606019363e+06
4.177535630693654016e-06,1.532586333354658608e-05,-4.624900007993089979e+00,-7.810714881425142288e+06
4.179726262906917918e-06,1.531571312366330559e-05,-4.642029103710759941e+00,-7.827798382971539162e+06
4.181916895120180973e-06,1.530552534915375997e-05,-4.659195741841624994e+00,-7.844990422184864990e+06
4.184107527333444875e-06,1.529529992751528674e-05,-4.676400160986442955e+00,-7.862291762304672971e+06
4.186298159546707930e-06,1.528503677572071352e-05,-4.693642601426012639e+00,-7.879703173950937577e+06
4.188488791759971832e-06,1.527473581021462093e-05,-4.710923305137454165e+00,-7.897225435205654241e+06
4.190679423973235734e-06,1.526439694690965966e-05,-4.728242515810609170e+00,-7.914859331695393659e+06
4.192870056186499636e-06,1.525402010118274053e-05,-4.745600478864683502e+00,-7.932605656674993224e+06
4.195060688399762692e-06,1.524360518787125165e-05,-4.762997441465046222e+00,-7.950465211112302728e+06
4.197251320613025747e-06,1.523315212126919932e-05,-4.780433652540211575e+00,-7.968438803773970343e+06
4.199441952826289649e-06,1.522266081512332187e-05,-4.797909362799045674e+00,-7.986527251312426291e+06
4.201632585039553551e-06,1.521213118262919666e-05,-4.815424824748098409e+00,-8.004731378353872336e+06
4.203823217252817453e-06,1.520156313642726244e-05,-4.832980292709192049e+00,-8.023052017587481067e+06
4.206013849466080508e-06,1.519095658859882135e-05,-4.850576022837179480e+00,-8.041490009855722077e+06
4.208204481679343563e-06,1.518031145066202230e-05,-4.868212273137896950e+00,-8.060046204245842993e+06
4.210395113892607465e-06,1.516962763356775789e-05,-4.885889303486356638e+00,-8.078721458182577975e+06
4.212585746105871367e-06,1.515890504769558179e-05,-4.903607375645066213e+00,-8.097516637521959841e+06
4.214776378319135269e-06,1.514814360284952942e-05,-4.921366753282636175e+00,-8.116432616646446288e+06
4.216967010532399172e-06,1.513734320825393363e-05,-4.939167701992554171e+00,-8.135470278561225161e+06
4.219157642745661380e-06,1.512650377254918615e-05,-4.957010489312174251e+00,-8.154630514991767704e+06
4.221348274958925282e-06,1.511562520378744482e-05,-4.974895384741953919e+00,-8.173914226482690312e+06
4.223538907172189184e-06,1.510470740942833574e-05,-4.992822659764845739e+00,-8.193322322497826070e+06
4.225729539385453086e-06,1.509375029633457074e-05,-5.010792587865968706e+00,-8.212855721521669999e+06
4.227920171598716988e-06,1.508275377076754615e-05,-5.028805444552479464e+00,-8.232515351162108593e+06
4.230110803811980043e-06,1.507171773838289089e-05,-5.046861507373669120e+00,-8.252302148254475556e+06
4.232301436025243098e-06,1.506064210422597538e-05,-5.064961055941286538e+00,-8.272217058967005461e+06
4.234492068238507000e-06,1.504952677272734782e-05,-5.083104371950130762e+00,-8.292261038907639682e+06
4.236682700451770903e-06,1.503837164769818728e-05,-5.101291739198801523e+00,-8.312435053232200444e+06
4.238873332665034805e-06,1.502717663232563655e-05,-5.119523443610762392e+00,-8.332740076754028909e+06
4.241063964878297860e-06,1.501594162916814855e-05,-5.137799773255617986e+00,-8.353177094055024907e+06
4.243254597091560915e-06,1.500466654015075138e-05,-5.156121018370622089e+00,-8.373747099598145112e+06
4.245445229304824817e-06,1.499335126656025928e-05,-5.174487471382479775e+00,-8.394451097841415554e+06
4.247635861518088719e-06,1.498199570904048508e-05,-5.192899426929327156e+00,-8.415290103353342041e+06
4.249826493731352621e-06,1.497059976758735464e-05,-5.211357181883034428e+00,-8.436265140929952264e+06
4.252017125944616523e-06,1.495916334154398379e-05,-5.229861035371729194e+00,-8.457377245713297278e+06
4.254207758157878731e-06,1.494768632959572156e-05,-5.248411288802595998e+00,-8.478627463311532512e+06
4.256398390371142633e-06,1.493616862976512047e-05,-5.267008245884953865e+00,-8.500016849920608103e+06
4.258589022584406536e-06,1.492461013940687804e-05,-5.285652212653546123e+00,-8.521546472447494045e+06
4.260779654797670438e-06,1.491301075520271905e-05,-5.304343497492173931e+00,-8.543217408635113388e+06
4.262970287010934340e-06,1.490137037315621168e-05,-5.323082411157557203e+00,-8.565030747188840061e+06
4.265160919224196548e-06,1.488968888858755485e-05,-5.341869266803485949e+00,-8.586987587904725224e+06
4.267351551437460450e-06,1.487796619612828429e-05,-5.360704380005288705e+00,-8.609089041799433529e+06
4.269542183650724352e-06,1.486620218971595996e-05,-5.379588068784511456e+00,-8.631336231241790578e+06
4.271732815863988254e-06,1.485439676258877211e-05,-5.398520653633958943e+00,-8.653730290086194873e+06
4.273923448077252156e-06,1.484254980728009487e-05,-5.417502457542996197e+00,-8.676272363807715476e+06
4.276114080290515211e-06,1.483066121561300258e-05,-5.436533806023152060e+00,-8.698963609639015049e+06
4.278304712503778266e-06,1.481873087869468950e-05,-5.455615027134051331e+00,-8.721805196709100157e+06
4.280495344717042169e-06,1.480675868691089130e-05,-5.474746451509587608e+00,-8.744798306183841079e+06
4.282685976930306071e-06,1.479474452992020140e-05,-5.493928412384472715e+00,-8.767944131408421323e+06
4.284876609143569973e-06,1.478268829664834172e-05,-5.513161245621076567e+00,-8.791243878051683307e+06
4.287067241356833875e-06,1.477058987528238415e-05,-5.532445289736573457e+00,-8.814698764252338558e+06
4.289257873570096083e-06,1.475844915326489930e-05,-5.551780885930416076e+00,-8.838310020767146721e+06
4.291448505783359985e-06,1.474626601728804417e-05,-5.571168378112177244e+00,-8.862078891121113673e+06
4.293639137996623887e-06,1.473404035328761601e-05,-5.590608112929634999e+00,-8.886006631759574637e+06
4.295829770209887789e-06,1.472177204643699938e-05,-5.610100439797275129e+00,-8.910094512202410027e+06
4.298020402423151691e-06,1.470946098114108791e-05,-5.629645710925101909e+00,-8.934343815200256184e+06
4.300211034636413900e-06,1.469710704103012800e-05,-5.649244281347779228e+00,-8.958755836892800406e+06
4.302401666849677802e-06,1.468471010895347790e-05,-5.668896508954171409e+00,-8.983331886969242245e+06
4.304592299062941704e-06,1.467227006697335833e-05,-5.688602754517159354e+00,-9.008073288830786943e+06
4.306782931276205606e-06,1.465978679635847766e-05,-5.708363381723881247e+00,-9.032981379755390808e+06
4.308973563489469508e-06,1.464726017757761315e-05,-5.728178757206314309e+00,-9.058057511064674705e+06
4.311164195702732563e-06,1.463469009029314634e-05,-5.748049250572212721e+00,-9.083303048293059692e+06
4.313354827915995618e-06,1.462207641335447316e-05,-5.767975234436460319e+00,-9.108719371359197423e+06
4.315545460129259520e-06,1.460941902479142928e-05,-5.787957084452726164e+00,-9.134307874739602208e+06
4.317736092342523422e-06,1.459671780180755616e-05,-5.807995179345578407e+00,-9.160069967644684017e+06
4.319926724555787325e-06,1.458397262077336716e-05,-5.828089900942947210e+00,-9.186007074197083712e+06
4.322117356769050380e-06,1.457118335721950013e-05,-5.848241634208983797e+00,-9.212120633612424135e+06
4.324307988982313435e-06,1.455834988582980051e-05,-5.868450767277350266e+00,-9.238412100382458419e+06
4.326498621195577337e-06,1.454547208043436893e-05,-5.888717691484845140e+00,-9.264882944460628554e+06
4.328689253408841239e-06,1.453254981400248165e-05,-5.909042801405511192e+00,-9.291534651450136676e+06
4.330879885622105141e-06,1.451958295863547893e-05,-5.929426494885111865e+00,-9.318368722794555128e+06
4.333070517835368196e-06,1.450657138555954998e-05,-5.949869173076042905e+00,-9.345386675970891491e+06
4.335261150048632098e-06,1.449351496511843828e-05,-5.970371240472696961e+00,-9.372590044685358182e+06
4.337451782261895153e-06,1.448041356676611818e-05,-5.990933104947185228e+00,-9.399980379071600735e+06
4.339642414475159055e-06,1.446726705905931730e-05,-6.011555177785576909e+00,-9.427559245891693980e+06
4.341833046688422958e-06,1.445407530965002360e-05,-6.032237873724540123e+00,-9.455328228739770129e+06
4.344023678901686860e-06,1.444083818527787234e-05,-6.052981610988439343e+00,-9.483288928248366341e+06
4.346214311114949915e-06,1.442755555176247022e-05,-6.073786811326880475e+00,-9.511442962297480553e+06
4.348404943328212970e-06,1.441422727399562299e-05,-6.094653900052761308e+00,-9.539791966226555407e+06
4.350595575541476872e-06,1.440085321593349707e-05,-6.115583306080695003e+00,-9.568337593049043790e+06
4.352786207754740774e-06,1.438743324058869465e-05,-6.136575461966011780e+00,-9.597081513670071959e+06
4.354976839968004676e-06,1.437396721002221026e-05,-6.157630803944175391e+00,-9.626025417106846347e+06
4.357167472181267731e-06,1.436045498533535692e-05,-6.178749771970697857e+00,-9.655171010712038726e+06
4.359358104394531633e-06,1.434689642666152953e-05,-6.199932809761589780e+00,-9.684520020400181413e+06
4.361548736607794688e-06,1.433329139315796832e-05,-6.221180364834220100e+00,-9.714074190876942128e+06
4.363739368821058591e-06,1.431963974299736482e-05,-6.242492888548763830e+00,-9.743835285871576518e+06
4.365930001034322493e-06,1.430594133335939144e-05,-6.263870836150139176e+00,-9.773805088372392580e+06
4.368120633247585548e-06,1.429219602042216175e-05,-6.285314666810430495e+00,-9.803985400865316391e+06
4.370311265460849450e-06,1.427840365935355684e-05,-6.306824843671915204e+00,-9.834378045575708151e+06
4.372501897674112505e-06,1.426456410430250934e-05,-6.328401833890509920e+00,-9.864984864713203162e+06
4.374692529887376407e-06,1.425067720839014518e-05,-6.350046108679859636e+00,-9.895807720719957724e+06
4.376883162100640309e-06,1.423674282370084566e-05,-6.371758143355926940e+00,-9.926848496522070840e+06
4.379073794313903364e-06,1.422276080127322489e-05,-6.393538417382131023e+00,-9.958109095784306526e+06
4.381264426527167266e-06,1.420873099109096487e-05,-6.415387414415099521e+00,-9.989591443168280646e+06
4.383455058740431169e-06,1.419465324207361502e-05,-6.437305622350894652e+00,-1.002129748459383473e+07
4.385645690953694224e-06,1.418052740206723757e-05,-6.459293533371909035e+00,-1.005322918750402331e+07
4.387836323166958126e-06,1.416635331783495804e-05,-6.481351643994297085e+00,-1.008538854113348201e+07
4.390026955380221181e-06,1.415213083504743950e-05,-6.503480455116002368e+00,-1.011777755678027123e+07
4.392217587593485083e-06,1.413785979827319761e-05,-6.525680472065429782e+00,-1.015039826808138937e+07
4.394408219806748985e-06,1.412354005096887840e-05,-6.547952204650630215e+00,-1.018325273129168525e+07
4.396598852020012040e-06,1.410917143546936656e-05,-6.570296167209190408e+00,-1.021634302556655556e+07
4.398789484233275942e-06,1.409475379297782438e-05,-6.592712878658705478e+00,-1.024967125324820168e+07
4.400980116446539844e-06,1.408028696355558324e-05,-6.615202862547893581e+00,-1.028323954015565850e+07
4.403170748659802900e-06,1.406577078611195889e-05,-6.637766647108334084e+00,-1.031705003587849624e+07
4.405361380873066802e-06,1.405120509839391596e-05,-6.660404765306896735e+00,-1.035110491407437436e+07
4.407552013086330704e-06,1.403658973697566806e-05,-6.683117754898750817e+00,-1.038540637277032435e+07
4.409742645299593759e-06,1.402192453724809671e-05,-6.705906158481109713e+00,-1.041995663466794416e+07
4.411933277512857661e-06,1.400720933340811084e-05,-6.728770523547619398e+00,-1.045475794745250419e+07
4.414123909726120716e-06,1.399244395844784714e-05,-6.751711402543415730e+00,-1.048981258410589211e+07
4.416314541939384618e-06,1.397762824414374846e-05,-6.774729352920929593e+00,-1.052512284322369285e+07
4.418505174152648520e-06,1.396276202104556248e-05,-6.797824937196287998e+00,-1.056069104933603667e+07
4.420695806365911575e-06,1.394784511846517279e-05,-6.820998723006523434e+00,-1.059651955323270150e+07
4.422886438579175477e-06,1.393287736446531298e-05,-6.844251283167440469e+00,-1.063261073229218833e+07
4.425077070792438533e-06,1.391785858584817410e-05,-6.867583195732226642e+00,-1.066896699081490375e+07
4.427267703005702435e-06,1.390278860814382394e-05,-6.890995044050833407e+00,-1.070559076036057435e+07
4.429458335218966337e-06,1.388766725559860279e-05,-6.914487416830002786e+00,-1.074248450008969381e+07
4.431648967432229392e-06,1.387249435116326825e-05,-6.938060908194151111e+00,-1.077965069710932113e+07
4.433839599645493294e-06,1.385726971648108604e-05,-6.961716117746957977e+00,-1.081709186682305112e+07
4.436030231858756349e-06,1.384199317187575975e-05,-6.985453650633736800e+00,-1.085481055328526348e+07
4.438220864072020251e-06,1.382666453633919456e-05,-7.009274117604624266e+00,-1.089280932955975831e+07
4.440411496285284153e-06,1.381128362751918484e-05,-7.033178135078472337e+00,-1.093109079808256030e+07
4.442602128498548055e-06,1.379585026170690851e-05,-7.057166325207629320e+00,-1.096965759102923796e+07
4.444792760711811111e-06,1.378036425382429270e-05,-7.081239315943483881e+00,-1.100851237068655714e+07
4.446983392925074166e-06,1.376482541741125408e-05,-7.105397741102827958e+00,-1.104765782982850634e+07
4.449174025138338068e-06,1.374923356461273580e-05,-7.129642240435102529e+00,-1.108709669209688343e+07
4.451364657351601970e-06,1.373358850616569544e-05,-7.153973459690378789e+00,-1.112683171238614433e+07
4.453555289564865872e-06,1.371789005138583875e-05,-7.178392050688284343e+00,-1.116686567723291367e+07
4.455745921778128927e-06,1.370213800815426363e-05,-7.202898671387740315e+00,-1.120720140520988405e+07
4.457936553991392829e-06,1.368633218290394149e-05,-7.227493985957575973e+00,-1.124784174732427858e+07
4.460127186204655884e-06,1.367047238060602073e-05,-7.252178664848011991e+00,-1.128878958742077649e+07
4.462317818417919786e-06,1.365455840475598790e-05,-7.276953384863085184e+00,-1.133004784258912317e+07
4.464508450631183688e-06,1.363859005735968491e-05,-7.301818829233856611e+00,-1.137161946357603371e+07
4.466699082844447591e-06,1.362256713891912968e-05,-7.326775687692649974e+00,-1.141350743520190567e+07
4.468889715057710646e-06,1.360648944841820974e-05,-7.351824656548134662e+00,-1.145571477678192034e+07
4.471080347270973701e-06,1.359035678330818783e-05,-7.376966438761346723e+00,-1.149824454255176336e+07
4.473270979484237603e-06,1.357416893949301603e-05,-7.402201744022705476e+00,-1.154109982209795713e+07
4.475461611697501505e-06,1.355792571131455841e-05,-7.427531288829860578e+00,-1.158428374079254828e+07
4.477652243910765407e-06,1.354162689153756301e-05,-7.452955796566614666e+00,-1.162779946023257077e+07
4.479842876124028462e-06,1.352527227133449142e-05,-7.478475997582746615e+00,-1.167165017868385091e+07
4.482033508337291517e-06,1.350886164027017908e-05,-7.504092629274819792e+00,-1.171583913152940013e+07
4.484224140550555419e-06,1.349239478628628879e-05,-7.529806436168032135e+00,-1.176036959172234312e+07
4.486414772763819322e-06,1.347587149568563553e-05,-7.555618169998955302e+00,-1.180524487024313770e+07
4.488605404977083224e-06,1.345929155311627411e-05,-7.581528589799387596e+00,-1.185046831656138040e+07
4.490796037190347126e-06,1.344265474155543264e-05,-7.607538461981163458e+00,-1.189604331910195202e+07
4.492986669403609334e-06,1.342596084229325457e-05,-7.633648560422000351e+00,-1.194197330571545660e+07
4.495177301616873236e-06,1.340920963491633410e-05,-7.659859666552415014e+00,-1.198826174415309541e+07
4.497367933830137138e-06,1.339240089729109564e-05,-7.686172569443610492e+00,-1.203491214254560135e+07
4.499558566043401040e-06,1.337553440554694809e-05,-7.712588065896487599e+00,-1.208192804988652281e+07
4.501749198256664942e-06,1.335860993405925263e-05,-7.739106960531691115e+00,-1.212931305651955307e+07
4.503939830469927150e-06,1.334162725543209921e-05,-7.765730065880719124e+00,-1.217707079462989792e+07
4.506130462683191052e-06,1.332458614048085255e-05,-7.792458202478161233e+00,-1.222520493873970583e+07
4.508321094896454955e-06,1.330748635821455591e-05,-7.819292198954931550e+00,-1.227371920620720647e+07
4.510511727109718857e-06,1.329032767581807391e-05,-7.846232892132695369e+00,-1.232261735772974975e+07
4.512702359322982759e-06,1.327310985863402872e-05,-7.873281127119358125e+00,-1.237190319785051048e+07
4.514892991536244967e-06,1.325583267014457701e-05,-7.900437757405659234e+00,-1.242158057546868362e+07
4.517083623749508869e-06,1.323849587195289377e-05,-7.927703644962945440e+00,-1.247165338435323164e+07
4.519274255962772771e-06,1.322109922376453932e-05,-7.955079660341962011e+00,-1.252212556365971267e+07
4.521464888176036673e-06,1.320364248336851793e-05,-7.982566682772894495e+00,-1.257300109845045581e+07
4.523655520389300575e-06,1.318612540661816368e-05,-8.010165600266494934e+00,-1.262428402021766081e+07
4.525846152602564477e-06,1.316854774741179765e-05,-8.037877309716369822e+00,-1.267597840740925074e+07
4.528036784815826685e-06,1.315090925767315632e-05,-8.065702717002400490e+00,-1.272808838595740497e+07
4.530227417029090588e-06,1.313320968733157611e-05,-8.093642737095404271e+00,-1.278061812980960868e+07
4.532418049242354490e-06,1.311544878430198479e-05,-8.121698294162820631e+00,-1.283357186146166734e+07
4.534608681455618392e-06,1.309762629446463193e-05,-8.149870321675701135e+00,-1.288695385249300860e+07
4.536799313668882294e-06,1.307974196164457721e-05,-8.178159762516809650e+00,-1.294076842410353757e+07
4.538989945882144502e-06,1.306179552759097193e-05,-8.206567569089903813e+00,-1.299501994765205868e+07
4.541180578095408404e-06,1.304378673195605434e-05,-8.235094703430245744e+00,-1.304971284519593231e+07
4.543371210308672306e-06,1.302571531227396532e-05,-8.263742137316180347e+00,-1.310485159003146552e+07
4.545561842521936208e-06,1.300758100393925747e-05,-8.292510852382038777e+00,-1.316044070723517239e+07
4.547752474735200110e-06,1.298938354018517718e-05,-8.321401840232132585e+00,-1.321648477420507558e+07
4.549943106948463166e-06,1.297112265206171800e-05,-8.350416102555964670e+00,-1.327298842120197415e+07
4.552133739161726221e-06,1.295279806841336571e-05,-8.379554651244665919e+00,-1.332995633189034835e+07
4.554324371374990123e-06,1.293440951585666550e-05,-8.408818508508502987e+00,-1.338739324387810379e+07
4.556515003588254025e-06,1.291595671875745201e-05,-8.438208706995688146e+00,-1.344530394925524108e+07
4.558705635801517927e-06,1.289743939920787104e-05,-8.467726289912304694e+00,-1.350369329513067752e+07
4.560896268014780982e-06,1.287885727700312002e-05,-8.497372311143410073e+00,-1.356256618416672200e+07
4.563086900228044037e-06,1.286021006961789034e-05,-8.527147835375366469e+00,-1.362192757511096448e+07
4.565277532441307939e-06,1.284149749218261480e-05,-8.557053938219196354e+00,-1.368178248332452402e+07
4.567468164654571841e-06,1.282271925745937131e-05,-8.587091706335238328e+00,-1.374213598130669631e+07
4.569658796867835744e-06,1.280387507581754756e-05,-8.617262237558879434e+00,-1.380299319921492040e+07
4.571849429081098799e-06,1.278496465520923132e-05,-8.647566641027394141e+00,-1.386435932537955604e+07
4.574040061294362701e-06,1.276598770114427555e-05,-8.678006037308005460e+00,-1.392623960681294650e+07
4.576230693507625756e-06,1.274694391666517534e-05,-8.708581558526910626e+00,-1.398863934971164912e+07
4.578421325720889658e-06,1.272783300232155869e-05,-8.739294348499520027e+00,-1.405156391995148174e+07
4.580611957934153560e-06,1.270865465614445705e-05,-8.770145562861712207e+00,-1.411501874357433245e+07
4.582802590147417462e-06,1.268940857362025732e-05,-8.801136369202174237e+00,-1.417900930726590380e+07
4.584993222360680517e-06,1.267009444766438460e-05,-8.832267947195738600e+00,-1.424354115882345475e+07
4.587183854573943572e-06,1.265071196859464938e-05,-8.863541488737817886e+00,-1.430861990761281550e+07
4.589374486787207474e-06,1.263126082410436787e-05,-8.894958198079679690e+00,-1.437425122501304746e+07
4.591565119000471377e-06,1.261174069923511795e-05,-8.926519291964833513e+00,-1.444044084484849311e+07
4.593755751213735279e-06,1.259215127634923611e-05,-8.958225999766280978e+00,-1.450719456380644068e+07
4.595946383426998334e-06,1.257249223510200077e-05,-8.990079563624627568e+00,-1.457451824183938280e+07
4.598137015640262236e-06,1.255276325241348211e-05,-9.022081238587173146e+00,-1.464241780255084112e+07
4.600327647853525291e-06,1.253296400244016467e-05,-9.054232292747673938e+00,-1.471089923356290534e+07
4.602518280066789193e-06,1.251309415654617709e-05,-9.086534007387010448e+00,-1.477996858686459251e+07
4.604708912280053095e-06,1.249315338327425918e-05,-9.118987677114555268e+00,-1.484963197913926281e+07
4.606899544493316150e-06,1.247314134831642072e-05,-9.151594610010208797e+00,-1.491989559206946753e+07
4.609090176706580052e-06,1.245305771448423430e-05,-9.184356127767157929e+00,-1.499076567261785455e+07
4.611280808919843107e-06,1.243290214167892151e-05,-9.217273565835085947e+00,-1.506224853328188695e+07
4.613471441133107010e-06,1.241267428686101224e-05,-9.250348273564030777e+00,-1.513435055232103541e+07
4.615662073346370912e-06,1.239237380401975321e-05,-9.283581614348674904e+00,-1.520707817395423912e+07
4.617852705559633967e-06,1.237200034414217603e-05,-9.316974965773017203e+00,-1.528043790852554329e+07
4.620043337772897869e-06,1.235155355518184507e-05,-9.350529719755389380e+00,-1.535443633263582736e+07
4.622233969986161771e-06,1.233103308202733260e-05,-9.384247282693673142e+00,-1.542908008923823945e+07
4.624424602199424826e-06,1.231043856647030937e-05,-9.418129075610760736e+00,-1.550437588769506849e+07
4.626615234412688728e-06,1.228976964717335563e-05,-9.452176534300045674e+00,-1.558033050379341841e+07
4.628805866625951783e-06,1.226902595963745033e-05,-9.486391109470899252e+00,-1.565695077971687913e+07
4.630996498839215685e-06,1.224820713616910795e-05,-9.520774266894107996e+00,-1.573424362397076562e+07
4.633187131052479588e-06,1.222731280584727815e-05,-9.555327487546943388e+00,-1.581221601125719957e+07
4.635377763265742643e-06,1.220634259448983201e-05,-9.590052267758045090e+00,-1.589087498229777440e+07
4.637568395479006545e-06,1.218529612461980276e-05,-9.624950119351771249e+00,-1.597022764359976724e+07
4.639759027692270447e-06,1.216417301543125538e-05,-9.660022569792033664e+00,-1.605028116716291010e+07
4.641949659905533502e-06,1.214297288275487844e-05,-9.695271162325395764e+00,-1.613104279012266733e+07
4.644140292118797404e-06,1.212169533902325238e-05,-9.730697456123278855e+00,-1.621251981432625838e+07
4.646330924332060459e-06,1.210033999323583147e-05,-9.766303026423173606e+00,-1.629471960583733022e+07
4.648521556545324361e-06,1.207890645092358014e-05,-9.802089464668744867e+00,-1.637764959436512925e+07
4.650712188758588263e-06,1.205739431411330620e-05,-9.838058378648542046e+00,-1.646131727261333354e+07
4.652902820971851318e-06,1.203580318129172453e-05,-9.874211392633188922e+00,-1.654573019554388337e+07
4.655093453185115221e-06,1.201413264736917025e-05,-9.910550147510960528e+00,-1.663089597955099866e+07
4.657284085398379123e-06,1.199238230364309327e-05,-9.947076300921255054e+00,-1.671682230153933913e+07
4.659474717611642178e-06,1.197055173776120389e-05,-9.983791527386097542e+00,-1.680351689790155366e+07
4.661665349824906080e-06,1.194864053368434397e-05,-1.002069751843922596e+01,-1.689098756338877603e+07
4.663855982038169135e-06,1.192664827164907516e-05,-1.005779598275260156e+01,-1.697924214986800402e+07
4.666046614251433037e-06,1.190457452812995375e-05,-1.009508864626020497e+01,-1.706828856496005878e+07
4.668237246464696939e-06,1.188241887580168017e-05,-1.013257725227828132e+01,-1.715813477054988593e+07
4.670427878677959994e-06,1.186018088350084187e-05,-1.017026356162264022e+01,-1.724878878116394952e+07
4.672618510891223896e-06,1.183786011618744960e-05,-1.020814935272203883e+01,-1.734025866220546514e+07
4.674809143104486952e-06,1.181545613490624829e-05,-1.024623642172753435e+01,-1.743255252803979814e+07
4.676999775317750854e-06,1.179296849674772984e-05,-1.028452658261758401e+01,-1.752567853992181271e+07
4.679190407531014756e-06,1.177039675480903238e-05,-1.032302166729824755e+01,-1.761964490375538915e+07
4.681381039744278658e-06,1.174774045815454476e-05,-1.036172352569843724e+01,-1.771445986767629534e+07
4.683571671957541713e-06,1.172499915177631964e-05,-1.040063402585955465e+01,-1.781013171944798902e+07
4.685762304170804768e-06,1.170217237655433575e-05,-1.043975505401926185e+01,-1.790666878365983814e+07
4.687952936384068670e-06,1.167925966921646208e-05,-1.047908851468899627e+01,-1.800407941871700436e+07
4.690143568597332572e-06,1.165626056229839148e-05,-1.051863633072463067e+01,-1.810237201360983402e+07
4.692334200810596474e-06,1.163317458410342355e-05,-1.055840044338946093e+01,-1.820155498444939405e+07
4.694524833023859529e-06,1.161000125866205612e-05,-1.059838281240971192e+01,-1.830163677075804397e+07
4.696715465237123432e-06,1.158674010569148685e-05,-1.063858541602157182e+01,-1.840262583150001988e+07
4.698906097450386487e-06,1.156339064055501499e-05,-1.067901025100913337e+01,-1.850453064083742350e+07
4.701096729663650389e-06,1.153995237422133466e-05,-1.071965933273285465e+01,-1.860735968359675258e+07
4.703287361876914291e-06,1.151642481322388233e-05,-1.076053469514760152e+01,-1.871112145042915270e+07
4.705477994090178193e-06,1.149280745962007931e-05,-1.080163839080984545e+01,-1.881582443264777213e+07
4.707668626303441248e-06,1.146909981095060810e-05,-1.084297249087308934e+01,-1.892147711672385409e+07
4.709859258516704303e-06,1.144530136019868872e-05,-1.088453908507083412e+01,-1.902808797842249647e+07
4.712049890729968205e-06,1.142141159574932797e-05,-1.092634028168654936e+01,-1.913566547655883431e+07
4.714240522943232107e-06,1.139743000134871437e-05,-1.096837820750952730e+01,-1.924421804635275900e+07
4.716431155156496010e-06,1.137335605606386721e-05,-1.101065500777509598e+01,-1.935375409235791489e+07
4.718621787369759065e-06,1.134918923424226182e-05,-1.105317284608934969e+01,-1.946428198094445467e+07
4.720812419583022120e-06,1.132492900547169217e-05,-1.109593390433701643e+01,-1.957581003230950981e+07
4.723003051796286022e-06,1.130057483454027217e-05,-1.113894038257106267e+01,-1.968834651198808849e+07
4.725193684009549924e-06,1.127612618139683189e-05,-1.118219449888313655e+01,-1.980189962183718011e+07
4.727384316222813826e-06,1.125158250111152367e-05,-1.122569848925377300e+01,-1.991647749046387896e+07
4.729574948436077728e-06,1.122694324383688240e-05,-1.126945460738085281e+01,-2.003208816306591406e+07
4.731765580649339936e-06,1.120220785476923973e-05,-1.131346512448505948e+01,-2.014873959065169841e+07
4.733956212862603838e-06,1.117737577411054322e-05,-1.135773232909116714e+01,-2.026643961860600859e+07
4.736146845075867741e-06,1.115244643703069048e-05,-1.140225852678352858e+01,-2.038519597456417605e+07
4.738337477289131643e-06,1.112741927363026652e-05,-1.144704603993486458e+01,-2.050501625555795431e+07
4.740528109502395545e-06,1.110229370890435848e-05,-1.149209720740460305e+01,-2.062590791438620538e+07
4.742718741715657753e-06,1.107706916270680235e-05,-1.153741438420703425e+01,-2.074787824517264217e+07
4.744909373928921655e-06,1.105174504971506843e-05,-1.158299994114775266e+01,-2.087093436806596816e+07
4.747100006142185557e-06,1.102632077939613432e-05,-1.162885626442461628e+01,-2.099508321302879602e+07
4.749290638355449459e-06,1.100079575597317113e-05,-1.167498575519266168e+01,-2.112033150266833603e+07
4.751481270568713361e-06,1.097516937839330710e-05,-1.172139082909017738e+01,-2.124668573405320942e+07
4.753671902781977263e-06,1.094944104029654660e-05,-1.176807391572363670e+01,-2.137415215945901722e+07
4.755862534995239471e-06,1.092361012998581730e-05,-1.181503745810912598e+01,-2.150273676598234102e+07
4.758053167208503374e-06,1.089767603039821851e-05,-1.186228391206794974e+01,-2.163244525395981595e+07
4.760243799421767276e-06,1.087163811907761291e-05,-1.190981574557378764e+01,-2.176328301412481070e+07
4.762434431635031178e-06,1.084549576814845488e-05,-1.195763543804937612e+01,-2.189525510343269631e+07
4.764625063848295080e-06,1.081924834429189743e-05,-1.200574547960663274e+01,-2.202836621946970373e+07
4.766815696061557288e-06,1.079289520872343222e-05,-1.205414837022888008e+01,-2.216262067337019369e+07
4.769006328274821190e-06,1.076643571717194072e-05,-1.210284661889478741e+01,-2.229802236116695032e+07
4.771196960488085092e-06,1.073986921986107137e-05,-1.215184274263546982e+01,-2.243457473346892744e+07
4.773387592701348994e-06,1.071319506149254961e-05,-1.220113926552417638e+01,-2.257228076338117570e+07
4.775578224914612896e-06,1.068641258123199352e-05,-1.225073871759354027e+01,-2.271114291256292164e+07
4.777768857127875104e-06,1.065952111269723485e-05,-1.230064363367602809e+01,-2.285116309531635046e+07
4.779959489341139007e-06,1.063251998394922368e-05,-1.235085655216335532e+01,-2.299234264059348404e+07
4.782150121554402909e-06,1.060540851748573148e-05,-1.240138001368015708e+01,-2.313468225180113316e+07
4.784340753767666811e-06,1.057818603023777331e-05,-1.245221655966797591e+01,-2.327818196428016201e+07
4.786531385980930713e-06,1.055085183356896742e-05,-1.250336873087482026e+01,-2.342284110032606870e+07
4.788722018194193768e-06,1.052340523327919110e-05,-1.255483906574082198e+01,-2.356865822159632668e+07
4.790912650407456823e-06,1.049584552961220052e-05,-1.260663009867375628e+01,-2.371563107875068858e+07
4.793103282620720725e-06,1.046817201726578160e-05,-1.265874435821831057e+01,-2.386375655819747224e+07
4.795293914833984627e-06,1.044038398540680521e-05,-1.271118436510048788e+01,-2.401303062573622167e+07
4.797484547047248529e-06,1.041248071769040224e-05,-1.276395263014656933e+01,-2.416344826693747938e+07
4.799675179260511585e-06,1.038446149228412611e-05,-1.281705165206758501e+01,-2.431500342406296730e+07
4.801865811473774640e-06,1.035632558189722452e-05,-1.287048391510117185e+01,-2.446768892932182923e+07
4.804056443687038542e-06,1.032807225381535083e-05,-1.292425188650234880e+01,-2.462149643424673006e+07
4.806247075900302444e-06,1.029970076994067114e-05,-1.297835801387544130e+01,-2.477641633496409282e+07
4.808437708113566346e-06,1.027121038683768022e-05,-1.303280472233867826e+01,-2.493243769311852753e+07
4.810628340326830248e-06,1.024260035578485703e-05,-1.308759441151341996e+01,-2.508954815220022574e+07
4.812818972540093303e-06,1.021386992283422126e-05,-1.314272945232197110e+01,-2.524773384898373857e+07
4.815009604753356358e-06,1.018501832887987188e-05,-1.319821218357584769e+01,-2.540697931976163015e+07
4.817200236966620260e-06,1.015604480973060156e-05,-1.325404490837041038e+01,-2.556726740115901083e+07
4.819390869179884163e-06,1.012694859619263824e-05,-1.331022989024500980e+01,-2.572857912510420755e+07
4.821581501393148065e-06,1.009772891416026072e-05,-1.336676934910971681e+01,-2.589089360765594244e+07
4.823772133606411120e-06,1.006838498471615003e-05,-1.342366545692117086e+01,-2.605418793130607158e+07
4.825962765819674175e-06,1.003891602424178495e-05,-1.348092033309215410e+01,-2.621843702036212757e+07
4.828153398032938077e-06,1.000932124453833054e-05,-1.353853603961900376e+01,-2.638361350899074227e+07
4.830344030246201979e-06,9.979599852958136584e-06,-1.359651457591186130e+01,-2.654968760148290917e+07
4.832534662459465881e-06,9.949751052547284834e-06,-1.365485787331192213e+01,-2.671662692427551001e+07
4.834725294672728936e-06,9.919774042199481286e-06,-1.371356778928030806e+01,-2.688439636923990771e+07
4.836915926885992838e-06,9.889668016824146505e-06,-1.377264610123189392e+01,-2.705295792768156156e+07
4.839106559099255893e-06,9.859432167533660723e-06,-1.383209449996868479e+01,-2.722227051439379156e+07
4.841297191312519796e-06,9.829065681837002348e-06,-1.389191458275535851e+01,-2.739228978139264509e+07
4.843487823525783698e-06,9.798567743853522138e-06,-1.395210784595288267e+01,-2.756296792047730088e+07
4.845678455739046753e-06,9.767937534541470997e-06,-1.401267567721288998e+01,-2.773425345402971283e+07
4.847869087952310655e-06,9.737174231945135391e-06,-1.407361934720018581e+01,-2.790609101331025362e+07
4.850059720165573710e-06,9.706277011461481624e-06,-1.413494000081268709e+01,-2.807842110346556082e+07
4.852250352378837612e-06,9.675245046126602051e-06,-1.419663864786951457e+01,-2.825117985442682356e+07
4.854440984592101514e-06,9.644077506922737420e-06,-1.425871615323703345e+01,-2.842429875682805106e+07
4.856631616805364569e-06,9.612773563106353058e-06,-1.432117322636310242e+01,-2.859770438202765957e+07
4.858822249018628471e-06,9.581332382557794072e-06,-1.438401041018988558e+01,-2.877131808526584879e+07
4.861012881231891526e-06,9.549753132156912276e-06,-1.444722806939890702e+01,-2.894505569087693840e+07
4.863203513445155429e-06,9.518034978197039989e-06,-1.451082637788699614e+01,-2.911882715819985420e+07
4.865394145658419331e-06,9.486177086810568189e-06,-1.457480530556546761e+01,-2.929253622749064118e+07
4.867584777871683233e-06,9.454178624432568300e-06,-1.463916460432235134e+01,-2.946608004414244741e+07
4.869775410084946288e-06,9.422038758292576135e-06,-1.470390379314530271e+01,-2.963934876001866162e+07
4.871966042298210190e-06,9.389756656941761486e-06,-1.476902214234551813e+01,-2.981222511043736711e+07
4.874156674511473245e-06,9.357331490817368853e-06,-1.483451865682196669e+01,-2.998458396524241194e+07
4.876347306724737147e-06,9.324762432845174718e-06,-1.490039205830822056e+01,-3.015629185231920332e+07
4.878537938938001049e-06,9.292048659081181061e-06,-1.496664076654319864e+01,-3.032720645182038099e+07
4.880728571151264104e-06,9.259189349393526019e-06,-1.503326287930763172e+01,-3.049717605927202478e+07
4.882919203364528007e-06,9.226183688185565416e-06,-1.510025615126817833e+01,-3.066603901563095301e+07
4.885109835577791062e-06,9.193030865166230593e-06,-1.516761797154834213e+01,-3.083362310217216238e+07
4.887300467791054964e-06,9.159730076196680192e-06,-1.523534533980676819e+01,-3.099974489741377532e+07
4.889491100004318866e-06,9.126280524159247542e-06,-1.530343484100841067e+01,-3.116420909471329302e+07
4.891681732217581921e-06,9.092681419897228790e-06,-1.537188261859719773e+01,-3.132680777723945677e+07
4.893872364430845823e-06,9.058931983209047171e-06,-1.544068434603986795e+01,-3.148731964782657102e+07
4.896062996644109725e-06,9.025031443910008804e-06,-1.550983519663388321e+01,-3.164550921084919944e+07
4.898253628857372780e-06,8.990979042965439655e-06,-1.557932981145794926e+01,-3.180112590298569947e+07
4.900444261070636682e-06,8.956774033697290741e-06,-1.564916226534980304e+01,-3.195390316959381104e+07
4.902634893283899737e-06,8.922415683066009002e-06,-1.571932603079646995e+01,-3.210355748324708641e+07
4.904825525497163640e-06,8.887903273029501707e-06,-1.578981393962224367e+01,-3.224978730079860613e+07
4.907016157710427542e-06,8.853236101981281511e-06,-1.586061814235897494e+01,-3.239227195514442772e+07
4.909206789923690597e-06,8.818413486275517089e-06,-1.593173006515590728e+01,-3.253067047755409777e+07
4.911397422136954499e-06,8.783434761902382992e-06,-1.600314036377052673e+01,-3.266462034494484589e+07
4.913588054350217554e-06,8.748299286210551966e-06,-1.607483887498240094e+01,-3.279373614932216704e+07
4.915778686563481456e-06,8.713006439758910616e-06,-1.614681456493719125e+01,-3.291760818324346468e+07
4.917969318776745358e-06,8.677555628276302271e-06,-1.621905547428831085e+01,-3.303580093610027060e+07
4.920159950990009260e-06,8.641946284749779989e-06,-1.629154865995438684e+01,-3.314785149578767642e+07
4.922350583203272315e-06,8.606177871651898322e-06,-1.636428013324329811e+01,-3.325326784963899478e+07
4.924541215416536218e-06,8.570249883310445538e-06,-1.643723479411773525e+01,-3.335152707829114422e+07
4.926731847629799273e-06,8.534161848424024748e-06,-1.651039636137712208e+01,-3.344207343584636599e+07
4.928922479843063175e-06,8.497913332726836499e-06,-1.658374729853074925e+01,-3.352431630938895419e+07
4.931113112056327077e-06,8.461503941806327092e-06,-1.665726873513659001e+01,-3.359762805060189217e+07
4.933303744269590132e-06,8.424933324083711184e-06,-1.673094038334852840e+01,-3.366134167179077119e+07
4.935494376482854034e-06,8.388201174086578441e-06,-1.680474044875979445e+01,-3.371474839572613686e+07
4.937685008696117089e-06,8.351307235830548916e-06,-1.687864553610450713e+01,-3.375709505380048603e+07
4.939875640909380991e-06,8.314251306429645954e-06,-1.695263054908134137e+01,-3.378758132213125378e+07
4.942066273122644893e-06,8.277033239926726563e-06,-1.702666858387278381e+01,-3.380535678543783724e+07
4.944256905335908796e-06,8.239652951368811034e-06,-1.710073081606914513e+01,-3.380951781932272762e+07
4.946447537549171851e-06,8.202110421154325381e-06,-1.717478638049994899e+01,-3.379910428011804074e+07
4.948638169762434906e-06,8.164405699658309505e-06,-1.724880224355116098e+01,-3.377309599136392027e+07
4.950828801975698808e-06,8.126538912141676160e-06,-1.732274306754665716e+01,-3.373040901568239927e+07
4.953019434188962710e-06,8.088510263950897186e-06,-1.739657106677182696e+01,-3.366989170053937286e+07
4.955210066402226612e-06,8.050320046013944604e-06,-1.747024585471817559e+01,-3.359032048615054041e+07
4.957400698615489667e-06,8.011968640644956581e-06,-1.754372428209762802e+01,-3.349039546350864321e+07
4.959591330828752722e-06,7.973456527904204639e-06,-1.761696026395394910e+01,-3.336873566621263325e+07
4.961781963042016624e-06,7.934784292224957567e-06,-1.768990459664339454e+01,-3.322387408748006076e+07
4.963972595255280526e-06,7.895952629421090023e-06,-1.776250476384183941e+01,-3.305425240920215845e+07
4.966163227468544429e-06,7.856962354154336956e-06,-1.783470473048168969e+01,-3.285821542810320482e+07
4.968353859681808331e-06,7.817814407861995137e-06,-1.790644472420596145e+01,-3.263400516758974642e+07
4.970544491895070539e-06,7.778509867212189002e-06,-1.797766100343084261e+01,-3.237975466229654849e+07
4.972735124108334441e-06,7.739049953097114213e-06,-1.804828561134647558e+01,-3.209348140367392823e+07
4.974925756321598343e-06,7.699436040175117925e-06,-1.811824611518515482e+01,-3.177308043584699184e+07
4.977116388534862245e-06,7.659669666971775050e-06,-1.818746533008713229e+01,-3.141631709212052077e+07
4.979307020748126147e-06,7.619752546550794926e-06,-1.825586102689322843e+01,-3.102081936396194994e+07
4.981497652961389202e-06,7.579686577768098314e-06,-1.832334562318001758e+01,-3.058406989607052878e+07
4.983688285174652257e-06,7.539473857526379217e-06,-1.838982585501745248e+01,-3.010339760012340918e+07
4.985878917387916159e-06,7.499116693690145724e-06,-1.845520243030763297e+01,-2.957596888993437216e+07
4.988069549601180062e-06,7.458617618551484731e-06,-1.851936966326969625e+01,-2.899877853904586658e+07
4.990260181814443964e-06,7.417979403261906710e-06,-1.858221508822470014e+01,-2.836864016888127103e+07
4.992450814027707019e-06,7.377205073091925464e-06,-1.864361905219825388e+01,-2.768217637753381953e+07
4.994641446240970074e-06,7.336297923666839973e-06,-1.870345428514428221e+01,-2.693580852709715441e+07
4.996832078454233976e-06,7.295261538194797547e-06,-1.876158544735741884e+01,-2.612574621689644828e+07
4.999022710667497878e-06,7.254099805703603760e-06,-1.881786865364117034e+01,-2.524797647822320834e+07
5.001213342880761780e-06,7.212816940302109376e-06,-1.887215097379973727e+01,-2.429825273569371551e+07
5.003403975094025682e-06,7.171417501482620233e-06,-1.892426990902063366e+01,-2.327208359134450182e+07
5.005594607307287890e-06,7.129906415480453389e-06,-1.897405284371553691e+01,-2.216472150018850714e+07
5.007785239520551793e-06,7.088288998212477868e-06,-1.902131647114512347e+01,-2.097115143012507632e+07
5.009975871733815695e-06,7.046570979704229417e-06,-1.906586619493924672e+01,-1.968607962697044760e+07
5.012166503947079597e-06,7.004758529100700421e-06,-1.910749550609883229e+01,-1.830392257117964327e+07
5.014357136160343499e-06,6.962858281553758415e-06,-1.914598533736139174e+01,-1.681879633548623323e+07
5.016547768373605707e-06,6.920877366445052649e-06,-1.918110339434747758e+01,-1.522450649350022338e+07
5.018738400586869609e-06,6.878823437136364996e-06,-1.921260346426603860e+01,-1.351453879514465481e+07
5.020929032800133511e-06,6.836704702264774477e-06,-1.924022470538614016e+01,-1.168205087069847994e+07
5.023119665013397413e-06,6.794529958599425266e-06,-1.926369092048315323e+01,-9.719865262367457151e+06
5.025310297226661315e-06,6.752308625477255605e-06,-1.928270981746673129e+01,-7.620464123444751836e+06
5.027500929439924370e-06,6.710050780834768862e-06,-1.929697226039850122e+01,-5.375985970433569513e+06
5.029691561653187426e-06,6.667767198852828926e-06,-1.930615151410710340e+01,-2.978224923217606731e+06
5.031882193866451328e-06,6.625469389332402147e-06,-1.930990248951982480e+01,-4.186329617767985910e+05
5.034072826079715230e-06,6.583169639153523458e-06,-1.930786100598853849e+01,2.311674116570436861e+06
5.036263458292979132e-06,6.540881054332765802e-06,-1.929964305825113868e+01,5.221906647148573771e+06
5.038454090506243034e-06,6.498617604364301920e-06,-1.928484412157555994e+01,8.321585919165359810e+06
5.040644722719505242e-06,6.456394168197778538e-06,-1.926303849345312003e+01,1.162052318550800718e+07
5.042835354932769144e-06,6.414226581293881578e-06,-1.923377868506707955e+01,1.512879198750359938e+07
5.045025987146033046e-06,6.372131683735467056e-06,-1.919659488247727452e+01,1.885669275616748631e+07
5.047216619359296948e-06,6.330127369372553291e-06,-1.915099449745886773e+01,2.281470857353834808e+07
5.049407251572560851e-06,6.288232635980146825e-06,-1.909646182793348146e+01,2.701345090233841538e+07
5.051597883785823059e-06,6.246467636407495855e-06,-1.903245784793092810e+01,3.146359402194455266e+07
5.053788515999086961e-06,6.204853730697330206e-06,-1.895842014701954525e+01,3.617579684637320042e+07
5.055979148212350863e-06,6.163413537623490382e-06,-1.887376305310276692e+01,4.116061078778065741e+07
5.058169780425614765e-06,6.122170982188284833e-06,-1.877787800823708864e+01,4.642837225247780234e+07
5.060360412638878667e-06,6.081151347543737677e-06,-1.867013415434109902e+01,5.198907811287723482e+07
5.062551044852141722e-06,6.040381322617517107e-06,-1.854987923463562183e+01,5.785224295282201469e+07
5.064741677065404777e-06,5.999889047741701553e-06,-1.841644082430932983e+01,6.402673673370566219e+07
5.066932309278668679e-06,5.959704156807330102e-06,-1.826912793810394220e+01,7.052060176513597369e+07
5.069122941491932582e-06,5.919857815493565920e-06,-1.810723306367243168e+01,7.734084797529001534e+07
5.071313573705196484e-06,5.880382755186533463e-06,-1.793003466911855881e+01,8.449322576662547886e+07
5.073504205918459539e-06,5.841313301568189863e-06,-1.773680023251160875e+01,9.198197622550508380e+07
5.075694838131722594e-06,5.802685393099187769e-06,-1.752678983894949383e+01,9.980955958888083696e+07
5.077885470344986496e-06,5.764536593317179643e-06,-1.729926039971729068e+01,1.079763621952555478e+08
5.080076102558250398e-06,5.726906092836953929e-06,-1.705347053521735745e+01,1.164803841448101103e+08
5.082266734771514300e-06,5.689834699703044031e-06,-1.678868616243893186e+01,1.253169104706229120e+08
5.084457366984777355e-06,5.653364816277107895e-06,-1.650418681194135573e+01,1.344781698972520232e+08
5.086647999198041257e-06,5.617540401474858867e-06,-1.619927269646513324e+01,1.439529863665899336e+08
5.088838631411304312e-06,5.582406917279743335e-06,-1.587327255337449650e+01,1.537264297681605220e+08
5.091029263624568215e-06,5.548011258158432475e-06,-1.552555227432735485e+01,1.637794738153578043e+08
5.093219895837832117e-06,5.514401658036806088e-06,-1.515552420540381462e+01,1.740886723504093587e+08
5.095410528051096019e-06,5.481627578044712374e-06,-1.476265716295435659e+01,1.846258637272752523e+08
5.097601160264359074e-06,5.449739571562248791e-06,-1.434648705945915026e+01,1.953579167697149813e+08
5.099791792477622129e-06,5.418789124765985067e-06,-1.390662801858395170e+01,2.062465327566196620e+08
5.101982424690886031e-06,5.388828473215551489e-06,-1.344278384624779221e+01,2.172481182371694744e+08
5.104173056904149933e-06,5.359910392991192584e-06,-1.295475968040084247e+01,2.283137446618187726e+08
5.106363689117413835e-06,5.332087964994360898e-06,-1.244247364481573825e+01,2.393892107203169465e+08
5.108554321330676890e-06,5.305414314654802311e-06,-1.190596823700327889e+01,2.504152221643456221e+08
5.110744953543940793e-06,5.279942329000940809e-06,-1.134542113646951300e+01,2.613277024401902258e+08
5.112935585757203848e-06,5.255724348289673566e-06,-1.076115523400175533e+01,2.720582456547614336e+08
5.115126217970467750e-06,5.232811837791586763e-06,-1.015364747413430102e+01,2.825347189030852914e+08
5.117316850183731652e-06,5.211255042704268668e-06,-9.523536231219551951e+00,2.926820163854601979e+08
5.119507482396994707e-06,5.191102628448874893e-06,-8.871626862098770161e+00,3.024229631993781328e+08
5.121698114610258609e-06,5.172401308724652675e-06,-8.198895091908543264e+00,3.116793606271740794e+08
5.123888746823521664e-06,5.155195472428732381e-06,-7.506488022233937407e+00,3.203731546925671697e+08
5.126079379036785566e-06,5.139526809401742469e-06,-6.795722435987365806e+00,3.284277073400802612e+08
5.128270011250049468e-06,5.125433942827046116e-06,-6.068080220531808067e+00,3.357691398897178173e+08
5.130460643463312523e-06,5.112952075356278056e-06,-5.325200827216511001e+00,3.423277125236943364e+08
5.132651275676576426e-06,5.102112654981551292e-06,-4.568870707924937768e+00,3.480391992271066904e+08
5.134841907889840328e-06,5.092943067433017249e-06,-3.801009722418013936e+00,3.528462139122914672e+08
5.137032540103103383e-06,5.085466361201964952e-06,-3.023654833137214393e+00,3.566994417621603608e+08
5.139223172316367285e-06,5.079701011277963396e-06,-2.238941179283384209e+00,3.595587313314505816e+08
5.141413804529630340e-06,5.075660727314031436e-06,-1.449080963655271725e+00,3.613940055266234875e+08
5.143604436742894242e-06,5.073354308663275344e-06,-6.563405927749207391e-01,3.621859564981603026e+08
5.145795068956158144e-06,5.072785551940279997e-06,1.369834526681520948e-01,3.619264956608276367e+08
5.147985701169421199e-06,5.073953214119542549e-06,9.285894772894235372e-01,3.606189400829441547e+08
5.150176333382685101e-06,5.076851025991468318e-06,1.716195479280153924e+00,3.582779300597128272e+08
5.152366965595949004e-06,5.081467763633952940e-06,2.497563637673750669e+00,3.549290782216904759e+08
5.154557597809212059e-06,5.087787371003302421e-06,3.270523726924652319e+00,3.506083667847883701e+08
5.156748230022475961e-06,5.095789131399747931e-06,4.032994970625663811e+00,3.453613172047525048e+08
5.158938862235739863e-06,5.105447886526111355e-06,4.783005837750961220e+00,3.392419643530727625e+08
5.161129494449002918e-06,5.116734295278847549e-06,5.518711421733343947e+00,3.323116758944399953e+08
5.163320126662266820e-06,5.129615126960198248e-06,6.238408118031252947e+00,3.246378604233819842e+08
5.165510758875529875e-06,5.144053584786494430e-06,6.940545362769321436e+00,3.162926093022080064e+08
5.167701391088793777e-06,5.160009651163851011e-06,7.623734386968942012e+00,3.073513177361211777e+08
5.169892023302057679e-06,5.177440448969562141e-06,8.286753978030894530e+00,2.978913270068821907e+08
5.172082655515320734e-06,5.196300612157311607e-06,8.928553268124209907e+00,2.879906260837938786e+08
5.174273287728584637e-06,5.216542659522473428e-06,9.548251834822913509e+00,2.777266439683570862e+08
5.176463919941847692e-06,5.238117365946521281e-06,1.014513726060660126e+01,2.671751584749775827e+08
5.178654552155111594e-06,5.260974125348693137e-06,1.071866042837940292e+01,2.564093400162707567e+08
5.180845184368375496e-06,5.285061301815969423e-06,1.126842890312177303e+01,2.454989412319265306e+08
5.183035816581639398e-06,5.310326564474551918e-06,1.179419869989290781e+01,2.345096377342876792e+08
5.185226448794902453e-06,5.336717201230430347e-06,1.229586475106392740e+01,2.235025197243304551e+08
5.187417081008165508e-06,5.364180412781817254e-06,1.277345045150393510e+01,2.125337272133674622e+08
5.189607713221429410e-06,5.392663581845229590e-06,1.322709653645166483e+01,2.016542205332449079e+08
5.191798345434693312e-06,5.422114517253614554e-06,1.365704959265352869e+01,1.909096732137753963e+08
5.193988977647957215e-06,5.452481673246062018e-06,1.406365046339207403e+01,1.803404724902313352e+08
5.196179609861220270e-06,5.483714343898801641e-06,1.444732275228552787e+01,1.699818121265338361e+08
5.198370242074483325e-06,5.515762831865527215e-06,1.480856161539725591e+01,1.598638620944249034e+08
5.200560874287747227e-06,5.548578591949681127e-06,1.514792301230044202e+01,1.500119995820035636e+08
5.202751506501011129e-06,5.582114354859888015e-06,1.546601348835791789e+01,1.404470863182559013e+08
5.204942138714275031e-06,5.616324226470161220e-06,1.576348062637736014e+01,1.311857798034613431e+08
5.207132770927538086e-06,5.651163768151241185e-06,1.604100419748965223e+01,1.222408659252153039e+08
5.209323403140801988e-06,5.686590058173972990e-06,1.629928805578994400e+01,1.136216029106930494e+08
5.211514035354065043e-06,5.722561736107650439e-06,1.653905278688030478e+01,1.053340678501980007e+08
5.213704667567328945e-06,5.759039032349932571e-06,1.676102911602818324e+01,9.738149843709358573e+07
5.215895299780592848e-06,5.795983784077226229e-06,1.696595206166246328e+01,8.976462422482091188e+07
5.218085931993856750e-06,5.833359438219025307e-06,1.715455577775295026e+01,8.248198339259457588e+07
5.220276564207119805e-06,5.871131044941641399e-06,1.732756909151194691e+01,7.553022107686880231e+07
5.222467196420382860e-06,5.909265241765785463e-06,1.748571166345854166e+01,6.890436757260408998e+07
5.224657828633646762e-06,5.947730229612593814e-06,1.762969073478042148e+01,6.259809497054446489e+07
5.226848460846910664e-06,5.986495742283775728e-06,1.776019841258331056e+01,5.660395160018295050e+07
5.229039093060174566e-06,6.025533011255968858e-06,1.787790944498558332e+01,5.091357417779115587e+07
5.231229725273437621e-06,6.064814725801802966e-06,1.798347943688519734e+01,4.551787826278481632e+07
5.233420357486700676e-06,6.104314988703512420e-06,1.807754345887068581e+01,4.040722789445577562e+07
5.235610989699964578e-06,6.144009270548773928e-06,1.816071500708840603e+01,3.557158520294905454e+07
5.237801621913228481e-06,6.183874361690398610e-06,1.823358526945811775e+01,3.100064145898666233e+07
5.239992254126492383e-06,6.223888322682870785e-06,1.829672265962625133e+01,2.668393087622626126e+07
5.242182886339756285e-06,6.264030433848314764e-06,1.835067258366626675e+01,2.261092854406920075e+07
5.244373518553018493e-06,6.304281144910541925e-06,1.839595740494526055e+01,1.877113387892842665e+07
5.246564150766282395e-06,6.344622025331190681e-06,1.843307657391324383e+01,1.515414100778249465e+07
5.248754782979546297e-06,6.385035713557190255e-06,1.846250690510161618e+01,1.174969751875429600e+07
5.250945415192810199e-06,6.425505868026555584e-06,1.848470296662461010e+01,8.547752730227401480e+06
5.253136047406074101e-06,6.466017119012178174e-06,1.850009756660373128e+01,5.538496731198053807e+06
5.255326679619336309e-06,6.506555021720955364e-06,1.850910231633688596e+01,2.712391301656458527e+06
5.257517311832600212e-06,6.547106010509315781e-06,1.851210825181554398e+01,6.019377593789236562e+04
5.259707944045864114e-06,6.587657354362987221e-06,1.850948650154843733e+01,-2.427025241849876009e+06
5.261898576259128016e-06,6.628197113878738585e-06,1.850158898855688250e+01,-4.757869475937023759e+06
5.264089208472391918e-06,6.668714099985244792e-06,1.848874915440672950e+01,-6.940609123546329327e+06
5.266279840685655820e-06,6.709197834640571679e-06,1.847128269314189808e+01,-8.983176844866041094e+06
5.268470472898918028e-06,6.749638513424706535e-06,1.844948828569193466e+01,-1.089316696737685427e+07
5.270661105112181930e-06,6.790026967534844863e-06,1.842364835066571516e+01,-1.267783743581083044e+07
5.272851737325445832e-06,6.830354629698837251e-06,1.839402977213031321e+01,-1.434411398543334007e+07
5.275042369538709734e-06,6.870613501049925471e-06,1.836088461978332376e+01,-1.589859613316237554e+07
5.277233001751973637e-06,6.910796119311570032e-06,1.832445085733663248e+01,-1.734756464667811990e+07
5.279423633965235845e-06,6.950895528658063809e-06,1.828495303125304616e+01,-1.869699015771457553e+07
5.281614266178499747e-06,6.990905251082532291e-06,1.824260293938435495e+01,-1.995254265991934016e+07
5.283804898391763649e-06,7.030819259207355538e-06,1.819760027839121008e+01,-2.111960166537315398e+07
5.285995530605027551e-06,7.070631950472517090e-06,1.815013326882476363e+01,-2.220326682426604256e+07
5.288186162818291453e-06,7.110338122636911534e-06,1.810037925675040427e+01,-2.320836883930439875e+07
5.290376795031553661e-06,7.149932950527869478e-06,1.804850529079378418e+01,-2.413948053051391616e+07
5.292567427244817563e-06,7.189411964010817383e-06,1.799466867371993928e+01,-2.500092793041061237e+07
5.294758059458081465e-06,7.228771027492255921e-06,1.793901749208725960e+01,-2.579680135253779218e+07
5.296948691671345367e-06,7.268006320155889394e-06,1.788169112059638977e+01,-2.653096630113800988e+07
5.299139323884609270e-06,7.307114317414859842e-06,1.782282070205738833e+01,-2.720707418188748509e+07
5.301329956097872325e-06,7.346091773339031261e-06,1.776252960549917859e+01,-2.782857277237750590e+07
5.303520588311135380e-06,7.384935704091523749e-06,1.770093386109692446e+01,-2.839871640055574849e+07
5.305711220524399282e-06,7.423643372344242399e-06,1.763814257289092424e+01,-2.892057580387688428e+07
5.307901852737663184e-06,7.462212272591508457e-06,1.757425831022552032e+01,-2.939704764768372849e+07
5.310092484950927086e-06,7.500640117280313236e-06,1.750937747883728335e+01,-2.983086368798949197e+07
5.312283117164190141e-06,7.538924823676054990e-06,1.744359067252121065e+01,-3.022459956947865337e+07
5.314473749377453196e-06,7.577064501382607883e-06,1.737698300630381709e+01,-3.058068325430189818e+07
5.316664381590717098e-06,7.615057440471302614e-06,1.730963443191369322e+01,-3.090140308098163828e+07
5.318855013803981000e-06,7.652902100960392662e-06,1.724162003333267634e+01,-3.118891545048271865e+07
5.321045646017244903e-06,7.690597102372655083e-06,1.717301030807675488e+01,-3.144525215205504745e+07
5.323236278230508805e-06,7.728141213837364133e-06,1.710387143303077551e+01,-3.167232733382310346e+07
5.325426910443771860e-06,7.765533344934720612e-06,1.703426551471142503e+01,-3.187194412503425404e+07
5.327617542657034915e-06,7.802772537026099494e-06,1.696425082559940378e+01,-3.204580092162167653e+07
5.329808174870298817e-06,7.839857955120629508e-06,1.689388202692485308e+01,-3.219549734528904781e+07
5.331998807083562719e-06,7.876788880229470562e-06,1.682321037866897484e+01,-3.232253988783078268e+07
5.334189439296826621e-06,7.913564702158640794e-06,1.675228393754573020e+01,-3.242834725309063867e+07
5.336380071510089676e-06,7.950184912691563472e-06,1.668114774372688558e+01,-3.251425540944303200e+07
5.338570703723352731e-06,7.986649099112476895e-06,1.660984399707385606e+01,-3.258152236598724127e+07
5.340761335936616634e-06,8.022956938030337710e-06,1.653841222359965002e+01,-3.263133268566164747e+07
5.342951968149880536e-06,8.059108189916925456e-06,1.646688943068348010e+01,-3.266480174059320986e+07
5.345142600363144438e-06,8.095102693792605291e-06,1.639531025393207031e+01,-3.268297972911616042e+07
5.347333232576407493e-06,8.130940362038178347e-06,1.632370709647975815e+01,-3.268685546848041192e+07
5.349523864789671395e-06,8.166621175686754119e-06,1.625211025928459208e+01,-3.267735996760134771e+07
5.351714497002934450e-06,8.202145179944543682e-06,1.618054806408549595e+01,-3.265536979554706439e+07
5.353905129216198352e-06,8.237512479991414334e-06,1.610904696913449285e+01,-3.262171025546528399e+07
5.356095761429462254e-06,8.272723237035638826e-06,1.603763167813373158e+01,-3.257715837436302006e+07
5.358286393642725309e-06,8.307777664597521366e-06,1.596632524280637178e+01,-3.252244571888351068e+07
5.360477025855989211e-06,8.342676024996614764e-06,1.589514915953046881e+01,-3.245826104693248868e+07
5.362667658069252267e-06,8.377418626016931396e-06,1.582412346046556451e+01,-3.238525280469334126e+07
5.364858290282516169e-06,8.412005817725971951e-06,1.575326679959646015e+01,-3.230403147822880745e+07
5.367048922495780071e-06,8.446437989622650305e-06,1.568259653312811253e+01,-3.221517180465487763e+07
5.369239554709043126e-06,8.480715567949674918e-06,1.561212879510716434e+01,-3.211921485267144442e+07
5.371430186922307028e-06,8.514839012992547114e-06,1.554187856952265356e+01,-3.201666998409327120e+07
5.373620819135570930e-06,8.548808816661922371e-06,1.547185975757351883e+01,-3.190801669726341963e+07
5.375811451348833985e-06,8.582625500185765721e-06,1.540208524119190692e+01,-3.179370636242000386e+07
5.378002083562097887e-06,8.616289611945843253e-06,1.533256694285361021e+01,-3.167416385463146865e+07
5.380192715775361789e-06,8.649801725445952657e-06,1.526331588189479938e+01,-3.154978909029163793e+07
5.382383347988624845e-06,8.683162437399249978e-06,1.519434222755441333e+01,-3.142095847290722653e+07
5.384573980201888747e-06,8.716372365922056892e-06,1.512565534896135944e+01,-3.128802625365661830e+07
5.386764612415151802e-06,8.749432148821321024e-06,1.505726386228625380e+01,-3.115132581195248663e+07
5.388955244628415704e-06,8.782342441963333825e-06,1.498917567527645822e+01,-3.101117086099685729e+07
5.391145876841679606e-06,8.815103917786960752e-06,1.492139802902612189e+01,-3.086785658164792135e+07
5.393336509054942661e-06,8.847717263946414955e-06,1.485393753709481679e+01,-3.072166068857204169e+07
5.395527141268206563e-06,8.880183181913930753e-06,1.478680022296303598e+01,-3.057284443605616689e+07
5.397717773481470465e-06,8.912502385742760097e-06,1.471999155495772094e+01,-3.042165356330960616e+07
5.399908405694733520e-06,8.944675600883997989e-06,1.465351647926625844e+01,-3.026831918471292034e+07
5.402099037907997423e-06,8.976703563078283917e-06,1.458737945104842026e+01,-3.011305862792584673e+07
5.404289670121260478e-06,9.008587017316158695e-06,1.452158446375555911e+01,-2.995607622295279056e+07
5.406480302334524380e-06,9.040326716860845943e-06,1.445613507676637788e+01,-2.979756404511225596e+07
5.408670934547788282e-06,9.071923422326944514e-06,1.439103444144920907e+01,-2.963770261471383646e+07
5.410861566761051337e-06,9.103377900809014547e-06,1.432628532575970937e+01,-2.947666155610291660e+07
5.413052198974315239e-06,9.134690925053555333e-06,1.426189013748388135e+01,-2.931460021860355884e+07
5.415242831187578294e-06,9.165863272695244171e-06,1.419785094611028597e+01,-2.915166826128439233e+07
5.417433463400842196e-06,9.196895725576570711e-06,1.413416950327227006e+01,-2.898800620314744115e+07
5.419624095614106098e-06,9.227789069038507843e-06,1.407084726235174088e+01,-2.882374594274638966e+07
5.421814727827369153e-06,9.258544091296106113e-06,1.400788539678183220e+01,-2.865901124711882696e+07
5.424005360040633056e-06,9.289161582842595885e-06,1.394528481735406977e+01,-2.849391821272533387e+07
5.426195992253896111e-06,9.319642335892407270e-06,1.388304618854279582e+01,-2.832857569989836589e+07
5.428386624467160013e-06,9.349987143860329566e-06,1.382116994390018405e+01,-2.816308574235318229e+07
5.430577256680423915e-06,9.380196800873450878e-06,1.375965630057710420e+01,-2.799754393324097246e+07
5.432767888893687817e-06,9.410272101312935311e-06,1.369850527302414278e+01,-2.783203978914624453e+07
5.434958521106950872e-06,9.440213839382291977e-06,1.363771668592802655e+01,-2.766665709336106479e+07
5.437149153320214774e-06,9.470022808699030570e-06,1.357729018643814634e+01,-2.750147421969972923e+07
5.439339785533477829e-06,9.499699801915963102e-06,1.351722525569652333e+01,-2.733656443790151924e+07
5.441530417746741731e-06,9.529245610390481584e-06,1.345752121960994074e+01,-2.717199620132549107e+07
5.443721049960005634e-06,9.558661023839137987e-06,1.339817725917031233e+01,-2.700783341893294081e+07
5.445911682173268689e-06,9.587946830034406451e-06,1.333919242011153194e+01,-2.684413571161585301e+07
5.448102314386532591e-06,9.617103814517776280e-06,1.328056562203583368e+01,-2.668095865412719175e+07
5.450292946599795646e-06,9.646132760333014496e-06,1.322229566702597836e+01,-2.651835400340643525e+07
5.452483578813059548e-06,9.675034447778534059e-06,1.316438124776895791e+01,-2.635636991407547519e+07
5.454674211026323450e-06,9.703809654177082222e-06,1.310682095521941548e+01,-2.619505114184983075e+07
5.456864843239587352e-06,9.732459153661339552e-06,1.304961328583021718e+01,-2.603443923556931317e+07
5.459055475452850407e-06,9.760983716973640681e-06,1.299275664837833233e+01,-2.587457271851831675e+07
5.461246107666113462e-06,9.789384111278234539e-06,1.293624937041378864e+01,-2.571548725967111811e+07
5.463436739879377364e-06,9.817661099987757794e-06,1.288008970434609957e+01,-2.555721583541830629e+07
5.465627372092641267e-06,9.845815442615602091e-06,1.282427583313088171e+01,-2.539978888211790100e+07
5.467818004305905169e-06,9.873847894622436768e-06,1.276880587570311221e+01,-2.524323444042583182e+07
5.470008636519168224e-06,9.901759207282586015e-06,1.271367789207122279e+01,-2.508757829153047130e+07
5.472199268732431279e-06,9.929550127560063911e-06,1.265888988812361760e+01,-2.493284408586306125e+07
5.474389900945695181e-06,9.957221397995058459e-06,1.260443982016244568e+01,-2.477905346470996365e+07
5.476580533158959083e-06,9.984773756600317428e-06,1.255032559917754931e+01,-2.462622617511988431e+07
5.478771165372222985e-06,1.001220793676687867e-05,1.249654509487448806e+01,-2.447438017848337814e+07
5.480961797585486887e-06,1.003952466717807087e-05,1.244309613947138793e+01,-2.432353175314496830e+07
5.483152429798749095e-06,1.006672467173102239e-05,1.238997653127890963e+01,-2.417369559138898179e+07
5.485343062012012997e-06,1.009380866946488708e-05,1.233718403807761277e+01,-2.402488489112286642e+07
5.487533694225276900e-06,1.012077737449580907e-05,1.228471640030333845e+01,-2.387711144255341589e+07
5.489724326438540802e-06,1.014763149596563498e-05,1.223257133402071695e+01,-2.373038571003499627e+07
5.491914958651804704e-06,1.017437173798867445e-05,1.218074653375240501e+01,-2.358471690954241157e+07
5.494105590865067759e-06,1.020099879960743255e-05,1.212923967513354739e+01,-2.344011308188672736e+07
5.496296223078330814e-06,1.022751337475402400e-05,1.207804841740857249e+01,-2.329658116193364933e+07
5.498486855291594716e-06,1.025391615221684247e-05,1.202717040578184893e+01,-2.315412704405672848e+07
5.500677487504858618e-06,1.028020781561239331e-05,1.197660327362859611e+01,-2.301275564402765036e+07
5.502868119718122520e-06,1.030638904336193577e-05,1.192634464457322174e+01,-2.287247095753837749e+07
5.505058751931386422e-06,1.033246050867244851e-05,1.187639213444296438e+01,-2.273327611554259062e+07
5.507249384144648631e-06,1.035842287952145242e-05,1.182674335310433200e+01,-2.259517343659308180e+07
5.509440016357912533e-06,1.038427681864529111e-05,1.177739590618978482e+01,-2.245816447634330019e+07
5.511630648571176435e-06,1.041002298353065376e-05,1.172834739672136806e+01,-2.232225007437020913e+07
5.513821280784440337e-06,1.043566202641303358e-05,1.167959542662184091e+01,-2.218743039841758460e+07
5.516011912997704239e-06,1.046119459427488800e-05,1.163113759814314108e+01,-2.205370498627395928e+07
5.518202545210966447e-06,1.048662132884751742e-05,1.158297151520426738e+01,-2.192107278537531570e+07
5.520393177424230349e-06,1.051194286661621515e-05,1.153509478464219384e+01,-2.178953219025151432e+07
5.522583809637494251e-06,1.053715983882787041e-05,1.148750501738425278e+01,-2.165908107794493809e+07
5.524774441850758153e-06,1.056227287150125295e-05,1.144019982954463721e+01,-2.152971684150595963e+07
5.526965074064022056e-06,1.058728258543963560e-05,1.139317684344935699e+01,-2.140143642166941985e+07
5.529155706277284264e-06,1.061218959624554614e-05,1.134643368859361345e+01,-2.127423633681013808e+07
5.531346338490548166e-06,1.063699451433745727e-05,1.129996800253555023e+01,-2.114811271127095819e+07
5.533536970703812068e-06,1.066169794496803677e-05,1.125377743173066136e+01,-2.102306130215284973e+07
5.535727602917075970e-06,1.068630048824399689e-05,1.120785963231032056e+01,-2.089907752465036884e+07
5.537918235130339872e-06,1.071080273914919458e-05,1.116221227080080780e+01,-2.077615647599030286e+07
5.540108867343602927e-06,1.073520528756793851e-05,1.111683302479512392e+01,-2.065429295807472989e+07
5.542299499556865982e-06,1.075950871830959704e-05,1.107171958357775843e+01,-2.053348149889067188e+07
5.544490131770129884e-06,1.078371361113489181e-05,1.102686964870185626e+01,-2.041371637274230644e+07
5.546680763983393786e-06,1.080782054078336536e-05,1.098228093452383192e+01,-2.029499161937597021e+07
5.548871396196657689e-06,1.083183007700201249e-05,1.093795116869725526e+01,-2.017730106205488369e+07
5.551062028409921591e-06,1.085574278457497896e-05,1.089387809262807139e+01,-2.006063832463895157e+07
5.553252660623183799e-06,1.087955922335420205e-05,1.085005946189339454e+01,-1.994499684772238880e+07
5.555443292836447701e-06,1.090327994829089480e-05,1.080649304662597032e+01,-1.983036990387939662e+07
5.557633925049711603e-06,1.092690550946765188e-05,1.076317663186671858e+01,-1.971675061206630617e+07
5.559824557262975505e-06,1.095043645213120614e-05,1.072010801788721501e+01,-1.960413195122506842e+07
5.562015189476239407e-06,1.097387331672656226e-05,1.067728502048089112e+01,-1.949250677312183008e+07
5.564205821689502462e-06,1.099721663893139312e-05,1.063470547122774157e+01,-1.938186781446962431e+07
5.566396453902765517e-06,1.102046694969060888e-05,1.059236721773479850e+01,-1.927220770837490261e+07
5.568587086116029419e-06,1.104362477525172909e-05,1.055026812385085222e+01,-1.916351899513523653e+07
5.570777718329293322e-06,1.106669063720069692e-05,1.050840606985847359e+01,-1.905579413242697343e+07
5.572968350542557224e-06,1.108966505249807968e-05,1.046677895264442348e+01,-1.894902550491414592e+07
5.575158982755820279e-06,1.111254853351562505e-05,1.042538468584953826e+01,-1.884320543330866843e+07
5.577349614969083334e-06,1.113534158807319001e-05,1.038422119999920490e+01,-1.873832618291036412e+07
5.579540247182347236e-06,1.115804471947579180e-05,1.034328644261588792e+01,-1.863437997165504470e+07
5.581730879395611138e-06,1.118065842655092475e-05,1.030257837831456058e+01,-1.853135897769591957e+07
5.583921511608875040e-06,1.120318320368594158e-05,1.026209498888247218e+01,-1.842925534654391930e+07
5.586112143822138095e-06,1.122561954086588693e-05,1.022183427334283579e+01,-1.832806119778645411e+07
5.588302776035401997e-06,1.124796792371152412e-05,1.018179424800393384e+01,-1.822776863140823692e+07
5.590493408248665053e-06,1.127022883351695859e-05,1.014197294649638614e+01,-1.812836973373990506e+07
5.592684040461928955e-06,1.129240274728770362e-05,1.010236841979653377e+01,-1.802985658304663748e+07
5.594874672675192857e-06,1.131449013777866802e-05,1.006297873623835137e+01,-1.793222125477978960e+07
5.597065304888455912e-06,1.133649147353219471e-05,1.002380198151419144e+01,-1.783545582650827989e+07
5.599255937101719814e-06,1.135840721891610943e-05,9.984836258664920194e+00,-1.773955238254595548e+07
5.601446569314982869e-06,1.138023783416169153e-05,9.946079688060391888e+00,-1.764450301829189435e+07
5.603637201528246771e-06,1.140198377540163292e-05,9.907530407370563452e+00,-1.755029984429769218e+07
5.605827833741510673e-06,1.142364549470785300e-05,9.869186571528137719e+00,-1.745693499007703736e+07
5.608018465954774575e-06,1.144522344012921025e-05,9.831046352683308953e+00,-1.736440060767101124e+07
5.610209098168037630e-06,1.146671805572917149e-05,9.793107940150692414e+00,-1.727268887498104572e+07
5.612399730381300686e-06,1.148812978162355738e-05,9.755369540348635127e+00,-1.718179199888084456e+07
5.614590362594564588e-06,1.150945905401771019e-05,9.717829376733154945e+00,-1.709170221812345088e+07
5.616780994807828490e-06,1.153070630524382763e-05,9.680485689724875442e+00,-1.700241180604913086e+07
5.618971627021092392e-06,1.155187196379801550e-05,9.643336736630487849e+00,-1.691391307310733572e+07
5.621162259234355447e-06,1.157295645437717932e-05,9.606380791558891019e+00,-1.682619836920196563e+07
5.623352891447619349e-06,1.159396019791579234e-05,9.569616145332272339e+00,-1.673926008586913534e+07
5.625543523660882404e-06,1.161488361162235016e-05,9.533041105392738856e+00,-1.665309065829676017e+07
5.627734155874146306e-06,1.163572710901571523e-05,9.496653995704527063e+00,-1.656768256719391234e+07
5.629924788087410208e-06,1.165649109996118177e-05,9.460453156652400608e+00,-1.648302834051842429e+07
5.632115420300673264e-06,1.167717599070628669e-05,9.424436944936497085e+00,-1.639912055507041700e+07
5.634306052513937166e-06,1.169778218391645778e-05,9.388603733463686041e+00,-1.631595183795827813e+07
5.636496684727200221e-06,1.171831007871046204e-05,9.352951911235610538e+00,-1.623351486794387549e+07
5.638687316940464123e-06,1.173876007069546778e-05,9.317479883234412341e+00,-1.615180237667511404e+07
5.640877949153728025e-06,1.175913255200194237e-05,9.282186070305552761e+00,-1.607080714981017262e+07
5.643068581366991080e-06,1.177942791131826708e-05,9.247068909038375750e+00,-1.599052202804011852e+07
5.645259213580254982e-06,1.179964653392511138e-05,9.212126851644468317e+00,-1.591093990801523067e+07
5.647449845793518884e-06,1.181978880172948874e-05,9.177358365834230369e+00,-1.583205374318067171e+07
5.649640478006781939e-06,1.183985509329860915e-05,9.142761934691549186e+00,-1.575385654452589713e+07
5.651831110220045841e-06,1.185984578389339963e-05,9.108336056547003068e+00,-1.567634138125303946e+07
5.654021742433308897e-06,1.187976124550177054e-05,9.074079244849681203e+00,-1.559950138136869110e+07
5.656212374646572799e-06,1.189960184687158725e-05,9.039990028037788505e+00,-1.552332973220327497e+07
5.658403006859836701e-06,1.191936795354331983e-05,9.006066949408303657e+00,-1.544781968086238019e+07
5.660593639073099756e-06,1.193905992788253863e-05,8.972308566985352840e+00,-1.537296453461282514e+07
5.662784271286363658e-06,1.195867812911197789e-05,8.938713453388221097e+00,-1.529875766120890342e+07
5.664974903499626713e-06,1.197822291334335872e-05,8.905280195698512813e+00,-1.522519248916082270e+07
5.667165535712890615e-06,1.199769463360895807e-05,8.872007395326761525e+00,-1.515226250794915296e+07
5.669356167926154517e-06,1.201709363989281170e-05,8.838893667878760851e+00,-1.507996126818864606e+07
5.671546800139418419e-06,1.203642027916168000e-05,8.805937643021456651e+00,-1.500828238174394146e+07
5.673737432352681475e-06,1.205567489539571911e-05,8.773137964348689977e+00,-1.493721952180024236e+07
5.675928064565945377e-06,1.207485782961882662e-05,8.740493289246821007e+00,-1.486676642289164290e+07
5.678118696779208432e-06,1.209396941992871136e-05,8.708002288760360088e+00,-1.479691688088962063e+07
5.680309328992472334e-06,1.211301000152668008e-05,8.675663647457607652e+00,-1.472766475295400806e+07
5.682499961205736236e-06,1.213197990674706676e-05,8.643476063296590794e+00,-1.465900395744908787e+07
5.684690593418999291e-06,1.215087946508648412e-05,8.611438247490967868e+00,-1.459092847382624820e+07
5.686881225632263193e-06,1.216970900323267855e-05,8.579548924376437569e+00,-1.452343234247614257e+07
5.689071857845526248e-06,1.218846884509312600e-05,8.547806831277437567e+00,-1.445650966455177777e+07
5.691262490058790150e-06,1.220715931182337371e-05,8.516210718374201960e+00,-1.439015460176435113e+07
5.693453122272054052e-06,1.222578072185501259e-05,8.484759348570422688e+00,-1.432436137615410239e+07
5.695643754485317955e-06,1.224433339092342602e-05,8.453451497361312406e+00,-1.425912426983714290e+07
5.697834386698581010e-06,1.226281763209524223e-05,8.422285952702317502e+00,-1.419443762473045290e+07
5.700025018911844065e-06,1.228123375579546133e-05,8.391261514878435079e+00,-1.413029584225617535e+07
5.702215651125107967e-06,1.229958206983435542e-05,8.360376996374155212e+00,-1.406669338302673958e+07
5.704406283338371869e-06,1.231786287943401287e-05,8.329631221744239866e+00,-1.400362476651241817e+07
5.706596915551635771e-06,1.233607648725465567e-05,8.299023027485132431e+00,-1.394108457069212012e+07
5.708787547764898826e-06,1.235422319342067212e-05,8.268551261907152394e+00,-1.387906743168892711e+07
5.710978179978161881e-06,1.237230329554632597e-05,8.238214785007579977e+00,-1.381756804339159280e+07
5.713168812191425783e-06,1.239031708876127587e-05,8.208012468344477952e+00,-1.375658115706280433e+07
5.715359444404689686e-06,1.240826486573569828e-05,8.177943194911524216e+00,-1.369610158093566447e+07
5.717550076617953588e-06,1.242614691670523779e-05,8.148005859013615293e+00,-1.363612417979888618e+07
5.719740708831217490e-06,1.244396352949564550e-05,8.118199366143446838e+00,-1.357664387457199395e+07
5.721931341044479698e-06,1.246171498954714824e-05,8.088522632859037387e+00,-1.351765564187126979e+07
5.724121973257743600e-06,1.247940157993857541e-05,8.058974586662154493e+00,-1.345915451356717199e+07
5.726312605471007502e-06,1.249702358141116741e-05,8.029554165877835104e+00,-1.340113557633435540e+07
5.728503237684271404e-06,1.251458127239217227e-05,8.000260319534776343e+00,-1.334359397119457275e+07
5.730693869897535306e-06,1.253207492901816616e-05,7.971092007246818767e+00,-1.328652489305357262e+07
5.732884502110798361e-06,1.254950482515810453e-05,7.942048199095394168e+00,-1.322992359023234062e+07
5.735075134324061416e-06,1.256687123243613107e-05,7.913127875513052523e+00,-1.317378536399357952e+07
5.737265766537325319e-06,1.258417442025413413e-05,7.884330027167964161e+00,-1.311810556806374528e+07
5.739456398750589221e-06,1.260141465581401864e-05,7.855653654849585443e+00,-1.306287960815158300e+07
5.741647030963853123e-06,1.261859220413977978e-05,7.827097769355265910e+00,-1.300810294146324508e+07
5.743837663177117025e-06,1.263570732809928190e-05,7.798661391377987862e+00,-1.295377107621480711e+07
5.746028295390379233e-06,1.265276028842583242e-05,7.770343551395164639e+00,-1.289987957114259712e+07
5.748218927603643135e-06,1.266975134373949323e-05,7.742143289558466535e+00,-1.284642403501157835e+07
5.750409559816907037e-06,1.268668075056814127e-05,7.714059655584826203e+00,-1.279340012612263113e+07
5.752600192030170939e-06,1.270354876336830726e-05,7.686091708648429943e+00,-1.274080355181865208e+07
5.754790824243434841e-06,1.272035563454578907e-05,7.658238517273827206e+00,-1.268863006799013354e+07
5.756981456456697050e-06,1.273710161447599241e-05,7.630499159230142325e+00,-1.263687547858055681e+07
5.759172088669960952e-06,1.275378695152411558e-05,7.602872721426296110e+00,-1.258553563509172387e+07
5.761362720883224854e-06,1.277041189206499717e-05,7.575358299807440687e+00,-1.253460643608972430e+07
5.763553353096488756e-06,1.278697668050284009e-05,7.547954999252348252e+00,-1.248408382671138085e+07
5.765743985309752658e-06,1.280348155929065599e-05,7.520661933471943783e+00,-1.243396379817174748e+07
5.767934617523014866e-06,1.281992676894949807e-05,7.493478224908916019e+00,-1.238424238727285899e+07
5.770125249736278768e-06,1.283631254808751081e-05,7.466403004638345386e+00,-1.233491567591382936e+07
5.772315881949542670e-06,1.285263913341868495e-05,7.439435412269513215e+00,-1.228597979060283676e+07
5.774506514162806572e-06,1.286890675978147704e-05,7.412574595848671066e+00,-1.223743090197080933e+07
5.776697146376070475e-06,1.288511566015718660e-05,7.385819711762920292e+00,-1.218926522428731062e+07
5.778887778589333530e-06,1.290126606568809788e-05,7.359169924645159178e+00,-1.214147901497870684e+07
5.781078410802596585e-06,1.291735820569549461e-05,7.332624407280023071e+00,-1.209406857414867915e+07
5.783269043015860487e-06,1.293339230769734260e-05,7.306182340510983586e+00,-1.204703024410157278e+07
5.785459675229124389e-06,1.294936859742590126e-05,7.279842913148375061e+00,-1.200036040886827931e+07
5.787650307442388291e-06,1.296528729884504884e-05,7.253605321878517920e+00,-1.195405549373512529e+07
5.789840939655652193e-06,1.298114863416743822e-05,7.227468771173855444e+00,-1.190811196477578953e+07
5.792031571868914401e-06,1.299695282387146297e-05,7.201432473204124385e+00,-1.186252632838635519e+07
5.794222204082178303e-06,1.301270008671803538e-05,7.175495647748483030e+00,-1.181729513082353584e+07
5.796412836295442205e-06,1.302839063976713242e-05,7.149657522108767260e+00,-1.177241495774647780e+07
5.798603468508706108e-06,1.304402469839419091e-05,7.123917331023623234e+00,-1.172788243376174197e+07
5.800794100721970010e-06,1.305960247630632137e-05,7.098274316583693455e+00,-1.168369422197200730e+07
5.802984732935233065e-06,1.307512418555829501e-05,7.072727728147790494e+00,-1.163984702352831699e+07
5.805175365148496120e-06,1.309059003656841367e-05,7.047276822259990858e+00,-1.159633757718595676e+07
5.807365997361760022e-06,1.310600023813411558e-05,7.021920862567803567e+00,-1.155316265886422060e+07
5.809556629575023924e-06,1.312135499744747096e-05,6.996659119741193145e+00,-1.151031908120984770e+07
5.811747261788287826e-06,1.313665452011048118e-05,6.971490871392614252e+00,-1.146780369316437095e+07
5.813937894001550881e-06,1.315189901015018130e-05,6.946415401997977135e+00,-1.142561337953535467e+07
5.816128526214813936e-06,1.316708867003362751e-05,6.921432002818502127e+00,-1.138374506057153270e+07
5.818319158428077838e-06,1.318222370068262869e-05,6.896539971823610671e+00,-1.134219569154206477e+07
5.820509790641341741e-06,1.319730430148838658e-05,6.871738613614626345e+00,-1.130096226231964864e+07
5.822700422854605643e-06,1.321233067032593932e-05,6.847027239349420924e+00,-1.126004179696772248e+07
5.824891055067868698e-06,1.322730300356842556e-05,6.822405166667993903e+00,-1.121943135333177634e+07
5.827081687281131753e-06,1.324222149610124339e-05,6.797871719618849617e+00,-1.117912802263461426e+07
5.829272319494395655e-06,1.325708634133596544e-05,6.773426228586395759e+00,-1.113912892907589301e+07
5.831462951707659557e-06,1.327189773122415061e-05,6.749068030219094183e+00,-1.109943122943561710e+07
5.833653583920923459e-06,1.328665585627100496e-05,6.724796467358526542e+00,-1.106003211268179677e+07
5.835844216134186514e-06,1.330136090554885637e-05,6.700610888969320555e+00,-1.102092879958223179e+07
5.838034848347450416e-06,1.331601306671050885e-05,6.676510650069870323e+00,-1.098211854232036322e+07
5.840225480560713472e-06,1.333061252600240369e-05,6.652495111663992766e+00,-1.094359862411535904e+07
5.842416112773977374e-06,1.334515946827767738e-05,6.628563640673313273e+00,-1.090536635884618387e+07
5.844606744987241276e-06,1.335965407700904328e-05,6.604715609870512871e+00,-1.086741909067985229e+07
5.846797377200505178e-06,1.337409653430153432e-05,6.580950397813393415e+00,-1.082975419370375946e+07
5.848988009413768233e-06,1.338848702090511203e-05,6.557267388779732364e+00,-1.079236907156213373e+07
5.851178641627031288e-06,1.340282571622713478e-05,6.533665972702893399e+00,-1.075526115709646605e+07
5.853369273840295190e-06,1.341711279834465166e-05,6.510145545108311893e+00,-1.071842791199016385e+07
5.855559906053559092e-06,1.343134844401660483e-05,6.486705507050663400e+00,-1.068186682641712576e+07
5.857750538266822994e-06,1.344553282869586248e-05,6.463345265051841260e+00,-1.064557541869436577e+07
5.859941170480086049e-06,1.345966612654112637e-05,6.440064231039690057e+00,-1.060955123493872955e+07
5.862131802693349952e-06,1.347374851042874124e-05,6.416861822287443395e+00,-1.057379184872740880e+07
5.864322434906613007e-06,1.348778015196428555e-05,6.393737461353990348e+00,-1.053829486076270975e+07
5.866513067119876909e-06,1.350176122149411994e-05,6.370690576024782281e+00,-1.050305789854047634e+07
5.868703699333140811e-06,1.351569188811676799e-05,6.347720599253505291e+00,-1.046807861602262594e+07
5.870894331546403866e-06,1.352957231969416138e-05,6.324826969104470287e+00,-1.043335469331349060e+07
5.873084963759667768e-06,1.354340268286280215e-05,6.302009128695657658e+00,-1.039888383634001389e+07
5.875275595972930823e-06,1.355718314304473682e-05,6.279266526142549765e+00,-1.036466377653586119e+07
5.877466228186194725e-06,1.357091386445846109e-05,6.256598614502558497e+00,-1.033069227052927576e+07
5.879656860399458627e-06,1.358459501012969073e-05,6.234004851720185592e+00,-1.029696709983471036e+07
5.881847492612721683e-06,1.359822674190198676e-05,6.211484700572849960e+00,-1.026348607054827921e+07
5.884038124825985585e-06,1.361180922044732132e-05,6.189037628617329645e+00,-1.023024701304679364e+07
5.886228757039249487e-06,1.362534260527644199e-05,6.166663108136950733e+00,-1.019724778169066086e+07
5.888419389252512542e-06,1.363882705474920388e-05,6.144360616089336702e+00,-1.016448625453030132e+07
5.890610021465776444e-06,1.365226272608473911e-05,6.122129634054839009e+00,-1.013196033301624283e+07
5.892800653679039499e-06,1.366564977537152634e-05,6.099969648185600946e+00,-1.009966794171281345e+07
5.894991285892303401e-06,1.367898835757736543e-05,6.077880149155194367e+00,-1.006760702801532298e+07
5.897181918105567303e-06,1.369227862655920643e-05,6.055860632108973185e+00,-1.003577556187089719e+07
5.899372550318830358e-06,1.370552073507290057e-05,6.033910596614925126e+00,-1.000417153550267220e+07
5.901563182532094260e-06,1.371871483478284465e-05,6.012029546615191400e+00,-9.972792963137520477e+06
5.903753814745358163e-06,1.373186107627149483e-05,5.990216990378158357e+00,-9.941637880737157539e+06
5.905944446958621218e-06,1.374495960904879759e-05,5.968472440451137118e+00,-9.910704345732679591e+06
5.908135079171885120e-06,1.375801058156153243e-05,5.946795413613598313e+00,-9.879990436762370169e+06
5.910325711385149022e-06,1.377101414120248863e-05,5.925185430831037436e+00,-9.849494253412952647e+06
5.912516343598412077e-06,1.378397043431962680e-05,5.903642017209337567e+00,-9.819213915964001790e+06
5.914706975811675979e-06,1.379687960622507605e-05,5.882164701949722740e+00,-9.789147565135652199e+06
5.916897608024939034e-06,1.380974180120406168e-05,5.860753018304266426e+00,-9.759293361839564517e+06
5.919088240238202936e-06,1.382255716252374657e-05,5.839406503531888504e+00,-9.729649486932922155e+06
5.921278872451466838e-06,1.383532583244193014e-05,5.818124698854981069e+00,-9.700214140975784510e+06
5.923469504664729894e-06,1.384804795221571018e-05,5.796907149416480109e+00,-9.670985543991355225e+06
5.925660136877993796e-06,1.386072366211001411e-05,5.775753404237491395e+00,-9.641961935229418799e+06
5.927850769091256851e-06,1.387335310140604223e-05,5.754663016175441292e+00,-9.613141572932805866e+06
5.930041401304520753e-06,1.388593640840964995e-05,5.733635541882685871e+00,-9.584522734106799588e+06
5.932232033517784655e-06,1.389847372045958945e-05,5.712670541765713317e+00,-9.556103714291609824e+06
5.934422665731048557e-06,1.391096517393570043e-05,5.691767579944750466e+00,-9.527882827337708324e+06
5.936613297944311612e-06,1.392341090426700440e-05,5.670926224213904909e+00,-9.499858405184062198e+06
5.938803930157574667e-06,1.393581104593970067e-05,5.650146046001787603e+00,-9.472028797639284283e+06
5.940994562370838569e-06,1.394816573250510642e-05,5.629426620332574238e+00,-9.444392372165510431e+06
5.943185194584102471e-06,1.396047509658745957e-05,5.608767525787608399e+00,-9.416947513665217906e+06
5.945375826797366374e-06,1.397273926989169795e-05,5.588168344467407955e+00,-9.389692624270688742e+06
5.947566459010629429e-06,1.398495838321110629e-05,5.567628661954143077e+00,-9.362626123136229813e+06
5.949757091223892484e-06,1.399713256643491412e-05,5.547148067274587646e+00,-9.335746446233130991e+06
5.951947723437156386e-06,1.400926194855581232e-05,5.526726152863468577e+00,-9.309052046147184446e+06
5.954138355650420288e-06,1.402134665767734775e-05,5.506362514527334717e+00,-9.282541391878992319e+06
5.956328987863684190e-06,1.403338682102129919e-05,5.486056751408789900e+00,-9.256212968646720052e+06
5.958519620076948092e-06,1.404538256493493304e-05,5.465808465951177197e+00,-9.230065277691483498e+06
5.960710252290211147e-06,1.405733401489819628e-05,5.445617263863695712e+00,-9.204096836085259914e+06
5.962900884503474202e-06,1.406924129553083332e-05,5.425482754086936588e+00,-9.178306176541306078e+06
5.965091516716738105e-06,1.408110453059944509e-05,5.405404548758790284e+00,-9.152691847226994112e+06
5.967282148930002007e-06,1.409292384302442629e-05,5.385382263180845008e+00,-9.127252411579189822e+06
5.969472781143265909e-06,1.410469935488687549e-05,5.365415515785106670e+00,-9.101986448121927679e+06
5.971663413356528964e-06,1.411643118743541370e-05,5.345503928101146940e+00,-9.076892550286516547e+06
5.973854045569792019e-06,1.412811946109293695e-05,5.325647124723658088e+00,-9.051969326233999804e+06
5.976044677783055921e-06,1.413976429546330446e-05,5.305844733280337344e+00,-9.027215398679852486e+06
5.978235309996319823e-06,1.415136580933792517e-05,5.286096384400250869e+00,-9.002629404721096158e+06
5.980425942209583725e-06,1.416292412070231038e-05,5.266401711682479281e+00,-8.978209995665555820e+06
5.982616574422846780e-06,1.417443934674255692e-05,5.246760351665177069e+00,-8.953955836863376200e+06
5.984807206636109835e-06,1.418591160385172704e-05,5.227171943795006825e+00,-8.929865607540760189e+06
5.986997838849373738e-06,1.419734100763622317e-05,5.207636130396889662e+00,-8.905938000635828823e+06
5.989188471062637640e-06,1.420872767292201867e-05,5.188152556644188174e+00,-8.882171722636671737e+06
5.991379103275901542e-06,1.422007171376088864e-05,5.168720870529174505e+00,-8.858565493421487510e+06
5.993569735489165444e-06,1.423137324343655766e-05,5.149340722833869677e+00,-8.835118046100780368e+06
5.995760367702427652e-06,1.424263237447075945e-05,5.130011767101247067e+00,-8.811828126861674711e+06
5.997950999915691554e-06,1.425384921862928474e-05,5.110733659606709445e+00,-8.788694494814168662e+06
6.000141632128955456e-06,1.426502388692789859e-05,5.091506059330006551e+00,-8.765715921839507297e+06
6.002332264342219358e-06,1.427615648963826286e-05,5.072328627927381817e+00,-8.742891192440433428e+06
6.004522896555483260e-06,1.428724713629375364e-05,5.053201029704096570e+00,-8.720219103593429551e+06
6.006713528768745469e-06,1.429829593569523971e-05,5.034122931587274863e+00,-8.697698464602887630e+06
6.008904160982009371e-06,1.430930299591680507e-05,5.015094003099020981e+00,-8.675328096957134083e+06
6.011094793195273273e-06,1.432026842431139361e-05,4.996113916329931293e+00,-8.653106834186404943e+06
6.013285425408537175e-06,1.433119232751640117e-05,4.977182345912841477e+00,-8.631033521722596139e+06
6.015476057621801077e-06,1.434207481145923382e-05,4.958298968996909473e+00,-8.609107016760876402e+06
6.017666689835064979e-06,1.435291598136277796e-05,4.939463465222001304e+00,-8.587326188123067841e+06
6.019857322048327187e-06,1.436371594175083152e-05,4.920675516693372664e+00,-8.565689916122859344e+06
6.022047954261591089e-06,1.437447479645349109e-05,4.901934807956611628e+00,-8.544197092432657257e+06
6.024238586474854991e-06,1.438519264861244923e-05,4.883241025972946403e+00,-8.522846619952322915e+06
6.026429218688118893e-06,1.439586960068626984e-05,4.864593860094760025e+00,-8.501637412679463625e+06
6.028619850901382796e-06,1.440650575445559907e-05,4.845993002041431019e+00,-8.480568395581500605e+06
6.030810483114645004e-06,1.441710121102832547e-05,4.827438145875444953e+00,-8.459638504469349980e+06
6.033001115327908906e-06,1.442765607084469264e-05,4.808928987978749348e+00,-8.438846685872728005e+06
6.035191747541172808e-06,1.443817043368233745e-05,4.790465227029451434e+00,-8.418191896917138249e+06
6.037382379754436710e-06,1.444864439866130948e-05,4.772046563978710410e+00,-8.397673105202365667e+06
6.039573011967700612e-06,1.445907806424901945e-05,4.753672702027933461e+00,-8.377289288682599552e+06
6.041763644180962820e-06,1.446947152826514690e-05,4.735343346606226689e+00,-8.357039435548082925e+06
6.043954276394226722e-06,1.447982488788650046e-05,4.717058205348072519e+00,-8.336922544108260423e+06
6.046144908607490624e-06,1.449013823965180698e-05,4.698816988071333967e+00,-8.316937622676513158e+06
6.048335540820754527e-06,1.450041167946649220e-05,4.680619406755432088e+00,-8.297083689456299879e+06
6.050526173034018429e-06,1.451064530260738175e-05,4.662465175519812988e+00,-8.277359772428790107e+06
6.052716805247281484e-06,1.452083920372735478e-05,4.644354010602659066e+00,-8.257764909241987392e+06
6.054907437460544539e-06,1.453099347685999417e-05,4.626285630339801891e+00,-8.238298147101165727e+06
6.057098069673808441e-06,1.454110821542412490e-05,4.608259755143946812e+00,-8.218958542660873383e+06
6.059288701887072343e-06,1.455118351222835587e-05,4.590276107484062784e+00,-8.199745161918184720e+06
6.061479334100336245e-06,1.456121945947556410e-05,4.572334411865039527e+00,-8.180657080107391812e+06
6.063669966313599300e-06,1.457121614876732805e-05,4.554434394807573838e+00,-8.161693381596030667e+06
6.065860598526862355e-06,1.458117367110833058e-05,4.536575784828242419e+00,-8.142853159782217816e+06
6.068051230740126257e-06,1.459109211691069058e-05,4.518758312419877576e+00,-8.124135516993368976e+06
6.070241862953390160e-06,1.460097157599829139e-05,4.500981710032085914e+00,-8.105539564386125654e+06
6.072432495166654062e-06,1.461081213761103287e-05,4.483245712052022824e+00,-8.087064421847615391e+06
6.074623127379917964e-06,1.462061389040906315e-05,4.465550054785371259e+00,-8.068709217897964641e+06
6.076813759593181019e-06,1.463037692247694950e-05,4.447894476437548761e+00,-8.050473089594049379e+06
6.079004391806444074e-06,1.464010132132784225e-05,4.430278717095077035e+00,-8.032355182434448972e+06
6.081195024019707976e-06,1.464978717390754738e-05,4.412702518707237509e+00,-8.014354650265681557e+06
6.083385656232971878e-06,1.465943456659860752e-05,4.395165625067855686e+00,-7.996470655189548619e+06
6.085576288446235780e-06,1.466904358522431010e-05,4.377667781797325297e+00,-7.978702367471711710e+06
6.087766920659498835e-06,1.467861431505267348e-05,4.360208736324832302e+00,-7.961048965451419353e+06
6.089957552872761891e-06,1.468814684080040432e-05,4.342788237870734314e+00,-7.943509635452345014e+06
6.092148185086025793e-06,1.469764124663677524e-05,4.325406037429210926e+00,-7.926083571694625542e+06
6.094338817299289695e-06,1.470709761618751277e-05,4.308061887751033936e+00,-7.908769976207947358e+06
6.096529449512553597e-06,1.471651603253861742e-05,4.290755543326556065e+00,-7.891568058745766059e+06
6.098720081725816652e-06,1.472589657824015500e-05,4.273486760368895965e+00,-7.874477036700612865e+06
6.100910713939080554e-06,1.473523933531002934e-05,4.256255296797267107e+00,-7.857496135020432062e+06
6.103101346152343609e-06,1.474454438523767193e-05,4.239060912220555366e+00,-7.840624586126042530e+06
6.105291978365607511e-06,1.475381180898775026e-05,4.221903367921012951e+00,-7.823861629829572514e+06
6.107482610578871413e-06,1.476304168700380325e-05,4.204782426838163722e+00,-7.807206513253966346e+06
6.109673242792134468e-06,1.477223409921185810e-05,4.187697853552877270e+00,-7.790658490753481165e+06
6.111863875005398371e-06,1.478138912502401496e-05,4.170649414271591304e+00,-7.774216823835182004e+06
6.114054507218661426e-06,1.479050684334197900e-05,4.153636876810767653e+00,-7.757880781081448309e+06
6.116245139431925328e-06,1.479958733256057735e-05,4.136660010581445945e+00,-7.741649638073424809e+06
6.118435771645189230e-06,1.480863067057123188e-05,4.119718586574006025e+00,-7.725522677315444686e+06
6.120626403858452285e-06,1.481763693476540497e-05,4.102812377343088457e+00,-7.709499188160397112e+06
6.122817036071716187e-06,1.482660620203801643e-05,4.085941156992646484e+00,-7.693578466736014932e+06
6.125007668284980089e-06,1.483553854879080961e-05,4.069104701161222692e+00,-7.677759815872116946e+06
6.127198300498243144e-06,1.484443405093569715e-05,4.052302787007323381e+00,-7.662042545028730296e+06
6.129388932711507046e-06,1.485329278389808820e-05,4.035535193194975889e+00,-7.646425970225113444e+06
6.131579564924770949e-06,1.486211482262015449e-05,4.018801699879438694e+00,-7.630909413969660178e+06
6.133770197138034004e-06,1.487090024156409316e-05,4.002102088693064275e+00,-7.615492205190703273e+06
6.135960829351297906e-06,1.487964911471534715e-05,3.985436142731290321e+00,-7.600173679168124683e+06
6.138151461564560961e-06,1.488836151558578500e-05,3.968803646538834329e+00,-7.584953177465888672e+06
6.140342093777824863e-06,1.489703751721686869e-05,3.952204386095977462e+00,-7.569830047865330242e+06
6.142532725991088765e-06,1.490567719218277926e-05,3.935638148805022052e+00,-7.554803644299349748e+06
6.144723358204351820e-06,1.491428061259352197e-05,3.919104723476893426e+00,-7.539873326787351631e+06
6.146913990417615722e-06,1.492284785009800110e-05,3.902603900317851870e+00,-7.525038461371027865e+06
6.149104622630879624e-06,1.493137897588704716e-05,3.886135470916407542e+00,-7.510298420050939545e+06
6.151295254844142679e-06,1.493987406069644597e-05,3.869699228230312205e+00,-7.495652580723864026e+06
6.153485887057406582e-06,1.494833317480991337e-05,3.853294966573713065e+00,-7.481100327120905742e+06
6.155676519270669637e-06,1.495675638806205477e-05,3.836922481604449153e+00,-7.466641048746401444e+06
6.157867151483933539e-06,1.496514376984131287e-05,3.820581570311443187e+00,-7.452274140817526728e+06
6.160057783697197441e-06,1.497349538909283564e-05,3.804272031002290166e+00,-7.437999004204715602e+06
6.162248415910460496e-06,1.498181131432138000e-05,3.787993663290913915e+00,-7.423815045372750610e+06
6.164439048123724398e-06,1.499009161359414938e-05,3.771746268085379938e+00,-7.409721676322588697e+06
6.166629680336987453e-06,1.499833635454360922e-05,3.755529647575841512e+00,-7.395718314533933997e+06
6.168820312550251355e-06,1.500654560437030593e-05,3.739343605222567035e+00,-7.381804382908445783e+06
6.171010944763515257e-06,1.501471942984560619e-05,3.723187945744169003e+00,-7.367979309713721275e+06
6.173201576976778313e-06,1.502285789731445488e-05,3.707062475105882271e+00,-7.354242528527909890e+06
6.175392209190042215e-06,1.503096107269810252e-05,3.690967000507996865e+00,-7.340593478185007349e+06
6.177582841403305270e-06,1.503902902149677683e-05,3.674901330374410247e+00,-7.327031602720838971e+06
6.179773473616569172e-06,1.504706180879237121e-05,3.658865274341263074e+00,-7.313556351319663227e+06
6.181964105829833074e-06,1.505505949925108069e-05,3.642858643245761474e+00,-7.300167178261481225e+06
6.184154738043096976e-06,1.506302215712601081e-05,3.626881249115041062e+00,-7.286863542869934812e+06
6.186345370256360031e-06,1.507094984625978645e-05,3.610932905155185058e+00,-7.273644909460844472e+06
6.188536002469623933e-06,1.507884263008711840e-05,3.595013425740339663e+00,-7.260510747291406617e+06
6.190726634682886988e-06,1.508670057163734101e-05,3.579122626401956886e+00,-7.247460530509969220e+06
6.192917266896150890e-06,1.509452373353695671e-05,3.563260323818101316e+00,-7.234493738106409088e+06
6.195107899109414793e-06,1.510231217801211441e-05,3.547426335802942088e+00,-7.221609853863159195e+06
6.197298531322677848e-06,1.511006596689110150e-05,3.531620481296278591e+00,-7.208808366306770593e+06
6.199489163535941750e-06,1.511778516160677986e-05,3.515842580353209623e+00,-7.196088768660096452e+06
6.201679795749204805e-06,1.512546982319904403e-05,3.500092454133900244e+00,-7.183450558795028366e+06
6.203870427962468707e-06,1.513312001231721486e-05,3.484369924893425896e+00,-7.170893239185806364e+06
6.206061060175732609e-06,1.514073578922242647e-05,3.468674815971777292e+00,-7.158416316862909123e+06
6.208251692388996511e-06,1.514831721378999624e-05,3.453006951783904821e+00,-7.146019303367470391e+06
6.210442324602259566e-06,1.515586434551176435e-05,3.437366157809895295e+00,-7.133701714706262574e+06
6.212632956815522621e-06,1.516337724349842308e-05,3.421752260585238847e+00,-7.121463071307214908e+06
6.214823589028786524e-06,1.517085596648182074e-05,3.406165087691173543e+00,-7.109302897975435480e+06
6.217014221242050426e-06,1.517830057281722837e-05,3.390604467745176986e+00,-7.097220723849825561e+06
6.219204853455314328e-06,1.518571112048560635e-05,3.375070230391496562e+00,-7.085216082360137254e+06
6.221395485668577383e-06,1.519308766709584909e-05,3.359562206291803577e+00,-7.073288511184598319e+06
6.223586117881840438e-06,1.520043026988699404e-05,3.344080227115935333e+00,-7.061437552208013833e+06
6.225776750095104340e-06,1.520773898573043586e-05,3.328624125532705147e+00,-7.049662751480358653e+06
6.227967382308368242e-06,1.521501387113208128e-05,3.313193735200854473e+00,-7.037963659175914712e+06
6.230158014521632144e-06,1.522225498223452595e-05,3.297788890760044556e+00,-7.026339829552825540e+06
6.232348646734896046e-06,1.522946237481918900e-05,3.282409427821952885e+00,-7.014790820913176984e+06
6.234539278948158254e-06,1.523663610430842380e-05,3.267055182961470905e+00,-7.003316195563538931e+06
6.236729911161422157e-06,1.524377622576764574e-05,3.251725993707944351e+00,-6.991915519775952213e+06
6.238920543374686059e-06,1.525088279390737527e-05,3.236421698536566360e+00,-6.980588363749434240e+06
6.241111175587949961e-06,1.525795586308532666e-05,3.221142136859796778e+00,-6.969334301571869291e+06
6.243301807801213863e-06,1.526499548730844599e-05,3.205887149018884941e+00,-6.958152911182410084e+06
6.245492440014476918e-06,1.527200172023492877e-05,3.190656576275475054e+00,-6.947043774334274232e+06
6.247683072227739973e-06,1.527897461517624096e-05,3.175450260803300395e+00,-6.936006476558018476e+06
6.249873704441003875e-06,1.528591422509910442e-05,3.160268045679920146e+00,-6.925040607125210576e+06
6.252064336654267777e-06,1.529282060262745016e-05,3.145109774878603215e+00,-6.914145759012567811e+06
6.254254968867531679e-06,1.529969380004439700e-05,3.129975293260223612e+00,-6.903321528866490349e+06
6.256445601080795582e-06,1.530653386929417607e-05,3.114864446565267730e+00,-6.892567516968001612e+06
6.258636233294057790e-06,1.531334086198403490e-05,3.099777081405917123e+00,-6.881883327198132873e+06
6.260826865507321692e-06,1.532011482938617543e-05,3.084713045258172137e+00,-6.871268567003683187e+06
6.263017497720585594e-06,1.532685582243959379e-05,3.069672186454118101e+00,-6.860722847363406792e+06
6.265208129933849496e-06,1.533356389175198105e-05,3.054654354174197728e+00,-6.850245782754574902e+06
6.267398762147113398e-06,1.534023908760155275e-05,3.039659398439590099e+00,-6.839836991119935177e+06
6.269589394360375606e-06,1.534688145993889214e-05,3.024687170104662481e+00,-6.829496093835064210e+06
6.271780026573639508e-06,1.535349105838877288e-05,3.009737520849459447e+00,-6.819222715676083229e+06
6.273970658786903410e-06,1.536006793225193793e-05,2.994810303172325661e+00,-6.809016484787776135e+06
6.276161291000167312e-06,1.536661213050690531e-05,2.979905370382537555e+00,-6.798877032652061433e+06
6.278351923213431215e-06,1.537312370181172664e-05,2.965022576593031367e+00,-6.788803994056827389e+06
6.280542555426693423e-06,1.537960269450574889e-05,2.950161776713203565e+00,-6.778797007065148093e+06
6.282733187639957325e-06,1.538604915661133900e-05,2.935322826441741029e+00,-6.768855712984828278e+06
6.284923819853221227e-06,1.539246313583561516e-05,2.920505582259587118e+00,-6.758979756338343956e+06
6.287114452066485129e-06,1.539884467957213415e-05,2.905709901422904640e+00,-6.749168784833086655e+06
6.289305084279749031e-06,1.540519383490262265e-05,2.890935641956139612e+00,-6.739422449331984855e+06
6.291495716493012086e-06,1.541151064859859674e-05,2.876182662645143218e+00,-6.729740403824457899e+06
6.293686348706275141e-06,1.541779516712307637e-05,2.861450823030334156e+00,-6.720122305397674441e+06
6.295876980919539043e-06,1.542404743663219465e-05,2.846739983399976914e+00,-6.710567814208205789e+06
6.298067613132802946e-06,1.543026750297683773e-05,2.832050004783465802e+00,-6.701076593453959562e+06
6.300258245346066848e-06,1.543645541170427790e-05,2.817380748944698254e+00,-6.691648309346438386e+06
6.302448877559330750e-06,1.544261120805974225e-05,2.802732078375505420e+00,-6.682282631083349697e+06
6.304639509772592958e-06,1.544873493698803227e-05,2.788103856289142257e+00,-6.672979230821495876e+06
6.306830141985856860e-06,1.545482664313508567e-05,2.773495946613814489e+00,-6.663737783649985678e+06
6.309020774199120762e-06,1.546088637084952827e-05,2.758908213986319247e+00,-6.654557967563795857e+06
6.311211406412384664e-06,1.546691416418422905e-05,2.744340523745680827e+00,-6.645439463437559083e+06
6.313402038625648566e-06,1.547291006689781808e-05,2.729792741926880151e+00,-6.636381954999731854e+06
6.315592670838911621e-06,1.547887412245623151e-05,2.715264735254638406e+00,-6.627385128806991503e+06
6.317783303052174676e-06,1.548480637403418201e-05,2.700756371137220224e+00,-6.618448674218976870e+06
6.319973935265438579e-06,1.549070686451667326e-05,2.686267517660361648e+00,-6.609572283373303711e+06
6.322164567478702481e-06,1.549657563650047039e-05,2.671798043581185222e+00,-6.600755651160850190e+06
6.324355199691966383e-06,1.550241273229556032e-05,2.657347818322202126e+00,-6.591998475201349705e+06
6.326545831905229438e-06,1.550821819392660857e-05,2.642916711965365373e+00,-6.583300455819240771e+06
6.328736464118492493e-06,1.551399206313438912e-05,2.628504595246150100e+00,-6.574661296019815840e+06
6.330927096331756395e-06,1.551973438137722774e-05,2.614111339547739554e+00,-6.566080701465619728e+06
6.333117728545020297e-06,1.552544518983238771e-05,2.599736816895207525e+00,-6.557558380453149788e+06
6.335308360758284199e-06,1.553112452939749624e-05,2.585380899949778044e+00,-6.549094043889768422e+06
6.337498992971547254e-06,1.553677244069190651e-05,2.571043462003139712e+00,-6.540687405270949937e+06
6.339689625184811157e-06,1.554238896405810375e-05,2.556724376971772905e+00,-6.532338180657715537e+06
6.341880257398074212e-06,1.554797413956303671e-05,2.542423519391392439e+00,-6.524046088654385880e+06
6.344070889611338114e-06,1.555352800699947980e-05,2.528140764411377805e+00,-6.515810850386546925e+06
6.346261521824602016e-06,1.555905060588738147e-05,2.513875987789275790e+00,-6.507632189479287714e+06
6.348452154037865071e-06,1.556454197547517206e-05,2.499629065885359047e+00,-6.499509832035669126e+06
6.350642786251128973e-06,1.557000215474110214e-05,2.485399875657192226e+00,-6.491443506615454331e+06
6.352833418464392028e-06,1.557543118239451642e-05,2.471188294654314888e+00,-6.483432944214073941e+06
6.355024050677655930e-06,1.558082909687716493e-05,2.456994201012900447e+00,-6.475477878241835162e+06
6.357214682890919832e-06,1.558619593636448043e-05,2.442817473450495935e+00,-6.467578044503351673e+06
6.359405315104183734e-06,1.559153173876683869e-05,2.428657991260799509e+00,-6.459733181177229621e+06
6.361595947317446790e-06,1.559683654173081219e-05,2.414515634308487702e+00,-6.451943028795959428e+06
6.363786579530710692e-06,1.560211038264043383e-05,2.400390283024057769e+00,-6.444207330226060934e+06
6.365977211743973747e-06,1.560735329861841331e-05,2.386281818398770405e+00,-6.436525830648440868e+06
6.368167843957237649e-06,1.561256532652736359e-05,2.372190121979577793e+00,-6.428898277538964525e+06
6.370358476170501551e-06,1.561774650297101730e-05,2.358115075864123611e+00,-6.421324420649275184e+06
6.372549108383764606e-06,1.562289686429542605e-05,2.344056562695784773e+00,-6.413804011987800710e+06
6.374739740597028508e-06,1.562801644659014635e-05,2.330014465658723388e+00,-6.406336805800982751e+06
6.376930372810291563e-06,1.563310528568942541e-05,2.315988668473041301e+00,-6.398922558554740623e+06
6.379121005023555465e-06,1.563816341717336330e-05,2.301979055389913320e+00,-6.391561028916121460e+06
6.381311637236819368e-06,1.564319087636907167e-05,2.287985511186791054e+00,-6.384251977735159919e+06
6.383502269450082423e-06,1.564818769835183251e-05,2.274007921162647605e+00,-6.376995168026958592e+06
6.385692901663346325e-06,1.565315391794622297e-05,2.260046171133230697e+00,-6.369790364953946322e+06
6.387883533876609380e-06,1.565808956972724705e-05,2.246100147426410842e+00,-6.362637335808375850e+06
6.390074166089873282e-06,1.566299468802144349e-05,2.232169736877513966e+00,-6.355535849994979799e+06
6.392264798303137184e-06,1.566786930690801402e-05,2.218254826824716641e+00,-6.348485679013836198e+06
6.394455430516400239e-06,1.567271346021989738e-05,2.204355305104481300e+00,-6.341486596443448216e+06
6.396646062729664141e-06,1.567752718154486713e-05,2.190471060046997653e+00,-6.334538377923984081e+06
6.398836694942928043e-06,1.568231050422660562e-05,2.176601980471719155e+00,-6.327640801140721887e+06
6.401027327156191098e-06,1.568706346136577130e-05,2.162747955682880363e+00,-6.320793645807696506e+06
6.403217959369455001e-06,1.569178608582105918e-05,2.148908875465070700e+00,-6.313996693651494570e+06
6.405408591582718056e-06,1.569647841021023761e-05,2.135084630078855294e+00,-6.307249728395273909e+06
6.407599223795981958e-06,1.570114046691119860e-05,2.121275110256390928e+00,-6.300552535742924549e+06
6.409789856009245860e-06,1.570577228806298441e-05,2.107480207197141020e+00,-6.293904903363448568e+06
6.411980488222508915e-06,1.571037390556680063e-05,2.093699812563563967e+00,-6.287306620875479653e+06
6.414171120435772817e-06,1.571494535108702243e-05,2.079933818476864538e+00,-6.280757479832018726e+06
6.416361752649036719e-06,1.571948665605220422e-05,2.066182117512774141e+00,-6.274257273705290630e+06
6.418552384862299774e-06,1.572399785165607241e-05,2.052444602697366616e+00,-6.267805797871823423e+06
6.420743017075563676e-06,1.572847896885849774e-05,2.038721167502882015e+00,-6.261402849597663619e+06
6.422933649288827579e-06,1.573293003838647453e-05,2.025011705843636101e+00,-6.255048228023773059e+06
6.425124281502090634e-06,1.573735109073508284e-05,2.011316112071907636e+00,-6.248741734151585959e+06
6.427314913715354536e-06,1.574174215616844057e-05,1.997634280973882515e+00,-6.242483170828740112e+06
6.429505545928617591e-06,1.574610326472065212e-05,1.983966107765631870e+00,-6.236272342734952457e+06
6.431696178141881493e-06,1.575043444619675032e-05,1.970311488089090401e+00,-6.230109056368063204e+06
6.433886810355145395e-06,1.575473573017362134e-05,1.956670318008123299e+00,-6.223993120030251332e+06
6.436077442568408450e-06,1.575900714600092295e-05,1.943042494004565635e+00,-6.217924343814382330e+06
6.438268074781672352e-06,1.576324872280198905e-05,1.929427912974319925e+00,-6.211902539590535685e+06
6.440458706994935407e-06,1.576746048947474794e-05,1.915826472223483234e+00,-6.205927520992671140e+06
6.442649339208199309e-06,1.577164247469261337e-05,1.902238069464476267e+00,-6.199999103405430913e+06
6.444839971421463212e-06,1.577579470690535526e-05,1.888662602812253732e+00,-6.194117103951147757e+06
6.447030603634727114e-06,1.577991721433999423e-05,1.875099970780491843e+00,-6.188281341476929374e+06
6.449221235847990169e-06,1.578401002500166552e-05,1.861550072277828427e+00,-6.182491636541946791e+06
6.451411868061253224e-06,1.578807316667447957e-05,1.848012806604132141e+00,-6.176747811404833570e+06
6.453602500274517126e-06,1.579210666692237590e-05,1.834488073446771006e+00,-6.171049690011247061e+06
6.455793132487781028e-06,1.579611055308996327e-05,1.820975772876962218e+00,-6.165397097981568426e+06
6.457983764701044930e-06,1.580008485230336002e-05,1.807475805346097975e+00,-6.159789862598739564e+06
6.460174396914307985e-06,1.580402959147102749e-05,1.793988071682117935e+00,-6.154227812796234153e+06
6.462365029127571040e-06,1.580794479728457984e-05,1.780512473085914538e+00,-6.148710779146190733e+06
6.464555661340834943e-06,1.581183049621961748e-05,1.767048911127735211e+00,-6.143238593847639859e+06
6.466746293554098845e-06,1.581568671453650296e-05,1.753597287743661193e+00,-6.137811090714915656e+06
6.468936925767362747e-06,1.581951347828118771e-05,1.740157505232061252e+00,-6.132428105166160502e+06
6.471127557980626649e-06,1.582331081328597434e-05,1.726729466250096490e+00,-6.127089474211988039e+06
6.473318190193889704e-06,1.582707874517032639e-05,1.713313073810244003e+00,-6.121795036444257013e+06
6.475508822407152759e-06,1.583081729934162054e-05,1.699908231276850090e+00,-6.116544632024993189e+06
6.477699454620416661e-06,1.583452650099592923e-05,1.686514842362681010e+00,-6.111338102675429545e+06
6.479890086833680563e-06,1.583820637511876606e-05,1.673132811125552344e+00,-6.106175291665160097e+06
6.482080719046944465e-06,1.584185694648584814e-05,1.659762041964926826e+00,-6.101056043801463209e+06
6.484271351260207520e-06,1.584547823966384481e-05,1.646402439618562141e+00,-6.095980205418681726e+06
6.486461983473470576e-06,1.584907027901109940e-05,1.633053909159184025e+00,-6.090947624367798679e+06
6.488652615686734478e-06,1.585263308867837452e-05,1.619716355991151824e+00,-6.085958150006071664e+06
6.490843247899998380e-06,1.585616669260956027e-05,1.606389685847204429e+00,-6.081011633186837658e+06
6.493033880113262282e-06,1.585967111454241279e-05,1.593073804785170910e+00,-6.076107926249398850e+06
6.495224512326526184e-06,1.586314637800923191e-05,1.579768619184732215e+00,-6.071246883009053767e+06
6.497415144539788392e-06,1.586659250633759300e-05,1.566474035744203741e+00,-6.066428358747229911e+06
6.499605776753052294e-06,1.587000952265102117e-05,1.553189961477312586e+00,-6.061652210201728158e+06
6.501796408966316196e-06,1.587339744986968250e-05,1.539916303710052059e+00,-6.056918295557109639e+06
6.503987041179580098e-06,1.587675631071108192e-05,1.526652970077497118e+00,-6.052226474435159937e+06
6.506177673392844001e-06,1.588008612769070029e-05,1.513399868520676428e+00,-6.047576607885493897e+06
6.508368305606106209e-06,1.588338692312270240e-05,1.500156907283456409e+00,-6.042968558376247063e+06
6.510558937819370111e-06,1.588665871912057063e-05,1.486923994909423952e+00,-6.038402189784902148e+06
6.512749570032634013e-06,1.588990153759776562e-05,1.473701040238841520e+00,-6.033877367389202118e+06
6.514940202245897915e-06,1.589311540026836999e-05,1.460487952405567613e+00,-6.029393957858195528e+06
6.517130834459161817e-06,1.589630032864773550e-05,1.447284640834022973e+00,-6.024951829243366607e+06
6.519321466672424025e-06,1.589945634405310644e-05,1.434091015236179434e+00,-6.020550850969878025e+06
6.521512098885687927e-06,1.590258346760426342e-05,1.420906985608536788e+00,-6.016190893827919848e+06
6.523702731098951829e-06,1.590568172022411623e-05,1.407732462229174475e+00,-6.011871829964176752e+06
6.525893363312215731e-06,1.590875112263934426e-05,1.394567355654769303e+00,-6.007593532873366028e+06
6.528083995525479634e-06,1.591179169538097922e-05,1.381411576717654244e+00,-6.003355877389911562e+06
6.530274627738743536e-06,1.591480345878503195e-05,1.368265036522894995e+00,-5.999158739679688588e+06
6.532465259952005744e-06,1.591778643299306164e-05,1.355127646445386524e+00,-5.995001997231902555e+06
6.534655892165269646e-06,1.592074063795279244e-05,1.341999318126942287e+00,-5.990885528851024806e+06
6.536846524378533548e-06,1.592366609341865560e-05,1.328879963473452275e+00,-5.986809214648867026e+06
6.539037156591797450e-06,1.592656281895240609e-05,1.315769494652007987e+00,-5.982772936036732048e+06
6.541227788805061352e-06,1.592943083392366131e-05,1.302667824088068027e+00,-5.978776575717663392e+06
6.543418421018323560e-06,1.593227015751048047e-05,1.289574864462644355e+00,-5.974820017678786069e+06
6.545609053231587462e-06,1.593508080869991344e-05,1.276490528709472994e+00,-5.970903147183754481e+06
6.547799685444851365e-06,1.593786280628855647e-05,1.263414730012261789e+00,-5.967025850765288807e+06
6.549990317658115267e-06,1.594061616888309759e-05,1.250347381801893532e+00,-5.963188016217797995e+06
6.552180949871379169e-06,1.594334091490084523e-05,1.237288397753677938e+00,-5.959389532590095885e+06
6.554371582084642224e-06,1.594603706257026690e-05,1.224237691784614501e+00,-5.955630290178232826e+06
6.556562214297905279e-06,1.594870462993152452e-05,1.211195178050649801e+00,-5.951910180518362671e+06
6.558752846511169181e-06,1.595134363483698264e-05,1.198160770943997644e+00,-5.948229096379771829e+06
6.560943478724433083e-06,1.595395409495172344e-05,1.185134385090425901e+00,-5.944586931757931598e+06
6.563134110937696985e-06,1.595653602775405833e-05,1.172115935346581983e+00,-5.940983581867686473e+06
6.565324743150960040e-06,1.595908945053604297e-05,1.159105336797335628e+00,-5.937418943136493675e+06
6.567515375364223095e-06,1.596161438040394817e-05,1.146102504753107043e+00,-5.933892913197776303e+06
6.569706007577486998e-06,1.596411083427877155e-05,1.133107354747266093e+00,-5.930405390884351917e+06
6.571896639790750900e-06,1.596657882889672203e-05,1.120119802533488196e+00,-5.926956276221941225e+06
6.574087272004014802e-06,1.596901838080968736e-05,1.107139764083156175e+00,-5.923545470422769897e+06
6.576277904217277857e-06,1.597142950638571527e-05,1.094167155582771445e+00,-5.920172875879253261e+06
6.578468536430541759e-06,1.597381222180949121e-05,1.081201893431354755e+00,-5.916838396157744341e+06
6.580659168643804814e-06,1.597616654308278890e-05,1.068243894237913549e+00,-5.913541935992410406e+06
6.582849800857068716e-06,1.597849248602491764e-05,1.055293074818868471e+00,-5.910283401279135607e+06
6.585040433070332618e-06,1.598079006627320340e-05,1.042349352195520940e+00,-5.907062699069546536e+06
6.587231065283596520e-06,1.598305929928341232e-05,1.029412643591527399e+00,-5.903879737565091811e+06
6.589421697496859576e-06,1.598530020033019457e-05,1.016482866430392207e+00,-5.900734426111225039e+06
6.591612329710122631e-06,1.598751278450753158e-05,1.003559938332947432e+00,-5.897626675191635266e+06
6.593802961923386533e-06,1.598969706672914601e-05,9.906437771148962623e-01,-5.894556396422595717e+06
6.595993594136650435e-06,1.599185306172893879e-05,9.777343007843173339e-01,-5.891523502547352575e+06
6.598184226349914337e-06,1.599398078406140592e-05,9.648314275392078088e-01,-5.888527907430613413e+06
6.600374858563177392e-06,1.599608024810205515e-05,9.519350757650373307e-01,-5.885569526053105481e+06
6.602565490776440447e-06,1.599815146804780243e-05,9.390451640322879934e-01,-5.882648274506216869e+06
6.604756122989704349e-06,1.600019445791738860e-05,9.261616110940593671e-01,-5.879764069986689836e+06
6.606946755202968251e-06,1.600220923155176573e-05,9.132843358836307823e-01,-5.876916830791422166e+06
6.609137387416232153e-06,1.600419580261449343e-05,9.004132575120626925e-01,-5.874106476312327199e+06
6.611328019629495209e-06,1.600615418459213192e-05,8.875482952658093616e-01,-5.871332927031247877e+06
6.613518651842759111e-06,1.600808439079461136e-05,8.746893686043145655e-01,-5.868596104514986277e+06
6.615709284056022166e-06,1.600998643435561805e-05,8.618363971576723515e-01,-5.865895931410359219e+06
6.617899916269286068e-06,1.601186032823295697e-05,8.489893007242451661e-01,-5.863232331439372152e+06
6.620090548482549970e-06,1.601370608520893469e-05,8.361479992683195084e-01,-5.860605229394423775e+06
6.622281180695813025e-06,1.601552371789069133e-05,8.233124129177710193e-01,-5.858014551133610308e+06
6.624471812909076927e-06,1.601731323871059023e-05,8.104824619617143622e-01,-5.855460223576077260e+06
6.626662445122339982e-06,1.601907465992653986e-05,7.976580668482151637e-01,-5.852942174697463401e+06
6.628853077335603884e-06,1.602080799362236304e-05,7.848391481819593229e-01,-5.850460333525398746e+06
6.631043709548867787e-06,1.602251325170811214e-05,7.720256267219590685e-01,-5.848014630135084502e+06
6.633234341762130842e-06,1.602419044592042814e-05,7.592174233792682303e-01,-5.845604995644921437e+06
6.635424973975394744e-06,1.602583958782286252e-05,7.464144592146800816e-01,-5.843231362212221138e+06
6.637615606188658646e-06,1.602746068880619916e-05,7.336166554364881298e-01,-5.840893663028998300e+06
6.639806238401921701e-06,1.602905376008877282e-05,7.208239333982027208e-01,-5.838591832317790017e+06
6.641996870615185603e-06,1.603061881271679776e-05,7.080362145963033926e-01,-5.836325805327584967e+06
6.644187502828449505e-06,1.603215585756466929e-05,6.952534206679947815e-01,-5.834095518329787999e+06
6.646378135041712560e-06,1.603366490533526196e-05,6.824754733889766278e-01,-5.831900908614269458e+06
6.648568767254976462e-06,1.603514596656025479e-05,6.697022946711955749e-01,-5.829741914485470392e+06
6.650759399468239517e-06,1.603659905160039894e-05,6.569338065606584731e-01,-5.827618475258574821e+06
6.652950031681503420e-06,1.603802417064582601e-05,6.441699312352016094e-01,-5.825530531255746260e+06
6.655140663894767322e-06,1.603942133371632592e-05,6.314105910022933532e-01,-5.823478023802433163e+06
6.657331296108030377e-06,1.604079055066164839e-05,6.186557082968465737e-01,-5.821460895223731175e+06
6.659521928321294279e-06,1.604213183116174016e-05,6.059052056790114049e-01,-5.819479088840809651e+06
6.661712560534558181e-06,1.604344518472706344e-05,5.931590058320278525e-01,-5.817532548967402428e+06
6.663903192747821236e-06,1.604473062069882632e-05,5.804170315600352126e-01,-5.815621220906373113e+06
6.666093824961085138e-06,1.604598814824926059e-05,5.676792057859135765e-01,-5.813745050946323201e+06
6.668284457174348193e-06,1.604721777638188943e-05,5.549454515491334394e-01,-5.811903986358262599e+06
6.670475089387612095e-06,1.604841951393176113e-05,5.422156920035865468e-01,-5.810097975392363034e+06
6.672665721600875998e-06,1.604959336956569987e-05,5.294898504154755825e-01,-5.808326967274757102e+06
6.674856353814139053e-06,1.605073935178257335e-05,5.167678501611584485e-01,-5.806590912204396911e+06
6.677046986027402955e-06,1.605185746891349272e-05,5.040496147250265180e-01,-5.804889761349972337e+06
6.679237618240666010e-06,1.605294772912208698e-05,4.913350676973883280e-01,-5.803223466846900992e+06
6.681428250453929912e-06,1.605401014040469613e-05,4.786241327723343986e-01,-5.801591981794375926e+06
6.683618882667193814e-06,1.605504471059062866e-05,4.659167337456600055e-01,-5.799995260252449661e+06
6.685809514880457716e-06,1.605605144734235468e-05,4.532127945127430446e-01,-5.798433257239217870e+06
6.688000147093720771e-06,1.605703035815574646e-05,4.405122390664533705e-01,-5.796905928728021681e+06
6.690190779306983826e-06,1.605798145036027157e-05,4.278149914950684085e-01,-5.795413231644734740e+06
6.692381411520247728e-06,1.605890473111919956e-05,4.151209759801687826e-01,-5.793955123865108006e+06
6.694572043733511631e-06,1.605980020742982218e-05,4.024301167945913971e-01,-5.792531564212145284e+06
6.696762675946775533e-06,1.606066788612362954e-05,3.897423383003362218e-01,-5.791142512453583069e+06
6.698953308160038588e-06,1.606150777386651006e-05,3.770575649465051082e-01,-5.789787929299379699e+06
6.701143940373302490e-06,1.606231987715895710e-05,3.643757212672398826e-01,-5.788467776399292052e+06
6.703334572586565545e-06,1.606310420233622485e-05,3.516967318796718756e-01,-5.787182016340501606e+06
6.705525204799829447e-06,1.606386075556851464e-05,3.390205214818496904e-01,-5.785930612645299174e+06
6.707715837013093349e-06,1.606458954286117148e-05,3.263470148507248147e-01,-5.784713529768818058e+06
6.709906469226357251e-06,1.606529057005482976e-05,3.136761368400892147e-01,-5.783530733096828684e+06
6.712097101439620306e-06,1.606596384282558599e-05,3.010078123785447923e-01,-5.782382188943595625e+06
6.714287733652883362e-06,1.606660936668517165e-05,2.883419664674763405e-01,-5.781267864549780264e+06
6.716478365866147264e-06,1.606722714698109549e-05,2.756785241790041807e-01,-5.780187728080401197e+06
6.718668998079411166e-06,1.606781718889680271e-05,2.630174106539921453e-01,-5.779141748622860759e+06
6.720859630292675068e-06,1.606837949745182413e-05,2.503585511000085972e-01,-5.778129896185004152e+06
6.723050262505938123e-06,1.606891407750192180e-05,2.377018707893172600e-01,-5.777152141693261452e+06
6.725240894719201178e-06,1.606942093373921779e-05,2.250472950568720154e-01,-5.776208456990822218e+06
6.727431526932465080e-06,1.606990007069234664e-05,2.123947492982897478e-01,-5.775298814835879020e+06
6.729622159145728982e-06,1.607035149272657059e-05,1.997441589678789764e-01,-5.774423188899904490e+06
6.731812791358992884e-06,1.607077520404391843e-05,1.870954495766205261e-01,-5.773581553766018711e+06
6.734003423572255939e-06,1.607117120868329399e-05,1.744485466901771198e-01,-5.772773884927369654e+06
6.736194055785518995e-06,1.607153951052060482e-05,1.618033759269068006e-01,-5.772000158785603940e+06
6.738384687998782897e-06,1.607188011326887069e-05,1.491598629558535949e-01,-5.771260352649355307e+06
6.740575320212046799e-06,1.607219302047833531e-05,1.365179334947934919e-01,-5.770554444732825272e+06
6.742765952425310701e-06,1.607247823553656466e-05,1.238775133082313379e-01,-5.769882414154378697e+06
6.744956584638574603e-06,1.607273576166855198e-05,1.112385282054268315e-01,-5.769244240935230628e+06
6.747147216851836811e-06,1.607296560193681944e-05,9.860090403842321216e-02,-5.768639905998145230e+06
6.749337849065100713e-06,1.607316775924149264e-05,8.596456670005318823e-02,-5.768069391166236252e+06
6.751528481278364615e-06,1.607334223632041247e-05,7.332944212199872525e-02,-5.767532679161758162e+06
6.753719113491628517e-06,1.607348903574918928e-05,6.069545627280181072e-02,-5.767029753605020232e+06
6.755909745704892420e-06,1.607360815994131131e-05,4.806253515590385578e-02,-5.766560599013295025e+06
6.758100377918154628e-06,1.607369961114818875e-05,3.543060480768676218e-02,-5.766125200799812563e+06
6.760291010131418530e-06,1.607376339145924859e-05,2.279959129549079602e-02,-5.765723545272788964e+06
6.762481642344682432e-06,1.607379950280198884e-05,1.016942071568584412e-02,-5.765355619634523056e+06
6.764672274557946334e-06,1.607380794694203953e-05,-2.459980808306813042e-03,-5.765021411980533041e+06
6.766862906771210236e-06,1.607378872548322703e-05,-1.508868712796516270e-02,-5.764720911298744380e+06
6.769053538984474138e-06,1.607374183986761817e-05,-2.771677207162057122e-02,-5.764454107468745671e+06
6.771244171197736346e-06,1.607366729137557100e-05,-4.034430944640510219e-02,-5.764220991261066869e+06
6.773434803411000248e-06,1.607356508112578906e-05,-5.297137304022327825e-02,-5.764021554336546920e+06
6.775625435624264150e-06,1.607343521007533824e-05,-6.559803662367061361e-02,-5.763855789245721884e+06
6.777816067837528053e-06,1.607327767901971124e-05,-7.822437395200271260e-02,-5.763723689428271726e+06
6.780006700050791955e-06,1.607309248859284447e-05,-9.085045876707752155e-02,-5.763625249212532304e+06
6.782197332264054163e-06,1.607287963926713157e-05,-1.034763647992961860e-01,-5.763560463815053925e+06
6.784387964477318065e-06,1.607263913135347768e-05,-1.161021657695689713e-01,-5.763529329340182245e+06
6.786578596690581967e-06,1.607237096500129265e-05,-1.287279353912289259e-01,-5.763531842779749073e+06
6.788769228903845869e-06,1.607207514019851812e-05,-1.413537473719962689e-01,-5.763568002012746409e+06
6.790959861117109771e-06,1.607175165677162751e-05,-1.539796754159163394e-01,-5.763637805805112235e+06
6.793150493330371979e-06,1.607140051438564303e-05,-1.666057932252973661e-01,-5.763741253809523769e+06
6.795341125543635881e-06,1.607102171254412882e-05,-1.792321745026730917e-01,-5.763878346565268002e+06
6.797531757756899784e-06,1.607061525058919778e-05,-1.918588929527143272e-01,-5.764049085498154163e+06
6.799722389970163686e-06,1.607018112770149123e-05,-2.044860222841914654e-01,-5.764253472920467146e+06
6.801913022183427588e-06,1.606971934290018228e-05,-2.171136362119110430e-01,-5.764491512030999176e+06
6.804103654396690643e-06,1.606922989504295214e-05,-2.297418084586532461e-01,-5.764763206915098242e+06
6.806294286609953698e-06,1.606871278282596976e-05,-2.423706127571340629e-01,-5.765068562544799410e+06
6.808484918823217600e-06,1.606816800478386476e-05,-2.550001228519174212e-01,-5.765407584778983146e+06
6.810675551036481502e-06,1.606759555928971724e-05,-2.676304125013787005e-01,-5.765780280363597907e+06
6.812866183249745404e-06,1.606699544455500697e-05,-2.802615554796427100e-01,-5.766186656931934878e+06
6.815056815463008459e-06,1.606636765862957950e-05,-2.928936255785233866e-01,-5.766626723004940897e+06
6.817247447676271514e-06,1.606571219940161228e-05,-3.055266966094888903e-01,-5.767100487991590984e+06
6.819438079889535417e-06,1.606502906459756724e-05,-3.181608424055764606e-01,-5.767607962189324200e+06
6.821628712102799319e-06,1.606431825178213319e-05,-3.307961368233602872e-01,-5.768149156784504652e+06
6.823819344316063221e-06,1.606357975835818173e-05,-3.434326537448935124e-01,-5.768724083852952346e+06
6.826009976529327123e-06,1.606281358156671650e-05,-3.560704670796580040e-01,-5.769332756360521540e+06
6.828200608742590178e-06,1.606201971848678504e-05,-3.687096507665091338e-01,-5.769975188163726591e+06
6.830391240955853233e-06,1.606119816603543814e-05,-3.813502787756485324e-01,-5.770651394010423683e+06
6.832581873169117135e-06,1.606034892096764176e-05,-3.939924251105464958e-01,-5.771361389540540054e+06
6.834772505382381037e-06,1.605947197987621941e-05,-4.066361638099173503e-01,-5.772105191286860965e+06
6.836963137595644939e-06,1.605856733919175055e-05,-4.192815689496716680e-01,-5.772882816675850190e+06
6.839153769808907995e-06,1.605763499518250955e-05,-4.319287146448694825e-01,-5.773694284028559923e+06
6.841344402022171050e-06,1.605667494395436070e-05,-4.445776750517014819e-01,-5.774539612561540678e+06
6.843535034235434952e-06,1.605568718145067685e-05,-4.572285243694214629e-01,-5.775418822387850843e+06
6.845725666448698854e-06,1.605467170345223105e-05,-4.698813368423310766e-01,-5.776331934518080205e+06
6.847916298661962756e-06,1.605362850557711518e-05,-4.825361867617430911e-01,-5.777278970861455426e+06
6.850106930875225811e-06,1.605255758328061124e-05,-4.951931484679449325e-01,-5.778259954226986505e+06
6.852297563088489713e-06,1.605145893185510323e-05,-5.078522963521925337e-01,-5.779274908324644901e+06
6.854488195301752768e-06,1.605033254642994502e-05,-5.205137048586542248e-01,-5.780323857766631991e+06
6.856678827515016670e-06,1.604917842197135534e-05,-5.331774484864090224e-01,-5.781406828068669885e+06
6.858869459728280572e-06,1.604799655328229577e-05,-5.458436017914225502e-01,-5.782523845651353709e+06
6.861060091941543628e-06,1.604678693500232508e-05,-5.585122393885253445e-01,-5.783674937841565348e+06
6.863250724154807530e-06,1.604554956160749758e-05,-5.711834359534206929e-01,-5.784860132873923518e+06
6.865441356368070585e-06,1.604428442741020049e-05,-5.838572662246436229e-01,-5.786079459892294370e+06
6.867631988581334487e-06,1.604299152655903532e-05,-5.965338050055750685e-01,-5.787332948951362632e+06
6.869822620794598389e-06,1.604167085303865871e-05,-6.092131271664339431e-01,-5.788620631018246524e+06
6.872013253007861444e-06,1.604032240066963325e-05,-6.218953076462725438e-01,-5.789942537974161096e+06
6.874203885221125346e-06,1.603894616310829542e-05,-6.345804214550013755e-01,-5.791298702616146766e+06
6.876394517434389248e-06,1.603754213384656923e-05,-6.472685436753662369e-01,-5.792689158658851869e+06
6.878585149647652303e-06,1.603611030621182726e-05,-6.599597494649817042e-01,-5.794113940736345947e+06
6.880775781860916206e-06,1.603465067336671114e-05,-6.726541140583411904e-01,-5.795573084404022433e+06
6.882966414074180108e-06,1.603316322830896214e-05,-6.853517127688379951e-01,-5.797066626140530221e+06
6.885157046287443163e-06,1.603164796387125850e-05,-6.980526209907846891e-01,-5.798594603349760175e+06
6.887347678500707065e-06,1.603010487272101895e-05,-7.107569142014628083e-01,-5.800157054362894036e+06
6.889538310713970120e-06,1.602853394736022654e-05,-7.234646679631250299e-01,-5.801754018440517597e+06
6.891728942927234022e-06,1.602693518012525241e-05,-7.361759579250556351e-01,-5.803385535774749704e+06
6.893919575140497924e-06,1.602530856318663222e-05,-7.488908598256061033e-01,-5.805051647491486743e+06
6.896110207353760979e-06,1.602365408854890011e-05,-7.616094494942405868e-01,-5.806752395652635954e+06
6.898300839567024881e-06,1.602197174805037187e-05,-7.743318028536072539e-01,-5.808487823258458637e+06
6.900491471780288783e-06,1.602026153336293484e-05,-7.870579959215672217e-01,-5.810257974249938503e+06
6.902682103993551839e-06,1.601852343599185146e-05,-7.997881048132773341e-01,-5.812062893511210568e+06
6.904872736206815741e-06,1.601675744727552883e-05,-8.125222057432546219e-01,-5.813902626872051507e+06
6.907063368420078796e-06,1.601496355838531203e-05,-8.252603750274453143e-01,-5.815777221110426821e+06
6.909254000633342698e-06,1.601314176032524701e-05,-8.380026890853254917e-01,-5.817686723955082707e+06
6.911444632846606600e-06,1.601129204393185351e-05,-8.507492244419552208e-01,-5.819631184088214301e+06
6.913635265059869655e-06,1.600941439987391165e-05,-8.635000577300918634e-01,-5.821610651148174889e+06
6.915825897273133557e-06,1.600750881865218748e-05,-8.762552656922815153e-01,-5.823625175732242875e+06
6.918016529486396612e-06,1.600557529059922293e-05,-8.890149251829584376e-01,-5.825674809399450198e+06
6.920207161699660514e-06,1.600361380587907829e-05,-9.017791131705749086e-01,-5.827759604673473164e+06
6.922397793912924417e-06,1.600162435448706117e-05,-9.145479067396874440e-01,-5.829879615045575425e+06
6.924588426126188319e-06,1.599960692624950628e-05,-9.273213830930997492e-01,-5.832034894977610558e+06
6.926779058339451374e-06,1.599756151082348064e-05,-9.400996195539872424e-01,-5.834225499905070290e+06
6.928969690552714429e-06,1.599548809769653289e-05,-9.528826935680282384e-01,-5.836451486240218394e+06
6.931160322765978331e-06,1.599338667618642560e-05,-9.656706827055681064e-01,-5.838712911375271156e+06
6.933350954979242233e-06,1.599125723544084728e-05,-9.784636646637380197e-01,-5.841009833685619757e+06
6.935541587192506135e-06,1.598909976443714474e-05,-9.912617172686333245e-01,-5.843342312533131801e+06
6.937732219405769190e-06,1.598691425198203508e-05,-1.004064918477472812e+00,-5.845710408269518986e+06
6.939922851619033092e-06,1.598470068671131093e-05,-1.016873346380771537e+00,-5.848114182239739224e+06
6.942113483832296147e-06,1.598245905708954907e-05,-1.029687079204513411e+00,-5.850553696785482578e+06
6.944304116045560050e-06,1.598018935140980886e-05,-1.042506195312362216e+00,-5.853029015248716809e+06
6.946494748258823952e-06,1.597789155779333754e-05,-1.055330773207822537e+00,-5.855540201975264587e+06
6.948685380472087007e-06,1.597556566418925506e-05,-1.068160891536465984e+00,-5.858087322318490595e+06
6.950876012685350909e-06,1.597321165837422885e-05,-1.080996629088136540e+00,-5.860670442643006332e+06
6.953066644898613964e-06,1.597082952795218246e-05,-1.093838064799163234e+00,-5.863289630328461528e+06
6.955257277111877866e-06,1.596841926035394316e-05,-1.106685277754611452e+00,-5.865944953773400746e+06
6.957447909325141768e-06,1.596598084283693363e-05,-1.119538347190485839e+00,-5.868636482399153523e+06
6.959638541538405670e-06,1.596351426248483318e-05,-1.132397352495996934e+00,-5.871364286653829738e+06
6.961829173751668725e-06,1.596101950620723209e-05,-1.145262373215809593e+00,-5.874128438016346656e+06
6.964019805964931781e-06,1.595849656073930643e-05,-1.158133489052299847e+00,-5.876929009000529535e+06
6.966210438178195683e-06,1.595594541264144532e-05,-1.171010779867848628e+00,-5.879766073159284890e+06
6.968401070391459585e-06,1.595336604829892226e-05,-1.183894325687089744e+00,-5.882639705088827759e+06
6.970591702604723487e-06,1.595075845392152249e-05,-1.196784206699222031e+00,-5.885549980432976037e+06
6.972782334817986542e-06,1.594812261554318382e-05,-1.209680503260303741e+00,-5.888496975887523033e+06
6.974972967031249597e-06,1.594545851902162733e-05,-1.222583295895556033e+00,-5.891480769204640761e+06
6.977163599244513499e-06,1.594276615003798465e-05,-1.235492665301704207e+00,-5.894501439197415486e+06
6.979354231457777401e-06,1.594004549409642869e-05,-1.248408692349273652e+00,-5.897559065744366497e+06
6.981544863671041303e-06,1.593729653652377045e-05,-1.261331458084950619e+00,-5.900653729794102721e+06
6.983735495884305205e-06,1.593451926246908966e-05,-1.274261043733927457e+00,-5.903785513370012864e+06
6.985926128097567414e-06,1.593171365690333508e-05,-1.287197530702254733e+00,-5.906954499575017951e+06
6.988116760310831316e-06,1.592887970461892119e-05,-1.300141000579233985e+00,-5.910160772596435621e+06
6.990307392524095218e-06,1.592601739022932850e-05,-1.313091535139766952e+00,-5.913404417710847221e+06
6.992498024737359120e-06,1.592312669816868336e-05,-1.326049216346767201e+00,-5.916685521289093420e+06
6.994688656950623022e-06,1.592020761269137850e-05,-1.339014126353558654e+00,-5.920004170801308006e+06
6.996879289163886077e-06,1.591726011787160210e-05,-1.351986347506288766e+00,-5.923360454822038300e+06
6.999069921377149132e-06,1.591428419760295489e-05,-1.364965962346348372e+00,-5.926754463035420515e+06
7.001260553590413034e-06,1.591127983559799280e-05,-1.377953053612829271e+00,-5.930186286240444519e+06
7.003451185803676936e-06,1.590824701538781020e-05,-1.390947704244940741e+00,-5.933656016356279142e+06
7.005641818016940839e-06,1.590518572032158926e-05,-1.403949997384489556e+00,-5.937163746427666396e+06
7.007832450230204741e-06,1.590209593356614934e-05,-1.416960016378348897e+00,-5.940709570630407892e+06
7.010023082443466949e-06,1.589897763810550996e-05,-1.429977844780933038e+00,-5.944293584276899695e+06
7.012213714656730851e-06,1.589583081674041638e-05,-1.443003566356717782e+00,-5.947915883821764030e+06
7.014404346869994753e-06,1.589265545208788229e-05,-1.456037265082716026e+00,-5.951576566867542453e+06
7.016594979083258655e-06,1.588945152658073574e-05,-1.469079025151018847e+00,-5.955275732170470059e+06
7.018785611296522557e-06,1.588621902246712111e-05,-1.482128930971325698e+00,-5.959013479646314867e+06
7.020976243509784765e-06,1.588295792181003831e-05,-1.495187067173485040e+00,-5.962789910376307555e+06
7.023166875723048667e-06,1.587966820648684473e-05,-1.508253518610074284e+00,-5.966605126613157801e+06
7.025357507936312569e-06,1.587634985818877416e-05,-1.521328370358942195e+00,-5.970459231787103228e+06
7.027548140149576472e-06,1.587300285842043867e-05,-1.534411707725816365e+00,-5.974352330512088723e+06
7.029738772362840374e-06,1.586962718849932720e-05,-1.547503616246896252e+00,-5.978284528591992334e+06
7.031929404576102582e-06,1.586622282955528382e-05,-1.560604181691462644e+00,-5.982255933026952669e+06
7.034120036789366484e-06,1.586278976253001637e-05,-1.573713490064527765e+00,-5.986266652019748464e+06
7.036310669002630386e-06,1.585932796817656799e-05,-1.586831627609441187e+00,-5.990316794982284307e+06
7.038501301215894288e-06,1.585583742705878177e-05,-1.599958680810571465e+00,-5.994406472542143427e+06
7.040691933429158190e-06,1.585231811955078573e-05,-1.613094736395967788e+00,-5.998535796549238265e+06
7.042882565642421245e-06,1.584877002583645074e-05,-1.626239881340042270e+00,-6.002704880082510412e+06
7.045073197855684300e-06,1.584519312590883827e-05,-1.639394202866288008e+00,-6.006913837456760928e+06
7.047263830068948203e-06,1.584158739956966841e-05,-1.652557788449965148e+00,-6.011162784229520708e+06
7.049454462282212105e-06,1.583795282642875410e-05,-1.665730725820850244e+00,-6.015451837208034471e+06
7.051645094495476007e-06,1.583428938590343866e-05,-1.678913102965976956e+00,-6.019781114456312731e+06
7.053835726708739909e-06,1.583059705721804016e-05,-1.692105008132397170e+00,-6.024150735302283429e+06
7.056026358922002117e-06,1.582687581940327206e-05,-1.705306529829950790e+00,-6.028560820345018059e+06
7.058216991135266019e-06,1.582312565129566039e-05,-1.718517756834082588e+00,-6.033011491462060250e+06
7.060407623348529921e-06,1.581934653153696787e-05,-1.731738778188616212e+00,-6.037502871816817671e+06
7.062598255561793823e-06,1.581553843857359411e-05,-1.744969683208601907e+00,-6.042035085866072215e+06
7.064788887775057725e-06,1.581170135065598613e-05,-1.758210561483152246e+00,-6.046608259367557243e+06
7.066979519988320780e-06,1.580783524583803188e-05,-1.771461502878296290e+00,-6.051222519387640990e+06
7.069170152201583836e-06,1.580394010197644697e-05,-1.784722597539873723e+00,-6.055877994309082627e+06
7.071360784414847738e-06,1.580001589673016144e-05,-1.797993935896398110e+00,-6.060574813838914037e+06
7.073551416628111640e-06,1.579606260755969972e-05,-1.811275608661985448e+00,-6.065313109016360715e+06
7.075742048841375542e-06,1.579208021172655380e-05,-1.824567706839277603e+00,-6.070093012220912613e+06
7.077932681054638597e-06,1.578806868629253278e-05,-1.837870321722381295e+00,-6.074914657180448063e+06
7.080123313267901652e-06,1.578402800811913936e-05,-1.851183544899852151e+00,-6.079778178979489021e+06
7.082313945481165554e-06,1.577995815386690925e-05,-1.864507468257643907e+00,-6.084683714067503810e+06
7.084504577694429456e-06,1.577585909999477411e-05,-1.877842183982128432e+00,-6.089631400267357938e+06
7.086695209907693358e-06,1.577173082275936706e-05,-1.891187784563109320e+00,-6.094621376783831045e+06
7.088885842120956414e-06,1.576757329821439245e-05,-1.904544362796853463e+00,-6.099653784212235361e+06
7.091076474334220316e-06,1.576338650220992450e-05,-1.917912011789166149e+00,-6.104728764547157101e+06
7.093267106547483371e-06,1.575917041039173649e-05,-1.931290824958436181e+00,-6.109846461191259325e+06
7.095457738760747273e-06,1.575492499820061294e-05,-1.944680896038750051e+00,-6.115007018964214250e+06
7.097648370974011175e-06,1.575065024087165508e-05,-1.958082319083001677e+00,-6.120210584111738019e+06
7.099839003187274230e-06,1.574634611343357266e-05,-1.971495188466020121e+00,-6.125457304314703681e+06
7.102029635400538132e-06,1.574201259070797930e-05,-1.984919598887745718e+00,-6.130747328698399477e+06
7.104220267613801187e-06,1.573764964730867415e-05,-1.998355645376371337e+00,-6.136080807841842994e+06
7.106410899827065089e-06,1.573325725764093379e-05,-2.011803423291560033e+00,-6.141457893787232228e+06
7.108601532040328991e-06,1.572883539590076008e-05,-2.025263028327654702e+00,-6.146878740049509332e+06
7.110792164253592894e-06,1.572438403607415505e-05,-2.038734556516915042e+00,-6.152343501626004465e+06
7.112982796466855949e-06,1.571990315193638236e-05,-2.052218104232768958e+00,-6.157852335006205365e+06
7.115173428680119851e-06,1.571539271705120491e-05,-2.065713768193116806e+00,-6.163405398181649856e+06
7.117364060893382906e-06,1.571085270477012592e-05,-2.079221645463595891e+00,-6.169002850655891933e+06
7.119554693106646808e-06,1.570628308823165031e-05,-2.092741833460930234e+00,-6.174644853454606608e+06
7.121745325319910710e-06,1.570168384036046819e-05,-2.106274429956267014e+00,-6.180331569135819562e+06
7.123935957533173765e-06,1.569705493386671621e-05,-2.119819533078541429e+00,-6.186063161800211295e+06
7.126126589746437667e-06,1.569239634124515426e-05,-2.133377241317887751e+00,-6.191839797101572156e+06
7.128317221959700722e-06,1.568770803477439975e-05,-2.146947653529022393e+00,-6.197661642257353291e+06
7.130507854172964625e-06,1.568298998651610767e-05,-2.160530868934700255e+00,-6.203528866059341468e+06
7.132698486386228527e-06,1.567824216831417442e-05,-2.174126987129171518e+00,-6.209441638884449378e+06
7.134889118599491582e-06,1.567346455179390429e-05,-2.187736108081660635e+00,-6.215400132705636322e+06
7.137079750812755484e-06,1.566865710836118952e-05,-2.201358332139896401e+00,-6.221404521102925763e+06
7.139270383026019386e-06,1.566381980920168704e-05,-2.214993760033610926e+00,-6.227454979274568148e+06
7.141461015239282441e-06,1.565895262527996462e-05,-2.228642492878119441e+00,-6.233551684048317373e+06
7.143651647452546343e-06,1.565405552733866400e-05,-2.242304632177897439e+00,-6.239694813892824575e+06
7.145842279665809398e-06,1.564912848589763693e-05,-2.255980279830181789e+00,-6.245884548929161392e+06
7.148032911879073300e-06,1.564417147125306764e-05,-2.269669538128625152e+00,-6.252121070942488499e+06
7.150223544092337202e-06,1.563918445347664275e-05,-2.283372509766921965e+00,-6.258404563393807039e+06
7.152414176305600258e-06,1.563416740241461614e-05,-2.297089297842513922e+00,-6.264735211431886069e+06
7.154604808518864160e-06,1.562912028768696532e-05,-2.310820005860295456e+00,-6.271113201905289665e+06
7.156795440732127215e-06,1.562404307868647322e-05,-2.324564737736344533e+00,-6.277538723374547437e+06
7.158986072945391117e-06,1.561893574457781680e-05,-2.338323597801708953e+00,-6.284011966124458238e+06
7.161176705158655019e-06,1.561379825429667936e-05,-2.352096690806163792e+00,-6.290533122176516801e+06
7.163367337371918074e-06,1.560863057654880186e-05,-2.365884121922052774e+00,-6.297102385301488452e+06
7.165557969585181976e-06,1.560343267980907490e-05,-2.379685996748125643e+00,-6.303719951032109559e+06
7.167748601798445878e-06,1.559820453232057988e-05,-2.393502421313415507e+00,-6.310386016675935127e+06
7.169939234011708933e-06,1.559294610209366065e-05,-2.407333502081133947e+00,-6.317100781328315847e+06
7.172129866224972836e-06,1.558765735690495789e-05,-2.421179345952623851e+00,-6.323864445885526948e+06
7.174320498438236738e-06,1.558233826429644689e-05,-2.435040060271286499e+00,-6.330677213058019988e+06
7.176511130651499793e-06,1.557698879157446515e-05,-2.448915752826591241e+00,-6.337539287383842282e+06
7.178701762864763695e-06,1.557160890580872983e-05,-2.462806531858089620e+00,-6.344450875242181122e+06
7.180892395078026750e-06,1.556619857383135516e-05,-2.476712506059457919e+00,-6.351412184867055155e+06
7.183083027291290652e-06,1.556075776223582926e-05,-2.490633784582596988e+00,-6.358423426361179911e+06
7.185273659504554554e-06,1.555528643737604514e-05,-2.504570477041708543e+00,-6.365484811709932983e+06
7.187464291717817609e-06,1.554978456536524356e-05,-2.518522693517456723e+00,-6.372596554795515724e+06
7.189654923931081511e-06,1.554425211207501696e-05,-2.532490544561133650e+00,-6.379758871411243454e+06
7.191845556144344566e-06,1.553868904313425572e-05,-2.546474141198856511e+00,-6.386971979275988415e+06
7.194036188357608469e-06,1.553309532392810127e-05,-2.560473594935822828e+00,-6.394236098048801534e+06
7.196226820570872371e-06,1.552747091959690926e-05,-2.574489017760545728e+00,-6.401551449343641289e+06
7.198417452784136273e-06,1.552181579503517897e-05,-2.588520522149170944e+00,-6.408918256744317710e+06
7.200608084997399328e-06,1.551612991489047247e-05,-2.602568221069807120e+00,-6.416336745819559321e+06
7.202798717210662383e-06,1.551041324356233718e-05,-2.616632227986883219e+00,-6.423807144138243981e+06
7.204989349423926285e-06,1.550466574520121152e-05,-2.630712656865569876e+00,-6.431329681284818798e+06
7.207179981637190187e-06,1.549888738370732718e-05,-2.644809622176176767e+00,-6.438904588874839246e+06
7.209370613850454089e-06,1.549307812272960453e-05,-2.658923238898644126e+00,-6.446532100570715964e+06
7.211561246063717144e-06,1.548723792566451425e-05,-2.673053622527036488e+00,-6.454212452097612433e+06
7.213751878276980199e-06,1.548136675565495247e-05,-2.687200889074073284e+00,-6.461945881259502843e+06
7.215942510490244102e-06,1.547546457558910912e-05,-2.701365155075723834e+00,-6.469732627955430187e+06
7.218133142703508004e-06,1.546953134809930580e-05,-2.715546537595781018e+00,-6.477572934195891954e+06
7.220323774916771906e-06,1.546356703556084043e-05,-2.729745154230528659e+00,-6.485467044119440950e+06
7.222514407130035808e-06,1.545757160009080482e-05,-2.743961123113411116e+00,-6.493415204009444453e+06
7.224705039343298863e-06,1.545154500354692587e-05,-2.758194562919757953e+00,-6.501417662311025895e+06
7.226895671556561918e-06,1.544548720752634589e-05,-2.772445592871524589e+00,-6.509474669648176990e+06
7.229086303769825820e-06,1.543939817336443675e-05,-2.786714332742113331e+00,-6.517586478841071017e+06
7.231276935983089722e-06,1.543327786213358351e-05,-2.801000902861165986e+00,-6.525753344923538156e+06
7.233467568196353624e-06,1.542712623464196134e-05,-2.815305424119455058e+00,-6.533975525160735473e+06
7.235658200409616680e-06,1.542094325143228867e-05,-2.829628017973788712e+00,-6.542253279067005031e+06
7.237848832622879735e-06,1.541472887278061085e-05,-2.843968806451948605e+00,-6.550586868423921987e+06
7.240039464836143637e-06,1.540848305869500589e-05,-2.858327912157700990e+00,-6.558976557298541069e+06
7.242230097049407539e-06,1.540220576891435117e-05,-2.872705458275789159e+00,-6.567422612061805092e+06
7.244420729262671441e-06,1.539589696290702241e-05,-2.887101568577022714e+00,-6.575925301407190971e+06
7.246611361475935343e-06,1.538955659986961295e-05,-2.901516367423381482e+00,-6.584484896369516850e+06
7.248801993689197551e-06,1.538318463872563610e-05,-2.915949979773158951e+00,-6.593101670343966223e+06
7.250992625902461453e-06,1.537678103812421053e-05,-2.930402531186176773e+00,-6.601775899105327204e+06
7.253183258115725355e-06,1.537034575643872537e-05,-2.944874147828984601e+00,-6.610507860827391967e+06
7.255373890328989258e-06,1.536387875176552898e-05,-2.959364956480159847e+00,-6.619297836102603935e+06
7.257564522542253160e-06,1.535737998192256354e-05,-2.973875084535622992e+00,-6.628146107961883768e+06
7.259755154755515368e-06,1.535084940444801660e-05,-2.988404660013992853e+00,-6.637052961894681677e+06
7.261945786968779270e-06,1.534428697659893527e-05,-3.002953811562021347e+00,-6.646018685869246721e+06
7.264136419182043172e-06,1.533769265534987104e-05,-3.017522668460006940e+00,-6.655043570353074931e+06
7.266327051395307074e-06,1.533106639739146350e-05,-3.032111360627319563e+00,-6.664127908333616331e+06
7.268517683608570976e-06,1.532440815912903767e-05,-3.046720018627935733e+00,-6.673271995339166373e+06
7.270708315821833184e-06,1.531771789668119789e-05,-3.061348773676021207e+00,-6.682476129459999502e+06
7.272898948035097086e-06,1.531099556587838114e-05,-3.075997757641591779e+00,-6.691740611369722523e+06
7.275089580248360988e-06,1.530424112226143061e-05,-3.090667103056160769e+00,-6.701065744346834719e+06
7.277280212461624891e-06,1.529745452108012863e-05,-3.105356943118492197e+00,-6.710451834296532907e+06
7.279470844674888793e-06,1.529063571729172624e-05,-3.120067411700370830e+00,-6.719899189772744663e+06
7.281661476888152695e-06,1.528378466555947951e-05,-3.134798643352433967e+00,-6.729408122000384144e+06
7.283852109101414903e-06,1.527690132025113164e-05,-3.149550773310036078e+00,-6.738978944897841662e+06
7.286042741314678805e-06,1.526998563543742899e-05,-3.164323937499201822e+00,-6.748611975099744275e+06
7.288233373527942707e-06,1.526303756489058962e-05,-3.179118272542562629e+00,-6.758307531979877502e+06
7.290424005741206609e-06,1.525605706208277018e-05,-3.193933915765409637e+00,-6.768065937674439512e+06
7.292614637954470511e-06,1.524904408018452936e-05,-3.208771005201760840e+00,-6.777887517105479725e+06
7.294805270167732719e-06,1.524199857206325752e-05,-3.223629679600487741e+00,-6.787772598004595377e+06
7.296995902380996622e-06,1.523492049028160460e-05,-3.238510078431517059e+00,-6.797721510936896317e+06
7.299186534594260524e-06,1.522780978709590462e-05,-3.253412341892031545e+00,-6.807734589325197041e+06
7.301377166807524426e-06,1.522066641445456801e-05,-3.268336610912776496e+00,-6.817812169474471360e+06
7.303567799020788328e-06,1.521349032399646719e-05,-3.283283027164399126e+00,-6.827954590596572496e+06
7.305758431234051383e-06,1.520628146704931363e-05,-3.298251733063835900e+00,-6.838162194835196249e+06
7.307949063447314438e-06,1.519903979462799935e-05,-3.313242871780785137e+00,-6.848435327291126363e+06
7.310139695660578340e-06,1.519176525743296898e-05,-3.328256587244179610e+00,-6.858774336047720164e+06
7.312330327873842242e-06,1.518445780584852901e-05,-3.343293024148770165e+00,-6.869179572196675465e+06
7.314520960087106144e-06,1.517711738994116563e-05,-3.358352327961739547e+00,-6.879651389864072204e+06
7.316711592300369199e-06,1.516974395945785403e-05,-3.373434644929371728e+00,-6.890190146236664616e+06
7.318902224513632255e-06,1.516233746382432540e-05,-3.388540122083811834e+00,-6.900796201588497497e+06
7.321092856726896157e-06,1.515489785214336603e-05,-3.403668907249818076e+00,-6.911469919307718053e+06
7.323283488940160059e-06,1.514742507319304709e-05,-3.418821149051642916e+00,-6.922211665923761204e+06
7.325474121153423961e-06,1.513991907542498305e-05,-3.433996996919934208e+00,-6.933021811134748161e+06
7.327664753366687016e-06,1.513237980696254957e-05,-3.449196601098702963e+00,-6.943900727835204452e+06
7.329855385579950918e-06,1.512480721559909119e-05,-3.464420112652378148e+00,-6.954848792144084349e+06
7.332046017793213973e-06,1.511720124879612558e-05,-3.479667683472869033e+00,-6.965866383433022536e+06
7.334236650006477875e-06,1.510956185368151566e-05,-3.494939466286741236e+00,-6.976953884354955517e+06
7.336427282219741777e-06,1.510188897704764341e-05,-3.510235614662434056e+00,-6.988111680873004720e+06
7.338617914433005680e-06,1.509418256534953620e-05,-3.525556283017541315e+00,-6.999340162289656699e+06
7.340808546646268735e-06,1.508644256470302540e-05,-3.540901626626155263e+00,-7.010639721276252531e+06
7.342999178859531790e-06,1.507866892088283879e-05,-3.556271801626299744e+00,-7.022010753902821802e+06
7.345189811072795692e-06,1.507086157932071850e-05,-3.571666965027376683e+00,-7.033453659668150358e+06
7.347380443286059594e-06,1.506302048510349145e-05,-3.587087274717730701e+00,-7.044968841530229896e+06
7.349571075499323496e-06,1.505514558297114152e-05,-3.602532889472256361e+00,-7.056556705936995335e+06
7.351761707712586551e-06,1.504723681731485628e-05,-3.618003968960071592e+00,-7.068217662857383490e+06
7.353952339925849606e-06,1.503929413217505507e-05,-3.633500673752289245e+00,-7.079952125812732615e+06
7.356142972139113508e-06,1.503131747123941718e-05,-3.649023165329795315e+00,-7.091760511908469722e+06
7.358333604352377410e-06,1.502330677784087092e-05,-3.664571606091163503e+00,-7.103643241866162047e+06
7.360524236565641313e-06,1.501526199495557602e-05,-3.680146159360602187e+00,-7.115600740055891685e+06
7.362714868778904368e-06,1.500718306520089244e-05,-3.695746989395980009e+00,-7.127633434528964572e+06
7.364905500992168270e-06,1.499906993083330686e-05,-3.711374261396948260e+00,-7.139741757050958462e+06
7.367096133205431325e-06,1.499092253374639465e-05,-3.727028141513077930e+00,-7.151926143135105260e+06
7.369286765418695227e-06,1.498274081546869898e-05,-3.742708796852132647e+00,-7.164187032076041214e+06
7.371477397631959129e-06,1.497452471716163351e-05,-3.758416395488379802e+00,-7.176524866983879358e+06
7.373668029845222184e-06,1.496627417961736823e-05,-3.774151106470984285e+00,-7.188940094818648882e+06
7.375858662058486086e-06,1.495798914325665425e-05,-3.789913099832502130e+00,-7.201433166425110772e+06
7.378049294271749141e-06,1.494966954812669438e-05,-3.805702546597393265e+00,-7.214004536567876115e+06
7.380239926485013044e-06,1.494131533389894254e-05,-3.821519618790672368e+00,-7.226654663966950029e+06
7.382430558698276946e-06,1.493292643986689977e-05,-3.837364489446603688e+00,-7.239384011333601549e+06
7.384621190911540001e-06,1.492450280494390854e-05,-3.853237332617483801e+00,-7.252193045406612568e+06
7.386811823124803903e-06,1.491604436766088952e-05,-3.869138323382521616e+00,-7.265082236988924444e+06
7.389002455338067805e-06,1.490755106616410538e-05,-3.885067637856753464e+00,-7.278052060984621756e+06
7.391193087551330860e-06,1.489902283821287721e-05,-3.901025453200083870e+00,-7.291102996436307207e+06
7.393383719764594762e-06,1.489045962117727378e-05,-3.917011947626393820e+00,-7.304235526562893763e+06
7.395574351977858664e-06,1.488186135203580257e-05,-3.933027300412725857e+00,-7.317450138797738589e+06
7.397764984191121719e-06,1.487322796737306685e-05,-3.949071691908557113e+00,-7.330747324827193283e+06
7.399955616404385621e-06,1.486455940337740587e-05,-3.965145303545181577e+00,-7.344127580629559234e+06
7.402146248617648677e-06,1.485585559583851804e-05,-3.981248317845114570e+00,-7.357591406514401548e+06
7.404336880830912579e-06,1.484711648014506050e-05,-3.997380918431654884e+00,-7.371139307162298821e+06
7.406527513044176481e-06,1.483834199128222148e-05,-4.013543290038493971e+00,-7.384771791664995253e+06
7.408718145257439536e-06,1.482953206382928592e-05,-4.029735618519418416e+00,-7.398489373565940186e+06
7.410908777470703438e-06,1.482068663195715542e-05,-4.045958090858132294e+00,-7.412292570901288651e+06
7.413099409683967340e-06,1.481180562942587990e-05,-4.062210895178107073e+00,-7.426181906241242774e+06
7.415290041897230395e-06,1.480288898958213859e-05,-4.078494220752580723e+00,-7.440157906731887721e+06
7.417480674110494297e-06,1.479393664535672092e-05,-4.094808258014628777e+00,-7.454221104137406684e+06
7.419671306323757352e-06,1.478494852926196681e-05,-4.111153198567314426e+00,-7.468372034882735461e+06
7.421861938537021255e-06,1.477592457338917982e-05,-4.127529235193976298e+00,-7.482611240096680820e+06
7.424052570750285157e-06,1.476686470940605892e-05,-4.143936561868537538e+00,-7.496939265655396506e+06
7.426243202963548212e-06,1.475776886855405919e-05,-4.160375373765984541e+00,-7.511356662226377986e+06
7.428433835176812114e-06,1.474863698164575412e-05,-4.176845867272898971e+00,-7.525863985312853009e+06
7.430624467390075169e-06,1.473946897906217422e-05,-4.193348239998099025e+00,-7.540461795298643410e+06
7.432815099603339071e-06,1.473026479075009997e-05,-4.209882690783403270e+00,-7.555150657493470237e+06
7.435005731816602973e-06,1.472102434621937325e-05,-4.226449419714435329e+00,-7.569931142178688198e+06
7.437196364029866875e-06,1.471174757454014793e-05,-4.243048628131586675e+00,-7.584803824653511867e+06
7.439386996243129930e-06,1.470243440434013192e-05,-4.259680518641058455e+00,-7.599769285281695426e+06
7.441577628456392985e-06,1.469308476380179702e-05,-4.276345295125999257e+00,-7.614828109538659453e+06
7.443768260669656888e-06,1.468369858065957190e-05,-4.293043162757780529e+00,-7.629980888059124351e+06
7.445958892882920790e-06,1.467427578219701465e-05,-4.309774328007311972e+00,-7.645228216685147956e+06
7.448149525096184692e-06,1.466481629524394136e-05,-4.326538998656529245e+00,-7.660570696514720097e+06
7.450340157309447747e-06,1.465532004617355639e-05,-4.343337383809953600e+00,-7.676008933950785547e+06
7.452530789522711649e-06,1.464578696089952331e-05,-4.360169693906368771e+00,-7.691543540750764310e+06
7.454721421735974704e-06,1.463621696487305111e-05,-4.377036140730595548e+00,-7.707175134076546878e+06
7.456912053949238606e-06,1.462660998307990757e-05,-4.393936937425418243e+00,-7.722904336545035243e+06
7.459102686162502508e-06,1.461696594003745293e-05,-4.410872298503545785e+00,-7.738731776279074140e+06
7.461293318375766410e-06,1.460728475979161939e-05,-4.427842439859757562e+00,-7.754658086958982982e+06
7.463483950589029466e-06,1.459756636591386180e-05,-4.444847578783128306e+00,-7.770683907874536701e+06
7.465674582802292521e-06,1.458781068149810662e-05,-4.461887933969364894e+00,-7.786809883977451362e+06
7.467865215015556423e-06,1.457801762915762639e-05,-4.478963725533300355e+00,-7.803036665934422053e+06
7.470055847228820325e-06,1.456818713102195650e-05,-4.496075175021425174e+00,-7.819364910180597566e+06
7.472246479442084227e-06,1.455831910873371887e-05,-4.513222505424610453e+00,-7.835795278973627836e+06
7.474437111655347282e-06,1.454841348344544722e-05,-4.530405941190919883e+00,-7.852328440448231064e+06
7.476627743868610337e-06,1.453847017581639717e-05,-4.547625708238534514e+00,-7.868965068671232089e+06
7.478818376081874239e-06,1.452848910600927838e-05,-4.564882033968836517e+00,-7.885705843697207980e+06
7.481009008295138141e-06,1.451847019368702564e-05,-4.582175147279547112e+00,-7.902551451624560170e+06
7.483199640508402043e-06,1.450841335800949041e-05,-4.599505278578053691e+00,-7.919502584652202204e+06
7.485390272721665946e-06,1.449831851763011363e-05,-4.616872659794833744e+00,-7.936559941136747599e+06
7.487580904934928154e-06,1.448818559069259351e-05,-4.634277524396995140e+00,-7.953724225650223903e+06
7.489771537148192056e-06,1.447801449482747705e-05,-4.651720107401986049e+00,-7.970996149038366042e+06
7.491962169361455958e-06,1.446780514714877195e-05,-4.669200645391362592e+00,-7.988376428479406983e+06
7.494152801574719860e-06,1.445755746425049744e-05,-4.686719376524749237e+00,-8.005865787543430924e+06
7.496343433787983762e-06,1.444727136220321318e-05,-4.704276540553903985e+00,-8.023464956252302043e+06
7.498534066001245970e-06,1.443694675655050915e-05,-4.721872378836907025e+00,-8.041174671140100807e+06
7.500724698214509872e-06,1.442658356230547349e-05,-4.739507134352527018e+00,-8.058995675314153545e+06
7.502915330427773774e-06,1.441618169394713839e-05,-4.757181051714638897e+00,-8.076928718516577967e+06
7.505105962641037677e-06,1.440574106541685983e-05,-4.774894377186859273e+00,-8.094974557186422870e+06
7.507296594854301579e-06,1.439526159011471775e-05,-4.792647358697275983e+00,-8.113133954522334971e+06
7.509487227067564634e-06,1.438474318089582124e-05,-4.810440245853327745e+00,-8.131407680545828305e+06
7.511677859280827689e-06,1.437418575006663580e-05,-4.828273289956809933e+00,-8.149796512165072374e+06
7.513868491494091591e-06,1.436358920938124120e-05,-4.846146744019060648e+00,-8.168301233239304274e+06
7.516059123707355493e-06,1.435295347003757908e-05,-4.864060862776218741e+00,-8.186922634643728845e+06
7.518249755920619395e-06,1.434227844267365825e-05,-4.882015902704690546e+00,-8.205661514335051179e+06
7.520440388133883297e-06,1.433156403736371936e-05,-4.900012122036727646e+00,-8.224518677417566068e+06
7.522631020347145505e-06,1.432081016361437405e-05,-4.918049780776152069e+00,-8.243494936209795065e+06
7.524821652560409407e-06,1.431001673036069852e-05,-4.936129140714263563e+00,-8.262591110311745666e+06
7.527012284773673310e-06,1.429918364596231847e-05,-4.954250465445817042e+00,-8.281808026672669686e+06
7.529202916986937212e-06,1.428831081819942641e-05,-4.972414020385230060e+00,-8.301146519659455866e+06
7.531393549200201114e-06,1.427739815426878194e-05,-4.990620072782898653e+00,-8.320607431125571951e+06
7.533584181413463322e-06,1.426644556077967646e-05,-5.008868891741664164e+00,-8.340191610480588861e+06
7.535774813626727224e-06,1.425545294374983529e-05,-5.027160748233478138e+00,-8.359899914760287851e+06
7.537965445839991126e-06,1.424442020860134001e-05,-5.045495915116133823e+00,-8.379733208697283641e+06
7.540156078053255028e-06,1.423334726015644918e-05,-5.063874667150242814e+00,-8.399692364792313427e+06
7.542346710266518930e-06,1.422223400263342591e-05,-5.082297281016313839e+00,-8.419778263386016712e+06
7.544537342479781985e-06,1.421108033964231622e-05,-5.100764035332009172e+00,-8.439991792731322348e+06
7.546727974693045040e-06,1.419988617418066135e-05,-5.119275210669576914e+00,-8.460333849066428840e+06
7.548918606906308943e-06,1.418865140862923040e-05,-5.137831089573388077e+00,-8.480805336688280106e+06
7.551109239119572845e-06,1.417737594474765986e-05,-5.156431956577695708e+00,-8.501407168026680127e+06
7.553299871332836747e-06,1.416605968367008624e-05,-5.175078098224528134e+00,-8.522140263718923554e+06
7.555490503546099802e-06,1.415470252590071613e-05,-5.193769803081742076e+00,-8.543005552685014904e+06
7.557681135759362857e-06,1.414330437130937248e-05,-5.212507361761280045e+00,-8.564003972203452140e+06
7.559871767972626759e-06,1.413186511912700196e-05,-5.231291066937518330e+00,-8.585136467987503856e+06
7.562062400185890661e-06,1.412038466794113822e-05,-5.250121213365862793e+00,-8.606403994262116030e+06
7.564253032399154563e-06,1.410886291569130761e-05,-5.268998097901463673e+00,-8.627807513841304928e+06
7.566443664612418465e-06,1.409729975966443147e-05,-5.287922019518126682e+00,-8.649347998206144199e+06
7.568634296825680674e-06,1.408569509649014375e-05,-5.306893279327367985e+00,-8.671026427583210170e+06
7.570824929038944576e-06,1.407404882213608825e-05,-5.325912180597697443e+00,-8.692843791023686528e+06
7.573015561252208478e-06,1.406236083190319053e-05,-5.344979028773985341e+00,-8.714801086482822895e+06
7.575206193465472380e-06,1.405063102042085009e-05,-5.364094131497088469e+00,-8.736899320900058374e+06
7.577396825678736282e-06,1.403885928164212081e-05,-5.383257798623612089e+00,-8.759139510279590264e+06
7.579587457891999337e-06,1.402704550883883201e-05,-5.402470342245849544e+00,-8.781522679771440104e+06
7.581778090105262392e-06,1.401518959459664686e-05,-5.421732076711931470e+00,-8.804049863753076643e+06
7.583968722318526294e-06,1.400329143081014114e-05,-5.441043318646093141e+00,-8.826722105911411345e+06
7.586159354531790196e-06,1.399135090867776167e-05,-5.460404386969181623e+00,-8.849540459325399250e+06
7.588349986745054099e-06,1.397936791869677970e-05,-5.479815602919314799e+00,-8.872505986549016088e+06
7.590540618958317154e-06,1.396734235065820874e-05,-5.499277290072722479e+00,-8.895619759694721550e+06
7.592731251171580209e-06,1.395527409364161896e-05,-5.518789774364808665e+00,-8.918882860517414287e+06
7.594921883384844111e-06,1.394316303601000423e-05,-5.538353384111319500e+00,-8.942296380498705432e+06
7.597112515598108013e-06,1.393100906540448646e-05,-5.557968450029773244e+00,-8.965861420931730419e+06
7.599303147811371915e-06,1.391881206873907075e-05,-5.577635305261043897e+00,-8.989579093006309122e+06
7.601493780024634970e-06,1.390657193219530569e-05,-5.597354285391120676e+00,-9.013450517894480377e+06
7.603684412237898872e-06,1.389428854121687087e-05,-5.617125728473104651e+00,-9.037476826836496592e+06
7.605875044451161927e-06,1.388196178050419645e-05,-5.636949975049314610e+00,-9.061659161227056757e+06
7.608065676664425829e-06,1.386959153400895414e-05,-5.656827368173649617e+00,-9.085998672701979056e+06
7.610256308877689732e-06,1.385717768492853955e-05,-5.676758253434119439e+00,-9.110496523225171492e+06
7.612446941090952787e-06,1.384472011570050556e-05,-5.696742978975551708e+00,-9.135153885175870731e+06
7.614637573304216689e-06,1.383221870799689900e-05,-5.716781895522539791e+00,-9.159971941436264664e+06
7.616828205517479744e-06,1.381967334271863977e-05,-5.736875356402493686e+00,-9.184951885479219258e+06
7.619018837730743646e-06,1.380708389998975763e-05,-5.757023717568976018e+00,-9.210094921456413344e+06
7.621209469944007548e-06,1.379445025915161033e-05,-5.777227337625177483e+00,-9.235402264286588877e+06
7.623400102157271450e-06,1.378177229875707975e-05,-5.797486577847601907e+00,-9.260875139744017273e+06
7.625590734370534505e-06,1.376904989656466812e-05,-5.817801802209941364e+00,-9.286514784547151998e+06
7.627781366583798407e-06,1.375628292953255685e-05,-5.838173377407168907e+00,-9.312322446447419003e+06
7.629971998797062310e-06,1.374347127381264688e-05,-5.858601672879772515e+00,-9.338299384318070486e+06
7.632162631010325365e-06,1.373061480474449559e-05,-5.879087060838231515e+00,-9.364446868243178353e+06
7.634353263223590114e-06,1.371771339684922831e-05,-5.899629916287676856e+00,-9.390766179606635123e+06
7.636543895436851475e-06,1.370476692382339229e-05,-5.920230617052729905e+00,-9.417258611181199551e+06
7.638734527650116224e-06,1.369177525853273096e-05,-5.940889543802580164e+00,-9.443925467217527330e+06
7.640925159863379279e-06,1.367873827300596674e-05,-5.961607080076182008e+00,-9.470768063533075154e+06
7.643115792076644028e-06,1.366565583842844830e-05,-5.982383612307718757e+00,-9.497787727600999177e+06
7.645306424289907083e-06,1.365252782513579947e-05,-6.003219529852226621e+00,-9.524985798638865352e+06
7.647497056503170138e-06,1.363935410260749369e-05,-6.024115225011412278e+00,-9.552363627697188407e+06
7.649687688716433193e-06,1.362613453946034536e-05,-6.045071093059704026e+00,-9.579922577747799456e+06
7.651878320929697943e-06,1.361286900344200131e-05,-6.066087532270412197e+00,-9.607664023771831766e+06
7.654068953142960998e-06,1.359955736142433387e-05,-6.087164943942166673e+00,-9.635589352847514674e+06
7.656259585356225747e-06,1.358619947939677136e-05,-6.108303732425507171e+00,-9.663699964237520471e+06
7.658450217569487108e-06,1.357279522245959809e-05,-6.129504305149658272e+00,-9.691997269475910813e+06
7.660640849782751857e-06,1.355934445481716110e-05,-6.150767072649545142e+00,-9.720482692454675213e+06
7.662831481996014912e-06,1.354584703977106005e-05,-6.172092448592903402e+00,-9.749157669509572908e+06
7.665022114209279661e-06,1.353230283971324731e-05,-6.193480849807667887e+00,-9.778023649505559355e+06
7.667212746422542716e-06,1.351871171611906699e-05,-6.214932696309503513e+00,-9.807082093921439722e+06
7.669403378635805771e-06,1.350507352954025169e-05,-6.236448411329526209e+00,-9.836334476933853701e+06
7.671594010849068826e-06,1.349138813959782439e-05,-6.258028421342237024e+00,-9.865782285500492901e+06
7.673784643062333576e-06,1.347765540497500708e-05,-6.279673156093563691e+00,-9.895427019442332909e+06
7.675975275275596631e-06,1.346387518340998029e-05,-6.301383048629163319e+00,-9.925270191525075585e+06
7.678165907488861380e-06,1.345004733168864947e-05,-6.323158535322857432e+00,-9.955313327539475635e+06
7.680356539702124435e-06,1.343617170563730458e-05,-6.345000055905253511e+00,-9.985557966380633414e+06
7.682547171915387490e-06,1.342224816011526107e-05,-6.366908053492529085e+00,-1.001600566012602858e+07
7.684737804128650545e-06,1.340827654900737212e-05,-6.388882974615425425e+00,-1.004665797411238961e+07
7.686928436341915294e-06,1.339425672521655611e-05,-6.410925269248330949e+00,-1.007751648701106012e+07
7.689119068555178349e-06,1.338018854065620040e-05,-6.433035390838598211e+00,-1.010858279090202600e+07
7.691309700768443098e-06,1.336607184624252625e-05,-6.455213796335999454e+00,-1.013985849134629406e+07
7.693500332981706154e-06,1.335190649188688580e-05,-6.477460946222321603e+00,-1.017134520745666698e+07
7.695690965194969209e-06,1.333769232648797453e-05,-6.499777304541163758e+00,-1.020304457196670398e+07
7.697881597408232264e-06,1.332342919792402498e-05,-6.522163338927798648e+00,-1.023495823129777238e+07
7.700072229621497013e-06,1.330911695304488699e-05,-6.544619520639263222e+00,-1.026708784562412277e+07
7.702262861834760068e-06,1.329475543766406556e-05,-6.567146324584548722e+00,-1.029943508893581294e+07
7.704453494048023123e-06,1.328034449655069443e-05,-6.589744229354917771e+00,-1.033200164909934253e+07
7.706644126261286178e-06,1.326588397342140451e-05,-6.612413717254414181e+00,-1.036478922791598551e+07
7.708834758474550927e-06,1.325137371093220932e-05,-6.635155274330382547e+00,-1.039779954117739201e+07
7.711025390687813982e-06,1.323681355067022951e-05,-6.657969390404223198e+00,-1.043103431871869974e+07
7.713216022901078732e-06,1.322220333314540711e-05,-6.680856559102191561e+00,-1.046449530446867086e+07
7.715406655114341787e-06,1.320754289778214031e-05,-6.703817277886325421e+00,-1.049818425649689883e+07
7.717597287327604842e-06,1.319283208291082495e-05,-6.726852048085501856e+00,-1.053210294705783762e+07
7.719787919540867897e-06,1.317807072575938418e-05,-6.749961374926499502e+00,-1.056625316263144277e+07
7.721978551754132646e-06,1.316325866244466943e-05,-6.773145767565246445e+00,-1.060063670396035165e+07
7.724169183967395701e-06,1.314839572796382739e-05,-6.796405739118085876e+00,-1.063525538608334772e+07
7.726359816180658756e-06,1.313348175618559594e-05,-6.819741806693123465e+00,-1.067011103836487234e+07
7.728550448393923505e-06,1.311851657984149838e-05,-6.843154491421667984e+00,-1.070520550452055223e+07
7.730741080607186560e-06,1.310350003051703261e-05,-6.866644318489646182e+00,-1.074054064263823815e+07
7.732931712820449615e-06,1.308843193864273658e-05,-6.890211817169134889e+00,-1.077611832519466430e+07
7.735122345033714365e-06,1.307331213348520135e-05,-6.913857520849894023e+00,-1.081194043906724453e+07
7.737312977246977420e-06,1.305814044313801282e-05,-6.937581967070914679e+00,-1.084800888554092683e+07
7.739503609460240475e-06,1.304291669451264454e-05,-6.961385697551979668e+00,-1.088432558030973002e+07
7.741694241673503530e-06,1.302764071332923513e-05,-6.985269258225259570e+00,-1.092089245347288996e+07
7.743884873886768279e-06,1.301231232410736073e-05,-7.009233199266804881e+00,-1.095771144952502660e+07
7.746075506100031334e-06,1.299693135015668038e-05,-7.033278075128100326e+00,-1.099478452734043635e+07
7.748266138313296083e-06,1.298149761356754580e-05,-7.057404444567533908e+00,-1.103211366015093215e+07
7.750456770526559138e-06,1.296601093520152989e-05,-7.081612870681811778e+00,-1.106970083551706932e+07
7.752647402739822193e-06,1.295047113468186707e-05,-7.105903920937348239e+00,-1.110754805529240519e+07
7.754838034953085248e-06,1.293487803038389201e-05,-7.130278167201463901e+00,-1.114565733558035456e+07
7.757028667166349998e-06,1.291923143942533264e-05,-7.154736185773596269e+00,-1.118403070668353513e+07
7.759219299379613053e-06,1.290353117765656754e-05,-7.179278557416328255e+00,-1.122267021304503269e+07
7.761409931592876108e-06,1.288777705965083257e-05,-7.203905867386283468e+00,-1.126157791318129376e+07
7.763600563806140857e-06,1.287196889869430889e-05,-7.228618705464914918e+00,-1.130075587960634008e+07
7.765791196019403912e-06,1.285610650677622282e-05,-7.253417665989015717e+00,-1.134020619874662347e+07
7.767981828232666967e-06,1.284018969457880175e-05,-7.278303347881136531e+00,-1.137993097084653936e+07
7.770172460445931716e-06,1.282421827146720121e-05,-7.303276354679729465e+00,-1.141993230986374989e+07
7.772363092659194771e-06,1.280819204547937775e-05,-7.328337294569053029e+00,-1.146021234335406311e+07
7.774553724872457826e-06,1.279211082331583135e-05,-7.353486780408877266e+00,-1.150077321234550886e+07
7.776744357085722576e-06,1.277597441032939192e-05,-7.378725429763777655e+00,-1.154161707120071165e+07
7.778934989298985631e-06,1.275978261051484316e-05,-7.404053864932218509e+00,-1.158274608746753447e+07
7.781125621512248686e-06,1.274353522649853620e-05,-7.429472712975266901e+00,-1.162416244171717577e+07
7.783316253725511741e-06,1.272723205952791691e-05,-7.454982605744911339e+00,-1.166586832736915536e+07
7.785506885938776490e-06,1.271087290946098880e-05,-7.480584179912051823e+00,-1.170786595050287619e+07
7.787697518152039545e-06,1.269445757475575902e-05,-7.506278076993945447e+00,-1.175015752965467423e+07
7.789888150365302600e-06,1.267798585245956400e-05,-7.532064943381308275e+00,-1.179274529560030997e+07
7.792078782578567349e-06,1.266145753819837824e-05,-7.557945430364857664e+00,-1.183563149112179689e+07
7.794269414791830404e-06,1.264487242616604681e-05,-7.583920194161343886e+00,-1.187881837075813115e+07
7.796460047005093459e-06,1.262823030911347214e-05,-7.609989895939006210e+00,-1.192230820053908229e+07
7.798650679218358209e-06,1.261153097833770760e-05,-7.636155201842491635e+00,-1.196610325770151243e+07
7.800841311431621264e-06,1.259477422367108163e-05,-7.662416783017004462e+00,-1.201020583038707636e+07
7.803031943644884319e-06,1.257795983347018797e-05,-7.688775315631880325e+00,-1.205461821732095629e+07
7.805222575858149068e-06,1.256108759460485225e-05,-7.715231480903405270e+00,-1.209934272747052275e+07
7.807413208071412123e-06,1.254415729244706630e-05,-7.741785965116840806e+00,-1.214438167968307436e+07
7.809603840284675178e-06,1.252716871085983108e-05,-7.768439459647693113e+00,-1.218973740230196714e+07
7.811794472497939927e-06,1.251012163218602664e-05,-7.795192660982018573e+00,-1.223541223275980167e+07
7.813985104711202982e-06,1.249301583723716184e-05,-7.822046270735897977e+00,-1.228140851714813523e+07
7.816175736924466037e-06,1.247585110528212575e-05,-7.849000995673914183e+00,-1.232772860976244882e+07
7.818366369137729093e-06,1.245862721403591024e-05,-7.876057547726572849e+00,-1.237437487262126058e+07
7.820557001350993842e-06,1.244134393964822419e-05,-7.903216644006727520e+00,-1.242134967495860346e+07
7.822747633564256897e-06,1.242400105669218049e-05,-7.930479006824741717e+00,-1.246865539268825762e+07
7.824938265777521646e-06,1.240659833815285265e-05,-7.957845363702555908e+00,-1.251629440783900395e+07
7.827128897990784701e-06,1.238913555541587201e-05,-7.985316447386400007e+00,-1.256426910795927607e+07
7.829319530204047756e-06,1.237161247825596743e-05,-8.012892995858218015e+00,-1.261258188549020700e+07
7.831510162417310811e-06,1.235402887482545238e-05,-8.040575752345699101e+00,-1.266123513710558601e+07
7.833700794630575560e-06,1.233638451164276459e-05,-8.068365465330742836e+00,-1.271023126301723719e+07
7.835891426843838615e-06,1.231867915358092948e-05,-8.096262888556447379e+00,-1.275957266624456085e+07
7.838082059057101670e-06,1.230091256385603032e-05,-8.124268781032427000e+00,-1.280926175184657797e+07
7.840272691270364726e-06,1.228308450401567676e-05,-8.152383907038384336e+00,-1.285930092611488327e+07
7.842463323483629475e-06,1.226519473392742417e-05,-8.180609036125927602e+00,-1.290969259572598338e+07
7.844653955696892530e-06,1.224724301176727599e-05,-8.208944943118380522e+00,-1.296043916685100272e+07
7.846844587910157279e-06,1.222922909400810317e-05,-8.237392408108725306e+00,-1.301154304422145337e+07
7.849035220123420334e-06,1.221115273540809226e-05,-8.265952216455378476e+00,-1.306300663014871255e+07
7.851225852336683389e-06,1.219301368899926476e-05,-8.294625158775710716e+00,-1.311483232349538989e+07
7.853416484549946444e-06,1.217481170607591003e-05,-8.323412030937403117e+00,-1.316702251859688200e+07
7.855607116763211193e-06,1.215654653618314698e-05,-8.352313634047225932e+00,-1.321957960413042642e+07
7.857797748976474248e-06,1.213821792710542978e-05,-8.381330774437397935e+00,-1.327250596192998067e+07
7.859988381189738998e-06,1.211982562485511637e-05,-8.410464263649240380e+00,-1.332580396574432589e+07
7.862179013403002053e-06,1.210136937366110122e-05,-8.439714918414050970e+00,-1.337947597993604653e+07
7.864369645616265108e-06,1.208284891595744988e-05,-8.469083560631043284e+00,-1.343352435811893642e+07
7.866560277829528163e-06,1.206426399237211310e-05,-8.498571017342287703e+00,-1.348795144173130020e+07
7.868750910042792912e-06,1.204561434171569854e-05,-8.528178120704348331e+00,-1.354275955854208581e+07
7.870941542256055967e-06,1.202689970097028489e-05,-8.557905707956701136e+00,-1.359795102108763903e+07
7.873132174469320716e-06,1.200811980527830878e-05,-8.587754621386618936e+00,-1.365352812503559887e+07
7.875322806682582077e-06,1.198927438793160419e-05,-8.617725708290235431e+00,-1.370949314747280627e+07
7.877513438895846826e-06,1.197036318036041976e-05,-8.647819820930017443e+00,-1.376584834511468746e+07
7.879704071109109881e-06,1.195138591212263107e-05,-8.678037816488005873e+00,-1.382259595243189856e+07
7.881894703322374631e-06,1.193234231089299003e-05,-8.708380557015024337e+00,-1.387973817969147675e+07
7.884085335535637686e-06,1.191323210245253022e-05,-8.738848909375400709e+00,-1.393727721090839058e+07
7.886275967748900741e-06,1.189405501067808909e-05,-8.769443745187135875e+00,-1.399521520170389675e+07
7.888466599962163796e-06,1.187481075753194533e-05,-8.800165940757297633e+00,-1.405355427706675418e+07
7.890657232175428545e-06,1.185549906305166808e-05,-8.831016377012300467e+00,-1.411229652901294082e+07
7.892847864388691600e-06,1.183611964534004737e-05,-8.861995939423040980e+00,-1.417144401413994469e+07
7.895038496601956349e-06,1.181667222055521941e-05,-8.893105517924571046e+00,-1.423099875107088871e+07
7.897229128815217710e-06,1.179715650290096128e-05,-8.924346006830042199e+00,-1.429096271778396517e+07
7.899419761028482459e-06,1.177757220461723976e-05,-8.955718304738535807e+00,-1.435133784882183187e+07
7.901610393241745515e-06,1.175791903597093462e-05,-8.987223314436745270e+00,-1.441212603237640113e+07
7.903801025455010264e-06,1.173819670524676010e-05,-9.018861942794186959e+00,-1.447332910724366829e+07
7.905991657668273319e-06,1.171840491873843036e-05,-9.050635100651499343e+00,-1.453494885964262858e+07
7.908182289881536374e-06,1.169854338074010448e-05,-9.082543702701663335e+00,-1.459698701989282295e+07
7.910372922094799429e-06,1.167861179353805331e-05,-9.114588667363815233e+00,-1.465944525894436613e+07
7.912563554308064178e-06,1.165860985740270078e-05,-9.146770916649167305e+00,-1.472232518475394882e+07
7.914754186521327233e-06,1.163853727058088707e-05,-9.179091376018929438e+00,-1.478562833850049600e+07
7.916944818734591982e-06,1.161839372928847573e-05,-9.211550974233695399e+00,-1.484935619063342176e+07
7.919135450947855037e-06,1.159817892770326232e-05,-9.244150643194068095e+00,-1.491351013674649037e+07
7.921326083161118092e-06,1.157789255795828282e-05,-9.276891317772090417e+00,-1.497809149326970242e+07
7.923516715374381148e-06,1.155753431013552362e-05,-9.309773935632762232e+00,-1.504310149297071621e+07
7.925707347587645897e-06,1.153710387226003796e-05,-9.342799437045663069e+00,-1.510854128025856987e+07
7.927897979800908952e-06,1.151660093029441994e-05,-9.375968764686142265e+00,-1.517441190628084168e+07
7.930088612014173701e-06,1.149602516813374433e-05,-9.409282863425429966e+00,-1.524071432380504534e+07
7.932279244227436756e-06,1.147537626760102647e-05,-9.442742680109297737e+00,-1.530744938187510520e+07
7.934469876440699811e-06,1.145465390844309890e-05,-9.476349163324838898e+00,-1.537461782023329847e+07
7.936660508653962866e-06,1.143385776832714872e-05,-9.510103263154597641e+00,-1.544222026349695958e+07
7.938851140867227615e-06,1.141298752283768688e-05,-9.544005930917775160e+00,-1.551025721507989988e+07
7.941041773080490670e-06,1.139204284547414939e-05,-9.578058118897791573e+00,-1.557872905084705912e+07
7.943232405293753726e-06,1.137102340764905927e-05,-9.612260780055711606e+00,-1.564763601249098964e+07
7.945423037507016781e-06,1.134992887868678649e-05,-9.646614867729068621e+00,-1.571697820061843283e+07
7.947613669720281530e-06,1.132875892582323962e-05,-9.681121335314539778e+00,-1.578675556753222086e+07
7.949804301933544585e-06,1.130751321420603698e-05,-9.715781135934959067e+00,-1.585696790969781019e+07
7.951994934146809334e-06,1.128619140689547052e-05,-9.750595222089506464e+00,-1.592761485987959616e+07
7.954185566360072389e-06,1.126479316486627955e-05,-9.785564545286089100e+00,-1.599869587893190049e+07
7.956376198573335444e-06,1.124331814701017654e-05,-9.820690055655530770e+00,-1.607021024723029695e+07
7.958566830786598499e-06,1.122176601013939284e-05,-9.855972701546399151e+00,-1.614215705572673492e+07
7.960757462999863248e-06,1.120013640899101210e-05,-9.891413429099918275e+00,-1.621453519661231712e+07
7.962948095213126304e-06,1.117842899623233535e-05,-9.927013181803888031e+00,-1.628734335357006267e+07
7.965138727426389359e-06,1.115664342246719480e-05,-9.962772900024798872e+00,-1.636057999159954675e+07
7.967329359639654108e-06,1.113477933624325357e-05,-9.998693520517381472e+00,-1.643424334639513865e+07
7.969519991852917163e-06,1.111283638406040657e-05,-1.003477597591045090e+01,-1.650833141325742006e+07
7.971710624066180218e-06,1.109081421038056032e-05,-1.007102119416737374e+01,-1.658284193551577814e+07
7.973901256279444967e-06,1.106871245763848177e-05,-1.010743009802077808e+01,-1.665777239244175702e+07
7.976091888492708022e-06,1.104653076625382447e-05,-1.014400360438072468e+01,-1.673311998663151450e+07
7.978282520705971077e-06,1.102426877464457267e-05,-1.018074262371412786e+01,-1.680888163083105534e+07
7.980473152919234132e-06,1.100192611924180001e-05,-1.021764805939496767e+01,-1.688505393418112770e+07
7.982663785132498881e-06,1.097950243450600712e-05,-1.025472080702351718e+01,-1.696163318785470724e+07
7.984854417345761937e-06,1.095699735294494319e-05,-1.029196175371348687e+01,-1.703861535006028786e+07
7.987045049559026686e-06,1.093441050513304872e-05,-1.032937177734547518e+01,-1.711599603038190305e+07
7.989235681772289741e-06,1.091174151973253655e-05,-1.036695174578540879e+01,-1.719377047342632338e+07
7.991426313985552796e-06,1.088899002351611769e-05,-1.040470251606660490e+01,-1.727193354174656421e+07
7.993616946198815851e-06,1.086615564139153649e-05,-1.044262493353389054e+01,-1.735047969800910726e+07
7.995807578412080600e-06,1.084323799642832337e-05,-1.048071983094697757e+01,-1.742940298636779934e+07
7.997998210625343655e-06,1.082023670988653966e-05,-1.051898802754188189e+01,-1.750869701300958544e+07
8.000188842838606710e-06,1.079715140124728273e-05,-1.055743032805016490e+01,-1.758835492583854869e+07
8.002379475051871459e-06,1.077398168824555756e-05,-1.059604752167172137e+01,-1.766836939325289428e+07
8.004570107265134515e-06,1.075072718690548794e-05,-1.063484038100025408e+01,-1.774873258197655156e+07
8.006760739478397570e-06,1.072738751157788240e-05,-1.067380966089922723e+01,-1.782943613390178233e+07
8.008951371691662319e-06,1.070396227498045130e-05,-1.071295609732572807e+01,-1.791047114189656451e+07
8.011142003904925374e-06,1.068045108824060573e-05,-1.075228040610011604e+01,-1.799182812452949956e+07
8.013332636118188429e-06,1.065685356094096009e-05,-1.079178328161914635e+01,-1.807349699966277182e+07
8.015523268331453178e-06,1.063316930116767232e-05,-1.083146539551010790e+01,-1.815546705686111748e+07
8.017713900544716233e-06,1.060939791556154194e-05,-1.087132739522400193e+01,-1.823772692856368423e+07
8.019904532757979288e-06,1.058553900937277419e-05,-1.091136990256302042e+01,-1.832026455995699391e+07
8.022095164971242343e-06,1.056159218651929139e-05,-1.095159351213907506e+01,-1.840306717748711631e+07
8.024285797184507092e-06,1.053755704964757031e-05,-1.099199878976530620e+01,-1.848612125596123561e+07
8.026476429397770148e-06,1.051343320019771628e-05,-1.103258627077146770e+01,-1.856941248415720090e+07
8.028667061611033203e-06,1.048922023847198817e-05,-1.107335645824318604e+01,-1.865292572888024524e+07
8.030857693824297952e-06,1.046491776370750261e-05,-1.111430982118053734e+01,-1.873664499739180878e+07
8.033048326037561007e-06,1.044052537415309206e-05,-1.115544679257226868e+01,-1.882055339813418686e+07
8.035238958250824062e-06,1.041604266715045907e-05,-1.119676776738194945e+01,-1.890463309967097268e+07
8.037429590464088811e-06,1.039146923921984514e-05,-1.123827310044201155e+01,-1.898886528775983676e+07
8.039620222677351866e-06,1.036680468615015338e-05,-1.127996310425228721e+01,-1.907323012047151104e+07
8.041810854890614921e-06,1.034204860309378567e-05,-1.132183804667893590e+01,-1.915770668126406148e+07
8.044001487103879670e-06,1.031720058466708724e-05,-1.136389814854736180e+01,-1.924227292991133034e+07
8.046192119317142726e-06,1.029226022505717784e-05,-1.140614358112110871e+01,-1.932690565117511898e+07
8.048382751530407475e-06,1.026722711813251665e-05,-1.144857446347274177e+01,-1.941158040114437789e+07
8.050573383743668836e-06,1.024210085756043828e-05,-1.149119085973023680e+01,-1.949627145109994337e+07
8.052764015956931891e-06,1.021688103693035875e-05,-1.153399277619906194e+01,-1.958095172880324721e+07
8.054954648170196640e-06,1.019156724988388996e-05,-1.157698015835218897e+01,-1.966559275708180293e+07
8.057145280383459695e-06,1.016615909025158975e-05,-1.162015288768253107e+01,-1.975016458958353847e+07
8.059335912596724444e-06,1.014065615219692535e-05,-1.166351077841088291e+01,-1.983463574356374145e+07
8.061526544809987499e-06,1.011505803036743987e-05,-1.170705357404335523e+01,-1.991897312956436351e+07
8.063717177023252248e-06,1.008936432005336951e-05,-1.175078094377191817e+01,-2.000314197783885151e+07
8.065907809236515303e-06,1.006357461735388552e-05,-1.179469247871181636e+01,-2.008710576136998832e+07
8.068098441449778359e-06,1.003768851935218615e-05,-1.183878768796600589e+01,-2.017082611531196162e+07
8.070289073663043108e-06,1.001170562430170156e-05,-1.188306599450023526e+01,-2.025426275266160443e+07
8.072479705876306163e-06,9.985625531817914625e-06,-1.192752673084196324e+01,-2.033737337603726983e+07
8.074670338089569218e-06,9.959447843081755520e-06,-1.197216913457452492e+01,-2.042011358532369137e+07
8.076860970302832273e-06,9.933172161052269719e-06,-1.201699234362630442e+01,-2.050243678100816905e+07
8.079051602516095328e-06,9.906798090690424407e-06,-1.206199539134281018e+01,-2.058429406299608946e+07
8.081242234729360077e-06,9.880325239194019514e-06,-1.210717720133163589e+01,-2.066563412468697503e+07
8.083432866942623132e-06,9.853753216244287810e-06,-1.215253658206924925e+01,-2.074640314208154753e+07
8.085623499155887881e-06,9.827081634264397503e-06,-1.219807222125922586e+01,-2.082654465768162161e+07
8.087814131369150937e-06,9.800310108690136858e-06,-1.224378267993138358e+01,-2.090599945893509313e+07
8.090004763582413992e-06,9.773438258253104423e-06,-1.228966638627123231e+01,-2.098470545096742734e+07
8.092195395795678741e-06,9.746465705277936273e-06,-1.233572162916498627e+01,-2.106259752331977710e+07
8.094386028008941796e-06,9.719392075998562706e-06,-1.238194655142874900e+01,-2.113960741035286337e+07
8.096576660222204851e-06,9.692217000883409598e-06,-1.242833914274644158e+01,-2.121566354511873052e+07
8.098767292435467906e-06,9.664940114979322583e-06,-1.247489723227006841e+01,-2.129069090629672632e+07
8.100957924648730961e-06,9.637561058271179969e-06,-1.252161848087854068e+01,-2.136461085789017752e+07
8.103148556861995710e-06,9.610079476059179852e-06,-1.256850037307762058e+01,-2.143734098133419454e+07
8.105339189075258765e-06,9.582495019354926268e-06,-1.261554020852201674e+01,-2.150879489964269474e+07
8.107529821288523514e-06,9.554807345296592236e-06,-1.266273509314220469e+01,-2.157888209321045503e+07
8.109720453501786570e-06,9.527016117583701762e-06,-1.271008192985816265e+01,-2.164750770687046275e+07
8.111911085715049625e-06,9.499121006932020420e-06,-1.275757740886231772e+01,-2.171457234779158980e+07
8.114101717928314374e-06,9.471121691549005102e-06,-1.280521799745399569e+01,-2.177997187378486246e+07
8.116292350141577429e-06,9.443017857631725567e-06,-1.285299992940271885e+01,-2.184359717155713588e+07
8.118482982354842178e-06,9.414809199896985090e-06,-1.290091919378374818e+01,-2.190533392433490604e+07
8.120673614568103539e-06,9.386495422126445455e-06,-1.294897152332652546e+01,-2.196506236852659658e+07
8.122864246781368288e-06,9.358076237741872443e-06,-1.299715238220516511e+01,-2.202265703877617791e+07
8.125054878994631343e-06,9.329551370406508892e-06,-1.304545695325804111e+01,-2.207798650088533759e+07
8.127245511207894398e-06,9.300920554655636520e-06,-1.309388012460967410e+01,-2.213091307203855366e+07
8.129436143421159148e-06,9.272183536558176420e-06,-1.314241647566290361e+01,-2.218129252771916613e+07
8.131626775634422203e-06,9.243340074409966885e-06,-1.319106026243199992e+01,-2.222897379468789324e+07
8.133817407847686952e-06,9.214389939459502942e-06,-1.323980540218716762e+01,-2.227379862937317044e+07
8.136008040060950007e-06,9.185332916666943934e-06,-1.328864545738086633e+01,-2.231560128099993616e+07
8.138198672274213062e-06,9.156168805497151507e-06,-1.333757361882640957e+01,-2.235420813876110315e+07
8.140389304487477811e-06,9.126897420749002627e-06,-1.338658268809416185e+01,-2.238943736229981482e+07
8.142579936700739172e-06,9.097518593438560345e-06,-1.343566505902775710e+01,-2.242109849457196146e+07
8.144770568914003921e-06,9.068032171708685532e-06,-1.348481269844104524e+01,-2.244899205654261634e+07
8.146961201127266976e-06,9.038438021786524622e-06,-1.353401712589587724e+01,-2.247290912274879217e+07
8.149151833340530031e-06,9.008736028984819444e-06,-1.358326939252590648e+01,-2.249263087686469778e+07
8.151342465553794781e-06,8.978926098751631766e-06,-1.363256005886618460e+01,-2.250792814641088620e+07
8.153533097767057836e-06,8.949008157771462407e-06,-1.368187917163566958e+01,-2.251856091566278040e+07
8.155723729980322585e-06,8.918982155119067664e-06,-1.373121623942463287e+01,-2.252427781579972431e+07
8.157914362193585640e-06,8.888848063467199543e-06,-1.378056020723898634e+01,-2.252481559131343290e+07
8.160104994406848695e-06,8.858605880349525104e-06,-1.382989942985355292e+01,-2.251989854167069867e+07
8.162295626620113444e-06,8.828255629479988704e-06,-1.387922164392631252e+01,-2.250923793720544875e+07
8.164486258833374805e-06,8.797797362131209035e-06,-1.392851393882098421e+01,-2.249253140818449110e+07
8.166676891046639554e-06,8.767231158601335208e-06,-1.397776272598069802e+01,-2.246946230571251735e+07
8.168867523259902609e-06,8.736557129730332291e-06,-1.402695370692923760e+01,-2.243969903365810215e+07
8.171058155473165664e-06,8.705775418489010035e-06,-1.407607183978096899e+01,-2.240289435035856441e+07
8.173248787686430414e-06,8.674886201644142267e-06,-1.412510130417375720e+01,-2.235868463885187730e+07
8.175439419899693469e-06,8.643889691502363730e-06,-1.417402546457287649e+01,-2.230668914452999085e+07
8.177630052112958218e-06,8.612786137739439376e-06,-1.422282683185989427e+01,-2.224650917898355052e+07
8.179820684326221273e-06,8.581575829316896641e-06,-1.427148702313387396e+01,-2.217772728883684054e+07
8.182011316539486022e-06,8.550259096487975645e-06,-1.431998671965228276e+01,-2.209990638837914541e+07
8.184201948752749077e-06,8.518836312894865828e-06,-1.436830562283889279e+01,-2.201258885481420532e+07
8.186392580966012132e-06,8.487307897759226326e-06,-1.441642240828606525e+01,-2.191529558497306332e+07
8.188583213179275187e-06,8.455674318168871693e-06,-1.446431467767562395e+01,-2.180752501236202940e+07
8.190773845392538242e-06,8.423936091506386458e-06,-1.451195890838966562e+01,-2.168875208318464831e+07
8.192964477605802992e-06,8.392093787971186054e-06,-1.455933040088794428e+01,-2.155842719053814188e+07
8.195155109819066047e-06,8.360148033208334397e-06,-1.460640322374541533e+01,-2.141597506578322500e+07
8.197345742032329102e-06,8.328099511068971737e-06,-1.465315015618384997e+01,-2.126079362602684274e+07
8.199536374245593851e-06,8.295948966497294330e-06,-1.469954262803841516e+01,-2.109225277696694806e+07
8.201727006458856906e-06,8.263697208557264039e-06,-1.474555065703507140e+01,-2.090969317035885528e+07
8.203917638672121655e-06,8.231345113602039605e-06,-1.479114278328801646e+01,-2.071242491556394473e+07
8.206108270885384710e-06,8.198893628589111140e-06,-1.483628600092649208e+01,-2.049972624481108412e+07
8.208298903098647765e-06,8.166343774544105834e-06,-1.488094568676018525e+01,-2.027084213199744374e+07
8.210489535311910820e-06,8.133696650176290498e-06,-1.492508552589249504e+01,-2.002498286508210748e+07
8.212680167525173875e-06,8.100953435648849038e-06,-1.496866743419019308e+01,-1.976132257238350064e+07
8.214870799738438625e-06,8.068115396566828771e-06,-1.501165147734344174e+01,-1.947899770339455456e+07
8.217061431951701680e-06,8.035183888139622957e-06,-1.505399578657998028e+01,-1.917710546531123668e+07
8.219252064164964735e-06,8.002160359489617338e-06,-1.509565647099184282e+01,-1.885470221640824527e+07
8.221442696378229484e-06,7.969046358184400856e-06,-1.513658752626616355e+01,-1.851080181864097714e+07
8.223633328591492539e-06,7.935843534965159371e-06,-1.517674073977013904e+01,-1.814437395162315294e+07
8.225823960804757288e-06,7.902553648694708409e-06,-1.521606559186462881e+01,-1.775434239110329747e+07
8.228014593018020343e-06,7.869178571529223919e-06,-1.525450915340392477e+01,-1.733958325587782636e+07
8.230205225231285092e-06,7.835720294317738500e-06,-1.529201597937934132e+01,-1.689892322781770304e+07
8.232395857444548147e-06,7.802180932233480708e-06,-1.532852799866413562e+01,-1.643113775050730817e+07
8.234586489657809509e-06,7.768562730641111349e-06,-1.536398439981740616e+01,-1.593494921290789917e+07
8.236777121871074258e-06,7.734868071203807304e-06,-1.539832151290465312e+01,-1.540902512546882965e+07
8.238967754084337313e-06,7.701099478295202693e-06,-1.543147268721205734e+01,-1.485197629813899286e+07
8.241158386297602062e-06,7.667259625714171407e-06,-1.546336816504283185e+01,-1.426235503156664595e+07
8.243349018510865117e-06,7.633351343581935185e-06,-1.549393495155862333e+01,-1.363865333004583232e+07
8.245539650724128172e-06,7.599377625590876710e-06,-1.552309668083541006e+01,-1.297930115394615009e+07
8.247730282937392921e-06,7.565341636536422642e-06,-1.555077347811784527e+01,-1.228266472490816936e+07
8.249920915150655976e-06,7.531246720160472996e-06,-1.557688181834168795e+01,-1.154704490158332512e+07
8.252111547363920725e-06,7.497096407310504452e-06,-1.560133438119933658e+01,-1.077067564648046903e+07
8.254302179577183781e-06,7.462894424418423522e-06,-1.562403990302347978e+01,-9.951722606792831793e+06
8.256492811790445142e-06,7.428644702303282757e-06,-1.564490302576395209e+01,-9.088281834584934637e+06
8.258683444003709891e-06,7.394351385301818197e-06,-1.566382414333289042e+01,-8.178378674432816915e+06
8.260874076216972946e-06,7.360018840731266829e-06,-1.568069924559303452e+01,-7.219966849557594396e+06
8.263064708430237695e-06,7.325651668711137970e-06,-1.569541976050720855e+01,-6.210927782887954265e+06
8.265255340643500750e-06,7.291254712381715409e-06,-1.570787239567572868e+01,-5.149070197939982638e+06
8.267445972856763805e-06,7.256833068363070314e-06,-1.571793897847838650e+01,-4.032130029320661910e+06
8.269636605070028554e-06,7.222392097631973935e-06,-1.572549629709641295e+01,-2.857770706032128539e+06
8.271827237283291609e-06,7.187937436751103175e-06,-1.573041594245379216e+01,-1.623583853854060406e+06
8.274017869496556358e-06,7.153475009426668783e-06,-1.573256415197534075e+01,-3.270904738219612045e+05
8.276208501709819414e-06,7.119011038393558148e-06,-1.573180165654840934e+01,1.034257337661122787e+06
8.278399133923080775e-06,7.084552057626967803e-06,-1.572798353207507560e+01,2.463074056519063655e+06
8.280589766136345524e-06,7.050104924879329600e-06,-1.572095905700166441e+01,3.962037710738422815e+06
8.282780398349608579e-06,7.015676834541910553e-06,-1.571057157721254782e+01,5.533886090994270518e+06
8.284971030562873328e-06,6.981275330829480363e-06,-1.569665837967495214e+01,7.181412105573729612e+06
8.287161662776136383e-06,6.946908321199083597e-06,-1.567905057701354465e+01,8.907458186483209953e+06
8.289352294989401132e-06,6.912584089863605027e-06,-1.565757300784921391e+01,1.071490963433967344e+07
8.291542927202664187e-06,6.878311311703834317e-06,-1.563204414973525580e+01,1.260668681526282616e+07
8.293733559415927242e-06,6.844099066248500873e-06,-1.560227605255178673e+01,1.458573607585678436e+07
8.295924191629191992e-06,6.809956851894361217e-06,-1.556807429307286128e+01,1.665501926055826619e+07
8.298114823842455047e-06,6.775894600116136368e-06,-1.552923795358893244e+01,1.881750171879687905e+07
8.300305456055719796e-06,6.741922689635065727e-06,-1.548555962861459534e+01,2.107613866911927983e+07
8.302496088268981157e-06,6.708051960522217411e-06,-1.543682546369231012e+01,2.343385978494518623e+07
8.304686720482244212e-06,6.674293728212462864e-06,-1.538281523030254938e+01,2.589355186558770388e+07
8.306877352695508961e-06,6.640659797405613127e-06,-1.532330244089155613e+01,2.845803945653915778e+07
8.309067984908772016e-06,6.607162475830259541e-06,-1.525805450802666385e+01,3.113006328523963690e+07
8.311258617122036765e-06,6.573814587585651428e-06,-1.518683295251867804e+01,3.391225639564207196e+07
8.313449249335299820e-06,6.540629484937923307e-06,-1.510939366996895927e+01,3.680711790772071481e+07
8.315639881548562875e-06,6.507621060833295676e-06,-1.502548725377186756e+01,3.981698418034876883e+07
8.317830513761827625e-06,6.474803760045063335e-06,-1.493485938586703732e+01,4.294399737590753287e+07
8.320021145975090680e-06,6.442192589509211676e-06,-1.483725129942475540e+01,4.619007131828866154e+07
8.322211778188355429e-06,6.409803127461375495e-06,-1.473240031877247880e+01,4.955685461824343354e+07
8.324402410401616790e-06,6.377651531229697109e-06,-1.462004048292672564e+01,5.304569104788728058e+07
8.326593042614879845e-06,6.345754543583932064e-06,-1.449990325901116961e+01,5.665757717902533710e+07
8.328783674828144594e-06,6.314129497541682641e-06,-1.437171835184375723e+01,6.039311734135295451e+07
8.330974307041407649e-06,6.282794319531692371e-06,-1.423521461597241533e+01,6.425247600456272066e+07
8.333164939254672398e-06,6.251767530337293354e-06,-1.409012107435799876e+01,6.823532780410717428e+07
8.335355571467935453e-06,6.221068242647493401e-06,-1.393616804429979084e+01,7.234080558909279108e+07
8.337546203681200203e-06,6.190716157494158947e-06,-1.377308838571291716e+01,7.656744650792805851e+07
8.339736835894463258e-06,6.160731557117552252e-06,-1.360061886571433121e+01,8.091313681742624938e+07
8.341927468107726313e-06,6.131135294828830173e-06,-1.341850164660148259e+01,8.537505581909823418e+07
8.344118100320991062e-06,6.101948781413158744e-06,-1.322648589639206129e+01,8.994961956779570878e+07
8.346308732534254117e-06,6.073193967847735527e-06,-1.302432952076450157e+01,9.463242507466685772e+07
8.348499364747517172e-06,6.044893324122350793e-06,-1.281180101528778081e+01,9.941819582418045402e+07
8.350689996960780227e-06,6.017069813949866171e-06,-1.258868143682779106e+01,1.043007295264109820e+08
8.352880629174043282e-06,5.989746865154561993e-06,-1.235476649302120933e+01,1.092728491272476912e+08
8.355071261387308031e-06,5.962948335237442616e-06,-1.210986872885635357e+01,1.143263583510620743e+08
8.357261893600571086e-06,5.936698471398255742e-06,-1.185381978514583601e+01,1.194520031928182244e+08
8.359452525813835836e-06,5.911021866915638532e-06,-1.158647276810851956e+01,1.246394401197479814e+08
8.361643158027098891e-06,5.885943411173196084e-06,-1.130770465684625314e+01,1.298772130727696568e+08
8.363833790240361946e-06,5.861488234366722073e-06,-1.101741875786269631e+01,1.351527404183101356e+08
8.366024422453626695e-06,5.837681647234841630e-06,-1.071554717659469347e+01,1.404523133051924109e+08
8.368215054666889750e-06,5.814549075617434731e-06,-1.040205327617953657e+01,1.457611069209142625e+08
8.370405686880152805e-06,5.792115989646153442e-06,-1.007693409368767412e+01,1.510632060783935487e+08
8.372596319093415860e-06,5.770407827371246460e-06,-9.740222684048635671e+00,1.563416464629389942e+08
8.374786951306678915e-06,5.749449912629266879e-06,-9.391990361903454598e+00,1.615784727263403535e+08
8.376977583519943664e-06,5.729267367376905344e-06,-9.032348808014070585e+00,1.667548143672280610e+08
8.379168215733206719e-06,5.709885024301511595e-06,-8.661451951379309122e+00,1.718509792751645148e+08
8.381358847946471469e-06,5.691327331449550219e-06,-8.279497654871683210e+00,1.768465664660751522e+08
8.383549480159734524e-06,5.673618253645037844e-06,-7.886729133605102859e+00,1.817205974063515067e+08
8.385740112372999273e-06,5.656781172065775163e-06,-7.483436054292885942e+00,1.864516653420036733e+08
8.387930744586262328e-06,5.640838781705299159e-06,-7.069955296214583740e+00,1.910181017930490971e+08
8.390121376799525383e-06,5.625812987683494799e-06,-6.646671332247859887e+00,1.953981587874144018e+08
8.392312009012788438e-06,5.611724800954523289e-06,-6.214016190903937087e+00,1.995702049993945956e+08
8.394502641226051493e-06,5.598594233986323072e-06,-5.772468961024520340e+00,2.035129334754938781e+08
8.396693273439316242e-06,5.586440198852999359e-06,-5.322554851707698376e+00,2.072055776467423141e+08
8.398883905652579297e-06,5.575280408213614811e-06,-4.864843781034356773e+00,2.106281324522119164e+08
8.401074537865842353e-06,5.565131278832023147e-06,-4.399948449687545171e+00,2.137615772533984184e+08
8.403265170079107102e-06,5.556007840626285466e-06,-3.928521943192312627e+00,2.165880960169826150e+08
8.405455802292370157e-06,5.547923651167329870e-06,-3.451254860323940132e+00,2.190912908524636328e+08
8.407646434505634906e-06,5.540890716949118586e-06,-2.968871988002504736e+00,2.212563845701749325e+08
8.409837066718897961e-06,5.534919422675363597e-06,-2.482128538373343130e+00,2.230704079829422832e+08
8.412027698932161016e-06,5.530018469402441838e-06,-1.991805983509134625e+00,2.245223678897995949e+08
8.414218331145425765e-06,5.526194821309813609e-06,-1.498707591140223894e+00,2.256033921908346713e+08
8.416408963358687126e-06,5.523453663346375360e-06,-1.003653628104053563e+00,2.263068485540983379e+08
8.418599595571951875e-06,5.521798369664664767e-06,-5.074763513043285545e-01,2.266284339523279369e+08
8.420790227785214930e-06,5.521230482938785253e-06,-1.101483584316527257e-02,2.265662330542630255e+08
8.422980859998477986e-06,5.521749704767501524e-06,4.848902879060103532e-01,2.261207441009130478e+08
8.425171492211742735e-06,5.523353898032805350e-06,9.794021192698219025e-01,2.252948714805037081e+08
8.427362124425005790e-06,5.526039101882487600e-06,1.471692724765810922e+00,2.240938850203534961e+08
8.429552756638270539e-06,5.529799556151289887e-06,1.960948242283548471e+00,2.225253476748867035e+08
8.431743388851533594e-06,5.534627737374793920e-06,2.446373796926788469e+00,2.205990127594628334e+08
8.433934021064798343e-06,5.540514406036950642e-06,2.927198162223995759e+00,2.183266931260305345e+08
8.436124653278061398e-06,5.547448663182588594e-06,3.402678103450673230e+00,2.157221056042283773e+08
8.438315285491322759e-06,5.555418015951531420e-06,3.872102360917396346e+00,2.128006941470419765e+08
8.440505917704587508e-06,5.564408451440695878e-06,4.334795227350014990e+00,2.095794355249450207e+08
8.442696549917850564e-06,5.574404518487669079e-06,4.790119674007724981e+00,2.060766316373054385e+08
8.444887182131115313e-06,5.585389415693010339e-06,5.237480010283311671e+00,2.023116928439520895e+08
8.447077814344378368e-06,5.597345083581726904e-06,5.676324088585340100e+00,1.983049166861074269e+08
8.449268446557641423e-06,5.610252302565940272e-06,6.106144992369427982e+00,1.940772656958867610e+08
8.451459078770906172e-06,5.624090793236759290e-06,6.526482252266992745e+00,1.896501485589822829e+08
8.453649710984169227e-06,5.638839319051769937e-06,6.936922590813812128e+00,1.850452079514988065e+08
8.455840343197433976e-06,5.654475790213552552e-06,7.337100216225370453e+00,1.802841182126084566e+08
8.458030975410697031e-06,5.670977367592200710e-06,7.726696681311170600e+00,1.753883955979032218e+08
8.460221607623960086e-06,5.688320565635669622e-06,8.105440328053257204e+00,1.703792233767857552e+08
8.462412239837223141e-06,5.706481354220185617e-06,8.473105395750007318e+00,1.652772931117306650e+08
8.464602872050486197e-06,5.725435257927303456e-06,8.829510785754637325e+00,1.601026636481182873e+08
8.466793504263750946e-06,5.745157452135383702e-06,9.174518532369615897e+00,1.548746384787345231e+08
8.468984136477014001e-06,5.765622855494306314e-06,9.508032031565376130e+00,1.496116616691245437e+08
8.471174768690277056e-06,5.786806218575631435e-06,9.829994062895853091e+00,1.443312321906823814e+08
8.473365400903541805e-06,5.808682208040405814e-06,1.014038464294589659e+01,1.390498362398964763e+08
8.475556033116804860e-06,5.831225485601563836e-06,1.043921874681688067e+01,1.337828968446546644e+08
8.477746665330069609e-06,5.854410781316612709e-06,1.072654393531834849e+01,1.285447397596707493e+08
8.479937297543332664e-06,5.878212963207576873e-06,1.100243793261339320e+01,1.233485740502296090e+08
8.482127929756595719e-06,5.902607100449753274e-06,1.126700617049834108e+01,1.182064865391288698e+08
8.484318561969858775e-06,5.927568521280560454e-06,1.152037933385163626e+01,1.131294484641898572e+08
8.486509194183121830e-06,5.953072865582034401e-06,1.176271093403149948e+01,1.081273328834597766e+08
8.488699826396386579e-06,5.979096132272797981e-06,1.199417493222034814e+01,1.032089413511448354e+08
8.490890458609649634e-06,6.005614721669077335e-06,1.221496342858375428e+01,9.838203844021794200e+07
8.493081090822914383e-06,6.032605472878236798e-06,1.242528443242686009e+01,9.365339274672152102e+07
8.495271723036177438e-06,6.060045696288663067e-06,1.262535972853547506e+01,8.902882306822803617e+07
8.497462355249440493e-06,6.087913201219736131e-06,1.281542285488760413e+01,8.451324852018795907e+07
8.499652987462705242e-06,6.116186319269818975e-06,1.299571719658756663e+01,8.011074145308028162e+07
8.501843619675968297e-06,6.144843924845923869e-06,1.316649417268769895e+01,7.582458223102299869e+07
8.504034251889233047e-06,6.173865450241223244e-06,1.332801157407211612e+01,7.165731494299066067e+07
8.506224884102494408e-06,6.203230898032657589e-06,1.348053200966247012e+01,6.761080327043935657e+07
8.508415516315757463e-06,6.232920850076744682e-06,1.362432147657875348e+01,6.368628585335814953e+07
8.510606148529022212e-06,6.262916473409596902e-06,1.375964805046475981e+01,5.988443059705343843e+07
8.512796780742285267e-06,6.293199523419357768e-06,1.388678069281354155e+01,5.620538744337257743e+07
8.514987412955550016e-06,6.323752344644782069e-06,1.400598817241974992e+01,5.264883921540927142e+07
8.517178045168813071e-06,6.354557869493674160e-06,1.411753809760682365e+01,4.921405023168104142e+07
8.519368677382076126e-06,6.385599614436179597e-06,1.422169604864561876e+01,4.589991256692897528e+07
8.521559309595340875e-06,6.416861674743975315e-06,1.431872481063155078e+01,4.270498968715735525e+07
8.523749941808603930e-06,6.448328717695985416e-06,1.440888369970687322e+01,3.962755739963692427e+07
8.525940574021868680e-06,6.479985974340621540e-06,1.449242797505837643e+01,3.666564208995705098e+07
8.528131206235131735e-06,6.511819229993576677e-06,1.456960833185037352e+01,3.381705623093145341e+07
8.530321838448393096e-06,6.543814813683109393e-06,1.464067046901903701e+01,3.107943118889115378e+07
8.532512470661657845e-06,6.575959586800277527e-06,1.470585472609444366e+01,2.845024737763796002e+07
8.534703102874920900e-06,6.608240931206671838e-06,1.476539578321573387e+01,2.592686183580717444e+07
8.536893735088185649e-06,6.640646736495909542e-06,1.481952241878266463e+01,2.350653335614750534e+07
8.539084367301448704e-06,6.673165386677423411e-06,1.486845731960127814e+01,2.118644526476712152e+07
8.541274999514711759e-06,6.705785746758651825e-06,1.491241693835681481e+01,1.896372595036007836e+07
8.543465631727976508e-06,6.738497149015028564e-06,1.495161139407203699e+01,1.683546728955068439e+07
8.545656263941239563e-06,6.771289379093604324e-06,1.498624441035254762e+01,1.479874110102337785e+07
8.547846896154504313e-06,6.804152661923235547e-06,1.501651328761642112e+01,1.285061376390264928e+07
8.550037528367767368e-06,6.837077647555912868e-06,1.504260890568486353e+01,1.098815912628833205e+07
8.552228160581030423e-06,6.870055397063686258e-06,1.506471575311066502e+01,9.208469830021128058e+06
8.554418792794293478e-06,6.903077368615894688e-06,1.508301197962127382e+01,7.508667176564701833e+06
8.556609425007556533e-06,6.936135403860822813e-06,1.509766946805298815e+01,5.885909656639404595e+06
8.558800057220821282e-06,6.969221714616490812e-06,1.510885392260166071e+01,4.337400265228823759e+06
8.560990689434084337e-06,7.002328868657987865e-06,1.511672497587248820e+01,2.860392731617786922e+06
8.563181321647349086e-06,7.035449776872414871e-06,1.512143630498812108e+01,1.452196716124353930e+06
8.565371953860612141e-06,7.068577680444161947e-06,1.512313575847986336e+01,1.101821102025811851e+05
8.567562586073875197e-06,7.101706138190890041e-06,1.512196549260446687e+01,-1.168217478779983474e+06
8.569753218287139946e-06,7.134829014257797304e-06,1.511806211396589106e+01,-2.385501972036675084e+06
8.571943850500403001e-06,7.167940466107912478e-06,1.511155682744907658e+01,-3.544102714983688667e+06
8.574134482713667750e-06,7.201034932831488456e-06,1.510257558825209756e+01,-4.646380953079211526e+06
8.576325114926929111e-06,7.234107123797498054e-06,1.509123925680311551e+01,-5.694626821723777801e+06
8.578515747140192166e-06,7.267152007670439001e-06,1.507766375534845515e+01,-6.691058788684214465e+06
8.580706379353456915e-06,7.300164801815117284e-06,1.506196022499835685e+01,-7.637823491929827258e+06
8.582897011566719970e-06,7.333140962094282682e-06,1.504423518214703037e+01,-8.536995920330168679e+06
8.585087643779984719e-06,7.366076172704302011e-06,1.502459067611858323e+01,-9.390579896978510544e+06
8.587278275993247774e-06,7.398966336603265841e-06,1.500312444419948577e+01,-1.020050882039389014e+07
8.589468908206510830e-06,7.431807566304533186e-06,1.497993006433692997e+01,-1.096864662354867160e+07
8.591659540419775579e-06,7.464596174896507675e-06,1.495509710638814127e+01,-1.169678892166399211e+07
8.593850172633038634e-06,7.497328667425269941e-06,1.492871128036338924e+01,-1.238666431522973068e+07
8.596040804846303383e-06,7.530001732601182314e-06,1.490085458163138199e+01,-1.303993582194206864e+07
8.598231437059564744e-06,7.562612234820310260e-06,1.487160543289915005e+01,-1.365820241377048008e+07
8.600422069272827799e-06,7.595157206491691317e-06,1.484103882277835851e+01,-1.424300063776635751e+07
8.602612701486092548e-06,7.627633840660924956e-06,1.480922644075051409e+01,-1.479580630141542107e+07
8.604803333699355603e-06,7.660039483921496147e-06,1.477623680834273401e+01,-1.531803620537677594e+07
8.606993965912620352e-06,7.692371629605444466e-06,1.474213540633414787e+01,-1.581104990835454687e+07
8.609184598125883408e-06,7.724627911281088563e-06,1.470698479826731564e+01,-1.627615151396660879e+07
8.611375230339148157e-06,7.756806096489344578e-06,1.467084475006564581e+01,-1.671459146598740481e+07
8.613565862552411212e-06,7.788904080739102799e-06,1.463377234545904315e+01,-1.712756834120850265e+07
8.615756494765674267e-06,7.820919881750341133e-06,1.459582209773269668e+01,-1.751623063444464281e+07
8.617947126978939016e-06,7.852851633938566728e-06,1.455704605750930369e+01,-1.788167852662285790e+07
8.620137759192200377e-06,7.884697583138383474e-06,1.451749391664912103e+01,-1.822496563019012660e+07
8.622328391405465126e-06,7.916456081553513758e-06,1.447721310835166442e+01,-1.854710070674183592e+07
8.624519023618728181e-06,7.948125582920201370e-06,1.443624890354343471e+01,-1.884904935257600993e+07
8.626709655831991236e-06,7.979704637871728833e-06,1.439464450363501236e+01,-1.913173564860823750e+07
8.628900288045255986e-06,8.011191889490913365e-06,1.435244112973193253e+01,-1.939604377171601355e+07
8.631090920258519041e-06,8.042586069038723014e-06,1.430967810838150456e+01,-1.964281956516407803e+07
8.633281552471783790e-06,8.073885991932465967e-06,1.426639295376671157e+01,-1.987287206658668071e+07
8.635472184685046845e-06,8.105090553883005218e-06,1.422262144666742678e+01,-2.008697499209570140e+07
8.637662816898309900e-06,8.136198727145526466e-06,1.417839771032054053e+01,-2.028586817530377582e+07
8.639853449111574649e-06,8.167209556976468752e-06,1.413375428309832671e+01,-2.047025896122068167e+07
8.642044081324837704e-06,8.198122158234857280e-06,1.408872218820698663e+01,-2.064082355448276177e+07
8.644234713538100759e-06,8.228935712139168415e-06,1.404333100046177840e+01,-2.079820832194185629e+07
8.646425345751363814e-06,8.259649463170328206e-06,1.399760891024866716e+01,-2.094303104984734207e+07
8.648615977964626869e-06,8.290262716110903632e-06,1.395158278478296587e+01,-2.107588215605156496e+07
8.650806610177891619e-06,8.320774833211426726e-06,1.390527822677434777e+01,-2.119732585784715787e+07
8.652997242391154674e-06,8.351185231473929417e-06,1.385871963060878365e+01,-2.130790129618491977e+07
8.655187874604419423e-06,8.381493380043263317e-06,1.381193023615716342e+01,-2.140812361714899167e+07
8.657378506817682478e-06,8.411698797751764663e-06,1.376493218014456055e+01,-2.149848501136773080e+07
8.659569139030947227e-06,8.441801050790523572e-06,1.371774654522485370e+01,-2.157945571235026792e+07
8.661759771244210282e-06,8.471799750413685893e-06,1.367039340714683959e+01,-2.165148495537784323e+07
8.663950403457473337e-06,8.501694550792129315e-06,1.362289187970572790e+01,-2.171500189739000425e+07
8.666141035670736392e-06,8.531485146950672173e-06,1.357526015776335981e+01,-2.177041649933549017e+07
8.668331667883999447e-06,8.561171272801655968e-06,1.352751555836506725e+01,-2.181812037205965817e+07
8.670522300097264197e-06,8.590752699268418413e-06,1.347967456003529385e+01,-2.185848758688982949e+07
8.672712932310527252e-06,8.620229232493034391e-06,1.343175284033279127e+01,-2.189187545210224390e+07
8.674903564523790307e-06,8.649600712121824716e-06,1.338376531174752770e+01,-2.191862525646455586e+07
8.677094196737055056e-06,8.678867009662676334e-06,1.333572615602070854e+01,-2.193906298105603829e+07
8.679284828950318111e-06,8.708028026908046546e-06,1.328764885696944553e+01,-2.195349998056570068e+07
8.681475461163582860e-06,8.737083694443797084e-06,1.323954623180517665e+01,-2.196223363504030928e+07
8.683666093376845915e-06,8.766033970252939915e-06,1.319143046094838212e+01,-2.196554797300202772e+07
8.685856725590108970e-06,8.794878838322774567e-06,1.314331311672111191e+01,-2.196371426783147082e+07
8.688047357803373719e-06,8.823618307350411728e-06,1.309520519063248933e+01,-2.195699160767398775e+07
8.690237990016635080e-06,8.852252409497258722e-06,1.304711711947579644e+01,-2.194562744029817358e+07
8.692428622229899830e-06,8.880781199201899455e-06,1.299905881025388688e+01,-2.192985809384733438e+07
8.694619254443162885e-06,8.909204752047474135e-06,1.295103966398501605e+01,-2.190990927446463704e+07
8.696809886656425940e-06,8.937523163680358715e-06,1.290306859844054266e+01,-2.188599654175429046e+07
8.699000518869690689e-06,8.965736548776076571e-06,1.285515406986713316e+01,-2.185832576302080974e+07
8.701191151082953744e-06,8.993845040048906926e-06,1.280730409374539747e+01,-2.182709354720623419e+07
8.703381783296218493e-06,9.021848787301457978e-06,1.275952626463708839e+01,-2.179248765942282602e+07
8.705572415509481548e-06,9.049747956521831421e-06,1.271182777513274686e+01,-2.175468741684827581e+07
8.707763047722746297e-06,9.077542729044651561e-06,1.266421543386369741e+01,-2.171386406656669825e+07
8.709953679936009352e-06,9.105233300711088149e-06,1.261669568284431975e+01,-2.167018114674238861e+07
8.712144312149270713e-06,9.132819881087951298e-06,1.256927461396470491e+01,-2.162379483131098375e+07
8.714334944362535463e-06,9.160302692717198268e-06,1.252195798476119215e+01,-2.157485425914439559e+07
8.716525576575798518e-06,9.187681970400100843e-06,1.247475123348168502e+01,-2.152350184834390879e+07
8.718716208789063267e-06,9.214957960514767163e-06,1.242765949347514542e+01,-2.146987359631444514e+07
8.720906841002326322e-06,9.242130920364507424e-06,1.238068760693732884e+01,-2.141409936625699326e+07
8.723097473215589377e-06,9.269201117554988527e-06,1.233384013804401391e+01,-2.135630316069433093e+07
8.725288105428854126e-06,9.296168829397958460e-06,1.228712138550330657e+01,-2.129660338262674212e+07
8.727478737642117181e-06,9.323034342339412659e-06,1.224053539455846895e+01,-2.123511308489263430e+07
8.729669369855381930e-06,9.349797951414463932e-06,1.219408596845696380e+01,-2.117194020824740455e+07
8.731860002068644985e-06,9.376459959742541319e-06,1.214777667935272554e+01,-2.110718780850958824e+07
8.734050634281906346e-06,9.403020678023134434e-06,1.210161087879960995e+01,-2.104095427363010868e+07
8.736241266495171096e-06,9.429480424065220926e-06,1.205559170774316691e+01,-2.097333353084873408e+07
8.738431898708434151e-06,9.455839522335931745e-06,1.200972210607421431e+01,-2.090441524449498579e+07
8.740622530921698900e-06,9.482098303530266882e-06,1.196400482175935132e+01,-2.083428500485432521e+07
8.742813163134961955e-06,9.508257104160789213e-06,1.191844241956589379e+01,-2.076302450850138813e+07
8.745003795348225010e-06,9.534316266166181783e-06,1.187303728939966341e+01,-2.069071173049065843e+07
8.747194427561489759e-06,9.560276136537311552e-06,1.182779165427433732e+01,-2.061742108878093213e+07
8.749385059774752814e-06,9.586137066959549410e-06,1.178270757793101353e+01,-2.054322360125596076e+07
8.751575691988017563e-06,9.611899413470060641e-06,1.173778697212663147e+01,-2.046818703569028527e+07
8.753766324201280619e-06,9.637563536130474128e-06,1.169303160360413152e+01,-2.039237605298013613e+07
8.755956956414545368e-06,9.663129798724029107e-06,1.164844310072305156e+01,-2.031585234384999424e+07
8.758147588627806729e-06,9.688598568454907272e-06,1.160402295983600318e+01,-2.023867475952212885e+07
8.760338220841069784e-06,9.713970215666099651e-06,1.155977255137088733e+01,-2.016089943649170175e+07
8.762528853054334533e-06,9.739245113569782469e-06,1.151569312564574687e+01,-2.008257991571140289e+07
8.764719485267597588e-06,9.764423637990351067e-06,1.147178581842930001e+01,-2.000376725644817948e+07
8.766910117480862337e-06,9.789506167119623991e-06,1.142805165625709307e+01,-1.992451014505174384e+07
8.769100749694125392e-06,9.814493081283534544e-06,1.138449156151405184e+01,-1.984485499886716902e+07
8.771291381907388447e-06,9.839384762719574574e-06,1.134110635729447125e+01,-1.976484606551568583e+07
8.773482014120653196e-06,9.864181595364199370e-06,1.129789677205047305e+01,-1.968452551775917411e+07
8.775672646333916252e-06,9.888883964649453352e-06,1.125486344403988426e+01,-1.960393354415493459e+07
8.777863278547181001e-06,9.913492257308650555e-06,1.121200692558264933e+01,-1.952310843569458649e+07
8.780053910760442362e-06,9.938006861196556303e-06,1.116932768711410162e+01,-1.944208666855662689e+07
8.782244542973705417e-06,9.962428165112555538e-06,1.112682612107820823e+01,-1.936090298323863000e+07
8.784435175186970166e-06,9.986756558633455284e-06,1.108450254564812276e+01,-1.927959046018451452e+07
8.786625807400233221e-06,1.001099243195486079e-05,1.104235720828196321e+01,-1.919818059206558764e+07
8.788816439613497970e-06,1.003513617573993442e-05,1.100039028912510553e+01,-1.911670335287947580e+07
8.791007071826761025e-06,1.005918818097567785e-05,1.095860190426406611e+01,-1.903518726400692016e+07
8.793197704040024080e-06,1.008314883883626334e-05,1.091699210883845517e+01,-1.895365945736411959e+07
8.795388336253288830e-06,1.010701854055294468e-05,1.087556090001757880e+01,-1.887214573578296974e+07
8.797578968466551885e-06,1.013079767729013800e-05,1.083430821984818415e+01,-1.879067063074654341e+07
8.799769600679816634e-06,1.015448664002716748e-05,1.079323395797985086e+01,-1.870925745760143548e+07
8.801960232893079689e-06,1.017808581944545074e-05,1.075233795427398853e+01,-1.862792836836325377e+07
8.804150865106341050e-06,1.020159560582418330e-05,1.071162000129081626e+01,-1.854670440219575539e+07
8.806341497319605799e-06,1.022501638893889461e-05,1.067107984667487308e+01,-1.846560553370683268e+07
8.808532129532868854e-06,1.024834855796495566e-05,1.063071719543821203e+01,-1.838465071914701536e+07
8.810722761746133603e-06,1.027159250138678050e-05,1.059053171214160649e+01,-1.830385794059334323e+07
8.812913393959396658e-06,1.029474860691145765e-05,1.055052302298216915e+01,-1.822324424821975827e+07
8.815104026172661407e-06,1.031781726138697924e-05,1.051069071779018671e+01,-1.814282580073616654e+07
8.817294658385924463e-06,1.034079885072480696e-05,1.047103435193903209e+01,-1.806261790407783911e+07
8.819485290599187518e-06,1.036369375982651389e-05,1.043155344817212615e+01,-1.798263504842361808e+07
8.821675922812452267e-06,1.038650237251419572e-05,1.039224749835075379e+01,-1.790289094361795485e+07
8.823866555025715322e-06,1.040922507146440551e-05,1.035311596512666910e+01,-1.782339855306914821e+07
8.826057187238978377e-06,1.043186223814537673e-05,1.031415828354329633e+01,-1.774417012619308010e+07
8.828247819452241432e-06,1.045441425275924205e-05,1.027537386256293495e+01,-1.766521722945272177e+07
8.830438451665504487e-06,1.047688149418646457e-05,1.023676208652977238e+01,-1.758655077607148141e+07
8.832629083878769236e-06,1.049926433993301518e-05,1.019832231657111166e+01,-1.750818105447890610e+07
8.834819716092032291e-06,1.052156316608110572e-05,1.016005389193546193e+01,-1.743011775553404912e+07
8.837010348305297041e-06,1.054377834724262589e-05,1.012195613127295601e+01,-1.735236999858763069e+07
8.839200980518560096e-06,1.056591025651540077e-05,1.008402833385980024e+01,-1.727494635643197969e+07
8.841391612731823151e-06,1.058795926544213006e-05,1.004626978076910149e+01,-1.719785487918751687e+07
8.843582244945087900e-06,1.060992574397179894e-05,1.000867973599043736e+01,-1.712110311717236415e+07
8.845772877158350955e-06,1.063181006042343523e-05,9.971257447500471827e+00,-1.704469814279991388e+07
8.847963509371614010e-06,1.065361258145201125e-05,9.934002148287051526e+00,-1.696864657154766843e+07
8.850154141584877065e-06,1.067533367201643101e-05,9.896913057328864838e+00,-1.689295458203814924e+07
8.852344773798140120e-06,1.069697369535018397e-05,9.859989380530471692e+00,-1.681762793526541069e+07
8.854535406011404869e-06,1.071853301293401291e-05,9.823230311615796850e+00,-1.674267199300708994e+07
8.856726038224667924e-06,1.074001198446974069e-05,9.786635032984593252e+00,-1.666809173546399921e+07
8.858916670437932674e-06,1.076141096785645330e-05,9.750202716529271285e+00,-1.659389177815043740e+07
8.861107302651195729e-06,1.078273031916833815e-05,9.713932524416005521e+00,-1.652007638807330653e+07
8.863297934864458784e-06,1.080397039263418922e-05,9.677823609831113671e+00,-1.644664949922920763e+07
8.865488567077723533e-06,1.082513154061859280e-05,9.641875117694118202e+00,-1.637361472744889930e+07
8.867679199290986588e-06,1.084621411360459377e-05,9.606086185338941874e+00,-1.630097538461706601e+07
8.869869831504251337e-06,1.086721846017780699e-05,9.570455943164640544e+00,-1.622873449229460210e+07
8.872060463717512698e-06,1.088814492701182121e-05,9.534983515257147602e+00,-1.615689479476910457e+07
8.874251095930777447e-06,1.090899385885491250e-05,9.499668019983280587e+00,-1.608545877155847475e+07
8.876441728144040502e-06,1.092976559851817906e-05,9.464508570557477185e+00,-1.601442864938909747e+07
8.878632360357303557e-06,1.095046048686521074e-05,9.429504275581871653e+00,-1.594380641366988234e+07
8.880822992570568307e-06,1.097107886280221438e-05,9.394654239563820397e+00,-1.587359381949032843e+07
8.883013624783831362e-06,1.099162106326966035e-05,9.359957563408519476e+00,-1.580379240215545148e+07
8.885204256997096111e-06,1.101208742323489812e-05,9.325413344889385669e+00,-1.573440348728071153e+07
8.887394889210359166e-06,1.103247827568579843e-05,9.291020679096735790e+00,-1.566542820046491176e+07
8.889585521423622221e-06,1.105279395162536617e-05,9.256778658865716380e+00,-1.559686747655877285e+07
8.891776153636886970e-06,1.107303478006728159e-05,9.222686375184293794e+00,-1.552872206854623184e+07
8.893966785850148331e-06,1.109320108803226822e-05,9.188742917582253256e+00,-1.546099255605502054e+07
8.896157418063413080e-06,1.111329320054534678e-05,9.154947374501894330e+00,-1.539367935351180285e+07
8.898348050276676135e-06,1.113331144063362954e-05,9.121298833651749760e+00,-1.532678271795814298e+07
8.900538682489939191e-06,1.115325612932518527e-05,9.087796382342995472e+00,-1.526030275653915480e+07
8.902729314703203940e-06,1.117312758564875293e-05,9.054439107809223231e+00,-1.519423943367847428e+07
8.904919946916466995e-06,1.119292612663367226e-05,9.021226097512153430e+00,-1.512859257795674354e+07
8.907110579129731744e-06,1.121265206731076802e-05,8.988156439431771005e+00,-1.506336188870139234e+07
8.909301211342994799e-06,1.123230572071376291e-05,8.955229222342508066e+00,-1.499854694230183214e+07
8.911491843556257854e-06,1.125188739788132902e-05,8.922443536075913784e+00,-1.493414719826133363e+07
8.913682475769522603e-06,1.127139740785968148e-05,8.889798471770273380e+00,-1.487016200499607995e+07
8.915873107982785658e-06,1.129083605770571587e-05,8.857293122107824601e+00,-1.480659060539228469e+07
8.918063740196048713e-06,1.131020365249064707e-05,8.824926581540024628e+00,-1.474343214213118143e+07
8.920254372409311768e-06,1.132950049530414444e-05,8.792697946501377260e+00,-1.468068566279153526e+07
8.922445004622574824e-06,1.134872688725876019e-05,8.760606315612642803e+00,-1.461835012473953515e+07
8.924635636835839573e-06,1.136788312749498268e-05,8.728650789873290350e+00,-1.455642439981376752e+07
8.926826269049102628e-06,1.138696951318680321e-05,8.696830472843450011e+00,-1.449490727881310880e+07
8.929016901262367377e-06,1.140598633954737920e-05,8.665144470817075728e+00,-1.443379747579849139e+07
8.931207533475630432e-06,1.142493389983522946e-05,8.633591892985421623e+00,-1.437309363221340440e+07
8.933398165688895181e-06,1.144381248536074106e-05,8.602171851591759122e+00,-1.431279432083176263e+07
8.935588797902158236e-06,1.146262238549303199e-05,8.570883462077649284e+00,-1.425289804954007454e+07
8.937779430115421291e-06,1.148136388766710013e-05,8.539725843221082968e+00,-1.419340326496059448e+07
8.939970062328684346e-06,1.150003727739128562e-05,8.508698117266863648e+00,-1.413430835592207313e+07
8.942160694541947402e-06,1.151864283825505676e-05,8.477799410049433604e+00,-1.407561165678404644e+07
8.944351326755212151e-06,1.153718085193690605e-05,8.447028851108818515e+00,-1.401731145062134787e+07
8.946541958968475206e-06,1.155565159821262235e-05,8.416385573799603392e+00,-1.395940597227386571e+07
8.948732591181738261e-06,1.157405535496371206e-05,8.385868715393465678e+00,-1.390189341126737557e+07
8.950923223395003010e-06,1.159239239818620994e-05,8.355477417175071864e+00,-1.384477191460991278e+07
8.953113855608266065e-06,1.161066300199948490e-05,8.325210824532469189e+00,-1.378803958947029710e+07
8.955304487821530814e-06,1.162886743865533880e-05,8.295068087041487459e+00,-1.373169450574227422e+07
8.957495120034793869e-06,1.164700597854725604e-05,8.265048358544694551e+00,-1.367573469849942066e+07
8.959685752248056924e-06,1.166507889021984465e-05,8.235150797225076147e+00,-1.362015817034518160e+07
8.961876384461319979e-06,1.168308644037840090e-05,8.205374565674711462e+00,-1.356496289366230741e+07
8.964067016674583035e-06,1.170102889389870446e-05,8.175718830958496497e+00,-1.351014681276557222e+07
8.966257648887847784e-06,1.171890651383680159e-05,8.146182764673485011e+00,-1.345570784596218355e+07
8.968448281101110839e-06,1.173671956143904420e-05,8.116765543003591432e+00,-1.340164388752298988e+07
8.970638913314373894e-06,1.175446829615217291e-05,8.087466346770224135e+00,-1.334795280956859887e+07
8.972829545527638643e-06,1.177215297563348653e-05,8.058284361478881053e+00,-1.329463246387371793e+07
8.975020177740901698e-06,1.178977385576124026e-05,8.029218777361649018e+00,-1.324168068359244056e+07
8.977210809954166447e-06,1.180733119064499470e-05,8.000268789416269399e+00,-1.318909528490874730e+07
8.979401442167429502e-06,1.182482523263610046e-05,7.971433597441567542e+00,-1.313687406861436553e+07
8.981592074380694251e-06,1.184225623233824540e-05,7.942712406069504461e+00,-1.308501482161732577e+07
8.983782706593957307e-06,1.185962443861806623e-05,7.914104424793999115e+00,-1.303351531838382222e+07
8.985973338807218668e-06,1.187693009861584491e-05,7.885608867996684701e+00,-1.298237332231621630e+07
8.988163971020483417e-06,1.189417345775626420e-05,7.857224954969601605e+00,-1.293158658706945926e+07
8.990354603233746472e-06,1.191135475975913793e-05,7.828951909935288000e+00,-1.288115285780901834e+07
8.992545235447011221e-06,1.192847424665025637e-05,7.800788962063954557e+00,-1.283106987241188623e+07
8.994735867660274276e-06,1.194553215877225031e-05,7.772735345488234415e+00,-1.278133536261361092e+07
8.996926499873537331e-06,1.196252873479542627e-05,7.744790299315461368e+00,-1.273194705510323495e+07
8.999117132086802080e-06,1.197946421172874238e-05,7.716953067637486896e+00,-1.268290267256806046e+07
9.001307764300065135e-06,1.199633882493070290e-05,7.689222899538379785e+00,-1.263419993469067290e+07
9.003498396513329885e-06,1.201315280812030530e-05,7.661599049099976355e+00,-1.258583655909992754e+07
9.005689028726592940e-06,1.202990639338799404e-05,7.634080775405362118e+00,-1.253781026227768138e+07
9.007879660939854301e-06,1.204659981120659583e-05,7.606667342540461618e+00,-1.249011876042324677e+07
9.010070293153119050e-06,1.206323329044233948e-05,7.579358019593652962e+00,-1.244275977027693205e+07
9.012260925366382105e-06,1.207980705836574028e-05,7.552152080653852018e+00,-1.239573100990495086e+07
9.014451557579646854e-06,1.209632134066259283e-05,7.525048804806688807e+00,-1.234903019944645464e+07
9.016642189792909909e-06,1.211277636144491126e-05,7.498047476129198863e+00,-1.230265506182481535e+07
9.018832822006172964e-06,1.212917234326183906e-05,7.471147383682984255e+00,-1.225660332342436723e+07
9.021023454219437713e-06,1.214550950711055716e-05,7.444347821505952645e+00,-1.221087271473410912e+07
9.023214086432700768e-06,1.216178807244719200e-05,7.417648088602599721e+00,-1.216546097095948085e+07
9.025404718645965518e-06,1.217800825719768130e-05,7.391047488933044640e+00,-1.212036583260373212e+07
9.027595350859228573e-06,1.219417027776861605e-05,7.364545331400829120e+00,-1.207558504602010921e+07
9.029785983072489934e-06,1.221027434905802666e-05,7.338140929839541471e+00,-1.203111636393588595e+07
9.031976615285754683e-06,1.222632068446624019e-05,7.311833602998212278e+00,-1.198695754594939575e+07
9.034167247499017738e-06,1.224230949590653776e-05,7.285622674525879638e+00,-1.194310635900150985e+07
9.036357879712282487e-06,1.225824099381593218e-05,7.259507472954918050e+00,-1.189956057782199234e+07
9.038548511925545542e-06,1.227411538716583206e-05,7.233487331683527088e+00,-1.185631798535228521e+07
9.040739144138810291e-06,1.228993288347268400e-05,7.207561588957303478e+00,-1.181337637314542010e+07
9.042929776352073346e-06,1.230569368880856045e-05,7.181729587849955188e+00,-1.177073354174403846e+07
9.045120408565336401e-06,1.232139800781171375e-05,7.155990676243240145e+00,-1.172838730103753880e+07
9.047311040778601151e-06,1.233704604369709800e-05,7.130344206806082497e+00,-1.168633547059893049e+07
9.049501672991864206e-06,1.235263799826682987e-05,7.104789536973018294e+00,-1.164457588000248745e+07
9.051692305205128955e-06,1.236817407192060038e-05,7.079326028921960834e+00,-1.160310636912292056e+07
9.053882937418390316e-06,1.238365446366602391e-05,7.053953049551346055e+00,-1.156192478841679357e+07
9.056073569631653371e-06,1.239907937112901776e-05,7.028669970456570049e+00,-1.152102899918674119e+07
9.058264201844918120e-06,1.241444899056396823e-05,7.003476167906087291e+00,-1.148041687382979877e+07
9.060454834058181175e-06,1.242976351686401023e-05,6.978371022816758362e+00,-1.144008629606965929e+07
9.062645466271445924e-06,1.244502314357117301e-05,6.953353920728822857e+00,-1.140003516117420979e+07
9.064836098484708979e-06,1.246022806288645988e-05,6.928424251780377574e+00,-1.136026137615858391e+07
9.067026730697972035e-06,1.247537846567990587e-05,6.903581410681440822e+00,-1.132076285997455381e+07
9.069217362911236784e-06,1.249047454150056594e-05,6.878824796687611709e+00,-1.128153754368664697e+07
9.071407995124499839e-06,1.250551647858643036e-05,6.854153813573347520e+00,-1.124258337063571997e+07
9.073598627337764588e-06,1.252050446387431293e-05,6.829567869604898256e+00,-1.120389829659032635e+07
9.075789259551025949e-06,1.253543868300963257e-05,6.805066377512953402e+00,-1.116548028988662735e+07
9.077979891764289004e-06,1.255031932035622535e-05,6.780648754464888128e+00,-1.112732733155701123e+07
9.080170523977553753e-06,1.256514655900594808e-05,6.756314422036935774e+00,-1.108943741544838622e+07
9.082361156190816808e-06,1.257992058078835828e-05,6.732062806185922454e+00,-1.105180854833003506e+07
9.084551788404081557e-06,1.259464156628027038e-05,6.707893337220860452e+00,-1.101443874999181554e+07
9.086742420617344612e-06,1.260930969481525940e-05,6.683805449774333773e+00,-1.097732605333311856e+07
9.088933052830609362e-06,1.262392514449309187e-05,6.659798582773683862e+00,-1.094046850444281287e+07
9.091123685043872417e-06,1.263848809218911429e-05,6.635872179412041660e+00,-1.090386416267072037e+07
9.093314317257135472e-06,1.265299871356355359e-05,6.612025687119206019e+00,-1.086751110069093294e+07
9.095504949470400221e-06,1.266745718307077517e-05,6.588258557532395976e+00,-1.083140740455731191e+07
9.097695581683663276e-06,1.268186367396846477e-05,6.564570246466880477e+00,-1.079555117375154607e+07
9.099886213896926331e-06,1.269621835832673913e-05,6.540960213886534369e+00,-1.075994052122410573e+07
9.102076846110189386e-06,1.271052140703724483e-05,6.517427923874226536e+00,-1.072457357342826016e+07
9.104267478323452441e-06,1.272477298982207922e-05,6.493972844602317274e+00,-1.068944847034787573e+07
9.106458110536717190e-06,1.273897327524276733e-05,6.470594448302922963e+00,-1.065456336551870964e+07
9.108648742749980246e-06,1.275312243070910821e-05,6.447292211238218940e+00,-1.061991642604392022e+07
9.110839374963244995e-06,1.276722062248796719e-05,6.424065613670720154e+00,-1.058550583260388486e+07
9.113030007176508050e-06,1.278126801571202060e-05,6.400914139833521865e+00,-1.055132977946065366e+07
9.115220639389771105e-06,1.279526477438839556e-05,6.377837277900549218e+00,-1.051738647445719689e+07
9.117411271603035854e-06,1.280921106140730119e-05,6.354834519956816585e+00,-1.048367413901180588e+07
9.119601903816298909e-06,1.282310703855053796e-05,6.331905361968701129e+00,-1.045019100810776278e+07
9.121792536029561964e-06,1.283695286649996966e-05,6.309049303754247440e+00,-1.041693533027859963e+07
9.123983168242825019e-06,1.285074870484597174e-05,6.286265848953441981e+00,-1.038390536758899689e+07
9.126173800456088074e-06,1.286449471209570510e-05,6.263554504998706030e+00,-1.035109939561188407e+07
9.128364432669352823e-06,1.287819104568143231e-05,6.240914783085253603e+00,-1.031851570340143703e+07
9.130555064882615879e-06,1.289183786196871683e-05,6.218346198141612824e+00,-1.028615259346253984e+07
9.132745697095880628e-06,1.290543531626457320e-05,6.195848268800197012e+00,-1.025400838171679713e+07
9.134936329309143683e-06,1.291898356282554603e-05,6.173420517367958382e+00,-1.022208139746516198e+07
9.137126961522408432e-06,1.293248275486573138e-05,6.151062469797112797e+00,-1.019036998334751092e+07
9.139317593735671487e-06,1.294593304456472535e-05,6.128773655655973762e+00,-1.015887249529919587e+07
9.141508225948934542e-06,1.295933458307550827e-05,6.106553608099875241e+00,-1.012758730250479467e+07
9.143698858162197597e-06,1.297268752053228138e-05,6.084401863842220592e+00,-1.009651278734921291e+07
9.145889490375460652e-06,1.298599200605824608e-05,6.062317963125543940e+00,-1.006564734536612779e+07
9.148080122588725401e-06,1.299924818777325424e-05,6.040301449692874414e+00,-1.003498938518430106e+07
9.150270754801988457e-06,1.301245621280149255e-05,6.018351870759046207e+00,-1.000453732847137190e+07
9.152461387015251512e-06,1.302561622727902955e-05,5.996468776982204929e+00,-9.974289609875639901e+06
9.154652019228516261e-06,1.303872837636134066e-05,5.974651722435443624e+00,-9.944244676965789869e+06
9.156842651441779316e-06,1.305179280423075196e-05,5.952900264578568468e+00,-9.914400990168768913e+06
9.159033283655044065e-06,1.306480965410383641e-05,5.931213964229995916e+00,-9.884757022705813870e+06
9.161223915868307120e-06,1.307777906823872549e-05,5.909592385538800841e+00,-9.855311260526834056e+06
9.163414548081570175e-06,1.309070118794239197e-05,5.888035095956904108e+00,-9.826062202243221924e+06
9.165605180294834924e-06,1.310357615357784629e-05,5.866541666211407602e+00,-9.797008359059125185e+06
9.167795812508096285e-06,1.311640410457126693e-05,5.845111670277113980e+00,-9.768148254701454192e+06
9.169986444721361034e-06,1.312918517941913746e-05,5.823744685349083738e+00,-9.739480425348367542e+06
9.172177076934624090e-06,1.314191951569519559e-05,5.802440291815559981e+00,-9.711003419556869194e+06
9.174367709147887145e-06,1.315460725005745684e-05,5.781198073230850554e+00,-9.682715798188991845e+06
9.176558341361151894e-06,1.316724851825509068e-05,5.760017616288479303e+00,-9.654616134337078780e+06
9.178748973574414949e-06,1.317984345513528321e-05,5.738898510794467001e+00,-9.626703013248056173e+06
9.180939605787679698e-06,1.319239219465002362e-05,5.717840349640801456e+00,-9.598975032246820629e+06
9.183130238000942753e-06,1.320489486986282789e-05,5.696842728779054177e+00,-9.571430800658790395e+06
9.185320870214207502e-06,1.321735161295541853e-05,5.675905247194178216e+00,-9.544068939731698483e+06
9.187511502427470557e-06,1.322976255523434158e-05,5.655027506878482768e+00,-9.516888082556700334e+06
9.189702134640731918e-06,1.324212782713752095e-05,5.634209112805787179e+00,-9.489886873988859355e+06
9.191892766853996668e-06,1.325444755824078397e-05,5.613449672905672649e+00,-9.463063970566956326e+06
9.194083399067259723e-06,1.326672187726427007e-05,5.592748798038074121e+00,-9.436418040432989597e+06
9.196274031280524472e-06,1.327895091207884443e-05,5.572106101967888137e+00,-9.409947763250999153e+06
9.198464663493787527e-06,1.329113478971244067e-05,5.551521201339834732e+00,-9.383651830125616863e+06
9.200655295707050582e-06,1.330327363635632711e-05,5.530993715653486298e+00,-9.357528943520165980e+06
9.202845927920315331e-06,1.331536757737134098e-05,5.510523267238474965e+00,-9.331577817174511030e+06
9.205036560133578386e-06,1.332741673729406159e-05,5.490109481229878519e+00,-9.305797176022619009e+06
9.207227192346843135e-06,1.333942123984292758e-05,5.469751985543789274e+00,-9.280185756109876558e+06
9.209417824560106190e-06,1.335138120792429664e-05,5.449450410853066806e+00,-9.254742304510254413e+06
9.211608456773369245e-06,1.336329676363847632e-05,5.429204390563265648e+00,-9.229465579243298620e+06
9.213799088986632301e-06,1.337516802828564993e-05,5.409013560788763719e+00,-9.204354349191054702e+06
9.215989721199895356e-06,1.338699512237184470e-05,5.388877560328998229e+00,-9.179407394014816731e+06
9.218180353413160105e-06,1.339877816561471366e-05,5.368796030645037298e+00,-9.154623504072055221e+06
9.220370985626423160e-06,1.341051727694939027e-05,5.348768615836172025e+00,-9.130001480333095416e+06
9.222561617839686215e-06,1.342221257453422970e-05,5.328794962616779429e+00,-9.105540134297983721e+06
9.224752250052950964e-06,1.343386417575651095e-05,5.308874720293348837e+00,-9.081238287913376465e+06
9.226942882266214019e-06,1.344547219723808667e-05,5.289007540741677005e+00,-9.057094773489478976e+06
9.229133514479478768e-06,1.345703675484099720e-05,5.269193078384273754e+00,-9.033108433617159724e+06
9.231324146692741823e-06,1.346855796367301699e-05,5.249430990167911482e+00,-9.009278121085142717e+06
9.233514778906004879e-06,1.348003593809315693e-05,5.229720935541394056e+00,-8.985602698797442019e+06
9.235705411119267934e-06,1.349147079171712430e-05,5.210062576433492687e+00,-8.962081039690919220e+06
9.237896043332530989e-06,1.350286263742275395e-05,5.190455577230997264e+00,-8.938712026653027162e+06
9.240086675545795738e-06,1.351421158735532432e-05,5.170899604757105195e+00,-8.915494552439942956e+06
9.242277307759058793e-06,1.352551775293290213e-05,5.151394328249826238e+00,-8.892427519594766200e+06
9.244467939972323542e-06,1.353678124485160425e-05,5.131939419340650232e+00,-8.869509840366106480e+06
9.246658572185586597e-06,1.354800217309081366e-05,5.112534552033372925e+00,-8.846740436626913026e+06
9.248849204398849652e-06,1.355918064691835144e-05,5.093179402683102097e+00,-8.824118239793630317e+06
9.251039836612114401e-06,1.357031677489561323e-05,5.073873649975439548e+00,-8.801642190745677799e+06
9.253230468825377456e-06,1.358141066488264627e-05,5.054616974905838056e+00,-8.779311239745268598e+06
9.255421101038642206e-06,1.359246242404318423e-05,5.035409060759138633e+00,-8.757124346357584000e+06
9.257611733251903567e-06,1.360347215884963787e-05,5.016249593089287195e+00,-8.735080479371316731e+06
9.259802365465166622e-06,1.361443997508807395e-05,4.997138259699161367e+00,-8.713178616719551384e+06
9.261992997678431371e-06,1.362536597786307041e-05,4.978074750620707256e+00,-8.691417745401153341e+06
9.264183629891694426e-06,1.363625027160260711e-05,4.959058758095117980e+00,-8.669796861402455717e+06
9.266374262104959175e-06,1.364709296006288716e-05,4.940089976553231566e+00,-8.648314969619391486e+06
9.268564894318222230e-06,1.365789414633309557e-05,4.921168102596110039e+00,-8.626971083780070767e+06
9.270755526531485285e-06,1.366865393284014769e-05,4.902292834975766844e+00,-8.605764226367784664e+06
9.272946158744750034e-06,1.367937242135337332e-05,4.883463874576078112e+00,-8.584693428544452414e+06
9.275136790958013090e-06,1.369004971298916351e-05,4.864680924393850248e+00,-8.563757730074532330e+06
9.277327423171277839e-06,1.370068590821558522e-05,4.845943689520058939e+00,-8.542956179249370471e+06
9.279518055384540894e-06,1.371128110685694173e-05,4.827251877121251589e+00,-8.522287832812054083e+06
9.281708687597802255e-06,1.372183540809829920e-05,4.808605196421132710e+00,-8.501751755882734433e+06
9.283899319811067004e-06,1.373234891048999286e-05,4.790003358682231926e+00,-8.481347021884355694e+06
9.286089952024330059e-06,1.374282171195203839e-05,4.771446077187882828e+00,-8.461072712469028309e+06
9.288280584237594808e-06,1.375325390977856694e-05,4.752933067224225816e+00,-8.440927917444758117e+06
9.290471216450857863e-06,1.376364560064218063e-05,4.734464046062424991e+00,-8.420911734702721238e+06
9.292661848664120918e-06,1.377399688059828761e-05,4.716038732941047584e+00,-8.401023270145060495e+06
9.294852480877385668e-06,1.378430784508938471e-05,4.697656849048593486e+00,-8.381261637613157742e+06
9.297043113090648723e-06,1.379457858894931966e-05,4.679318117506173991e+00,-8.361625958816440776e+06
9.299233745303913472e-06,1.380480920640750087e-05,4.661022263350363737e+00,-8.342115363261718303e+06
9.301424377517176527e-06,1.381499979109307839e-05,4.642769013516188537e+00,-8.322728988182963803e+06
9.303615009730439582e-06,1.382515043603906388e-05,4.624558096820291730e+00,-8.303465978471733630e+06
9.305805641943702637e-06,1.383526123368648611e-05,4.606389243944178702e+00,-8.284325486607964151e+06
9.307996274156965692e-06,1.384533227588839240e-05,4.588262187417751825e+00,-8.265306672591454349e+06
9.310186906370230441e-06,1.385536365391392622e-05,4.570176661602857848e+00,-8.246408703873758204e+06
9.312377538583493496e-06,1.386535545845230146e-05,4.552132402677049328e+00,-8.227630755290636793e+06
9.314568170796758245e-06,1.387530777961676821e-05,4.534129148617484617e+00,-8.208972008995069191e+06
9.316758803010021301e-06,1.388522070694854137e-05,4.516166639184970855e+00,-8.190431654390746728e+06
9.318949435223284356e-06,1.389509432942068339e-05,4.498244615908147281e+00,-8.172008888066150248e+06
9.321140067436549105e-06,1.390492873544196337e-05,4.480362822067827544e+00,-8.153702913729110733e+06
9.323330699649812160e-06,1.391472401286067888e-05,4.462521002681469007e+00,-8.135512942141949199e+06
9.325521331863076909e-06,1.392448024896844387e-05,4.444718904487787725e+00,-8.117438191057100892e+06
9.327711964076338270e-06,1.393419753050393089e-05,4.426956275931535956e+00,-8.099477885153339244e+06
9.329902596289601325e-06,1.394387594365662682e-05,4.409232867148336510e+00,-8.081631255972404033e+06
9.332093228502866074e-06,1.395351557407047342e-05,4.391548429949802212e+00,-8.063897541856353171e+06
9.334283860716129129e-06,1.396311650684755020e-05,4.373902717808658025e+00,-8.046275987885278650e+06
9.336474492929393879e-06,1.397267882655169810e-05,4.356295485844052351e+00,-8.028765845815625973e+06
9.338665125142656934e-06,1.398220261721209727e-05,4.338726490807004232e+00,-8.011366374019023031e+06
9.340855757355919989e-06,1.399168796232683652e-05,4.321195491065979333e+00,-7.994076837421658449e+06
9.343046389569184738e-06,1.400113494486643868e-05,4.303702246592592040e+00,-7.976896507444159128e+06
9.345237021782447793e-06,1.401054364727735203e-05,4.286246518947448791e+00,-7.959824661942017265e+06
9.347427653995712542e-06,1.401991415148542314e-05,4.268828071266115742e+00,-7.942860585146522149e+06
9.349618286208973903e-06,1.402924653889931724e-05,4.251446668245227656e+00,-7.926003567606235854e+06
9.351808918422236958e-06,1.403854089041395710e-05,4.234102076128658965e+00,-7.909252906128928065e+06
9.353999550635501707e-06,1.404779728641385362e-05,4.216794062693955958e+00,-7.892607903724145144e+06
9.356190182848764762e-06,1.405701580677647870e-05,4.199522397238763638e+00,-7.876067869546180591e+06
9.358380815062029512e-06,1.406619653087557035e-05,4.182286850567434655e+00,-7.859632118837614544e+06
9.360571447275292567e-06,1.407533953758442087e-05,4.165087194977756369e+00,-7.843299972873353399e+06
9.362762079488557316e-06,1.408444490527913964e-05,4.147923204247796036e+00,-7.827070758905184455e+06
9.364952711701820371e-06,1.409351271184187016e-05,4.130794653622868573e+00,-7.810943810106822290e+06
9.367143343915083426e-06,1.410254303466400026e-05,4.113701319802625100e+00,-7.794918465519483201e+06
9.369333976128348175e-06,1.411153595064933173e-05,4.096642980928254296e+00,-7.778994069997936487e+06
9.371524608341609536e-06,1.412049153621720927e-05,4.079619416569824075e+00,-7.763169974157090299e+06
9.373715240554874285e-06,1.412940986730567650e-05,4.062630407713662350e+00,-7.747445534318985417e+06
9.375905872768137340e-06,1.413829101937451683e-05,4.045675736749997142e+00,-7.731820112460427918e+06
9.378096504981400395e-06,1.414713506740834345e-05,4.028755187460571818e+00,-7.716293076160991564e+06
9.380287137194665145e-06,1.415594208591962997e-05,4.011868545006440634e+00,-7.700863798551534303e+06
9.382477769407928200e-06,1.416471214895170897e-05,3.995015595915862416e+00,-7.685531658263245597e+06
9.384668401621192949e-06,1.417344533008177215e-05,3.978196128072307935e+00,-7.670296039377108216e+06
9.386859033834456004e-06,1.418214170242380616e-05,3.961409930702577853e+00,-7.655156331373892725e+06
9.389049666047719059e-06,1.419080133863153858e-05,3.944656794365026364e+00,-7.640111929084610194e+06
9.391240298260983808e-06,1.419942431090133309e-05,3.927936510937893200e+00,-7.625162232641416602e+06
9.393430930474246863e-06,1.420801069097506937e-05,3.911248873607748866e+00,-7.610306647429018281e+06
9.395621562687509918e-06,1.421656055014298743e-05,3.894593676858048692e+00,-7.595544584036542103e+06
9.397812194900772973e-06,1.422507395924655568e-05,3.877970716457735278e+00,-7.580875458209789358e+06
9.400002827114036028e-06,1.423355098868121699e-05,3.861379789450071431e+00,-7.566298690804114565e+06
9.402193459327300778e-06,1.424199170839920595e-05,3.844820694141446005e+00,-7.551813707737586461e+06
9.404384091540563833e-06,1.425039618791228985e-05,3.828293230090346722e+00,-7.537419939944698475e+06
9.406574723753828582e-06,1.425876449629451307e-05,3.811797198096423145e+00,-7.523116823330516927e+06
9.408765355967091637e-06,1.426709670218488385e-05,3.795332400189644240e+00,-7.508903798725247383e+06
9.410955988180356386e-06,1.427539287379007636e-05,3.778898639619563848e+00,-7.494780311839265749e+06
9.413146620393619441e-06,1.428365307888708360e-05,3.762495720844674096e+00,-7.480745813218589872e+06
9.415337252606882496e-06,1.429187738482584487e-05,3.746123449521861826e+00,-7.466799758200776763e+06
9.417527884820145551e-06,1.430006585853187329e-05,3.729781632495975607e+00,-7.452941606871266849e+06
9.419718517033408606e-06,1.430821856650885110e-05,3.713470077789416290e+00,-7.439170824020099826e+06
9.421909149246673356e-06,1.431633557484117585e-05,3.697188594591958477e+00,-7.425486879099181853e+06
9.424099781459936411e-06,1.432441694919652518e-05,3.680936993250533362e+00,-7.411889246179834008e+06
9.426290413673199466e-06,1.433246275482836920e-05,3.664715085259165672e+00,-7.398377403910852969e+06
9.428481045886464215e-06,1.434047305657848608e-05,3.648522683248993648e+00,-7.384950835476933047e+06
9.430671678099727270e-06,1.434844791887942867e-05,3.632359600978376069e+00,-7.371609028557547368e+06
9.432862310312992019e-06,1.435638740575699106e-05,3.616225653323094313e+00,-7.358351475286192261e+06
9.435052942526255074e-06,1.436429158083264123e-05,3.600120656266633024e+00,-7.345177672210074961e+06
9.437243574739518129e-06,1.437216050732594019e-05,3.584044426890562018e+00,-7.332087120250170119e+06
9.439434206952782878e-06,1.437999424805693910e-05,3.567996783364994151e+00,-7.319079324661700986e+06
9.441624839166044239e-06,1.438779286544853738e-05,3.551977544939145748e+00,-7.306153794995004311e+06
9.443815471379308989e-06,1.439555642152887813e-05,3.535986531931923249e+00,-7.293310045056763105e+06
9.446006103592572044e-06,1.440328497793361988e-05,3.520023565722712799e+00,-7.280547592871691100e+06
9.448196735805835099e-06,1.441097859590829983e-05,3.504088468742133866e+00,-7.267865960644531995e+06
9.450387368019099848e-06,1.441863733631060721e-05,3.488181064462935854e+00,-7.255264674722481519e+06
9.452578000232362903e-06,1.442626125961265514e-05,3.472301177390963556e+00,-7.242743265557962470e+06
9.454768632445627652e-06,1.443385042590323702e-05,3.456448633056205200e+00,-7.230301267671806738e+06
9.456959264658890707e-06,1.444140489489006105e-05,3.440623258003919105e+00,-7.217938219616769813e+06
9.459149896872155456e-06,1.444892472590196776e-05,3.424824879785842935e+00,-7.205653663941434585e+06
9.461340529085418512e-06,1.445640997789111198e-05,3.409053326951476226e+00,-7.193447147154494189e+06
9.463531161298679873e-06,1.446386070943515492e-05,3.393308429039460172e+00,-7.181318219689352438e+06
9.465721793511944622e-06,1.447127697873942415e-05,3.377590016568966291e+00,-7.169266435869114473e+06
9.467912425725207677e-06,1.447865884363902607e-05,3.361897921031288039e+00,-7.157291353871939704e+06
9.470103057938472426e-06,1.448600636160099569e-05,3.346231974881384907e+00,-7.145392535696722567e+06
9.472293690151735481e-06,1.449331958972637863e-05,3.330592011529562413e+00,-7.133569547129126266e+06
9.474484322364998536e-06,1.450059858475232839e-05,3.314977865333212037e+00,-7.121821957707968540e+06
9.476674954578263285e-06,1.450784340305416123e-05,3.299389371588628439e+00,-7.110149340691948310e+06
9.478865586791526340e-06,1.451505410064741618e-05,3.283826366522892837e+00,-7.098551273026698269e+06
9.481056219004791089e-06,1.452223073318987096e-05,3.268288687285836769e+00,-7.087027335312197916e+06
9.483246851218054145e-06,1.452937335598356638e-05,3.252776171942068473e+00,-7.075577111770484596e+06
9.485437483431315506e-06,1.453648202397679011e-05,3.237288659463087193e+00,-7.064200190213738009e+06
9.487628115644580255e-06,1.454355679176607739e-05,3.221825989719403704e+00,-7.052896162012618966e+06
9.489818747857843310e-06,1.455059771359814220e-05,3.206388003472853132e+00,-7.041664622065030970e+06
9.492009380071108059e-06,1.455760484337183736e-05,3.190974542368853584e+00,-7.030505168765107170e+06
9.494200012284371114e-06,1.456457823464008574e-05,3.175585448928790910e+00,-7.019417403972577304e+06
9.496390644497634169e-06,1.457151794061177931e-05,3.160220566542462972e+00,-7.008400932982403785e+06
9.498581276710898918e-06,1.457842401415367985e-05,3.144879739460586077e+00,-6.997455364494759589e+06
9.500771908924161973e-06,1.458529650779229944e-05,3.129562812787367143e+00,-6.986580310585312545e+06
9.502962541137426723e-06,1.459213547371575369e-05,3.114269632473142480e+00,-6.975775386675773188e+06
9.505153173350689778e-06,1.459894096377561848e-05,3.099000045307080509e+00,-6.965040211504811421e+06
9.507343805563954527e-06,1.460571302948874597e-05,3.083753898909944446e+00,-6.954374407099216245e+06
9.509534437777215888e-06,1.461245172203908746e-05,3.068531041726936248e+00,-6.943777598745372146e+06
9.511725069990478943e-06,1.461915709227949920e-05,3.053331323020535670e+00,-6.933249414961019531e+06
9.513915702203743692e-06,1.462582919073350429e-05,3.038154592863526293e+00,-6.922789487467336468e+06
9.516106334417006747e-06,1.463246806759707647e-05,3.023000702131958928e+00,-6.912397451161262579e+06
9.518296966630271496e-06,1.463907377274038673e-05,3.007869502498238479e+00,-6.902072944088136777e+06
9.520487598843534551e-06,1.464564635570953973e-05,2.992760846424256105e+00,-6.891815607414611615e+06
9.522678231056797606e-06,1.465218586572829667e-05,2.977674587154577779e+00,-6.881625085401821882e+06
9.524868863270062356e-06,1.465869235169978795e-05,2.962610578709700349e+00,-6.871501025378886610e+06
9.527059495483325411e-06,1.466516586220819037e-05,2.947568675879356004e+00,-6.861443077716619708e+06
9.529250127696590160e-06,1.467160644552042619e-05,2.932548734215875363e+00,-6.851450895801547915e+06
9.531440759909851521e-06,1.467801414958779966e-05,2.917550610027627389e+00,-6.841524136010197923e+06
9.533631392123114576e-06,1.468438902204768769e-05,2.902574160372443757e+00,-6.831662457683609799e+06
9.535822024336379325e-06,1.469073111022512039e-05,2.887619243051227969e+00,-6.821865523102193139e+06
9.538012656549642380e-06,1.469704046113444804e-05,2.872685716601492967e+00,-6.812132997460749932e+06
9.540203288762907129e-06,1.470331712148092505e-05,2.857773440291017764e+00,-6.802464548843815923e+06
9.542393920976170184e-06,1.470956113766229898e-05,2.842882274111542262e+00,-6.792859848201237619e+06
9.544584553189433239e-06,1.471577255577040978e-05,2.828012078772520699e+00,-6.783318569324006326e+06
9.546775185402697989e-06,1.472195142159273978e-05,2.813162715694918159e+00,-6.773840388820330612e+06
9.548965817615961044e-06,1.472809778061396554e-05,2.798334047005068381e+00,-6.764424986091969535e+06
9.551156449829225793e-06,1.473421167801750447e-05,2.783525935528581741e+00,-6.755072043310817331e+06
9.553347082042488848e-06,1.474029315868703275e-05,2.768738244784298086e+00,-6.745781245395691134e+06
9.555537714255750209e-06,1.474634226720800320e-05,2.753970838978309299e+00,-6.736552279989428818e+06
9.557728346469014958e-06,1.475235904786914282e-05,2.739223582997966755e+00,-6.727384837436126545e+06
9.559918978682278013e-06,1.475834354466393173e-05,2.724496342406064642e+00,-6.718278610758728348e+06
9.562109610895542762e-06,1.476429580129208549e-05,2.709788983434941567e+00,-6.709233295636748895e+06
9.564300243108805817e-06,1.477021586116101535e-05,2.695101372980703403e+00,-6.700248590384281240e+06
9.566490875322070567e-06,1.477610376738726143e-05,2.680433378597471883e+00,-6.691324195928213187e+06
9.568681507535333622e-06,1.478195956279795474e-05,2.665784868491686055e+00,-6.682459815786679275e+06
9.570872139748596677e-06,1.478778328993220629e-05,2.651155711516449021e+00,-6.673655156047724187e+06
9.573062771961861426e-06,1.479357499104255550e-05,2.636545777165921312e+00,-6.664909925348199904e+06
9.575253404175124481e-06,1.479933470809633563e-05,2.621954935569759559e+00,-6.656223834852885455e+06
9.577444036388387536e-06,1.480506248277706802e-05,2.607383057487616007e+00,-6.647596598233809695e+06
9.579634668601650591e-06,1.481075835648586134e-05,2.592830014303616259e+00,-6.639027931649772450e+06
9.581825300814913646e-06,1.481642237034273639e-05,2.578295678021009785e+00,-6.630517553726152517e+06
9.584015933028178395e-06,1.482205456518799322e-05,2.563779921256739147e+00,-6.622065185534831136e+06
9.586206565241441450e-06,1.482765498158355953e-05,2.549282617236113158e+00,-6.613670550574389286e+06
9.588397197454706200e-06,1.483322365981430029e-05,2.534803639787514662e+00,-6.605333374750480987e+06
9.590587829667969255e-06,1.483876063988934242e-05,2.520342863337146522e+00,-6.597053386356431991e+06
9.592778461881232310e-06,1.484426596154337756e-05,2.505900162903823780e+00,-6.588830316054012626e+06
9.594969094094497059e-06,1.484973966423795632e-05,2.491475414093806240e+00,-6.580663896854445338e+06
9.597159726307760114e-06,1.485518178716276054e-05,2.477068493095671009e+00,-6.572553864099580795e+06
9.599350358521023169e-06,1.486059236923688401e-05,2.462679276675238782e+00,-6.564499955443295650e+06
9.601540990734286224e-06,1.486597144911009113e-05,2.448307642170486353e+00,-6.556501910833041184e+06
9.603731622947549279e-06,1.487131906516405360e-05,2.433953467486606570e+00,-6.548559472491661087e+06
9.605922255160814028e-06,1.487663525551360233e-05,2.419616631091002112e+00,-6.540672384899318218e+06
9.608112887374077084e-06,1.488192005800794210e-05,2.405297012008367652e+00,-6.532840394775656052e+06
9.610303519587341833e-06,1.488717351023186786e-05,2.390994489815805757e+00,-6.525063251062145457e+06
9.612494151800604888e-06,1.489239564950697941e-05,2.376708944637978771e+00,-6.517340704904586077e+06
9.614684784013869637e-06,1.489758651289286726e-05,2.362440257142297551e+00,-6.509672509635835886e+06
9.616875416227132692e-06,1.490274613718829503e-05,2.348188308534151503e+00,-6.502058420758679509e+06
9.619066048440395747e-06,1.490787455893238195e-05,2.333952980552170597e+00,-6.494498195928904228e+06
9.621256680653660496e-06,1.491297181440575485e-05,2.319734155463529124e+00,-6.486991594938545488e+06
9.623447312866921857e-06,1.491803793963170174e-05,2.305531716059296965e+00,-6.479538379699296318e+06
9.625637945080186606e-06,1.492307297037733401e-05,2.291345545649765558e+00,-6.472138314226103015e+06
9.627828577293449661e-06,1.492807694215468924e-05,2.277175528059927512e+00,-6.464791164620947093e+06
9.630019209506712717e-06,1.493304989022187131e-05,2.263021547624879837e+00,-6.457496699056762271e+06
9.632209841719977466e-06,1.493799184958416340e-05,2.248883489185310669e+00,-6.450254687761555426e+06
9.634400473933240521e-06,1.494290285499512065e-05,2.234761238083019297e+00,-6.443064903002670035e+06
9.636591106146505270e-06,1.494778294095767134e-05,2.220654680156463723e+00,-6.435927119071229361e+06
9.638781738359768325e-06,1.495263214172520273e-05,2.206563701736343308e+00,-6.428841112266739830e+06
9.640972370573031380e-06,1.495745049130262160e-05,2.192488189641218721e+00,-6.421806660881854594e+06
9.643163002786296129e-06,1.496223802344742996e-05,2.178428031173159418e+00,-6.414823545187303796e+06
9.645353634999557490e-06,1.496699477167077535e-05,2.164383114113440421e+00,-6.407891547416976653e+06
9.647544267212822239e-06,1.497172076923849950e-05,2.150353326718209335e+00,-6.401010451753153466e+06
9.649734899426085295e-06,1.497641604917216831e-05,2.136338557714305697e+00,-6.394180044311930425e+06
9.651925531639348350e-06,1.498108064425010183e-05,2.122338696294993721e+00,-6.387400113128762692e+06
9.654116163852613099e-06,1.498571458700838226e-05,2.108353632115785192e+00,-6.380670448144152761e+06
9.656306796065876154e-06,1.499031790974188051e-05,2.094383255290279244e+00,-6.373990841189539060e+06
9.658497428279140903e-06,1.499489064450524387e-05,2.080427456386039875e+00,-6.367361085973283276e+06
9.660688060492403958e-06,1.499943282311388027e-05,2.066486126420495673e+00,-6.360780978066838346e+06
9.662878692705667013e-06,1.500394447714495097e-05,2.052559156856874623e+00,-6.354250314891046844e+06
9.665069324918931762e-06,1.500842563793833790e-05,2.038646439600168225e+00,-6.347768895702593029e+06
9.667259957132194817e-06,1.501287633659760419e-05,2.024747866993124479e+00,-6.341336521580601111e+06
9.669450589345457872e-06,1.501729660399094792e-05,2.010863331812281274e+00,-6.334952995413372293e+06
9.671641221558720928e-06,1.502168647075216435e-05,1.996992727263971146e+00,-6.328618121885247529e+06
9.673831853771985677e-06,1.502604596728155904e-05,1.983135946980470798e+00,-6.322331707463654689e+06
9.676022485985248732e-06,1.503037512374689140e-05,1.969292885016063366e+00,-6.316093560386248864e+06
9.678213118198511787e-06,1.503467397008428956e-05,1.955463435843184383e+00,-6.309903490648211911e+06
9.680403750411776536e-06,1.503894253599916848e-05,1.941647494348586633e+00,-6.303761309989681467e+06
9.682594382625039591e-06,1.504318085096712275e-05,1.927844955829532303e+00,-6.297666831883324310e+06
9.684785014838304340e-06,1.504738894423483294e-05,1.914055715990008233e+00,-6.291619871522026137e+06
9.686975647051567395e-06,1.505156684482094648e-05,1.900279670936973808e+00,-6.285620245806732215e+06
9.689166279264830450e-06,1.505571458151695518e-05,1.886516717176630831e+00,-6.279667773334416561e+06
9.691356911478093506e-06,1.505983218288806773e-05,1.872766751610732916e+00,-6.273762274386161007e+06
9.693547543691356561e-06,1.506391967727408208e-05,1.859029671532864025e+00,-6.267903570915373042e+06
9.695738175904621310e-06,1.506797709279021387e-05,1.845305374624855554e+00,-6.262091486536162905e+06
9.697928808117884365e-06,1.507200445732797056e-05,1.831593758953115936e+00,-6.256325846511796117e+06
9.700119440331147420e-06,1.507600179855597476e-05,1.817894722965040399e+00,-6.250606477743289433e+06
9.702310072544412169e-06,1.507996914392080106e-05,1.804208165485438942e+00,-6.244933208758156747e+06
9.704500704757675224e-06,1.508390652064779264e-05,1.790533985712981835e+00,-6.239305869699238800e+06
9.706691336970939973e-06,1.508781395574188281e-05,1.776872083216675113e+00,-6.233724292313670740e+06
9.708881969184203028e-06,1.509169147598840143e-05,1.763222357932357376e+00,-6.228188309941981919e+06
9.711072601397466083e-06,1.509553910795386944e-05,1.749584710159222345e+00,-6.222697757507287897e+06
9.713263233610729139e-06,1.509935687798679505e-05,1.735959040556372956e+00,-6.217252471504637040e+06
9.715453865823992194e-06,1.510314481221846653e-05,1.722345250139346140e+00,-6.211852289990422316e+06
9.717644498037256943e-06,1.510690293656370784e-05,1.708743240276770381e+00,-6.206497052571971901e+06
9.719835130250519998e-06,1.511063127672167309e-05,1.695152912686936242e+00,-6.201186600397203118e+06
9.722025762463783053e-06,1.511432985817658685e-05,1.681574169434440602e+00,-6.195920776144412346e+06
9.724216394677047802e-06,1.511799870619851837e-05,1.668006912926848440e+00,-6.190699424012178555e+06
9.726407026890310857e-06,1.512163784584411677e-05,1.654451045911373042e+00,-6.185522389709370211e+06
9.728597659103575606e-06,1.512524730195735306e-05,1.640906471471576200e+00,-6.180389520445267670e+06
9.730788291316838661e-06,1.512882709917026044e-05,1.627373093024094386e+00,-6.175300664919801056e+06
9.732978923530103411e-06,1.513237726190364752e-05,1.613850814315382243e+00,-6.170255673313876614e+06
9.735169555743366466e-06,1.513589781436783519e-05,1.600339539418480506e+00,-6.165254397279836237e+06
9.737360187956627827e-06,1.513938878056334617e-05,1.586839172729811676e+00,-6.160296689932013862e+06
9.739550820169892576e-06,1.514285018428163848e-05,1.573349618965946384e+00,-6.155382405837376602e+06
9.741741452383155631e-06,1.514628204910577466e-05,1.559870783160494767e+00,-6.150511401006313972e+06
9.743932084596420380e-06,1.514968439841112473e-05,1.546402570660912357e+00,-6.145683532883489504e+06
9.746122716809683435e-06,1.515305725536605744e-05,1.532944887125377909e+00,-6.140898660338821821e+06
9.748313349022946490e-06,1.515640064293260430e-05,1.519497638519681226e+00,-6.136156643658549525e+06
9.750503981236211239e-06,1.515971458386714400e-05,1.506060731114130524e+00,-6.131457344536408782e+06
9.752694613449474294e-06,1.516299910072104955e-05,1.492634071480478664e+00,-6.126800626064917073e+06
9.754885245662739044e-06,1.516625421584136587e-05,1.479217566488867597e+00,-6.122186352726728655e+06
9.757075877876002099e-06,1.516947995137143496e-05,1.465811123304793684e+00,-6.117614390386126004e+06
9.759266510089263460e-06,1.517267632925156330e-05,1.452414649386100098e+00,-6.113084606280578300e+06
9.761457142302528209e-06,1.517584337121965039e-05,1.439028052479935482e+00,-6.108596869012398645e+06
9.763647774515791264e-06,1.517898109881180877e-05,1.425651240619836724e+00,-6.104151048540532589e+06
9.765838406729056013e-06,1.518208953336300266e-05,1.412284122122724472e+00,-6.099747016172394156e+06
9.768029038942319068e-06,1.518516869600766125e-05,1.398926605585967486e+00,-6.095384644555828534e+06
9.770219671155582123e-06,1.518821860768028685e-05,1.385578599884454976e+00,-6.091063807671144605e+06
9.772410303368846872e-06,1.519123928911606134e-05,1.372240014167686928e+00,-6.086784380823263898e+06
9.774600935582109928e-06,1.519423076085144252e-05,1.358910757856881091e+00,-6.082546240633943118e+06
9.776791567795374677e-06,1.519719304322476550e-05,1.345590740642095273e+00,-6.078349265034100972e+06
9.778982200008637732e-06,1.520012615637681359e-05,1.332279872479369409e+00,-6.074193333256222308e+06
9.781172832221902481e-06,1.520303012025140950e-05,1.318978063587881611e+00,-6.070078325826854445e+06
9.783363464435163842e-06,1.520590495459597952e-05,1.305685224447133086e+00,-6.066004124559208751e+06
9.785554096648426897e-06,1.520875067896214133e-05,1.292401265794092868e+00,-6.061970612545825541e+06
9.787744728861691646e-06,1.521156731270623085e-05,1.279126098620469332e+00,-6.057977674151337706e+06
9.789935361074954701e-06,1.521435487498988502e-05,1.265859634169888226e+00,-6.054025195005336776e+06
9.792125993288219450e-06,1.521711338478058217e-05,1.252601783935139323e+00,-6.050113061995279044e+06
9.794316625501482505e-06,1.521984286085218248e-05,1.239352459655429506e+00,-6.046241163259538822e+06
9.796507257714745561e-06,1.522254332178546834e-05,1.226111573313649172e+00,-6.042409388180493377e+06
9.798697889928010310e-06,1.522521478596866782e-05,1.212879037133654414e+00,-6.038617627377722412e+06
9.800888522141273365e-06,1.522785727159799175e-05,1.199654763577565175e+00,-6.034865772701270878e+06
9.803079154354538114e-06,1.523047079667814692e-05,1.186438665343076293e+00,-6.031153717225003988e+06
9.805269786567799475e-06,1.523305537902283932e-05,1.173230655360794739e+00,-6.027481355240061879e+06
9.807460418781062530e-06,1.523561103625529921e-05,1.160030646791537112e+00,-6.023848582248345017e+06
9.809651050994327279e-06,1.523813778580877587e-05,1.146838553023749041e+00,-6.020255294956143945e+06
9.811841683207590334e-06,1.524063564492702033e-05,1.133654287670830207e+00,-6.016701391267794184e+06
9.814032315420855083e-06,1.524310463066479537e-05,1.120477764568528212e+00,-6.013186770279441960e+06
9.816222947634118139e-06,1.524554475988835145e-05,1.107308897772333323e+00,-6.009711332272875123e+06
9.818413579847381194e-06,1.524795604927589608e-05,1.094147601554890104e+00,-6.006274978709442541e+06
9.820604212060645943e-06,1.525033851531808329e-05,1.080993790403417032e+00,-6.002877612224036828e+06
9.822794844273908998e-06,1.525269217431847113e-05,1.067847379017144327e+00,-5.999519136619164608e+06
9.824985476487173747e-06,1.525501704239398069e-05,1.054708282304762212e+00,-5.996199456859088503e+06
9.827176108700435108e-06,1.525731313547536031e-05,1.041576415381892495e+00,-5.992918479064048268e+06
9.829366740913698163e-06,1.525958046930763449e-05,1.028451693568519953e+00,-5.989676110504545271e+06
9.831557373126962912e-06,1.526181905945053760e-05,1.015334032386543184e+00,-5.986472259595718235e+06
9.833748005340225967e-06,1.526402892127897123e-05,1.002223347557229749e+00,-5.983306835891787894e+06
9.835938637553490716e-06,1.526621006998343113e-05,9.891195549987383817e-01,-5.980179750080558471e+06
9.838129269766753772e-06,1.526836252057042057e-05,9.760225708236410780e-01,-5.977090913978021592e+06
9.840319901980018521e-06,1.527048628786290091e-05,9.629323113364578468e-01,-5.974040240523003973e+06
9.842510534193281576e-06,1.527258138650069486e-05,9.498486930312024512e-01,-5.971027643771897070e+06
9.844701166406544631e-06,1.527464783094088283e-05,9.367716325889408058e-01,-5.968053038893471472e+06
9.846891798619809380e-06,1.527668563545824681e-05,9.237010468753583670e-01,-5.965116342163741589e+06
9.849082430833072435e-06,1.527869481414564305e-05,9.106368529383415122e-01,-5.962217470960909501e+06
9.851273063046335490e-06,1.528067538091440862e-05,8.975789680055779041e-01,-5.959356343760380521e+06
9.853463695259598545e-06,1.528262734949475111e-05,8.845273094821168858e-01,-5.956532880129839294e+06
9.855654327472861600e-06,1.528455073343613818e-05,8.714817949480452297e-01,-5.953747000724408776e+06
9.857844959686126350e-06,1.528644554610766691e-05,8.584423421560676282e-01,-5.950998627281864174e+06
9.860035591899389405e-06,1.528831180069846024e-05,8.454088690291512442e-01,-5.948287682617924176e+06
9.862226224112654154e-06,1.529014951021801587e-05,8.323812936581690414e-01,-5.945614090621587820e+06
9.864416856325917209e-06,1.529195868749658581e-05,8.193595342995538822e-01,-5.942977776250582188e+06
9.866607488539180264e-06,1.529373934518551853e-05,8.063435093729620640e-01,-5.940378665526830591e+06
9.868798120752445013e-06,1.529549149575764862e-05,7.933331374589470686e-01,-5.937816685532005504e+06
9.870988752965708068e-06,1.529721515150760171e-05,7.803283372966429710e-01,-5.935291764403159730e+06
9.873179385178971123e-06,1.529891032455218071e-05,7.673290277814674987e-01,-5.932803831328392029e+06
9.875370017392234178e-06,1.530057702683067756e-05,7.543351279627826811e-01,-5.930352816542614251e+06
9.877560649605497233e-06,1.530221527010521877e-05,7.413465570416684081e-01,-5.927938651323341765e+06
9.879751281818761983e-06,1.530382506596109408e-05,7.283632343686018418e-01,-5.925561267986588180e+06
9.881941914032025038e-06,1.530540642580708851e-05,7.153850794411972247e-01,-5.923220599882799201e+06
9.884132546245289787e-06,1.530695936087578390e-05,7.024120119019439112e-01,-5.920916581392850727e+06
9.886323178458552842e-06,1.530848388222388757e-05,6.894439515359535031e-01,-5.918649147924109362e+06
9.888513810671817591e-06,1.530998000073255076e-05,6.764808182687154225e-01,-5.916418235906577669e+06
9.890704442885080646e-06,1.531144772710764314e-05,6.635225321638617002e-01,-5.914223782789065503e+06
9.892895075098343701e-06,1.531288707188009494e-05,6.505690134209375364e-01,-5.912065727035441436e+06
9.895085707311608450e-06,1.531429804540614771e-05,6.376201823731831864e-01,-5.909944008120955899e+06
9.897276339524869811e-06,1.531568065786768296e-05,6.246759594853326103e-01,-5.907858566528602503e+06
9.899466971738134561e-06,1.531703491927248985e-05,6.117362653513671589e-01,-5.905809343745554797e+06
9.901657603951397616e-06,1.531836083945453957e-05,5.988010206923832790e-01,-5.903796282259656116e+06
9.903848236164660671e-06,1.531965842807426998e-05,5.858701463543621868e-01,-5.901819325555969030e+06
9.906038868377925420e-06,1.532092769461886685e-05,5.729435633059989375e-01,-5.899878418113402091e+06
9.908229500591188475e-06,1.532216864840251112e-05,5.600211926365298298e-01,-5.897973505401357077e+06
9.910420132804453224e-06,1.532338129856665343e-05,5.471029555535652511e-01,-5.896104533876478672e+06
9.912610765017716279e-06,1.532456565408026476e-05,5.341887733809315142e-01,-5.894271450979421847e+06
9.914801397230979334e-06,1.532572172374008720e-05,5.212785675565178023e-01,-5.892474205131719820e+06
9.916992029444244083e-06,1.532684951617089482e-05,5.083722596301314400e-01,-5.890712745732665062e+06
9.919182661657505444e-06,1.532794903982571730e-05,4.954697712613695959e-01,-5.888987023156289943e+06
9.921373293870770194e-06,1.532902030298609401e-05,4.825710242174449660e-01,-5.887296988748364151e+06
9.923563926084033249e-06,1.533006331376229428e-05,4.696759403711239234e-01,-5.885642594823480584e+06
9.925754558297296304e-06,1.533107808009356808e-05,4.567844416985649136e-01,-5.884023794662191533e+06
9.927945190510561053e-06,1.533206460974833240e-05,4.438964502772158593e-01,-5.882440542508183978e+06
9.930135822723824108e-06,1.533302291032443213e-05,4.310118882837077892e-01,-5.880892793565527536e+06
9.932326454937088857e-06,1.533395298924932637e-05,4.181306779917536853e-01,-5.879380503995968960e+06
9.934517087150351912e-06,1.533485485378031549e-05,4.052527417700532153e-01,-5.877903630916300230e+06
9.936707719363616661e-06,1.533572851100473424e-05,3.923780020802038471e-01,-5.876462132395748049e+06
9.938898351576879716e-06,1.533657396784016854e-05,3.795063814746169051e-01,-5.875055967453451827e+06
9.941088983790141077e-06,1.533739123103462836e-05,3.666378025944500019e-01,-5.873685096055979840e+06
9.943279616003405827e-06,1.533818030716676786e-05,3.537721881674926183e-01,-5.872349479114895687e+06
9.945470248216668882e-06,1.533894120264605148e-05,3.409094610061610964e-01,-5.871049078484395519e+06
9.947660880429933631e-06,1.533967392371294702e-05,3.280495440053942668e-01,-5.869783856958983466e+06
9.949851512643196686e-06,1.534037847643910524e-05,3.151923601406067532e-01,-5.868553778271206655e+06
9.952042144856459741e-06,1.534105486672752245e-05,3.023378324656360583e-01,-5.867358807089439593e+06
9.954232777069724490e-06,1.534170310031272692e-05,2.894858841106955349e-01,-5.866198909015743062e+06
9.956423409282987545e-06,1.534232318276092789e-05,2.766364382803309652e-01,-5.865074050583731383e+06
9.958614041496252294e-06,1.534291511947018840e-05,2.637894182513821351e-01,-5.863984199256545864e+06
9.960804673709515350e-06,1.534347891567057777e-05,2.509447473709488508e-01,-5.862929323424834758e+06
9.962995305922778405e-06,1.534401457642431724e-05,2.381023490543613952e-01,-5.861909392404819839e+06
9.965185938136041460e-06,1.534452210662593590e-05,2.252621467831653068e-01,-5.860924376436394639e+06
9.967376570349304515e-06,1.534500151100240951e-05,2.124240641030580024e-01,-5.859974246681273915e+06
9.969567202562569264e-06,1.534545279411329271e-05,1.995880246219343124e-01,-5.859058975221216679e+06
9.971757834775832319e-06,1.534587596035087148e-05,1.867539520078311810e-01,-5.858178535056278110e+06
9.973948466989095374e-06,1.534627101394027150e-05,1.739217699869281542e-01,-5.857332900103118271e+06
9.976139099202360123e-06,1.534663795893959035e-05,1.610914023415413177e-01,-5.856522045193367638e+06
9.978329731415623178e-06,1.534697679924002626e-05,1.482627729081207046e-01,-5.855745946072047576e+06
9.980520363628887927e-06,1.534728753856598986e-05,1.354358055752510059e-01,-5.855004579396010377e+06
9.982710995842150983e-06,1.534757018047521265e-05,1.226104242816557222e-01,-5.854297922732495703e+06
9.984901628055414038e-06,1.534782472835885542e-05,1.097865530142045215e-01,-5.853625954557656310e+06
9.987092260268677093e-06,1.534805118544160985e-05,9.696411580593403134e-02,-5.852988654255194589e+06
9.989282892481940148e-06,1.534824955478181040e-05,8.414303673401939132e-02,-5.852386002115027979e+06
9.991473524695204897e-06,1.534841983927150874e-05,7.132323991785334549e-02,-5.851817979332000017e+06
9.993664156908467952e-06,1.534856204163658226e-05,5.850464951702323557e-02,-5.851284568004651926e+06
9.995854789121732701e-06,1.534867616443680858e-05,4.568718972934326938e-02,-5.850785751134034246e+06
9.998045421334995756e-06,1.534876221006595024e-05,3.287078478887842797e-02,-5.850321512622583658e+06
1.000023605354825881e-05,1.534882018075183602e-05,2.005535896397131132e-02,-5.849891837273022160e+06
1.000242668576152356e-05,1.534885007855642534e-05,7.240836555271012824e-03,-5.849496710787340067e+06
1.000461731797478662e-05,1.534885190537588277e-05,-5.572858106235766690e-03,-5.849136119765795767e+06
1.000680795018805136e-05,1.534882566294064579e-05,-1.838580066119146345e-02,-5.848810051705994643e+06
1.000899858240131442e-05,1.534877135281547563e-05,-3.119806672383245230e-02,-5.848518495001981966e+06
1.001118921461457578e-05,1.534868897639951826e-05,-4.400973188394137481e-02,-5.848261438943432644e+06
1.001337984682784053e-05,1.534857853492635859e-05,-5.682087170885007088e-02,-5.848038873714836314e+06
1.001557047904110359e-05,1.534844002946405433e-05,-6.963156174533635667e-02,-5.847850790394772775e+06
1.001776111125436833e-05,1.534827346091520718e-05,-8.244187752162354665e-02,-5.847697180955212563e+06
1.001995174346763139e-05,1.534807883001696282e-05,-9.525189454932642130e-02,-5.847578038260882720e+06
1.002214237568089444e-05,1.534785613734107864e-05,-1.080616883254064131e-01,-5.847493356068669818e+06
1.002433300789415919e-05,1.534760538329393395e-05,-1.208713343341252106e-01,-5.847443129027063958e+06
1.002652364010742225e-05,1.534732656811656383e-05,-1.336809080489974877e-01,-5.847427352675675415e+06
1.002871427232068700e-05,1.534701969188467609e-05,-1.464904849347425098e-01,-5.847446023444784805e+06
1.003090490453395005e-05,1.534668475450867836e-05,-1.593001404492347117e-01,-5.847499138654933311e+06
1.003309553674721141e-05,1.534632175573367470e-05,-1.721099500454432996e-01,-5.847586696516578086e+06
1.003528616896047616e-05,1.534593069513948596e-05,-1.849199891734229773e-01,-5.847708696129786782e+06
1.003747680117373922e-05,1.534551157214065313e-05,-1.977303332821998272e-01,-5.847865137483978644e+06
1.003966743338700397e-05,1.534506438598643734e-05,-2.105410578217611073e-01,-5.848056021457720548e+06
1.004185806560026702e-05,1.534458913576080636e-05,-2.233522382449924237e-01,-5.848281349818564951e+06
1.004404869781353008e-05,1.534408582038243791e-05,-2.361639500096250066e-01,-5.848541125222936273e+06
1.004623933002679483e-05,1.534355443860470279e-05,-2.489762685801830688e-01,-5.848835351216073148e+06
1.004842996224005788e-05,1.534299498901565129e-05,-2.617892694299304712e-01,-5.849164032232001424e+06
1.005062059445332263e-05,1.534240747003797931e-05,-2.746030280428181647e-01,-5.849527173593578860e+06
1.005281122666658569e-05,1.534179187992901482e-05,-2.874176199154307443e-01,-5.849924781512560323e+06
1.005500185887984874e-05,1.534114821678069413e-05,-3.002331205589241492e-01,-5.850356863089739345e+06
1.005719249109311180e-05,1.534047647851950090e-05,-3.130496055010145162e-01,-5.850823426315112039e+06
1.005938312330637485e-05,1.533977666290646280e-05,-3.258671502878642823e-01,-5.851324480068104342e+06
1.006157375551963960e-05,1.533904876753708029e-05,-3.386858304860719260e-01,-5.851860034117846750e+06
1.006376438773290266e-05,1.533829278984129955e-05,-3.515057216846116384e-01,-5.852430099123477936e+06
1.006595501994616740e-05,1.533750872708344472e-05,-3.643268994967829855e-01,-5.853034686634534039e+06
1.006814565215943046e-05,1.533669657636217723e-05,-3.771494395621616813e-01,-5.853673809091336094e+06
1.007033628437269351e-05,1.533585633461042127e-05,-3.899734175485519705e-01,-5.854347479825475253e+06
1.007252691658595826e-05,1.533498799859531975e-05,-4.027989091539393440e-01,-5.855055713060299866e+06
1.007471754879922132e-05,1.533409156491814281e-05,-4.156259901084446429e-01,-5.855798523911496624e+06
1.007690818101248607e-05,1.533316703001423359e-05,-4.284547361762796602e-01,-5.856575928387669846e+06
1.007909881322574743e-05,1.533221439015292357e-05,-4.412852231576932516e-01,-5.857387943391014822e+06
1.008128944543901048e-05,1.533123364143745124e-05,-4.541175268909715124e-01,-5.858234586718004197e+06
1.008348007765227523e-05,1.533022477980487737e-05,-4.669517232543348717e-01,-5.859115877060142346e+06
1.008567070986553829e-05,1.532918780102599695e-05,-4.797878881679414897e-01,-5.860031834004765376e+06
1.008786134207880304e-05,1.532812270070524091e-05,-4.926260975958400290e-01,-5.860982478035870008e+06
1.009005197429206609e-05,1.532702947428059146e-05,-5.054664275479352487e-01,-5.861967830535024405e+06
1.009224260650532915e-05,1.532590811702345666e-05,-5.183089540819549867e-01,-5.862987913782285526e+06
1.009443323871859390e-05,1.532475862403857901e-05,-5.311537533054195848e-01,-5.864042750957221724e+06
1.009662387093185695e-05,1.532358099026393037e-05,-5.440009013776130331e-01,-5.865132366139902733e+06
1.009881450314512170e-05,1.532237521047056969e-05,-5.568504745115577803e-01,-5.866256784312022850e+06
1.010100513535838306e-05,1.532114127926255826e-05,-5.697025489759799388e-01,-5.867416031358011067e+06
1.010319576757164612e-05,1.531987919107681071e-05,-5.825572010973300019e-01,-5.868610134066220373e+06
1.010538639978491087e-05,1.531858894018296618e-05,-5.954145072617018641e-01,-5.869839120130149648e+06
1.010757703199817392e-05,1.531727052068327318e-05,-6.082745439168586454e-01,-5.871103018149734475e+06
1.010976766421143867e-05,1.531592392651244048e-05,-6.211373875742094430e-01,-5.872401857632649131e+06
1.011195829642470173e-05,1.531454915143749143e-05,-6.340031148107991843e-01,-5.873735668995704502e+06
1.011414892863796647e-05,1.531314618905762505e-05,-6.468718022713021432e-01,-5.875104483566257171e+06
1.011633956085122953e-05,1.531171503280407035e-05,-6.597435266700175660e-01,-5.876508333583681844e+06
1.011853019306449259e-05,1.531025567593992368e-05,-6.726183647928706266e-01,-5.877947252200898714e+06
1.012072082527775733e-05,1.530876811155997932e-05,-6.854963934994132702e-01,-5.879421273485928774e+06
1.012291145749101870e-05,1.530725233259059399e-05,-6.983776897248218374e-01,-5.880930432423522696e+06
1.012510208970428344e-05,1.530570833178949706e-05,-7.112623304819486458e-01,-5.882474764916827902e+06
1.012729272191754650e-05,1.530413610174562121e-05,-7.241503928632723186e-01,-5.884054307789097540e+06
1.012948335413080955e-05,1.530253563487893296e-05,-7.370419540429575811e-01,-5.885669098785455339e+06
1.013167398634407430e-05,1.530090692344024297e-05,-7.499370912788662080e-01,-5.887319176574721932e+06
1.013386461855733736e-05,1.529924995951102986e-05,-7.628358819145827363e-01,-5.889004580751261674e+06
1.013605525077060211e-05,1.529756473500324028e-05,-7.757384033814436197e-01,-5.890725351836910471e+06
1.013824588298386516e-05,1.529585124165910599e-05,-7.886447332005716016e-01,-5.892481531282931566e+06
1.014043651519712822e-05,1.529410947105092698e-05,-8.015549489849140841e-01,-5.894273161472030915e+06
1.014262714741039297e-05,1.529233941458089534e-05,-8.144691284412851617e-01,-5.896100285720420070e+06
1.014481777962365602e-05,1.529054106348085802e-05,-8.273873493724130945e-01,-5.897962948279929347e+06
1.014700841183691908e-05,1.528871440881212376e-05,-8.403096896789821191e-01,-5.899861194340168498e+06
1.014919904405018213e-05,1.528685944146523608e-05,-8.532362273617307702e-01,-5.901795070030746982e+06
1.015138967626344519e-05,1.528497615215975981e-05,-8.661670405234510595e-01,-5.903764622423528694e+06
1.015358030847670994e-05,1.528306453144405409e-05,-8.791022073710965667e-01,-5.905769899534959346e+06
1.015577094068997299e-05,1.528112456969503519e-05,-8.920418062178441243e-01,-5.907810950328412466e+06
1.015796157290323774e-05,1.527915625711794278e-05,-9.049859154851706000e-01,-5.909887824716633186e+06
1.016015220511650080e-05,1.527715958374610946e-05,-9.179346137049355647e-01,-5.912000573564182967e+06
1.016234283732976555e-05,1.527513453944071009e-05,-9.308879795214687336e-01,-5.914149248689961620e+06
1.016453346954302860e-05,1.527308111389051446e-05,-9.438460916936637357e-01,-5.916333902869793586e+06
1.016672410175629166e-05,1.527099929661162298e-05,-9.568090290970772127e-01,-5.918554589839032851e+06
1.016891473396955471e-05,1.526888907694723632e-05,-9.697768707260230325e-01,-5.920811364295241423e+06
1.017110536618281777e-05,1.526675044406735723e-05,-9.827496956957255669e-01,-5.923104281900918111e+06
1.017329599839608251e-05,1.526458338696855678e-05,-9.957275832443727159e-01,-5.925433399286277592e+06
1.017548663060934557e-05,1.526238789447367957e-05,-1.008710612735281398e+00,-5.927798774052071385e+06
1.017767726282260862e-05,1.526016395523157609e-05,-1.021698863659016743e+00,-5.930200464772482403e+06
1.017986789503587337e-05,1.525791155771682488e-05,-1.034692415635526608e+00,-5.932638530998052098e+06
1.018205852724913643e-05,1.525563069022943776e-05,-1.047691348416284862e+00,-5.935113033258670010e+06
1.018424915946240118e-05,1.525332134089457526e-05,-1.060695741886439336e+00,-5.937624033066621050e+06
1.018643979167566423e-05,1.525098349766225687e-05,-1.073705676066967651e+00,-5.940171592919661663e+06
1.018863042388892729e-05,1.524861714830704770e-05,-1.086721231116839270e+00,-5.942755776304196566e+06
1.019082105610219204e-05,1.524622228042776197e-05,-1.099742487335184649e+00,-5.945376647698462009e+06
1.019301168831545340e-05,1.524379888144715814e-05,-1.112769525163461060e+00,-5.948034272575776093e+06
1.019520232052871815e-05,1.524134693861160680e-05,-1.125802425187678590e+00,-5.950728717407864518e+06
1.019739295274198120e-05,1.523886643899079765e-05,-1.138841268140527330e+00,-5.953460049668218940e+06
1.019958358495524426e-05,1.523635736947739558e-05,-1.151886134903618020e+00,-5.956228337835503742e+06
1.020177421716850901e-05,1.523381971678671541e-05,-1.164937106509676967e+00,-5.959033651397050358e+06
1.020396484938177206e-05,1.523125346745640173e-05,-1.177994264144759606e+00,-5.961876060852367431e+06
1.020615548159503681e-05,1.522865860784606804e-05,-1.191057689150471832e+00,-5.964755637716736645e+06
1.020834611380829987e-05,1.522603512413697490e-05,-1.204127463026199329e+00,-5.967672454524846748e+06
1.021053674602156462e-05,1.522338300233166906e-05,-1.217203667431344227e+00,-5.970626584834488109e+06
1.021272737823482767e-05,1.522070222825363454e-05,-1.230286384187571080e+00,-5.973618103230299428e+06
1.021491801044808903e-05,1.521799278754693851e-05,-1.243375695281049298e+00,-5.976647085327590816e+06
1.021710864266135378e-05,1.521525466567585184e-05,-1.256471682864757744e+00,-5.979713607776195742e+06
1.021929927487461684e-05,1.521248784792450862e-05,-1.269574429260692527e+00,-5.982817748264378868e+06
1.022148990708788159e-05,1.520969231939651139e-05,-1.282684016962186924e+00,-5.985959585522843525e+06
1.022368053930114464e-05,1.520686806501456190e-05,-1.295800528636190219e+00,-5.989139199328741990e+06
1.022587117151440770e-05,1.520401506952007480e-05,-1.308924047125563428e+00,-5.992356670509777032e+06
1.022806180372767244e-05,1.520113331747279312e-05,-1.322054655451386784e+00,-5.995612080948350951e+06
1.023025243594093550e-05,1.519822279325039693e-05,-1.335192436815272998e+00,-5.998905513585774228e+06
1.023244306815420025e-05,1.519528348104809339e-05,-1.348337474601692731e+00,-6.002237052426526323e+06
1.023463370036746330e-05,1.519231536487823387e-05,-1.361489852380308063e+00,-6.005606782542596571e+06
1.023682433258072466e-05,1.518931842856988877e-05,-1.374649653908304625e+00,-6.009014790077843703e+06
1.023901496479398941e-05,1.518629265576843243e-05,-1.387816963132788350e+00,-6.012461162252467126e+06
1.024120559700725247e-05,1.518323802993514846e-05,-1.400991864193083192e+00,-6.015945987367484719e+06
1.024339622922051722e-05,1.518015453434677230e-05,-1.414174441423146744e+00,-6.019469354809308425e+06
1.024558686143378027e-05,1.517704215209509314e-05,-1.427364779353942570e+00,-6.023031355054371059e+06
1.024777749364704333e-05,1.517390086608649653e-05,-1.440562962715833173e+00,-6.026632079673795030e+06
1.024996812586030808e-05,1.517073065904154084e-05,-1.453769076440982966e+00,-6.030271621338144876e+06
1.025215875807357113e-05,1.516753151349450155e-05,-1.466983205665771894e+00,-6.033950073822235689e+06
1.025434939028683588e-05,1.516430341179292745e-05,-1.480205435733220165e+00,-6.037667532009994611e+06
1.025654002250009894e-05,1.516104633609718320e-05,-1.493435852195422964e+00,-6.041424091899388470e+06
1.025873065471336369e-05,1.515776026837998854e-05,-1.506674540815996277e+00,-6.045219850607407279e+06
1.026092128692662505e-05,1.515444519042595925e-05,-1.519921587572523825e+00,-6.049054906375132501e+06
1.026311191913988810e-05,1.515110108383111412e-05,-1.533177078659067050e+00,-6.052929358572845347e+06
1.026530255135315285e-05,1.514772793000242773e-05,-1.546441100488581188e+00,-6.056843307705192827e+06
1.026749318356641591e-05,1.514432571015732905e-05,-1.559713739695446799e+00,-6.060796855416445062e+06
1.026968381577968066e-05,1.514089440532321177e-05,-1.572995083137964212e+00,-6.064790104495785199e+06
1.027187444799294371e-05,1.513743399633696176e-05,-1.586285217900865296e+00,-6.068823158882695250e+06
1.027406508020620677e-05,1.513394446384442842e-05,-1.599584231297839887e+00,-6.072896123672374524e+06
1.027625571241947151e-05,1.513042578829994703e-05,-1.612892210874073973e+00,-6.077009105121246539e+06
1.027844634463273457e-05,1.512687794996581017e-05,-1.626209244408798771e+00,-6.081162210652509704e+06
1.028063697684599932e-05,1.512330092891176626e-05,-1.639535419917854009e+00,-6.085355548861782067e+06
1.028282760905926068e-05,1.511969470501448936e-05,-1.652870825656250320e+00,-6.089589229522781447e+06
1.028501824127252373e-05,1.511605925795704718e-05,-1.666215550120801137e+00,-6.093863363593099639e+06
1.028720887348578848e-05,1.511239456722838954e-05,-1.679569682052655777e+00,-6.098178063220012002e+06
1.028939950569905154e-05,1.510870061212278925e-05,-1.692933310439957317e+00,-6.102533441746379249e+06
1.029159013791231629e-05,1.510497737173930685e-05,-1.706306524520454948e+00,-6.106929613716609776e+06
1.029378077012557934e-05,1.510122482498124001e-05,-1.719689413784145415e+00,-6.111366694882688113e+06
1.029597140233884240e-05,1.509744295055556787e-05,-1.733082067975923346e+00,-6.115844802210264839e+06
1.029816203455210715e-05,1.509363172697239371e-05,-1.746484577098246671e+00,-6.120364053884823807e+06
1.030035266676537020e-05,1.508979113254436727e-05,-1.759897031413816038e+00,-6.124924569317921065e+06
1.030254329897863495e-05,1.508592114538612399e-05,-1.773319521448268210e+00,-6.129526469153481536e+06
1.030473393119189801e-05,1.508202174341369891e-05,-1.786752137992881684e+00,-6.134169875274167396e+06
1.030692456340515937e-05,1.507809290434394555e-05,-1.800194972107286739e+00,-6.138854910807829350e+06
1.030911519561842412e-05,1.507413460569393288e-05,-1.813648115122244109e+00,-6.143581700134011917e+06
1.031130582783168717e-05,1.507014682478036760e-05,-1.827111658642328162e+00,-6.148350368890538812e+06
1.031349646004495192e-05,1.506612953871898258e-05,-1.840585694548735995e+00,-6.153161043980167247e+06
1.031568709225821498e-05,1.506208272442392366e-05,-1.854070315002052105e+00,-6.158013853577306494e+06
1.031787772447147973e-05,1.505800635860713803e-05,-1.867565612445044154e+00,-6.162908927134825848e+06
1.032006835668474278e-05,1.505390041777775594e-05,-1.881071679605469393e+00,-6.167846395390916616e+06
1.032225898889800584e-05,1.504976487824145708e-05,-1.894588609498898846e+00,-6.172826390376037918e+06
1.032444962111127058e-05,1.504559971609984382e-05,-1.908116495431555482e+00,-6.177849045419931412e+06
1.032664025332453364e-05,1.504140490724979405e-05,-1.921655431003168379e+00,-6.182914495158710517e+06
1.032883088553779670e-05,1.503718042738282759e-05,-1.935205510109830218e+00,-6.188022875542012975e+06
1.033102151775105975e-05,1.503292625198443030e-05,-1.948766826946929598e+00,-6.193174323840273544e+06
1.033321214996432281e-05,1.502864235633342044e-05,-1.962339476011982775e+00,-6.198368978651987389e+06
1.033540278217758755e-05,1.502432871550127448e-05,-1.975923552107597736e+00,-6.203606979911132716e+06
1.033759341439085061e-05,1.501998530435144946e-05,-1.989519150344395637e+00,-6.208888468894619495e+06
1.033978404660411536e-05,1.501561209753871381e-05,-2.003126366143960890e+00,-6.214213588229831308e+06
1.034197467881737841e-05,1.501120906950845622e-05,-2.016745295241808567e+00,-6.219582481902245432e+06
1.034416531103064147e-05,1.500677619449599780e-05,-2.030376033690366899e+00,-6.224995295263124630e+06
1.034635594324390622e-05,1.500231344652589585e-05,-2.044018677861980215e+00,-6.230452175037280656e+06
1.034854657545716927e-05,1.499782079941123573e-05,-2.057673324451921637e+00,-6.235953269330927171e+06
1.035073720767043233e-05,1.499329822675292950e-05,-2.071340070481422213e+00,-6.241498727639611810e+06
1.035292783988369538e-05,1.498874570193898074e-05,-2.085019013300764446e+00,-6.247088700856216252e+06
1.035511847209695844e-05,1.498416319814377469e-05,-2.098710250592285220e+00,-6.252723341279038228e+06
1.035730910431022319e-05,1.497955068832735152e-05,-2.112413880373509745e+00,-6.258402802619960159e+06
1.035949973652348624e-05,1.497490814523465077e-05,-2.126130001000245517e+00,-6.264127240012694150e+06
1.036169036873675099e-05,1.497023554139478460e-05,-2.139858711169705163e+00,-6.269896810021095909e+06
1.036388100095001405e-05,1.496553284912027715e-05,-2.153600109923649697e+00,-6.275711670647589490e+06
1.036607163316327880e-05,1.496080004050630221e-05,-2.167354296651548662e+00,-6.281571981341639534e+06
1.036826226537654185e-05,1.495603708742993614e-05,-2.181121371093760253e+00,-6.287477903008328751e+06
1.037045289758980491e-05,1.495124396154936165e-05,-2.194901433344726982e+00,-6.293429598017000593e+06
1.037264352980306966e-05,1.494642063430310889e-05,-2.208694583856196214e+00,-6.299427230210002512e+06
1.037483416201633102e-05,1.494156707690926087e-05,-2.222500923440443810e+00,-6.305470964911495335e+06
1.037702479422959577e-05,1.493668326036464548e-05,-2.236320553273574152e+00,-6.311560968936372548e+06
1.037921542644285882e-05,1.493176915544406967e-05,-2.250153574898729580e+00,-6.317697410599217750e+06
1.038140605865612188e-05,1.492682473269947928e-05,-2.264000090229429496e+00,-6.323880459723392501e+06
1.038359669086938662e-05,1.492184996245916108e-05,-2.277860201552874830e+00,-6.330110287650196813e+06
1.038578732308264968e-05,1.491684481482691612e-05,-2.291734011533284043e+00,-6.336387067248086445e+06
1.038797795529591443e-05,1.491180925968122617e-05,-2.305621623215246885e+00,-6.342710972922027111e+06
1.039016858750917748e-05,1.490674326667442370e-05,-2.319523140027103025e+00,-6.349082180622885935e+06
1.039235921972244054e-05,1.490164680523184651e-05,-2.333438665784336674e+00,-6.355500867856939323e+06
1.039454985193570529e-05,1.489651984455097376e-05,-2.347368304692995622e+00,-6.361967213695467450e+06
1.039674048414896665e-05,1.489136235360059588e-05,-2.361312161353119166e+00,-6.368481398784413934e+06
1.039893111636223140e-05,1.488617430111989978e-05,-2.375270340762242416e+00,-6.375043605354170315e+06
1.040112174857549445e-05,1.488095565561765059e-05,-2.389242948318811788e+00,-6.381654017229397781e+06
1.040331238078875751e-05,1.487570638537126165e-05,-2.403230089825730609e+00,-6.388312819838993251e+06
1.040550301300202226e-05,1.487042645842594239e-05,-2.417231871493877193e+00,-6.395020200226107612e+06
1.040769364521528531e-05,1.486511584259376995e-05,-2.431248399945648675e+00,-6.401776347058276646e+06
1.040988427742855006e-05,1.485977450545279985e-05,-2.445279782218531484e+00,-6.408581450637615286e+06
1.041207490964181312e-05,1.485440241434615452e-05,-2.459326125768695359e+00,-6.415435702911135741e+06
1.041426554185507617e-05,1.484899953638108992e-05,-2.473387538474604685e+00,-6.422339297481130809e+06
1.041645617406834092e-05,1.484356583842808412e-05,-2.487464128640659577e+00,-6.429292429615658708e+06
1.041864680628160398e-05,1.483810128711988182e-05,-2.501556005000853844e+00,-6.436295296259126626e+06
1.042083743849486703e-05,1.483260584885056604e-05,-2.515663276722448938e+00,-6.443348096042946912e+06
1.042302807070813009e-05,1.482707948977457893e-05,-2.529786053409726065e+00,-6.450451029296323657e+06
1.042521870292139484e-05,1.482152217580579850e-05,-2.543924445107648591e+00,-6.457604298057082109e+06
1.042740933513465789e-05,1.481593387261653743e-05,-2.558078562305666104e+00,-6.464808106082622893e+06
1.042959996734792095e-05,1.481031454563657917e-05,-2.572248515941476299e+00,-6.472062658860986121e+06
1.043179059956118570e-05,1.480466416005219196e-05,-2.586434417404832597e+00,-6.479368163621960208e+06
1.043398123177444875e-05,1.479898268080512256e-05,-2.600636378541370863e+00,-6.486724829348340631e+06
1.043617186398771350e-05,1.479327007259161202e-05,-2.614854511656462321e+00,-6.494132866787242703e+06
1.043836249620097655e-05,1.478752629986137246e-05,-2.629088929519088236e+00,-6.501592488461529836e+06
1.044055312841423961e-05,1.478175132681656042e-05,-2.643339745365747451e+00,-6.509103908681342378e+06
1.044274376062750266e-05,1.477594511741077406e-05,-2.657607072904368817e+00,-6.516667343555687927e+06
1.044493439284076572e-05,1.477010763534798073e-05,-2.671891026318311990e+00,-6.524283011004209518e+06
1.044712502505403047e-05,1.476423884408150057e-05,-2.686191720270278971e+00,-6.531951130768929608e+06
1.044931565726729352e-05,1.475833870681293756e-05,-2.700509269906363308e+00,-6.539671924426208250e+06
1.045150628948055658e-05,1.475240718649112750e-05,-2.714843790860070438e+00,-6.547445615398720838e+06
1.045369692169382133e-05,1.474644424581104194e-05,-2.729195399256377996e+00,-6.555272428967585787e+06
1.045588755390708438e-05,1.474044984721274124e-05,-2.743564211715816104e+00,-6.563152592284551822e+06
1.045807818612034913e-05,1.473442395288025652e-05,-2.757950345358582300e+00,-6.571086334384302609e+06
1.046026881833361219e-05,1.472836652474050034e-05,-2.772353917808678681e+00,-6.579073886196861044e+06
1.046245945054687524e-05,1.472227752446216219e-05,-2.786775047198076560e+00,-6.587115480560092255e+06
1.046465008276013830e-05,1.471615691345459380e-05,-2.801213852170899798e+00,-6.595211352232293226e+06
1.046684071497340135e-05,1.471000465286665544e-05,-2.815670451887691605e+00,-6.603361737904916517e+06
1.046903134718666610e-05,1.470382070358561991e-05,-2.830144966029591647e+00,-6.611566876215343364e+06
1.047122197939992916e-05,1.469760502623600532e-05,-2.844637514802663247e+00,-6.619827007759801112e+06
1.047341261161319221e-05,1.469135758117841969e-05,-2.859148218942183295e+00,-6.628142375106353313e+06
1.047560324382645696e-05,1.468507832850840227e-05,-2.873677199716978325e+00,-6.636513222808015533e+06
1.047779387603972002e-05,1.467876722805525121e-05,-2.888224578933787701e+00,-6.644939797415956855e+06
1.047998450825298477e-05,1.467242423938083094e-05,-2.902790478941653429e+00,-6.653422347492796369e+06
1.048217514046624782e-05,1.466604932177839314e-05,-2.917375022636341964e+00,-6.661961123626017012e+06
1.048436577267951257e-05,1.465964243427136372e-05,-2.931978333464795750e+00,-6.670556378441466019e+06
1.048655640489277562e-05,1.465320353561213669e-05,-2.946600535429611867e+00,-6.679208366616975516e+06
1.048874703710603699e-05,1.464673258428085106e-05,-2.961241753093542872e+00,-6.687917344896061346e+06
1.049093766931930173e-05,1.464022953848414225e-05,-2.975902111584079801e+00,-6.696683572101759724e+06
1.049312830153256479e-05,1.463369435615393091e-05,-2.990581736597956564e+00,-6.705507309150507674e+06
1.049531893374582954e-05,1.462712699494615061e-05,-3.005280754405796895e+00,-6.714388819066193886e+06
1.049750956595909259e-05,1.462052741223948750e-05,-3.019999291856733326e+00,-6.723328366994250566e+06
1.049970019817235565e-05,1.461389556513410805e-05,-3.034737476383071009e+00,-6.732326220215897076e+06
1.050189083038562040e-05,1.460723141045038679e-05,-3.049495436004983961e+00,-6.741382648162455298e+06
1.050408146259888345e-05,1.460053490472759516e-05,-3.064273299335237954e+00,-6.750497922429769300e+06
1.050627209481214820e-05,1.459380600422261223e-05,-3.079071195583948928e+00,-6.759672316792739555e+06
1.050846272702541126e-05,1.458704466490861020e-05,-3.093889254563374713e+00,-6.768906107219957747e+06
1.051065335923867262e-05,1.458025084247372452e-05,-3.108727606692721857e+00,-6.778199571888417937e+06
1.051284399145193737e-05,1.457342449231970708e-05,-3.123586383003049693e+00,-6.787552991198389791e+06
1.051503462366520042e-05,1.456656556956061505e-05,-3.138465715142082946e+00,-6.796966647788301110e+06
1.051722525587846517e-05,1.455967402902142172e-05,-3.153365735379182855e+00,-6.806440826549809426e+06
1.051941588809172823e-05,1.455274982523666971e-05,-3.168286576610281458e+00,-6.815975814642924815e+06
1.052160652030499128e-05,1.454579291244907511e-05,-3.183228372362875369e+00,-6.825571901511257514e+06
1.052379715251825603e-05,1.453880324460815351e-05,-3.198191256801037774e+00,-6.835229378897339106e+06
1.052598778473151909e-05,1.453178077536881569e-05,-3.213175364730476158e+00,-6.844948540858075954e+06
1.052817841694478384e-05,1.452472545808994966e-05,-3.228180831603617129e+00,-6.854729683780287392e+06
1.053036904915804689e-05,1.451763724583301459e-05,-3.243207793524728544e+00,-6.864573106396322139e+06
1.053255968137131164e-05,1.451051609136058050e-05,-3.258256387255074049e+00,-6.874479109799824655e+06
1.053475031358457300e-05,1.450336194713492224e-05,-3.273326750218091163e+00,-6.884447997461535968e+06
1.053694094579783606e-05,1.449617476531650832e-05,-3.288419020504665280e+00,-6.894480075245268643e+06
1.053913157801110081e-05,1.448895449776259488e-05,-3.303533336878316184e+00,-6.904575651423894800e+06
1.054132221022436386e-05,1.448170109602570272e-05,-3.318669838780541781e+00,-6.914735036695490591e+06
1.054351284243762861e-05,1.447441451135214006e-05,-3.333828666336136504e+00,-6.924958544199557044e+06
1.054570347465089166e-05,1.446709469468050496e-05,-3.349009960358556803e+00,-6.935246489533347078e+06
1.054789410686415472e-05,1.445974159664016583e-05,-3.364213862355323048e+00,-6.945599190768258646e+06
1.055008473907741947e-05,1.445235516754972989e-05,-3.379440514533459616e+00,-6.956016968466358259e+06
1.055227537129068252e-05,1.444493535741551011e-05,-3.394690059804965632e+00,-6.966500145696975291e+06
1.055446600350394727e-05,1.443748211592998021e-05,-3.409962641792330995e+00,-6.977049048053387552e+06
1.055665663571720863e-05,1.442999539247020591e-05,-3.425258404834064851e+00,-6.987664003669603728e+06
1.055884726793047169e-05,1.442247513609625936e-05,-3.440577493990334634e+00,-6.998345343237262219e+06
1.056103790014373644e-05,1.441492129554965715e-05,-3.455920055048510520e+00,-7.009093400022547692e+06
1.056322853235699949e-05,1.440733381925174589e-05,-3.471286234528874193e+00,-7.019908509883275256e+06
1.056541916457026424e-05,1.439971265530208437e-05,-3.486676179690303634e+00,-7.030791011286009103e+06
1.056760979678352730e-05,1.439205775147683760e-05,-3.502090038536004091e+00,-7.041741245323292911e+06
1.056980042899679035e-05,1.438436905522711829e-05,-3.517527959819282124e+00,-7.052759555730955675e+06
1.057199106121005510e-05,1.437664651367735889e-05,-3.532990093049354297e+00,-7.063846288905493915e+06
1.057418169342331816e-05,1.436889007362363443e-05,-3.548476588497194051e+00,-7.075001793921545148e+06
1.057637232563658291e-05,1.436109968153198712e-05,-3.563987597201418556e+00,-7.086226422549432144e+06
1.057856295784984427e-05,1.435327528353675767e-05,-3.579523270974200866e+00,-7.097520529272794724e+06
1.058075359006310732e-05,1.434541682543884550e-05,-3.595083762407283778e+00,-7.108884471306310035e+06
1.058294422227637207e-05,1.433752425270403667e-05,-3.610669224877904426e+00,-7.120318608613428660e+06
1.058513485448963513e-05,1.432959751046125228e-05,-3.626279812554888071e+00,-7.131823303924256936e+06
1.058732548670289988e-05,1.432163654350081873e-05,-3.641915680404714362e+00,-7.143398922753478400e+06
1.058951611891616293e-05,1.431364129627270431e-05,-3.657576984197638215e+00,-7.155045833418318070e+06
1.059170675112942768e-05,1.430561171288475218e-05,-3.673263880513847557e+00,-7.166764407056632452e+06
1.059389738334269073e-05,1.429754773710091186e-05,-3.688976526749663698e+00,-7.178555017645000480e+06
1.059608801555595379e-05,1.428944931233942991e-05,-3.704715081123779008e+00,-7.190418042016927153e+06
1.059827864776921854e-05,1.428131638167104574e-05,-3.720479702683533674e+00,-7.202353859881070442e+06
1.060046927998248159e-05,1.427314888781717903e-05,-3.736270551311237309e+00,-7.214362853839542717e+06
1.060265991219574465e-05,1.426494677314808311e-05,-3.752087787730514101e+00,-7.226445409406261519e+06
1.060485054440900770e-05,1.425670997968098326e-05,-3.767931573512750099e+00,-7.238601915025385097e+06
1.060704117662227076e-05,1.424843844907824875e-05,-3.783802071083457896e+00,-7.250832762089704163e+06
1.060923180883553551e-05,1.424013212264547859e-05,-3.799699443728808301e+00,-7.263138344959181733e+06
1.061142244104879856e-05,1.423179094132962786e-05,-3.815623855602135794e+00,-7.275519060979486443e+06
1.061361307326206331e-05,1.422341484571710023e-05,-3.831575471730499949e+00,-7.287975310500561260e+06
1.061580370547532637e-05,1.421500377603181497e-05,-3.847554458021289037e+00,-7.300507496895254590e+06
1.061799433768858942e-05,1.420655767213328597e-05,-3.863560981268859162e+00,-7.313116026577950455e+06
1.062018496990185417e-05,1.419807647351465484e-05,-3.879595209161220026e+00,-7.325801309023250826e+06
1.062237560211511723e-05,1.418956011930074786e-05,-3.895657310286758879e+00,-7.338563756784678437e+06
1.062456623432838028e-05,1.418100854824608206e-05,-3.911747454140991120e+00,-7.351403785513374954e+06
1.062675686654164334e-05,1.417242169873285267e-05,-3.927865811133422369e+00,-7.364321813976892270e+06
1.062894749875490639e-05,1.416379950876896800e-05,-3.944012552594313714e+00,-7.377318264077868313e+06
1.063113813096817114e-05,1.415514191598598776e-05,-3.960187850781623720e+00,-7.390393560872835107e+06
1.063332876318143420e-05,1.414644885763710036e-05,-3.976391878887926001e+00,-7.403548132590956055e+06
1.063551939539469895e-05,1.413772027059505612e-05,-3.992624811047378319e+00,-7.416782410652789287e+06
1.063771002760796200e-05,1.412895609135011241e-05,-4.008886822342734746e+00,-7.430096829689037986e+06
1.063990065982122675e-05,1.412015625600793295e-05,-4.025178088812400468e+00,-7.443491827559284866e+06
1.064209129203448981e-05,1.411132070028749401e-05,-4.041498787457520336e+00,-7.456967845370724797e+06
1.064428192424775286e-05,1.410244935951896848e-05,-4.057849096249119825e+00,-7.470525327496841550e+06
1.064647255646101761e-05,1.409354216864158967e-05,-4.074229194135277510e+00,-7.484164721596102230e+06
1.064866318867427897e-05,1.408459906220150998e-05,-4.090639261048327313e+00,-7.497886478630561382e+06
1.065085382088754372e-05,1.407561997434961391e-05,-4.107079477912170873e+00,-7.511691052884499542e+06
1.065304445310080677e-05,1.406660483883937673e-05,-4.123550026649498434e+00,-7.525578901982917450e+06
1.065523508531406983e-05,1.405755358902463678e-05,-4.140051090189174055e+00,-7.539550486910060979e+06
1.065742571752733458e-05,1.404846615785739660e-05,-4.156582852473606593e+00,-7.553606272027838044e+06
1.065961634974059763e-05,1.403934247788558843e-05,-4.173145498466166892e+00,-7.567746725094191730e+06
1.066180698195386238e-05,1.403018248125083973e-05,-4.189739214158647584e+00,-7.581972317281374708e+06
1.066399761416712544e-05,1.402098609968619808e-05,-4.206364186578765541e+00,-7.596283523194166832e+06
1.066618824638038849e-05,1.401175326451385944e-05,-4.223020603797693617e+00,-7.610680820887967013e+06
1.066837887859365324e-05,1.400248390664288280e-05,-4.239708654937649257e+00,-7.625164691886831075e+06
1.067056951080691460e-05,1.399317795656687277e-05,-4.256428530179489300e+00,-7.639735621201343834e+06
1.067276014302017935e-05,1.398383534436163155e-05,-4.273180420770430921e+00,-7.654394097346463241e+06
1.067495077523344241e-05,1.397445599968285672e-05,-4.289964519031656209e+00,-7.669140612359099090e+06
1.067714140744670546e-05,1.396503985176374923e-05,-4.306781018366112157e+00,-7.683975661815711297e+06
1.067933203965997021e-05,1.395558682941263996e-05,-4.323630113266260011e+00,-7.698899744849652052e+06
1.068152267187323327e-05,1.394609686101060456e-05,-4.340511999321892134e+00,-7.713913364168401808e+06
1.068371330408649802e-05,1.393656987450904085e-05,-4.357426873227979947e+00,-7.729017026070631109e+06
1.068590393629976107e-05,1.392700579742723959e-05,-4.374374932792553849e+00,-7.744211240463073365e+06
1.068809456851302582e-05,1.391740455684994499e-05,-4.391356376944633766e+00,-7.759496520877225325e+06
1.069028520072628888e-05,1.390776607942488480e-05,-4.408371405742180116e+00,-7.774873384485840797e+06
1.069247583293955024e-05,1.389809029136029691e-05,-4.425420220380082093e+00,-7.790342352119196206e+06
1.069466646515281499e-05,1.388837711842240018e-05,-4.442503023198233869e+00,-7.805903948281208053e+06
1.069685709736607804e-05,1.387862648593291936e-05,-4.459620017689525540e+00,-7.821558701165166683e+06
1.069904772957934279e-05,1.386883831876652879e-05,-4.476771408507991268e+00,-7.837307142669365741e+06
1.070123836179260585e-05,1.385901254134829599e-05,-4.493957401476931679e+00,-7.853149808412401937e+06
1.070342899400586890e-05,1.384914907765112030e-05,-4.511178203597081549e+00,-7.869087237748191692e+06
1.070561962621913365e-05,1.383924785119314260e-05,-4.528434023054801472e+00,-7.885119973780714907e+06
1.070781025843239670e-05,1.382930878503513650e-05,-4.545725069230319271e+00,-7.901248563378445804e+06
1.071000089064566145e-05,1.381933180177788248e-05,-4.563051552705982061e+00,-7.917473557188451290e+06
1.071219152285892451e-05,1.380931682355953367e-05,-4.580413685274557167e+00,-7.933795509650168009e+06
1.071438215507218756e-05,1.379926377205294596e-05,-4.597811679947548136e+00,-7.950214979008794762e+06
1.071657278728545062e-05,1.378917256846301157e-05,-4.615245750963537397e+00,-7.966732527328330092e+06
1.071876341949871367e-05,1.377904313352392990e-05,-4.632716113796616852e+00,-7.983348720504265279e+06
1.072095405171197842e-05,1.376887538749654107e-05,-4.650222985164716327e+00,-8.000064128275734372e+06
1.072314468392524148e-05,1.375866925016555103e-05,-4.667766583038084782e+00,-8.016879324237374589e+06
1.072533531613850453e-05,1.374842464083679906e-05,-4.685347126647743110e+00,-8.033794885850672610e+06
1.072752594835176928e-05,1.373814147833448116e-05,-4.702964836493962686e+00,-8.050811394454849884e+06
1.072971658056503234e-05,1.372781968099835995e-05,-4.720619934354771452e+00,-8.067929435277261771e+06
1.073190721277829709e-05,1.371745916668095589e-05,-4.738312643294483095e+00,-8.085149597443280742e+06
1.073409784499156014e-05,1.370705985274471822e-05,-4.756043187672247541e+00,-8.102472473985648714e+06
1.073628847720482489e-05,1.369662165605918565e-05,-4.773811793150618321e+00,-8.119898661853275262e+06
1.073847910941808625e-05,1.368614449299812516e-05,-4.791618686704127050e+00,-8.137428761919436045e+06
1.074066974163134931e-05,1.367562827943661644e-05,-4.809464096627945828e+00,-8.155063378989437595e+06
1.074286037384461406e-05,1.366507293074819913e-05,-4.827348252546424412e+00,-8.172803121807497926e+06
1.074505100605787711e-05,1.365447836180191494e-05,-4.845271385421780153e+00,-8.190648603063149378e+06
1.074724163827114186e-05,1.364384448695938545e-05,-4.863233727562736419e+00,-8.208600439396828413e+06
1.074943227048440492e-05,1.363317122007183895e-05,-4.881235512633177898e+00,-8.226659251404817216e+06
1.075162290269766797e-05,1.362245847447714419e-05,-4.899276975660826317e+00,-8.244825663643420674e+06
1.075381353491093272e-05,1.361170616299681184e-05,-4.917358353045918840e+00,-8.263100304632367566e+06
1.075600416712419577e-05,1.360091419793296891e-05,-4.935479882569888233e+00,-8.281483806857422926e+06
1.075819479933746052e-05,1.359008249106533316e-05,-4.953641803404059019e+00,-8.299976806772156619e+06
1.076038543155072358e-05,1.357921095364815360e-05,-4.971844356118337416e+00,-8.318579944798848592e+06
1.076257606376398494e-05,1.356829949640715269e-05,-4.990087782689893281e+00,-8.337293865328478627e+06
1.076476669597724969e-05,1.355734802953639064e-05,-5.008372326511907779e+00,-8.356119216719842516e+06
1.076695732819051274e-05,1.354635646269521103e-05,-5.026698232402180722e+00,-8.375056651297572069e+06
1.076914796040377749e-05,1.353532470500507285e-05,-5.045065746611868462e+00,-8.394106825349265710e+06
1.077133859261704055e-05,1.352425266504641314e-05,-5.063475116834152523e+00,-8.413270399121508002e+06
1.077352922483030360e-05,1.351314025085547909e-05,-5.081926592212901106e+00,-8.432548036814829335e+06
1.077571985704356835e-05,1.350198736992113297e-05,-5.100420423351326171e+00,-8.451940406577499583e+06
1.077791048925683141e-05,1.349079392918165381e-05,-5.118956862320628076e+00,-8.471448180498184636e+06
1.078010112147009616e-05,1.347955983502151354e-05,-5.137536162668611794e+00,-8.491072034597387537e+06
1.078229175368335921e-05,1.346828499326812612e-05,-5.156158579428291588e+00,-8.510812648817580193e+06
1.078448238589662057e-05,1.345696930918859149e-05,-5.174824369126457491e+00,-8.530670707012075931e+06
1.078667301810988532e-05,1.344561268748638880e-05,-5.193533789792287969e+00,-8.550646896932577714e+06
1.078886365032314838e-05,1.343421503229812379e-05,-5.212287100965786735e+00,-8.570741910215185955e+06
1.079105428253641313e-05,1.342277624719016775e-05,-5.231084563706328794e+00,-8.590956442365089431e+06
1.079324491474967618e-05,1.341129623515534397e-05,-5.249926440601113242e+00,-8.611291192739685997e+06
1.079543554696294093e-05,1.339977489860955647e-05,-5.268812995773573427e+00,-8.631746864530131221e+06
1.079762617917620399e-05,1.338821213938842059e-05,-5.287744494891756908e+00,-8.652324164741287008e+06
1.079981681138946704e-05,1.337660785874387989e-05,-5.306721205176657463e+00,-8.673023804169971496e+06
1.080200744360273179e-05,1.336496195734077396e-05,-5.325743395410494685e+00,-8.693846497381472960e+06
1.080419807581599485e-05,1.335327433525343002e-05,-5.344811335944944730e+00,-8.714792962684271857e+06
1.080638870802925790e-05,1.334154489196221881e-05,-5.363925298709291134e+00,-8.735863922102859244e+06
1.080857934024252096e-05,1.332977352635004287e-05,-5.383085557218596939e+00,-8.757060101348716766e+06
1.081076997245578401e-05,1.331796013669892461e-05,-5.402292386581658334e+00,-8.778382229789126664e+06
1.081296060466904876e-05,1.330610462068645730e-05,-5.421546063509037339e+00,-8.799831040414078161e+06
1.081515123688231181e-05,1.329420687538230342e-05,-5.440846866320939945e+00,-8.821407269800927490e+06
1.081734186909557656e-05,1.328226679724466083e-05,-5.460195074955039196e+00,-8.843111658076873049e+06
1.081953250130883962e-05,1.327028428211670184e-05,-5.479590970974206776e+00,-8.864944948879130185e+06
1.082172313352210267e-05,1.325825922522301570e-05,-5.499034837574156676e+00,-8.886907889312714338e+06
1.082391376573536742e-05,1.324619152116601884e-05,-5.518526959590992931e+00,-8.909001229905765504e+06
1.082610439794863048e-05,1.323408106392234993e-05,-5.538067623508657000e+00,-8.931225724562326446e+06
1.082829503016189523e-05,1.322192774683925808e-05,-5.557657117466268559e+00,-8.953582130512489006e+06
1.083048566237515659e-05,1.320973146263097254e-05,-5.577295731265340173e+00,-8.976071208259794861e+06
1.083267629458841964e-05,1.319749210337501971e-05,-5.596983756376951114e+00,-8.998693721525901929e+06
1.083486692680168439e-05,1.318520956050861654e-05,-5.616721485948636072e+00,-9.021450437192128971e+06
1.083705755901494745e-05,1.317288372482494355e-05,-5.636509214811309398e+00,-9.044342125238219276e+06
1.083924819122821220e-05,1.316051448646946702e-05,-5.656347239485959300e+00,-9.067369558677827939e+06
1.084143882344147525e-05,1.314810173493623239e-05,-5.676235858190225692e+00,-9.090533513490835205e+06
1.084362945565473831e-05,1.313564535906413053e-05,-5.696175370844819952e+00,-9.113834768552318215e+06
1.084582008786800306e-05,1.312314524703316907e-05,-5.716166079079784801e+00,-9.137274105558039621e+06
1.084801072008126611e-05,1.311060128636070824e-05,-5.736208286240589871e+00,-9.160852308946406469e+06
1.085020135229453086e-05,1.309801336389771864e-05,-5.756302297394053191e+00,-9.184570165816709399e+06
1.085239198450779222e-05,1.308538136582499332e-05,-5.776448419334053064e+00,-9.208428465843511745e+06
1.085458261672105697e-05,1.307270517764932766e-05,-5.796646960587146680e+00,-9.232428001187229529e+06
1.085677324893432003e-05,1.305998468419977550e-05,-5.816898231417810372e+00,-9.256569566400393844e+06
1.085896388114758308e-05,1.304721976962379342e-05,-5.837202543833642565e+00,-9.280853958329906687e+06
1.086115451336084783e-05,1.303441031738343925e-05,-5.857560211590257637e+00,-9.305281976014839485e+06
1.086334514557411088e-05,1.302155621025152320e-05,-5.877971550195976391e+00,-9.329854420579722151e+06
1.086553577778737563e-05,1.300865733030776569e-05,-5.898436876916269611e+00,-9.354572095123188570e+06
1.086772641000063869e-05,1.299571355893495686e-05,-5.918956510777961810e+00,-9.379435804601795971e+06
1.086991704221390174e-05,1.298272477681507217e-05,-5.939530772573163198e+00,-9.404446355708871037e+06
1.087210767442716649e-05,1.296969086392542001e-05,-5.960159984862943183e+00,-9.429604556748172268e+06
1.087429830664042955e-05,1.295661169953474878e-05,-5.980844471980709898e+00,-9.454911217502290383e+06
1.087648893885369260e-05,1.294348716219938780e-05,-6.001584560035285953e+00,-9.480367149095458910e+06
1.087867957106695566e-05,1.293031712975929842e-05,-6.022380576913756833e+00,-9.505973163850834593e+06
1.088087020328021871e-05,1.291710147933423531e-05,-6.043232852283839662e+00,-9.531730075141673908e+06
1.088306083549348346e-05,1.290384008731982297e-05,-6.064141717596077008e+00,-9.557638697236634791e+06
1.088525146770674652e-05,1.289053282938363737e-05,-6.085107506085614126e+00,-9.583699845138724893e+06
1.088744209992001127e-05,1.287717958046130618e-05,-6.106130552773612941e+00,-9.609914334417749196e+06
1.088963273213327432e-05,1.286378021475258876e-05,-6.127211194468316080e+00,-9.636282981036083773e+06
1.089182336434653738e-05,1.285033460571746452e-05,-6.148349769765702355e+00,-9.662806601167503744e+06
1.089401399655980213e-05,1.283684262607221962e-05,-6.169546619049747882e+00,-9.689486011008856818e+06
1.089620462877306518e-05,1.282330414778551508e-05,-6.190802084492266211e+00,-9.716322026584345847e+06
1.089839526098632824e-05,1.280971904207450394e-05,-6.212116510052287488e+00,-9.743315463542135432e+06
1.090058589319959129e-05,1.279608717940085533e-05,-6.233490241475070803e+00,-9.770467136943155900e+06
1.090277652541285435e-05,1.278240842946691906e-05,-6.254923626290485039e+00,-9.797777861041538417e+06
1.090496715762611910e-05,1.276868266121176832e-05,-6.276417013811050438e+00,-9.825248449056845158e+06
1.090715778983938215e-05,1.275490974280731179e-05,-6.297970755129410847e+00,-9.852879712937435135e+06
1.090934842205264690e-05,1.274108954165439218e-05,-6.319585203115270389e+00,-9.880672463114866987e+06
1.091153905426590996e-05,1.272722192437890685e-05,-6.341260712411798117e+00,-9.908627508248986676e+06
1.091372968647917470e-05,1.271330675682792499e-05,-6.362997639431458019e+00,-9.936745654963379726e+06
1.091592031869243776e-05,1.269934390406580316e-05,-6.384796342351248377e+00,-9.965027707570912316e+06
1.091811095090570081e-05,1.268533323037034987e-05,-6.406657181107333621e+00,-9.993474467788957059e+06
1.092030158311896387e-05,1.267127459922895300e-05,-6.428580517389018922e+00,-1.002208673444401659e+07
1.092249221533222692e-05,1.265716787333474779e-05,-6.450566714632147480e+00,-1.005086530316546559e+07
1.092468284754549167e-05,1.264301291458283231e-05,-6.472616138011655806e+00,-1.007981096606773511e+07
1.092687347975875473e-05,1.262880958406643040e-05,-6.494729154433572127e+00,-1.010892451142100617e+07
1.092906411197201778e-05,1.261455774207312575e-05,-6.516906132526222528e+00,-1.013820672330968268e+07
1.093125474418528253e-05,1.260025724808109092e-05,-6.539147442630657281e+00,-1.016765838127837144e+07
1.093344537639854559e-05,1.258590796075535194e-05,-6.561453456790326655e+00,-1.019728025996496528e+07
1.093563600861181034e-05,1.257150973794407656e-05,-6.583824548739898752e+00,-1.022707312872028723e+07
1.093782664082507339e-05,1.255706243667486431e-05,-6.606261093893260217e+00,-1.025703775121401437e+07
1.094001727303833645e-05,1.254256591315110761e-05,-6.628763469330620772e+00,-1.028717488502627239e+07
1.094220790525160120e-05,1.252802002274832920e-05,-6.651332053784713594e+00,-1.031748528122449294e+07
1.094439853746486256e-05,1.251342462001060598e-05,-6.673967227626043552e+00,-1.034796968392504938e+07
1.094658916967812731e-05,1.249877955864695217e-05,-6.696669372847222412e+00,-1.037862882983918861e+07
1.094877980189139036e-05,1.248408469152784646e-05,-6.719438873046128968e+00,-1.040946344780247472e+07
1.095097043410465342e-05,1.246933987068169316e-05,-6.742276113408204985e+00,-1.044047425828767754e+07
1.095316106631791817e-05,1.245454494729137809e-05,-6.765181480687562754e+00,-1.047166197290010937e+07
1.095535169853118122e-05,1.243969977169084325e-05,-6.788155363186993085e+00,-1.050302729385502823e+07
1.095754233074444597e-05,1.242480419336173251e-05,-6.811198150736805346e+00,-1.053457091343646869e+07
1.095973296295770903e-05,1.240985806093005772e-05,-6.834310234672460460e+00,-1.056629351343686879e+07
1.096192359517097377e-05,1.239486122216293425e-05,-6.857492007810956025e+00,-1.059819576457683928e+07
1.096411422738423683e-05,1.237981352396536564e-05,-6.880743864425913792e+00,-1.063027832590443641e+07
1.096630485959749819e-05,1.236471481237707399e-05,-6.904066200221319782e+00,-1.066254184417319670e+07
1.096849549181076294e-05,1.234956493256936596e-05,-6.927459412303976549e+00,-1.069498695319838636e+07
1.097068612402402599e-05,1.233436372884216647e-05,-6.950923899154294539e+00,-1.072761427319033816e+07
1.097287675623729074e-05,1.231911104462097951e-05,-6.974460060595829347e+00,-1.076042441006459482e+07
1.097506738845055380e-05,1.230380672245400317e-05,-6.998068297763168744e+00,-1.079341795472773910e+07
1.097725802066381685e-05,1.228845060400929886e-05,-7.021749013068245837e+00,-1.082659548233824223e+07
1.097944865287708160e-05,1.227304253007200963e-05,-7.045502610165012669e+00,-1.085995755154137127e+07
1.098163928509034466e-05,1.225758234054170559e-05,-7.069329493912399620e+00,-1.089350470367740467e+07
1.098382991730360941e-05,1.224206987442976996e-05,-7.093230070335513560e+00,-1.092723746196215227e+07
1.098602054951687246e-05,1.222650496985689864e-05,-7.117204746585012565e+00,-1.096115633063887991e+07
1.098821118173013552e-05,1.221088746405067767e-05,-7.141253930894578161e+00,-1.099526179410068505e+07
1.099040181394339857e-05,1.219521719334326915e-05,-7.165378032536433572e+00,-1.102955431598226167e+07
1.099259244615666163e-05,1.217949399316912764e-05,-7.189577461774938172e+00,-1.106403433822022006e+07
1.099478307836992638e-05,1.216371769806296730e-05,-7.213852629817854023e+00,-1.109870228008038737e+07
1.099697371058318943e-05,1.214788814165770695e-05,-7.238203948765664641e+00,-1.113355853715161420e+07
1.099916434279645249e-05,1.213200515668256765e-05,-7.262631831558568507e+00,-1.116860348030450754e+07
1.100135497500971724e-05,1.211606857496130411e-05,-7.287136691921149101e+00,-1.120383745461401157e+07
1.100354560722298029e-05,1.210007822741054617e-05,-7.311718944304653967e+00,-1.123926077824465185e+07
1.100573623943624504e-05,1.208403394403826232e-05,-7.336379003826791312e+00,-1.127487374129709043e+07
1.100792687164950810e-05,1.206793555394238918e-05,-7.361117286208948229e+00,-1.131067660461467132e+07
1.101011750386277284e-05,1.205178288530956939e-05,-7.385934207710750599e+00,-1.134666959854868054e+07
1.101230813607603421e-05,1.203557576541405732e-05,-7.410830185061853648e+00,-1.138285292168074846e+07
1.101449876828929726e-05,1.201931402061672288e-05,-7.435805635390986268e+00,-1.141922673950115591e+07
1.101668940050256201e-05,1.200299747636431126e-05,-7.460860976151884927e+00,-1.145579118304120190e+07
1.101888003271582507e-05,1.198662595718878900e-05,-7.485996625046305475e+00,-1.149254634745832533e+07
1.102107066492908981e-05,1.197019928670689847e-05,-7.511212999943820634e+00,-1.152949229057223350e+07
1.102326129714235287e-05,1.195371728761987494e-05,-7.536510518798399616e+00,-1.156662903135043010e+07
1.102545192935561592e-05,1.193717978171335681e-05,-7.561889599561577135e+00,-1.160395654834122956e+07
1.102764256156888067e-05,1.192058658985748386e-05,-7.587350660092154975e+00,-1.164147477805264480e+07
1.102983319378214373e-05,1.190393753200720556e-05,-7.612894118062272675e+00,-1.167918361327510327e+07
1.103202382599540848e-05,1.188723242720280455e-05,-7.638520390859753206e+00,-1.171708290134616755e+07
1.103421445820866984e-05,1.187047109357063695e-05,-7.664229895486547761e+00,-1.175517244235511869e+07
1.103640509042193289e-05,1.185365334832404714e-05,-7.690023048453285881e+00,-1.179345198728556000e+07
1.103859572263519764e-05,1.183677900776463833e-05,-7.715900265669496605e+00,-1.183192123609342426e+07
1.104078635484846070e-05,1.181984788728363286e-05,-7.741861962329771529e+00,-1.187057983571874909e+07
1.104297698706172545e-05,1.180285980136361375e-05,-7.767908552795339538e+00,-1.190942737802835740e+07
1.104516761927498850e-05,1.178581456358048638e-05,-7.794040450471069192e+00,-1.194846339768728986e+07
1.104735825148825156e-05,1.176871198660569943e-05,-7.820258067677808178e+00,-1.198768736995651945e+07
1.104954888370151631e-05,1.175155188220876229e-05,-7.846561815519752514e+00,-1.202709870841426402e+07
1.105173951591477936e-05,1.173433406126006731e-05,-7.872952103746759356e+00,-1.206669676259830408e+07
1.105393014812804411e-05,1.171705833373399678e-05,-7.899429340611404449e+00,-1.210648081556642614e+07
1.105612078034130717e-05,1.169972450871238726e-05,-7.925993932720595936e+00,-1.214645008137220517e+07
1.105831141255456853e-05,1.168233239438830566e-05,-7.952646284881532246e+00,-1.218660370245304704e+07
1.106050204476783328e-05,1.166488179807012178e-05,-7.979386799941963204e+00,-1.222694074692768045e+07
1.106269267698109633e-05,1.164737252618605348e-05,-8.006215878624207249e+00,-1.226746020579928719e+07
1.106488330919436108e-05,1.162980438428892531e-05,-8.033133919353202756e+00,-1.230816099006179348e+07
1.106707394140762414e-05,1.161217717706144046e-05,-8.060141318077940653e+00,-1.234904192770515569e+07
1.106926457362088888e-05,1.159449070832182877e-05,-8.087238468086169974e+00,-1.239010176061622985e+07
1.107145520583415194e-05,1.157674478102984708e-05,-8.114425759812379013e+00,-1.243133914137188904e+07
1.107364583804741499e-05,1.155893919729327095e-05,-8.141703580638498750e+00,-1.247275262992016971e+07
1.107583647026067974e-05,1.154107375837478097e-05,-8.169072314687255698e+00,-1.251434069014554285e+07
1.107802710247394280e-05,1.152314826469935233e-05,-8.196532342607868671e+00,-1.255610168631427735e+07
1.108021773468720585e-05,1.150516251586211527e-05,-8.224084041353787455e+00,-1.259803387939550728e+07
1.108240836690046891e-05,1.148711631063666614e-05,-8.251727783952333084e+00,-1.264013542325370200e+07
1.108459899911373196e-05,1.146900944698399857e-05,-8.279463939265637507e+00,-1.268240436070755869e+07
1.108678963132699671e-05,1.145084172206184279e-05,-8.307292871743033658e+00,-1.272483861945112795e+07
1.108898026354025977e-05,1.143261293223459968e-05,-8.335214941164306168e+00,-1.276743600783187710e+07
1.109117089575352452e-05,1.141432287308384905e-05,-8.363230502373495412e+00,-1.281019421048049629e+07
1.109336152796678757e-05,1.139597133941955589e-05,-8.391339905002778821e+00,-1.285311078378683142e+07
1.109555216018005063e-05,1.137755812529171874e-05,-8.419543493186610661e+00,-1.289618315121744387e+07
1.109774279239331538e-05,1.135908302400275503e-05,-8.447841605265191234e+00,-1.293940859846784733e+07
1.109993342460657843e-05,1.134054582812052675e-05,-8.476234573477217538e+00,-1.298278426844426058e+07
1.110212405681984318e-05,1.132194632949204207e-05,-8.504722723641434001e+00,-1.302630715606828965e+07
1.110431468903310454e-05,1.130328431925791246e-05,-8.533306374826560514e+00,-1.306997410289827920e+07
1.110650532124636760e-05,1.128455958786746038e-05,-8.561985839009347288e+00,-1.311378179156079888e+07
1.110869595345963235e-05,1.126577192509473333e-05,-8.590761420719966068e+00,-1.315772673998477310e+07
1.111088658567289540e-05,1.124692112005514461e-05,-8.619633416674828297e+00,-1.320180529543201067e+07
1.111307721788616015e-05,1.122800696122298318e-05,-8.648602115396036183e+00,-1.324601362831609696e+07
1.111526785009942321e-05,1.120902923644978246e-05,-8.677667796817074120e+00,-1.329034772580207326e+07
1.111745848231268796e-05,1.118998773298369365e-05,-8.706830731873848706e+00,-1.333480338517814875e+07
1.111964911452595101e-05,1.117088223748957731e-05,-8.736091182081521467e+00,-1.337937620699287020e+07
1.112183974673921407e-05,1.115171253607013014e-05,-8.765449399095700755e+00,-1.342406158794734254e+07
1.112403037895247881e-05,1.113247841428795687e-05,-8.794905624257900456e+00,-1.346885471353455819e+07
1.112622101116574018e-05,1.111317965718870789e-05,-8.824460088124537194e+00,-1.351375055041606724e+07
1.112841164337900492e-05,1.109381604932517729e-05,-8.854113009979050375e+00,-1.355874383852667734e+07
1.113060227559226798e-05,1.107438737478266305e-05,-8.883864597326143198e+00,-1.360382908289654925e+07
1.113279290780553103e-05,1.105489341720528603e-05,-8.913715045368036272e+00,-1.364900054518095404e+07
1.113498354001879578e-05,1.103533395982353041e-05,-8.943664536461747971e+00,-1.369425223488652706e+07
1.113717417223205884e-05,1.101570878548294117e-05,-8.973713239556946775e+00,-1.373957790028304979e+07
1.113936480444532359e-05,1.099601767667408873e-05,-9.003861309613583330e+00,-1.378497101898905449e+07
1.114155543665858664e-05,1.097626041556406839e-05,-9.034108886997865184e+00,-1.383042478821766935e+07
1.114374606887184970e-05,1.095643678402902132e-05,-9.064456096857346878e+00,-1.387593211467319354e+07
1.114593670108511445e-05,1.093654656368819887e-05,-9.094903048473057083e+00,-1.392148560408261605e+07
1.114812733329837581e-05,1.091658953593944642e-05,-9.125449834588341247e+00,-1.396707755034975521e+07
1.115031796551164056e-05,1.089656548199611374e-05,-9.156096530713664805e+00,-1.401269992431785166e+07
1.115250859772490361e-05,1.087647418292571523e-05,-9.186843194406067781e+00,-1.405834436212551780e+07
1.115469922993816667e-05,1.085631541969004032e-05,-9.217689864522863985e+00,-1.410400215314134024e+07
1.115688986215143142e-05,1.083608897318697153e-05,-9.248636560448304067e+00,-1.414966422746111453e+07
1.115908049436469447e-05,1.081579462429401852e-05,-9.279683281292433250e+00,-1.419532114295143075e+07
1.116127112657795922e-05,1.079543215391354120e-05,-9.310830005061220049e+00,-1.424096307182298414e+07
1.116346175879122228e-05,1.077500134301983462e-05,-9.342076687796840417e+00,-1.428657978671576083e+07
1.116565239100448533e-05,1.075450197270853127e-05,-9.373423262685937729e+00,-1.433216064627571777e+07
1.116784302321775008e-05,1.073393382424747564e-05,-9.404869639136855142e+00,-1.437769458020776138e+07
1.117003365543101314e-05,1.071329667912988902e-05,-9.436415701823092306e+00,-1.442317007378246076e+07
1.117222428764427619e-05,1.069259031912961812e-05,-9.468061309692190619e+00,-1.446857515177658945e+07
1.117441491985753925e-05,1.067181452635853000e-05,-9.499806294938977658e+00,-1.451389736182654835e+07
1.117660555207080399e-05,1.065096908332640070e-05,-9.531650461941381991e+00,-1.455912375717178546e+07
1.117879618428406705e-05,1.063005377300304170e-05,-9.563593586157947968e+00,-1.460424087876580656e+07
1.118098681649733011e-05,1.060906837888292518e-05,-9.595635412985295432e+00,-1.464923473673036881e+07
1.118317744871059485e-05,1.058801268505231811e-05,-9.627775656574316443e+00,-1.469409079112840258e+07
1.118536808092385791e-05,1.056688647625893889e-05,-9.660013998603718122e+00,-1.473879393203019537e+07
1.118755871313712266e-05,1.054568953798433630e-05,-9.692350087009355519e+00,-1.478332845884617418e+07
1.118974934535038571e-05,1.052442165651967692e-05,-9.724783534665935036e+00,-1.482767805889501981e+07
1.119193997756364877e-05,1.050308261904382127e-05,-9.757313918022390453e+00,-1.487182578518364951e+07
1.119413060977691182e-05,1.048167221370469483e-05,-9.789940775687332675e+00,-1.491575403336609900e+07
1.119632124199017488e-05,1.046019022970364578e-05,-9.822663606963070393e+00,-1.495944451785004325e+07
1.119851187420343963e-05,1.043863645738329924e-05,-9.855481870326185501e+00,-1.500287824701921828e+07
1.120070250641670268e-05,1.041701068831867770e-05,-9.888394981853021903e+00,-1.504603549753822014e+07
1.120289313862996574e-05,1.039531271541193995e-05,-9.921402313587615041e+00,-1.508889578770425729e+07
1.120508377084323049e-05,1.037354233299073347e-05,-9.954503191850148980e+00,-1.513143784980979003e+07
1.120727440305649354e-05,1.035169933691023987e-05,-9.987696895483875181e+00,-1.517363960147887468e+07
1.120946503526975829e-05,1.032978352465899981e-05,-1.002098265403839683e+01,-1.521547811593848467e+07
1.121165566748302135e-05,1.030779469546869185e-05,-1.005435964588713738e+01,-1.525692959118501656e+07
1.121384629969628440e-05,1.028573265042895962e-05,-1.008782699627379387e+01,-1.529796931799846515e+07
1.121603693190954915e-05,1.026359719260582534e-05,-1.012138377528913935e+01,-1.533857164676789567e+07
1.121822756412281051e-05,1.024138812716474677e-05,-1.015502899577387019e+01,-1.537870995308037288e+07
1.122041819633607526e-05,1.021910526149825151e-05,-1.018876161114428847e+01,-1.541835660202464275e+07
1.122260882854933832e-05,1.019674840535866537e-05,-1.022258051313831650e+01,-1.545748291116255522e+07
1.122479946076260137e-05,1.017431737099572477e-05,-1.025648452947905120e+01,-1.549605911211742833e+07
1.122699009297586612e-05,1.015181197329959477e-05,-1.029047242145228935e+01,-1.553405431072623841e+07
1.122918072518912918e-05,1.012923202994920330e-05,-1.032454288139512144e+01,-1.557143644570147991e+07
1.123137135740239392e-05,1.010657736156610290e-05,-1.035869453009241958e+01,-1.560817224574677646e+07
1.123356198961565698e-05,1.008384779187393996e-05,-1.039292591407811628e+01,-1.564422718506836891e+07
1.123575262182892173e-05,1.006104314786372270e-05,-1.042723550283806411e+01,-1.567956543722305633e+07
1.123794325404218478e-05,1.003816325996654306e-05,-1.046162168590692687e+01,-1.571414982723241113e+07
1.124013388625544614e-05,1.001520796223198552e-05,-1.049608276985965460e+01,-1.574794178190568835e+07
1.124232451846871089e-05,9.992177092512932802e-06,-1.053061697519355100e+01,-1.578090127830543928e+07
1.124451515068197395e-05,9.969070492657727101e-06,-1.056522243309372833e+01,-1.581298679027880356e+07
1.124670578289523870e-05,9.945888008709307559e-06,-1.059989718208005449e+01,-1.584415523298775777e+07
1.124889641510850175e-05,9.922629491112084502e-06,-1.063463916452998426e+01,-1.587436190536151826e+07
1.125108704732176481e-05,9.899294794926648741e-06,-1.066944622307272539e+01,-1.590356043039339036e+07
1.125327767953502956e-05,9.875883780052470087e-06,-1.070431609685010876e+01,-1.593170269320224598e+07
1.125546831174829261e-05,9.852396311458815471e-06,-1.073924641763941246e+01,-1.595873877677603997e+07
1.125765894396155736e-05,9.828832259424032366e-06,-1.077423470583353726e+01,-1.598461689531325921e+07
1.125984957617482042e-05,9.805191499783416035e-06,-1.080927836627373750e+01,-1.600928332507470064e+07
1.126204020838808178e-05,9.781473914187969630e-06,-1.084437468392435377e+01,-1.603268233264624327e+07
1.126423084060134653e-05,9.757679390372217372e-06,-1.087952081938780857e+01,-1.605475610052236170e+07
1.126642147281460958e-05,9.733807822431167386e-06,-1.091471380425721449e+01,-1.607544464992323332e+07
1.126861210502787433e-05,9.709859111108133496e-06,-1.094995053629412318e+01,-1.609468576072915085e+07
1.127080273724113739e-05,9.685833164093200835e-06,-1.098522777442851606e+01,-1.611241488843808882e+07
1.127299336945440044e-05,9.661729896333107770e-06,-1.102054213357317458e+01,-1.612856507803691179e+07
1.127518400166766519e-05,9.637549230352825344e-06,-1.105589007924552369e+01,-1.614306687467578612e+07
1.127737463388092825e-05,9.613291096589112079e-06,-1.109126792198997435e+01,-1.615584823103248514e+07
1.127956526609419299e-05,9.588955433736320256e-06,-1.112667181159389607e+01,-1.616683441125100292e+07
1.128175589830745605e-05,9.564542189104680687e-06,-1.116209773109028447e+01,-1.617594789133602753e+07
1.128394653052072080e-05,9.540051318991394627e-06,-1.119754149054021575e+01,-1.618310825588278845e+07
1.128613716273398216e-05,9.515482789067422899e-06,-1.123299872058075088e+01,-1.618823209100649506e+07
1.128832779494724522e-05,9.490836574779155693e-06,-1.126846486573126960e+01,-1.619123287334085442e+07
1.129051842716050996e-05,9.466112661762313523e-06,-1.130393517746079901e+01,-1.619202085499685071e+07
1.129270905937377302e-05,9.441311046272854907e-06,-1.133940470699331726e+01,-1.619050294431805052e+07
1.129489969158703777e-05,9.416431735633462683e-06,-1.137486829784889153e+01,-1.618658258230913617e+07
1.129709032380030082e-05,9.391474748697084483e-06,-1.141032057810860856e+01,-1.618015961459244601e+07
1.129928095601356388e-05,9.366440116327974603e-06,-1.144575595239335364e+01,-1.617113015874774754e+07
1.130147158822682863e-05,9.341327881900615040e-06,-1.148116859354654551e+01,-1.615938646688859537e+07
1.130366222044009168e-05,9.316138101816903648e-06,-1.151655243401082984e+01,-1.614481678332693316e+07
1.130585285265335643e-05,9.290870846041999041e-06,-1.155190115688886721e+01,-1.612730519717673957e+07
1.130804348486661779e-05,9.265526198659238978e-06,-1.158720818667824304e+01,-1.610673148974622600e+07
1.131023411707988085e-05,9.240104258447462773e-06,-1.162246667966252645e+01,-1.608297097655636258e+07
1.131242474929314560e-05,9.214605139482799409e-06,-1.165766951394109974e+01,-1.605589434381876141e+07
1.131461538150640865e-05,9.189028971756322265e-06,-1.169280927911175993e+01,-1.602536747925602272e+07
1.131680601371967340e-05,9.163375901818366753e-06,-1.172787826556625213e+01,-1.599125129706762359e+07
1.131899664593293646e-05,9.137646093445490834e-06,-1.176286845339915210e+01,-1.595340155690478534e+07
1.132118727814619951e-05,9.111839728332868553e-06,-1.179777150091223881e+01,-1.591166867669366300e+07
1.132337791035946426e-05,9.085957006812726437e-06,-1.183257873270101257e+01,-1.586589753915263712e+07
1.132556854257272732e-05,9.059998148599329308e-06,-1.186728112730999207e+01,-1.581592729185137898e+07
1.132775917478599207e-05,9.033963393561150762e-06,-1.190186930444339808e+01,-1.576159114066438191e+07
1.132994980699925343e-05,9.007853002520729765e-06,-1.193633351171789414e+01,-1.570271613647538051e+07
1.133214043921251648e-05,8.981667258082716516e-06,-1.197066361094416997e+01,-1.563912295499561727e+07
1.133433107142578123e-05,8.955406465494247854e-06,-1.200484906391524298e+01,-1.557062566955880634e+07
1.133652170363904429e-05,8.929070953543135914e-06,-1.203887891767331375e+01,-1.549703151675442047e+07
1.133871233585230903e-05,8.902661075478325277e-06,-1.207274178928065389e+01,-1.541814065481596813e+07
1.134090296806557209e-05,8.876177209970060721e-06,-1.210642585003960470e+01,-1.533374591463041678e+07
1.134309360027883684e-05,8.849619762103311179e-06,-1.213991880916363009e+01,-1.524363254328909889e+07
1.134528423249209989e-05,8.822989164408566481e-06,-1.217320789687605220e+01,-1.514757794009696320e+07
1.134747486470536295e-05,8.796285877930886112e-06,-1.220627984692074008e+01,-1.504535138497975841e+07
1.134966549691862770e-05,8.769510393337999569e-06,-1.223912087846922248e+01,-1.493671375924761593e+07
1.135185612913189075e-05,8.742663232068212186e-06,-1.227171667740884331e+01,-1.482141725869434513e+07
1.135404676134515381e-05,8.715744947518953300e-06,-1.230405237699644516e+01,-1.469920509903602116e+07
1.135623739355841686e-05,8.688756126276552888e-06,-1.233611253786228446e+01,-1.456981121371686459e+07
1.135842802577167992e-05,8.661697389391691926e-06,-1.236788112734127409e+01,-1.443295994414664991e+07
1.136061865798494467e-05,8.634569393711424376e-06,-1.239934149809605124e+01,-1.428836572248568013e+07
1.136280929019820772e-05,8.607372833243313583e-06,-1.243047636606712736e+01,-1.413573274707085453e+07
1.136499992241147247e-05,8.580108440576219930e-06,-1.246126778768998378e+01,-1.397475465070237406e+07
1.136719055462473553e-05,8.552776988349664139e-06,-1.249169713638410606e+01,-1.380511416200988553e+07
1.136938118683799858e-05,8.525379290776553649e-06,-1.252174507828821071e+01,-1.362648276016627438e+07
1.137157181905126333e-05,8.497916205220717100e-06,-1.255139154722989403e+01,-1.343852032329964079e+07
1.137376245126452639e-05,8.470388633830292180e-06,-1.258061571891913033e+01,-1.324087477101536281e+07
1.137595308347778944e-05,8.442797525227922271e-06,-1.260939598435491149e+01,-1.303318170150663331e+07
1.137814371569105250e-05,8.415143876258690252e-06,-1.263770992243457236e+01,-1.281506402380436845e+07
1.138033434790431555e-05,8.387428733797105742e-06,-1.266553427175478497e+01,-1.258613158579995483e+07
1.138252498011758030e-05,8.359653196616386540e-06,-1.269284490159026824e+01,-1.234598079877381586e+07
1.138471561233084336e-05,8.331818417337122289e-06,-1.271961678203135726e+01,-1.209419425942708179e+07
1.138690624454410810e-05,8.303925604423453309e-06,-1.274582395331297313e+01,-1.183034037011213042e+07
1.138909687675737116e-05,8.275976024254806462e-06,-1.277143949430113423e+01,-1.155397295854041725e+07
1.139128750897063591e-05,8.247971003266555773e-06,-1.279643549015764847e+01,-1.126463089817850478e+07
1.139347814118389896e-05,8.219911930163048479e-06,-1.282078299916442710e+01,-1.096183773063288257e+07
1.139566877339716202e-05,8.191800258205059849e-06,-1.284445201872084041e+01,-1.064510129159725085e+07
1.139785940561042677e-05,8.163637507572737282e-06,-1.286741145053011870e+01,-1.031391334209433757e+07
1.140005003782368813e-05,8.135425267805178860e-06,-1.288962906499074812e+01,-9.967749206918334588e+06
1.140224067003695288e-05,8.107165200317605208e-06,-1.291107146480895373e+01,-9.606067422366300598e+06
1.140443130225021593e-05,8.078859040997564598e-06,-1.293170404784802763e+01,-9.228309395552607253e+06
1.140662193446347899e-05,8.050508602882222838e-06,-1.295149096923216803e+01,-8.833899077834548429e+06
1.140881256667674374e-05,8.022115778933373644e-06,-1.297039510277387819e+01,-8.422242655609408394e+06
1.141100319889000679e-05,7.993682544882434272e-06,-1.298837800173457957e+01,-7.992728260965544730e+06
1.141319383110327154e-05,7.965210962164936950e-06,-1.300539985896872608e+01,-7.544725705904076807e+06
1.141538446331653460e-05,7.936703180945893404e-06,-1.302141946654522897e+01,-7.077586244057783857e+06
1.141757509552979765e-05,7.908161443233445610e-06,-1.303639417485416629e+01,-6.590642363660307601e+06
1.141976572774306240e-05,7.879588086082422337e-06,-1.305027985129257040e+01,-6.083207616316451691e+06
1.142195635995632376e-05,7.850985544888468908e-06,-1.306303083862763792e+01,-5.554576486478305422e+06
1.142414699216958851e-05,7.822356356773309242e-06,-1.307459991313582037e+01,-5.004024306898090057e+06
1.142633762438285157e-05,7.793703164062141365e-06,-1.308493824261589999e+01,-4.430807225724907592e+06
1.142852825659611462e-05,7.765028717853359510e-06,-1.309399534437473989e+01,-3.834162231307263952e+06
1.143071888880937937e-05,7.736335881681224530e-06,-1.310171904329035009e+01,-3.213307241227908526e+06
1.143290952102264243e-05,7.707627635268165644e-06,-1.310805543025454512e+01,-2.567441263424712233e+06
1.143510015323590718e-05,7.678907078369932241e-06,-1.311294882099777581e+01,-1.895744636414133711e+06
1.143729078544917023e-05,7.650177434703905687e-06,-1.311634171548636552e+01,-1.197379356721102959e+06
1.143948141766243498e-05,7.621442055975290017e-06,-1.311817475823842294e+01,-4.714895034886620124e+05
1.144167204987569803e-05,7.592704425986478729e-06,-1.311838669962273052e+01,2.827982313132161507e+05
1.144386268208895940e-05,7.563968164825975759e-06,-1.311691435843184017e+01,1.066373896778954426e+06
1.144605331430222414e-05,7.535237033135456085e-06,-1.311369258602666399e+01,1.880143510118761798e+06
1.144824394651548720e-05,7.506514936454046095e-06,-1.310865423234996108e+01,2.725028145349980798e+06
1.145043457872875195e-05,7.477805929638046644e-06,-1.310173011410601340e+01,3.601962871560005471e+06
1.145262521094201500e-05,7.449114221355193303e-06,-1.309284898540381370e+01,4.511895528078407981e+06
1.145481584315527806e-05,7.420444178650164796e-06,-1.308193751116851011e+01,5.455785323362471536e+06
1.145700647536854281e-05,7.391800331518307651e-06,-1.306892024404483443e+01,6.434601243655829690e+06
1.145919710758180586e-05,7.363187377558843884e-06,-1.305371960497231321e+01,7.449320255656004883e+06
1.146138773979507061e-05,7.334610186662091288e-06,-1.303625586772304423e+01,8.500925289850607514e+06
1.146357837200833367e-05,7.306073805734446148e-06,-1.301644714836871763e+01,9.590402985845550895e+06
1.146576900422159672e-05,7.277583463439832278e-06,-1.299420939984255874e+01,1.071874118551396392e+07
1.146795963643485978e-05,7.249144574933778322e-06,-1.296945641225355672e+01,1.188692615718265995e+07
1.147015026864812283e-05,7.220762746583130233e-06,-1.294209981961723521e+01,1.309593953328632936e+07
1.147234090086138758e-05,7.192443780664870832e-06,-1.291204911366779839e+01,1.434675494375837967e+07
1.147453153307465064e-05,7.164193680036724701e-06,-1.287921166541565654e+01,1.564033432743025385e+07
1.147672216528791369e-05,7.136018652773033877e-06,-1.284349275511510058e+01,1.697762390378012881e+07
1.147891279750117844e-05,7.107925116757392516e-06,-1.280479561130868049e+01,1.835954978769134730e+07
1.148110342971444150e-05,7.079919704057516160e-06,-1.276302146004105964e+01,1.978701323540035635e+07
1.148329406192770625e-05,7.052009265217787029e-06,-1.271806958504906504e+01,2.126088549957492948e+07
1.148548469414096930e-05,7.024200873480503695e-06,-1.266983739925890795e+01,2.278200227923890203e+07
1.148767532635423405e-05,6.996501828795643580e-06,-1.261822052927718119e+01,2.435115775140209869e+07
1.148986595856749541e-05,6.968919661647533346e-06,-1.256311291330497859e+01,2.596909817227857932e+07
1.149205659078075847e-05,6.941462136623934025e-06,-1.250440691347693267e+01,2.763651503963487595e+07
1.149424722299402322e-05,6.914137255708468250e-06,-1.244199344365235405e+01,2.935403780769038573e+07
1.149643785520728627e-05,6.886953261276459750e-06,-1.237576211368398127e+01,3.112222614875116572e+07
1.149862848742055102e-05,6.859918638775119230e-06,-1.230560139119150165e+01,3.294156175884523615e+07
1.150081911963381407e-05,6.833042119068478859e-06,-1.223139878186600171e+01,3.481243970824437588e+07
1.150300975184707713e-05,6.806332680427623229e-06,-1.215304102933174768e+01,3.673515934182825685e+07
1.150520038406034188e-05,6.779799549889294630e-06,-1.207041433500609884e+01,3.870991475709567219e+07
1.150739101627360493e-05,6.753452204029064726e-06,-1.198340459909942446e+01,4.073678487275245041e+07
1.150958164848686968e-05,6.727300369502197274e-06,-1.189189768458853358e+01,4.281572308313514292e+07
1.151177228070013274e-05,6.701354022779417048e-06,-1.179577970374454488e+01,4.494654656614605337e+07
1.151396291291339410e-05,6.675623389284720082e-06,-1.169493732868743763e+01,4.712892526543629915e+07
1.151615354512665885e-05,6.650118941798509041e-06,-1.158925812627894913e+01,4.936237060128895193e+07
1.151834417733992190e-05,6.624851398086450693e-06,-1.147863091780830125e+01,5.164622396680399776e+07
1.152053480955318665e-05,6.599831717713743492e-06,-1.136294616392243917e+01,5.397964507492931187e+07
1.152272544176644971e-05,6.575071098005234590e-06,-1.124209637525534689e+01,5.636160023119287193e+07
1.152491607397971276e-05,6.550580969111327564e-06,-1.111597654920920419e+01,5.879085061686821282e+07
1.152710670619297751e-05,6.526372988139859275e-06,-1.098448463334084124e+01,6.126594067750225961e+07
1.152929733840624057e-05,6.502459032153443873e-06,-1.084752201278568862e+01,6.378518674920115620e+07
1.153148797061950532e-05,6.478851189844533983e-06,-1.070499401841300546e+01,6.634666606956394017e+07
1.153367860283276837e-05,6.455561752552631221e-06,-1.055681046573631221e+01,6.894820619943901896e+07
1.153586923504602973e-05,6.432603203772679456e-06,-1.040288621173556294e+01,7.158737511795634031e+07
1.153805986725929448e-05,6.409988207445999833e-06,-1.024314173383732296e+01,7.426147209455296397e+07
1.154025049947255754e-05,6.387729594996373585e-06,-1.007750372796897054e+01,7.696751950937138498e+07
1.154244113168582229e-05,6.365840351060844542e-06,-9.905905722960733684e+00,7.970225580014224350e+07
1.154463176389908534e-05,6.344333597866209964e-06,-9.728288708588227252e+00,8.246212971971173584e+07
1.154682239611235009e-05,6.323222578201739775e-06,-9.544601774545576234e+00,8.524329609322269261e+07
1.154901302832561314e-05,6.302520636938826023e-06,-9.354802757640042543e+00,8.804161326702806354e+07
1.155120366053887620e-05,6.282241201048220342e-06,-9.158858894498958847e+00,9.085264244253467023e+07
1.155339429275214095e-05,6.262397758269823279e-06,-8.956747473029503581e+00,9.367164908209374547e+07
1.155558492496540400e-05,6.243003834676229941e-06,-8.748456468694715937e+00,9.649360658262629807e+07
1.155777555717866706e-05,6.224072970368662872e-06,-8.533985184837041160e+00,9.931320237464039028e+07
1.155996618939193011e-05,6.205618694048372124e-06,-8.313344868322488423e+00,1.021248466347025931e+08
1.156215682160519317e-05,6.187654496065602874e-06,-8.086559304166730300e+00,1.049226837642100900e+08
1.156434745381845792e-05,6.170193800324609473e-06,-7.853665382847828447e+00,1.077006067274014354e+08
1.156653808603172097e-05,6.153249935072914497e-06,-7.614713633231785295e+00,1.104522743536832184e+08
1.156872871824498572e-05,6.136836102592575079e-06,-7.369768714144405486e+00,1.131711316809149832e+08
1.157091935045824878e-05,6.120965347811409395e-06,-7.118909857624169391e+00,1.158504333834073395e+08
1.157310998267151183e-05,6.105650525852028577e-06,-6.862231256890614972e+00,1.184832702918848842e+08
1.157530061488477658e-05,6.090904268536598142e-06,-6.599842392062766905e+00,1.210625989727052301e+08
1.157749124709803964e-05,6.076738950310203616e-06,-6.331868288495003050e+00,1.235812742296998501e+08
1.157968187931130439e-05,6.063166655302525108e-06,-6.058449706947343749e+00,1.260320841700749099e+08
1.158187251152456575e-05,6.050199141785909634e-06,-5.779743245016978115e+00,1.284077881651723385e+08
1.158406314373782880e-05,6.037847807572331180e-06,-5.495921356801355628e+00,1.307011570116551518e+08
1.158625377595109355e-05,6.026123655359621114e-06,-5.207172280968646483e+00,1.329050151515288055e+08
1.158844440816435661e-05,6.015037258321273092e-06,-4.913699875693546382e+00,1.350122845841421187e+08
1.159063504037762136e-05,6.004598726183163998e-06,-4.615723357172136332e+00,1.370160300700218976e+08
1.159282567259088441e-05,5.994817671981565514e-06,-4.313476938182017939e+00,1.389095051918141246e+08
1.159501630480414747e-05,5.985703179696919143e-06,-4.007209363155518567e+00,1.406861988000478446e+08
1.159720693701741222e-05,5.977263772957796707e-06,-3.697183336233506701e+00,1.423398813386078477e+08
1.159939756923067527e-05,5.969507385118831291e-06,-3.383674851419776974e+00,1.438646504855499566e+08
1.160158820144394002e-05,5.962441331205710399e-06,-3.066972443549969896e+00,1.452549755012427270e+08
1.160377883365720138e-05,5.956072281121137741e-06,-2.747376314382096840e+00,1.465057399105871320e+08
1.160596946587046613e-05,5.950406235224542172e-06,-2.425197383009505714e+00,1.476122817676018775e+08
1.160816009808372918e-05,5.945448502071415720e-06,-2.100756247694778089e+00,1.485704310479546189e+08
1.161035073029699224e-05,5.941203678345602119e-06,-1.774382070875326400e+00,1.493765436701576412e+08
1.161254136251025699e-05,5.937675631248952441e-06,-1.446411394957391128e+00,1.500275316549903452e+08
1.161473199472352004e-05,5.934867483612757630e-06,-1.117186896403042473e+00,1.505208889753699601e+08
1.161692262693678479e-05,5.932781601995334693e-06,-7.870560856166376462e-01,1.508547126993658245e+08
1.161911325915004785e-05,5.931419588026150433e-06,-4.563699601926687333e-01,1.510277190873994827e+08
1.162130389136331090e-05,5.930782271970436958e-06,-1.254816387893693264e-01,1.510392545638119280e+08
1.162349452357657565e-05,5.930869709008311470e-06,2.052550165594561049e-01,1.508893013456531465e+08
1.162568515578983871e-05,5.931681179726701663e-06,5.354868046977900864e-01,1.505784774193893373e+08
1.162787578800310176e-05,5.933215193028846296e-06,8.648625701520307185e-01,1.501080311328206658e+08
1.163006642021636482e-05,5.935469492149633499e-06,1.193034572990274267e+00,1.494798303797023594e+08
1.163225705242962787e-05,5.938441063493931336e-06,1.519659829529318440e+00,1.486963465733729005e+08
1.163444768464289262e-05,5.942126148358326086e-06,1.844401412734344659e+00,1.477606336284068525e+08
1.163663831685615568e-05,5.946520257596680342e-06,2.166929701146833143e+00,1.466763022384687364e+08
1.163882894906942043e-05,5.951618189289922994e-06,2.486923565181919926e+00,1.454474898027385473e+08
1.164101958128268348e-05,5.957414048747392280e-06,2.804071483332059245e+00,1.440788265083392262e+08
1.164321021349594654e-05,5.963901269798230328e-06,3.118072585336244984e+00,1.425753981589963734e+08
1.164540084570921129e-05,5.971072639870159331e-06,3.428637604557137397e+00,1.409427059006114900e+08
1.164759147792247434e-05,5.978920326223509850e-06,3.735489741609198777e+00,1.391866237205332518e+08
1.164978211013573740e-05,5.987435904149416886e-06,4.038365431586914411e+00,1.373133541351694763e+08
1.165197274234900045e-05,5.996610386700067316e-06,4.337015014388281742e+00,1.353293826491315961e+08
1.165416337456226351e-05,6.006434255756300533e-06,4.631203305936695713e+00,1.332414315326651782e+08
1.165635400677552825e-05,6.016897494242185732e-06,4.920710068092278178e+00,1.310564134511360079e+08
1.165854463898879131e-05,6.027989619295923098e-06,5.205330375034999513e+00,1.287813854611309916e+08
1.166073527120205606e-05,6.039699716206594076e-06,5.484874873907141790e+00,1.264235038622223139e+08
1.166292590341531911e-05,6.052016472828301097e-06,5.759169946242725935e+00,1.239899803466515988e+08
1.166511653562858386e-05,6.064928213828722539e-06,6.028057806619407266e+00,1.214880397871228904e+08
1.166730716784184692e-05,6.078422935602623267e-06,6.291396471970704063e+00,1.189248800978995413e+08
1.166949780005510997e-05,6.092488340759937800e-06,6.549059662125634951e+00,1.163076344174362570e+08
1.167168843226837303e-05,6.107111872260595846e-06,6.800936618927618582e+00,1.136433358781297654e+08
1.167387906448163608e-05,6.122280747180381129e-06,7.046931851454949935e+00,1.109388851348941773e+08
1.167606969669490083e-05,6.137981989891029669e-06,7.286964813831679599e+00,1.082010208043763638e+08
1.167826032890816389e-05,6.154202464443338661e-06,7.520969521287252491e+00,1.054362929218551069e+08
1.168045096112142694e-05,6.170928905941595495e-06,7.748894110116103739e+00,1.026510394783940464e+08
1.168264159333469169e-05,6.188147950698358093e-06,7.970700347197436919e+00,9.985136605876944959e+07
1.168483222554795475e-05,6.205846165616611622e-06,8.186363102371226219e+00,9.704312845939309895e+07
1.168702285776121950e-05,6.224010076642435272e-06,8.395869789788520166e+00,9.423191823004442453e+07
1.168921348997448255e-05,6.242626195302041365e-06,8.599219771524960976e+00,9.142305119434238970e+07
1.169140412218774561e-05,6.261681044255377859e-06,8.796423744149146629e+00,8.862155865578904748e+07
1.169359475440101036e-05,6.281161181368011040e-06,8.987503108147876674e+00,8.583218121696865559e+07
1.169578538661427172e-05,6.301053222479269499e-06,9.172489326964122114e+00,8.305936502167209983e+07
1.169797601882753647e-05,6.321343862809632225e-06,9.351423280139618655e+00,8.030726025154821575e+07
1.170016665104079952e-05,6.342019896949969236e-06,9.524354615050894424e+00,7.757972169875933230e+07
1.170235728325406258e-05,6.363068237375897113e-06,9.691341101732767527e+00,7.488031122885024548e+07
1.170454791546732733e-05,6.384475931429836678e-06,9.852447995278094339e+00,7.221230194372016191e+07
1.170673854768059038e-05,6.406230176715641992e-06,1.000774741029955628e+01,6.957868385254243016e+07
1.170892917989385513e-05,6.428318335707911228e-06,1.015731770827370894e+01,6.698217080684108287e+07
1.171111981210711818e-05,6.450727949220622838e-06,1.030124289921248248e+01,6.442520856342946738e+07
1.171331044432038293e-05,6.473446747592913739e-06,1.043961206598843461e+01,6.190998386484029889e+07
1.171550107653364599e-05,6.496462661362754933e-06,1.057251880692811419e+01,5.943843425661531836e+07
1.171769170874690735e-05,6.519763830574103797e-06,1.070006070140247445e+01,5.701225854687710106e+07
1.171988234096017210e-05,6.543338612926074231e-06,1.082233879890421058e+01,5.463292775264068693e+07
1.172207297317343515e-05,6.567175590825421071e-06,1.093945713226256977e+01,5.230169639950094372e+07
1.172426360538669990e-05,6.591263577404318697e-06,1.105152225564977719e+01,5.001961405167780071e+07
1.172645423759996296e-05,6.615591621564749707e-06,1.115864280802960273e+01,4.778753695992029458e+07
1.172864486981322601e-05,6.640149012111205772e-06,1.126092910270084069e+01,4.560613972507706285e+07
1.173083550202649076e-05,6.664925281033279117e-06,1.135849274358760042e+01,4.347592688530180603e+07
1.173302613423975382e-05,6.689910205892732662e-06,1.145144626522051468e+01,4.139724437147824466e+07
1.173521676645301857e-05,6.715093811422741419e-06,1.153990279405863362e+01,3.937029077093035728e+07
1.173740739866628162e-05,6.740466370548149609e-06,1.162397574112624632e+01,3.739512827611823380e+07
1.173959803087954468e-05,6.766018404680213567e-06,1.170377851406637504e+01,3.547169334420870990e+07
1.174178866309280773e-05,6.791740683449288302e-06,1.177942425308097540e+01,3.359980699307674915e+07
1.174397929530607079e-05,6.817624223840317721e-06,1.185102558897957969e+01,3.177918471247963607e+07
1.174616992751933554e-05,6.843660288798783573e-06,1.191869442243705102e+01,3.000944596463274583e+07
1.174836055973259859e-05,6.869840385375699054e-06,1.198254172356682368e+01,2.829012325468065590e+07
1.175055119194586165e-05,6.896156262479474102e-06,1.204267735091393199e+01,2.662067075735557452e+07
1.175274182415912640e-05,6.922599908302938468e-06,1.209920988897336791e+01,2.500047249124902487e+07
1.175493245637238945e-05,6.949163547493636726e-06,1.215224650333888334e+01,2.342885003673466295e+07
1.175712308858565420e-05,6.975839637903997483e-06,1.220189281205148824e+01,2.190506981130781397e+07
1.175931372079891725e-05,7.002620866714241658e-06,1.224825277145062508e+01,2.042834992079310864e+07
1.176150435301218200e-05,7.029500146998994569e-06,1.229142857812614942e+01,1.899786653138881549e+07
1.176369498522544337e-05,7.056470613698533808e-06,1.233152058352902358e+01,1.761275983773649111e+07
1.176588561743870642e-05,7.083525619517553117e-06,1.236862722131978209e+01,1.627213960966911539e+07
1.176807624965197117e-05,7.110658730652027711e-06,1.240284494639353596e+01,1.497509033812815510e+07
1.177026688186523422e-05,7.137863722377650693e-06,1.243426818476504891e+01,1.372067599435962364e+07
1.177245751407849897e-05,7.165134574536939764e-06,1.246298929350586171e+01,1.250794441748843901e+07
1.177464814629176203e-05,7.192465466962642827e-06,1.248909852992600911e+01,1.133593134649826400e+07
1.177683877850502508e-05,7.219850774874848294e-06,1.251268402919276213e+01,1.020366411337411031e+07
1.177902941071828983e-05,7.247285064289259292e-06,1.253383178957878741e+01,9.110165014676894993e+06
1.178122004293155289e-05,7.274763087366793889e-06,1.255262566470783803e+01,8.054454381867449731e+06
1.178341067514481764e-05,7.302279777448239000e-06,1.256914736275295930e+01,7.035553373147837818e+06
1.178560130735807900e-05,7.329830244562490568e-06,1.258347645074973897e+01,6.052486483431694098e+06
1.178779193957134205e-05,7.357409770706182945e-06,1.259569036450179880e+01,5.104283808980474249e+06
1.178998257178460680e-05,7.385013805195132268e-06,1.260586442313552169e+01,4.189983074739739764e+06
1.179217320399786986e-05,7.412637960047573215e-06,1.261407184780417445e+01,3.308631441905013751e+06
1.179436383621113461e-05,7.440278005404597449e-06,1.262038378413664574e+01,2.459287110672876239e+06
1.179655446842439766e-05,7.467929865001464013e-06,1.262486932801733097e+01,1.641020732484550914e+06
1.179874510063766072e-05,7.495589611703275758e-06,1.262759555428367619e+01,8.529166456349908840e+05
1.180093573285092547e-05,7.523253463118555701e-06,1.262862754792785580e+01,9.407394764552181005e+04
1.180312636506418852e-05,7.550917777304253807e-06,1.262802843738910674e+01,-6.363925826981001301e+05
1.180531699727745327e-05,7.578579048546063478e-06,1.262585942963480257e+01,-1.339351701078747399e+06
1.180750762949071633e-05,7.606233903078718127e-06,1.262217984735212184e+01,-2.015655039525552653e+06
1.180969826170397769e-05,7.633879095072123965e-06,1.261704716683962957e+01,-2.666136566171566490e+06
1.181188889391724244e-05,7.661511502622626651e-06,1.261051705721134297e+01,-3.291612150253365282e+06
1.181407952613050549e-05,7.689128123835541515e-06,1.260264342046512454e+01,-3.892879224002519622e+06
1.181627015834377024e-05,7.716726072999159091e-06,1.259347843214863616e+01,-4.470716532197136432e+06
1.181846079055703329e-05,7.744302576846162769e-06,1.258307258248698446e+01,-5.025883961233136244e+06
1.182065142277029804e-05,7.771854970904719276e-06,1.257147471781987491e+01,-5.559122440125409514e+06
1.182284205498356110e-05,7.799380695941257087e-06,1.255873208219604820e+01,-6.071153906298871152e+06
1.182503268719682415e-05,7.826877294497050350e-06,1.254489035897279336e+01,-6.562681329470427707e+06
1.182722331941008890e-05,7.854342407520661527e-06,1.252999371226829162e+01,-7.034388787342271768e+06
1.182941395162335196e-05,7.881773771093993032e-06,1.251408482814465728e+01,-7.486941587297081016e+06
1.183160458383661501e-05,7.909169213214636070e-06,1.249720495570119994e+01,-7.920986429512908682e+06
1.183379521604987807e-05,7.936526650705003370e-06,1.247939394755993625e+01,-8.337151605907755904e+06
1.183598584826314112e-05,7.963844086199026412e-06,1.246069029992422017e+01,-8.736047230762448162e+06
1.183817648047640587e-05,7.991119605211687398e-06,1.244113119214503804e+01,-9.118265499077046290e+06
1.184036711268966893e-05,8.018351373297113603e-06,1.242075252566693422e+01,-9.484380968699272722e+06
1.184255774490293368e-05,8.045537633291705357e-06,1.239958896232982255e+01,-9.834950862885324284e+06
1.184474837711619673e-05,8.072676702640400314e-06,1.237767396199336645e+01,-1.017051539020450413e+07
1.184693900932945979e-05,8.099766970804279993e-06,1.235503981945069540e+01,-1.049159807894943096e+07
1.184912964154272454e-05,8.126806896747661881e-06,1.233171770059811578e+01,-1.079870612344511412e+07
1.185132027375598759e-05,8.153795006502830586e-06,1.230773767782760153e+01,-1.109233073986811563e+07
1.185351090596925234e-05,8.180729890811167969e-06,1.228312876461225578e+01,-1.137294752941662073e+07
1.185570153818251370e-05,8.207610202845442581e-06,1.225791894933130521e+01,-1.164101684729634784e+07
1.185789217039577676e-05,8.234434655998306595e-06,1.223213522826046784e+01,-1.189698417530318908e+07
1.186008280260904151e-05,8.261202021744321961e-06,1.220580363773010824e+01,-1.214128049664231576e+07
1.186227343482230456e-05,8.287911127570663999e-06,1.217894928548566469e+01,-1.237432267173207365e+07
1.186446406703556931e-05,8.314560854976214434e-06,1.215159638121424024e+01,-1.259651381361461617e+07
1.186665469924883237e-05,8.341150137537680140e-06,1.212376826624650583e+01,-1.280824366191571020e+07
1.186884533146209711e-05,8.367677959040249031e-06,1.209548744244235507e+01,-1.300988895439193211e+07
1.187103596367536017e-05,8.394143351670236891e-06,1.206677560026878560e+01,-1.320181379521002248e+07
1.187322659588862322e-05,8.420545394267212868e-06,1.203765364607841448e+01,-1.338437001920204051e+07
1.187541722810188797e-05,8.446883210633059132e-06,1.200814172859706908e+01,-1.355789755143034458e+07
1.187760786031514933e-05,8.473155967896099528e-06,1.197825926462826551e+01,-1.372272476148401015e+07
1.187979849252841408e-05,8.499362874944517226e-06,1.194802496397052671e+01,-1.387916881212761626e+07
1.188198912474167714e-05,8.525503180902679667e-06,1.191745685359598284e+01,-1.402753600175678357e+07
1.188417975695494019e-05,8.551576173658171986e-06,1.188657230108143281e+01,-1.416812210032977723e+07
1.188637038916820494e-05,8.577581178442633962e-06,1.185538803731258284e+01,-1.430121267856358364e+07
1.188856102138146800e-05,8.603517556460759272e-06,1.182392017847386434e+01,-1.442708343010165542e+07
1.189075165359473275e-05,8.629384703567729773e-06,1.179218424733752535e+01,-1.454600048647827096e+07
1.189294228580799580e-05,8.655182048992985877e-06,1.176019519386989565e+01,-1.465822072473820113e+07
1.189513291802125886e-05,8.680909054108135818e-06,1.172796741517272956e+01,-1.476399206760831363e+07
1.189732355023452361e-05,8.706565211236877747e-06,1.169551477477751433e+01,-1.486355377615320496e+07
1.189951418244778497e-05,8.732150042504778118e-06,1.166285062131062489e+01,-1.495713673487771489e+07
1.190170481466104972e-05,8.757663098727056441e-06,1.162998780654670306e+01,-1.504496372926835902e+07
1.190389544687431277e-05,8.783103958345735116e-06,1.159693870284009343e+01,-1.512724971578935161e+07
1.190608607908757583e-05,8.808472226399840496e-06,1.156371521998257990e+01,-1.520420208436496183e+07
1.190827671130084058e-05,8.833767533525431359e-06,1.153032882150754546e+01,-1.527602091340967640e+07
1.191046734351410363e-05,8.858989534996349348e-06,1.149679054043216020e+01,-1.534289921748196334e+07
1.191265797572736838e-05,8.884137909797403985e-06,1.146311099446831605e+01,-1.540502318764910847e+07
1.191484860794063144e-05,8.909212359731140857e-06,1.142930040071308539e+01,-1.546257242466228083e+07
1.191703924015389618e-05,8.934212608556600535e-06,1.139536858983511713e+01,-1.551572016505318321e+07
1.191922987236715924e-05,8.959138401158516475e-06,1.136132501977341214e+01,-1.556463350027425215e+07
1.192142050458042229e-05,8.983989502745337444e-06,1.132717878896488450e+01,-1.560947358901313320e+07
1.192361113679368535e-05,9.008765698074509167e-06,1.129293864911717193e+01,-1.565039586282054521e+07
1.192580176900694840e-05,9.033466790703546426e-06,1.125861301754289201e+01,-1.568755022519673035e+07
1.192799240122021315e-05,9.058092602273639702e-06,1.122420998905080580e+01,-1.572108124426234886e+07
1.193018303343347621e-05,9.082642971819557102e-06,1.118973734741856241e+01,-1.575112833916547149e+07
1.193237366564673926e-05,9.107117755095700900e-06,1.115520257648553226e+01,-1.577782596041162312e+07
1.193456429786000401e-05,9.131516823932023686e-06,1.112061287084196159e+01,-1.580130376422622241e+07
1.193675493007326707e-05,9.155840065611333786e-06,1.108597514614672797e+01,-1.582168678112649359e+07
1.193894556228653182e-05,9.180087382269426532e-06,1.105129604908096219e+01,-1.583909557885125466e+07
1.194113619449979487e-05,9.204258690316926674e-06,1.101658196694997649e+01,-1.585364641980187781e+07
1.194332682671305793e-05,9.228353919881744194e-06,1.098183903694591201e+01,-1.586545141314768046e+07
1.194551745892632098e-05,9.252373014271055910e-06,1.094707315508363443e+01,-1.587461866175005212e+07
1.194770809113958404e-05,9.276315929451811710e-06,1.091228998482210244e+01,-1.588125240405879728e+07
1.194989872335284879e-05,9.300182633548415205e-06,1.087749496538407890e+01,-1.588545315113388561e+07
1.195208935556611184e-05,9.323973106361361688e-06,1.084269331977417217e+01,-1.588731781892600097e+07
1.195427998777937490e-05,9.347687338906184547e-06,1.080789006250262219e+01,-1.588693985594929196e+07
1.195647061999263965e-05,9.371325332960782220e-06,1.077309000705625586e+01,-1.588440936654278450e+07
1.195866125220590270e-05,9.394887100634063284e-06,1.073829777309025602e+01,-1.587981322980332933e+07
1.196085188441916745e-05,9.418372663948638727e-06,1.070351779336765752e+01,-1.587323521435505524e+07
1.196304251663243051e-05,9.441782054438894653e-06,1.066875432045127603e+01,-1.586475608908342570e+07
1.196523314884569356e-05,9.465115312763649200e-06,1.063401143315681097e+01,-1.585445372996449284e+07
1.196742378105895831e-05,9.488372488332709261e-06,1.059929304277581430e+01,-1.584240322311713360e+07
1.196961441327221967e-05,9.511553638946563001e-06,1.056460289907725958e+01,-1.582867696420439892e+07
1.197180504548548442e-05,9.534658830448581348e-06,1.052994459609631051e+01,-1.581334475430784374e+07
1.197399567769874748e-05,9.557688136388745921e-06,1.049532157771934493e+01,-1.579647389239611477e+07
1.197618630991201222e-05,9.580641637700682133e-06,1.046073714306763591e+01,-1.577812926449663937e+07
1.197837694212527528e-05,9.603519422393650917e-06,1.042619445167932035e+01,-1.575837342966544442e+07
1.198056757433853833e-05,9.626321585249300757e-06,1.039169652852337933e+01,-1.573726670291372947e+07
1.198275820655180308e-05,9.649048227532922633e-06,1.035724626882540456e+01,-1.571486723514990136e+07
1.198494883876506614e-05,9.671699456714151068e-06,1.032284644272374940e+01,-1.569123109026132338e+07
1.198713947097833089e-05,9.694275386197919361e-06,1.028849969975959944e+01,-1.566641231943138503e+07
1.198933010319159394e-05,9.716776135065250563e-06,1.025420857320686352e+01,-1.564046303278848529e+07
1.199152073540485530e-05,9.739201827823340405e-06,1.021997548424772440e+01,-1.561343346847994067e+07
1.199371136761812005e-05,9.761552594164595061e-06,1.018580274599960767e+01,-1.558537205926253460e+07
1.199590199983138311e-05,9.783828568733854636e-06,1.015169256739985393e+01,-1.555632549669893458e+07
1.199809263204464786e-05,9.806029890903683794e-06,1.011764705695342492e+01,-1.552633879304660670e+07
1.200028326425791091e-05,9.828156704557970086e-06,1.008366822634731008e+01,-1.549545534091892838e+07
1.200247389647117397e-05,9.850209157886100029e-06,1.004975799392883573e+01,-1.546371697078309581e+07
1.200466452868443872e-05,9.872187403180331881e-06,1.001591818807139411e+01,-1.543116400640680268e+07
1.200685516089770177e-05,9.894091596642631473e-06,9.982150550415223478e+00,-1.539783531829776242e+07
1.200904579311096652e-05,9.915921898198008170e-06,9.948456738994279291e+00,-1.536376837521967851e+07
1.201123642532422958e-05,9.937678471314699942e-06,9.914838331252298076e+00,-1.532899929385295697e+07
1.201342705753749094e-05,9.959361482830921244e-06,9.881296826951862400e+00,-1.529356288666640036e+07
1.201561768975075569e-05,9.980971102788002605e-06,9.847833650980197362e+00,-1.525749270806441829e+07
1.201780832196401874e-05,1.000250750426929852e-05,9.814450156056002683e+00,-1.522082109887294471e+07
1.201999895417728349e-05,1.002397086324493477e-05,9.781147625340700813e+00,-1.518357922922441736e+07
1.202218958639054655e-05,1.004536135842178366e-05,9.747927274958396282e+00,-1.514579713990167528e+07
1.202438021860380960e-05,1.006667917109890597e-05,9.714790256427194848e+00,-1.510750378219597414e+07
1.202657085081707435e-05,1.008792448503019609e-05,9.681737658999555407e+00,-1.506872705632215180e+07
1.202876148303033740e-05,1.010909748628943275e-05,9.648770511926494819e+00,-1.502949384846530296e+07
1.203095211524360215e-05,1.013019836314135043e-05,9.615889786639376879e+00,-1.498983006649224646e+07
1.203314274745686521e-05,1.015122730591727289e-05,9.583096398855019515e+00,-1.494976067438156344e+07
1.203533337967012996e-05,1.017218450689528345e-05,9.550391210606919756e+00,-1.490930972541917302e+07
1.203752401188339132e-05,1.019307016018483195e-05,9.517775032204946584e+00,-1.486850039420407265e+07
1.203971464409665437e-05,1.021388446161568200e-05,9.485248624125931727e+00,-1.482735500750729814e+07
1.204190527630991912e-05,1.023462760863067999e-05,9.452812698838144456e+00,-1.478589507402661815e+07
1.204409590852318218e-05,1.025529980018256779e-05,9.420467922561693186e+00,-1.474414131307733245e+07
1.204628654073644693e-05,1.027590123663425995e-05,9.388214916967815071e+00,-1.470211368225879967e+07
1.204847717294970998e-05,1.029643211966276638e-05,9.356054260819043122e+00,-1.465983140413442440e+07
1.205066780516297304e-05,1.031689265216790256e-05,9.323986491548748035e+00,-1.461731299195386097e+07
1.205285843737623779e-05,1.033728303818292078e-05,9.292012106788769543e+00,-1.457457627446453460e+07
1.205504906958950084e-05,1.035760348278892424e-05,9.260131565842682377e+00,-1.453163841983823664e+07
1.205723970180276559e-05,1.037785419203246089e-05,9.228345291107329373e+00,-1.448851595874591917e+07
1.205943033401602695e-05,1.039803537284616664e-05,9.196653669444906143e+00,-1.444522480661296099e+07
1.206162096622929001e-05,1.041814723297247478e-05,9.165057053506972196e+00,-1.440178028508409671e+07
1.206381159844255476e-05,1.043818998089004945e-05,9.133555763012434880e+00,-1.435819714272714779e+07
1.206600223065581781e-05,1.045816382574310587e-05,9.102150085980735383e+00,-1.431448957500286773e+07
1.206819286286908256e-05,1.047806897727322415e-05,9.070840279922290250e+00,-1.427067124352819659e+07
1.207038349508234562e-05,1.049790564575366021e-05,9.039626572987732089e+00,-1.422675529465904273e+07
1.207257412729560867e-05,1.051767404192601143e-05,9.008509165077546399e+00,-1.418275437741743028e+07
1.207476475950887342e-05,1.053737437694007900e-05,8.977488228911225221e+00,-1.413868066078283638e+07
1.207695539172213648e-05,1.055700686229525833e-05,8.946563911060861685e+00,-1.409454585037681833e+07
1.207914602393540122e-05,1.057657170978426215e-05,8.915736332948741349e+00,-1.405036120456036739e+07
1.208133665614866428e-05,1.059606913143911883e-05,8.885005591809896686e+00,-1.400613754996428452e+07
1.208352728836192564e-05,1.061549933947916451e-05,8.854371761621406378e+00,-1.396188529647447355e+07
1.208571792057519039e-05,1.063486254626118166e-05,8.823834893999311646e+00,-1.391761445169126056e+07
1.208790855278845344e-05,1.065415896423130119e-05,8.793395019064581319e+00,-1.387333463488214277e+07
1.209009918500171819e-05,1.067338880587893062e-05,8.763052146278804244e+00,-1.382905509044578858e+07
1.209228981721498125e-05,1.069255228369235429e-05,8.732806265251074507e+00,-1.378478470090534538e+07
1.209448044942824600e-05,1.071164961011603953e-05,8.702657346517053583e+00,-1.374053199944839068e+07
1.209667108164150905e-05,1.073068099750949796e-05,8.672605342291298314e+00,-1.369630518202971108e+07
1.209886171385477211e-05,1.074964665810827963e-05,8.642650187192522537e+00,-1.365211211905072071e+07
1.210105234606803686e-05,1.076854680398615806e-05,8.612791798944330779e+00,-1.360796036663323641e+07
1.210324297828129991e-05,1.078738164701874004e-05,8.583030079052029748e+00,-1.356385717750197090e+07
1.210543361049456297e-05,1.080615139884868473e-05,8.553364913455583363e+00,-1.351980951148837619e+07
1.210762424270782602e-05,1.082485627085233737e-05,8.523796173160000933e+00,-1.347582404567016661e+07
1.210981487492108908e-05,1.084349647410760129e-05,8.494323714844110640e+00,-1.343190718415990286e+07
1.211200550713435383e-05,1.086207221936330415e-05,8.464947381447977648e+00,-1.338806506755437516e+07
1.211419613934761688e-05,1.088058371700970421e-05,8.435667002740105502e+00,-1.334430358205746114e+07
1.211638677156088163e-05,1.089903117705026386e-05,8.406482395864989243e+00,-1.330062836828799360e+07
1.211857740377414469e-05,1.091741480907450725e-05,8.377393365871796505e+00,-1.325704482978392765e+07
1.212076803598740774e-05,1.093573482223200113e-05,8.348399706224942207e+00,-1.321355814121391810e+07
1.212295866820067249e-05,1.095399142520766896e-05,8.319501199296421845e+00,-1.317017325630539097e+07
1.212514930041393555e-05,1.097218482619805194e-05,8.290697616841224971e+00,-1.312689491550020874e+07
1.212733993262719860e-05,1.099031523288843912e-05,8.261988720456734825e+00,-1.308372765334829688e+07
1.212953056484046166e-05,1.100838285243119692e-05,8.233374262025705548e+00,-1.304067580564683490e+07
1.213172119705372471e-05,1.102638789142483384e-05,8.204853984144222068e+00,-1.299774351633533277e+07
1.213391182926698946e-05,1.104433055589420703e-05,8.176427620534557406e+00,-1.295493474415438063e+07
1.213610246148025251e-05,1.106221105127150466e-05,8.148094896443801360e+00,-1.291225326907685585e+07
1.213829309369351726e-05,1.108002958237812965e-05,8.119855529028605190e+00,-1.286970269851941057e+07
1.214048372590678032e-05,1.109778635340736929e-05,8.091709227726557430e+00,-1.282728647334200703e+07
1.214267435812004507e-05,1.111548156790787477e-05,8.063655694614695335e+00,-1.278500787364304811e+07
1.214486499033330812e-05,1.113311542876783858e-05,8.035694624755661764e+00,-1.274287002435742505e+07
1.214705562254657118e-05,1.115068813820006302e-05,8.007825706531550125e+00,-1.270087590066369250e+07
1.214924625475983593e-05,1.116819989772776903e-05,7.980048621966007616e+00,-1.265902833320729434e+07
1.215143688697309729e-05,1.118565090817088605e-05,7.952363047035559518e+00,-1.261733001314725727e+07
1.215362751918636204e-05,1.120304136963322295e-05,7.924768651969632316e+00,-1.257578349703102373e+07
1.215581815139962509e-05,1.122037148149009619e-05,7.897265101540406285e+00,-1.253439121150451340e+07
1.215800878361288815e-05,1.123764144237674921e-05,7.869852055342271058e+00,-1.249315545786245912e+07
1.216019941582615290e-05,1.125485145017730716e-05,7.842529168061603606e+00,-1.245207841644494608e+07
1.216239004803941595e-05,1.127200170201430751e-05,7.815296089737035601e+00,-1.241116215088529885e+07
1.216458068025268070e-05,1.128909239423881351e-05,7.788152466010576092e+00,-1.237040861221456155e+07
1.216677131246594376e-05,1.130612372242102230e-05,7.761097938369932336e+00,-1.232981964282754250e+07
1.216896194467920681e-05,1.132309588134138799e-05,7.734132144382352969e+00,-1.228939698031530529e+07
1.217115257689247156e-05,1.134000906498229872e-05,7.707254717920125842e+00,-1.224914226116839051e+07
1.217334320910573292e-05,1.135686346652029071e-05,7.680465289377933047e+00,-1.220905702435517497e+07
1.217553384131899767e-05,1.137365927831864017e-05,7.653763485882780770e+00,-1.216914271478032134e+07
1.217772447353226073e-05,1.139039669192035487e-05,7.627148931496454232e+00,-1.212940068662695959e+07
1.217991510574552378e-05,1.140707589804173505e-05,7.600621247410606962e+00,-1.208983220658636838e+07
1.218210573795878853e-05,1.142369708656627139e-05,7.574180052135023544e+00,-1.205043845697952062e+07
1.218429637017205159e-05,1.144026044653898004e-05,7.547824961679107325e+00,-1.201122053877384961e+07
1.218648700238531633e-05,1.145676616616112899e-05,7.521555589726875546e+00,-1.197217947449889965e+07
1.218867763459857939e-05,1.147321443278532189e-05,7.495371547805675050e+00,-1.193331621106436849e+07
1.219086826681184414e-05,1.148960543291095459e-05,7.469272445448842390e+00,-1.189463162248384207e+07
1.219305889902510719e-05,1.150593935217999350e-05,7.443257890352538375e+00,-1.185612651250743866e+07
1.219524953123837025e-05,1.152221637537310805e-05,7.417327488526893831e+00,-1.181780161716647260e+07
1.219744016345163330e-05,1.153843668640620463e-05,7.391480844441509213e+00,-1.177965760723279975e+07
1.219963079566489636e-05,1.155460046832719431e-05,7.365717561165842753e+00,-1.174169509059627354e+07
1.220182142787816111e-05,1.157070790331301129e-05,7.340037240504521776e+00,-1.170391461456298269e+07
1.220401206009142416e-05,1.158675917266703282e-05,7.314439483127534558e+00,-1.166631666807645187e+07
1.220620269230468722e-05,1.160275445681672110e-05,7.288923888695733488e+00,-1.162890168386494927e+07
1.220839332451795197e-05,1.161869393531153951e-05,7.263490055981699278e+00,-1.159167004051717930e+07
1.221058395673121502e-05,1.163457778682116546e-05,7.238137582986122531e+00,-1.155462206448875181e+07
1.221277458894447977e-05,1.165040618913389620e-05,7.212866067049863439e+00,-1.151775803204178996e+07
1.221496522115774283e-05,1.166617931915532916e-05,7.187675104961843253e+00,-1.148107817111994699e+07
1.221715585337100588e-05,1.168189735290725577e-05,7.162564293062923859e+00,-1.144458266316102445e+07
1.221934648558426894e-05,1.169756046552676691e-05,7.137533227345905118e+00,-1.140827164484925754e+07
1.222153711779753199e-05,1.171316883126570243e-05,7.112581503551504980e+00,-1.137214520980893075e+07
1.222372775001079674e-05,1.172872262349007002e-05,7.087708717261088864e+00,-1.133620341024214774e+07
1.222591838222405980e-05,1.174422201467987751e-05,7.062914463985566549e+00,-1.130044625851171091e+07
1.222810901443732285e-05,1.175966717642903974e-05,7.038198339251001023e+00,-1.126487372867146507e+07
1.223029964665058760e-05,1.177505827944550385e-05,7.013559938680901773e+00,-1.122948575794564746e+07
1.223249027886385066e-05,1.179039549355156104e-05,6.988998858075331277e+00,-1.119428224815909192e+07
1.223468091107711540e-05,1.180567898768431242e-05,6.964514693486921537e+00,-1.115926306711974367e+07
1.223687154329037846e-05,1.182090892989631107e-05,6.940107041293914314e+00,-1.112442804995518178e+07
1.223906217550364321e-05,1.183608548735634299e-05,6.915775498270336996e+00,-1.108977700040467083e+07
1.224125280771690457e-05,1.185120882635034867e-05,6.891519661653410900e+00,-1.105530969206821173e+07
1.224344343993016763e-05,1.186627911228255985e-05,6.867339129208197335e+00,-1.102102586961389519e+07
1.224563407214343237e-05,1.188129650967666498e-05,6.843233499289739896e+00,-1.098692524994516186e+07
1.224782470435669543e-05,1.189626118217722040e-05,6.819202370902602617e+00,-1.095300752332906611e+07
1.225001533656996018e-05,1.191117329255109878e-05,6.795245343758046452e+00,-1.091927235448697582e+07
1.225220596878322323e-05,1.192603300268912219e-05,6.771362018328813015e+00,-1.088571938364889100e+07
1.225439660099648629e-05,1.194084047360776462e-05,6.747551995901663879e+00,-1.085234822757257335e+07
1.225658723320975104e-05,1.195559586545101208e-05,6.723814878627712766e+00,-1.081915848052869365e+07
1.225877786542301409e-05,1.197029933749230233e-05,6.700150269570634975e+00,-1.078614971525300853e+07
1.226096849763627884e-05,1.198495104813656787e-05,6.676557772752823361e+00,-1.075332148386677168e+07
1.226315912984954190e-05,1.199955115492240438e-05,6.653036993199568983e+00,-1.072067331876633503e+07
1.226534976206280326e-05,1.201409981452427639e-05,6.629587536981350837e+00,-1.068820473348301277e+07
1.226754039427606801e-05,1.202859718275490590e-05,6.606209011254186692e+00,-1.065591522351406701e+07
1.226973102648933106e-05,1.204304341456763222e-05,6.582901024298329240e+00,-1.062380426712595299e+07
1.227192165870259581e-05,1.205743866405896496e-05,6.559663185555102416e+00,-1.059187132613050565e+07
1.227411229091585887e-05,1.207178308447113860e-05,6.536495105662139871e+00,-1.056011584663511440e+07
1.227630292312912192e-05,1.208607682819478582e-05,6.513396396486986539e+00,-1.052853725976767018e+07
1.227849355534238667e-05,1.210032004677165642e-05,6.490366671159145007e+00,-1.049713498237710632e+07
1.228068418755564973e-05,1.211451289089741592e-05,6.467405544100607528e+00,-1.046590841771034524e+07
1.228287481976891448e-05,1.212865551042451872e-05,6.444512631054933216e+00,-1.043485695606641844e+07
1.228506545198217753e-05,1.214274805436512694e-05,6.421687549114909466e+00,-1.040397997542844154e+07
1.228725608419543889e-05,1.215679067089408525e-05,6.398929916748884672e+00,-1.037327684207431599e+07
1.228944671640870364e-05,1.217078350735200572e-05,6.376239353825678968e+00,-1.034274691116654314e+07
1.229163734862196670e-05,1.218472671024828664e-05,6.353615481638442475e+00,-1.031238952732236870e+07
1.229382798083523144e-05,1.219862042526432114e-05,6.331057922927040948e+00,-1.028220402516420931e+07
1.229601861304849450e-05,1.221246479725666163e-05,6.308566301899397821e+00,-1.025218972985153273e+07
1.229820924526175925e-05,1.222625997026027078e-05,6.286140244251659404e+00,-1.022234595759455673e+07
1.230039987747502230e-05,1.224000608749179439e-05,6.263779377187253417e+00,-1.019267201615043730e+07
1.230259050968828536e-05,1.225370329135287844e-05,6.241483329434876381e+00,-1.016316720530243032e+07
1.230478114190155011e-05,1.226735172343354869e-05,6.219251731265452499e+00,-1.013383081732266583e+07
1.230697177411481316e-05,1.228095152451558530e-05,6.197084214508095101e+00,-1.010466213741899841e+07
1.230916240632807791e-05,1.229450283457596683e-05,6.174980412565107102e+00,-1.007566044416646846e+07
1.231135303854133927e-05,1.230800579279031603e-05,6.152939960426064836e+00,-1.004682500992393121e+07
1.231354367075460233e-05,1.232146053753643359e-05,6.130962494680926689e+00,-1.001815510123611987e+07
1.231573430296786708e-05,1.233486720639775068e-05,6.109047653532456046e+00,-9.989649979222033173e+06
1.231792493518113013e-05,1.234822593616692886e-05,6.087195076807611294e+00,-9.961308899949567392e+06
1.232011556739439488e-05,1.236153686284940573e-05,6.065404405968229717e+00,-9.933131114797186106e+06
1.232230619960765794e-05,1.237480012166699651e-05,6.043675284120921809e+00,-9.905115870802989230e+06
1.232449683182092099e-05,1.238801584706150244e-05,6.022007356026204405e+00,-9.877262411001475528e+06
1.232668746403418574e-05,1.240118417269835127e-05,6.000400268106917068e+00,-9.849569974748520181e+06
1.232887809624744880e-05,1.241430523147022939e-05,5.978853668455934134e+00,-9.822037798034878448e+06
1.233106872846071355e-05,1.242737915550076979e-05,5.957367206843199980e+00,-9.794665113788539544e+06
1.233325936067397491e-05,1.244040607614820615e-05,5.935940534722137230e+00,-9.767451152166472748e+06
1.233544999288723796e-05,1.245338612400912521e-05,5.914573305235335532e+00,-9.740395140835793689e+06
1.233764062510050271e-05,1.246631942892209207e-05,5.893265173219810471e+00,-9.713496305245103315e+06
1.233983125731376577e-05,1.247920611997141439e-05,5.872015795211514622e+00,-9.686753868885913864e+06
1.234202188952703051e-05,1.249204632549086767e-05,5.850824829449356557e+00,-9.660167053544733673e+06
1.234421252174029357e-05,1.250484017306742048e-05,5.829691935878664744e+00,-9.633735079545993358e+06
1.234640315395355663e-05,1.251758778954498002e-05,5.808616776154140737e+00,-9.607457165986210108e+06
1.234859378616682137e-05,1.253028930102813606e-05,5.787599013642293677e+00,-9.581332530959529802e+06
1.235078441838008443e-05,1.254294483288591494e-05,5.766638313423401385e+00,-9.555360391775071621e+06
1.235297505059334918e-05,1.255555450975553704e-05,5.745734342292998953e+00,-9.529539965166239068e+06
1.235516568280661054e-05,1.256811845554616063e-05,5.724886768762930345e+00,-9.503870467492289841e+06
1.235735631501987529e-05,1.258063679344269355e-05,5.704095263061893739e+00,-9.478351114932367578e+06
1.235954694723313834e-05,1.259310964590947782e-05,5.683359497135721305e+00,-9.452981123672407120e+06
1.236173757944640140e-05,1.260553713469410631e-05,5.662679144647107421e+00,-9.427759710084868595e+06
1.236392821165966615e-05,1.261791938083116498e-05,5.642053880975026026e+00,-9.402686090901775286e+06
1.236611884387292920e-05,1.263025650464599030e-05,5.621483383213755403e+00,-9.377759483381118625e+06
1.236830947608619395e-05,1.264254862575843009e-05,5.600967330171549463e+00,-9.352979105466933921e+06
1.237050010829945701e-05,1.265479586308660264e-05,5.580505402368965306e+00,-9.328344175943188369e+06
1.237269074051272006e-05,1.266699833485062702e-05,5.560097282036865707e+00,-9.303853914581755176e+06
1.237488137272598481e-05,1.267915615857638228e-05,5.539742653114092086e+00,-9.279507542284550145e+06
1.237707200493924787e-05,1.269126945109924619e-05,5.519441201244836392e+00,-9.255304281220128760e+06
1.237926263715251092e-05,1.270333832856780865e-05,5.499192613775749194e+00,-9.231243354954907671e+06
1.238145326936577398e-05,1.271536290644764438e-05,5.478996579752660523e+00,-9.207323988579029217e+06
1.238364390157903703e-05,1.272734329952496872e-05,5.458852789917213677e+00,-9.183545408827370033e+06
1.238583453379230178e-05,1.273927962191039506e-05,5.438760936703066484e+00,-9.159906844195481390e+06
1.238802516600556484e-05,1.275117198704261604e-05,5.418720714231930913e+00,-9.136407525050863624e+06
1.239021579821882959e-05,1.276302050769210341e-05,5.398731818309352448e+00,-9.113046683739641681e+06
1.239240643043209264e-05,1.277482529596479427e-05,5.378793946420259431e+00,-9.089823554688811302e+06
1.239459706264535570e-05,1.278658646330575711e-05,5.358906797724304560e+00,-9.066737374504199252e+06
1.239678769485862044e-05,1.279830412050286276e-05,5.339070073050980803e+00,-9.043787382064241916e+06
1.239897832707188350e-05,1.280997837769043348e-05,5.319283474894548114e+00,-9.020972818609809503e+06
1.240116895928514655e-05,1.282160934435287498e-05,5.299546707408778978e+00,-8.998292927830066532e+06
1.240335959149840961e-05,1.283319712932834245e-05,5.279859476401437490e+00,-8.975746955944580957e+06
1.240555022371167266e-05,1.284474184081230478e-05,5.260221489328750444e+00,-8.953334151781916618e+06
1.240774085592493741e-05,1.285624358636118350e-05,5.240632455289541802e+00,-8.931053766854545102e+06
1.240993148813820047e-05,1.286770247289593737e-05,5.221092085019289009e+00,-8.908905055430430919e+06
1.241212212035146522e-05,1.287911860670563860e-05,5.201600090884016758e+00,-8.886887274601353332e+06
1.241431275256472827e-05,1.289049209345103709e-05,5.182156186874033565e+00,-8.864999684347964823e+06
1.241650338477799302e-05,1.290182303816811974e-05,5.162760088597536878e+00,-8.843241547601854429e+06
1.241869401699125608e-05,1.291311154527163747e-05,5.143411513274086744e+00,-8.821612130304580554e+06
1.242088464920451913e-05,1.292435771855863392e-05,5.124110179727940029e+00,-8.800110701463840902e+06
1.242307528141778219e-05,1.293556166121194207e-05,5.104855808381306481e+00,-8.778736533206881955e+06
1.242526591363104524e-05,1.294672347580371292e-05,5.085648121247378306e+00,-8.757488900831112638e+06
1.242745654584430999e-05,1.295784326429884093e-05,5.066486841923439677e+00,-8.736367082852311432e+06
1.242964717805757305e-05,1.296892112805846224e-05,5.047371695583700024e+00,-8.715370361050128937e+06
1.243183781027083610e-05,1.297995716784339195e-05,5.028302408972107784e+00,-8.694498020511239767e+06
1.243402844248410085e-05,1.299095148381754951e-05,5.009278710395062006e+00,-8.673749349670143798e+06
1.243621907469736391e-05,1.300190417555138243e-05,4.990300329714043137e+00,-8.653123640347691253e+06
1.243840970691062866e-05,1.301281534202526288e-05,4.971366998338146104e+00,-8.632620187787389383e+06
1.244060033912389171e-05,1.302368508163286227e-05,4.952478449216547673e+00,-8.612238290689609945e+06
1.244279097133715477e-05,1.303451349218452244e-05,4.933634416830899205e+00,-8.591977251243758947e+06
1.244498160355041951e-05,1.304530067091060484e-05,4.914834637187650124e+00,-8.571836375158419833e+06
1.244717223576368088e-05,1.305604671446481596e-05,4.896078847810318102e+00,-8.551814971689630300e+06
1.244936286797694563e-05,1.306675171892754805e-05,4.877366787731634901e+00,-8.531912353667240590e+06
1.245155350019020868e-05,1.307741577980913341e-05,4.858698197485776582e+00,-8.512127837519608438e+06
1.245374413240347174e-05,1.308803899205315288e-05,4.840072819100394774e+00,-8.492460743296440691e+06
1.245593476461673648e-05,1.309862145003969867e-05,4.821490396088677244e+00,-8.472910394690033048e+06
1.245812539682999954e-05,1.310916324758860994e-05,4.802950673441344520e+00,-8.453476119054893032e+06
1.246031602904326429e-05,1.311966447796270518e-05,4.784453397618607440e+00,-8.434157247425807640e+06
1.246250666125652734e-05,1.313012523387099575e-05,4.765998316542090052e+00,-8.414953114534409717e+06
1.246469729346979209e-05,1.314054560747187588e-05,4.747585179586708115e+00,-8.395863058824287727e+06
1.246688792568305515e-05,1.315092569037628885e-05,4.729213737572529830e+00,-8.376886422464728355e+06
1.246907855789631651e-05,1.316126557365089150e-05,4.710883742756606374e+00,-8.358022551363099366e+06
1.247126919010958126e-05,1.317156534782122046e-05,4.692594948824719836e+00,-8.339270795175857842e+06
1.247345982232284431e-05,1.318182510287474993e-05,4.674347110883243062e+00,-8.320630507318470627e+06
1.247565045453610906e-05,1.319204492826405108e-05,4.656139985450837848e+00,-8.302101044973971322e+06
1.247784108674937212e-05,1.320222491290984821e-05,4.637973330450209097e+00,-8.283681769100405276e+06
1.248003171896263517e-05,1.321236514520409852e-05,4.619846905199826104e+00,-8.265372044437159784e+06
1.248222235117589992e-05,1.322246571301303124e-05,4.601760470405633185e+00,-8.247171239510206506e+06
1.248441298338916298e-05,1.323252670368018686e-05,4.583713788152752322e+00,-8.229078726636275649e+06
1.248660361560242773e-05,1.324254820402942233e-05,4.565706621897170692e+00,-8.211093881926052272e+06
1.248879424781569078e-05,1.325253030036790449e-05,4.547738736457433539e+00,-8.193216085286393762e+06
1.249098488002895384e-05,1.326247307848910015e-05,4.529809898006320168e+00,-8.175444720421590842e+06
1.249317551224221689e-05,1.327237662367570167e-05,4.511919874062543023e+00,-8.157779174833780155e+06
1.249536614445547995e-05,1.328224102070262040e-05,4.494068433482368619e+00,-8.140218839822390117e+06
1.249755677666874470e-05,1.329206635383984121e-05,4.476255346451387673e+00,-8.122763110482903197e+06
1.249974740888200775e-05,1.330185270685537350e-05,4.458480384476145808e+00,-8.105411385704685003e+06
1.250193804109527081e-05,1.331160016301811932e-05,4.440743320375843517e+00,-8.088163068168082274e+06
1.250412867330853555e-05,1.332130880510074134e-05,4.423043928274045022e+00,-8.071017564340809360e+06
1.250631930552179861e-05,1.333097871538251236e-05,4.405381983590377359e+00,-8.053974284473561682e+06
1.250850993773506336e-05,1.334060997565213753e-05,4.387757263032253441e+00,-8.037032642595010810e+06
1.251070056994832641e-05,1.335020266721058185e-05,4.370169544586604005e+00,-8.020192056506080553e+06
1.251289120216159116e-05,1.335975687087385002e-05,4.352618607511612225e+00,-8.003451947773612104e+06
1.251508183437485252e-05,1.336927266697576142e-05,4.335104232328494511e+00,-7.986811741723446175e+06
1.251727246658811558e-05,1.337875013537073677e-05,4.317626200813214687e+00,-7.970270867432834581e+06
1.251946309880138033e-05,1.338818935543649346e-05,4.300184295988357164e+00,-7.953828757722438313e+06
1.252165373101464338e-05,1.339759040607679665e-05,4.282778302114881086e+00,-7.937484849147632718e+06
1.252384436322790813e-05,1.340695336572414948e-05,4.265408004683964194e+00,-7.921238581989401951e+06
1.252603499544117119e-05,1.341627831234249510e-05,4.248073190408852007e+00,-7.905089400244672783e+06
1.252822562765443424e-05,1.342556532342986788e-05,4.230773647216724775e+00,-7.889036751616232097e+06
1.253041625986769899e-05,1.343481447602105480e-05,4.213509164240594629e+00,-7.873080087502148934e+06
1.253260689208096205e-05,1.344402584669021782e-05,4.196279531811220487e+00,-7.857218862984769978e+06
1.253479752429422680e-05,1.345319951155352314e-05,4.179084541449051393e+00,-7.841452536819321103e+06
1.253698815650748816e-05,1.346233554627172121e-05,4.161923985856206265e+00,-7.825780571422091685e+06
1.253917878872075121e-05,1.347143402605275731e-05,4.144797658908411009e+00,-7.810202432858212851e+06
1.254136942093401596e-05,1.348049502565428551e-05,4.127705355647103502e+00,-7.794717590829157270e+06
1.254356005314727902e-05,1.348951861938625557e-05,4.110646872271424002e+00,-7.779325518659807742e+06
1.254575068536054377e-05,1.349850488111342178e-05,4.093622006130309465e+00,-7.764025693285227753e+06
1.254794131757380682e-05,1.350745388425785701e-05,4.076630555714596760e+00,-7.748817595237132162e+06
1.255013194978706988e-05,1.351636570180144804e-05,4.059672320649159616e+00,-7.733700708630030043e+06
1.255232258200033462e-05,1.352524040628836045e-05,4.042747101685076672e+00,-7.718674521147099324e+06
1.255451321421359768e-05,1.353407806982751361e-05,4.025854700691828825e+00,-7.703738524025796913e+06
1.255670384642686243e-05,1.354287876409501339e-05,4.008994920649527671e+00,-7.688892212043188512e+06
1.255889447864012548e-05,1.355164256033656790e-05,3.992167565641179472e+00,-7.674135083501058631e+06
1.256108511085338685e-05,1.356036952936990491e-05,3.975372440844993527e+00,-7.659466640210784040e+06
1.256327574306665159e-05,1.356905974158718759e-05,3.958609352526655911e+00,-7.644886387477939017e+06
1.256546637527991465e-05,1.357771326695732689e-05,3.941878108031775518e+00,-7.630393834086810239e+06
1.256765700749317940e-05,1.358633017502839564e-05,3.925178515778222188e+00,-7.615988492284581065e+06
1.256984763970644245e-05,1.359491053492993921e-05,3.908510385248576302e+00,-7.601669877765418962e+06
1.257203827191970720e-05,1.360345441537531499e-05,3.891873526982592590e+00,-7.587437509654366411e+06
1.257422890413297026e-05,1.361196188466398964e-05,3.875267752569703017e+00,-7.573290910491044633e+06
1.257641953634623331e-05,1.362043301068383782e-05,3.858692874641554749e+00,-7.559229606213240884e+06
1.257861016855949806e-05,1.362886786091340894e-05,3.842148706864584096e+00,-7.545253126140329055e+06
1.258080080077276112e-05,1.363726650242419717e-05,3.825635063932625979e+00,-7.531361002956562676e+06
1.258299143298602417e-05,1.364562900188286574e-05,3.809151761559576244e+00,-7.517552772694255225e+06
1.258518206519928723e-05,1.365395542555350515e-05,3.792698616472021111e+00,-7.503827974716790952e+06
1.258737269741255028e-05,1.366224583929980835e-05,3.776275446402039382e+00,-7.490186151701617986e+06
1.258956332962581503e-05,1.367050030858728656e-05,3.759882070079907823e+00,-7.476626849623071030e+06
1.259175396183907809e-05,1.367871889848543770e-05,3.743518307226910480e+00,-7.463149617735115811e+06
1.259394459405234284e-05,1.368690167366992155e-05,3.727183978548174625e+00,-7.449754008554031141e+06
1.259613522626560589e-05,1.369504869842469089e-05,3.710878905725541355e+00,-7.436439577840989456e+06
1.259832585847886895e-05,1.370316003664414126e-05,3.694602911410478807e+00,-7.423205884584586136e+06
1.260051649069213370e-05,1.371123575183521503e-05,3.678355819217028699e+00,-7.410052490983295254e+06
1.260270712290539675e-05,1.371927590711950199e-05,3.662137453714795043e+00,-7.396978962427876890e+06
1.260489775511866150e-05,1.372728056523533663e-05,3.645947640421971503e+00,-7.383984867483732291e+06
1.260708838733192286e-05,1.373524978853984627e-05,3.629786205798417598e+00,-7.371069777873219922e+06
1.260927901954518592e-05,1.374318363901104322e-05,3.613652977238710484e+00,-7.358233268457893282e+06
1.261146965175845066e-05,1.375108217824982377e-05,3.597547783065366378e+00,-7.345474917220807634e+06
1.261366028397171372e-05,1.375894546748201804e-05,3.581470452521970493e+00,-7.332794305248685181e+06
1.261585091618497847e-05,1.376677356756039572e-05,3.565420815766407348e+00,-7.320191016714132391e+06
1.261804154839824152e-05,1.377456653896665831e-05,3.549398703864125260e+00,-7.307664638857831247e+06
1.262023218061150627e-05,1.378232444181342119e-05,3.533403948781431492e+00,-7.295214761970680207e+06
1.262242281282476933e-05,1.379004733584618207e-05,3.517436383378829134e+00,-7.282840979375982657e+06
1.262461344503803238e-05,1.379773528044526756e-05,3.501495841404396625e+00,-7.270542887411614880e+06
1.262680407725129713e-05,1.380538833462778125e-05,3.485582157487201016e+00,-7.258320085412185639e+06
1.262899470946455849e-05,1.381300655704950452e-05,3.469695167130768976e+00,-7.246172175691219978e+06
1.263118534167782324e-05,1.382059000600683961e-05,3.453834706706523594e+00,-7.234098763523316011e+06
1.263337597389108630e-05,1.382813873943866971e-05,3.438000613447398823e+00,-7.222099457126417197e+06
1.263556660610434935e-05,1.383565281492825290e-05,3.422192725441359773e+00,-7.210173867643977515e+06
1.263775723831761410e-05,1.384313228970509245e-05,3.406410881625023812e+00,-7.198321609127246775e+06
1.263994787053087716e-05,1.385057722064678330e-05,3.390654921777311870e+00,-7.186542298517526127e+06
1.264213850274414191e-05,1.385798766428085353e-05,3.374924686513134375e+00,-7.174835555628485978e+06
1.264432913495740496e-05,1.386536367678658211e-05,3.359220017277123382e+00,-7.163201003128509037e+06
1.264651976717066802e-05,1.387270531399682000e-05,3.343540756337392672e+00,-7.151638266523073427e+06
1.264871039938393277e-05,1.388001263139977738e-05,3.327886746779344929e+00,-7.140146974137161858e+06
1.265090103159719413e-05,1.388728568414081262e-05,3.312257832499526433e+00,-7.128726757097738795e+06
1.265309166381045888e-05,1.389452452702421100e-05,3.296653858199458220e+00,-7.117377249316231348e+06
1.265528229602372193e-05,1.390172921451492119e-05,3.281074669379629771e+00,-7.106098087471129373e+06
1.265747292823698499e-05,1.390889980074031193e-05,3.265520112333407443e+00,-7.094888910990574397e+06
1.265966356045024974e-05,1.391603633949190003e-05,3.249990034141041928e+00,-7.083749362035016529e+06
1.266185419266351279e-05,1.392313888422707150e-05,3.234484282663701471e+00,-7.072679085479946807e+06
1.266404482487677754e-05,1.393020748807077903e-05,3.219002706537543723e+00,-7.061677728898671456e+06
1.266623545709004059e-05,1.393724220381723606e-05,3.203545155167824898e+00,-7.050744942545155063e+06
1.266842608930330534e-05,1.394424308393159897e-05,3.188111478723043568e+00,-7.039880379336914048e+06
1.267061672151656840e-05,1.395121018055162387e-05,3.172701528129129311e+00,-7.029083694838000461e+06
1.267280735372983145e-05,1.395814354548932682e-05,3.157315155063657564e+00,-7.018354547242020257e+06
1.267499798594309451e-05,1.396504323023262026e-05,3.141952211950127083e+00,-7.007692597355254926e+06
1.267718861815635756e-05,1.397190928594695120e-05,3.126612551952198782e+00,-6.997097508579802699e+06
1.267937925036962231e-05,1.397874176347690038e-05,3.111296028968106864e+00,-6.986568946896865033e+06
1.268156988258288537e-05,1.398554071334779168e-05,3.096002497624975369e+00,-6.976106580850047059e+06
1.268376051479614842e-05,1.399230618576728622e-05,3.080731813273235531e+00,-6.965710081528748386e+06
1.268595114700941317e-05,1.399903823062695781e-05,3.065483831981067553e+00,-6.955379122551637702e+06
1.268814177922267623e-05,1.400573689750385831e-05,3.050258410528877473e+00,-6.945113380050214007e+06
1.269033241143594098e-05,1.401240223566207953e-05,3.035055406403811773e+00,-6.934912532652413473e+06
1.269252304364920403e-05,1.401903429405428131e-05,3.019874677794304407e+00,-6.924776261466347612e+06
1.269471367586246709e-05,1.402563312132323137e-05,3.004716083584662467e+00,-6.914704250064063817e+06
1.269690430807573014e-05,1.403219876580331986e-05,2.989579483349698918e+00,-6.904696184465462342e+06
1.269909494028899320e-05,1.403873127552208231e-05,2.974464737349337806e+00,-6.894751753122189082e+06
1.270128557250225795e-05,1.404523069820166667e-05,2.959371706523380663e+00,-6.884870646901757456e+06
1.270347620471552100e-05,1.405169708126033089e-05,2.944300252486176994e+00,-6.875052559071617201e+06
1.270566683692878406e-05,1.405813047181392520e-05,2.929250237521404010e+00,-6.865297185283409432e+06
1.270785746914204881e-05,1.406453091667733042e-05,2.914221524576854794e+00,-6.855604223557246849e+06
1.271004810135531186e-05,1.407089846236592497e-05,2.899213977259270880e+00,-6.845973374266120605e+06
1.271223873356857661e-05,1.407723315509702145e-05,2.884227459829201923e+00,-6.836404340120373294e+06
1.271442936578183966e-05,1.408353504079127783e-05,2.869261837195905329e+00,-6.826896826152276248e+06
1.271661999799510272e-05,1.408980416507413396e-05,2.854316974912272542e+00,-6.817450539700700901e+06
1.271881063020836747e-05,1.409604057327720076e-05,2.839392739169799285e+00,-6.808065190395859070e+06
1.272100126242162883e-05,1.410224431043965612e-05,2.824488996793588225e+00,-6.798740490144152194e+06
1.272319189463489358e-05,1.410841542130964245e-05,2.809605615237333431e+00,-6.789476153113105334e+06
1.272538252684815663e-05,1.411455395034561016e-05,2.794742462578456710e+00,-6.780271895716417581e+06
1.272757315906142138e-05,1.412065994171770501e-05,2.779899407513155118e+00,-6.771127436599066481e+06
1.272976379127468444e-05,1.412673343930910652e-05,2.765076319351538636e+00,-6.762042496622540988e+06
1.273195442348794749e-05,1.413277448671735942e-05,2.750273068012794919e+00,-6.753016798850130290e+06
1.273414505570121224e-05,1.413878312725572893e-05,2.735489524020378482e+00,-6.744050068532366306e+06
1.273633568791447530e-05,1.414475940395448489e-05,2.720725558497236296e+00,-6.735142033092492260e+06
1.273852632012774005e-05,1.415070335956223665e-05,2.705981043161064470e+00,-6.726292422112067230e+06
1.274071695234100310e-05,1.415661503654722397e-05,2.691255850319596021e+00,-6.717500967316677794e+06
1.274290758455426446e-05,1.416249447709858755e-05,2.676549852865929946e+00,-6.708767402561702766e+06
1.274509821676752921e-05,1.416834172312768025e-05,2.661862924273835418e+00,-6.700091463818185963e+06
1.274728884898079227e-05,1.417415681626930207e-05,2.647194938593203428e+00,-6.691472889158857055e+06
1.274947948119405702e-05,1.417993979788297405e-05,2.632545770445408717e+00,-6.682911418744163588e+06
1.275167011340732007e-05,1.418569070905417331e-05,2.617915295018765853e+00,-6.674406794808462262e+06
1.275386074562058313e-05,1.419140959059558660e-05,2.603303388063999968e+00,-6.665958761646283790e+06
1.275605137783384788e-05,1.419709648304831988e-05,2.588709925889749019e+00,-6.657567065598687157e+06
1.275824201004711093e-05,1.420275142668313162e-05,2.574134785358094479e+00,-6.649231455039728433e+06
1.276043264226037568e-05,1.420837446150162878e-05,2.559577843880123993e+00,-6.640951680363004096e+06
1.276262327447363874e-05,1.421396562723746455e-05,2.545038979411520241e+00,-6.632727493968319148e+06
1.276481390668690010e-05,1.421952496335753430e-05,2.530518070448194212e+00,-6.624558650248426013e+06
1.276700453890016485e-05,1.422505250906315813e-05,2.516014996021885164e+00,-6.616444905575845391e+06
1.276919517111342790e-05,1.423054830329122766e-05,2.501529635695910248e+00,-6.608386018289850093e+06
1.277138580332669265e-05,1.423601238471539024e-05,2.487061869560821314e+00,-6.600381748683469370e+06
1.277357643553995570e-05,1.424144479174718564e-05,2.472611578230151874e+00,-6.592431858990624547e+06
1.277576706775321876e-05,1.424684556253718788e-05,2.458178642836180039e+00,-6.584536113373370841e+06
1.277795769996648351e-05,1.425221473497614870e-05,2.443762945025717226e+00,-6.576694277909197845e+06
1.278014833217974656e-05,1.425755234669610207e-05,2.429364366955926169e+00,-6.568906120578463189e+06
1.278233896439301131e-05,1.426285843507149080e-05,2.414982791290166908e+00,-6.561171411251896992e+06
1.278452959660627437e-05,1.426813303722027104e-05,2.400618101193869425e+00,-6.553489921678218059e+06
1.278672022881953912e-05,1.427337619000499308e-05,2.386270180330431145e+00,-6.545861425471835770e+06
1.278891086103280048e-05,1.427858793003390251e-05,2.371938912857157522e+00,-6.538285698100639507e+06
1.279110149324606353e-05,1.428376829366202614e-05,2.357624183421166641e+00,-6.530762516873892397e+06
1.279329212545932828e-05,1.428891731699221040e-05,2.343325877155439496e+00,-6.523291660930229351e+06
1.279548275767259134e-05,1.429403503587620560e-05,2.329043879674777884e+00,-6.515872911225724965e+06
1.279767338988585609e-05,1.429912148591571285e-05,2.314778077071849793e+00,-6.508506050522072241e+06
1.279986402209911914e-05,1.430417670246341910e-05,2.300528355913244116e+00,-6.501190863374852575e+06
1.280205465431238220e-05,1.430920072062403904e-05,2.286294603235555556e+00,-6.493927136121890508e+06
1.280424528652564695e-05,1.431419357525533489e-05,2.272076706541492630e+00,-6.486714656871702522e+06
1.280643591873891000e-05,1.431915530096913794e-05,2.257874553796010542e+00,-6.479553215492055751e+06
1.280862655095217475e-05,1.432408593213235822e-05,2.243688033422470696e+00,-6.472442603598597459e+06
1.281081718316543611e-05,1.432898550286796702e-05,2.229517034298836187e+00,-6.465382614543588832e+06
1.281300781537869917e-05,1.433385404705602356e-05,2.215361445753830871e+00,-6.458373043404710479e+06
1.281519844759196392e-05,1.433869159833462190e-05,2.201221157563244990e+00,-6.451413686973999254e+06
1.281738907980522697e-05,1.434349819010088371e-05,2.187096059946142201e+00,-6.444504343746834435e+06
1.281957971201849172e-05,1.434827385551192897e-05,2.172986043561152769e+00,-6.437644813911035657e+06
1.282177034423175477e-05,1.435301862748582461e-05,2.158890999502778740e+00,-6.430834899336053059e+06
1.282396097644501783e-05,1.435773253870253491e-05,2.144810819297721327e+00,-6.424074403562226333e+06
1.282615160865828258e-05,1.436241562160488373e-05,2.130745394901231382e+00,-6.417363131790159270e+06
1.282834224087154563e-05,1.436706790839945915e-05,2.116694618693485186e+00,-6.410700890870168805e+06
1.283053287308481038e-05,1.437168943105756549e-05,2.102658383475981552e+00,-6.404087489291822538e+06
1.283272350529807344e-05,1.437628022131612798e-05,2.088636582467962466e+00,-6.397522737173574045e+06
1.283491413751133480e-05,1.438084031067860587e-05,2.074629109302866592e+00,-6.391006446252474561e+06
1.283710476972459955e-05,1.438536973041591397e-05,2.060635858024749467e+00,-6.384538429873964749e+06
1.283929540193786260e-05,1.438986851156728834e-05,2.046656723084841367e+00,-6.378118502981796861e+06
1.284148603415112735e-05,1.439433668494119258e-05,2.032691599338007915e+00,-6.371746482107982971e+06
1.284367666636439041e-05,1.439877428111619713e-05,2.018740382039296843e+00,-6.365422185362874530e+06
1.284586729857765516e-05,1.440318133044184822e-05,2.004802966840487866e+00,-6.359145432425306179e+06
1.284805793079091821e-05,1.440755786303953702e-05,1.990879249786669636e+00,-6.352916044532829896e+06
1.285024856300418127e-05,1.441190390880334830e-05,1.976969127312835806e+00,-6.346733844472047873e+06
1.285243919521744602e-05,1.441621949740093122e-05,1.963072496240500842e+00,-6.340598656568991952e+06
1.285462982743070907e-05,1.442050465827431755e-05,1.949189253774338493e+00,-6.334510306679637171e+06
1.285682045964397213e-05,1.442475942064076869e-05,1.935319297498852675e+00,-6.328468622180470265e+06
1.285901109185723518e-05,1.442898381349361765e-05,1.921462525375010832e+00,-6.322473431959120557e+06
1.286120172407049824e-05,1.443317786560306353e-05,1.907618835737011853e+00,-6.316524566405139863e+06
1.286339235628376299e-05,1.443734160551700167e-05,1.893788127288961176e+00,-6.310621857400789857e+06
1.286558298849702604e-05,1.444147506156183165e-05,1.879970299101620723e+00,-6.304765138311966322e+06
1.286777362071029079e-05,1.444557826184324675e-05,1.866165250609170823e+00,-6.298954243979164399e+06
1.286996425292355385e-05,1.444965123424703698e-05,1.852372881605987898e+00,-6.293189010708570480e+06
1.287215488513681690e-05,1.445369400643987168e-05,1.838593092243443916e+00,-6.287469276263182051e+06
1.287434551735008165e-05,1.445770660587007035e-05,1.824825783026725379e+00,-6.281794879854051396e+06
1.287653614956334470e-05,1.446168905976838867e-05,1.811070854811669406e+00,-6.276165662131587043e+06
1.287872678177660776e-05,1.446564139514876393e-05,1.797328208801632465e+00,-6.270581465176947415e+06
1.288091741398987081e-05,1.446956363880910106e-05,1.783597746544319795e+00,-6.265042132493481971e+06
1.288310804620313387e-05,1.447345581733199089e-05,1.769879369928747614e+00,-6.259547508998310193e+06
1.288529867841639862e-05,1.447731795708547758e-05,1.756172981182108295e+00,-6.254097441013918258e+06
1.288748931062966167e-05,1.448115008422378540e-05,1.742478482866714584e+00,-6.248691776259860955e+06
1.288967994284292642e-05,1.448495222468805559e-05,1.728795777876946493e+00,-6.243330363844557665e+06
1.289187057505618948e-05,1.448872440420706640e-05,1.715124769436218610e+00,-6.238013054257110693e+06
1.289406120726945423e-05,1.449246664829795134e-05,1.701465361093962736e+00,-6.232739699359271675e+06
1.289625183948271728e-05,1.449617898226691067e-05,1.687817456722632281e+00,-6.227510152377420105e+06
1.289844247169598034e-05,1.449986143120991788e-05,1.674180960514719541e+00,-6.222324267894664779e+06
1.290063310390924509e-05,1.450351402001341251e-05,1.660555776979793396e+00,-6.217181901842981577e+06
1.290282373612250645e-05,1.450713677335499137e-05,1.646941810941562778e+00,-6.212082911495456472e+06
1.290501436833577120e-05,1.451072971570410646e-05,1.633338967534904373e+00,-6.207027155458582565e+06
1.290720500054903425e-05,1.451429287132272397e-05,1.619747152203014906e+00,-6.202014493664650247e+06
1.290939563276229731e-05,1.451782626426600871e-05,1.606166270694472598e+00,-6.197044787364180200e+06
1.291158626497556206e-05,1.452132991838299155e-05,1.592596229060367019e+00,-6.192117899118471891e+06
1.291377689718882511e-05,1.452480385731721485e-05,1.579036933651436270e+00,-6.187233692792176269e+06
1.291596752940208986e-05,1.452824810450740502e-05,1.565488291115221031e+00,-6.182392033545987681e+06
1.291815816161535292e-05,1.453166268318810609e-05,1.551950208393231057e+00,-6.177592787829366513e+06
1.292034879382861597e-05,1.453504761639032348e-05,1.538422592718131865e+00,-6.172835823373354040e+06
1.292253942604188072e-05,1.453840292694216092e-05,1.524905351610944537e+00,-6.168121009183468297e+06
1.292473005825514208e-05,1.454172863746944731e-05,1.511398392878272157e+00,-6.163448215532649308e+06
1.292692069046840683e-05,1.454502477039636688e-05,1.497901624609487392e+00,-6.158817313954262063e+06
1.292911132268166989e-05,1.454829134794605720e-05,1.484414955174044426e+00,-6.154228177235227078e+06
1.293130195489493294e-05,1.455152839214123936e-05,1.470938293218696735e+00,-6.149680679409155622e+06
1.293349258710819769e-05,1.455473592480481094e-05,1.457471547664785483e+00,-6.145174695749578997e+06
1.293568321932146074e-05,1.455791396756044564e-05,1.444014627705528131e+00,-6.140710102763261646e+06
1.293787385153472549e-05,1.456106254183319982e-05,1.430567442803326594e+00,-6.136286778183558024e+06
1.294006448374798855e-05,1.456418166885006980e-05,1.417129902687086718e+00,-6.131904600963840261e+06
1.294225511596125330e-05,1.456727136964060516e-05,1.403701917349552186e+00,-6.127563451271016151e+06
1.294444574817451635e-05,1.457033166503746433e-05,1.390283397044653313e+00,-6.123263210479076020e+06
1.294663638038777941e-05,1.457336257567698554e-05,1.376874252284871147e+00,-6.119003761162738316e+06
1.294882701260104246e-05,1.457636412199975942e-05,1.363474393838622234e+00,-6.114784987091152929e+06
1.295101764481430552e-05,1.457933632425117953e-05,1.350083732727608732e+00,-6.110606773221644573e+06
1.295320827702757027e-05,1.458227920248198786e-05,1.336702180224284220e+00,-6.106469005693570711e+06
1.295539890924083332e-05,1.458519277654884408e-05,1.323329647849230017e+00,-6.102371571822190657e+06
1.295758954145409638e-05,1.458807706611483878e-05,1.309966047368595232e+00,-6.098314360092642717e+06
1.295978017366736113e-05,1.459093209065004747e-05,1.296611290791541915e+00,-6.094297260153956711e+06
1.296197080588062418e-05,1.459375786943205064e-05,1.283265290367700207e+00,-6.090320162813136354e+06
1.296416143809388893e-05,1.459655442154646064e-05,1.269927958584639693e+00,-6.086382960029317997e+06
1.296635207030715199e-05,1.459932176588744679e-05,1.256599208165350090e+00,-6.082485544907980599e+06
1.296854270252041504e-05,1.460205992115823519e-05,1.243278952065738574e+00,-6.078627811695207842e+06
1.297073333473367810e-05,1.460476890587162706e-05,1.229967103472145773e+00,-6.074809655772045255e+06
1.297292396694694115e-05,1.460744873835049512e-05,1.216663575798824004e+00,-6.071030973648867570e+06
1.297511459916020590e-05,1.461009943672828503e-05,1.203368282685534529e+00,-6.067291662959869951e+06
1.297730523137346896e-05,1.461272101894949819e-05,1.190081137995046223e+00,-6.063591622457562946e+06
1.297949586358673201e-05,1.461531350277018813e-05,1.176802055810705294e+00,-6.059930752007371746e+06
1.298168649579999676e-05,1.461787690575843311e-05,1.163530950434001010e+00,-6.056308952582253143e+06
1.298387712801325981e-05,1.462041124529481220e-05,1.150267736382146744e+00,-6.052726126257425174e+06
1.298606776022652456e-05,1.462291653857288466e-05,1.137012328385670568e+00,-6.049182176205094904e+06
1.298825839243978762e-05,1.462539280259964058e-05,1.123764641386017393e+00,-6.045677006689300761e+06
1.299044902465305237e-05,1.462784005419597015e-05,1.110524590533163547e+00,-6.042210523060774431e+06
1.299263965686631373e-05,1.463025830999710918e-05,1.097292091183251994e+00,-6.038782631751894951e+06
1.299483028907957678e-05,1.463264758645310325e-05,1.084067058896185376e+00,-6.035393240271655843e+06
1.299702092129284153e-05,1.463500789982923469e-05,1.070849409433338284e+00,-6.032042257200733759e+06
1.299921155350610459e-05,1.463733926620646973e-05,1.057639058755170502e+00,-6.028729592186602764e+06
1.300140218571936934e-05,1.463964170148188886e-05,1.044435923018907530e+00,-6.025455155938684009e+06
1.300359281793263239e-05,1.464191522136912044e-05,1.031239918576218662e+00,-6.022218860223575495e+06
1.300578345014589545e-05,1.464415984139876429e-05,1.018050961970906165e+00,-6.019020617860326543e+06
1.300797408235916020e-05,1.464637557691879653e-05,1.004868969936606016e+00,-6.015860342715785839e+06
1.301016471457242325e-05,1.464856244309500158e-05,9.916938593944961688e-01,-6.012737949699974619e+06
1.301235534678568800e-05,1.465072045491137362e-05,9.785255474510168305e-01,-6.009653354761541821e+06
1.301454597899895106e-05,1.465284962717050969e-05,9.653639513956008278e-01,-6.006606474883262999e+06
1.301673661121221242e-05,1.465494997449401956e-05,9.522089886984229645e-01,-6.003597228077597916e+06
1.301892724342547717e-05,1.465702151132292223e-05,9.390605770081065229e-01,-6.000625533382291906e+06
1.302111787563874022e-05,1.465906425191802531e-05,9.259186341495468930e-01,-5.997691310856050812e+06
1.302330850785200497e-05,1.466107821036030967e-05,9.127830781216358380e-01,-5.994794481574259698e+06
1.302549914006526803e-05,1.466306340055131221e-05,8.996538270950504845e-01,-5.991934967624738812e+06
1.302768977227853108e-05,1.466501983621349693e-05,8.865307994100395383e-01,-5.989112692103588954e+06
1.302988040449179583e-05,1.466694753089062758e-05,8.734139135742193805e-01,-5.986327579111048952e+06
1.303207103670505889e-05,1.466884649794812851e-05,8.603030882603790452e-01,-5.983579553747446276e+06
1.303426166891832363e-05,1.467071675057344213e-05,8.471982423042928589e-01,-5.980868542109163478e+06
1.303645230113158669e-05,1.467255830177638973e-05,8.340992947025436255e-01,-5.978194471284676343e+06
1.303864293334484805e-05,1.467437116438951537e-05,8.210061646103645749e-01,-5.975557269350648858e+06
1.304083356555811280e-05,1.467615535106843996e-05,8.079187713394349046e-01,-5.972956865368056111e+06
1.304302419777137585e-05,1.467791087429218651e-05,7.948370343557931150e-01,-5.970393189378394745e+06
1.304521482998464060e-05,1.467963774636353251e-05,7.817608732776495373e-01,-5.967866172399895266e+06
1.304740546219790366e-05,1.468133597940932498e-05,7.686902078732614774e-01,-5.965375746423837729e+06
1.304959609441116841e-05,1.468300558538082442e-05,7.556249580588062509e-01,-5.962921844410881400e+06
1.305178672662443146e-05,1.468464657605401143e-05,7.425650438962613231e-01,-5.960504400287454017e+06
1.305397735883769452e-05,1.468625896302991191e-05,7.295103855912922208e-01,-5.958123348942195065e+06
1.305616799105095927e-05,1.468784275773490208e-05,7.164609034911488816e-01,-5.955778626222453080e+06
1.305835862326422232e-05,1.468939797142103029e-05,7.034165180825691088e-01,-5.953470168930815533e+06
1.306054925547748707e-05,1.469092461516630503e-05,6.903771499896900199e-01,-5.951197914821701124e+06
1.306273988769074843e-05,1.469242269987499986e-05,6.773427199719769254e-01,-5.948961802598000504e+06
1.306493051990401149e-05,1.469389223627795157e-05,6.643131489221067998e-01,-5.946761771907755174e+06
1.306712115211727624e-05,1.469533323493284480e-05,6.512883578639652171e-01,-5.944597763340901583e+06
1.306931178433053929e-05,1.469674570622449489e-05,6.382682679505440326e-01,-5.942469718426047824e+06
1.307150241654380404e-05,1.469812966036513934e-05,6.252528004618992385e-01,-5.940377579627307132e+06
1.307369304875706710e-05,1.469948510739469524e-05,6.122418768031049341e-01,-5.938321290341171436e+06
1.307588368097033015e-05,1.470081205718105577e-05,5.992354185022139568e-01,-5.936300794893439859e+06
1.307807431318359490e-05,1.470211051942033243e-05,5.862333472082261743e-01,-5.934316038536193781e+06
1.308026494539685796e-05,1.470338050363713290e-05,5.732355846890618833e-01,-5.932366967444809154e+06
1.308245557761012270e-05,1.470462201918482019e-05,5.602420528295426472e-01,-5.930453528715026565e+06
1.308464620982338407e-05,1.470583507524575322e-05,5.472526736293893412e-01,-5.928575670360071585e+06
1.308683684203664712e-05,1.470701968083155108e-05,5.342673692011723485e-01,-5.926733341307791881e+06
1.308902747424991187e-05,1.470817584478333532e-05,5.212860617683746645e-01,-5.924926491397880018e+06
1.309121810646317492e-05,1.470930357577195521e-05,5.083086736633554148e-01,-5.923155071379126981e+06
1.309340873867643967e-05,1.471040288229824695e-05,4.953351273253720488e-01,-5.921419032906701788e+06
1.309559937088970273e-05,1.471147377269325224e-05,4.823653452985971479e-01,-5.919718328539497219e+06
1.309779000310296748e-05,1.471251625511844692e-05,4.693992502301418956e-01,-5.918052911737529561e+06
1.309998063531623053e-05,1.471353033756596800e-05,4.564367648680846545e-01,-5.916422736859348603e+06
1.310217126752949359e-05,1.471451602785882884e-05,4.434778120595056494e-01,-5.914827759159533307e+06
1.310436189974275834e-05,1.471547333365113763e-05,4.305223147485267021e-01,-5.913267934786197729e+06
1.310655253195601970e-05,1.471640226242830410e-05,4.175701959743670644e-01,-5.911743220778563060e+06
1.310874316416928445e-05,1.471730282150725125e-05,4.046213788693517888e-01,-5.910253575064565055e+06
1.311093379638254750e-05,1.471817501803660683e-05,3.916757866570307334e-01,-5.908798956458502449e+06
1.311312442859581056e-05,1.471901885899691334e-05,3.787333426501970357e-01,-5.907379324658733793e+06
1.311531506080907531e-05,1.471983435120081612e-05,3.657939702489638734e-01,-5.905994640245429240e+06
1.311750569302233836e-05,1.472062150129325138e-05,3.528575929388347854e-01,-5.904644864678340033e+06
1.311969632523560311e-05,1.472138031575162575e-05,3.399241342887792672e-01,-5.903329960294624791e+06
1.312188695744886617e-05,1.472211080088601112e-05,3.269935179493132504e-01,-5.902049890306727961e+06
1.312407758966212922e-05,1.472281296283931235e-05,3.140656676505841349e-01,-5.900804618800283410e+06
1.312626822187539397e-05,1.472348680758743666e-05,3.011405072004595396e-01,-5.899594110732073896e+06
1.312845885408865703e-05,1.472413234093946984e-05,2.882179604826217711e-01,-5.898418331928024068e+06
1.313064948630192008e-05,1.472474956853783040e-05,2.752979514546763373e-01,-5.897277249081250280e+06
1.313284011851518314e-05,1.472533849585844571e-05,2.623804041462120540e-01,-5.896170829750119708e+06
1.313503075072844619e-05,1.472589912821088253e-05,2.494652426569711756e-01,-5.895099042356399819e+06
1.313722138294171094e-05,1.472643147073852989e-05,2.365523911549175518e-01,-5.894061856183402240e+06
1.313941201515497400e-05,1.472693552841871094e-05,2.236417738743620709e-01,-5.893059241374205798e+06
1.314160264736823874e-05,1.472741130606286250e-05,2.107333151140808325e-01,-5.892091168929889798e+06
1.314379327958150180e-05,1.472785880831664688e-05,1.978269392354378708e-01,-5.891157610707833432e+06
1.314598391179476485e-05,1.472827803966009758e-05,1.849225706605108766e-01,-5.890258539420046844e+06
1.314817454400802960e-05,1.472866900440775141e-05,1.720201338702209981e-01,-5.889393928631528281e+06
1.315036517622129266e-05,1.472903170670877383e-05,1.591195534024658909e-01,-5.888563752758693881e+06
1.315255580843455571e-05,1.472936615054708268e-05,1.462207538502666992e-01,-5.887767987067824230e+06
1.315474644064781877e-05,1.472967233974145655e-05,1.333236598598661893e-01,-5.887006607673550025e+06
1.315693707286108352e-05,1.472995027794567199e-05,1.204281961289346420e-01,-5.886279591537396424e+06
1.315912770507434657e-05,1.473019996864858827e-05,1.075342874046745084e-01,-5.885586916466352530e+06
1.316131833728760963e-05,1.473042141517427607e-05,9.464185848198010398e-02,-5.884928561111480929e+06
1.316350896950087438e-05,1.473061462068210222e-05,8.175083420159012793e-02,-5.884304504966579378e+06
1.316569960171413743e-05,1.473077958816683640e-05,6.886113944824300004e-02,-5.883714728366871364e+06
1.316789023392740218e-05,1.473091632045874942e-05,5.597269914883483410e-02,-5.883159212487737648e+06
1.317008086614066524e-05,1.473102482022369791e-05,4.308543827058057551e-02,-5.882637939343489707e+06
1.317227149835392829e-05,1.473110508996320904e-05,3.019928181917736626e-02,-5.882150891786182299e+06
1.317446213056719304e-05,1.473115713201456856e-05,1.731415483697066465e-02,-5.881698053504464217e+06
1.317665276278045440e-05,1.473118094855089203e-05,4.429982401133259265e-03,-5.881279409022479318e+06
1.317884339499371915e-05,1.473117654158120607e-05,-8.453310378205765654e-03,-5.880894943698771298e+06
1.318103402720698221e-05,1.473114391295051615e-05,-2.133579835972483282e-02,-5.880544643725283444e+06
1.318322465942024526e-05,1.473108306433987097e-05,-3.421755637277639622e-02,-5.880228496126341633e+06
1.318541529163351001e-05,1.473099399726642681e-05,-4.709865921919891008e-02,-5.879946488757710904e+06
1.318760592384677307e-05,1.473087671308350345e-05,-5.997918167513703602e-02,-5.879698610305681825e+06
1.318979655606003781e-05,1.473073121298064179e-05,-7.285919849286015548e-02,-5.879484850286188535e+06
1.319198718827330087e-05,1.473055749798365462e-05,-8.573878440257873268e-02,-5.879305199043970555e+06
1.319417782048656392e-05,1.473035556895466564e-05,-9.861801411425931418e-02,-5.879159647751778364e+06
1.319636845269982867e-05,1.473012542659215853e-05,-1.114969623194374537e-01,-5.879048188409604132e+06
1.319855908491309003e-05,1.472986707143101936e-05,-1.243757036930184801e-01,-5.878970813843958080e+06
1.320074971712635478e-05,1.472958050384255688e-05,-1.372543128951294877e-01,-5.878927517707191408e+06
1.320294034933961784e-05,1.472926572403454996e-05,-1.501328645728646216e-01,-5.878918294476833194e+06
1.320513098155288089e-05,1.472892273205125609e-05,-1.630114333621341394e-01,-5.878943139454991557e+06
1.320732161376614564e-05,1.472855152777345366e-05,-1.758900938894595589e-01,-5.879002048767774366e+06
1.320951224597940870e-05,1.472815211091844545e-05,-1.887689207737782149e-01,-5.879095019364759326e+06
1.321170287819267345e-05,1.472772448104007547e-05,-2.016479886282464828e-01,-5.879222049018488266e+06
1.321389351040593650e-05,1.472726863752874598e-05,-2.145273720620422542e-01,-5.879383136324007995e+06
1.321608414261920125e-05,1.472678457961142421e-05,-2.274071456821661064e-01,-5.879578280698454008e+06
1.321827477483246431e-05,1.472627230635163393e-05,-2.402873840952420292e-01,-5.879807482380653732e+06
1.322046540704572567e-05,1.472573181664946897e-05,-2.531681619093061886e-01,-5.880070742430781014e+06
1.322265603925899042e-05,1.472516310924157292e-05,-2.660495537356482587e-01,-5.880368062730047852e+06
1.322484667147225347e-05,1.472456618270114926e-05,-2.789316341905463958e-01,-5.880699445980425924e+06
1.322703730368551822e-05,1.472394103543792753e-05,-2.918144778971070719e-01,-5.881064895704399794e+06
1.322922793589878128e-05,1.472328766569816327e-05,-3.046981594870518117e-01,-5.881464416244781576e+06
1.323141856811204433e-05,1.472260607156460249e-05,-3.175827536025139231e-01,-5.881898012764525600e+06
1.323360920032530908e-05,1.472189625095647487e-05,-3.304683348978350588e-01,-5.882365691246618517e+06
1.323579983253857214e-05,1.472115820162944804e-05,-3.433549780413612806e-01,-5.882867458493968472e+06
1.323799046475183688e-05,1.472039192117560384e-05,-3.562427577172397331e-01,-5.883403322129366919e+06
1.324018109696509994e-05,1.471959740702339767e-05,-3.691317486272140957e-01,-5.883973290595456958e+06
1.324237172917836300e-05,1.471877465643762463e-05,-3.820220254924208136e-01,-5.884577373154751956e+06
1.324456236139162605e-05,1.471792366651936526e-05,-3.949136630551746685e-01,-5.885215579889695160e+06
1.324675299360488911e-05,1.471704443420594326e-05,-4.078067360808069197e-01,-5.885887921702734195e+06
1.324894362581815385e-05,1.471613695627087291e-05,-4.207013193593990841e-01,-5.886594410316458903e+06
1.325113425803141691e-05,1.471520122932380488e-05,-4.335974877076214096e-01,-5.887335058273761533e+06
1.325332489024467996e-05,1.471423724981046187e-05,-4.464953159705196684e-01,-5.888109878938023001e+06
1.325551552245794471e-05,1.471324501401257085e-05,-4.593948790233128299e-01,-5.888918886493355036e+06
1.325770615467120777e-05,1.471222451804780880e-05,-4.722962517731910670e-01,-5.889762095944867469e+06
1.325989678688447252e-05,1.471117575786971300e-05,-4.851995091611149280e-01,-5.890639523118969984e+06
1.326208741909773557e-05,1.471009872926762168e-05,-4.981047261636144530e-01,-5.891551184663712047e+06
1.326427805131100032e-05,1.470899342786658087e-05,-5.110119777945899555e-01,-5.892497098049154505e+06
1.326646868352426168e-05,1.470785984912726985e-05,-5.239213391071025905e-01,-5.893477281567790546e+06
1.326865931573752474e-05,1.470669798834590629e-05,-5.368328851952178793e-01,-5.894491754334985279e+06
1.327084994795078949e-05,1.470550784065416325e-05,-5.497466911957469282e-01,-5.895540536289456300e+06
1.327304058016405254e-05,1.470428940101906074e-05,-5.626628322900915080e-01,-5.896623648193792440e+06
1.327523121237731729e-05,1.470304266424287934e-05,-5.755813837060399507e-01,-5.897741111635010689e+06
1.327742184459058035e-05,1.470176762496304838e-05,-5.885024207195730384e-01,-5.898892949025131762e+06
1.327961247680384340e-05,1.470046427765204259e-05,-6.014260186566724453e-01,-5.900079183601818047e+06
1.328180310901710815e-05,1.469913261661726695e-05,-6.143522528951297357e-01,-5.901299839429021813e+06
1.328399374123037121e-05,1.469777263600094144e-05,-6.272811988663575811e-01,-5.902554941397681832e+06
1.328618437344363596e-05,1.469638432977998756e-05,-6.402129320572019777e-01,-5.903844515226451680e+06
1.328837500565689901e-05,1.469496769176589791e-05,-6.531475280117562399e-01,-5.905168587462453172e+06
1.329056563787016037e-05,1.469352271560461078e-05,-6.660850623331663334e-01,-5.906527185482096858e+06
1.329275627008342512e-05,1.469204939477637974e-05,-6.790256106854904994e-01,-5.907920337491894141e+06
1.329494690229668818e-05,1.469054772259563981e-05,-6.919692487954558491e-01,-5.909348072529330850e+06
1.329713753450995292e-05,1.468901769221086515e-05,-7.049160524543209849e-01,-5.910810420463772491e+06
1.329932816672321598e-05,1.468745929660442506e-05,-7.178660975196896610e-01,-5.912307411997403949e+06
1.330151879893647903e-05,1.468587252859244168e-05,-7.308194599173358785e-01,-5.913839078666188754e+06
1.330370943114974378e-05,1.468425738082463415e-05,-7.437762156430312022e-01,-5.915405452840894461e+06
1.330590006336300684e-05,1.468261384578415935e-05,-7.567364407643755175e-01,-5.917006567728119902e+06
1.330809069557627159e-05,1.468094191578746792e-05,-7.697002114226280112e-01,-5.918642457371372730e+06
1.331028132778953464e-05,1.467924158298412127e-05,-7.826676038345427022e-01,-5.920313156652186997e+06
1.331247196000279600e-05,1.467751283935664085e-05,-7.956386942941947593e-01,-5.922018701291261241e+06
1.331466259221606075e-05,1.467575567672032179e-05,-8.086135591748617735e-01,-5.923759127849640325e+06
1.331685322442932381e-05,1.467397008672307194e-05,-8.215922749308033346e-01,-5.925534473729928955e+06
1.331904385664258856e-05,1.467215606084522216e-05,-8.345749180991475225e-01,-5.927344777177535929e+06
1.332123448885585161e-05,1.467031359039934504e-05,-8.475615653017288809e-01,-5.929190077281964943e+06
1.332342512106911636e-05,1.466844266653007365e-05,-8.605522932469377162e-01,-5.931070413978115655e+06
1.332561575328237942e-05,1.466654328021389824e-05,-8.735471787315748360e-01,-5.932985828047656454e+06
1.332780638549564247e-05,1.466461542225898328e-05,-8.865462986427072867e-01,-5.934936361120387912e+06
1.332999701770890722e-05,1.466265908330495234e-05,-8.995497299595275331e-01,-5.936922055675674230e+06
1.333218764992217028e-05,1.466067425382270677e-05,-9.125575497552173010e-01,-5.938942955043892376e+06
1.333437828213543333e-05,1.465866092411419197e-05,-9.255698351988015382e-01,-5.940999103407915682e+06
1.333656891434869639e-05,1.465661908431220255e-05,-9.385866635570607741e-01,-5.943090545804645866e+06
1.333875954656195944e-05,1.465454872438016043e-05,-9.516081121963394507e-01,-5.945217328126551583e+06
1.334095017877522419e-05,1.465244983411189626e-05,-9.646342585844654982e-01,-5.947379497123267502e+06
1.334314081098848725e-05,1.465032240313142754e-05,-9.776651802926178414e-01,-5.949577100403217599e+06
1.334533144320175200e-05,1.464816642089271804e-05,-9.907009549972103368e-01,-5.951810186435262673e+06
1.334752207541501505e-05,1.464598187667946436e-05,-1.003741660481778375e+00,-5.954078804550405592e+06
1.334971270762827811e-05,1.464376875960484182e-05,-1.016787374638868924e+00,-5.956383004943493754e+06
1.335190333984154285e-05,1.464152705861127406e-05,-1.029838175471935902e+00,-5.958722838674991392e+06
1.335409397205480591e-05,1.463925676247018400e-05,-1.042894141097236327e+00,-5.961098357672776096e+06
1.335628460426807066e-05,1.463695785978174145e-05,-1.055955349745735683e+00,-5.963509614733938128e+06
1.335847523648133202e-05,1.463463033897462255e-05,-1.069021879764999738e+00,-5.965956663526657969e+06
1.336066586869459507e-05,1.463227418830573361e-05,-1.082093809621150982e+00,-5.968439558592103422e+06
1.336285650090785982e-05,1.462988939585996382e-05,-1.095171217900716254e+00,-5.970958355346329510e+06
1.336504713312112288e-05,1.462747594954991415e-05,-1.108254183312589847e+00,-5.973513110082257539e+06
1.336723776533438763e-05,1.462503383711562802e-05,-1.121342784689945526e+00,-5.976103879971656017e+06
1.336942839754765068e-05,1.462256304612431180e-05,-1.134437100992163661e+00,-5.978730723067170940e+06
1.337161902976091543e-05,1.462006356397007048e-05,-1.147537211306763005e+00,-5.981393698304366320e+06
1.337380966197417849e-05,1.461753537787360450e-05,-1.160643194851338267e+00,-5.984092865503847599e+06
1.337600029418744154e-05,1.461497847488194202e-05,-1.173755130975499439e+00,-5.986828285373346880e+06
1.337819092640070629e-05,1.461239284186813236e-05,-1.186873099162819134e+00,-5.989600019509903155e+06
1.338038155861396765e-05,1.460977846553096641e-05,-1.199997179032771921e+00,-5.992408130402046256e+06
1.338257219082723240e-05,1.460713533239465312e-05,-1.213127450342731395e+00,-5.995252681432014331e+06
1.338476282304049546e-05,1.460446342880854165e-05,-1.226263992989868434e+00,-5.998133736878011376e+06
1.338695345525375851e-05,1.460176274094679442e-05,-1.239406887013156711e+00,-6.001051361916492693e+06
1.338914408746702326e-05,1.459903325480808895e-05,-1.252556212595334673e+00,-6.004005622624483891e+06
1.339133471968028632e-05,1.459627495621527905e-05,-1.265712050064879080e+00,-6.006996585981937125e+06
1.339352535189355107e-05,1.459348783081510004e-05,-1.278874479897986749e+00,-6.010024319874107838e+06
1.339571598410681412e-05,1.459067186407782319e-05,-1.292043582720559192e+00,-6.013088893093979917e+06
1.339790661632007718e-05,1.458782704129693381e-05,-1.305219439310195240e+00,-6.016190375344709493e+06
1.340009724853334192e-05,1.458495334758879417e-05,-1.318402130598186561e+00,-6.019328837242101319e+06
1.340228788074660498e-05,1.458205076789230805e-05,-1.331591737671520281e+00,-6.022504350317134522e+06
1.340447851295986803e-05,1.457911928696857515e-05,-1.344788341774875606e+00,-6.025716987018492073e+06
1.340666914517313109e-05,1.457615888940053873e-05,-1.357992024312679735e+00,-6.028966820715154521e+06
1.340885977738639415e-05,1.457316955959264172e-05,-1.371202866851061408e+00,-6.032253925698989071e+06
1.341105040959965889e-05,1.457015128177046588e-05,-1.384420951119921694e+00,-6.035578377187405713e+06
1.341324104181292195e-05,1.456710403998037264e-05,-1.397646359014949713e+00,-6.038940251326017082e+06
1.341543167402618670e-05,1.456402781808913722e-05,-1.410879172599661890e+00,-6.042339625191350468e+06
1.341762230623944975e-05,1.456092259978357591e-05,-1.424119474107442329e+00,-6.045776576793576591e+06
1.341981293845271450e-05,1.455778836857017677e-05,-1.437367345943592722e+00,-6.049251185079273768e+06
1.342200357066597756e-05,1.455462510777471166e-05,-1.450622870687384713e+00,-6.052763529934232123e+06
1.342419420287924061e-05,1.455143280054186530e-05,-1.463886131094122911e+00,-6.056313692186267115e+06
1.342638483509250367e-05,1.454821142983484389e-05,-1.477157210097198581e+00,-6.059901753608085215e+06
1.342857546730576672e-05,1.454496097843497194e-05,-1.490436190810207728e+00,-6.063527796920184046e+06
1.343076609951903147e-05,1.454168142894130773e-05,-1.503723156528964155e+00,-6.067191905793746002e+06
1.343295673173229453e-05,1.453837276377023669e-05,-1.517018190733629757e+00,-6.070894164853606373e+06
1.343514736394555758e-05,1.453503496515506659e-05,-1.530321377090795743e+00,-6.074634659681227989e+06
1.343733799615882233e-05,1.453166801514561751e-05,-1.543632799455580296e+00,-6.078413476817706600e+06
1.343952862837208539e-05,1.452827189560780172e-05,-1.556952541873736440e+00,-6.082230703766815364e+06
1.344171926058535014e-05,1.452484658822321378e-05,-1.570280688583762352e+00,-6.086086428998074494e+06
1.344390989279861319e-05,1.452139207448869338e-05,-1.583617324019021444e+00,-6.089980741949839517e+06
1.344610052501187625e-05,1.451790833571590527e-05,-1.596962532809867330e+00,-6.093913733032446355e+06
1.344829115722513930e-05,1.451439535303090557e-05,-1.610316399785766128e+00,-6.097885493631343357e+06
1.345048178943840236e-05,1.451085310737368774e-05,-1.623679009977480048e+00,-6.101896116110311821e+06
1.345267242165166711e-05,1.450728157949776758e-05,-1.637050448619147058e+00,-6.105945693814641796e+06
1.345486305386493016e-05,1.450368074996970882e-05,-1.650430801150479798e+00,-6.110034321074404754e+06
1.345705368607819322e-05,1.450005059916868612e-05,-1.663820153218915410e+00,-6.114162093207709491e+06
1.345924431829145796e-05,1.449639110728602255e-05,-1.677218590681782695e+00,-6.118329106524005532e+06
1.346143495050472102e-05,1.449270225432472711e-05,-1.690626199608478375e+00,-6.122535458327411674e+06
1.346362558271798577e-05,1.448898402009902212e-05,-1.704043066282648455e+00,-6.126781246920066886e+06
1.346581621493124882e-05,1.448523638423388749e-05,-1.717469277204380029e+00,-6.131066571605522186e+06
1.346800684714451188e-05,1.448145932616456433e-05,-1.730904919092397076e+00,-6.135391532692133449e+06
1.347019747935777663e-05,1.447765282513609424e-05,-1.744350078886265809e+00,-6.139756231496513821e+06
1.347238811157103799e-05,1.447381686020281440e-05,-1.757804843748597134e+00,-6.144160770346987061e+06
1.347457874378430274e-05,1.446995141022787312e-05,-1.771269301067309065e+00,-6.148605252587080002e+06
1.347676937599756579e-05,1.446605645388274023e-05,-1.784743538457790546e+00,-6.153089782579042017e+06
1.347896000821083054e-05,1.446213196964670057e-05,-1.798227643765179184e+00,-6.157614465707367286e+06
1.348115064042409360e-05,1.445817793580634574e-05,-1.811721705066593691e+00,-6.162179408382389694e+06
1.348334127263735665e-05,1.445419433045506930e-05,-1.825225810673386739e+00,-6.166784718043844216e+06
1.348553190485062140e-05,1.445018113149254839e-05,-1.838740049133402499e+00,-6.171430503164509311e+06
1.348772253706388446e-05,1.444613831662422530e-05,-1.852264509233243039e+00,-6.176116873253830709e+06
1.348991316927714921e-05,1.444206586336077221e-05,-1.865799280000544957e+00,-6.180843938861590810e+06
1.349210380149041226e-05,1.443796374901757613e-05,-1.879344450706261549e+00,-6.185611811581593007e+06
1.349429443370367362e-05,1.443383195071419854e-05,-1.892900110866942986e+00,-6.190420604055383243e+06
1.349648506591693837e-05,1.442967044537381632e-05,-1.906466350247079111e+00,-6.195270429975984618e+06
1.349867569813020143e-05,1.442547920972270509e-05,-1.920043258861342528e+00,-6.200161404091634788e+06
1.350086633034346618e-05,1.442125822028967506e-05,-1.933630926976946274e+00,-6.205093642209588550e+06
1.350305696255672923e-05,1.441700745340551197e-05,-1.947229445115958635e+00,-6.210067261199903674e+06
1.350524759476999229e-05,1.441272688520241641e-05,-1.960838904057634613e+00,-6.215082378999277018e+06
1.350743822698325703e-05,1.440841649161344813e-05,-1.974459394840756277e+00,-6.220139114614869468e+06
1.350962885919652009e-05,1.440407624837194837e-05,-1.988091008765983769e+00,-6.225237588128195144e+06
1.351181949140978484e-05,1.439970613101095030e-05,-2.001733837398210980e+00,-6.230377920698974282e+06
1.351401012362304789e-05,1.439530611486262852e-05,-2.015387972568933428e+00,-6.235560234569061548e+06
1.351620075583630926e-05,1.439087617505768402e-05,-2.029053506378611260e+00,-6.240784653066357598e+06
1.351839138804957400e-05,1.438641628652475980e-05,-2.042730531199096422e+00,-6.246051300608754158e+06
1.352058202026283706e-05,1.438192642398985639e-05,-2.056419139675959684e+00,-6.251360302708081901e+06
1.352277265247610181e-05,1.437740656197571351e-05,-2.070119424730934909e+00,-6.256711785974098369e+06
1.352496328468936486e-05,1.437285667480120701e-05,-2.083831479564316691e+00,-6.262105878118472174e+06
1.352715391690262792e-05,1.436827673658074573e-05,-2.097555397657381082e+00,-6.267542707958795130e+06
1.352934454911589267e-05,1.436366672122363967e-05,-2.111291272774810768e+00,-6.273022405422611162e+06
1.353153518132915572e-05,1.435902660243348332e-05,-2.125039198967129117e+00,-6.278545101551442407e+06
1.353372581354242047e-05,1.435435635370752377e-05,-2.138799270573150224e+00,-6.284110928504855372e+06
1.353591644575568353e-05,1.434965594833603395e-05,-2.152571582222427615e+00,-6.289720019564527087e+06
1.353810707796894828e-05,1.434492535940166202e-05,-2.166356228837719833e+00,-6.295372509138313122e+06
1.354029771018220964e-05,1.434016455977879790e-05,-2.180153305637448025e+00,-6.301068532764349133e+06
1.354248834239547269e-05,1.433537352213290570e-05,-2.193962908138225032e+00,-6.306808227115167305e+06
1.354467897460873744e-05,1.433055221891989023e-05,-2.207785132157274344e+00,-6.312591730001785792e+06
1.354686960682200050e-05,1.432570062238542100e-05,-2.221620073814974283e+00,-6.318419180377845652e+06
1.354906023903526525e-05,1.432081870456426481e-05,-2.235467829537356454e+00,-6.324290718343748711e+06
1.355125087124852830e-05,1.431590643727962503e-05,-2.249328496058618843e+00,-6.330206485150793567e+06
1.355344150346179136e-05,1.431096379214244873e-05,-2.263202170423654902e+00,-6.336166623205335811e+06
1.355563213567505611e-05,1.430599074055075754e-05,-2.277088949990585309e+00,-6.342171276072924025e+06
1.355782276788831916e-05,1.430098725368894292e-05,-2.290988932433306147e+00,-6.348220588482495397e+06
1.356001340010158391e-05,1.429595330252709020e-05,-2.304902215744037086e+00,-6.354314706330503337e+06
1.356220403231484527e-05,1.429088885782026709e-05,-2.318828898235875347e+00,-6.360453776685124263e+06
1.356439466452810833e-05,1.428579389010780712e-05,-2.332769078545412711e+00,-6.366637947790418752e+06
1.356658529674137307e-05,1.428066836971262518e-05,-2.346722855635244631e+00,-6.372867369070506655e+06
1.356877592895463613e-05,1.427551226674048062e-05,-2.360690328796609894e+00,-6.379142191133743152e+06
1.357096656116790088e-05,1.427032555107926409e-05,-2.374671597651973887e+00,-6.385462565776903182e+06
1.357315719338116393e-05,1.426510819239825888e-05,-2.388666762157639400e+00,-6.391828645989359356e+06
1.357534782559442699e-05,1.425986016014741417e-05,-2.402675922606362757e+00,-6.398240585957254283e+06
1.357753845780769174e-05,1.425458142355660644e-05,-2.416699179629980154e+00,-6.404698541067662649e+06
1.357972909002095479e-05,1.424927195163488899e-05,-2.430736634202042445e+00,-6.411202667912781239e+06
1.358191972223421954e-05,1.424393171316974314e-05,-2.444788387640460137e+00,-6.417753124294074252e+06
1.358411035444748260e-05,1.423856067672631932e-05,-2.458854541610157263e+00,-6.424350069226416759e+06
1.358630098666074396e-05,1.423315881064667813e-05,-2.472935198125722600e+00,-6.430993662942272611e+06
1.358849161887400871e-05,1.422772608304901104e-05,-2.487030459554127049e+00,-6.437684066895814613e+06
1.359068225108727176e-05,1.422226246182687977e-05,-2.501140428617334877e+00,-6.444421443767039105e+06
1.359287288330053651e-05,1.421676791464842686e-05,-2.515265208395041530e+00,-6.451205957465902902e+06
1.359506351551379957e-05,1.421124240895558962e-05,-2.529404902327359927e+00,-6.458037773136400618e+06
1.359725414772706432e-05,1.420568591196330900e-05,-2.543559614217526299e+00,-6.464917057160677388e+06
1.359944477994032737e-05,1.420009839065873338e-05,-2.557729448234620673e+00,-6.471843977163065225e+06
1.360163541215359043e-05,1.419447981180041218e-05,-2.571914508916290920e+00,-6.478818702014168724e+06
1.360382604436685518e-05,1.418883014191747937e-05,-2.586114901171483904e+00,-6.485841401834864169e+06
1.360601667658011823e-05,1.418314934730884871e-05,-2.600330730283196612e+00,-6.492912248000334948e+06
1.360820730879338129e-05,1.417743739404238543e-05,-2.614562101911207304e+00,-6.500031413144026883e+06
1.361039794100664434e-05,1.417169424795406930e-05,-2.628809122094890594e+00,-6.507199071161669679e+06
1.361258857321990740e-05,1.416591987464717644e-05,-2.643071897255912184e+00,-6.514415397215130739e+06
1.361477920543317214e-05,1.416011423949143226e-05,-2.657350534201055936e+00,-6.521680567736388184e+06
1.361696983764643520e-05,1.415427730762215767e-05,-2.671645140124998097e+00,-6.528994760431381874e+06
1.361916046985969995e-05,1.414840904393942541e-05,-2.685955822613101063e+00,-6.536358154283850454e+06
1.362135110207296300e-05,1.414250941310719950e-05,-2.700282689644219136e+00,-6.543770929559167475e+06
1.362354173428622606e-05,1.413657837955246614e-05,-2.714625849593507834e+00,-6.551233267808095552e+06
1.362573236649949081e-05,1.413061590746436301e-05,-2.728985411235246517e+00,-6.558745351870523766e+06
1.362792299871275386e-05,1.412462196079330510e-05,-2.743361483745662355e+00,-6.566307365879175253e+06
1.363011363092601692e-05,1.411859650325010547e-05,-2.757754176705759619e+00,-6.573919495263250545e+06
1.363230426313927997e-05,1.411253949830506390e-05,-2.772163600104208481e+00,-6.581581926752057858e+06
1.363449489535254303e-05,1.410645090918710457e-05,-2.786589864340123679e+00,-6.589294848378541879e+06
1.363668552756580778e-05,1.410033069888284263e-05,-2.801033080225976857e+00,-6.597058449482814409e+06
1.363887615977907083e-05,1.409417883013569654e-05,-2.815493358990447170e+00,-6.604872920715622604e+06
1.364106679199233558e-05,1.408799526544495967e-05,-2.829970812281299875e+00,-6.612738454041739926e+06
1.364325742420559864e-05,1.408177996706489063e-05,-2.844465552168264466e+00,-6.620655242743329145e+06
1.364544805641886339e-05,1.407553289700376968e-05,-2.858977691145928368e+00,-6.628623481423223391e+06
1.364763868863212644e-05,1.406925401702298559e-05,-2.873507342136631504e+00,-6.636643366008154117e+06
1.364982932084538950e-05,1.406294328863608190e-05,-2.888054618493368864e+00,-6.644715093751916662e+06
1.365201995305865425e-05,1.405660067310780487e-05,-2.902619634002703730e+00,-6.652838863238470629e+06
1.365421058527191561e-05,1.405022613145317342e-05,-2.917202502887672022e+00,-6.661014874384941533e+06
1.365640121748518036e-05,1.404381962443648809e-05,-2.931803339810751474e+00,-6.669243328444612212e+06
1.365859184969844341e-05,1.403738111257039256e-05,-2.946422259876722904e+00,-6.677524428009746596e+06
1.366078248191170647e-05,1.403091055611489108e-05,-2.961059378635654049e+00,-6.685858377014413476e+06
1.366297311412497122e-05,1.402440791507636759e-05,-2.975714812085829220e+00,-6.694245380737187341e+06
1.366516374633823427e-05,1.401787314920660148e-05,-2.990388676676696278e+00,-6.702685645803766325e+06
1.366735437855149902e-05,1.401130621800178333e-05,-3.005081089311823828e+00,-6.711179380189512856e+06
1.366954501076476207e-05,1.400470708070150357e-05,-3.019792167351857071e+00,-6.719726793221893720e+06
1.367173564297802513e-05,1.399807569628775636e-05,-3.034522028617483880e+00,-6.728328095582796261e+06
1.367392627519128988e-05,1.399141202348393161e-05,-3.049270791392405755e+00,-6.736983499310803600e+06
1.367611690740455124e-05,1.398471602075379855e-05,-3.064038574426296346e+00,-6.745693217803295702e+06
1.367830753961781599e-05,1.397798764630045541e-05,-3.078825496937832806e+00,-6.754457465818515979e+06
1.368049817183107904e-05,1.397122685806533840e-05,-3.093631678617603686e+00,-6.763276459477438591e+06
1.368268880404434210e-05,1.396443361372716459e-05,-3.108457239631146507e+00,-6.772150416265588254e+06
1.368487943625760685e-05,1.395760787070087991e-05,-3.123302300621923600e+00,-6.781079555034715682e+06
1.368707006847086990e-05,1.395074958613662916e-05,-3.138166982714321485e+00,-6.790064096004339866e+06
1.368926070068413465e-05,1.394385871691868365e-05,-3.153051407516644034e+00,-6.799104260763165541e+06
1.369145133289739771e-05,1.393693521966438245e-05,-3.167955697124116732e+00,-6.808200272270374931e+06
1.369364196511066246e-05,1.392997905072306338e-05,-3.182879974121887834e+00,-6.817352354856765829e+06
1.369583259732392551e-05,1.392299016617498731e-05,-3.197824361588036179e+00,-6.826560734225746244e+06
1.369802322953718857e-05,1.391596852183025226e-05,-3.212788983096576345e+00,-6.835825637454201467e+06
1.370021386175045162e-05,1.390891407322771089e-05,-3.227773962720459355e+00,-6.845147292993164621e+06
1.370240449396371468e-05,1.390182677563385071e-05,-3.242779425034630236e+00,-6.854525930668393150e+06
1.370459512617697943e-05,1.389470658404172854e-05,-3.257805495118966999e+00,-6.863961781680696644e+06
1.370678575839024248e-05,1.388755345316983376e-05,-3.272852298561341300e+00,-6.873455078606164083e+06
1.370897639060350554e-05,1.388036733746097535e-05,-3.287919961460621820e+00,-6.883006055396179669e+06
1.371116702281677029e-05,1.387314819108117392e-05,-3.303008610429682967e+00,-6.892614947377266362e+06
1.371335765503003334e-05,1.386589596791851487e-05,-3.318118372598420240e+00,-6.902281991250749677e+06
1.371554828724329809e-05,1.385861062158201842e-05,-3.333249375616759824e+00,-6.912007425092205405e+06
1.371773891945656114e-05,1.385129210540050291e-05,-3.348401747657667293e+00,-6.921791488350725733e+06
1.371992955166982420e-05,1.384394037242142774e-05,-3.363575617420158537e+00,-6.931634421847979538e+06
1.372212018388308726e-05,1.383655537540975327e-05,-3.378771114132289810e+00,-6.941536467777037993e+06
1.372431081609635031e-05,1.382913706684673804e-05,-3.393988367554212626e+00,-6.951497869701018557e+06
1.372650144830961506e-05,1.382168539892882575e-05,-3.409227507981096306e+00,-6.961518872551451437e+06
1.372869208052287811e-05,1.381420032356643065e-05,-3.424488666246175317e+00,-6.971599722626443952e+06
1.373088271273614117e-05,1.380668179238277366e-05,-3.439771973723726894e+00,-6.981740667588616721e+06
1.373307334494940592e-05,1.379912975671268134e-05,-3.455077562332061092e+00,-6.991941956462752074e+06
1.373526397716266897e-05,1.379154416760139998e-05,-3.470405564536495735e+00,-7.002203839633214287e+06
1.373745460937593372e-05,1.378392497580339120e-05,-3.485756113352337149e+00,-7.012526568841085769e+06
1.373964524158919678e-05,1.377627213178112060e-05,-3.501129342347847562e+00,-7.022910397181052715e+06
1.374183587380246153e-05,1.376858558570385505e-05,-3.516525385647204960e+00,-7.033355579097990878e+06
1.374402650601572289e-05,1.376086528744642766e-05,-3.531944377933445622e+00,-7.043862370383257046e+06
1.374621713822898594e-05,1.375311118658800626e-05,-3.547386454451459947e+00,-7.054431028170729056e+06
1.374840777044225069e-05,1.374532323241088374e-05,-3.562851751010852830e+00,-7.065061810932446271e+06
1.375059840265551375e-05,1.373750137389921778e-05,-3.578340403988919949e+00,-7.075754978474033996e+06
1.375278903486877850e-05,1.372964555973778730e-05,-3.593852550333552998e+00,-7.086510791929730214e+06
1.375497966708204155e-05,1.372175573831074231e-05,-3.609388327566141363e+00,-7.097329513757104054e+06
1.375717029929530461e-05,1.371383185770034350e-05,-3.624947873784468477e+00,-7.108211407731447369e+06
1.375936093150856936e-05,1.370587386568569677e-05,-3.640531327665589956e+00,-7.119156738939756528e+06
1.376155156372183241e-05,1.369788170974147591e-05,-3.656138828468699309e+00,-7.130165773774390109e+06
1.376374219593509716e-05,1.368985533703665882e-05,-3.671770516037982990e+00,-7.141238779926344752e+06
1.376593282814836022e-05,1.368179469443322140e-05,-3.687426530805455016e+00,-7.152376026378125884e+06
1.376812346036162158e-05,1.367369972848487037e-05,-3.703107013793766278e+00,-7.163577783396211453e+06
1.377031409257488633e-05,1.366557038543571514e-05,-3.718812106619059588e+00,-7.174844322523168288e+06
1.377250472478814938e-05,1.365740661121900232e-05,-3.734541951493679957e+00,-7.186175916569228284e+06
1.377469535700141413e-05,1.364920835145578252e-05,-3.750296691228991453e+00,-7.197572839603533968e+06
1.377688598921467718e-05,1.364097555145359405e-05,-3.766076469238114122e+00,-7.209035366944882087e+06
1.377907662142794024e-05,1.363270815620516184e-05,-3.781881429538651140e+00,-7.220563775152026676e+06
1.378126725364120499e-05,1.362440611038704057e-05,-3.797711716755391098e+00,-7.232158342013483867e+06
1.378345788585446804e-05,1.361606935835831016e-05,-3.813567476122993849e+00,-7.243819346536871977e+06
1.378564851806773279e-05,1.360769784415922057e-05,-3.829448853488646609e+00,-7.255547068937732838e+06
1.378783915028099585e-05,1.359929151150984500e-05,-3.845355995314698294e+00,-7.267341790627853014e+06
1.379002978249425721e-05,1.359085030380874834e-05,-3.861289048681254332e+00,-7.279203794203005731e+06
1.379222041470752196e-05,1.358237416413160145e-05,-3.877248161288807449e+00,-7.291133363430232741e+06
1.379441104692078501e-05,1.357386303522984623e-05,-3.893233481460711687e+00,-7.303130783234467730e+06
1.379660167913404976e-05,1.356531685952931832e-05,-3.909245158145753685e+00,-7.315196339684619568e+06
1.379879231134731282e-05,1.355673557912887156e-05,-3.925283340920634689e+00,-7.327330319979109801e+06
1.380098294356057757e-05,1.354811913579900236e-05,-3.941348179992423262e+00,-7.339533012430698611e+06
1.380317357577384062e-05,1.353946747098046740e-05,-3.957439826200981337e+00,-7.351804706450764090e+06
1.380536420798710368e-05,1.353078052578289443e-05,-3.973558431021355197e+00,-7.364145692532902583e+06
1.380755484020036843e-05,1.352205824098337965e-05,-3.989704146566122933e+00,-7.376556262235855684e+06
1.380974547241363148e-05,1.351330055702510698e-05,-4.005877125587713472e+00,-7.389036708165770397e+06
1.381193610462689623e-05,1.350450741401592342e-05,-4.022077521480676765e+00,-7.401587323957736604e+06
1.381412673684015759e-05,1.349567875172695493e-05,-4.038305488283908673e+00,-7.414208404256622307e+06
1.381631736905342065e-05,1.348681450959115128e-05,-4.054561180682886068e+00,-7.426900244697178714e+06
1.381850800126668540e-05,1.347791462670191044e-05,-4.070844754011744726e+00,-7.439663141883302480e+06
1.382069863347994845e-05,1.346897904181164033e-05,-4.087156364255419838e+00,-7.452497393366619013e+06
1.382288926569321320e-05,1.346000769333032394e-05,-4.103496168051694148e+00,-7.465403297624181956e+06
1.382507989790647626e-05,1.345100051932408955e-05,-4.119864322693195469e+00,-7.478381154035391286e+06
1.382727053011973931e-05,1.344195745751377752e-05,-4.136260986129348893e+00,-7.491431262858015485e+06
1.382946116233300406e-05,1.343287844527349869e-05,-4.152686316968272173e+00,-7.504553925203369930e+06
1.383165179454626711e-05,1.342376341962918760e-05,-4.169140474478621350e+00,-7.517749443010593764e+06
1.383384242675953186e-05,1.341461231725715577e-05,-4.185623618591368000e+00,-7.531018119019960985e+06
1.383603305897279322e-05,1.340542507448264670e-05,-4.202135909901519639e+00,-7.544360256745305844e+06
1.383822369118605628e-05,1.339620162727834501e-05,-4.218677509669830350e+00,-7.557776160445435904e+06
1.384041432339932103e-05,1.338694191126296200e-05,-4.235248579824322235e+00,-7.571266135094498284e+06
1.384260495561258408e-05,1.337764586169975325e-05,-4.251849282961874366e+00,-7.584830486351408996e+06
1.384479558782584883e-05,1.336831341349503976e-05,-4.268479782349670515e+00,-7.598469520528132096e+06
1.384698622003911189e-05,1.335894450119675609e-05,-4.285140241926598925e+00,-7.612183544556938112e+06
1.384917685225237664e-05,1.334953905899296810e-05,-4.301830826304570365e+00,-7.625972865956483409e+06
1.385136748446563969e-05,1.334009702071039909e-05,-4.318551700769769575e+00,-7.639837792796797119e+06
1.385355811667890275e-05,1.333061831981294915e-05,-4.335303031283816999e+00,-7.653778633663034067e+06
1.385574874889216750e-05,1.332110288940021971e-05,-4.352084984484861252e+00,-7.667795697618051432e+06
1.385793938110542886e-05,1.331155066220603454e-05,-4.368897727688566768e+00,-7.681889294163711369e+06
1.386013001331869361e-05,1.330196157059692361e-05,-4.385741428889092575e+00,-7.696059733200955205e+06
1.386232064553195666e-05,1.329233554657068312e-05,-4.402616256759830371e+00,-7.710307324988455512e+06
1.386451127774521972e-05,1.328267252175485423e-05,-4.419522380654202998e+00,-7.724632380100021139e+06
1.386670190995848447e-05,1.327297242740524242e-05,-4.436459970606292380e+00,-7.739035209380573593e+06
1.386889254217174752e-05,1.326323519440442678e-05,-4.453429197331382206e+00,-7.753516123900685459e+06
1.387108317438501227e-05,1.325346075326026577e-05,-4.470430232226402012e+00,-7.768075434909655713e+06
1.387327380659827533e-05,1.324364903410439800e-05,-4.487463247370263808e+00,-7.782713453787101433e+06
1.387546443881153838e-05,1.323379996669075655e-05,-4.504528415524097440e+00,-7.797430491992969066e+06
1.387765507102480313e-05,1.322391348039407310e-05,-4.521625910131367831e+00,-7.812226861015974544e+06
1.387984570323806618e-05,1.321398950420837695e-05,-4.538755905317880313e+00,-7.827102872320411727e+06
1.388203633545132924e-05,1.320402796674551788e-05,-4.555918575891652722e+00,-7.842058837291266769e+06
1.388422696766459229e-05,1.319402879623362955e-05,-4.573114097342734219e+00,-7.857095067177655175e+06
1.388641759987785535e-05,1.318399192051568787e-05,-4.590342645842767411e+00,-7.872211873034403659e+06
1.388860823209112010e-05,1.317391726704799484e-05,-4.607604398244544264e+00,-7.887409565661882982e+06
1.389079886430438315e-05,1.316380476289868267e-05,-4.624899532081371056e+00,-7.902688455543966964e+06
1.389298949651764790e-05,1.315365433474622469e-05,-4.642228225566307209e+00,-7.918048852784034796e+06
1.389518012873091096e-05,1.314346590887795984e-05,-4.659590657591256679e+00,-7.933491067039046437e+06
1.389737076094417401e-05,1.313323941118859000e-05,-4.676987007725915468e+00,-7.949015407451555133e+06
1.389956139315743876e-05,1.312297476717870958e-05,-4.694417456216572582e+00,-7.964622182579650544e+06
1.390175202537070182e-05,1.311267190195331808e-05,-4.711882183984748451e+00,-7.980311700324785896e+06
1.390394265758396487e-05,1.310233074022035310e-05,-4.729381372625659274e+00,-7.996084267857378349e+06
1.390613328979722793e-05,1.309195120628918425e-05,-4.746915204406591648e+00,-8.011940191540201195e+06
1.390832392201049268e-05,1.308153322406918507e-05,-4.764483862264961900e+00,-8.027879776849377900e+06
1.391051455422375573e-05,1.307107671706824737e-05,-4.782087529806339887e+00,-8.043903328293069266e+06
1.391270518643701879e-05,1.306058160839131581e-05,-4.799726391302225892e+00,-8.060011149327711202e+06
1.391489581865028354e-05,1.305004782073893950e-05,-4.817400631687650758e+00,-8.076203542271697894e+06
1.391708645086354659e-05,1.303947527640581681e-05,-4.835110436558585967e+00,-8.092480808216521516e+06
1.391927708307681134e-05,1.302886389727935539e-05,-4.852855992169155641e+00,-8.108843246935257688e+06
1.392146771529007440e-05,1.301821360483822544e-05,-4.870637485428646940e+00,-8.125291156788302585e+06
1.392365834750333745e-05,1.300752432015093502e-05,-4.888455103898312615e+00,-8.141824834626376629e+06
1.392584897971660220e-05,1.299679596387440533e-05,-4.906309035787947970e+00,-8.158444575690559112e+06
1.392803961192986356e-05,1.298602845625255954e-05,-4.924199469952241337e+00,-8.175150673509454355e+06
1.393023024414312831e-05,1.297522171711487947e-05,-4.942126595886968232e+00,-8.191943419793337584e+06
1.393242087635639137e-05,1.296437566587505708e-05,-4.960090603724800040e+00,-8.208823104325074703e+06
1.393461150856965442e-05,1.295349022152957828e-05,-4.978091684231014113e+00,-8.225790014847966842e+06
1.393680214078291917e-05,1.294256530265634052e-05,-4.996130028798890343e+00,-8.242844436950243078e+06
1.393899277299618222e-05,1.293160082741328233e-05,-5.014205829444857265e+00,-8.259986653946195729e+06
1.394118340520944697e-05,1.292059671353702805e-05,-5.032319278803381479e+00,-8.277216946753849275e+06
1.394337403742271003e-05,1.290955287834154103e-05,-5.050470570121576408e+00,-8.294535593769067898e+06
1.394556466963597308e-05,1.289846923871678368e-05,-5.068659897253537494e+00,-8.311942870735970326e+06
1.394775530184923783e-05,1.288734571112739943e-05,-5.086887454654392293e+00,-8.329439050613645464e+06
1.394994593406249919e-05,1.287618221161140152e-05,-5.105153437374024605e+00,-8.347024403438925743e+06
1.395213656627576394e-05,1.286497865577885509e-05,-5.123458041050589884e+00,-8.364699196185317822e+06
1.395432719848902700e-05,1.285373495881063534e-05,-5.141801461903550141e+00,-8.382463692617667839e+06
1.395651783070229005e-05,1.284245103545714348e-05,-5.160183896726546315e+00,-8.400318153142815456e+06
1.395870846291555480e-05,1.283112680003704634e-05,-5.178605542879851420e+00,-8.418262834655834362e+06
1.396089909512881786e-05,1.281976216643606001e-05,-5.197066598282517269e+00,-8.436297990381918848e+06
1.396308972734208261e-05,1.280835704810572844e-05,-5.215567261404147281e+00,-8.454423869713651016e+06
1.396528035955534566e-05,1.279691135806222065e-05,-5.234107731256321117e+00,-8.472640718043679371e+06
1.396747099176861041e-05,1.278542500888516181e-05,-5.252688207383648056e+00,-8.490948776592547074e+06
1.396966162398187347e-05,1.277389791271647960e-05,-5.271308889854430468e+00,-8.509348282231599092e+06
1.397185225619513483e-05,1.276232998125925560e-05,-5.289969979250924936e+00,-8.527839467300826684e+06
1.397404288840839958e-05,1.275072112577660388e-05,-5.308671676659272087e+00,-8.546422559421580285e+06
1.397623352062166263e-05,1.273907125709060537e-05,-5.327414183658856217e+00,-8.565097781303761527e+06
1.397842415283492738e-05,1.272738028558122369e-05,-5.346197702311393130e+00,-8.583865350547695532e+06
1.398061478504819044e-05,1.271564812118525482e-05,-5.365022435149496616e+00,-8.602725479440275580e+06
1.398280541726145349e-05,1.270387467339532421e-05,-5.383888585164815943e+00,-8.621678374745309353e+06
1.398499604947471824e-05,1.269205985125887544e-05,-5.402796355795696392e+00,-8.640724237487932667e+06
1.398718668168798129e-05,1.268020356337722322e-05,-5.421745950914367285e+00,-8.659863262732842937e+06
1.398937731390124604e-05,1.266830571790460810e-05,-5.440737574813636179e+00,-8.679095639356294647e+06
1.399156794611450910e-05,1.265636622254729016e-05,-5.459771432193080365e+00,-8.698421549811586738e+06
1.399375857832777215e-05,1.264438498456267654e-05,-5.478847728144705442e+00,-8.717841169887909666e+06
1.399594921054103521e-05,1.263236191075848969e-05,-5.497966668138071888e+00,-8.737354668462356552e+06
1.399813984275429826e-05,1.262029690749191185e-05,-5.517128458004927793e+00,-8.756962207244949415e+06
1.400033047496756301e-05,1.260818988066886843e-05,-5.536333303923134608e+00,-8.776663940516334027e+06
1.400252110718082607e-05,1.259604073574325557e-05,-5.555581412400155905e+00,-8.796460014858180657e+06
1.400471173939408912e-05,1.258384937771624215e-05,-5.574872990255879124e+00,-8.816350568875916302e+06
1.400690237160735387e-05,1.257161571113560232e-05,-5.594208244604828018e+00,-8.836335732913579792e+06
1.400909300382061693e-05,1.255933964009509214e-05,-5.613587382837747164e+00,-8.856415628760671243e+06
1.401128363603388168e-05,1.254702106823386673e-05,-5.633010612602532774e+00,-8.876590369350690395e+06
1.401347426824714473e-05,1.253465989873593657e-05,-5.652478141784494703e+00,-8.896860058451166376e+06
1.401566490046040948e-05,1.252225603432967615e-05,-5.671990178485927458e+00,-8.917224790344972163e+06
1.401785553267367084e-05,1.250980937728736661e-05,-5.691546931004961785e+00,-8.937684649502554908e+06
1.402004616488693390e-05,1.249731982942476713e-05,-5.711148607813770539e+00,-8.958239710245091468e+06
1.402223679710019865e-05,1.248478729210080830e-05,-5.730795417535854419e+00,-8.978890036397902295e+06
1.402442742931346170e-05,1.247221166621724485e-05,-5.750487568922722836e+00,-8.999635680934280157e+06
1.402661806152672645e-05,1.245959285221842016e-05,-5.770225270829718589e+00,-9.020476685609228909e+06
1.402880869373998951e-05,1.244693075009106467e-05,-5.790008732191016527e+00,-9.041413080582823604e+06
1.403099932595325256e-05,1.243422525936414173e-05,-5.809838161993812200e+00,-9.062444884033014998e+06
1.403318995816651731e-05,1.242147627910876626e-05,-5.829713769251635647e+00,-9.083572101757472381e+06
1.403538059037978037e-05,1.240868370793818107e-05,-5.849635762976785003e+00,-9.104794726764237508e+06
1.403757122259304511e-05,1.239584744400778902e-05,-5.869604352151847948e+00,-9.126112738850807771e+06
1.403976185480630817e-05,1.238296738501524789e-05,-5.889619745700291453e+00,-9.147526104171384126e+06
1.404195248701956953e-05,1.237004342820063980e-05,-5.909682152456075421e+00,-9.169034774791866541e+06
1.404414311923283428e-05,1.235707547034666262e-05,-5.929791781132356832e+00,-9.190638688232433051e+06
1.404633375144609733e-05,1.234406340777899930e-05,-5.949948840289012608e+00,-9.212337766997011378e+06
1.404852438365936208e-05,1.233100713636663972e-05,-5.970153538299279639e+00,-9.234131918089659885e+06
1.405071501587262514e-05,1.231790655152233810e-05,-5.990406083315249930e+00,-9.256021032517243177e+06
1.405290564808588819e-05,1.230476154820314494e-05,-6.010706683232257319e+00,-9.278004984778078273e+06
1.405509628029915294e-05,1.229157202091099825e-05,-6.031055545652152183e+00,-9.300083632336154580e+06
1.405728691251241600e-05,1.227833786369340961e-05,-6.051452877845391320e+00,-9.322256815080519766e+06
1.405947754472568075e-05,1.226505897014424349e-05,-6.071898886711928789e+00,-9.344524354769418016e+06
1.406166817693894380e-05,1.225173523340456089e-05,-6.092393778740878396e+00,-9.366886054458705708e+06
1.406385880915220516e-05,1.223836654616358492e-05,-6.112937759968883888e+00,-9.389341697914121673e+06
1.406604944136546991e-05,1.222495280065968339e-05,-6.133531035937266118e+00,-9.411891049007045105e+06
1.406824007357873297e-05,1.221149388868157666e-05,-6.154173811647679848e+00,-9.434533851093025878e+06
1.407043070579199772e-05,1.219798970156951843e-05,-6.174866291516524441e+00,-9.457269826372833923e+06
1.407262133800526077e-05,1.218444013021665944e-05,-6.195608679327873070e+00,-9.480098675235478207e+06
1.407481197021852552e-05,1.217084506507045525e-05,-6.216401178184955967e+00,-9.503020075582545251e+06
1.407700260243178858e-05,1.215720439613423662e-05,-6.237243990460140886e+00,-9.526033682133469731e+06
1.407919323464505163e-05,1.214351801296885956e-05,-6.258137317743372563e+00,-9.549139125711135566e+06
1.408138386685831638e-05,1.212978580469446883e-05,-6.279081360789018795e+00,-9.572336012507217005e+06
1.408357449907157944e-05,1.211600765999239869e-05,-6.300076319461096475e+00,-9.595623923326704651e+06
1.408576513128484249e-05,1.210218346710719731e-05,-6.321122392676785218e+00,-9.619002412811025977e+06
1.408795576349810555e-05,1.208831311384871386e-05,-6.342219778348312964e+00,-9.642471008639147505e+06
1.409014639571136860e-05,1.207439648759442785e-05,-6.363368673322892022e+00,-9.666029210705891252e+06
1.409233702792463335e-05,1.206043347529181573e-05,-6.384569273321015537e+00,-9.689676490277085453e+06
1.409452766013789641e-05,1.204642396346088691e-05,-6.405821772872762665e+00,-9.713412289120562375e+06
1.409671829235116115e-05,1.203236783819687904e-05,-6.427126365252199491e+00,-9.737236018612537533e+06
1.409890892456442421e-05,1.201826498517307183e-05,-6.448483242409817073e+00,-9.761147058818547055e+06
1.410109955677768726e-05,1.200411528964376353e-05,-6.469892594902898253e+00,-9.785144757548203692e+06
1.410329018899095201e-05,1.198991863644740325e-05,-6.491354611823801690e+00,-9.809228429383052513e+06
1.410548082120421507e-05,1.197567491000988255e-05,-6.512869480726084959e+00,-9.833397354676742107e+06
1.410767145341747982e-05,1.196138399434797946e-05,-6.534437387548396536e+00,-9.857650778526615351e+06
1.410986208563074118e-05,1.194704577307300921e-05,-6.556058516536073633e+00,-9.881987909716030583e+06
1.411205271784400423e-05,1.193266012939456638e-05,-6.577733050160471606e+00,-9.906407919626476243e+06
1.411424335005726898e-05,1.191822694612457377e-05,-6.599461169035706121e+00,-9.930909941118495539e+06
1.411643398227053204e-05,1.190374610568138370e-05,-6.621243051833101134e+00,-9.955493067380752414e+06
1.411862461448379679e-05,1.188921749009416057e-05,-6.643078875192958144e+00,-9.980156350746098906e+06
1.412081524669705984e-05,1.187464098100741926e-05,-6.664968813633719513e+00,-1.000489880147369951e+07
1.412300587891032459e-05,1.186001645968578545e-05,-6.686913039458448615e+00,-1.002971938649634831e+07
1.412519651112358765e-05,1.184534380701894061e-05,-6.708911722658513099e+00,-1.005461702813178487e+07
1.412738714333685070e-05,1.183062290352680244e-05,-6.730965030814394900e+00,-1.007959060275706649e+07
1.412957777555011545e-05,1.181585362936490863e-05,-6.753073128993579033e+00,-1.010463893944485486e+07
1.413176840776337681e-05,1.180103586433005977e-05,-6.775236179645366619e+00,-1.012976081856046803e+07
1.413395903997664156e-05,1.178616948786612155e-05,-6.797454342492678769e+00,-1.015495497031871416e+07
1.413614967218990462e-05,1.177125437907019453e-05,-6.819727774420463184e+00,-1.018022007329893671e+07
1.413834030440316767e-05,1.175629041669889743e-05,-6.842056629360986797e+00,-1.020555475291747414e+07
1.414053093661643242e-05,1.174127747917497908e-05,-6.864441058175661858e+00,-1.023095757985603996e+07
1.414272156882969548e-05,1.172621544459417601e-05,-6.886881208533377041e+00,-1.025642706844467483e+07
1.414491220104296022e-05,1.171110419073235119e-05,-6.909377224785201221e+00,-1.028196167499800585e+07
1.414710283325622328e-05,1.169594359505291242e-05,-6.931929247835468821e+00,-1.030755979610348307e+07
1.414929346546948633e-05,1.168073353471447623e-05,-6.954537415008994472e+00,-1.033321976685997099e+07
1.415148409768275108e-05,1.166547388657888591e-05,-6.977201859914414328e+00,-1.035893985906544887e+07
1.415367472989601414e-05,1.165016452721948702e-05,-6.999922712303477290e+00,-1.038471827935211174e+07
1.415586536210927719e-05,1.163480533292976206e-05,-7.022700097926183105e+00,-1.041055316726735793e+07
1.415805599432254025e-05,1.161939617973219888e-05,-7.045534138381742473e+00,-1.043644259329918027e+07
1.416024662653580330e-05,1.160393694338764193e-05,-7.068424950964958597e+00,-1.046238455684394576e+07
1.416243725874906805e-05,1.158842749940482986e-05,-7.091372648508287746e+00,-1.048837698411527276e+07
1.416462789096233111e-05,1.157286772305035664e-05,-7.114377339219184471e+00,-1.051441772599198110e+07
1.416681852317559586e-05,1.155725748935897143e-05,-7.137439126512658660e+00,-1.054050455580328591e+07
1.416900915538885891e-05,1.154159667314431055e-05,-7.160558108838849023e+00,-1.056663516704935208e+07
1.417119978760212366e-05,1.152588514900994106e-05,-7.183734379505642309e+00,-1.059280717105544917e+07
1.417339041981538672e-05,1.151012279136082112e-05,-7.206968026496011426e+00,-1.061901809455741011e+07
1.417558105202864977e-05,1.149430947441517369e-05,-7.230259132280004053e+00,-1.064526537721660174e+07
1.417777168424191283e-05,1.147844507221677870e-05,-7.253607773621188137e+00,-1.067154636906198412e+07
1.417996231645517588e-05,1.146252945864765820e-05,-7.277014021377509856e+00,-1.069785832785749808e+07
1.418215294866844063e-05,1.144656250744130191e-05,-7.300477940296097756e+00,-1.072419841639185883e+07
1.418434358088170369e-05,1.143054409219624349e-05,-7.323999588802234229e+00,-1.075056369968909584e+07
1.418653421309496674e-05,1.141447408639015519e-05,-7.347579018782045779e+00,-1.077695114213699661e+07
1.418872484530823149e-05,1.139835236339439812e-05,-7.371216275358842829e+00,-1.080335760453116335e+07
1.419091547752149455e-05,1.138217879648908085e-05,-7.394911396662901204e+00,-1.082977984103201889e+07
1.419310610973475929e-05,1.136595325887868885e-05,-7.418664413594347806e+00,-1.085621449603204057e+07
1.419529674194802235e-05,1.134967562370815102e-05,-7.442475349579260602e+00,-1.088265810093078390e+07
1.419748737416128540e-05,1.133334576407949909e-05,-7.466344220318500646e+00,-1.090910707081457414e+07
1.419967800637454846e-05,1.131696355306907093e-05,-7.490271033529173117e+00,-1.093555770103810914e+07
1.420186863858781152e-05,1.130052886374523890e-05,-7.514255788678585013e+00,-1.096200616370504536e+07
1.420405927080107626e-05,1.128404156918687516e-05,-7.538298476710181717e+00,-1.098844850404423103e+07
1.420624990301433932e-05,1.126750154250226597e-05,-7.562399079761608967e+00,-1.101488063667867333e+07
1.420844053522760237e-05,1.125090865684876279e-05,-7.586557570874385092e+00,-1.104129834178382531e+07
1.421063116744086712e-05,1.123426278545300270e-05,-7.610773913695071613e+00,-1.106769726113179885e+07
1.421282179965413018e-05,1.121756380163181654e-05,-7.635048062167668625e+00,-1.109407289401808940e+07
1.421501243186739493e-05,1.120081157881381300e-05,-7.659379960216981864e+00,-1.112042059306721762e+07
1.421720306408065798e-05,1.118400599056174877e-05,-7.683769541422466709e+00,-1.114673555991321430e+07
1.421939369629392273e-05,1.116714691059551700e-05,-7.708216728682705465e+00,-1.117301284075175412e+07
1.422158432850718579e-05,1.115023421281592693e-05,-7.732721433869897076e+00,-1.119924732175948471e+07
1.422377496072044715e-05,1.113326777132925427e-05,-7.757283557474154989e+00,-1.122543372437664121e+07
1.422596559293371190e-05,1.111624746047250820e-05,-7.781902988237409780e+00,-1.125156660044880770e+07
1.422815622514697495e-05,1.109917315483968599e-05,-7.806579602776329452e+00,-1.127764032722329721e+07
1.423034685736023970e-05,1.108204472930869003e-05,-7.831313265194282280e+00,-1.130364910219589248e+07
1.423253748957350276e-05,1.106486205906921217e-05,-7.856103826681745339e+00,-1.132958693780315854e+07
1.423472812178676581e-05,1.104762501965146164e-05,-7.880951125104951771e+00,-1.135544765595574491e+07
1.423691875400003056e-05,1.103033348695577907e-05,-7.905854984582418865e+00,-1.138122488240758888e+07
1.423910938621329362e-05,1.101298733728320586e-05,-7.930815215049003442e+00,-1.140691204095629975e+07
1.424130001842655837e-05,1.099558644736713953e-05,-7.955831611806783776e+00,-1.143250234746876545e+07
1.424349065063982142e-05,1.097813069440584116e-05,-7.980903955062951916e+00,-1.145798880372753367e+07
1.424568128285308278e-05,1.096061995609605068e-05,-8.006032009453907250e+00,-1.148336419109181501e+07
1.424787191506634753e-05,1.094305411066753742e-05,-8.031215523555344404e+00,-1.150862106396764517e+07
1.425006254727961059e-05,1.092543303691893971e-05,-8.056454229377647991e+00,-1.153375174308104999e+07
1.425225317949287533e-05,1.090775661425456341e-05,-8.081747841846508962e+00,-1.155874830854852498e+07
1.425444381170613839e-05,1.089002472272241367e-05,-8.107096058268016492e+00,-1.158360259273817576e+07
1.425663444391940144e-05,1.087223724305341428e-05,-8.132498557777903869e+00,-1.160830617291527800e+07
1.425882507613266619e-05,1.085439405670180940e-05,-8.157955000774432364e+00,-1.163285036366545036e+07
1.426101570834592925e-05,1.083649504588683085e-05,-8.183465028334516944e+00,-1.165722620908889733e+07
1.426320634055919400e-05,1.081854009363560538e-05,-8.209028261612541399e+00,-1.168142447475833632e+07
1.426539697277245705e-05,1.080052908382762394e-05,-8.234644301220939155e+00,-1.170543563943308219e+07
1.426758760498572011e-05,1.078246190124038146e-05,-8.260312726592658805e+00,-1.172924988652231544e+07
1.426977823719898316e-05,1.076433843159648544e-05,-8.286033095324603082e+00,-1.175285709528960660e+07
1.427196886941224622e-05,1.074615856161217067e-05,-8.311804942501538562e+00,-1.177624683179053105e+07
1.427415950162551097e-05,1.072792217904744010e-05,-8.337627779999698063e+00,-1.179940833953517303e+07
1.427635013383877402e-05,1.070962917275765601e-05,-8.363501095769789728e+00,-1.182233052986729890e+07
1.427854076605203877e-05,1.069127943274678444e-05,-8.389424353098503317e+00,-1.184500197205116227e+07
1.428073139826530183e-05,1.067287285022226261e-05,-8.415396989847968356e+00,-1.186741088305701129e+07
1.428292203047856488e-05,1.065440931765156212e-05,-8.441418417672524654e+00,-1.188954511703612283e+07
1.428511266269182963e-05,1.063588872882040888e-05,-8.467488021212158600e+00,-1.191139215447578579e+07
1.428730329490509269e-05,1.061731097889281231e-05,-8.493605157261960414e+00,-1.193293909102470800e+07
1.428949392711835744e-05,1.059867596447313091e-05,-8.519769153916239901e+00,-1.195417262597762607e+07
1.429168455933161880e-05,1.057998358366992660e-05,-8.545979309687314895e+00,-1.197507905040993914e+07
1.429387519154488185e-05,1.056123373616163186e-05,-8.572234892598135758e+00,-1.199564423495125584e+07
1.429606582375814660e-05,1.054242632326445464e-05,-8.598535139247349690e+00,-1.201585361718641594e+07
1.429825645597140966e-05,1.052356124800218911e-05,-8.624879253846616578e+00,-1.203569218867303990e+07
1.430044708818467440e-05,1.050463841517827448e-05,-8.651266407228936473e+00,-1.205514448156380095e+07
1.430263772039793746e-05,1.048565773145005435e-05,-8.677695735827192891e+00,-1.207419455482124351e+07
1.430482835261120052e-05,1.046661910540531293e-05,-8.704166340622048637e+00,-1.209282598001285642e+07
1.430701898482446526e-05,1.044752244764111175e-05,-8.730677286058263320e+00,-1.211102182667366602e+07
1.430920961703772832e-05,1.042836767084497615e-05,-8.757227598928551515e+00,-1.212876464722328447e+07
1.431140024925099307e-05,1.040915468987852444e-05,-8.783816267224118235e+00,-1.214603646142436378e+07
1.431359088146425443e-05,1.038988342186394834e-05,-8.810442238950010108e+00,-1.216281874036740512e+07
1.431578151367751748e-05,1.037055378627292771e-05,-8.837104420905122382e+00,-1.217909238996858895e+07
1.431797214589078223e-05,1.035116570501824731e-05,-8.863801677425731995e+00,-1.219483773396644369e+07
1.432016277810404529e-05,1.033171910254817829e-05,-8.890532829091069900e+00,-1.221003449640135095e+07
1.432235341031731004e-05,1.031221390594377011e-05,-8.917296651389939655e+00,-1.222466178356295265e+07
1.432454404253057309e-05,1.029265004501914431e-05,-8.944091873347193911e+00,-1.223869806538975984e+07
1.432673467474383615e-05,1.027302745242486473e-05,-8.970917176108791580e+00,-1.225212115630442835e+07
1.432892530695710090e-05,1.025334606375444342e-05,-8.997771191484206454e+00,-1.226490819546809047e+07
1.433111593917036395e-05,1.023360581765406188e-05,-9.024652500444966918e+00,-1.227703562643672526e+07
1.433330657138362870e-05,1.021380665593554497e-05,-9.051559631578090404e+00,-1.228847917620216124e+07
1.433549720359689176e-05,1.019394852369268562e-05,-9.078491059493174475e+00,-1.229921383360001631e+07
1.433768783581015481e-05,1.017403136942147099e-05,-9.105445203180849489e+00,-1.230921382706524245e+07
1.433987846802341787e-05,1.015405514514389664e-05,-9.132420424321663788e+00,-1.231845260171654634e+07
1.434206910023668092e-05,1.013401980653528071e-05,-9.159415025544799249e+00,-1.232690279575206898e+07
1.434425973244994567e-05,1.011392531305553707e-05,-9.186427248633842524e+00,-1.233453621613440663e+07
1.434645036466320873e-05,1.009377162808446340e-05,-9.213455272678594099e+00,-1.234132381354609132e+07
1.434864099687647348e-05,1.007355871906116961e-05,-9.240497212171181474e+00,-1.234723565659454279e+07
1.435083162908973653e-05,1.005328655762778376e-05,-9.267551115044724952e+00,-1.235224090524531156e+07
1.435302226130299959e-05,1.003295511977751849e-05,-9.294614960652923585e+00,-1.235630778346217796e+07
1.435521289351626433e-05,1.001256438600717082e-05,-9.321686657688832867e+00,-1.235940355103194900e+07
1.435740352572952739e-05,9.992114341474170574e-06,-9.348764042041207034e+00,-1.236149447455202416e+07
1.435959415794279044e-05,9.971604976158251807e-06,-9.375844874586647393e+00,-1.236254579755798914e+07
1.436178479015605350e-05,9.951036285028320029e-06,-9.402926838914931196e+00,-1.236252170976736024e+07
1.436397542236931655e-05,9.930408268214865747e-06,-9.430007538984815696e+00,-1.236138531541486084e+07
1.436616605458258130e-05,9.909720931186530182e-06,-9.457084496711658517e+00,-1.235909860065860860e+07
1.436835668679584436e-05,9.888974284932661193e-06,-9.484155149481251712e+00,-1.235562240002925135e+07
1.437054731900910911e-05,9.868168346151191963e-06,-9.511216847589508916e+00,-1.235091636189891957e+07
1.437273795122237216e-05,9.847303137442318472e-06,-9.538266851605296637e+00,-1.234493891294490732e+07
1.437492858343563522e-05,9.826378687508102809e-06,-9.565302329654210567e+00,-1.233764722158221714e+07
1.437711921564889997e-05,9.805395031358102279e-06,-9.592320354621008960e+00,-1.232899716033930704e+07
1.437930984786216302e-05,9.784352210521180158e-06,-9.619317901268519933e+00,-1.231894326715124771e+07
1.438150048007542777e-05,9.763250273263574322e-06,-9.646291843270761390e+00,-1.230743870554407313e+07
1.438369111228868913e-05,9.742089274813388084e-06,-9.673238950158014049e+00,-1.229443522368440218e+07
1.438588174450195219e-05,9.720869277592106321e-06,-9.700155884170618137e+00,-1.227988311226750538e+07
1.438807237671521694e-05,9.699590351454094044e-06,-9.727039197017177230e+00,-1.226373116121567786e+07
1.439026300892847999e-05,9.678252573931592201e-06,-9.753885326539837308e+00,-1.224592661516380683e+07
1.439245364114174474e-05,9.656856030488090647e-06,-9.780690593278858813e+00,-1.222641512770260125e+07
1.439464427335500780e-05,9.635400814779019474e-06,-9.807451196936137094e+00,-1.220514071435406804e+07
1.439683490556827255e-05,9.613887028920448186e-06,-9.834163212734122084e+00,-1.218204570425331965e+07
1.439902553778153560e-05,9.592314783765974002e-06,-9.860822587667303907e+00,-1.215707069051013887e+07
1.440121616999479866e-05,9.570684199191938169e-06,-9.887425136643427592e+00,-1.213015447922486439e+07
1.440340680220806340e-05,9.548995404391144806e-06,-9.913966538511585824e+00,-1.210123403713304736e+07
1.440559743442132477e-05,9.527248538175270301e-06,-9.940442331974370660e+00,-1.207024443785466999e+07
1.440778806663458952e-05,9.505443749286009001e-06,-9.966847911381350400e+00,-1.203711880672384053e+07
1.440997869884785257e-05,9.483581196715936077e-06,-9.993178522399666974e+00,-1.200178826417602971e+07
1.441216933106111563e-05,9.461661050040317425e-06,-1.001942925755643543e+01,-1.196418186766956933e+07
1.441435996327438037e-05,9.439683489756620807e-06,-1.004559505165620692e+01,-1.192422655212130770e+07
1.441655059548764343e-05,9.417648707635377223e-06,-1.007167067706428121e+01,-1.188184706883612834e+07
1.441874122770090818e-05,9.395556907081144005e-06,-1.009765073885519904e+01,-1.183696592291172966e+07
1.442093185991417123e-05,9.373408303504440368e-06,-1.012352966982219193e+01,-1.178950330910233036e+07
1.442312249212743429e-05,9.351203124704872272e-06,-1.014930172534415931e+01,-1.173937704612575844e+07
1.442531312434069904e-05,9.328941611265702393e-06,-1.017496097810702338e+01,-1.168650250940156728e+07
1.442750375655396040e-05,9.306624016960058325e-06,-1.020050131267606730e+01,-1.163079256220904924e+07
1.442969438876722515e-05,9.284250609168921315e-06,-1.022591641991619937e+01,-1.157215748525713943e+07
1.443188502098048820e-05,9.261821669311334299e-06,-1.025119979125651959e+01,-1.151050490466122515e+07
1.443407565319375126e-05,9.239337493287240889e-06,-1.027634471279554162e+01,-1.144573971832457557e+07
1.443626628540701601e-05,9.216798391935713259e-06,-1.030134425923977659e+01,-1.137776402072975226e+07
1.443845691762027906e-05,9.194204691503656132e-06,-1.032619128768034855e+01,-1.130647702613780275e+07
1.444064754983354381e-05,9.171556734129669266e-06,-1.035087843119760542e+01,-1.123177499021109939e+07
1.444283818204680687e-05,9.148854878341740302e-06,-1.037539809229312304e+01,-1.115355113007265516e+07
1.444502881426007162e-05,9.126099499569723409e-06,-1.039974243614439153e+01,-1.107169554282102361e+07
1.444721944647333467e-05,9.103290990672937476e-06,-1.042390338367898650e+01,-1.098609512252611108e+07
1.444941007868659773e-05,9.080429762483176908e-06,-1.044787260446529764e+01,-1.089663347573792934e+07
1.445160071089986078e-05,9.057516244363431502e-06,-1.047164150941679317e+01,-1.080319083554589376e+07
1.445379134311312384e-05,9.034550884782444139e-06,-1.049520124330696724e+01,-1.070564397423298098e+07
1.445598197532638859e-05,9.011534151905685675e-06,-1.051854267709173740e+01,-1.060386611457794718e+07
1.445817260753965164e-05,8.988466534203018066e-06,-1.054165640003615145e+01,-1.049772683986510336e+07
1.446036323975291470e-05,8.965348541076801492e-06,-1.056453271163936236e+01,-1.038709200268861279e+07
1.446255387196617944e-05,8.942180703504517918e-06,-1.058716161336242401e+01,-1.027182363260629214e+07
1.446474450417944250e-05,8.918963574700918779e-06,-1.060953280015096567e+01,-1.015177984275179170e+07
1.446693513639270725e-05,8.895697730798815848e-06,-1.063163565175352154e+01,-1.002681473550849967e+07
1.446912576860597030e-05,8.872383771549228508e-06,-1.065345922383125199e+01,-9.896778307356173173e+06
1.447131640081923336e-05,8.849022321041446459e-06,-1.067499223885795168e+01,-9.761516353023393080e+06
1.447350703303249641e-05,8.825614028443324658e-06,-1.069622307680958606e+01,-9.620870369091704488e+06
1.447569766524575947e-05,8.802159568762000217e-06,-1.071713976564285176e+01,-9.474677457212038338e+06
1.447788829745902422e-05,8.778659643625651301e-06,-1.073772997156174647e+01,-9.322770227111173794e+06
1.448007892967228727e-05,8.755114982086206532e-06,-1.075798098907184297e+01,-9.164976699578968808e+06
1.448226956188555033e-05,8.731526341443863803e-06,-1.077787973082119599e+01,-9.001120209650598466e+06
1.448446019409881508e-05,8.707894508097130192e-06,-1.079741271722887497e+01,-8.831019310255292803e+06
1.448665082631207813e-05,8.684220298412795948e-06,-1.081656606590500047e+01,-8.654487676540622488e+06
1.448884145852534288e-05,8.660504559619754150e-06,-1.083532548086020952e+01,-8.471334011175472289e+06
1.449103209073860594e-05,8.636748170727053981e-06,-1.085367624151225741e+01,-8.281361950959068723e+06
1.449322272295187069e-05,8.612952043466250293e-06,-1.087160319148742005e+01,-8.084369975049690343e+06
1.449541335516513374e-05,8.589117123258640688e-06,-1.088909072722212557e+01,-7.880151315185718238e+06
1.449760398737839510e-05,8.565244390207742503e-06,-1.090612278637104460e+01,-7.668493868301114999e+06
1.449979461959165985e-05,8.541334860117207867e-06,-1.092268283602791179e+01,-7.449180111965316348e+06
1.450198525180492291e-05,8.517389585534720665e-06,-1.093875386076515888e+01,-7.221987023112845607e+06
1.450417588401818766e-05,8.493409656821841500e-06,-1.095431835049883951e+01,-6.986686000555650331e+06
1.450636651623145071e-05,8.469396203250439327e-06,-1.096935828818508263e+01,-6.743042791814135388e+06
1.450855714844471377e-05,8.445350394128310148e-06,-1.098385513736623942e+01,-6.490817424909977242e+06
1.451074778065797852e-05,8.421273439950696283e-06,-1.099778982957382567e+01,-6.229764145690914243e+06
1.451293841287124157e-05,8.397166593578809046e-06,-1.101114275159416600e+01,-5.959631361345670186e+06
1.451512904508450632e-05,8.373031151447543570e-06,-1.102389373262702321e+01,-5.680161590919478796e+06
1.451731967729776937e-05,8.348868454801191457e-06,-1.103602203133907977e+01,-5.391091423537888564e+06
1.451951030951103074e-05,8.324679890957581546e-06,-1.104750632283347045e+01,-5.092151485187482089e+06
1.452170094172429548e-05,8.300466894600643723e-06,-1.105832468555814785e+01,-4.783066414953744970e+06
1.452389157393755854e-05,8.276230949101836220e-06,-1.106845458817556427e+01,-4.463554851676160470e+06
1.452608220615082329e-05,8.251973587870217876e-06,-1.107787287641663987e+01,-4.133329432027681265e+06
1.452827283836408634e-05,8.227696395731568554e-06,-1.108655575994148101e+01,-3.792096801092695910e+06
1.453046347057734940e-05,8.203401010336583101e-06,-1.109447879922992897e+01,-3.439557636573773343e+06
1.453265410279061415e-05,8.179089123596841227e-06,-1.110161689255348882e+01,-3.075406687911039218e+06
1.453484473500387720e-05,8.154762483149867875e-06,-1.110794426305521654e+01,-2.699332831607168540e+06
1.453703536721714195e-05,8.130422893851425707e-06,-1.111343444594634988e+01,-2.311019143997356296e+06
1.453922599943040501e-05,8.106072219296986170e-06,-1.111806027590689894e+01,-1.910142993142724968e+06
1.454141663164366637e-05,8.081712383370502143e-06,-1.112179387469957348e+01,-1.496376151231017197e+06
1.454360726385693112e-05,8.057345371819203117e-06,-1.112460663905053160e+01,-1.069384929120840272e+06
1.454579789607019417e-05,8.032973233854328224e-06,-1.112646922885307887e+01,-6.288303347709513037e+05
1.454798852828345892e-05,8.008598083777075438e-06,-1.112735155575052381e+01,-1.743682573626637750e+05
1.455017916049672198e-05,7.984222102629744919e-06,-1.112722277215432776e+01,2.943503209869157290e+05
1.455236979270998673e-05,7.959847539871600479e-06,-1.112605126075370521e+01,7.776790839513859246e+05
1.455456042492324978e-05,7.935476715079106954e-06,-1.112380462457289987e+01,1.275976108111316105e+06
1.455675105713651284e-05,7.911112019661210889e-06,-1.112044967767930714e+01,1.789603556326508988e+06
1.455894168934977759e-05,7.886755918594695901e-06,-1.111595243662785570e+01,2.318927334949557204e+06
1.456113232156304064e-05,7.862410952182114854e-06,-1.111027811263761400e+01,2.864316712786538526e+06
1.456332295377630539e-05,7.838079737823945421e-06,-1.110339110469809398e+01,3.426143899049661122e+06
1.456551358598956675e-05,7.813764971806292075e-06,-1.109525499363004819e+01,4.004783577979885042e+06
1.456770421820282981e-05,7.789469431098139238e-06,-1.108583253720851047e+01,4.600612397576442920e+06
1.456989485041609455e-05,7.765195975156918896e-06,-1.107508566646159487e+01,5.214008409689129330e+06
1.457208548262935761e-05,7.740947547740542771e-06,-1.106297548325825097e+01,5.845350458688735962e+06
1.457427611484262236e-05,7.716727178724721675e-06,-1.104946225929843884e+01,6.495017515865620226e+06
1.457646674705588541e-05,7.692537985923954209e-06,-1.103450543661908867e+01,7.163387956675125286e+06
1.457865737926914847e-05,7.668383176914755019e-06,-1.101806362972917697e+01,7.850838777912942693e+06
1.458084801148241322e-05,7.644266050840851410e-06,-1.100009462953408956e+01,8.557744752187857404e+06
1.458303864369567627e-05,7.620190000196961045e-06,-1.098055540924193529e+01,9.284477516546320170e+06
1.458522927590894102e-05,7.596158512624379818e-06,-1.095940213224435666e+01,1.003140459193436243e+07
1.458741990812220238e-05,7.572175172671717710e-06,-1.093659016229602798e+01,1.079888833093259111e+07
1.458961054033546544e-05,7.548243663537152394e-06,-1.091207407606231961e+01,1.158728479068750329e+07
1.459180117254873019e-05,7.524367768775933300e-06,-1.088580767820734607e+01,1.239694252848084085e+07
1.459399180476199324e-05,7.500551373968960293e-06,-1.085774401920741816e+01,1.322820131712335162e+07
1.459618243697525799e-05,7.476798468349020015e-06,-1.082783541607561872e+01,1.408139077746254578e+07
1.459837306918852105e-05,7.453113146380771687e-06,-1.079603347618277276e+01,1.495682892546501756e+07
1.460056370140178580e-05,7.429499609290803709e-06,-1.076228912436023322e+01,1.585482063151488267e+07
1.460275433361504885e-05,7.405962166543983286e-06,-1.072655263346987375e+01,1.677565598979302309e+07
1.460494496582831191e-05,7.382505237235615221e-06,-1.068877365862653050e+01,1.771960859676811844e+07
1.460713559804157666e-05,7.359133351365027943e-06,-1.064890127530765085e+01,1.868693373821975291e+07
1.460932623025483802e-05,7.335851151091513308e-06,-1.060688402153609466e+01,1.967786648015817255e+07
1.461151686246810277e-05,7.312663391854083823e-06,-1.056266994435702777e+01,2.069261966656727344e+07
1.461370749468136582e-05,7.289574943398015597e-06,-1.051620665081402350e+01,2.173138182213126495e+07
1.461589812689462888e-05,7.266590790677881171e-06,-1.046744136360380217e+01,2.279431496119379252e+07
1.461808875910789363e-05,7.243716034629292251e-06,-1.041632098162011921e+01,2.388155230392549559e+07
1.462027939132115668e-05,7.220955892801808657e-06,-1.036279214559695205e+01,2.499319590131032467e+07
1.462247002353442143e-05,7.198315699845527407e-06,-1.030680130906127090e+01,2.612931417126260325e+07
1.462466065574768448e-05,7.175800907843922624e-06,-1.024829481480571580e+01,2.728993934894944355e+07
1.462685128796094754e-05,7.153417086485432384e-06,-1.018721897709147939e+01,2.847506485522786155e+07
1.462904192017421229e-05,7.131169923040443986e-06,-1.012352016967858859e+01,2.968464258957732469e+07
1.463123255238747534e-05,7.109065222066132617e-06,-1.005714491953403922e+01,3.091858015799808502e+07
1.463342318460073840e-05,7.087108905009517993e-06,-9.988040007169924905e+00,3.217673803226916119e+07
1.463561381681400145e-05,7.065307009528027049e-06,-9.916152573009936688e+00,3.345892665919329226e+07
1.463780444902726451e-05,7.043665688581721101e-06,-9.841430230204014862e+00,3.476490352572026849e+07
1.463999508124052926e-05,7.022191209267763269e-06,-9.763821183907220203e+00,3.609437019224330038e+07
1.464218571345379231e-05,7.000889951383729468e-06,-9.683274357044064473e+00,3.744696930698645860e+07
1.464437634566705706e-05,6.979768405707874032e-06,-9.599739522585704066e+00,3.882228161566299200e+07
1.464656697788032012e-05,6.958833171984624475e-06,-9.513167442367846505e+00,4.021982298196557909e+07
1.464875761009358317e-05,6.938090956603553669e-06,-9.423510012477112952e+00,4.163904143587990850e+07
1.465094824230684792e-05,6.917548569960056521e-06,-9.330720415233679788e+00,4.307931426827178895e+07
1.465313887452011098e-05,6.897212923476202115e-06,-9.234753277556244200e+00,4.453994519311719388e+07
1.465532950673337403e-05,6.877091026212815371e-06,-9.135564834298165238e+00,4.602016160736446828e+07
1.465752013894663709e-05,6.857189981191427903e-06,-9.033113098896274451e+00,4.751911195546252280e+07
1.465971077115990184e-05,6.837516981309755553e-06,-8.927358039026069392e+00,4.903586323712757230e+07
1.466190140337316489e-05,6.818079304852995517e-06,-8.818261757562344982e+00,5.056939868214266002e+07
1.466409203558642795e-05,6.798884310611801179e-06,-8.705788678511968470e+00,5.211861561899964511e+07
1.466628266779969270e-05,6.779939432593648102e-06,-8.589905737328685120e+00,5.368232356749032438e+07
1.466847330001295575e-05,6.761252174315524334e-06,-8.470582575059252051e+00,5.525924258606088907e+07
1.467066393222622050e-05,6.742830102665864651e-06,-8.347791735770080379e+00,5.684800190550889820e+07
1.467285456443948355e-05,6.724680841323636494e-06,-8.221508866703567620e+00,5.844713888119870424e+07
1.467504519665274661e-05,6.706812063722492131e-06,-8.091712920613350235e+00,6.005509829635927081e+07
1.467723582886601136e-05,6.689231485563155802e-06,-7.958386359500158491e+00,6.167023204892538488e+07
1.467942646107927272e-05,6.671946856969276056e-06,-7.821515356848387057e+00,6.329079925464980304e+07
1.468161709329253747e-05,6.654965954099157675e-06,-7.681090000956009689e+00,6.491496679891758412e+07
1.468380772550580052e-05,6.638296570364579587e-06,-7.537104496061932224e+00,6.654081036650324613e+07
1.468599835771906358e-05,6.621946507172836552e-06,-7.389557360330851310e+00,6.816631598437963426e+07
1.468818898993232833e-05,6.605923564255915831e-06,-7.238451620119072949e+00,6.978938209984038770e+07
1.469037962214559138e-05,6.590235529599490583e-06,-7.083794999114853219e+00,7.140782221991577744e+07
1.469257025435885613e-05,6.574890168973012424e-06,-6.925600101023938748e+00,7.301936813584426045e+07
1.469476088657211919e-05,6.559895215062192313e-06,-6.763884584470928552e+00,7.462167375322824717e+07
1.469695151878538224e-05,6.545258356205110681e-06,-6.598671328787022006e+00,7.621231954493206739e+07
1.469914215099864699e-05,6.530987224733256994e-06,-6.429988589354759476e+00,7.778881763977873325e+07
1.470133278321190835e-05,6.517089384944167577e-06,-6.257870141200153391e+00,7.934861755358161032e+07
1.470352341542517310e-05,6.503572321071977204e-06,-6.082355409468156893e+00,8.088911253650772572e+07
1.470571404763843616e-05,6.490443424708884113e-06,-5.903489585022985153e+00,8.240764657851742208e+07
1.470790467985169921e-05,6.477709982034943327e-06,-5.721323724283341683e+00,8.390152203613670170e+07
1.471009531206496396e-05,6.465379160874593459e-06,-5.535914831206134146e+00,8.536800786643017828e+07
1.471228594427822702e-05,6.453457997585549766e-06,-5.347325920784381736e+00,8.680434844518323243e+07
1.471447657649149177e-05,6.441953383849340576e-06,-5.155626062881853322e+00,8.820777293601322174e+07
1.471666720870475482e-05,6.430872053397970670e-06,-4.960890405137563519e+00,8.957550517342813313e+07
1.471885784091801957e-05,6.420220568711181597e-06,-4.763200173673346249e+00,9.090477401610314846e+07
1.472104847313128263e-05,6.410005307718797578e-06,-4.562642650337677352e+00,9.219282411989687383e+07
1.472323910534454399e-05,6.400232450542600747e-06,-4.359311125219083038e+00,9.343692707347553968e+07
1.472542973755780874e-05,6.390907966321589159e-06,-4.153304823391772871e+00,9.463439283168070018e+07
1.472762036977107179e-05,6.382037600460827502e-06,-3.944728811326552620e+00,9.578258133828043938e+07
1.472981100198433654e-05,6.373626861973693364e-06,-3.733693874331312390e+00,9.687891430997519195e+07
1.473200163419759959e-05,6.365681011006352466e-06,-3.520316366960271726e+00,9.792088709142011404e+07
1.473419226641086265e-05,6.358205046878427639e-06,-3.304718038980913875e+00,9.890608046429455280e+07
1.473638289862412740e-05,6.351203696488266347e-06,-3.087025835098085924e+00,9.983217234198300540e+07
1.473857353083739045e-05,6.344681403164453975e-06,-2.867371669696038516e+00,1.006969492532808781e+08
1.474076416305065520e-05,6.338642316029432222e-06,-2.645892177084967045e+00,1.014983175200751424e+08
1.474295479526391826e-05,6.333090279941099741e-06,-2.422728437738607354e+00,1.022343140336054862e+08
1.474514542747718131e-05,6.328028826078311984e-06,-2.198025681009464716e+00,1.029031165345048308e+08
1.474733605969044437e-05,6.323461163236111641e-06,-1.971932964808406963e+00,1.035030533033944368e+08
1.474952669190370742e-05,6.319390169891615071e-06,-1.744602832865409292e+00,1.040326121717743874e+08
1.475171732411697217e-05,6.315818386817482661e-06,-1.516190959822554918e+00,1.044904487906382978e+08
1.475390795633023523e-05,6.312748010632213552e-06,-1.286855777141582280e+00,1.048753940526302457e+08
1.475609858854349828e-05,6.310180888211719565e-06,-1.056758078264510736e+00,1.051864606065215766e+08
1.475828922075676303e-05,6.308118511984686522e-06,-8.260606152846065031e-01,1.054228483966664970e+08
1.476047985297002609e-05,6.306562016135534762e-06,-5.949276833795897890e-01,1.055839491769031435e+08
1.476267048518329084e-05,6.305512173663018456e-06,-3.635246967132871876e-01,1.056693499609306008e+08
1.476486111739655389e-05,6.304969394343194380e-06,-1.320177581163372305e-01,1.056788353719139844e+08
1.476705174960981864e-05,6.304933723645511120e-06,9.942677514343913059e-02,1.056123888642549664e+08
1.476924238182308000e-05,6.305404842650777322e-06,3.306427271902089848e-01,1.054701928010096103e+08
1.477143301403634306e-05,6.306382069019750640e-06,5.614645386593550835e-01,1.052526273812250495e+08
1.477362364624960781e-05,6.307864359059460212e-06,7.917276987880250694e-01,1.049602684225262851e+08
1.477581427846287086e-05,6.309850310246899825e-06,1.021269169715335767e+00,1.045938840849736929e+08
1.477800491067613561e-05,6.312338164619753315e-06,1.249927801974576314e+00,1.041544305266266018e+08
1.478019554288939866e-05,6.315325813734293554e-06,1.477544742348093854e+00,1.036430464598656446e+08
1.478238617510266172e-05,6.318810804033961130e-06,1.703963826348432686e+00,1.030610467774761468e+08
1.478457680731592647e-05,6.322790343191446453e-06,1.929031956107488011e+00,1.024099152501798570e+08
1.478676743952918952e-05,6.327261307212871135e-06,2.152599461546914839e+00,1.016912963831142038e+08
1.478895807174245427e-05,6.332220248287671751e-06,2.374520443114673807e+00,1.009069865058311224e+08
1.479114870395571733e-05,6.337663403367770506e-06,2.594653094372576074e+00,1.000589241761943698e+08
1.479333933616897869e-05,6.343586703459617302e-06,2.812860002719530517e+00,9.914917998347944021e+07
1.479552996838224344e-05,6.349985783612738520e-06,3.029008426536423659e+00,9.817994583996622264e+07
1.479772060059550649e-05,6.356855993588292331e-06,3.242970547034850437e+00,9.715352385338662565e+07
1.479991123280877124e-05,6.364192408839692110e-06,3.454623697594578324e+00,9.607231489853678644e+07
1.480210186502203430e-05,6.371989841674904030e-06,3.663850571566722891e+00,9.493880698363408446e+07
1.480429249723529735e-05,6.380242853564648086e-06,3.870539396298553925e+00,9.375556343270577490e+07
1.480648312944856210e-05,6.388945767331858657e-06,4.074584086156895602e+00,9.252521106466685236e+07
1.480867376166182516e-05,6.398092679744774905e-06,4.275884368372556921e+00,9.125042841327013075e+07
1.481086439387508991e-05,6.407677474367353845e-06,4.474345883556672732e+00,8.993393407674561441e+07
1.481305502608835296e-05,6.417693834607457150e-06,4.669880261233213758e+00,8.857847527582848072e+07
1.481524565830161432e-05,6.428135256903654887e-06,4.862405170726995962e+00,8.718681669375674427e+07
1.481743629051487907e-05,6.438995063991530923e-06,5.051844347747593389e+00,8.576172966628733277e+07
1.481962692272814213e-05,6.450266418190179904e-06,5.238127597006331904e+00,8.430598178391724825e+07
1.482181755494140688e-05,6.461942334649921983e-06,5.421190771208952874e+00,8.282232696229963005e+07
1.482400818715466993e-05,6.474015694563529904e-06,5.600975730284801557e+00,8.131349601531837881e+07
1.482619881936793468e-05,6.486479258339389586e-06,5.777430286550413463e+00,7.978218775213362277e+07
1.482838945158119774e-05,6.499325678498572854e-06,5.950508120615881857e+00,7.823106069290520251e+07
1.483058008379446079e-05,6.512547512443582990e-06,6.120168685665735353e+00,7.666272536693224311e+07
1.483277071600772554e-05,6.526137234953324825e-06,6.286377094339859362e+00,7.507973723959283531e+07
1.483496134822098859e-05,6.540087250445552444e-06,6.449103990988236390e+00,7.348459026947112381e+07
1.483715198043425165e-05,6.554389904964631712e-06,6.608325410630286889e+00,7.187971110208867490e+07
1.483934261264751470e-05,6.569037497851048821e-06,6.764022625888334694e+00,7.026745390137436986e+07
1.484153324486077776e-05,6.584022293048850359e-06,6.916181983162053903e+00,6.865009581480507553e+07
1.484372387707404251e-05,6.599336530007626497e-06,7.064794729315249988e+00,6.702983306327019632e+07
1.484591450928730556e-05,6.614972434135204182e-06,7.209856830141815998e+00,6.540877764232251048e+07
1.484810514150057031e-05,6.630922226881296551e-06,7.351368782576186867e+00,6.378895460635907203e+07
1.485029577371383337e-05,6.647178135755294680e-06,7.489335423557164972e+00,6.217229988594381511e+07
1.485248640592709642e-05,6.663732403388584997e-06,7.623765731542026636e+00,6.056065869337755442e+07
1.485467703814036117e-05,6.680577296435074928e-06,7.754672626693736248e+00,5.895578441479407251e+07
1.485686767035362423e-05,6.697705113975391969e-06,7.882072768959633713e+00,5.735933798936607689e+07
1.485905830256688898e-05,6.715108195486044088e-06,8.005986355347062045e+00,5.577288773922786862e+07
1.486124893478015034e-05,6.732778928375860650e-06,8.126436917276720351e+00,5.419790961841682345e+07
1.486343956699341339e-05,6.750709755083215410e-06,8.243451118842290981e+00,5.263578784919159859e+07
1.486563019920667814e-05,6.768893179727162150e-06,8.357058556802822835e+00,5.108781591365729272e+07
1.486782083141994120e-05,6.787321774306136138e-06,8.467291563137763433e+00,4.955519786840202659e+07
1.487001146363320595e-05,6.805988184437408717e-06,8.574185010991161704e+00,4.803904994996254891e+07
1.487220209584646900e-05,6.824885134671758266e-06,8.677776124613924225e+00,4.654040243778629601e+07
1.487439272805973375e-05,6.844005433595153031e-06,8.778104292601677017e+00,4.506020173782949895e+07
1.487658336027299681e-05,6.863341978270210732e-06,8.875210887031485640e+00,4.359931267502508312e+07
1.487877399248625986e-05,6.882887758394359535e-06,8.969139087394212950e+00,4.215852095084137470e+07
1.488096462469952461e-05,6.902635860080580625e-06,9.059933710055750211e+00,4.073853574378284812e+07
1.488315525691278597e-05,6.922579469260983099e-06,9.147641043615593048e+00,3.933999242761594802e+07
1.488534588912605072e-05,6.942711874735405139e-06,9.232308690294615872e+00,3.796345538321775943e+07
1.488753652133931378e-05,6.963026470879551139e-06,9.313985413514213718e+00,3.660942088167483360e+07
1.488972715355257683e-05,6.983516760027710631e-06,9.392720991831383870e+00,3.527832001765502244e+07
1.489191778576584158e-05,7.004176354544580549e-06,9.468566079391891321e+00,3.397052167355020344e+07
1.489410841797910463e-05,7.024998978601015588e-06,9.541572073065134774e+00,3.268633549629633501e+07
1.489629905019236938e-05,7.045978469664561402e-06,9.611790986275670079e+00,3.142601487101320922e+07
1.489848968240563244e-05,7.067108779698884597e-06,9.679275328240240839e+00,3.018975988339191303e+07
1.490068031461889549e-05,7.088383976136593459e-06,9.744077990766649933e+00,2.897772024605180696e+07
1.490287094683216024e-05,7.109798242594056678e-06,9.806252141151418300e+00,2.778999818539037183e+07
1.490506157904542330e-05,7.131345879371240038e-06,9.865851121218730313e+00,2.662665127685532719e+07
1.490725221125868635e-05,7.153021303730414132e-06,9.922928352567168986e+00,2.548769521985038370e+07
1.490944284347194941e-05,7.174819049967703238e-06,9.977537247806749221e+00,2.437310654491366819e+07
1.491163347568521246e-05,7.196733769294461743e-06,1.002973112763009489e+01,2.328282524650717154e+07
1.491382410789847721e-05,7.218760229546123506e-06,1.007956314356323269e+01,2.221675733575578406e+07
1.491601474011174027e-05,7.240893314735535129e-06,1.012708620623983080e+01,2.117477730847481266e+07
1.491820537232500502e-05,7.263128024468150856e-06,1.017235291904372652e+01,2.015673052470171079e+07
1.492039600453826807e-05,7.285459473228243839e-06,1.021541551693299255e+01,1.916243549721057341e+07
1.492258663675153282e-05,7.307882889440130204e-06,1.025632580979740816e+01,1.819168609290647507e+07
1.492477726896479588e-05,7.330393614505579637e-06,1.029513513085864318e+01,1.724425363576896489e+07
1.492696790117805893e-05,7.352987101716391939e-06,1.033189428957374822e+01,1.631988891649471596e+07
1.492915853339132199e-05,7.375658915059068371e-06,1.036665352874856794e+01,1.541832410891823098e+07
1.493134916560458504e-05,7.398404727932563015e-06,1.039946248576706012e+01,1.453927459281609952e+07
1.493353979781784979e-05,7.421220321779358095e-06,1.043037015770670983e+01,1.368244068444873579e+07
1.493573043003111285e-05,7.444101584642092733e-06,1.045942487014682065e+01,1.284750927600304969e+07
1.493792106224437590e-05,7.467044509657263928e-06,1.048667424947526783e+01,1.203415538548211381e+07
1.494011169445764065e-05,7.490045193497961569e-06,1.051216519850010833e+01,1.124204361888483539e+07
1.494230232667090370e-05,7.513099834777426469e-06,1.053594387517211395e+01,1.047082954679370858e+07
1.494449295888416845e-05,7.536204732421933115e-06,1.055805567422387625e+01,9.720160997816815972e+06
1.494668359109743151e-05,7.559356283932348559e-06,1.057854521153811156e+01,8.989679273918338120e+06
1.494887422331069456e-05,7.582550983668512924e-06,1.059745631111471909e+01,8.279020286399380304e+06
1.495106485552395762e-05,7.605785421121246454e-06,1.061483199443748582e+01,7.587815616767011583e+06
1.495325548773722067e-05,7.629056279140099936e-06,1.063071447209353160e+01,6.915693506298596971e+06
1.495544611995048542e-05,7.652360332151426079e-06,1.064514513747337965e+01,6.262279776449481025e+06
1.495763675216374848e-05,7.675694444361422830e-06,1.065816456241183907e+01,5.627198683270729147e+06
1.495982738437701153e-05,7.699055567949896603e-06,1.066981249463576376e+01,5.010073708693780005e+06
1.496201801659027628e-05,7.722440741260905886e-06,1.068012785688517852e+01,4.410528291543739848e+06
1.496420864880353934e-05,7.745847086996322865e-06,1.068914874757401279e+01,3.828186501150136348e+06
1.496639928101680409e-05,7.769271810418346510e-06,1.069691244285680476e+01,3.262673656414048746e+06
1.496858991323006714e-05,7.792712197566366078e-06,1.070345539996876028e+01,2.713616893177229445e+06
1.497078054544333189e-05,7.816165613446614537e-06,1.070881326180344395e+01,2.180645683299157303e+06
1.497297117765659495e-05,7.839629500246878918e-06,1.071302086258071107e+01,1.663392307143043261e+06
1.497516180986985631e-05,7.863101375589135719e-06,1.071611223443946059e+01,1.161492282190952916e+06
1.497735244208312106e-05,7.886578830775869137e-06,1.071812061497801771e+01,6.745847508250373648e+05
1.497954307429638411e-05,7.910059529059465866e-06,1.071907845558260597e+01,2.023128294113902666e+05
1.498173370650964886e-05,7.933541203929194300e-06,1.071901743047785160e+01,-2.556760788756535039e+05
1.498392433872291192e-05,7.957021657417814571e-06,1.071796844642825342e+01,-6.997300052684436087e+05
1.498611497093617497e-05,7.980498758430201278e-06,1.071596165301974679e+01,-1.130192168516243342e+06
1.498830560314943972e-05,8.003970441096247264e-06,1.071302645345036098e+01,-1.547400757817157079e+06
1.499049623536270278e-05,8.027434703150362533e-06,1.070919151575904138e+01,-1.951688743571037427e+06
1.499268686757596752e-05,8.050889604339792616e-06,1.070448478442177986e+01,-2.343383714024612680e+06
1.499487749978923058e-05,8.074333264846907899e-06,1.069893349230538782e+01,-2.722807735917866230e+06
1.499706813200249194e-05,8.097763863735694373e-06,1.069256417292770500e+01,-3.090277237599299755e+06
1.499925876421575669e-05,8.121179637443594535e-06,1.068540267288168621e+01,-3.446102912926708348e+06
1.500144939642901974e-05,8.144578878287490344e-06,1.067747416449884312e+01,-3.790589644353202078e+06
1.500364002864228449e-05,8.167959933001089080e-06,1.066880315864776207e+01,-4.124036443767015357e+06
1.500583066085554755e-05,8.191321201299936027e-06,1.065941351764166178e+01,-4.446736409680048935e+06
1.500802129306881060e-05,8.214661134474511388e-06,1.064932846822449619e+01,-4.758976699481040239e+06
1.501021192528207535e-05,8.237978234011799353e-06,1.063857061460514508e+01,-5.061038515532726422e+06
1.501240255749533841e-05,8.261271050245707121e-06,1.062716195150919596e+01,-5.353197103953532875e+06
1.501459318970860316e-05,8.284538181036698080e-06,1.061512387721791129e+01,-5.635721764983945526e+06
1.501678382192186621e-05,8.307778270481050816e-06,1.060247720656385439e+01,-5.908875873896093108e+06
1.501897445413512927e-05,8.330990007646476095e-06,1.058924218387585725e+01,-6.172916911503042094e+06
1.502116508634839232e-05,8.354172125332838197e-06,1.057543849587294815e+01,-6.428096503435958177e+06
1.502335571856165538e-05,8.377323398868366947e-06,1.056108528441918715e+01,-6.674660467215320095e+06
1.502554635077492013e-05,8.400442644928766725e-06,1.054620115919618328e+01,-6.912848866451611742e+06
1.502773698298818318e-05,8.423528720385205920e-06,1.053080421024326441e+01,-7.142896071389085613e+06
1.502992761520144793e-05,8.446580521179619807e-06,1.051491202035677297e+01,-7.365030825111682527e+06
1.503211824741471099e-05,8.469596981227050714e-06,1.049854167733900034e+01,-7.579476314784665592e+06
1.503430887962797404e-05,8.492577071344603661e-06,1.048170978608738579e+01,-7.786450247344680130e+06
1.503649951184123879e-05,8.515519798206634604e-06,1.046443248051446950e+01,-7.986164929088042118e+06
1.503869014405450185e-05,8.538424203325764724e-06,1.044672543528925956e+01,-8.178827348643418401e+06
1.504088077626776659e-05,8.561289362059356511e-06,1.042860387739051653e+01,-8.364639262849004939e+06
1.504307140848102796e-05,8.584114382641392383e-06,1.041008259746818432e+01,-8.543797285111151636e+06
1.504526204069429101e-05,8.606898405239469510e-06,1.039117596102086694e+01,-8.716492975892184302e+06
1.504745267290755576e-05,8.629640601034945757e-06,1.037189791935711547e+01,-8.882912934833917767e+06
1.504964330512081881e-05,8.652340171327591975e-06,1.035226202036254328e+01,-9.043238894292166457e+06
1.505183393733408356e-05,8.674996346663195495e-06,1.033228141905977715e+01,-9.197647813917381689e+06
1.505402456954734662e-05,8.697608385984382501e-06,1.031196888795884803e+01,-9.346311976000372320e+06
1.505621520176060967e-05,8.720175575804013816e-06,1.029133682719796106e+01,-9.489399081322345883e+06
1.505840583397387442e-05,8.742697229400561208e-06,1.027039727447440320e+01,-9.627072345270231366e+06
1.506059646618713748e-05,8.765172686034889896e-06,1.024916191476546246e+01,-9.759490593996983021e+06
1.506278709840040223e-05,8.787601310187767968e-06,1.022764208983912582e+01,-9.886808360424675047e+06
1.506497773061366359e-05,8.809982490817574140e-06,1.020584880755443002e+01,-1.000917597990662046e+07
1.506716836282692664e-05,8.832315640638612126e-06,1.018379275095130154e+01,-1.012673968538886309e+07
1.506935899504019139e-05,8.854600195421561380e-06,1.016148428713406027e+01,-1.023964170195018128e+07
1.507154962725345445e-05,8.876835613309177811e-06,1.013893347594829919e+01,-1.034802034052445367e+07
1.507374025946671920e-05,8.899021374152867083e-06,1.011615007845339242e+01,-1.045201009074201994e+07
1.507593089167998225e-05,8.921156978867038836e-06,1.009314356519348443e+01,-1.055174171276288666e+07
1.507812152389324531e-05,8.943241948801592490e-06,1.006992312426767278e+01,-1.064734232800883427e+07
1.508031215610651006e-05,8.965275825132034890e-06,1.004649766920237397e+01,-1.073893550871176459e+07
1.508250278831977311e-05,8.987258168266655495e-06,1.002287584662897224e+01,-1.082664136620585807e+07
1.508469342053303786e-05,9.009188557270191613e-06,9.999066043769841983e+00,-1.091057663789921626e+07
1.508688405274630092e-05,9.031066589303377189e-06,9.975076395735793966e+00,-1.099085477286929823e+07
1.508907468495956397e-05,9.052891879077812730e-06,9.950914792638071660e+00,-1.106758601603436470e+07
1.509126531717282703e-05,9.074664058326371510e-06,9.926588886517018651e+00,-1.114087749086255021e+07
1.509345594938609008e-05,9.096382775291559478e-06,9.902106098087838149e+00,-1.121083328059552051e+07
1.509564658159935483e-05,9.118047694224368219e-06,9.877473623315017548e+00,-1.127755450793755800e+07
1.509783721381261789e-05,9.139658494899175793e-06,9.852698439811549136e+00,-1.134113941320741735e+07
1.510002784602588263e-05,9.161214872142122182e-06,9.827787313069343611e+00,-1.140168343093188480e+07
1.510221847823914569e-05,9.182716535373120268e-06,9.802746802523257585e+00,-1.145927926486989297e+07
1.510440911045240874e-05,9.204163208161083911e-06,9.777583267452202520e+00,-1.151401696146044321e+07
1.510659974266567349e-05,9.225554627791978423e-06,9.752302872721010374e+00,-1.156598398169202544e+07
1.510879037487893655e-05,9.246890544849175028e-06,9.726911594366740133e+00,-1.161526527139380388e+07
1.511098100709219960e-05,9.268170722805634993e-06,9.701415225033143130e+00,-1.166194332995315641e+07
1.511317163930546266e-05,9.289394937627537175e-06,9.675819379256825670e+00,-1.170609827746652439e+07
1.511536227151872571e-05,9.310562977389015245e-06,9.650129498608501777e+00,-1.174780792033332400e+07
1.511755290373199046e-05,9.331674641900906540e-06,9.624350856687591715e+00,-1.178714781530727260e+07
1.511974353594525352e-05,9.352729742347002230e-06,9.598488563983366362e+00,-1.182419133201385848e+07
1.512193416815851827e-05,9.373728100931905230e-06,9.572547572599082955e+00,-1.185900971395472623e+07
1.512412480037178132e-05,9.394669550539081306e-06,9.546532680844133978e+00,-1.189167213801518083e+07
1.512631543258504438e-05,9.415553934398827242e-06,9.520448537697516755e+00,-1.192224577249452285e+07
1.512850606479830913e-05,9.436381105766034093e-06,9.494299647145520993e+00,-1.195079583367937058e+07
1.513069669701157218e-05,9.457150927607340654e-06,9.468090372396979149e+00,-1.197738564098148234e+07
1.513288732922483693e-05,9.477863272297346780e-06,9.441824939979314379e+00,-1.200207667066301778e+07
1.513507796143809829e-05,9.498518021323476619e-06,9.415507443718716729e+00,-1.202492860817226768e+07
1.513726859365136135e-05,9.519115064999263042e-06,9.389141848607584606e+00,-1.204599939911521971e+07
1.513945922586462610e-05,9.539654302185578933e-06,9.362731994562544457e+00,-1.206534529888716713e+07
1.514164985807788915e-05,9.560135640022153155e-06,9.336281600071318465e+00,-1.208302092098835856e+07
1.514384049029115390e-05,9.580558993664937826e-06,9.309794265738618790e+00,-1.209907928405079991e+07
1.514603112250441696e-05,9.600924286031432608e-06,9.283273477730014989e+00,-1.211357185760184750e+07
1.514822175471768170e-05,9.621231447553694991e-06,9.256722611116327215e+00,-1.212654860659023002e+07
1.515041238693094476e-05,9.641480415938519848e-06,9.230144933122039319e+00,-1.213805803470129892e+07
1.515260301914420781e-05,9.661671135934722218e-06,9.203543606279961153e+00,-1.214814722648736462e+07
1.515479365135747256e-05,9.681803559107277662e-06,9.176921691494776212e+00,-1.215686188833955675e+07
1.515698428357073393e-05,9.701877643618025439e-06,9.150282151018087617e+00,-1.216424638832699135e+07
1.515917491578399867e-05,9.721893354012771848e-06,9.123627851337486661e+00,-1.217034379493001848e+07
1.516136554799726173e-05,9.741850661014261832e-06,9.096961565982528697e+00,-1.217519591469317488e+07
1.516355618021052478e-05,9.761749541321159418e-06,9.070285978249735592e+00,-1.217884332882467099e+07
1.516574681242378953e-05,9.781589977414170350e-06,9.043603683846180630e+00,-1.218132542876490764e+07
1.516793744463705259e-05,9.801371957366872525e-06,9.016917193457839375e+00,-1.218268045075178891e+07
1.517012807685031734e-05,9.821095474661896291e-06,8.990228935243948172e+00,-1.218294550940809213e+07
1.517231870906358039e-05,9.840760528012871346e-06,8.963541257257919170e+00,-1.218215663037362508e+07
1.517450934127684345e-05,9.860367121191486326e-06,8.936856429798085699e+00,-1.218034878200768493e+07
1.517669997349010820e-05,9.879915262859715296e-06,8.910176647689905138e+00,-1.217755590618552268e+07
1.517889060570336956e-05,9.899404966406980747e-06,8.883504032501592818e+00,-1.217381094821191207e+07
1.518108123791663431e-05,9.918836249792165014e-06,8.856840634695045011e+00,-1.216914588587523997e+07
1.518327187012989736e-05,9.938209135390036421e-06,8.830188435714358519e+00,-1.216359175766468234e+07
1.518546250234316042e-05,9.957523649842205368e-06,8.803549350013449626e+00,-1.215717869017319009e+07
1.518765313455642517e-05,9.976779823912203767e-06,8.776925227025085263e+00,-1.214993592470844276e+07
1.518984376676968822e-05,9.995977692345636516e-06,8.750317853070969321e+00,-1.214189184313133545e+07
1.519203439898295297e-05,1.001511729373411074e-05,8.723728953216449256e+00,-1.213307399294409342e+07
1.519422503119621603e-05,1.003419867038268021e-05,8.697160193072241086e+00,-1.212350911165033840e+07
1.519641566340948078e-05,1.005322186818159441e-05,8.670613180542575904e+00,-1.211322315040421858e+07
1.519860629562274383e-05,1.007218693648174061e-05,8.644089467522581671e+00,-1.210224129697022960e+07
1.520079692783600689e-05,1.009109392797376044e-05,8.617590551546063793e+00,-1.209058799801225960e+07
1.520298756004926994e-05,1.010994289857078664e-05,8.591117877385121560e+00,-1.207828698073083162e+07
1.520517819226253300e-05,1.012873390729465436e-05,8.564672838602923832e+00,-1.206536127386649139e+07
1.520736882447579774e-05,1.014746701616530910e-05,8.538256779061427437e+00,-1.205183322808783688e+07
1.520955945668906080e-05,1.016614229009349957e-05,8.511870994385040134e+00,-1.203772453578138351e+07
1.521175008890232385e-05,1.018475979677644519e-05,8.485516733381976096e+00,-1.202305625026088394e+07
1.521394072111558860e-05,1.020331960659701378e-05,8.459195199423399814e+00,-1.200784880441149510e+07
1.521613135332885166e-05,1.022182179252592993e-05,8.432907551782024669e+00,-1.199212202878499404e+07
1.521832198554211641e-05,1.024026643002626184e-05,8.406654906932985227e+00,-1.197589516916430742e+07
1.522051261775537946e-05,1.025865359696113373e-05,8.380438339815874826e+00,-1.195918690360963903e+07
1.522270324996864252e-05,1.027698337350406736e-05,8.354258885060250606e+00,-1.194201535900301114e+07
1.522489388218190557e-05,1.029525584205196975e-05,8.328117538175403567e+00,-1.192439812710517831e+07
1.522708451439516863e-05,1.031347108714081781e-05,8.302015256705354673e+00,-1.190635228013926744e+07
1.522927514660843338e-05,1.033162919536365880e-05,8.275952961350370174e+00,-1.188789438591482863e+07
1.523146577882169643e-05,1.034973025529116540e-05,8.249931537055674724e+00,-1.186904052250587568e+07
1.523365641103495949e-05,1.036777435739440492e-05,8.223951834068682132e+00,-1.184980629249603860e+07
1.523584704324822424e-05,1.038576159396980917e-05,8.198014668965674545e+00,-1.183020683680378646e+07
1.523803767546148729e-05,1.040369205906660062e-05,8.172120825648326203e+00,-1.181025684809965827e+07
1.524022830767475204e-05,1.042156584841655480e-05,8.146271056310682823e+00,-1.178997058382658474e+07
1.524241893988801510e-05,1.043938305936528212e-05,8.120466082379284245e+00,-1.176936187883782573e+07
1.524460957210127985e-05,1.045714379080591208e-05,8.094706595425225970e+00,-1.174844415766106360e+07
1.524680020431454290e-05,1.047484814311464242e-05,8.068993258049955486e+00,-1.172723044640108198e+07
1.524899083652780426e-05,1.049249621808820616e-05,8.043326704745391353e+00,-1.170573338429139182e+07
1.525118146874106901e-05,1.051008811888330360e-05,8.017707542728961911e+00,-1.168396523490529694e+07
1.525337210095433207e-05,1.052762394995768442e-05,7.992136352754651618e+00,-1.166193789703653939e+07
1.525556273316759681e-05,1.054510381701309834e-05,7.966613689900357897e+00,-1.163966291525917500e+07
1.525775336538085987e-05,1.056252782693985169e-05,7.941140084332619864e+00,-1.161715149017651379e+07
1.525994399759412462e-05,1.057989608776296664e-05,7.915716042049357526e+00,-1.159441448836852983e+07
1.526213462980738767e-05,1.059720870859001412e-05,7.890342045601023813e+00,-1.157146245204626210e+07
1.526432526202065073e-05,1.061446579956079500e-05,7.865018554790345284e+00,-1.154830560842152685e+07
1.526651589423391378e-05,1.063166747179801732e-05,7.839746007352792034e+00,-1.152495387880211696e+07
1.526870652644718023e-05,1.064881383735974560e-05,7.814524819616877060e+00,-1.150141688741909713e+07
1.527089715866043989e-05,1.066590500919317823e-05,7.789355387145539211e+00,-1.147770396999481134e+07
1.527308779087370295e-05,1.068294110108989703e-05,7.764238085358935670e+00,-1.145382418205930665e+07
1.527527842308696939e-05,1.069992222764234837e-05,7.739173270139463767e+00,-1.142978630702280253e+07
1.527746905530023245e-05,1.071684850420175585e-05,7.714161278419146228e+00,-1.140559886401122808e+07
1.527965968751349550e-05,1.073372004683722548e-05,7.689202428750199658e+00,-1.138127011547206156e+07
1.528185031972675856e-05,1.075053697229609105e-05,7.664297021859209913e+00,-1.135680807455749810e+07
1.528404095194002161e-05,1.076729939796537240e-05,7.639445341185457039e+00,-1.133222051229147241e+07
1.528623158415328806e-05,1.078400744183447208e-05,7.614647653403761041e+00,-1.130751496452713758e+07
1.528842221636655111e-05,1.080066122245921037e-05,7.589904208931844032e+00,-1.128269873870028555e+07
1.529061284857981417e-05,1.081726085892658360e-05,7.565215242423766639e+00,-1.125777892038621381e+07
1.529280348079307722e-05,1.083380647082079981e-05,7.540580973248905750e+00,-1.123276237966488674e+07
1.529499411300634028e-05,1.085029817819033091e-05,7.516001605957138842e+00,-1.120765577730029449e+07
1.529718474521960333e-05,1.086673610151587785e-05,7.491477330730909934e+00,-1.118246557073992863e+07
1.529937537743286639e-05,1.088312036167944038e-05,7.467008323824118499e+00,-1.115719801993930340e+07
1.530156600964613283e-05,1.089945107993426939e-05,7.442594747988533044e+00,-1.113185919301702827e+07
1.530375664185939589e-05,1.091572837787575781e-05,7.418236752887974461e+00,-1.110645497174538299e+07
1.530594727407265894e-05,1.093195237741320220e-05,7.393934475500662629e+00,-1.108099105688135326e+07
1.530813790628592200e-05,1.094812320074239275e-05,7.369688040510122384e+00,-1.105547297334297188e+07
1.531032853849918505e-05,1.096424097031908256e-05,7.345497560684930427e+00,-1.102990607523554750e+07
1.531251917071245149e-05,1.098030580883342243e-05,7.321363137247278274e+00,-1.100429555073177069e+07
1.531470980292571455e-05,1.099631783918497853e-05,7.297284860231410875e+00,-1.097864642681095935e+07
1.531690043513897422e-05,1.101227718445858854e-05,7.273262808831682413e+00,-1.095296357386100478e+07
1.531909106735224066e-05,1.102818396790105300e-05,7.249297051740587250e+00,-1.092725171014714427e+07
1.532128169956550371e-05,1.104403831289840434e-05,7.225387647477352182e+00,-1.090151540615191124e+07
1.532347233177876677e-05,1.105984034295402294e-05,7.201534644706954147e+00,-1.087575908878957108e+07
1.532566296399202982e-05,1.107559018166740199e-05,7.177738082550129128e+00,-1.084998704549916461e+07
1.532785359620529627e-05,1.109128795271356462e-05,7.153997990884525926e+00,-1.082420342821958102e+07
1.533004422841855932e-05,1.110693377982314169e-05,7.130314390637281896e+00,-1.079841225725021400e+07
1.533223486063182238e-05,1.112252778676304245e-05,7.106687294069307548e+00,-1.077261742500062659e+07
1.533442549284508543e-05,1.113807009731775211e-05,7.083116705051502038e+00,-1.074682269963260554e+07
1.533661612505834849e-05,1.115356083527134420e-05,7.059602619332886242e+00,-1.072103172859729640e+07
1.533880675727161154e-05,1.116900012438990128e-05,7.036145024801344405e+00,-1.069524804207124561e+07
1.534099738948487460e-05,1.118438808840463696e-05,7.012743901736794072e+00,-1.066947505629380606e+07
1.534318802169813765e-05,1.119972485099540584e-05,6.989399223057314536e+00,-1.064371607680914551e+07
1.534537865391140410e-05,1.121501053577491315e-05,6.966110954558103252e+00,-1.061797430161540397e+07
1.534756928612466715e-05,1.123024526627332922e-05,6.942879055143719391e+00,-1.059225282422388159e+07
1.534975991833793021e-05,1.124542916592347149e-05,6.919703477053702478e+00,-1.056655463663098402e+07
1.535195055055119326e-05,1.126056235804643885e-05,6.896584166081763279e+00,-1.054088263220526651e+07
1.535414118276445632e-05,1.127564496583772706e-05,6.873521061788753883e+00,-1.051523960849229991e+07
1.535633181497772276e-05,1.129067711235378294e-05,6.850514097709599071e+00,-1.048962826993965916e+07
1.535852244719098581e-05,1.130565892049900752e-05,6.827563201554381678e+00,-1.046405123054450750e+07
1.536071307940424887e-05,1.132059051301326567e-05,6.804668295403550005e+00,-1.043851101642569900e+07
1.536290371161751192e-05,1.133547201245972782e-05,6.781829295897733090e+00,-1.041301006832306646e+07
1.536509434383077498e-05,1.135030354121320118e-05,6.759046114422041285e+00,-1.038755074402570724e+07
1.536728497604403804e-05,1.136508522144873889e-05,6.736318657285290890e+00,-1.036213532073156163e+07
1.536947560825730109e-05,1.137981717513075904e-05,6.713646825893954784e+00,-1.033676599734009616e+07
1.537166624047056753e-05,1.139449952400247534e-05,6.691030516921248505e+00,-1.031144489668010361e+07
1.537385687268383059e-05,1.140913238957572938e-05,6.668469622471392633e+00,-1.028617406767465360e+07
1.537604750489709364e-05,1.142371589312114641e-05,6.645964030239185583e+00,-1.026095548744478263e+07
1.537823813711035670e-05,1.143825015565864346e-05,6.623513623665045813e+00,-1.023579106335389800e+07
1.538042876932361975e-05,1.145273529794828312e-05,6.601118282085649547e+00,-1.021068263499458134e+07
1.538261940153688620e-05,1.146717144048140846e-05,6.578777880880302575e+00,-1.018563197611944005e+07
1.538481003375014586e-05,1.148155870347216255e-05,6.556492291613067458e+00,-1.016064079651753977e+07
1.538700066596341231e-05,1.149589720684932475e-05,6.534261382170808652e+00,-1.013571074383807927e+07
1.538919129817667536e-05,1.151018707024831981e-05,6.512085016897503742e+00,-1.011084340536304377e+07
1.539138193038993842e-05,1.152442841300365218e-05,6.489963056724501023e+00,-1.008604030972988158e+07
1.539357256260320147e-05,1.153862135414154864e-05,6.467895359297171076e+00,-1.006130292860595696e+07
1.539576319481646453e-05,1.155276601237290087e-05,6.445881779097915931e+00,-1.003663267831611261e+07
1.539795382702973097e-05,1.156686250608647560e-05,6.423922167565661034e+00,-1.001203092142463103e+07
1.540014445924299403e-05,1.158091095334237217e-05,6.402016373211925071e+00,-9.987498968272965401e+06
1.540233509145625708e-05,1.159491147186573749e-05,6.380164241733578656e+00,-9.963038078474478796e+06
1.540452572366952014e-05,1.160886417904070810e-05,6.358365616122371833e+00,-9.938649462367439643e+06
1.540671635588278319e-05,1.162276919190458425e-05,6.336620336771371598e+00,-9.914334282427567989e+06
1.540890698809604625e-05,1.163662662714231067e-05,6.314928241578196655e+00,-9.890093654640974477e+06
1.541109762030930930e-05,1.165043660108106569e-05,6.293289166045485494e+00,-9.865928649839093909e+06
1.541328825252257236e-05,1.166419922968514009e-05,6.271702943378339334e+00,-9.841840294996311888e+06
1.541547888473583880e-05,1.167791462855101754e-05,6.250169404579017929e+00,-9.817829574491532519e+06
1.541766951694910185e-05,1.169158291290262781e-05,6.228688378538906001e+00,-9.793897431334689260e+06
1.541986014916236491e-05,1.170520419758684057e-05,6.207259692127819584e+00,-9.770044768359160051e+06
1.542205078137562796e-05,1.171877859706913198e-05,6.185883170280744636e+00,-9.746272449381131679e+06
1.542424141358889102e-05,1.173230622542941894e-05,6.164558636082064780e+00,-9.722581300326740369e+06
1.542643204580215746e-05,1.174578719635813398e-05,6.143285910847359865e+00,-9.698972110328046605e+06
1.542862267801542052e-05,1.175922162315239497e-05,6.122064814202832217e+00,-9.675445632788576186e+06
1.543081331022868357e-05,1.177260961871239336e-05,6.100895164162471573e+00,-9.652002586419478059e+06
1.543300394244194663e-05,1.178595129553799587e-05,6.079776777202864579e+00,-9.628643656246850267e+06
1.543519457465520968e-05,1.179924676572538690e-05,6.058709468335993442e+00,-9.605369494591426104e+06
1.543738520686847274e-05,1.181249614096398698e-05,6.037693051179781278e+00,-9.582180722021030262e+06
1.543957583908173579e-05,1.182569953253345427e-05,6.016727338026654159e+00,-9.559077928276820108e+06
1.544176647129500224e-05,1.183885705130085383e-05,5.995812139910065675e+00,-9.536061673173945397e+06
1.544395710350826529e-05,1.185196880771797754e-05,5.974947266669101253e+00,-9.513132487477393821e+06
1.544614773572152835e-05,1.186503491181879289e-05,5.954132527011178233e+00,-9.490290873753683642e+06
1.544833836793479140e-05,1.187805547321703397e-05,5.933367728572896738e+00,-9.467537307199077681e+06
1.545052900014805446e-05,1.189103060110392130e-05,5.912652677979121307e+00,-9.444872236445046961e+06
1.545271963236131751e-05,1.190396040424599511e-05,5.891987180900318144e+00,-9.422296084341539070e+06
1.545491026457458057e-05,1.191684499098312311e-05,5.871371042108149751e+00,-9.399809248718665913e+06
1.545710089678784701e-05,1.192968446922652857e-05,5.850804065529559672e+00,-9.377412103127608076e+06
1.545929152900111007e-05,1.194247894645705228e-05,5.830286054299079979e+00,-9.355104997560964897e+06
1.546148216121437312e-05,1.195522852972345333e-05,5.809816810809707022e+00,-9.332888259153459221e+06
1.546367279342763618e-05,1.196793332564083875e-05,5.789396136762217537e+00,-9.310762192863361910e+06
1.546586342564089923e-05,1.198059344038919812e-05,5.769023833213021035e+00,-9.288727082135224715e+06
1.546805405785416567e-05,1.199320897971204837e-05,5.748699700620578668e+00,-9.266783189544448629e+06
1.547024469006742873e-05,1.200578004891516483e-05,5.728423538890432098e+00,-9.244930757424172014e+06
1.547243532228069178e-05,1.201830675286543444e-05,5.708195147418870796e+00,-9.223170008474988863e+06
1.547462595449395484e-05,1.203078919598976642e-05,5.688014325135289262e+00,-9.201501146357931197e+06
1.547681658670721789e-05,1.204322748227412496e-05,5.667880870543276828e+00,-9.179924356271294877e+06
1.547900721892048095e-05,1.205562171526265680e-05,5.647794581760384958e+00,-9.158439805511506274e+06
1.548119785113374400e-05,1.206797199805684584e-05,5.627755256556847385e+00,-9.137047644018907100e+06
1.548338848334700706e-05,1.208027843331483388e-05,5.607762692392925352e+00,-9.115748004908332601e+06
1.548557911556027350e-05,1.209254112325075822e-05,5.587816686455238546e+00,-9.094541004985326901e+06
1.548776974777353656e-05,1.210476016963420952e-05,5.567917035691934302e+00,-9.073426745248218998e+06
1.548996037998679961e-05,1.211693567378972196e-05,5.548063536846774113e+00,-9.052405311376431957e+06
1.549215101220006267e-05,1.212906773659639368e-05,5.528255986492173868e+00,-9.031476774205503985e+06
1.549434164441332911e-05,1.214115645848751588e-05,5.508494181061209360e+00,-9.010641190189056098e+06
1.549653227662659217e-05,1.215320193945031861e-05,5.488777916878627927e+00,-8.989898601848194376e+06
1.549872290883985183e-05,1.216520427902575909e-05,5.469106990190907958e+00,-8.969249038208603859e+06
1.550091354105311828e-05,1.217716357630840985e-05,5.449481197195282789e+00,-8.948692515225658193e+06
1.550310417326638133e-05,1.218907992994633680e-05,5.429900334068019419e+00,-8.928229036198031157e+06
1.550529480547964439e-05,1.220095343814109920e-05,5.410364196991649166e+00,-8.907858592169893906e+06
1.550748543769290744e-05,1.221278419864780894e-05,5.390872582181374995e+00,-8.887581162322159857e+06
1.550967606990617050e-05,1.222457230877522377e-05,5.371425285910655489e+00,-8.867396714353058487e+06
1.551186670211943694e-05,1.223631786538588953e-05,5.352022104535946845e+00,-8.847305204848278314e+06
1.551405733433270000e-05,1.224802096489635876e-05,5.332662834520657924e+00,-8.827306579641042277e+06
1.551624796654596305e-05,1.225968170327745319e-05,5.313347272458305959e+00,-8.807400774162288755e+06
1.551843859875922611e-05,1.227130017605456199e-05,5.294075215094946607e+00,-8.787587713781327009e+06
1.552062923097248916e-05,1.228287647830800084e-05,5.274846459350849948e+00,-8.767867314137166366e+06
1.552281986318575222e-05,1.229441070467345244e-05,5.255660802341407312e+00,-8.748239481460718438e+06
1.552501049539901527e-05,1.230590294934235441e-05,5.236518041397488332e+00,-8.728704112888362259e+06
1.552720112761228171e-05,1.231735330606244140e-05,5.217417974084964882e+00,-8.709261096766741946e+06
1.552939175982554477e-05,1.232876186813824824e-05,5.198360398223663026e+00,-8.689910312949344516e+06
1.553158239203880782e-05,1.234012872843171643e-05,5.179345111905636401e+00,-8.670651633084893227e+06
1.553377302425207088e-05,1.235145397936279719e-05,5.160371913512843633e+00,-8.651484920897906646e+06
1.553596365646533393e-05,1.236273771291009183e-05,5.141440601734199589e+00,-8.632410032461522147e+06
1.553815428867860038e-05,1.237398002061156496e-05,5.122550975582049304e+00,-8.613426816462866962e+06
1.554034492089186343e-05,1.238518099356525092e-05,5.103702834408061939e+00,-8.594535114461161196e+06
1.554253555310512649e-05,1.239634072243003304e-05,5.084895977918570509e+00,-8.575734761138733476e+06
1.554472618531838954e-05,1.240745929742641444e-05,5.066130206189383145e+00,-8.557025584545169026e+06
1.554691681753165260e-05,1.241853680833737353e-05,5.047405319679986846e+00,-8.538407406334666535e+06
1.554910744974491565e-05,1.242957334450919073e-05,5.028721119247401283e+00,-8.519880041997043416e+06
1.555129808195817871e-05,1.244056899485234461e-05,5.010077406159366475e+00,-8.501443301082238555e+06
1.555348871417144515e-05,1.245152384784242332e-05,4.991473982107143215e+00,-8.483096987418711185e+06
1.555567934638470821e-05,1.246243799152107662e-05,4.972910649217796575e+00,-8.464840899325815961e+06
1.555786997859797126e-05,1.247331151349696632e-05,4.954387210066048652e+00,-8.446674829820321873e+06
1.556006061081123432e-05,1.248414450094677923e-05,4.935903467685667678e+00,-8.428598566817246377e+06
1.556225124302449737e-05,1.249493704061622675e-05,4.917459225580433468e+00,-8.410611893325170502e+06
1.556444187523776381e-05,1.250568921882109514e-05,4.899054287734673885e+00,-8.392714587636109442e+06
1.556663250745102348e-05,1.251640112144830264e-05,4.880688458623407833e+00,-8.374906423510200344e+06
1.556882313966428654e-05,1.252707283395701246e-05,4.862361543222020188e+00,-8.357187170355188660e+06
1.557101377187755298e-05,1.253770444137969497e-05,4.844073347015688036e+00,-8.339556593401086517e+06
1.557320440409081604e-05,1.254829602832328133e-05,4.825823676008290875e+00,-8.322014453869859688e+06
1.557539503630407909e-05,1.255884767897031212e-05,4.807612336731018843e+00,-8.304560509140472859e+06
1.557758566851734215e-05,1.256935947708008247e-05,4.789439136250623008e+00,-8.287194512909316458e+06
1.557977630073060520e-05,1.257983150598984489e-05,4.771303882177303279e+00,-8.269916215346218087e+06
1.558196693294387164e-05,1.259026384861599848e-05,4.753206382672268582e+00,-8.252725363246073946e+06
1.558415756515713470e-05,1.260065658745529342e-05,4.735146446454970182e+00,-8.235621700176244602e+06
1.558634819737039775e-05,1.261100980458608966e-05,4.717123882810012603e+00,-8.218604966619881801e+06
1.558853882958366081e-05,1.262132358166956818e-05,4.699138501593756345e+00,-8.201674900115217082e+06
1.559072946179692386e-05,1.263159799995101000e-05,4.681190113240635498e+00,-8.184831235390950926e+06
1.559292009401018692e-05,1.264183314026108877e-05,4.663278528769111198e+00,-8.168073704497829080e+06
1.559511072622344997e-05,1.265202908301710402e-05,4.645403559787479431e+00,-8.151402036936604418e+06
1.559730135843671642e-05,1.266218590822432629e-05,4.627565018499267602e+00,-8.134815959782314487e+06
1.559949199064997947e-05,1.267230369547728459e-05,4.609762717708425050e+00,-8.118315197805084288e+06
1.560168262286324253e-05,1.268238252396108946e-05,4.591996470824249776e+00,-8.101899473587539978e+06
1.560387325507650558e-05,1.269242247245277639e-05,4.574266091866047823e+00,-8.085568507638885640e+06
1.560606388728976864e-05,1.270242361932262887e-05,4.556571395467557295e+00,-8.069322018505761400e+06
1.560825451950303508e-05,1.271238604253553872e-05,4.538912196881127237e+00,-8.053159722879934125e+06
1.561044515171629814e-05,1.272230981965237152e-05,4.521288311981668251e+00,-8.037081335702978075e+06
1.561263578392956119e-05,1.273219502783131848e-05,4.503699557270387288e+00,-8.021086570267923176e+06
1.561482641614282425e-05,1.274204174382929401e-05,4.486145749878229338e+00,-8.005175138317979872e+06
1.561701704835608730e-05,1.275185004400329780e-05,4.468626707569263168e+00,-7.989346750142564997e+06
1.561920768056935036e-05,1.276162000431181238e-05,4.451142248743694019e+00,-7.973601114670431241e+06
1.562139831278261341e-05,1.277135170031620750e-05,4.433692192440767954e+00,-7.957937939560200088e+06
1.562358894499587985e-05,1.278104520718213272e-05,4.416276358341451491e+00,-7.942356931288270280e+06
1.562577957720914291e-05,1.279070059968092676e-05,4.398894566770931824e+00,-7.926857795234179124e+06
1.562797020942240596e-05,1.280031795219104572e-05,4.381546638700928753e+00,-7.911440235763515346e+06
1.563016084163566902e-05,1.280989733869946227e-05,4.364232395751821869e+00,-7.896103956308414228e+06
1.563235147384893207e-05,1.281943883280309552e-05,4.346951660194614320e+00,-7.880848659445684403e+06
1.563454210606219513e-05,1.282894250771023568e-05,4.329704254952734921e+00,-7.865674046972736716e+06
1.563673273827545819e-05,1.283840843624200777e-05,4.312490003603609345e+00,-7.850579819981154986e+06
1.563892337048872124e-05,1.284783669083374549e-05,4.295308730380209994e+00,-7.835565678928271867e+06
1.564111400270198768e-05,1.285722734353647350e-05,4.278160260172318097e+00,-7.820631323706516065e+06
1.564330463491525074e-05,1.286658046601833218e-05,4.261044418527692557e+00,-7.805776453710754402e+06
1.564549526712851379e-05,1.287589612956602773e-05,4.243961031653095795e+00,-7.791000767903651111e+06
1.564768589934177685e-05,1.288517440508626534e-05,4.226909926415165053e+00,-7.776303964879059233e+06
1.564987653155504329e-05,1.289441536310720609e-05,4.209890930341158466e+00,-7.761685742923545651e+06
1.565206716376830635e-05,1.290361907377991199e-05,4.192903871619558132e+00,-7.747145800076059066e+06
1.565425779598156940e-05,1.291278560687978934e-05,4.175948579100549729e+00,-7.732683834185820073e+06
1.565644842819483246e-05,1.292191503180804730e-05,4.159024882296373349e+00,-7.718299542968443595e+06
1.565863906040809551e-05,1.293100741759313615e-05,4.142132611381580176e+00,-7.703992624060412869e+06
1.566082969262135857e-05,1.294006283289222624e-05,4.125271597193079565e+00,-7.689762775071795098e+06
1.566302032483462162e-05,1.294908134599262247e-05,4.108441671230232295e+00,-7.675609693637514487e+06
1.566521095704788468e-05,1.295806302481323145e-05,4.091642665654681821e+00,-7.661533077466890216e+06
1.566740158926115112e-05,1.296700793690602338e-05,4.074874413290156205e+00,-7.647532624391749501e+06
1.566959222147441418e-05,1.297591614945746530e-05,4.058136747622143936e+00,-7.633608032413014211e+06
1.567178285368767723e-05,1.298478772928997625e-05,4.041429502797475593e+00,-7.619758999745857902e+06
1.567397348590094029e-05,1.299362274286337571e-05,4.024752513623809591e+00,-7.605985224863457493e+06
1.567616411811420334e-05,1.300242125627633713e-05,4.008105615569012237e+00,-7.592286406539352611e+06
1.567835475032746978e-05,1.301118333526781429e-05,3.991488644760464499e+00,-7.578662243888496421e+06
1.568054538254072945e-05,1.301990904521850670e-05,3.974901437984277308e+00,-7.565112436407007277e+06
1.568273601475399589e-05,1.302859845115230125e-05,3.958343832684360297e+00,-7.551636684010594152e+06
1.568492664696725895e-05,1.303725161773769013e-05,3.941815666961546505e+00,-7.538234687071876600e+06
1.568711727918052200e-05,1.304586860928922433e-05,3.925316779572493697e+00,-7.524906146456383169e+06
1.568930791139378506e-05,1.305444948976895700e-05,3.908847009928582583e+00,-7.511650763557448052e+06
1.569149854360704811e-05,1.306299432278785124e-05,3.892406198094721326e+00,-7.498468240329947323e+06
1.569368917582031456e-05,1.307150317160724203e-05,3.875994184788081220e+00,-7.485358279322953895e+06
1.569587980803357761e-05,1.307997609914023386e-05,3.859610811376758654e+00,-7.472320583711292595e+06
1.569807044024684067e-05,1.308841316795315085e-05,3.843255919878372229e+00,-7.459354857326062396e+06
1.570026107246010372e-05,1.309681444026693607e-05,3.826929352958591046e+00,-7.446460804684133269e+06
1.570245170467336678e-05,1.310517997795857449e-05,3.810630953929615927e+00,-7.433638131016660482e+06
1.570464233688662983e-05,1.311350984256254149e-05,3.794360566748529617e+00,-7.420886542296594009e+06
1.570683296909989289e-05,1.312180409527215297e-05,3.778118036015722936e+00,-7.408205745265327394e+06
1.570902360131315933e-05,1.313006279694101381e-05,3.761903206973131741e+00,-7.395595447458356619e+06
1.571121423352642239e-05,1.313828600808442051e-05,3.745715925502478338e+00,-7.383055357230088674e+06
1.571340486573968544e-05,1.314647378888074024e-05,3.729556038123456485e+00,-7.370585183777745813e+06
1.571559549795294850e-05,1.315462619917282868e-05,3.713423391991857336e+00,-7.358184637164490297e+06
1.571778613016621155e-05,1.316274329846940060e-05,3.697317834897649202e+00,-7.345853428341675550e+06
1.571997676237947800e-05,1.317082514594643757e-05,3.681239215263004905e+00,-7.333591269170297310e+06
1.572216739459274105e-05,1.317887180044855342e-05,3.665187382140289607e+00,-7.321397872441711836e+06
1.572435802680600411e-05,1.318688332049038502e-05,3.649162185209999798e+00,-7.309272951897559687e+06
1.572654865901926716e-05,1.319485976425794760e-05,3.633163474778673852e+00,-7.297216222248975188e+06
1.572873929123253022e-05,1.320280118961004415e-05,3.617191101776693785e+00,-7.285227399195035920e+06
1.573092992344579327e-05,1.321070765407957495e-05,3.601244917756182495e+00,-7.273306199440605938e+06
1.573312055565905633e-05,1.321857921487493521e-05,3.585324774888726918e+00,-7.261452340713407844e+06
1.573531118787231938e-05,1.322641592888136179e-05,3.569430525963133594e+00,-7.249665541780496016e+06
1.573750182008558582e-05,1.323421785266227158e-05,3.553562024383134510e+00,-7.237945522464038804e+06
1.573969245229884888e-05,1.324198504246062517e-05,3.537719124165058737e+00,-7.226292003656542860e+06
1.574188308451211193e-05,1.324971755420024484e-05,3.521901679935469875e+00,-7.214704707335397601e+06
1.574407371672537499e-05,1.325741544348716647e-05,3.506109546928778631e+00,-7.203183356576891616e+06
1.574626434893864143e-05,1.326507876561095746e-05,3.490342580984814536e+00,-7.191727675569617189e+06
1.574845498115190110e-05,1.327270757554603984e-05,3.474600638546393672e+00,-7.180337389627337456e+06
1.575064561336516415e-05,1.328030192795303365e-05,3.458883576656785586e+00,-7.169012225201263092e+06
1.575283624557843060e-05,1.328786187718002411e-05,3.443191252957285453e+00,-7.157751909891901538e+06
1.575502687779169365e-05,1.329538747726390497e-05,3.427523525684635697e+00,-7.146556172460279427e+06
1.575721751000495671e-05,1.330287878193166947e-05,3.411880253668480467e+00,-7.135424742838746868e+06
1.575940814221821976e-05,1.331033584460169776e-05,3.396261296328791257e+00,-7.124357352141238749e+06
1.576159877443148282e-05,1.331775871838506473e-05,3.380666513673267204e+00,-7.113353732673118822e+06
1.576378940664474926e-05,1.332514745608681061e-05,3.365095766294713187e+00,-7.102413617940513417e+06
1.576598003885801232e-05,1.333250211020722329e-05,3.349548915368403268e+00,-7.091536742659237236e+06
1.576817067107127537e-05,1.333982273294311236e-05,3.334025822649414383e+00,-7.080722842763266526e+06
1.577036130328453843e-05,1.334710937618907956e-05,3.318526350469958697e+00,-7.069971655412789434e+06
1.577255193549780148e-05,1.335436209153876570e-05,3.303050361736693308e+00,-7.059282919001870789e+06
1.577474256771106454e-05,1.336158093028613977e-05,3.287597719927960238e+00,-7.048656373165659606e+06
1.577693319992432759e-05,1.336876594342670686e-05,3.272168289091140991e+00,-7.038091758787298575e+06
1.577912383213759404e-05,1.337591718165877361e-05,3.256761933839858347e+00,-7.027588818004383706e+06
1.578131446435085709e-05,1.338303469538468657e-05,3.241378519351238552e+00,-7.017147294215084054e+06
1.578350509656412015e-05,1.339011853471205531e-05,3.226017911363141089e+00,-7.006766932083905675e+06
1.578569572877738320e-05,1.339716874945498741e-05,3.210679976171381789e+00,-6.996447477547119372e+06
1.578788636099064626e-05,1.340418538913529802e-05,3.195364580626935513e+00,-6.986188677817841060e+06
1.579007699320391270e-05,1.341116850298372957e-05,3.180071592133140612e+00,-6.975990281390786171e+06
1.579226762541717575e-05,1.341811813994115626e-05,3.164800878642880733e+00,-6.965852038046719506e+06
1.579445825763043542e-05,1.342503434865977501e-05,3.149552308655779509e+00,-6.955773698856595904e+06
1.579664888984370186e-05,1.343191717750433701e-05,3.134325751215317979e+00,-6.945755016185369343e+06
1.579883952205696492e-05,1.343876667455327938e-05,3.119121075906071017e+00,-6.935795743695585057e+06
1.580103015427022797e-05,1.344558288759995337e-05,3.103938152850810983e+00,-6.925895636350619607e+06
1.580322078648349103e-05,1.345236586415377628e-05,3.088776852707669995e+00,-6.916054450417687185e+06
1.580541141869675747e-05,1.345911565144141401e-05,3.073637046667275108e+00,-6.906271943470565602e+06
1.580760205091002053e-05,1.346583229640793630e-05,3.058518606449890154e+00,-6.896547874392070808e+06
1.580979268312328358e-05,1.347251584571797896e-05,3.043421404302539379e+00,-6.886882003376282752e+06
1.581198331533654664e-05,1.347916634575689069e-05,3.028345312996136851e+00,-6.877274091930527240e+06
1.581417394754980969e-05,1.348578384263187658e-05,3.013290205822606538e+00,-6.867723902877126820e+06
1.581636457976307275e-05,1.349236838217313995e-05,2.998255956592010385e+00,-6.858231200354935601e+06
1.581855521197633580e-05,1.349892000993502580e-05,2.983242439629617770e+00,-6.848795749820594676e+06
1.582074584418959886e-05,1.350543877119711520e-05,2.968249529773087314e+00,-6.839417318049671128e+06
1.582293647640286530e-05,1.351192471096537216e-05,2.953277102369528784e+00,-6.830095673137521371e+06
1.582512710861612836e-05,1.351837787397324818e-05,2.938325033272623621e+00,-6.820830584499954246e+06
1.582731774082939141e-05,1.352479830468277999e-05,2.923393198839732143e+00,-6.811621822873720899e+06
1.582950837304265447e-05,1.353118604728571102e-05,2.908481475928998083e+00,-6.802469160316826776e+06
1.583169900525591752e-05,1.353754114570456545e-05,2.893589741896455791e+00,-6.793372370208618231e+06
1.583388963746918396e-05,1.354386364359373577e-05,2.878717874593134329e+00,-6.784331227249739692e+06
1.583608026968244702e-05,1.355015358434057888e-05,2.863865752362163786e+00,-6.775345507461877540e+06
1.583827090189571007e-05,1.355641101106648335e-05,2.849033254035882923e+00,-6.766414988187367097e+06
1.584046153410897313e-05,1.356263596662792647e-05,2.834220258932955261e+00,-6.757539448088641278e+06
1.584265216632223618e-05,1.356882849361756698e-05,2.819426646855434981e+00,-6.748718667147473432e+06
1.584484279853549924e-05,1.357498863436525978e-05,2.804652298085943851e+00,-6.739952426664146595e+06
1.584703343074876230e-05,1.358111643093914351e-05,2.789897093384742011e+00,-6.731240509256421588e+06
1.584922406296202874e-05,1.358721192514665027e-05,2.775160913986850719e+00,-6.722582698858380318e+06
1.585141469517529179e-05,1.359327515853557283e-05,2.760443641599170661e+00,-6.713978780719129369e+06
1.585360532738855485e-05,1.359930617239507768e-05,2.745745158397605579e+00,-6.705428541401382536e+06
1.585579595960181790e-05,1.360530500775672828e-05,2.731065347024182799e+00,-6.696931768779898994e+06
1.585798659181508096e-05,1.361127170539551503e-05,2.716404090584183528e+00,-6.688488252039819025e+06
1.586017722402834740e-05,1.361720630583085646e-05,2.701761272643272260e+00,-6.680097781674857251e+06
1.586236785624160707e-05,1.362310884932760384e-05,2.687136777224645723e+00,-6.671760149485413916e+06
1.586455848845487351e-05,1.362897937589705587e-05,2.672530488806124982e+00,-6.663475148576513864e+06
1.586674912066813657e-05,1.363481792529792944e-05,2.657942292317368782e+00,-6.655242573355734348e+06
1.586893975288139962e-05,1.364062453703736079e-05,2.643372073136978084e+00,-6.647062219530934468e+06
1.587113038509466268e-05,1.364639925037188298e-05,2.628819717089658781e+00,-6.638933884107939899e+06
1.587332101730792573e-05,1.365214210430839153e-05,2.614285110443386184e+00,-6.630857365388114005e+06
1.587551164952119218e-05,1.365785313760513545e-05,2.599768139906562858e+00,-6.622832462965849787e+06
1.587770228173445523e-05,1.366353238877264385e-05,2.585268692625195097e+00,-6.614858977725941688e+06
1.587989291394771829e-05,1.366917989607471874e-05,2.570786656180064522e+00,-6.606936711840919219e+06
1.588208354616098134e-05,1.367479569752935312e-05,2.556321918583913888e+00,-6.599065468768254854e+06
1.588427417837424440e-05,1.368037983090969498e-05,2.541874368278631557e+00,-6.591245053247505799e+06
1.588646481058750745e-05,1.368593233374497394e-05,2.527443894132460844e+00,-6.583475271297405474e+06
1.588865544280077051e-05,1.369145324332144140e-05,2.513030385437153402e+00,-6.575755930212825537e+06
1.589084607501403356e-05,1.369694259668328203e-05,2.498633731905247402e+00,-6.568086838561736047e+06
1.589303670722730000e-05,1.370240043063354206e-05,2.484253823667232464e+00,-6.560467806182040833e+06
1.589522733944056306e-05,1.370782678173504071e-05,2.469890551268789203e+00,-6.552898644178384915e+06
1.589741797165382611e-05,1.371322168631126804e-05,2.455543805668011004e+00,-6.545379164918867871e+06
1.589960860386708917e-05,1.371858518044730313e-05,2.441213478232644007e+00,-6.537909182031732053e+06
1.590179923608035222e-05,1.372391729999069162e-05,2.426899460737328873e+00,-6.530488510401967913e+06
1.590398986829361867e-05,1.372921808055234185e-05,2.412601645360851865e+00,-6.523116966167876497e+06
1.590618050050688172e-05,1.373448755750740580e-05,2.398319924683403048e+00,-6.515794366717574187e+06
1.590837113272014478e-05,1.373972576599614982e-05,2.384054191683854018e+00,-6.508520530685461126e+06
1.591056176493340783e-05,1.374493274092484570e-05,2.369804339736985010e+00,-6.501295277948605828e+06
1.591275239714667089e-05,1.375010851696660419e-05,2.355570262610835464e+00,-6.494118429623140953e+06
1.591494302935993394e-05,1.375525312856225587e-05,2.341351854463950222e+00,-6.486989808060565963e+06
1.591713366157319700e-05,1.376036660992119651e-05,2.327149009842684357e+00,-6.479909236844044179e+06
1.591932429378646344e-05,1.376544899502223071e-05,2.312961623678514211e+00,-6.472876540784619749e+06
1.592151492599972650e-05,1.377050031761442066e-05,2.298789591285347100e+00,-6.465891545917436481e+06
1.592370555821298955e-05,1.377552061121791446e-05,2.284632808356847899e+00,-6.458954079497920349e+06
1.592589619042625261e-05,1.378050990912477799e-05,2.270491170963766958e+00,-6.452063969997891225e+06
1.592808682263951566e-05,1.378546824439981139e-05,2.256364575551281337e+00,-6.445221047101685777e+06
1.593027745485277872e-05,1.379039564988137412e-05,2.242252918936353812e+00,-6.438425141702226363e+06
1.593246808706604177e-05,1.379529215818220484e-05,2.228156098305044797e+00,-6.431676085897061974e+06
1.593465871927930822e-05,1.380015780169020580e-05,2.214074011209945070e+00,-6.424973712984406389e+06
1.593684935149257127e-05,1.380499261256925427e-05,2.200006555567505018e+00,-6.418317857459126972e+06
1.593903998370583433e-05,1.380979662275999706e-05,2.185953629655429165e+00,-6.411708355008715764e+06
1.594123061591909738e-05,1.381456986398064170e-05,2.171915132110066704e+00,-6.405145042509243824e+06
1.594342124813236044e-05,1.381931236772773053e-05,2.157890961923814466e+00,-6.398627758021297865e+06
1.594561188034562688e-05,1.382402416527692853e-05,2.143881018442525210e+00,-6.392156340785895474e+06
1.594780251255888993e-05,1.382870528768378054e-05,2.129885201362924363e+00,-6.385730631220376119e+06
1.594999314477215299e-05,1.383335576578449897e-05,2.115903410730042289e+00,-6.379350470914290287e+06
1.595218377698541604e-05,1.383797563019670076e-05,2.101935546934646570e+00,-6.373015702625265345e+06
1.595437440919867910e-05,1.384256491132016629e-05,2.087981510710700928e+00,-6.366726170274870470e+06
1.595656504141194215e-05,1.384712363933761700e-05,2.074041203132773958e+00,-6.360481718944427557e+06
1.595875567362520521e-05,1.385165184421541159e-05,2.060114525613573555e+00,-6.354282194870892912e+06
1.596094630583846826e-05,1.385614955570432195e-05,2.046201379901369855e+00,-6.348127445442649536e+06
1.596313693805173471e-05,1.386061680334024803e-05,2.032301668077494128e+00,-6.342017319195326418e+06
1.596532757026499776e-05,1.386505361644494293e-05,2.018415292553826124e+00,-6.335951665807620622e+06
1.596751820247826082e-05,1.386946002412675317e-05,2.004542156070296066e+00,-6.329930336097092368e+06
1.596970883469152387e-05,1.387383605528130819e-05,1.990682161692395313e+00,-6.323953182015964761e+06
1.597189946690479032e-05,1.387818173859225051e-05,1.976835212808693232e+00,-6.318020056646923535e+06
1.597409009911805337e-05,1.388249710253193366e-05,1.963001213128368061e+00,-6.312130814198903739e+06
1.597628073133131304e-05,1.388678217536211675e-05,1.949180066678753320e+00,-6.306285310002902523e+06
1.597847136354457948e-05,1.389103698513467599e-05,1.935371677802839363e+00,-6.300483400507724844e+06
1.598066199575784254e-05,1.389526155969227216e-05,1.921575951156899276e+00,-6.294724943275828846e+06
1.598285262797110559e-05,1.389945592666904514e-05,1.907792791708006419e+00,-6.289009796979086474e+06
1.598504326018436865e-05,1.390362011349129327e-05,1.894022104731620582e+00,-6.283337821394590661e+06
1.598723389239763170e-05,1.390775414737814247e-05,1.880263795809172356e+00,-6.277708877400444821e+06
1.598942452461089815e-05,1.391185805534221713e-05,1.866517770825654399e+00,-6.272122826971568167e+06
1.599161515682416120e-05,1.391593186419029739e-05,1.852783935967224682e+00,-6.266579533175511286e+06
1.599380578903742426e-05,1.391997560052397980e-05,1.839062197718816183e+00,-6.261078860168252140e+06
1.599599642125068731e-05,1.392398929074033127e-05,1.825352462861757896e+00,-6.255620673190024681e+06
1.599818705346395037e-05,1.392797296103253449e-05,1.811654638471404510e+00,-6.250204838561145589e+06
1.600037768567721342e-05,1.393192663739051811e-05,1.797968631914785620e+00,-6.244831223677844740e+06
1.600256831789047648e-05,1.393585034560162255e-05,1.784294350848208532e+00,-6.239499697008091025e+06
1.600475895010374292e-05,1.393974411125119456e-05,1.770631703214981867e+00,-6.234210128087468445e+06
1.600694958231700597e-05,1.394360795972323778e-05,1.756980597243038345e+00,-6.228962387515022419e+06
1.600914021453026903e-05,1.394744191620102599e-05,1.743340941442617753e+00,-6.223756346949123777e+06
1.601133084674353208e-05,1.395124600566771973e-05,1.729712644603954352e+00,-6.218591879103369080e+06
1.601352147895679514e-05,1.395502025290697450e-05,1.716095615794966278e+00,-6.213468857742443681e+06
1.601571211117006158e-05,1.395876468250355227e-05,1.702489764358961599e+00,-6.208387157678057440e+06
1.601790274338332464e-05,1.396247931884391955e-05,1.688894999912344597e+00,-6.203346654764837585e+06
1.602009337559658769e-05,1.396616418611684026e-05,1.675311232342338696e+00,-6.198347225896269083e+06
1.602228400780985075e-05,1.396981930831396527e-05,1.661738371804725611e+00,-6.193388749000649899e+06
1.602447464002311380e-05,1.397344470923043551e-05,1.648176328721537409e+00,-6.188471103037011810e+06
1.602666527223637686e-05,1.397704041246543425e-05,1.634625013778871816e+00,-6.183594167991141789e+06
1.602885590444963991e-05,1.398060644142278675e-05,1.621084337924599383e+00,-6.178757824871532619e+06
1.603104653666290636e-05,1.398414281931151762e-05,1.607554212366142599e+00,-6.173961955705401488e+06
1.603323716887616941e-05,1.398764956914642346e-05,1.594034548568245890e+00,-6.169206443534710445e+06
1.603542780108943247e-05,1.399112671374863693e-05,1.580525258250758291e+00,-6.164491172412198968e+06
1.603761843330269552e-05,1.399457427574616888e-05,1.567026253386422985e+00,-6.159816027397431433e+06
1.603980906551595858e-05,1.399799227757447924e-05,1.553537446198675953e+00,-6.155180894552877173e+06
1.604199969772922502e-05,1.400138074147701065e-05,1.540058749159453511e+00,-6.150585660939990543e+06
1.604419032994248469e-05,1.400473968950573056e-05,1.526590074987019596e+00,-6.146030214615324512e+06
1.604638096215574774e-05,1.400806914352168352e-05,1.513131336643744884e+00,-6.141514444626643322e+06
1.604857159436901418e-05,1.401136912519549767e-05,1.499682447334007129e+00,-6.137038241009073332e+06
1.605076222658227724e-05,1.401463965600793532e-05,1.486243320501987153e+00,-6.132601494781261310e+06
1.605295285879554030e-05,1.401788075725040628e-05,1.472813869829530553e+00,-6.128204097941569053e+06
1.605514349100880335e-05,1.402109245002548620e-05,1.459394009234005196e+00,-6.123845943464253098e+06
1.605733412322206641e-05,1.402427475524743329e-05,1.445983652866166480e+00,-6.119526925295694731e+06
1.605952475543533285e-05,1.402742769364269485e-05,1.432582715108034588e+00,-6.115246938350647688e+06
1.606171538764859590e-05,1.403055128575040700e-05,1.419191110570774406e+00,-6.111005878508492373e+06
1.606390601986185896e-05,1.403364555192290798e-05,1.405808754092587876e+00,-6.106803642609525472e+06
1.606609665207512201e-05,1.403671051232621761e-05,1.392435560736623890e+00,-6.102640128451258875e+06
1.606828728428838507e-05,1.403974618694053867e-05,1.379071445788841332e+00,-6.098515234784738161e+06
1.607047791650164812e-05,1.404275259556073976e-05,1.365716324755990030e+00,-6.094428861310905777e+06
1.607266854871491118e-05,1.404572975779683131e-05,1.352370113363490445e+00,-6.090380908676959574e+06
1.607485918092817762e-05,1.404867769307444671e-05,1.339032727553374658e+00,-6.086371278472741134e+06
1.607704981314144068e-05,1.405159642063532341e-05,1.325704083482226681e+00,-6.082399873227163218e+06
1.607924044535470373e-05,1.405448595953774846e-05,1.312384097519127657e+00,-6.078466596404623240e+06
1.608143107756796679e-05,1.405734632865704641e-05,1.299072686243612607e+00,-6.074571352401484735e+06
1.608362170978122984e-05,1.406017754668602315e-05,1.285769766443630058e+00,-6.070714046542538330e+06
1.608581234199449629e-05,1.406297963213541991e-05,1.272475255113514558e+00,-6.066894585077521391e+06
1.608800297420775934e-05,1.406575260333437577e-05,1.259189069451961851e+00,-6.063112875177636743e+06
1.609019360642102240e-05,1.406849647843085453e-05,1.245911126860016038e+00,-6.059368824932102114e+06
1.609238423863428545e-05,1.407121127539210720e-05,1.232641344939061634e+00,-6.055662343344731256e+06
1.609457487084754851e-05,1.407389701200508708e-05,1.219379641488823163e+00,-6.051993340330530889e+06
1.609676550306081495e-05,1.407655370587689353e-05,1.206125934505373642e+00,-6.048361726712313481e+06
1.609895613527407800e-05,1.407918137443520914e-05,1.192880142179149283e+00,-6.044767414217350073e+06
1.610114676748733767e-05,1.408178003492869603e-05,1.179642182892992830e+00,-6.041210315474053845e+06
1.610333739970060073e-05,1.408434970442745165e-05,1.166411975220098096e+00,-6.037690344008627348e+06
1.610552803191386378e-05,1.408689039982338990e-05,1.153189437922174765e+00,-6.034207414241844788e+06
1.610771866412713022e-05,1.408940213783066802e-05,1.139974489947407355e+00,-6.030761441485745832e+06
1.610990929634039328e-05,1.409188493498609490e-05,1.126767050428526540e+00,-6.027352341940424405e+06
1.611209992855365633e-05,1.409433880764952747e-05,1.113567038680868926e+00,-6.023980032690810040e+06
1.611429056076691939e-05,1.409676377200426878e-05,1.100374374200440375e+00,-6.020644431703500450e+06
1.611648119298018245e-05,1.409915984405746786e-05,1.087188976661989770e+00,-6.017345457823580131e+06
1.611867182519344889e-05,1.410152703964050084e-05,1.074010765917086330e+00,-6.014083030771506019e+06
1.612086245740671194e-05,1.410386537440936059e-05,1.060839661992207139e+00,-6.010857071139987558e+06
1.612305308961997500e-05,1.410617486384503958e-05,1.047675585086827788e+00,-6.007667500390912406e+06
1.612524372183323805e-05,1.410845552325389921e-05,1.034518455571524109e+00,-6.004514240852269344e+06
1.612743435404650450e-05,1.411070736776805263e-05,1.021368193986075701e+00,-6.001397215715135448e+06
1.612962498625976755e-05,1.411293041234572730e-05,1.008224721037580540e+00,-5.998316349030654877e+06
1.613181561847303061e-05,1.411512467177163091e-05,9.950879575985724923e-01,-5.995271565707068890e+06
1.613400625068629366e-05,1.411729016065731050e-05,9.819578247051484743e-01,-5.992262791506735608e+06
1.613619688289955672e-05,1.411942689344151159e-05,9.688342435550992837e-01,-5.989289953043216839e+06
1.613838751511282316e-05,1.412153488439052384e-05,9.557171355060493090e-01,-5.986352977778364904e+06
1.614057814732608622e-05,1.412361414759854179e-05,9.426064220736004584e-01,-5.983451794019436464e+06
1.614276877953934927e-05,1.412566469698799021e-05,9.295020249294838610e-01,-5.980586330916246399e+06
1.614495941175261233e-05,1.412768654630988485e-05,9.164038658997167852e-01,-5.977756518458322622e+06
1.614715004396587199e-05,1.412967970914414763e-05,9.033118669627883124e-01,-5.974962287472122349e+06
1.614934067617913844e-05,1.413164419889996569e-05,8.902259502477427588e-01,-5.972203569618216716e+06
1.615153130839240149e-05,1.413358002881608793e-05,8.771460380324841433e-01,-5.969480297388571315e+06
1.615372194060566455e-05,1.413548721196116714e-05,8.640720527418721542e-01,-5.966792404103810899e+06
1.615591257281892760e-05,1.413736576123408025e-05,8.510039169459311381e-01,-5.964139823910492472e+06
1.615810320503219066e-05,1.413921568936424336e-05,8.379415533580441000e-01,-5.961522491778457537e+06
1.616029383724545710e-05,1.414103700891191165e-05,8.248848848331520323e-01,-5.958940343498164788e+06
1.616248446945872015e-05,1.414282973226850627e-05,8.118338343659587952e-01,-5.956393315678053536e+06
1.616467510167198321e-05,1.414459387165690408e-05,7.987883250891421039e-01,-5.953881345741972327e+06
1.616686573388524626e-05,1.414632943913174766e-05,7.857482802715703984e-01,-5.951404371926571243e+06
1.616905636609850932e-05,1.414803644657973325e-05,7.727136233165250445e-01,-5.948962333278767765e+06
1.617124699831177576e-05,1.414971490571991404e-05,7.596842777599277508e-01,-5.946555169653228484e+06
1.617343763052503882e-05,1.415136482810397461e-05,7.466601672685745372e-01,-5.944182821709854528e+06
1.617562826273830187e-05,1.415298622511652565e-05,7.336412156383732563e-01,-5.941845230911310762e+06
1.617781889495156493e-05,1.415457910797538522e-05,7.206273467925895515e-01,-5.939542339520590380e+06
1.618000952716482798e-05,1.415614348773184977e-05,7.076184847800943700e-01,-5.937274090598583221e+06
1.618220015937809443e-05,1.415767937527097540e-05,6.946145537736198028e-01,-5.935040428001669236e+06
1.618439079159135748e-05,1.415918678131183699e-05,6.816154780680189207e-01,-5.932841296379369684e+06
1.618658142380462054e-05,1.416066571640780438e-05,6.686211820785303850e-01,-5.930676641171975061e+06
1.618877205601788359e-05,1.416211619094679307e-05,6.556315903390496080e-01,-5.928546408608236350e+06
1.619096268823114665e-05,1.416353821515153359e-05,6.426466275004031337e-01,-5.926450545703074895e+06
1.619315332044440970e-05,1.416493179907981882e-05,6.296662183286506620e-01,-5.924389000255301595e+06
1.619534395265767276e-05,1.416629695262476151e-05,6.166902877032850450e-01,-5.922361720845362172e+06
1.619753458487093581e-05,1.416763368551502462e-05,6.037187606156505515e-01,-5.920368656833145767e+06
1.619972521708419887e-05,1.416894200731508906e-05,5.907515621671517447e-01,-5.918409758355761878e+06
1.620191584929746192e-05,1.417022192742546709e-05,5.777886175675756020e-01,-5.916484976325381547e+06
1.620410648151072837e-05,1.417147345508295981e-05,5.648298521333953159e-01,-5.914594262427091599e+06
1.620629711372399142e-05,1.417269659936087066e-05,5.518751912860798692e-01,-5.912737569116767496e+06
1.620848774593725448e-05,1.417389136916925272e-05,5.389245605504073833e-01,-5.910914849618986249e+06
1.621067837815051753e-05,1.417505777325511367e-05,5.259778855527832420e-01,-5.909126057924958877e+06
1.621286901036378059e-05,1.417619582020264965e-05,5.130350920195638764e-01,-5.907371148790462874e+06
1.621505964257704703e-05,1.417730551843346031e-05,5.000961057753834371e-01,-5.905650077733846381e+06
1.621725027479031008e-05,1.417838687620675555e-05,4.871608527414856282e-01,-5.903962801034018397e+06
1.621944090700357314e-05,1.417943990161957912e-05,4.742292589340595943e-01,-5.902309275728474371e+06
1.622163153921683619e-05,1.418046460260699157e-05,4.613012504625804144e-01,-5.900689459611357190e+06
1.622382217143009925e-05,1.418146098694230067e-05,4.483767535281537597e-01,-5.899103311231530271e+06
1.622601280364336569e-05,1.418242906223724431e-05,4.354556944218644920e-01,-5.897550789890675806e+06
1.622820343585662875e-05,1.418336883594218031e-05,4.225379995231297037e-01,-5.896031855641425587e+06
1.623039406806989180e-05,1.418428031534629305e-05,4.096235952980556427e-01,-5.894546469285505824e+06
1.623258470028315486e-05,1.418516350757777474e-05,3.967124082977989130e-01,-5.893094592371916398e+06
1.623477533249642130e-05,1.418601841960400840e-05,3.838043651569311709e-01,-5.891676187195125967e+06
1.623696596470968436e-05,1.418684505823174909e-05,3.708993925918080414e-01,-5.890291216793292202e+06
1.623915659692294402e-05,1.418764343010730352e-05,3.579974173989627362e-01,-5.888939644946510904e+06
1.624134722913620708e-05,1.418841354171670111e-05,3.450983664533991968e-01,-5.887621436175085604e+06
1.624353786134947013e-05,1.418915539938587192e-05,3.322021667070981787e-01,-5.886336555737823248e+06
1.624572849356273658e-05,1.418986900928079904e-05,3.193087451873171112e-01,-5.885084969630345702e+06
1.624791912577599963e-05,1.419055437740769656e-05,3.064180289949991476e-01,-5.883866644583440386e+06
1.625010975798926269e-05,1.419121150961316027e-05,2.935299453031640082e-01,-5.882681548061416484e+06
1.625230039020252574e-05,1.419184041158432522e-05,2.806444213553034861e-01,-5.881529648260491900e+06
1.625449102241578880e-05,1.419244108884901990e-05,2.677613844637793394e-01,-5.880410914107217453e+06
1.625668165462905524e-05,1.419301354677592041e-05,2.548807620082254033e-01,-5.879325315256896429e+06
1.625887228684231830e-05,1.419355779057467916e-05,2.420024814339525043e-01,-5.878272822092055343e+06
1.626106291905558135e-05,1.419407382529608926e-05,2.291264702503577055e-01,-5.877253405720915645e+06
1.626325355126884441e-05,1.419456165583220642e-05,2.162526560293357991e-01,-5.876267037975902669e+06
1.626544418348210746e-05,1.419502128691649300e-05,2.033809664036942411e-01,-5.875313691412171349e+06
1.626763481569537390e-05,1.419545272312394506e-05,1.905113290655719438e-01,-5.874393339306158945e+06
1.626982544790863696e-05,1.419585596887122108e-05,1.776436717648604557e-01,-5.873505955654152669e+06
1.627201608012190001e-05,1.419623102841677412e-05,1.647779223076288602e-01,-5.872651515170890838e+06
1.627420671233516307e-05,1.419657790586095515e-05,1.519140085545511720e-01,-5.871829993288173340e+06
1.627639734454842612e-05,1.419689660514615537e-05,1.390518584193371765e-01,-5.871041366153512150e+06
1.627858797676169257e-05,1.419718713005690272e-05,1.261913998671659876e-01,-5.870285610628786497e+06
1.628077860897495562e-05,1.419744948421997376e-05,1.133325609131226319e-01,-5.869562704288925044e+06
1.628296924118821868e-05,1.419768367110451559e-05,1.004752696206373114e-01,-5.868872625420623459e+06
1.628515987340147834e-05,1.419788969402213057e-05,8.761945409994860434e-02,-5.868215353021063842e+06
1.628735050561474140e-05,1.419806755612699830e-05,7.476504250646463789e-02,-5.867590866796669550e+06
1.628954113782800784e-05,1.419821726041594506e-05,6.191196303933643036e-02,-5.866999147161877714e+06
1.629173177004127090e-05,1.419833880972857087e-05,4.906014393982436467e-02,-5.866440175237934105e+06
1.629392240225453395e-05,1.419843220674731220e-05,3.620951348977214518e-02,-5.865913932851712219e+06
1.629611303446779701e-05,1.419849745399754865e-05,2.336000001006228316e-02,-5.865420402534542605e+06
1.629830366668106006e-05,1.419853455384766903e-05,1.051153185907422426e-02,-5.864959567521074787e+06
1.630049429889432651e-05,1.419854350850917305e-05,-2.335962568855271503e-03,-5.864531411748163402e+06
1.630268493110758956e-05,1.419852432003672545e-05,-1.518255484496909904e-02,-5.864135919853765517e+06
1.630487556332085262e-05,1.419847699032824925e-05,-2.802831650762440882e-02,-5.863773077175854705e+06
1.630706619553411567e-05,1.419840152112498330e-05,-4.087331906382508928e-02,-5.863442869751385413e+06
1.630925682774737873e-05,1.419829791401155345e-05,-5.371763399075177997e-02,-5.863145284315234050e+06
1.631144745996064517e-05,1.419816617041604370e-05,-6.656133273728970234e-02,-5.862880308299187571e+06
1.631363809217390822e-05,1.419800629161003853e-05,-7.940448672555418252e-02,-5.862647929830968380e+06
1.631582872438717128e-05,1.419781827870869749e-05,-9.224716735241404730e-02,-5.862448137733235955e+06
1.631801935660043433e-05,1.419760213267080428e-05,-1.050894459910130391e-01,-5.862280921522641554e+06
1.632020998881369739e-05,1.419735785429880740e-05,-1.179313939922890103e-01,-5.862146271408898756e+06
1.632240062102696383e-05,1.419708544423888290e-05,-1.307730826864911267e-01,-5.862044178293859586e+06
1.632459125324022689e-05,1.419678490298096309e-05,-1.436145833846951547e-01,-5.861974633770629764e+06
1.632678188545348994e-05,1.419645623085878573e-05,-1.564559673803168072e-01,-5.861937630122692324e+06
1.632897251766674961e-05,1.419609942804993128e-05,-1.692973059506023004e-01,-5.861933160323043354e+06
1.633116314988001267e-05,1.419571449457585169e-05,-1.821386703582214550e-01,-5.861961218033367768e+06
1.633335378209327911e-05,1.419530143030190262e-05,-1.949801318526500071e-01,-5.862021797603221610e+06
1.633554441430654216e-05,1.419486023493737387e-05,-2.078217616717592253e-01,-5.862114894069224596e+06
1.633773504651980522e-05,1.419439090803550640e-05,-2.206636310432993076e-01,-5.862240503154297359e+06
1.633992567873306827e-05,1.419389344899352614e-05,-2.335058111864020403e-01,-5.862398621266891249e+06
1.634211631094633133e-05,1.419336785705264066e-05,-2.463483733130815145e-01,-5.862589245500254445e+06
1.634430694315959777e-05,1.419281413129807131e-05,-2.591913886297337322e-01,-5.862812373631710187e+06
1.634649757537286083e-05,1.419223227065905834e-05,-2.720349283386342409e-01,-5.863068004121941514e+06
1.634868820758612388e-05,1.419162227390886085e-05,-2.848790636394342712e-01,-5.863356136114325374e+06
1.635087883979938694e-05,1.419098413966477381e-05,-2.977238657306556791e-01,-5.863676769434251823e+06
1.635306947201265338e-05,1.419031786638811951e-05,-3.105694058111843070e-01,-5.864029904588479549e+06
1.635526010422591644e-05,1.418962345238424761e-05,-3.234157550817617910e-01,-5.864415542764510028e+06
1.635745073643917949e-05,1.418890089580252832e-05,-3.362629847464762567e-01,-5.864833685829964466e+06
1.635964136865244255e-05,1.418815019463634908e-05,-3.491111660142514617e-01,-5.865284336331993341e+06
1.636183200086570560e-05,1.418737134672309416e-05,-3.619603701003349938e-01,-5.865767497496696189e+06
1.636402263307897204e-05,1.418656434974413454e-05,-3.748106682277845270e-01,-5.866283173228564672e+06
1.636621326529223510e-05,1.418572920122480924e-05,-3.876621316289537433e-01,-5.866831368109934032e+06
1.636840389750549815e-05,1.418486589853439826e-05,-4.005148315469764797e-01,-5.867412087400455959e+06
1.637059452971876121e-05,1.418397443888610730e-05,-4.133688392372499854e-01,-5.868025337036585435e+06
1.637278516193202426e-05,1.418305481933702372e-05,-4.262242259689169033e-01,-5.868671123631094582e+06
1.637497579414528732e-05,1.418210703678810468e-05,-4.390810630263254355e-01,-5.869349454472579993e+06
1.637716642635855037e-05,1.418113108798411957e-05,-4.519394217105929812e-01,-5.870060337525025010e+06
1.637935705857181343e-05,1.418012696951363303e-05,-4.647993733409597761e-01,-5.870803781427318230e+06
1.638154769078507648e-05,1.417909467780894905e-05,-4.776609892563502546e-01,-5.871579795492861420e+06
1.638373832299833954e-05,1.417803420914607712e-05,-4.905243408168298291e-01,-5.872388389709121548e+06
1.638592895521160598e-05,1.417694555964467290e-05,-5.033894994050804872e-01,-5.873229574737259187e+06
1.638811958742486904e-05,1.417582872526799253e-05,-5.162565364278765001e-01,-5.874103361911716871e+06
1.639031021963813209e-05,1.417468370182284683e-05,-5.291255233175589101e-01,-5.875009763239880092e+06
1.639250085185139515e-05,1.417351048495952001e-05,-5.419965315335092404e-01,-5.875948791401686147e+06
1.639469148406465820e-05,1.417230907017174091e-05,-5.548696325636224280e-01,-5.876920459749323316e+06
1.639688211627792465e-05,1.417107945279659144e-05,-5.677448979257792017e-01,-5.877924782306872308e+06
1.639907274849118770e-05,1.416982162801445245e-05,-5.806223991693174602e-01,-5.878961773770015687e+06
1.640126338070445076e-05,1.416853559084893252e-05,-5.935022078765032072e-01,-5.880031449505724013e+06
1.640345401291771381e-05,1.416722133616679007e-05,-6.063843956640012633e-01,-5.881133825551985763e+06
1.640564464513097687e-05,1.416587885867785711e-05,-6.192690341843442026e-01,-5.882268918617527001e+06
1.640783527734424331e-05,1.416450815293496810e-05,-6.321561951274017321e-01,-5.883436746081559919e+06
1.641002590955750637e-05,1.416310921333386168e-05,-6.450459502218489627e-01,-5.884637325993534178e+06
1.641221654177076942e-05,1.416168203411310275e-05,-6.579383712366350112e-01,-5.885870677072905004e+06
1.641440717398403248e-05,1.416022660935399607e-05,-6.708335299824501607e-01,-5.887136818708913401e+06
1.641659780619729553e-05,1.415874293298048124e-05,-6.837314983131923540e-01,-5.888435770960380323e+06
1.641878843841056197e-05,1.415723099875905138e-05,-6.966323481274345752e-01,-5.889767554555524141e+06
1.642097907062382164e-05,1.415569080029863960e-05,-7.095361513698696942e-01,-5.891132190891740844e+06
1.642316970283708470e-05,1.415412233105052757e-05,-7.224429800328600049e-01,-5.892529702035482042e+06
1.642536033505034775e-05,1.415252558430823029e-05,-7.353529061577772641e-01,-5.893960110722051002e+06
1.642755096726361081e-05,1.415090055320739443e-05,-7.482660018365511201e-01,-5.895423440355482511e+06
1.642974159947687725e-05,1.414924723072568150e-05,-7.611823392131137345e-01,-5.896919715008379892e+06
1.643193223169014030e-05,1.414756560968265937e-05,-7.741019904848629452e-01,-5.898448959421806969e+06
1.643412286390340336e-05,1.414585568273966678e-05,-7.870250279041276498e-01,-5.900011199005158618e+06
1.643631349611666641e-05,1.414411744239971335e-05,-7.999515237796313016e-01,-5.901606459836058319e+06
1.643850412832992947e-05,1.414235088100734073e-05,-8.128815504779555168e-01,-5.903234768660252914e+06
1.644069476054319591e-05,1.414055599074849379e-05,-8.258151804250036809e-01,-5.904896152891528793e+06
1.644288539275645897e-05,1.413873276365039869e-05,-8.387524861074648896e-01,-5.906590640611625277e+06
1.644507602496972202e-05,1.413688119158141546e-05,-8.516935400742756679e-01,-5.908318260570170358e+06
1.644726665718298508e-05,1.413500126625090928e-05,-8.646384149380846873e-01,-5.910079042184608057e+06
1.644945728939625152e-05,1.413309297920910818e-05,-8.775871833767144858e-01,-5.911873015540153719e+06
1.645164792160951458e-05,1.413115632184695731e-05,-8.905399181346246307e-01,-5.913700211389735341e+06
1.645383855382277763e-05,1.412919128539596653e-05,-9.034966920243741040e-01,-5.915560661153964698e+06
1.645602918603604069e-05,1.412719786092806975e-05,-9.164575779280844658e-01,-5.917454396921087056e+06
1.645821981824930374e-05,1.412517603935546404e-05,-9.294226487989024621e-01,-5.919381451446980238e+06
1.646041045046257018e-05,1.412312581143044866e-05,-9.423919776624612998e-01,-5.921341858155104332e+06
1.646260108267583324e-05,1.412104716774527600e-05,-9.553656376183446985e-01,-5.923335651136510074e+06
1.646479171488909629e-05,1.411894009873198387e-05,-9.683437018415478326e-01,-5.925362865149827674e+06
1.646698234710235596e-05,1.411680459466221928e-05,-9.813262435839200659e-01,-5.927423535621246323e+06
1.646917297931561902e-05,1.411464064564707757e-05,-9.943133361757107158e-01,-5.929517698644545861e+06
1.647136361152888546e-05,1.411244824163692955e-05,-1.007305053026904984e+00,-5.931645390981076285e+06
1.647355424374214852e-05,1.411022737242124367e-05,-1.020301467628771386e+00,-5.933806650059772655e+06
1.647574487595541157e-05,1.410797802762840473e-05,-1.033302653555302042e+00,-5.936001513977188617e+06
1.647793550816867463e-05,1.410570019672552922e-05,-1.046308684464676952e+00,-5.938230021497487091e+06
1.648012614038193768e-05,1.410339386901828748e-05,-1.059319634100724272e+00,-5.940492212052482180e+06
1.648231677259520412e-05,1.410105903365070375e-05,-1.072335576294384474e+00,-5.942788125741655938e+06
1.648450740480846718e-05,1.409869567960497497e-05,-1.085356584965173177e+00,-5.945117803332176059e+06
1.648669803702173023e-05,1.409630379570126232e-05,-1.098382734122642423e+00,-5.947481286258934066e+06
1.648888866923499329e-05,1.409388337059750497e-05,-1.111414097867844397e+00,-5.949878616624563932e+06
1.649107930144825634e-05,1.409143439278920994e-05,-1.124450750394794474e+00,-5.952309837199483067e+06
1.649326993366152279e-05,1.408895685060924717e-05,-1.137492765991933608e+00,-5.954774991421905346e+06
1.649546056587478584e-05,1.408645073222765296e-05,-1.150540219043590939e+00,-5.957274123397889547e+06
1.649765119808804890e-05,1.408391602565139116e-05,-1.163593184031448180e+00,-5.959807277901346795e+06
1.649984183030131195e-05,1.408135271872417356e-05,-1.176651735536000887e+00,-5.962374500374094583e+06
1.650203246251457501e-05,1.407876079912620917e-05,-1.189715948238022847e+00,-5.964975836925848387e+06
1.650422309472784145e-05,1.407614025437401281e-05,-1.202785896920028463e+00,-5.967611334334281273e+06
1.650641372694110451e-05,1.407349107182015101e-05,-1.215861656467737362e+00,-5.970281040045016445e+06
1.650860435915436756e-05,1.407081323865303866e-05,-1.228943301871536109e+00,-5.972985002171671018e+06
1.651079499136763062e-05,1.406810674189669515e-05,-1.242030908227941932e+00,-5.975723269495842978e+06
1.651298562358089028e-05,1.406537156841051222e-05,-1.255124550741045564e+00,-5.978495891467140056e+06
1.651517625579415673e-05,1.406260770488901681e-05,-1.268224304724058893e+00,-5.981302918203189969e+06
1.651736688800741978e-05,1.405981513786163390e-05,-1.281330245600651230e+00,-5.984144400489619933e+06
1.651955752022068284e-05,1.405699385369244254e-05,-1.294442448906496734e+00,-5.987020389780060388e+06
1.652174815243394589e-05,1.405414383857992347e-05,-1.307560990290717928e+00,-5.989930938196143135e+06
1.652393878464720895e-05,1.405126507855671346e-05,-1.320685945517347637e+00,-5.992876098527466878e+06
1.652612941686047539e-05,1.404835755948935119e-05,-1.333817390466794039e+00,-5.995855924231574871e+06
1.652832004907373844e-05,1.404542126707802146e-05,-1.346955401137301944e+00,-5.998870469433926046e+06
1.653051068128700150e-05,1.404245618685629092e-05,-1.360100053646416285e+00,-6.001919788927837275e+06
1.653270131350026456e-05,1.403946230419085225e-05,-1.373251424232446061e+00,-6.005003938174443319e+06
1.653489194571352761e-05,1.403643960428125313e-05,-1.386409589255926722e+00,-6.008122973302615806e+06
1.653708257792679405e-05,1.403338807215963025e-05,-1.399574625201082112e+00,-6.011276951108904555e+06
1.653927321014005711e-05,1.403030769269043318e-05,-1.412746608677288407e+00,-6.014465929057441652e+06
1.654146384235332016e-05,1.402719845057014319e-05,-1.425925616420535169e+00,-6.017689965279835276e+06
1.654365447456658322e-05,1.402406033032701401e-05,-1.439111725294888178e+00,-6.020949118575069122e+06
1.654584510677984627e-05,1.402089331632076861e-05,-1.452305012293950703e+00,-6.024243448409366421e+06
1.654803573899311272e-05,1.401769739274232646e-05,-1.465505554542325894e+00,-6.027573014916051179e+06
1.655022637120637577e-05,1.401447254361350370e-05,-1.478713429297076942e+00,-6.030937878895396367e+06
1.655241700341963883e-05,1.401121875278673526e-05,-1.491928713949188801e+00,-6.034338101814436726e+06
1.655460763563290188e-05,1.400793600394476828e-05,-1.505151486025027907e+00,-6.037773745806793682e+06
1.655679826784616155e-05,1.400462428060038088e-05,-1.518381823187781254e+00,-6.041244873672449961e+06
1.655898890005942799e-05,1.400128356609603997e-05,-1.531619803239001820e+00,-6.044751548877554946e+06
1.656117953227269105e-05,1.399791384360365389e-05,-1.544865504119938171e+00,-6.048293835554134101e+06
1.656337016448595410e-05,1.399451509612422345e-05,-1.558119003913079448e+00,-6.051871798499855213e+06
1.656556079669921716e-05,1.399108730648754717e-05,-1.571380380843591329e+00,-6.055485503177724779e+06
1.656775142891248360e-05,1.398763045735189769e-05,-1.584649713280773087e+00,-6.059135015715780668e+06
1.656994206112574666e-05,1.398414453120371687e-05,-1.597927079739514866e+00,-6.062820402906771749e+06
1.657213269333900971e-05,1.398062951035728372e-05,-1.611212558881752299e+00,-6.066541732207770459e+06
1.657432332555227277e-05,1.397708537695439932e-05,-1.624506229517922673e+00,-6.070299071739825420e+06
1.657651395776553582e-05,1.397351211296405311e-05,-1.637808170608417546e+00,-6.074092490287524648e+06
1.657870458997880226e-05,1.396990970018209758e-05,-1.651118461265036919e+00,-6.077922057298576459e+06
1.658089522219206532e-05,1.396627812023091118e-05,-1.664437180752441847e+00,-6.081787842883335426e+06
1.658308585440532837e-05,1.396261735455906631e-05,-1.677764408489603287e+00,-6.085689917814319022e+06
1.658527648661859143e-05,1.395892738444098537e-05,-1.691100224051254708e+00,-6.089628353525673971e+06
1.658746711883185448e-05,1.395520819097659858e-05,-1.704444707169339601e+00,-6.093603222112629563e+06
1.658965775104512093e-05,1.395145975509100520e-05,-1.717797937734458324e+00,-6.097614596330915578e+06
1.659184838325838398e-05,1.394768205753411094e-05,-1.731159995797316498e+00,-6.101662549596122466e+06
1.659403901547164704e-05,1.394387507888028919e-05,-1.744530961570166516e+00,-6.105747155983066186e+06
1.659622964768491009e-05,1.394003879952801511e-05,-1.757910915428254839e+00,-6.109868490225088783e+06
1.659842027989817315e-05,1.393617319969951660e-05,-1.771299937911260836e+00,-6.114026627713331953e+06
1.660061091211143959e-05,1.393227825944039997e-05,-1.784698109724737858e+00,-6.118221644495964050e+06
1.660280154432469926e-05,1.392835395861930430e-05,-1.798105511741530771e+00,-6.122453617277380079e+06
1.660499217653796231e-05,1.392440027692750339e-05,-1.811522225003298292e+00,-6.126722623417370021e+06
1.660718280875122537e-05,1.392041719387856519e-05,-1.824948330721817724e+00,-6.131028740930200554e+06
1.660937344096448842e-05,1.391640468880796560e-05,-1.838383910280504629e+00,-6.135372048483692110e+06
1.661156407317775487e-05,1.391236274087270221e-05,-1.851829045235822369e+00,-6.139752625398244709e+06
1.661375470539101792e-05,1.390829132905093176e-05,-1.865283817318709181e+00,-6.144170551645826548e+06
1.661594533760428098e-05,1.390419043214156866e-05,-1.878748308436005932e+00,-6.148625907848874107e+06
1.661813596981754403e-05,1.390006002876390383e-05,-1.892222600671877863e+00,-6.153118775279193185e+06
1.662032660203080709e-05,1.389590009735722688e-05,-1.905706776289239013e+00,-6.157649235856774263e+06
1.662251723424407353e-05,1.389171061618040943e-05,-1.919200917731167078e+00,-6.162217372148579918e+06
1.662470786645733659e-05,1.388749156331153069e-05,-1.932705107622321616e+00,-6.166823267367254011e+06
1.662689849867059964e-05,1.388324291664746748e-05,-1.946219428770356918e+00,-6.171467005369794555e+06
1.662908913088386270e-05,1.387896465390349279e-05,-1.959743964167330876e+00,-6.176148670656164177e+06
1.663127976309712575e-05,1.387465675261287253e-05,-1.973278796991113415e+00,-6.180868348367833532e+06
1.663347039531039219e-05,1.387031919012645391e-05,-1.986824010606788704e+00,-6.185626124286279082e+06
1.663566102752365525e-05,1.386595194361225717e-05,-2.000379688568056924e+00,-6.190422084831413813e+06
1.663785165973691830e-05,1.386155499005505881e-05,-2.013945914618629818e+00,-6.195256317059935071e+06
1.664004229195018136e-05,1.385712830625597319e-05,-2.027522772693623576e+00,-6.200128908663632348e+06
1.664223292416344441e-05,1.385267186883203746e-05,-2.041110346920950835e+00,-6.205039947967630811e+06
1.664442355637671086e-05,1.384818565421577622e-05,-2.054708721622701795e+00,-6.209989523928521201e+06
1.664661418858997391e-05,1.384366963865478134e-05,-2.068317981316529774e+00,-6.214977726132478565e+06
1.664880482080323358e-05,1.383912379821130033e-05,-2.081938210717002136e+00,-6.220004644793260843e+06
1.665099545301649663e-05,1.383454810876175015e-05,-2.095569494737064886e+00,-6.225070370750171132e+06
1.665318608522975969e-05,1.382994254599634621e-05,-2.109211918489276361e+00,-6.230174995465884916e+06
1.665537671744302613e-05,1.382530708541862293e-05,-2.122865567287258060e+00,-6.235318611024259590e+06
1.665756734965628919e-05,1.382064170234500176e-05,-2.136530526647031358e+00,-6.240501310128031299e+06
1.665975798186955224e-05,1.381594637190435242e-05,-2.150206882288372423e+00,-6.245723186096434481e+06
1.666194861408281530e-05,1.381122106903753212e-05,-2.163894720136156913e+00,-6.250984332862722687e+06
1.666413924629607835e-05,1.380646576849694850e-05,-2.177594126321705570e+00,-6.256284844971628860e+06
1.666632987850934480e-05,1.380168044484609711e-05,-2.191305187184117820e+00,-6.261624817576698959e+06
1.666852051072260785e-05,1.379686507245911084e-05,-2.205027989271604483e+00,-6.267004346437566914e+06
1.667071114293587091e-05,1.379201962552029060e-05,-2.218762619342811604e+00,-6.272423527917108499e+06
1.667290177514913396e-05,1.378714407802365309e-05,-2.232509164368138510e+00,-6.277882458978505805e+06
1.667509240736240041e-05,1.378223840377246315e-05,-2.246267711531051425e+00,-6.283381237182219513e+06
1.667728303957566346e-05,1.377730257637876119e-05,-2.260038348229385985e+00,-6.288919960682849400e+06
1.667947367178892652e-05,1.377233656926289894e-05,-2.273821162076645752e+00,-6.294498728225878440e+06
1.668166430400218957e-05,1.376734035565305674e-05,-2.287616240903294074e+00,-6.300117639144332148e+06
1.668385493621545263e-05,1.376231390858477247e-05,-2.301423672758037497e+00,-6.305776793355314992e+06
1.668604556842871907e-05,1.375725720090046902e-05,-2.315243545909098977e+00,-6.311476291356414557e+06
1.668823620064198212e-05,1.375217020524895615e-05,-2.329075948845489297e+00,-6.317216234222021885e+06
1.669042683285524518e-05,1.374705289408495621e-05,-2.342920970278262960e+00,-6.322996723599513061e+06
1.669261746506850823e-05,1.374190523966861450e-05,-2.356778699141770073e+00,-6.328817861705303192e+06
1.669480809728176790e-05,1.373672721406501481e-05,-2.370649224594878035e+00,-6.334679751320776530e+06
1.669699872949503434e-05,1.373151878914365935e-05,-2.384532636022291374e+00,-6.340582495788129047e+06
1.669918936170829740e-05,1.372627993657801130e-05,-2.398429023035643315e+00,-6.346526199005982839e+06
1.670137999392156045e-05,1.372101062784497308e-05,-2.412338475474798294e+00,-6.352510965424960479e+06
1.670357062613482351e-05,1.371571083422439168e-05,-2.426261083409033681e+00,-6.358536900043069385e+06
1.670576125834808656e-05,1.371038052679854871e-05,-2.440196937138234379e+00,-6.364604108400969766e+06
1.670795189056135301e-05,1.370501967645166241e-05,-2.454146127194076321e+00,-6.370712696577066556e+06
1.671014252277461606e-05,1.369962825386937258e-05,-2.468108744341197980e+00,-6.376862771182475612e+06
1.671233315498787912e-05,1.369420622953822903e-05,-2.482084879578362990e+00,-6.383054439355828799e+06
1.671452378720114217e-05,1.368875357374518672e-05,-2.496074624139608567e+00,-6.389287808757925406e+06
1.671671441941440523e-05,1.368327025657706875e-05,-2.510078069495385034e+00,-6.395562987566204742e+06
1.671890505162767167e-05,1.367775624792007169e-05,-2.524095307353679374e+00,-6.401880084469087422e+06
1.672109568384093473e-05,1.367221151745922685e-05,-2.538126429661129002e+00,-6.408239208660118282e+06
1.672328631605419778e-05,1.366663603467788195e-05,-2.552171528604123996e+00,-6.414640469831940718e+06
1.672547694826746084e-05,1.366102976885718097e-05,-2.566230696609890227e+00,-6.421083978170110844e+06
1.672766758048072389e-05,1.365539268907551871e-05,-2.580304026347563173e+00,-6.427569844346713275e+06
1.672985821269399033e-05,1.364972476420802916e-05,-2.594391610729248399e+00,-6.434098179513788782e+06
1.673204884490725339e-05,1.364402596292604004e-05,-2.608493542911063834e+00,-6.440669095296594314e+06
1.673423947712051644e-05,1.363829625369653234e-05,-2.622609916294168730e+00,-6.447282703786644153e+06
1.673643010933377950e-05,1.363253560478162539e-05,-2.636740824525778404e+00,-6.453939117534557357e+06
1.673862074154704256e-05,1.362674398423800589e-05,-2.650886361500161659e+00,-6.460638449542707764e+06
1.674081137376030561e-05,1.362092135991642313e-05,-2.665046621359596912e+00,-6.467380813257658854e+06
1.674300200597356867e-05,1.361506769946108929e-05,-2.679221698495433124e+00,-6.474166322562405840e+06
1.674519263818683172e-05,1.360918297030918982e-05,-2.693411687548896261e+00,-6.480995091768344864e+06
1.674738327040009478e-05,1.360326713969030747e-05,-2.707616683412109815e+00,-6.487867235607068054e+06
1.674957390261335783e-05,1.359732017462588021e-05,-2.721836781228986091e+00,-6.494782869221923873e+06
1.675176453482662427e-05,1.359134204192863540e-05,-2.736072076396117048e+00,-6.501742108159317635e+06
1.675395516703988733e-05,1.358533270820204429e-05,-2.750322664563647379e+00,-6.508745068359785713e+06
1.675614579925315038e-05,1.357929213983977315e-05,-2.764588641636127164e+00,-6.515791866148833185e+06
1.675833643146641344e-05,1.357322030302510730e-05,-2.778870103773347644e+00,-6.522882618227493018e+06
1.676052706367967649e-05,1.356711716373041068e-05,-2.793167147391150795e+00,-6.530017441662668251e+06
1.676271769589294294e-05,1.356098268771654819e-05,-2.807479869162220698e+00,-6.537196453877147287e+06
1.676490832810620599e-05,1.355481684053233004e-05,-2.821808366016853586e+00,-6.544419772639428265e+06
1.676709896031946905e-05,1.354861958751394251e-05,-2.836152735143698589e+00,-6.551687516053190455e+06
1.676928959253273210e-05,1.354239089378438896e-05,-2.850513073990489143e+00,-6.558999802546542138e+06
1.677148022474599855e-05,1.353613072425291551e-05,-2.864889480264731336e+00,-6.566356750860936940e+06
1.677367085695926160e-05,1.352983904361443505e-05,-2.879282051934385578e+00,-6.573758480039817281e+06
1.677586148917252466e-05,1.352351581634896823e-05,-2.893690887228512754e+00,-6.581205109416951425e+06
1.677805212138578771e-05,1.351716100672106914e-05,-2.908116084637897281e+00,-6.588696758604452014e+06
1.678024275359905077e-05,1.351077457877923748e-05,-2.922557742915642631e+00,-6.596233547480477951e+06
1.678243338581231721e-05,1.350435649635535953e-05,-2.937015961077741544e+00,-6.603815596176621504e+06
1.678462401802557688e-05,1.349790672306414062e-05,-2.951490838403593386e+00,-6.611443025064942427e+06
1.678681465023883993e-05,1.349142522230246988e-05,-2.965982474436609895e+00,-6.619115954744722694e+06
1.678900528245210299e-05,1.348491195724892553e-05,-2.980490968984558009e+00,-6.626834506028752774e+06
1.679119591466536604e-05,1.347836689086313457e-05,-2.995016422120103883e+00,-6.634598799929385073e+06
1.679338654687863248e-05,1.347178998588522049e-05,-3.009558934181216117e+00,-6.642408957644163631e+06
1.679557717909189554e-05,1.346518120483520186e-05,-3.024118605771548562e+00,-6.650265100541076623e+06
1.679776781130515859e-05,1.345854051001243166e-05,-3.038695537760801813e+00,-6.658167350143461488e+06
1.679995844351842165e-05,1.345186786349499240e-05,-3.053289831285047384e+00,-6.666115828114486299e+06
1.680214907573168471e-05,1.344516322713912701e-05,-3.067901587747011050e+00,-6.674110656241242774e+06
1.680433970794495115e-05,1.343842656257865093e-05,-3.082530908816333515e+00,-6.682151956418440677e+06
1.680653034015821420e-05,1.343165783122436431e-05,-3.097177896429782251e+00,-6.690239850631678477e+06
1.680872097237147726e-05,1.342485699426347092e-05,-3.111842652791435793e+00,-6.698374460940270685e+06
1.681091160458474031e-05,1.341802401265898864e-05,-3.126525280372824067e+00,-6.706555909459667280e+06
1.681310223679800337e-05,1.341115884714916327e-05,-3.141225881913030982e+00,-6.714784318343403749e+06
1.681529286901126981e-05,1.340426145824688754e-05,-3.155944560418761036e+00,-6.723059809764594771e+06
1.681748350122453287e-05,1.339733180623910809e-05,-3.170681419164356640e+00,-6.731382505896980874e+06
1.681967413343779592e-05,1.339036985118624450e-05,-3.185436561691783020e+00,-6.739752528895463794e+06
1.682186476565105898e-05,1.338337555292159799e-05,-3.200210091810562929e+00,-6.748170000876174308e+06
1.682405539786432203e-05,1.337634887105077039e-05,-3.215002113597667854e+00,-6.756635043896038085e+06
1.682624603007758848e-05,1.336928976495107970e-05,-3.229812731397368353e+00,-6.765147779931812547e+06
1.682843666229085153e-05,1.336219819377096373e-05,-3.244642049821034213e+00,-6.773708330858630128e+06
1.683062729450411120e-05,1.335507411642942110e-05,-3.259490173746862229e+00,-6.782316818427950144e+06
1.683281792671737425e-05,1.334791749161537257e-05,-3.274357208319679913e+00,-6.790973364245059900e+06
1.683500855893063731e-05,1.334072827778714263e-05,-3.289243258950452109e+00,-6.799678089745874517e+06
1.683719919114390375e-05,1.333350643317184631e-05,-3.304148431315983014e+00,-6.808431116173295304e+06
1.683938982335716681e-05,1.332625191576480125e-05,-3.319072831358441000e+00,-6.817232564552903175e+06
1.684158045557042986e-05,1.331896468332895857e-05,-3.334016565284856792e+00,-6.826082555668079294e+06
1.684377108778369292e-05,1.331164469339431668e-05,-3.348979739566564806e+00,-6.834981210034502670e+06
1.684596171999695597e-05,1.330429190325734533e-05,-3.363962460938588972e+00,-6.843928647874029353e+06
1.684815235221022241e-05,1.329690626998041130e-05,-3.378964836398965499e+00,-6.852924989087909460e+06
1.685034298442348547e-05,1.328948775039120070e-05,-3.393986973208017677e+00,-6.861970353229362518e+06
1.685253361663674852e-05,1.328203630108214136e-05,-3.409028978887557848e+00,-6.871064859475481324e+06
1.685472424885001158e-05,1.327455187840984034e-05,-3.424090961220032980e+00,-6.880208626598436385e+06
1.685691488106327463e-05,1.326703443849450120e-05,-3.439173028247605401e+00,-6.889401772935978137e+06
1.685910551327654108e-05,1.325948393721936832e-05,-3.454275288271169586e+00,-6.898644416361229494e+06
1.686129614548980413e-05,1.325190033023015775e-05,-3.469397849849299664e+00,-6.907936674251726829e+06
1.686348677770306719e-05,1.324428357293448793e-05,-3.484540821797127652e+00,-6.917278663457730785e+06
1.686567740991633024e-05,1.323663362050132748e-05,-3.499704313185156401e+00,-6.926670500269730575e+06
1.686786804212959669e-05,1.322895042786042597e-05,-3.514888433337993057e+00,-6.936112300385193899e+06
1.687005867434285974e-05,1.322123394970177522e-05,-3.530093291833016345e+00,-6.945604178874491714e+06
1.687224930655612280e-05,1.321348414047504345e-05,-3.545318998498962149e+00,-6.955146250146004371e+06
1.687443993876938585e-05,1.320570095438902647e-05,-3.560565663414436255e+00,-6.964738627910384908e+06
1.687663057098264552e-05,1.319788434541112751e-05,-3.575833396906319184e+00,-6.974381425143936649e+06
1.687882120319590857e-05,1.319003426726674913e-05,-3.591122309548218983e+00,-6.984074754051190801e+06
1.688101183540917502e-05,1.318215067343883578e-05,-3.606432512158585624e+00,-6.993818726026430726e+06
1.688320246762243807e-05,1.317423351716729783e-05,-3.621764115798995043e+00,-7.003613451614431106e+06
1.688539309983570113e-05,1.316628275144848303e-05,-3.637117231772220460e+00,-7.013459040470199659e+06
1.688758373204896418e-05,1.315829832903464455e-05,-3.652491971620234867e+00,-7.023355601317737252e+06
1.688977436426223063e-05,1.315028020243344294e-05,-3.667888447122127804e+00,-7.033303241907834075e+06
1.689196499647549368e-05,1.314222832390740233e-05,-3.683306770291927101e+00,-7.043302068974841386e+06
1.689415562868875674e-05,1.313414264547341578e-05,-3.698747053376321148e+00,-7.053352188192415051e+06
1.689634626090201979e-05,1.312602311890222857e-05,-3.714209408852288341e+00,-7.063453704128189012e+06
1.689853689311528285e-05,1.311786969571794691e-05,-3.729693949424621291e+00,-7.073606720197383314e+06
1.690072752532854929e-05,1.310968232719752806e-05,-3.745200788023354210e+00,-7.083811338615286164e+06
1.690291815754181234e-05,1.310146096437029751e-05,-3.760730037801076620e+00,-7.094067660348622128e+06
1.690510878975507540e-05,1.309320555801747291e-05,-3.776281812130146687e+00,-7.104375785065731965e+06
1.690729942196833845e-05,1.308491605867166101e-05,-3.791856224599790881e+00,-7.114735811085596681e+06
1.690949005418160151e-05,1.307659241661641880e-05,-3.807453389013091272e+00,-7.125147835325641558e+06
1.691168068639486795e-05,1.306823458188575555e-05,-3.823073419383855587e+00,-7.135611953248267062e+06
1.691387131860813101e-05,1.305984250426370074e-05,-3.838716429933372254e+00,-7.146128258806171827e+06
1.691606195082139406e-05,1.305141613328383827e-05,-3.854382535087038875e+00,-7.156696844386305660e+06
1.691825258303465712e-05,1.304295541822887101e-05,-3.870071849470874792e+00,-7.167317800752549432e+06
1.692044321524792017e-05,1.303446030813017700e-05,-3.885784487907895546e+00,-7.177991216986998916e+06
1.692263384746118323e-05,1.302593075176740628e-05,-3.901520565414340780e+00,-7.188717180429873057e+06
1.692482447967444628e-05,1.301736669766799462e-05,-3.917280197195895486e+00,-7.199495776618043892e+06
1.692701511188770934e-05,1.300876809410685189e-05,-3.933063498643512901e+00,-7.210327089221975766e+06
1.692920574410097239e-05,1.300013488910588260e-05,-3.948870585329360416e+00,-7.221211199981329963e+06
1.693139637631423545e-05,1.299146703043363352e-05,-3.964701573002492374e+00,-7.232148188638958149e+06
1.693358700852750189e-05,1.298276446560488886e-05,-3.980556577584402511e+00,-7.243138132873350754e+06
1.693577764074076495e-05,1.297402714188031275e-05,-3.996435715164423641e+00,-7.254181108229503967e+06
1.693796827295402800e-05,1.296525500626607489e-05,-4.012339101994980339e+00,-7.265277188048137352e+06
1.694015890516729106e-05,1.295644800551351343e-05,-4.028266854486678206e+00,-7.276426443393253721e+06
1.694234953738055411e-05,1.294760608611877411e-05,-4.044219089203237694e+00,-7.287628942977988161e+06
1.694454016959382055e-05,1.293872919432249860e-05,-4.060195922856259187e+00,-7.298884753088681027e+06
1.694673080180708361e-05,1.292981727610949918e-05,-4.076197472299824653e+00,-7.310193937507225201e+06
1.694892143402034667e-05,1.292087027720845047e-05,-4.092223854524921656e+00,-7.321556557431500405e+06
1.695111206623360972e-05,1.291188814309159801e-05,-4.108275186653695954e+00,-7.332972671394001693e+06
1.695330269844687278e-05,1.290287081897448046e-05,-4.124351585933522024e+00,-7.344442335178519599e+06
1.695549333066013922e-05,1.289381824981565348e-05,-4.140453169730887062e+00,-7.355965601734856144e+06
1.695768396287340227e-05,1.288473038031644574e-05,-4.156580055525088468e+00,-7.367542521091547795e+06
1.695987459508666533e-05,1.287560715492071669e-05,-4.172732360901734161e+00,-7.379173140266520903e+06
1.696206522729992838e-05,1.286644851781462281e-05,-4.188910203546054589e+00,-7.390857503175660968e+06
1.696425585951319144e-05,1.285725441292641596e-05,-4.205113701235998036e+00,-7.402595650539208204e+06
1.696644649172645449e-05,1.284802478392625537e-05,-4.221342971835102986e+00,-7.414387619785956107e+06
1.696863712393971755e-05,1.283875957422598236e-05,-4.237598133285283453e+00,-7.426233444955280051e+06
1.697082775615298060e-05,1.282945872697902539e-05,-4.253879303599141792e+00,-7.438133156596663408e+06
1.697301838836624366e-05,1.282012218508021041e-05,-4.270186600852309944e+00,-7.450086781667070463e+06
1.697520902057950671e-05,1.281074989116564560e-05,-4.286520143175444275e+00,-7.462094343425800093e+06
1.697739965279277316e-05,1.280134178761259774e-05,-4.302880048746003716e+00,-7.474155861326889135e+06
1.697959028500603621e-05,1.279189781653941090e-05,-4.319266435779796964e+00,-7.486271350908990949e+06
1.698178091721929927e-05,1.278241791980542848e-05,-4.335679422522280113e+00,-7.498440823682652786e+06
1.698397154943256232e-05,1.277290203901093564e-05,-4.352119127239608254e+00,-7.510664287014957517e+06
1.698616218164582877e-05,1.276335011549712369e-05,-4.368585668209429507e+00,-7.522941744011441246e+06
1.698835281385909182e-05,1.275376209034608167e-05,-4.385079163711415262e+00,-7.535273193395263515e+06
1.699054344607235488e-05,1.274413790438079631e-05,-4.401599732017529298e+00,-7.547658629383490421e+06
1.699273407828561793e-05,1.273447749816517917e-05,-4.418147491382015346e+00,-7.560098041560512967e+06
1.699492471049888099e-05,1.272478081200411910e-05,-4.434722560031106653e+00,-7.572591414748468436e+06
1.699711534271214743e-05,1.271504778594356023e-05,-4.451325056152454884e+00,-7.585138728874619119e+06
1.699930597492541048e-05,1.270527835977058493e-05,-4.467955097884249049e+00,-7.597739958835613914e+06
1.700149660713867354e-05,1.269547247301355277e-05,-4.484612803304053763e+00,-7.610395074358564802e+06
1.700368723935193659e-05,1.268563006494222753e-05,-4.501298290417321546e+00,-7.623104039858840406e+06
1.700587787156519965e-05,1.267575107456795678e-05,-4.518011677145604033e+00,-7.635866814294521697e+06
1.700806850377846609e-05,1.266583544064387522e-05,-4.534753081314431888e+00,-7.648683351017462090e+06
1.701025913599172915e-05,1.265588310166511127e-05,-4.551522620640866101e+00,-7.661553597620780580e+06
1.701244976820498882e-05,1.264589399586907343e-05,-4.568320412720685120e+00,-7.674477495782811195e+06
1.701464040041825187e-05,1.263586806123565694e-05,-4.585146575015370374e+00,-7.687454981107444502e+06
1.701683103263151493e-05,1.262580523548764187e-05,-4.602001224838443427e+00,-7.700485982960510068e+06
1.701902166484478137e-05,1.261570545609098454e-05,-4.618884479341737404e+00,-7.713570424302520230e+06
1.702121229705804442e-05,1.260556866025519693e-05,-4.635796455501149715e+00,-7.726708221517378464e+06
1.702340292927130748e-05,1.259539478493373298e-05,-4.652737270102042189e+00,-7.739899284237048589e+06
1.702559356148457053e-05,1.258518376682444765e-05,-4.669707039724251274e+00,-7.753143515162095428e+06
1.702778419369783359e-05,1.257493554237004418e-05,-4.686705880726711904e+00,-7.766440809878041968e+06
1.702997482591110003e-05,1.256465004775858568e-05,-4.703733909231656796e+00,-7.779791056667321362e+06
1.703216545812436309e-05,1.255432721892403213e-05,-4.720791241108414305e+00,-7.793194136316860095e+06
1.703435609033762614e-05,1.254396699154679947e-05,-4.737877991956771062e+00,-7.806649921921074390e+06
1.703654672255088920e-05,1.253356930105438467e-05,-4.754994277089899413e+00,-7.820158278680258431e+06
1.703873735476415225e-05,1.252313408262200443e-05,-4.772140211516843422e+00,-7.833719063694164157e+06
1.704092798697741870e-05,1.251266127117327783e-05,-4.789315909924538595e+00,-7.847332125750743784e+06
1.704311861919068175e-05,1.250215080138096499e-05,-4.806521486659368847e+00,-7.860997305109901354e+06
1.704530925140394481e-05,1.249160260766771925e-05,-4.823757055708244756e+00,-7.874714433282100596e+06
1.704749988361720786e-05,1.248101662420690365e-05,-4.841022730679187980e+00,-7.888483332801763900e+06
1.704969051583047092e-05,1.247039278492343971e-05,-4.858318624781416517e+00,-7.902303816995306872e+06
1.705188114804373736e-05,1.245973102349470524e-05,-4.875644850804912167e+00,-7.916175689743684605e+06
1.705407178025700041e-05,1.244903127335147970e-05,-4.893001521099466622e+00,-7.930098745239309967e+06
1.705626241247026347e-05,1.243829346767891989e-05,-4.910388747553181332e+00,-7.944072767737198621e+06
1.705845304468352314e-05,1.242751753941762389e-05,-4.927806641570396273e+00,-7.958097531300239265e+06
1.706064367689678619e-05,1.241670342126464240e-05,-4.945255314049191497e+00,-7.972172799538494088e+06
1.706283430911005263e-05,1.240585104567471708e-05,-4.962734875358025377e+00,-7.986298325342109427e+06
1.706502494132331569e-05,1.239496034486139360e-05,-4.980245435312068203e+00,-8.000473850608103909e+06
1.706721557353657874e-05,1.238403125079828366e-05,-4.997787103148782606e+00,-8.014699105960563757e+06
1.706940620574984180e-05,1.237306369522035761e-05,-5.015359987502924000e+00,-8.028973810464228503e+06
1.707159683796310485e-05,1.236205760962528951e-05,-5.032964196380890876e+00,-8.043297671331229620e+06
1.707378747017637130e-05,1.235101292527485645e-05,-5.050599837134434722e+00,-8.057670383620887995e+06
1.707597810238963435e-05,1.233992957319642252e-05,-5.068267016433707362e+00,-8.072091629932369106e+06
1.707816873460289741e-05,1.232880748418443471e-05,-5.085965840239614622e+00,-8.086561080089998432e+06
1.708035936681616046e-05,1.231764658880203224e-05,-5.103696413775481666e+00,-8.101078390821091831e+06
1.708254999902942352e-05,1.230644681738267628e-05,-5.121458841498004233e+00,-8.115643205426120199e+06
1.708474063124268996e-05,1.229520810003186939e-05,-5.139253227067468899e+00,-8.130255153440998867e+06
1.708693126345595302e-05,1.228393036662893601e-05,-5.157079673317220170e+00,-8.144913850291307084e+06
1.708912189566921607e-05,1.227261354682886053e-05,-5.174938282222361075e+00,-8.159618896938273683e+06
1.709131252788247913e-05,1.226125757006420664e-05,-5.192829154867676600e+00,-8.174369879516285844e+06
1.709350316009574557e-05,1.224986236554711126e-05,-5.210752391414746221e+00,-8.189166368961756118e+06
1.709569379230900863e-05,1.223842786227132759e-05,-5.228708091068233976e+00,-8.204007920633072034e+06
1.709788442452227168e-05,1.222695398901436807e-05,-5.246696352041343658e+00,-8.218894073921511881e+06
1.710007505673553474e-05,1.221544067433971858e-05,-5.264717271520400033e+00,-8.233824351852770895e+06
1.710226568894879779e-05,1.220388784659912029e-05,-5.282770945628559645e+00,-8.248798260678993538e+06
1.710445632116206085e-05,1.219229543393496173e-05,-5.300857469388572163e+00,-8.263815289460982196e+06
1.710664695337532390e-05,1.218066336428265891e-05,-5.318976936684776113e+00,-8.278874909640481696e+06
1.710883758558858696e-05,1.216899156537329809e-05,-5.337129440223851162e+00,-8.293976574601979926e+06
1.711102821780185001e-05,1.215727996473618027e-05,-5.355315071494885615e+00,-8.309119719224205241e+06
1.711321885001511307e-05,1.214552848970156554e-05,-5.373533920728306157e+00,-8.324303759420730174e+06
1.711540948222837951e-05,1.213373706740347003e-05,-5.391786076853818166e+00,-8.339528091669523157e+06
1.711760011444164256e-05,1.212190562478256104e-05,-5.410071627457308630e+00,-8.354792092531219125e+06
1.711979074665490562e-05,1.211003408858914369e-05,-5.428390658736669039e+00,-8.370095118155727163e+06
1.712198137886816867e-05,1.209812238538626443e-05,-5.446743255456538257e+00,-8.385436503776977770e+06
1.712417201108143173e-05,1.208617044155288745e-05,-5.465129500901917403e+00,-8.400815563195485622e+06
1.712636264329469817e-05,1.207417818328719468e-05,-5.483549476830637204e+00,-8.416231588248386979e+06
1.712855327550796123e-05,1.206214553660999089e-05,-5.502003263424652069e+00,-8.431683848266702145e+06
1.713074390772122428e-05,1.205007242736819853e-05,-5.520490939240130679e+00,-8.447171589519450441e+06
1.713293453993448734e-05,1.203795878123847627e-05,-5.539012581156316450e+00,-8.462694034644346684e+06
1.713512517214775039e-05,1.202580452373096118e-05,-5.557568264323125895e+00,-8.478250382064692676e+06
1.713731580436101684e-05,1.201360958019309733e-05,-5.576158062107449354e+00,-8.493839805392114446e+06
1.713950643657427989e-05,1.200137387581361854e-05,-5.594782046038128343e+00,-8.509461452814877033e+06
1.714169706878754295e-05,1.198909733562662935e-05,-5.613440285749580205e+00,-8.525114446471281350e+06
1.714388770100080600e-05,1.197677988451581821e-05,-5.632132848924036317e+00,-8.540797881807921454e+06
1.714607833321406906e-05,1.196442144721879765e-05,-5.650859801232345880e+00,-8.556510826922269538e+06
1.714826896542733550e-05,1.195202194833157833e-05,-5.669621206273335545e+00,-8.572252321889337152e+06
1.715045959764059517e-05,1.193958131231319379e-05,-5.688417125511638694e+00,-8.588021378071859479e+06
1.715265022985385822e-05,1.192709946349036768e-05,-5.707247618214145390e+00,-8.603816977413864806e+06
1.715484086206712128e-05,1.191457632606252810e-05,-5.726112741384584481e+00,-8.619638071716722101e+06
1.715703149428038433e-05,1.190201182410673403e-05,-5.745012549696806303e+00,-8.635483581897793338e+06
1.715922212649365078e-05,1.188940588158289640e-05,-5.763947095426273037e+00,-8.651352397230869159e+06
1.716141275870691383e-05,1.187675842233909238e-05,-5.782916428379886398e+00,-8.667243374568065628e+06
1.716360339092017689e-05,1.186406937011707107e-05,-5.801920595824090476e+00,-8.683155337542695925e+06
1.716579402313343994e-05,1.185133864855788125e-05,-5.820959642411213331e+00,-8.699087075752619654e+06
1.716798465534670300e-05,1.183856618120768874e-05,-5.840033610103996686e+00,-8.715037343923615292e+06
1.717017528755996944e-05,1.182575189152375308e-05,-5.859142538098268460e+00,-8.731004861052233726e+06
1.717236591977323249e-05,1.181289570288056517e-05,-5.878286462743716356e+00,-8.746988309527641162e+06
1.717455655198649555e-05,1.179999753857618470e-05,-5.897465417462710136e+00,-8.762986334231868386e+06
1.717674718419975860e-05,1.178705732183873526e-05,-5.916679432667131699e+00,-8.778997541618010029e+06
1.717893781641302166e-05,1.177407497583310097e-05,-5.935928535673162365e+00,-8.795020498765734956e+06
1.718112844862628810e-05,1.176105042366779080e-05,-5.955212750613971373e+00,-8.811053732413534075e+06
1.718331908083955116e-05,1.174798358840200965e-05,-5.974532098350270992e+00,-8.827095727967182174e+06
1.718550971305281421e-05,1.173487439305293940e-05,-5.993886596378660059e+00,-8.843144928483759984e+06
1.718770034526607727e-05,1.172172276060319791e-05,-6.013276258737707103e+00,-8.859199733630569652e+06
1.718989097747934371e-05,1.170852861400853347e-05,-6.032701095911744638e+00,-8.875258498618431389e+06
1.719208160969260677e-05,1.169529187620570050e-05,-6.052161114732290237e+00,-8.891319533108571544e+06
1.719427224190586643e-05,1.168201247012061140e-05,-6.071656318277005582e+00,-8.907381100092511624e+06
1.719646287411912949e-05,1.166869031867656461e-05,-6.091186705766341802e+00,-8.923441414744339883e+06
1.719865350633239254e-05,1.165532534480296570e-05,-6.110752272457310674e+00,-8.939498643244342878e+06
1.720084413854565560e-05,1.164191747144402127e-05,-6.130353009534966091e+00,-8.955550901573723182e+06
1.720303477075892204e-05,1.162846662156781920e-05,-6.149988904001062018e+00,-8.971596254279339686e+06
1.720522540297218510e-05,1.161497271817560359e-05,-6.169659938559990842e+00,-8.987632713207773864e+06
1.720741603518544815e-05,1.160143568431131072e-05,-6.189366091501939060e+00,-9.003658236208030954e+06
1.720960666739871121e-05,1.158785544307138443e-05,-6.209107336583141290e+00,-9.019670725801963359e+06
1.721179729961197765e-05,1.157423191761484059e-05,-6.228883642903170426e+00,-9.035668027821592987e+06
1.721398793182524070e-05,1.156056503117359919e-05,-6.248694974779255062e+00,-9.051647930012622848e+06
1.721617856403850376e-05,1.154685470706310275e-05,-6.268541291617456324e+00,-9.067608160603072494e+06
1.721836919625176682e-05,1.153310086869322270e-05,-6.288422547780696092e+00,-9.083546386836312711e+06
1.722055982846502987e-05,1.151930343957944535e-05,-6.308338692453519414e+00,-9.099460213467478752e+06
1.722275046067829631e-05,1.150546234335437623e-05,-6.328289669503522674e+00,-9.115347181222366169e+06
1.722494109289155937e-05,1.149157750377954098e-05,-6.348275417339364957e+00,-9.131204765217827633e+06
1.722713172510482242e-05,1.147764884475750301e-05,-6.368295868765274648e+00,-9.147030373342739418e+06
1.722932235731808548e-05,1.146367629034430471e-05,-6.388350950831966024e+00,-9.162821344598401338e+06
1.723151298953134853e-05,1.144965976476222884e-05,-6.408440584683892105e+00,-9.178574947397487238e+06
1.723370362174461498e-05,1.143559919241289539e-05,-6.428564685402709422e+00,-9.194288377820337191e+06
1.723589425395787803e-05,1.142149449789076323e-05,-6.448723161846842800e+00,-9.209958757827566937e+06
1.723808488617114109e-05,1.140734560599690630e-05,-6.468915916487147477e+00,-9.225583133427895606e+06
1.724027551838440075e-05,1.139315244175321832e-05,-6.489142845238430546e+00,-9.241158472799891606e+06
1.724246615059766381e-05,1.137891493041688184e-05,-6.509403837286995120e+00,-9.256681664366805926e+06
1.724465678281093025e-05,1.136463299749541999e-05,-6.529698774913572201e+00,-9.272149514822684228e+06
1.724684741502419331e-05,1.135030656876194138e-05,-6.550027533312205108e+00,-9.287558747109144926e+06
1.724903804723745636e-05,1.133593557027090171e-05,-6.570389980404484298e+00,-9.302905998341184109e+06
1.725122867945071942e-05,1.132151992837422786e-05,-6.590785976649206290e+00,-9.318187817680729553e+06
1.725341931166398247e-05,1.130705956973789095e-05,-6.611215374847321691e+00,-9.333400664156697690e+06
1.725560994387724892e-05,1.129255442135887244e-05,-6.631678019942065738e+00,-9.348540904430087656e+06
1.725780057609051197e-05,1.127800441058261464e-05,-6.652173748814132814e+00,-9.363604810502832755e+06
1.725999120830377503e-05,1.126340946512093211e-05,-6.672702390071687972e+00,-9.378588557368677109e+06
1.726218184051703808e-05,1.124876951307034993e-05,-6.693263763835278546e+00,-9.393488220604950562e+06
1.726437247273030114e-05,1.123408448293094000e-05,-6.713857681517347409e+00,-9.408299773903453723e+06
1.726656310494356758e-05,1.121935430362564695e-05,-6.734483945596267951e+00,-9.423019086538979784e+06
1.726875373715683063e-05,1.120457890452009514e-05,-6.755142349384791522e+00,-9.437641920773850754e+06
1.727094436937009369e-05,1.118975821544294967e-05,-6.775832676792705733e+00,-9.452163929196873680e+06
1.727313500158335674e-05,1.117489216670677033e-05,-6.796554702083611232e+00,-9.466580651994971558e+06
1.727532563379661980e-05,1.115998068912941946e-05,-6.817308189625624237e+00,-9.480887514155708253e+06
1.727751626600988624e-05,1.114502371405602389e-05,-6.838092893635893788e+00,-9.495079822599116713e+06
1.727970689822314930e-05,1.113002117338147378e-05,-6.858908557918765858e+00,-9.509152763236772269e+06
1.728189753043641235e-05,1.111497299957351276e-05,-6.879754915597435350e+00,-9.523101397956497967e+06
1.728408816264967541e-05,1.109987912569649719e-05,-6.900631688838813282e+00,-9.536920661530515179e+06
1.728627879486293508e-05,1.108473948543569079e-05,-6.921538588571610084e+00,-9.550605358445320278e+06
1.728846942707620152e-05,1.106955401312210638e-05,-6.942475314197519509e+00,-9.564150159651245922e+06
1.729066005928946457e-05,1.105432264375821335e-05,-6.963441553294845932e+00,-9.577549599229322746e+06
1.729285069150272763e-05,1.103904531304409235e-05,-6.984436981315086612e+00,-9.590798070973921567e+06
1.729504132371599068e-05,1.102372195740434721e-05,-7.005461261271758389e+00,-9.603889824888480827e+06
1.729723195592925374e-05,1.100835251401571822e-05,-7.026514043421481226e+00,-9.616818963592415676e+06
1.729942258814252018e-05,1.099293692083538489e-05,-7.047594964937085038e+00,-9.629579438636727631e+06
1.730161322035578324e-05,1.097747511662998698e-05,-7.068703649572556813e+00,-9.642165046726193279e+06
1.730380385256904629e-05,1.096196704100538079e-05,-7.089839707319614881e+00,-9.654569425845636055e+06
1.730599448478230935e-05,1.094641263443715096e-05,-7.111002734055732688e+00,-9.666786051287878305e+06
1.730818511699557579e-05,1.093081183830198628e-05,-7.132192311183190192e+00,-9.678808231580788270e+06
1.731037574920883885e-05,1.091516459490976358e-05,-7.153408005259257685e+00,-9.690629104311013594e+06
1.731256638142210190e-05,1.089947084753647702e-05,-7.174649367617048412e+00,-9.702241631841707975e+06
1.731475701363536496e-05,1.088373054045800587e-05,-7.195915933976878343e+00,-9.713638596921492368e+06
1.731694764584862801e-05,1.086794361898475478e-05,-7.217207224047894165e+00,-9.724812598182104528e+06
1.731913827806189445e-05,1.085211002949718007e-05,-7.238522741119698622e+00,-9.735756045521717519e+06
1.732132891027515751e-05,1.083622971948221377e-05,-7.259861971643742251e+00,-9.746461155371202156e+06
1.732351954248842056e-05,1.082030263757063648e-05,-7.281224384804193761e+00,-9.756919945840308443e+06
1.732571017470168362e-05,1.080432873357536829e-05,-7.302609432078065232e+00,-9.767124231740806252e+06
1.732790080691494667e-05,1.078830795853073726e-05,-7.324016546784316795e+00,-9.777065619483463466e+06
1.733009143912821312e-05,1.077224026473272703e-05,-7.345445143621677886e+00,-9.786735501845872030e+06
1.733228207134147278e-05,1.075612560578039501e-05,-7.366894618194655742e+00,-9.796125052607586607e+06
1.733447270355473584e-05,1.073996393661808007e-05,-7.388364346527969140e+00,-9.805225221049679443e+06
1.733666333576799889e-05,1.072375521357901286e-05,-7.409853684568412646e+00,-9.814026726314995438e+06
1.733885396798126195e-05,1.070749939442971898e-05,-7.431361967674528834e+00,-9.822520051625940949e+06
1.734104460019452839e-05,1.069119643841573670e-05,-7.452888510093307772e+00,-9.830695438356200233e+06
1.734323523240779145e-05,1.067484630630843763e-05,-7.474432604423748572e+00,-9.838542879952723160e+06
1.734542586462105450e-05,1.065844896045307542e-05,-7.495993521066939280e+00,-9.846052115704510361e+06
1.734761649683431756e-05,1.064200436481803232e-05,-7.517570507662305168e+00,-9.853212624354235828e+06
1.734980712904758061e-05,1.062551248504529554e-05,-7.539162788509702118e+00,-9.860013617549059913e+06
1.735199776126084706e-05,1.060897328850222624e-05,-7.560769563977008723e+00,-9.866444033126695082e+06
1.735418839347411011e-05,1.059238674433459558e-05,-7.582390009892880478e+00,-9.872492528232866898e+06
1.735637902568737317e-05,1.057575282352110324e-05,-7.604023276924045227e+00,-9.878147472265841439e+06
1.735856965790063622e-05,1.055907149892919344e-05,-7.625668489937061700e+00,-9.883396939644182101e+06
1.736076029011389928e-05,1.054234274537226018e-05,-7.647324747344096174e+00,-9.888228702393474057e+06
1.736295092232716572e-05,1.052556653966831442e-05,-7.668991120432185227e+00,-9.892630222547585145e+06
1.736514155454042878e-05,1.050874286070017428e-05,-7.690666652675674619e+00,-9.896588644360357895e+06
1.736733218675369183e-05,1.049187168947713576e-05,-7.712350359031369784e+00,-9.900090786322986707e+06
1.736952281896695489e-05,1.047495300919828171e-05,-7.734041225215974258e+00,-9.903123132983010262e+06
1.737171345118021794e-05,1.045798680531732900e-05,-7.755738206965374637e+00,-9.905671826559780166e+06
1.737390408339348438e-05,1.044097306560914595e-05,-7.777440229275344841e+00,-9.907722658352164552e+06
1.737609471560674744e-05,1.042391178023791145e-05,-7.799146185623234473e+00,-9.909261059933612123e+06
1.737828534782000711e-05,1.040680294182698835e-05,-7.820854937170165222e+00,-9.910272094129748642e+06
1.738047598003327016e-05,1.038964654553059434e-05,-7.842565311943175743e+00,-9.910740445773622021e+06
1.738266661224653322e-05,1.037244258910750564e-05,-7.864276103996584055e+00,-9.910650412233648822e+06
1.738485724445979966e-05,1.035519107299622445e-05,-7.885986072552845449e+00,-9.909985893709259108e+06
1.738704787667306271e-05,1.033789200039230282e-05,-7.907693941121593184e+00,-9.908730383289111778e+06
1.738923850888632577e-05,1.032054537732752168e-05,-7.929398396596715415e+00,-9.906866956766691059e+06
1.739142914109958882e-05,1.030315121275114155e-05,-7.951098088330834202e+00,-9.904378262208279222e+06
1.739361977331285188e-05,1.028570951861318118e-05,-7.972791627186639474e+00,-9.901246509267723188e+06
1.739581040552611832e-05,1.026822030994982726e-05,-7.994477584564518402e+00,-9.897453458242921159e+06
1.739800103773938138e-05,1.025068360497096169e-05,-8.016154491405950822e+00,-9.892980408868499100e+06
1.740019166995264443e-05,1.023309942514986580e-05,-8.037820837172086286e+00,-9.887808188839238137e+06
1.740238230216590749e-05,1.021546779531515727e-05,-8.059475068796992048e+00,-9.881917142059054226e+06
1.740457293437917054e-05,1.019778874374520555e-05,-8.081115589614618955e+00,-9.875287116609761491e+06
1.740676356659243699e-05,1.018006230226493242e-05,-8.102740758259050935e+00,-9.867897452434159815e+06
1.740895419880570004e-05,1.016228850634485730e-05,-8.124348887537768960e+00,-9.859726968727964908e+06
1.741114483101896310e-05,1.014446739520275980e-05,-8.145938243276765078e+00,-9.850753951034978032e+06
1.741333546323222615e-05,1.012659901190786650e-05,-8.167507043137119283e+00,-9.840956138039859012e+06
1.741552609544549259e-05,1.010868340348770413e-05,-8.189053455402291348e+00,-9.830310708053218201e+06
1.741771672765875565e-05,1.009072062103763448e-05,-8.210575597735424225e+00,-9.818794265183117241e+06
1.741990735987201870e-05,1.007271071983317608e-05,-8.232071535906019477e+00,-9.806382825187770650e+06
1.742209799208527837e-05,1.005465375944512611e-05,-8.253539282485226281e+00,-9.793051801003675908e+06
1.742428862429854143e-05,1.003654980385740475e-05,-8.274976795509308758e+00,-9.778775987943733111e+06
1.742647925651180787e-05,1.001839892158808765e-05,-8.296381977110069528e+00,-9.763529548560362309e+06
1.742866988872507093e-05,1.000020118581334216e-05,-8.317752672111932810e+00,-9.747285997167967260e+06
1.743086052093833398e-05,9.981956674494763440e-06,-8.339086666594266006e+00,-9.730018184019485489e+06
1.743305115315159704e-05,9.963665470509477077e-06,-8.360381686419309233e+00,-9.711698279132090509e+06
1.743524178536486009e-05,9.945327661783739850e-06,-8.381635395723908033e+00,-9.692297755756830797e+06
1.743743241757812653e-05,9.926943341429808420e-06,-8.402845395374759718e+00,-9.671787373487506062e+06
1.743962304979138959e-05,9.908512607886279131e-06,-8.424009221386212332e+00,-9.650137161004127935e+06
1.744181368200465264e-05,9.890035565061953171e-06,-8.445124343299841740e+00,-9.627316398446390405e+06
1.744400431421791570e-05,9.871512322483303310e-06,-8.466188162524973748e+00,-9.603293599412731826e+06
1.744619494643117875e-05,9.852942995445576111e-06,-8.487198010639396273e+00,-9.578036492581065744e+06
1.744838557864444520e-05,9.834327705167636327e-06,-8.508151147649453350e+00,-9.551512002947211266e+06
1.745057621085770825e-05,9.815666578950563655e-06,-8.529044760208721598e+00,-9.523686232677437365e+06
1.745276684307097131e-05,9.796959750340333888e-06,-8.549875959794187352e+00,-9.494524441572317854e+06
1.745495747528423436e-05,9.778207359294896158e-06,-8.570641780838759161e+00,-9.463991027139196172e+06
1.745714810749749742e-05,9.759409552354723026e-06,-8.591339178820447842e+00,-9.432049504269436002e+06
1.745933873971076386e-05,9.740566482817993832e-06,-8.611965028306174830e+00,-9.398662484519945458e+06
1.746152937192402692e-05,9.721678310919962393e-06,-8.632516120949906835e+00,-9.363791654996536672e+06
1.746372000413728997e-05,9.702745204016841079e-06,-8.652989163444026133e+00,-9.327397756838476285e+06
1.746591063635055303e-05,9.683767336774250399e-06,-8.673380775423082056e+00,-9.289440563303517178e+06
1.746810126856381269e-05,9.664744891360334042e-06,-8.693687487319060381e+00,-9.249878857453478500e+06
1.747029190077707914e-05,9.645678057643461447e-06,-8.713905738167548876e+00,-9.208670409440968186e+06
1.747248253299034219e-05,9.626567033395029517e-06,-8.734031873363436560e+00,-9.165771953399162740e+06
1.747467316520360525e-05,9.607412024496831527e-06,-8.754062142365979682e+00,-9.121139163935666904e+06
1.747686379741686830e-05,9.588213245153748794e-06,-8.773992696351704978e+00,-9.074726632234839723e+06
1.747905442963013136e-05,9.568970918112153042e-06,-8.793819585814024009e+00,-9.026487841773182154e+06
1.748124506184339780e-05,9.549685274882782786e-06,-8.813538758110018634e+00,-8.976375143649352714e+06
1.748343569405666085e-05,9.530356555969482895e-06,-8.833146054952390358e+00,-8.924339731537990272e+06
1.748562632626992391e-05,9.510985011103383782e-06,-8.852637209846298205e+00,-8.870331616272881627e+06
1.748781695848318697e-05,9.491570899482799776e-06,-8.872007845469994436e+00,-8.814299600068077445e+06
1.749000759069645002e-05,9.472114490018990646e-06,-8.891253470998552899e+00,-8.756191250386446714e+06
1.749219822290971646e-05,9.452616061587818479e-06,-8.910369479369984802e+00,-8.695952873466383666e+06
1.749438885512297952e-05,9.433075903287474394e-06,-8.929351144493063330e+00,-8.633529487519452348e+06
1.749657948733624257e-05,9.413494314702268320e-06,-8.948193618396159010e+00,-8.568864795611968264e+06
1.749877011954950563e-05,9.393871606172668180e-06,-8.966891928316391258e+00,-8.501901158246453851e+06
1.750096075176276868e-05,9.374208099071774835e-06,-8.985440973728302083e+00,-8.432579565660186112e+06
1.750315138397603513e-05,9.354504126089101837e-06,-9.003835523311170874e+00,-8.360839609864084981e+06
1.750534201618929818e-05,9.334760031520098066e-06,-9.022070211855366395e+00,-8.286619456435384229e+06
1.750753264840256124e-05,9.314976171562936220e-06,-9.040139537106394840e+00,-8.209855816093969159e+06
1.750972328061582429e-05,9.295152914622199531e-06,-9.058037856546720334e+00,-8.130483916086453013e+06
1.751191391282909074e-05,9.275290641619734393e-06,-9.075759384114476802e+00,-8.048437471405894496e+06
1.751410454504235040e-05,9.255389746312821345e-06,-9.093298186858874033e+00,-7.963648655878696591e+06
1.751629517725561346e-05,9.235450635619613598e-06,-9.110648181532353007e+00,-7.876048073151987977e+06
1.751848580946887651e-05,9.215473729952385212e-06,-9.127803131118938040e+00,-7.785564727619859390e+06
1.752067644168213957e-05,9.195459463558070521e-06,-9.144756641299219169e+00,-7.692125995325644501e+06
1.752286707389540262e-05,9.175408284866680981e-06,-9.161502156851446088e+00,-7.595657594884681515e+06
1.752505770610866907e-05,9.155320656847587546e-06,-9.178032957988765617e+00,-7.496083558473314159e+06
