tau,R_over_Rmax,velocity_over_sqrt_DeltaP_over_rho
0.000000000000000000e+00,1.000000000000000000e+00,0.000000000000000000e+00
3.048024958142460644e-04,9.999999535477178680e-01,-3.048025146926088588e-04
6.096049916284921287e-04,9.999998141908540417e-01,-6.096051426554356840e-04
9.144074874427381931e-04,9.999995819293568955e-01,-9.144079971589003748e-04
1.219209983256984257e-03,9.999992567631400542e-01,-1.219211191473822684e-03
1.524012479071230322e-03,9.999988386920827255e-01,-1.524014838871620139e-03
1.828814974885476386e-03,9.999983277160294781e-01,-1.828819052624510192e-03
2.133617470699722234e-03,9.999977238347903530e-01,-2.133623946005710256e-03
2.438419966513968515e-03,9.999970270481410850e-01,-2.438429632289639253e-03
2.743222462328214796e-03,9.999962373558227702e-01,-2.743236224752114514e-03
3.048024958142460644e-03,9.999953547575417545e-01,-3.048043836670551697e-03
3.352827453956706491e-03,9.999943792529700781e-01,-3.352852581324168406e-03
3.657629949770952772e-03,9.999933108417453642e-01,-3.657662571994179778e-03
3.962432445585199053e-03,9.999921495234704860e-01,-3.962473921964002749e-03
4.267234941399444467e-03,9.999908952977137888e-01,-4.267286744519450774e-03
4.572037437213690748e-03,9.999895481640092010e-01,-4.572101152948940261e-03
4.876839933027937030e-03,9.999881081218560119e-01,-4.876917260543684428e-03
5.181642428842183311e-03,9.999865751707192052e-01,-5.181735180597897561e-03
5.486444924656429592e-03,9.999849493100290143e-01,-5.486555026408995381e-03
5.791247420470675006e-03,9.999832305391810339e-01,-5.791376911277788461e-03
6.096049916284921287e-03,9.999814188575367746e-01,-6.096200948508691264e-03
6.400852412099167568e-03,9.999795142644226642e-01,-6.401027251409914694e-03
6.705654907913412982e-03,9.999775167591310465e-01,-6.705855933293671661e-03
7.010457403727659263e-03,9.999754263409194044e-01,-7.010687107476376578e-03
7.315259899541905544e-03,9.999732430090108037e-01,-7.315520887278842248e-03
7.620062395356151826e-03,9.999709667625938936e-01,-7.620357386026482827e-03
7.924864891170398107e-03,9.999685976008225730e-01,-7.925196717049512452e-03
8.229667386984643521e-03,9.999661355228163240e-01,-8.230038993683142998e-03
8.534469882798888934e-03,9.999635805276598788e-01,-8.534884329267789643e-03
8.839272378613136083e-03,9.999609326144038857e-01,-8.839732837149272965e-03
9.144074874427381497e-03,9.999581917820639099e-01,-9.144584630679008022e-03
9.448877370241628645e-03,9.999553580296213218e-01,-9.449439823214215994e-03
9.753679866055874059e-03,9.999524313560227418e-01,-9.754298528118116735e-03
1.005848236187011947e-02,9.999494117601803733e-01,-1.005916085876013173e-02
1.036328485768436662e-02,9.999462992409717810e-01,-1.036402692851609054e-02
1.066808735349861204e-02,9.999430937972398903e-01,-1.066889685076841988e-02
1.097288984931285918e-02,9.999397954277934319e-01,-1.097377073890635525e-02
1.127769234512710460e-02,9.999364041314060536e-01,-1.127864870632613349e-02
1.158249484094135001e-02,9.999329199068172080e-01,-1.158353086643119402e-02
1.188729733675559716e-02,9.999293427527315981e-01,-1.188841733263238352e-02
1.219209983256984257e-02,9.999256726678196205e-01,-1.219330821834814851e-02
1.249690232838408799e-02,9.999219096507167004e-01,-1.249820363700474696e-02
1.280170482419833514e-02,9.999180537000240676e-01,-1.280310370203644604e-02
1.310650732001258055e-02,9.999141048143079802e-01,-1.310800852688570779e-02
1.341130981582682596e-02,9.999100629921006123e-01,-1.341291822500341284e-02
1.371611231164107311e-02,9.999059282318990549e-01,-1.371783290984905125e-02
1.402091480745531853e-02,9.999017005321662044e-01,-1.402275269489091161e-02
1.432571730326956568e-02,9.998973798913302069e-01,-1.432767769360630133e-02
1.463051979908381109e-02,9.998929663077845698e-01,-1.463260801948173227e-02
1.493532229489805650e-02,9.998884597798881613e-01,-1.493754378601313236e-02
1.524012479071230365e-02,9.998838603059655439e-01,-1.524248510670604337e-02
1.554492728652654907e-02,9.998791678843065300e-01,-1.554743209507580826e-02
1.584972978234079621e-02,9.998743825131660712e-01,-1.585238486464779842e-02
1.615453227815503989e-02,9.998695041907649239e-01,-1.615734352895758716e-02
1.645933477396928704e-02,9.998645329152888728e-01,-1.646230820155118041e-02
1.676413726978353419e-02,9.998594686848895075e-01,-1.676727899598518673e-02
1.706893976559777787e-02,9.998543114976833346e-01,-1.707225602582703242e-02
1.737374226141202502e-02,9.998490613517526659e-01,-1.737723940465518008e-02
1.767854475722627217e-02,9.998437182451449523e-01,-1.768222924605929516e-02
1.798334725304051931e-02,9.998382821758730055e-01,-1.798722566364046455e-02
1.828814974885476299e-02,9.998327531419152203e-01,-1.829222877101140815e-02
1.859295224466901014e-02,9.998271311412150197e-01,-1.859723868179666631e-02
1.889775474048325729e-02,9.998214161716815207e-01,-1.890225550963280793e-02
1.920255723629750097e-02,9.998156082311889792e-01,-1.920727936816862130e-02
1.950735973211174812e-02,9.998097073175771232e-01,-1.951231037106533270e-02
1.981216222792599527e-02,9.998037134286511529e-01,-1.981734863199679370e-02
2.011696472374023895e-02,9.997976265621812964e-01,-2.012239426464967548e-02
2.042176721955448609e-02,9.997914467159033647e-01,-2.042744738272371172e-02
2.072656971536873324e-02,9.997851738875184191e-01,-2.073250809993184424e-02
2.103137221118297692e-02,9.997788080746929928e-01,-2.103757653000046246e-02
2.133617470699722407e-02,9.997723492750588692e-01,-2.134265278666959420e-02
2.164097720281147122e-02,9.997657974862129704e-01,-2.164773698369311036e-02
2.194577969862571837e-02,9.997591527057178018e-01,-2.195282923483891924e-02
2.225058219443996205e-02,9.997524149311011188e-01,-2.225792965388916772e-02
2.255538469025420920e-02,9.997455841598560378e-01,-2.256303835464046684e-02
2.286018718606845634e-02,9.997386603894408141e-01,-2.286815545090405827e-02
2.316498968188270002e-02,9.997316436172792864e-01,-2.317328105650603640e-02
2.346979217769694717e-02,9.997245338407603210e-01,-2.347841528528756341e-02
2.377459467351119432e-02,9.997173310572381455e-01,-2.378355825110504279e-02
2.407939716932543800e-02,9.997100352640324594e-01,-2.408871006783033092e-02
2.438419966513968515e-02,9.997026464584281014e-01,-2.439387084935095915e-02
2.468900216095393230e-02,9.996951646376751599e-01,-2.469904070957030379e-02
2.499380465676817598e-02,9.996875897989890847e-01,-2.500421976240782204e-02
2.529860715258242312e-02,9.996799219395506864e-01,-2.530940812179923241e-02
2.560340964839667027e-02,9.996721610565058036e-01,-2.561460590169671592e-02
2.590821214421091395e-02,9.996643071469656361e-01,-2.591981321606912775e-02
2.621301464002516110e-02,9.996563602080068556e-01,-2.622503017890220889e-02
2.651781713583940825e-02,9.996483202366711618e-01,-2.653025690419877347e-02
2.682261963165365193e-02,9.996401872299655045e-01,-2.683549350597890307e-02
2.712742212746789908e-02,9.996319611848620834e-01,-2.714074009828018608e-02
2.743222462328214623e-02,9.996236420982984594e-01,-2.744599679515788426e-02
2.773702711909639337e-02,9.996152299671773322e-01,-2.775126371068515133e-02
2.804182961491063705e-02,9.996067247883666518e-01,-2.805654095895322719e-02
2.834663211072488420e-02,9.995981265586995068e-01,-2.836182865407166701e-02
2.865143460653913135e-02,9.995894352749743472e-01,-2.866712691016850764e-02
2.895623710235337503e-02,9.995806509339548729e-01,-2.897243584139049671e-02
2.926103959816762218e-02,9.995717735323695896e-01,-2.927775556190329032e-02
2.956584209398186933e-02,9.995628030669128083e-01,-2.958308618589165079e-02
2.987064458979611301e-02,9.995537395342435349e-01,-2.988842782755965488e-02
3.017544708561036015e-02,9.995445829309861363e-01,-3.019378060113090539e-02
3.048024958142460730e-02,9.995353332537303404e-01,-3.049914462084871505e-02
3.078505207723885098e-02,9.995259904990306810e-01,-3.080452000097632162e-02
3.108985457305309813e-02,9.995165546634071640e-01,-3.110990685579710993e-02
3.139465706886734181e-02,9.995070257433448235e-01,-3.141530529961476803e-02
3.169945956468159243e-02,9.994974037352939433e-01,-3.172071544675356125e-02
3.200426206049583611e-02,9.994876886356698353e-01,-3.202613741155845711e-02
3.230906455631007979e-02,9.994778804408529504e-01,-3.233157130839539595e-02
3.261386705212433040e-02,9.994679791471891006e-01,-3.263701725165145395e-02
3.291866954793857408e-02,9.994579847509889037e-01,-3.294247535573507218e-02
3.322347204375281776e-02,9.994478972485284496e-01,-3.324794573507623696e-02
3.352827453956706838e-02,9.994377166360486342e-01,-3.355342850412673661e-02
3.383307703538131206e-02,9.994274429097556034e-01,-3.385892377736026554e-02
3.413787953119555574e-02,9.994170760658206421e-01,-3.416443166927273650e-02
3.444268202700980636e-02,9.994066161003801740e-01,-3.446995229438244712e-02
3.474748452282405003e-02,9.993960630095354292e-01,-3.477548576723024643e-02
3.505228701863830065e-02,9.993854167893531093e-01,-3.508103220237979158e-02
3.535708951445254433e-02,9.993746774358648333e-01,-3.538659171441772833e-02
3.566189201026678801e-02,9.993638449450670258e-01,-3.569216441795390604e-02
3.596669450608103863e-02,9.993529193129216948e-01,-3.599775042762157901e-02
3.627149700189528231e-02,9.993419005353554319e-01,-3.630334985807760068e-02
3.657629949770952599e-02,9.993307886082600788e-01,-3.660896282400264573e-02
3.688110199352377661e-02,9.993195835274927274e-01,-3.691458944010142518e-02
3.718590448933802028e-02,9.993082852888750534e-01,-3.722022982110284595e-02
3.749070698515226396e-02,9.992968938881939822e-01,-3.752588408176028151e-02
3.779550948096651458e-02,9.992854093212016897e-01,-3.783155233685172453e-02
3.810031197678075826e-02,9.992738315836149354e-01,-3.813723470118000891e-02
3.840511447259500194e-02,9.992621606711157289e-01,-3.844293128957303185e-02
3.870991696840925256e-02,9.992503965793511078e-01,-3.874864221688394117e-02
3.901471946422349624e-02,9.992385393039330266e-01,-3.905436759799135044e-02
3.931952196003773992e-02,9.992265888404383567e-01,-3.936010754779954018e-02
3.962432445585199053e-02,9.992145451844089976e-01,-3.966586218123868690e-02
3.992912695166623421e-02,9.992024083313518767e-01,-3.997163161326500874e-02
4.023392944748047789e-02,9.991901782767387274e-01,-4.027741595886105003e-02
4.053873194329472851e-02,9.991778550160065331e-01,-4.058321533303584777e-02
4.084353443910897219e-02,9.991654385445567499e-01,-4.088902985082511904e-02
4.114833693492321587e-02,9.991529288577563062e-01,-4.119485962729152462e-02
4.145313943073746649e-02,9.991403259509366030e-01,-4.150070477752482861e-02
4.175794192655171017e-02,9.991276298193941807e-01,-4.180656541664210663e-02
4.206274442236595384e-02,9.991148404583903853e-01,-4.211244165978798165e-02
4.236754691818020446e-02,9.991019578631515907e-01,-4.241833362213483921e-02
4.267234941399444814e-02,9.990889820288689771e-01,-4.272424141888296611e-02
4.297715190980869182e-02,9.990759129506986413e-01,-4.303016516526083496e-02
4.328195440562294244e-02,9.990627506237614863e-01,-4.333610497652529148e-02
4.358675690143718612e-02,9.990494950431432208e-01,-4.364206096796172107e-02
4.389155939725143674e-02,9.990361462038948037e-01,-4.394803325488431944e-02
4.419636189306568042e-02,9.990227041010314446e-01,-4.425402195263624522e-02
4.450116438887992409e-02,9.990091687295337142e-01,-4.456002717658987672e-02
4.480596688469417471e-02,9.989955400843467670e-01,-4.486604904214699235e-02
4.511076938050841839e-02,9.989818181603804526e-01,-4.517208766473897186e-02
4.541557187632266207e-02,9.989680029525097593e-01,-4.547814315982701833e-02
4.572037437213691269e-02,9.989540944555742596e-01,-4.578421564290239415e-02
4.602517686795115637e-02,9.989400926643783318e-01,-4.609030522948655978e-02
4.632997936376540005e-02,9.989259975736912711e-01,-4.639641203513145129e-02
4.663478185957965066e-02,9.989118091782468456e-01,-4.670253617541966773e-02
4.693958435539389434e-02,9.988975274727440734e-01,-4.700867776596465847e-02
4.724438685120813802e-02,9.988831524518462235e-01,-4.731483692241095912e-02
4.754918934702238864e-02,9.988686841101815928e-01,-4.762101376043439971e-02
4.785399184283663232e-02,9.988541224423431730e-01,-4.792720839574229202e-02
4.815879433865087600e-02,9.988394674428887621e-01,-4.823342094407365860e-02
4.846359683446512662e-02,9.988247191063406305e-01,-4.853965152119944781e-02
4.876839933027937030e-02,9.988098774271859659e-01,-4.884590024292272126e-02
4.907320182609361398e-02,9.987949423998766507e-01,-4.915216722507888963e-02
4.937800432190786459e-02,9.987799140188291513e-01,-4.945845258353591400e-02
4.968280681772210827e-02,9.987647922784247401e-01,-4.976475643419449313e-02
4.998760931353635195e-02,9.987495771730090510e-01,-5.007107889298831327e-02
5.029241180935060257e-02,9.987342686968929684e-01,-5.037742007588423554e-02
5.059721430516484625e-02,9.987188668443512940e-01,-5.068378009888249713e-02
5.090201680097908993e-02,9.987033716096240799e-01,-5.099015907801694725e-02
5.120681929679334055e-02,9.986877829869156287e-01,-5.129655712935526912e-02
5.151162179260758422e-02,9.986721009703950491e-01,-5.160297436899912576e-02
5.181642428842182790e-02,9.986563255541960338e-01,-5.190941091308444444e-02
5.212122678423607852e-02,9.986404567324168591e-01,-5.221586687778160402e-02
5.242602928005032220e-02,9.986244944991201633e-01,-5.252234237929561539e-02
5.273083177586456588e-02,9.986084388483336127e-01,-5.282883753386637821e-02
5.303563427167881650e-02,9.985922897740490134e-01,-5.313535245776888211e-02
5.334043676749306018e-02,9.985760472702229773e-01,-5.344188726731338712e-02
5.364523926330730386e-02,9.985597113307765893e-01,-5.374844207884568736e-02
5.395004175912155447e-02,9.985432819495954071e-01,-5.405501700874728449e-02
5.425484425493579815e-02,9.985267591205296833e-01,-5.436161217343559587e-02
5.455964675075004877e-02,9.985101428373938104e-01,-5.466822768936420440e-02
5.486444924656429245e-02,9.984934330939672087e-01,-5.497486367302304583e-02
5.516925174237853613e-02,9.984766298839933274e-01,-5.528152024093863082e-02
5.547405423819278675e-02,9.984597332011803106e-01,-5.558819750967424617e-02
5.577885673400703043e-02,9.984427430392006642e-01,-5.589489559583016298e-02
5.608365922982127411e-02,9.984256593916915890e-01,-5.620161461604388647e-02
5.638846172563552472e-02,9.984084822522544256e-01,-5.650835468699035719e-02
5.669326422144976840e-02,9.983912116144550986e-01,-5.681511592538211058e-02
5.699806671726401208e-02,9.983738474718237832e-01,-5.712189844796956850e-02
5.730286921307826270e-02,9.983563898178554608e-01,-5.742870237154121260e-02
5.760767170889250638e-02,9.983388386460091413e-01,-5.773552781292380642e-02
5.791247420470675006e-02,9.983211939497083076e-01,-5.804237488898258968e-02
5.821727670052100068e-02,9.983034557223409156e-01,-5.834924371662154191e-02
5.852207919633524436e-02,9.982856239572590606e-01,-5.865613441278354212e-02
5.882688169214948803e-02,9.982676986477795333e-01,-5.896304709445061853e-02
5.913168418796373865e-02,9.982496797871830418e-01,-5.926998187864416373e-02
5.943648668377798233e-02,9.982315673687149893e-01,-5.957693888242511504e-02
5.974128917959222601e-02,9.982133613855849186e-01,-5.988391822289421823e-02
6.004609167540647663e-02,9.981950618309667345e-01,-6.019092001719220791e-02
6.035089417122072031e-02,9.981766686979985925e-01,-6.049794438250004347e-02
6.065569666703496399e-02,9.981581819797827881e-01,-6.080499143603910334e-02
6.096049916284921460e-02,9.981396016693862006e-01,-6.111206129507144175e-02
6.126530165866345828e-02,9.981209277598396268e-01,-6.141915407689993445e-02
6.157010415447770196e-02,9.981021602441384477e-01,-6.172626989886857013e-02
6.187490665029195258e-02,9.980832991152418510e-01,-6.203340887836263778e-02
6.217970914610619626e-02,9.980643443660736081e-01,-6.234057113280892098e-02
6.248451164192043994e-02,9.980452959895216303e-01,-6.264775677967593381e-02
6.278931413773468362e-02,9.980261539784378577e-01,-6.295496593647417760e-02
6.309411663354894118e-02,9.980069183256383702e-01,-6.326219872075627970e-02
6.339891912936318485e-02,9.979875890239037206e-01,-6.356945525011722942e-02
6.370372162517742853e-02,9.979681660659783793e-01,-6.387673564219467637e-02
6.400852412099167221e-02,9.979486494445708455e-01,-6.418404001466906927e-02
6.431332661680591589e-02,9.979290391523540915e-01,-6.449136848526386412e-02
6.461812911262015957e-02,9.979093351819650071e-01,-6.479872117174580171e-02
6.492293160843441713e-02,9.978895375260043998e-01,-6.510609819192510195e-02
6.522773410424866081e-02,9.978696461770374393e-01,-6.541349966365563040e-02
6.553253660006290449e-02,9.978496611275932127e-01,-6.572092570483520357e-02
6.583733909587714817e-02,9.978295823701650580e-01,-6.602837643340575546e-02
6.614214159169139184e-02,9.978094098972100090e-01,-6.633585196735355960e-02
6.644694408750563552e-02,9.977891437011495723e-01,-6.664335242470949272e-02
6.675174658331989308e-02,9.977687837743688393e-01,-6.695087792354917355e-02
6.705654907913413676e-02,9.977483301092171519e-01,-6.725842858199322649e-02
6.736135157494838044e-02,9.977277826980078812e-01,-6.756600451820754527e-02
6.766615407076262412e-02,9.977071415330182047e-01,-6.787360585040344563e-02
6.797095656657686780e-02,9.976864066064894399e-01,-6.818123269683788734e-02
6.827575906239111148e-02,9.976655779106265998e-01,-6.848888517581373792e-02
6.858056155820536903e-02,9.976446554375988374e-01,-6.879656340567999462e-02
6.888536405401961271e-02,9.976236391795392233e-01,-6.910426750483193714e-02
6.919016654983385639e-02,9.976025291285447461e-01,-6.941199759171141903e-02
6.949496904564810007e-02,9.975813252766760897e-01,-6.971975378480704810e-02
6.979977154146234375e-02,9.975600276159579671e-01,-7.002753620265446399e-02
7.010457403727660131e-02,9.975386361383790090e-01,-7.033534496383647694e-02
7.040937653309084499e-02,9.975171508358915418e-01,-7.064318018698333146e-02
7.071417902890508866e-02,9.974955717004118094e-01,-7.095104199077294227e-02
7.101898152471933234e-02,9.974738987238200849e-01,-7.125893049393110246e-02
7.132378402053357602e-02,9.974521318979598927e-01,-7.156684581523171940e-02
7.162858651634781970e-02,9.974302712146391192e-01,-7.187478807349699517e-02
7.193338901216207726e-02,9.974083166656291244e-01,-7.218275738759770410e-02
7.223819150797632094e-02,9.973862682426651860e-01,-7.249075387645334545e-02
7.254299400379056462e-02,9.973641259374460555e-01,-7.279877765903246256e-02
7.284779649960480830e-02,9.973418897416346240e-01,-7.310682885435278167e-02
7.315259899541905197e-02,9.973195596468571456e-01,-7.341490758148148943e-02
7.345740149123329565e-02,9.972971356447036806e-01,-7.372301395953541336e-02
7.376220398704755321e-02,9.972746177267279855e-01,-7.403114810768129939e-02
7.406700648286179689e-02,9.972520058844476232e-01,-7.433931014513593671e-02
7.437180897867604057e-02,9.972293001093436304e-01,-7.464750019116651869e-02
7.467661147449028425e-02,9.972065003928607396e-01,-7.495571836509076769e-02
7.498141397030452793e-02,9.971836067264072678e-01,-7.526396478627718489e-02
7.528621646611877161e-02,9.971606191013551168e-01,-7.557223957414531401e-02
7.559101896193302916e-02,9.971375375090401061e-01,-7.588054284816589390e-02
7.589582145774727284e-02,9.971143619407610847e-01,-7.618887472786113613e-02
7.620062395356151652e-02,9.970910923877809307e-01,-7.649723533280493315e-02
7.650542644937576020e-02,9.970677288413257733e-01,-7.680562478262310810e-02
7.681022894519000388e-02,9.970442712925854378e-01,-7.711404319699358134e-02
7.711503144100424756e-02,9.970207197327132231e-01,-7.742249069564668962e-02
7.741983393681850512e-02,9.969970741528259017e-01,-7.773096739836533875e-02
7.772463643263274879e-02,9.969733345440037198e-01,-7.803947342498519790e-02
7.802943892844699247e-02,9.969495008972903971e-01,-7.834800889539506041e-02
7.833424142426123615e-02,9.969255732036932383e-01,-7.865657392953695481e-02
7.863904392007547983e-02,9.969015514541826883e-01,-7.896516864740638075e-02
7.894384641588973739e-02,9.968774356396928882e-01,-7.927379316905262818e-02
7.924864891170398107e-02,9.968532257511212302e-01,-7.958244761457886063e-02
7.955345140751822475e-02,9.968289217793285806e-01,-7.989113210414248989e-02
7.985825390333246843e-02,9.968045237151390570e-01,-8.019984675795530094e-02
8.016305639914671211e-02,9.967800315493401397e-01,-8.050859169628372947e-02
8.046785889496095578e-02,9.967554452726827829e-01,-8.081736703944907008e-02
8.077266139077521334e-02,9.967307648758813032e-01,-8.112617290782773993e-02
8.107746388658945702e-02,9.967059903496129358e-01,-8.143500942185141755e-02
8.138226638240370070e-02,9.966811216845185006e-01,-8.174387670200741751e-02
8.168706887821794438e-02,9.966561588712021802e-01,-8.205277486883877369e-02
8.199187137403218806e-02,9.966311019002311866e-01,-8.236170404294455849e-02
8.229667386984643174e-02,9.966059507621359836e-01,-8.267066434498009098e-02
8.260147636566068929e-02,9.965807054474102866e-01,-8.297965589565717281e-02
8.290627886147493297e-02,9.965553659465111735e-01,-8.328867881574428256e-02
8.321108135728917665e-02,9.965299322498586410e-01,-8.359773322606683932e-02
8.351588385310342033e-02,9.965044043478360480e-01,-8.390681924750746645e-02
8.382068634891766401e-02,9.964787822307896725e-01,-8.421593700100615809e-02
8.412548884473190769e-02,9.964530658890292658e-01,-8.452508660756050118e-02
8.443029134054616525e-02,9.964272553128272758e-01,-8.483426818822602244e-02
8.473509383636040893e-02,9.964013504924196241e-01,-8.514348186411625774e-02
8.503989633217465260e-02,9.963753514180050397e-01,-8.545272775640314067e-02
8.534469882798889628e-02,9.963492580797455034e-01,-8.576200598631712746e-02
8.564950132380313996e-02,9.963230704677658034e-01,-8.607131667514746065e-02
8.595430381961738364e-02,9.962967885721540906e-01,-8.638065994424243277e-02
8.625910631543164120e-02,9.962704123829612124e-01,-8.669003591500956674e-02
8.656390881124588488e-02,9.962439418902009347e-01,-8.699944470891587955e-02
8.686871130706012856e-02,9.962173770838504971e-01,-8.730888644748811822e-02
8.717351380287437224e-02,9.961907179538495027e-01,-8.761836125231299566e-02
8.747831629868861592e-02,9.961639644901008062e-01,-8.792786924503741275e-02
8.778311879450287347e-02,9.961371166824701806e-01,-8.823741054736870815e-02
8.808792129031711715e-02,9.961101745207860958e-01,-8.854698528107483868e-02
8.839272378613136083e-02,9.960831379948401620e-01,-8.885659356798469855e-02
8.869752628194560451e-02,9.960560070943865751e-01,-8.916623552998829971e-02
8.900232877775984819e-02,9.960287818091425605e-01,-8.947591128903704949e-02
8.930713127357409187e-02,9.960014621287880399e-01,-8.978562096714391705e-02
8.961193376938834942e-02,9.959740480429659648e-01,-9.009536468638373874e-02
8.991673626520259310e-02,9.959465395412816502e-01,-9.040514256889341238e-02
9.022153876101683678e-02,9.959189366133035515e-01,-9.071495473687214706e-02
9.052634125683108046e-02,9.958912392485628207e-01,-9.102480131258171292e-02
9.083114375264532414e-02,9.958634474365531952e-01,-9.133468241834666324e-02
9.113594624845956782e-02,9.958355611667311091e-01,-9.164459817655457030e-02
9.144074874427382538e-02,9.958075804285158039e-01,-9.195454870965628913e-02
9.174555124008806906e-02,9.957795052112891065e-01,-9.226453414016613785e-02
9.205035373590231274e-02,9.957513355043956516e-01,-9.257455459066217529e-02
9.235515623171655641e-02,9.957230712971423259e-01,-9.288461018378646461e-02
9.265995872753080009e-02,9.956947125787991570e-01,-9.319470104224528151e-02
9.296476122334504377e-02,9.956662593385982030e-01,-9.350482728880932237e-02
9.326956371915930133e-02,9.956377115657345511e-01,-9.381498904631403735e-02
9.357436621497354501e-02,9.956090692493655414e-01,-9.412518643765972748e-02
9.387916871078778869e-02,9.955803323786112102e-01,-9.443541958581190554e-02
9.418397120660203237e-02,9.955515009425540685e-01,-9.474568861380153195e-02
9.448877370241627605e-02,9.955225749302391014e-01,-9.505599364472516744e-02
9.479357619823051972e-02,9.954935543306736578e-01,-9.536633480174527833e-02
9.509837869404477728e-02,9.954644391328276720e-01,-9.567671220809051413e-02
9.540318118985902096e-02,9.954352293256335527e-01,-9.598712598705580468e-02
9.570798368567326464e-02,9.954059248979858499e-01,-9.629757626200279030e-02
9.601278618148750832e-02,9.953765258387419212e-01,-9.660806315635990515e-02
9.631758867730175200e-02,9.953470321367211548e-01,-9.691858679362271023e-02
9.662239117311599568e-02,9.953174437807053021e-01,-9.722914729735412931e-02
9.692719366893025323e-02,9.952877607594385889e-01,-9.753974479118464325e-02
9.723199616474449691e-02,9.952579830616276046e-01,-9.785037939881256752e-02
9.753679866055874059e-02,9.952281106759409690e-01,-9.816105124400427429e-02
9.784160115637298427e-02,9.951981435910098872e-01,-9.847176045059451155e-02
9.814640365218722795e-02,9.951680817954273728e-01,-9.878250714248650033e-02
9.845120614800148551e-02,9.951379252777490247e-01,-9.909329144365235098e-02
9.875600864381572919e-02,9.951076740264926945e-01,-9.940411347813314646e-02
9.906081113962997287e-02,9.950773280301380419e-01,-9.971497337003928929e-02
9.936561363544421654e-02,9.950468872771272011e-01,-1.000258712435507513e-01
9.967041613125846022e-02,9.950163517558643367e-01,-1.003368072229172264e-01
9.997521862707270390e-02,9.949857214547158657e-01,-1.006477814324585190e-01
1.002800211228869615e-01,9.949549963620099025e-01,-1.009587939965646275e-01
1.005848236187012051e-01,9.949241764660372578e-01,-1.012698450396960909e-01
1.008896261145154488e-01,9.948932617550501067e-01,-1.015809346863842527e-01
1.011944286103296925e-01,9.948622522172633209e-01,-1.018920630612314138e-01
1.014992311061439362e-01,9.948311478408532471e-01,-1.022032302889111927e-01
1.018040336019581799e-01,9.947999486139584846e-01,-1.025144364941686648e-01
1.021088360977724374e-01,9.947686545246795520e-01,-1.028256818018207092e-01
1.024136385935866811e-01,9.947372655610788872e-01,-1.031369663367561612e-01
1.027184410894009248e-01,9.947057817111809586e-01,-1.034482902239361179e-01
1.030232435852151684e-01,9.946742029629720427e-01,-1.037596535883942156e-01
1.033280460810294121e-01,9.946425293044002247e-01,-1.040710565552367961e-01
1.036328485768436558e-01,9.946107607233755088e-01,-1.043824992496432125e-01
1.039376510726579134e-01,9.945788972077699297e-01,-1.046939817968660785e-01
1.042424535684721570e-01,9.945469387454168864e-01,-1.050055043222314910e-01
1.045472560642864007e-01,9.945148853241120301e-01,-1.053170669511392932e-01
1.048520585601006444e-01,9.944827369316124877e-01,-1.056286698090633386e-01
1.051568610559148881e-01,9.944504935556373049e-01,-1.059403130215517130e-01
1.054616635517291318e-01,9.944181551838671140e-01,-1.062519967142270400e-01
1.057664660475433893e-01,9.943857218039442447e-01,-1.065637210127866608e-01
1.060712685433576330e-01,9.943531934034728348e-01,-1.068754860430028986e-01
1.063760710391718767e-01,9.943205699700186084e-01,-1.071872919307233912e-01
1.066808735349861204e-01,9.942878514911087651e-01,-1.074991388018712440e-01
1.069856760308003640e-01,9.942550379542324235e-01,-1.078110267824453350e-01
1.072904785266146077e-01,9.942221293468400667e-01,-1.081229559985205507e-01
1.075952810224288653e-01,9.941891256563437640e-01,-1.084349265762480641e-01
1.079000835182431089e-01,9.941560268701171710e-01,-1.087469386418555284e-01
1.082048860140573526e-01,9.941228329754953075e-01,-1.090589923216473967e-01
1.085096885098715963e-01,9.940895439597750016e-01,-1.093710877420051714e-01
1.088144910056858400e-01,9.940561598102142238e-01,-1.096832250293875988e-01
1.091192935015000975e-01,9.940226805140326416e-01,-1.099954043103310158e-01
1.094240959973143412e-01,9.939891060584110649e-01,-1.103076257114494890e-01
1.097288984931285849e-01,9.939554364304918899e-01,-1.106198893594351612e-01
1.100337009889428286e-01,9.939216716173788768e-01,-1.109321953810585154e-01
1.103385034847570723e-01,9.938878116061372614e-01,-1.112445439031685551e-01
1.106433059805713159e-01,9.938538563837931994e-01,-1.115569350526931236e-01
1.109481084763855735e-01,9.938198059373344329e-01,-1.118693689566391258e-01
1.112529109721998172e-01,9.937856602537100681e-01,-1.121818457420928200e-01
1.115577134680140609e-01,9.937514193198302426e-01,-1.124943655362200257e-01
1.118625159638283045e-01,9.937170831225664580e-01,-1.128069284662664429e-01
1.121673184596425482e-01,9.936826516487513583e-01,-1.131195346595578466e-01
1.124721209554567919e-01,9.936481248851788406e-01,-1.134321842435004335e-01
1.127769234512710494e-01,9.936135028186037221e-01,-1.137448773455809747e-01
1.130817259470852931e-01,9.935787854357422955e-01,-1.140576140933671212e-01
1.133865284428995368e-01,9.935439727232717733e-01,-1.143703946145077088e-01
1.136913309387137805e-01,9.935090646678303994e-01,-1.146832190367329668e-01
1.139961334345280242e-01,9.934740612560176709e-01,-1.149960874878547812e-01
1.143009359303422678e-01,9.934389624743937830e-01,-1.153090000957669448e-01
1.146057384261565254e-01,9.934037683094801841e-01,-1.156219569884455040e-01
1.149105409219707691e-01,9.933684787477593536e-01,-1.159349582939488560e-01
1.152153434177850128e-01,9.933330937756745804e-01,-1.162480041404182068e-01
1.155201459135992564e-01,9.932976133796300733e-01,-1.165610946560776684e-01
1.158249484094135001e-01,9.932620375459910722e-01,-1.168742299692346331e-01
1.161297509052277438e-01,9.932263662610835153e-01,-1.171874102082799685e-01
1.164345534010420014e-01,9.931905995111944829e-01,-1.175006355016883081e-01
1.167393558968562450e-01,9.931547372825716424e-01,-1.178139059780183157e-01
1.170441583926704887e-01,9.931187795614233593e-01,-1.181272217659129348e-01
1.173489608884847324e-01,9.930827263339191413e-01,-1.184405829940996940e-01
1.176537633842989761e-01,9.930465775861889721e-01,-1.187539897913909015e-01
1.179585658801132336e-01,9.930103333043235336e-01,-1.190674422866839915e-01
1.182633683759274773e-01,9.929739934743744278e-01,-1.193809406089617192e-01
1.185681708717417210e-01,9.929375580823538439e-01,-1.196944848872924516e-01
1.188729733675559647e-01,9.929010271142344468e-01,-1.200080752508304732e-01
1.191777758633702083e-01,9.928644005559498220e-01,-1.203217118288161941e-01
1.194825783591844520e-01,9.928276783933938088e-01,-1.206353947505764412e-01
1.197873808549987096e-01,9.927908606124210555e-01,-1.209491241455247501e-01
1.200921833508129533e-01,9.927539471988466868e-01,-1.212629001431615727e-01
1.203969858466271969e-01,9.927169381384464142e-01,-1.215767228730746108e-01
1.207017883424414406e-01,9.926798334169562033e-01,-1.218905924649390238e-01
1.210065908382556843e-01,9.926426330200728287e-01,-1.222045090485177621e-01
1.213113933340699280e-01,9.926053369334530974e-01,-1.225184727536618029e-01
1.216161958298841855e-01,9.925679451427147360e-01,-1.228324837103104000e-01
1.219209983256984292e-01,9.925304576334351703e-01,-1.231465420484913753e-01
1.222258008215126729e-01,9.924928743911529683e-01,-1.234606478983214101e-01
1.225306033173269166e-01,9.924551954013662858e-01,-1.237748013900062671e-01
1.228354058131411602e-01,9.924174206495340878e-01,-1.240890026538411239e-01
1.231402083089554039e-01,9.923795501210753711e-01,-1.244032518202107807e-01
1.234450108047696615e-01,9.923415838013694978e-01,-1.247175490195899933e-01
1.237498133005839052e-01,9.923035216757558619e-01,-1.250318943825436679e-01
1.240546157963981488e-01,9.922653637295343332e-01,-1.253462880397271939e-01
1.243594182922123925e-01,9.922271099479648138e-01,-1.256607301218867490e-01
1.246642207880266362e-01,9.921887603162671265e-01,-1.259752207598594798e-01
1.249690232838408799e-01,9.921503148196214594e-01,-1.262897600845738488e-01
1.252738257796551236e-01,9.921117734431680324e-01,-1.266043482270498566e-01
1.255786282754693672e-01,9.920731361720070973e-01,-1.269189853183993744e-01
1.258834307712836109e-01,9.920344029911989381e-01,-1.272336714898263665e-01
1.261882332670978824e-01,9.919955738857637595e-01,-1.275484068726272513e-01
1.264930357629121260e-01,9.919566488406817983e-01,-1.278631915981909839e-01
1.267978382587263697e-01,9.919176278408933234e-01,-1.281780257979995841e-01
1.271026407545406134e-01,9.918785108712983023e-01,-1.284929096036282192e-01
1.274074432503548571e-01,9.918392979167567347e-01,-1.288078431467456209e-01
1.277122457461691007e-01,9.917999889620884302e-01,-1.291228265591142232e-01
1.280170482419833444e-01,9.917605839920728972e-01,-1.294378599725905798e-01
1.283218507377975881e-01,9.917210829914497872e-01,-1.297529435191255576e-01
1.286266532336118318e-01,9.916814859449182284e-01,-1.300680773307646143e-01
1.289314557294260755e-01,9.916417928371370483e-01,-1.303832615396481043e-01
1.292362582252403191e-01,9.916020036527249948e-01,-1.306984962780115833e-01
1.295410607210545906e-01,9.915621183762604041e-01,-1.310137816781860587e-01
1.298458632168688343e-01,9.915221369922810890e-01,-1.313291178725981556e-01
1.301506657126830779e-01,9.914820594852848945e-01,-1.316445049937707001e-01
1.304554682084973216e-01,9.914418858397288092e-01,-1.319599431743226636e-01
1.307602707043115653e-01,9.914016160400296318e-01,-1.322754325469696624e-01
1.310650732001258090e-01,9.913612500705636377e-01,-1.325909732445241795e-01
1.313698756959400527e-01,9.913207879156666902e-01,-1.329065653998957874e-01
1.316746781917542963e-01,9.912802295596340185e-01,-1.332222091460915359e-01
1.319794806875685400e-01,9.912395749867203287e-01,-1.335379046162161742e-01
1.322842831833827837e-01,9.911988241811395817e-01,-1.338536519434724015e-01
1.325890856791970274e-01,9.911579771270655481e-01,-1.341694512611612544e-01
1.328938881750112710e-01,9.911170338086309206e-01,-1.344853027026822745e-01
1.331986906708255425e-01,9.910759942099279796e-01,-1.348012064015339517e-01
1.335034931666397862e-01,9.910348583150080382e-01,-1.351171624913137803e-01
1.338082956624540298e-01,9.909936261078819975e-01,-1.354331711057187304e-01
1.341130981582682735e-01,9.909522975725197913e-01,-1.357492323785454980e-01
1.344179006540825172e-01,9.909108726928506083e-01,-1.360653464436907822e-01
1.347227031498967609e-01,9.908693514527626700e-01,-1.363815134351515079e-01
1.350275056457110046e-01,9.908277338361036746e-01,-1.366977334870252137e-01
1.353323081415252482e-01,9.907860198266800200e-01,-1.370140067335103295e-01
1.356371106373394919e-01,9.907442094082575812e-01,-1.373303333089063161e-01
1.359419131331537356e-01,9.907023025645610437e-01,-1.376467133476142191e-01
1.362467156289679793e-01,9.906602992792740148e-01,-1.379631469841366975e-01
1.365515181247822230e-01,9.906181995360394676e-01,-1.382796343530784955e-01
1.368563206205964944e-01,9.905760033184588531e-01,-1.385961755891466640e-01
1.371611231164107381e-01,9.905337106100929878e-01,-1.389127708271507278e-01
1.374659256122249817e-01,9.904913213944613881e-01,-1.392294202020032956e-01
1.377707281080392254e-01,9.904488356550422701e-01,-1.395461238487200328e-01
1.380755306038534691e-01,9.904062533752729935e-01,-1.398628819024201331e-01
1.383803330996677128e-01,9.903635745385495071e-01,-1.401796944983265125e-01
1.386851355954819565e-01,9.903207991282265699e-01,-1.404965617717662263e-01
1.389899380912962001e-01,9.902779271276177520e-01,-1.408134838581706072e-01
1.392947405871104438e-01,9.902349585199952120e-01,-1.411304608930757098e-01
1.395995430829246875e-01,9.901918932885899194e-01,-1.414474930121224494e-01
1.399043455787389312e-01,9.901487314165913212e-01,-1.417645803510570734e-01
1.402091480745532026e-01,9.901054728871475641e-01,-1.420817230457313562e-01
1.405139505703674463e-01,9.900621176833654946e-01,-1.423989212321028208e-01
1.408187530661816900e-01,9.900186657883102148e-01,-1.427161750462351830e-01
1.411235555619959336e-01,9.899751171850055265e-01,-1.430334846242986013e-01
1.414283580578101773e-01,9.899314718564337090e-01,-1.433508501025699544e-01
1.417331605536244210e-01,9.898877297855354085e-01,-1.436682716174330909e-01
1.420379630494386647e-01,9.898438909552098597e-01,-1.439857493053792736e-01
1.423427655452529084e-01,9.897999553483143309e-01,-1.443032833030073459e-01
1.426475680410671520e-01,9.897559229476649012e-01,-1.446208737470240369e-01
1.429523705368813957e-01,9.897117937360355722e-01,-1.449385207742443504e-01
1.432571730326956394e-01,9.896675676961588231e-01,-1.452562245215917869e-01
1.435619755285098831e-01,9.896232448107253887e-01,-1.455739851260986761e-01
1.438667780243241545e-01,9.895788250623840376e-01,-1.458918027249065386e-01
1.441715805201383982e-01,9.895343084337420159e-01,-1.462096774552661960e-01
1.444763830159526419e-01,9.894896949073643810e-01,-1.465276094545382712e-01
1.447811855117668856e-01,9.894449844657745574e-01,-1.468455988601934659e-01
1.450859880075811292e-01,9.894001770914540028e-01,-1.471636458098127265e-01
1.453907905033953729e-01,9.893552727668422087e-01,-1.474817504410877445e-01
1.456955929992096166e-01,9.893102714743364778e-01,-1.477999128918210947e-01
1.460003954950238603e-01,9.892651731962924799e-01,-1.481181332999265965e-01
1.463051979908381039e-01,9.892199779150236960e-01,-1.484364118034296742e-01
1.466100004866523476e-01,9.891746856128011967e-01,-1.487547485404675796e-01
1.469148029824665913e-01,9.891292962718543080e-01,-1.490731436492897521e-01
1.472196054782808627e-01,9.890838098743701678e-01,-1.493915972682581528e-01
1.475244079740951064e-01,9.890382264024935033e-01,-1.497101095358474299e-01
1.478292104699093501e-01,9.889925458383270751e-01,-1.500286805906453913e-01
1.481340129657235938e-01,9.889467681639311225e-01,-1.503473105713532543e-01
1.484388154615378375e-01,9.889008933613238073e-01,-1.506659996167859228e-01
1.487436179573520811e-01,9.888549214124808806e-01,-1.509847478658723485e-01
1.490484204531663248e-01,9.888088522993356833e-01,-1.513035554576557806e-01
1.493532229489805685e-01,9.887626860037793675e-01,-1.516224225312941820e-01
1.496580254447948122e-01,9.887164225076602309e-01,-1.519413492260603959e-01
1.499628279406090559e-01,9.886700617927846046e-01,-1.522603356813425901e-01
1.502676304364232995e-01,9.886236038409159654e-01,-1.525793820366444509e-01
1.505724329322375432e-01,9.885770486337753793e-01,-1.528984884315856274e-01
1.508772354280518146e-01,9.885303961530413908e-01,-1.532176550059019537e-01
1.511820379238660583e-01,9.884836463803496898e-01,-1.535368818994457263e-01
1.514868404196803020e-01,9.884367992972936667e-01,-1.538561692521861202e-01
1.517916429154945457e-01,9.883898548854237465e-01,-1.541755172042095223e-01
1.520964454113087894e-01,9.883428131262478322e-01,-1.544949258957196980e-01
1.524012479071230330e-01,9.882956740012310837e-01,-1.548143954670382350e-01
1.527060504029372767e-01,9.882484374917954728e-01,-1.551339260586047930e-01
1.530108528987515204e-01,9.882011035793207832e-01,-1.554535178109774651e-01
1.533156553945657641e-01,9.881536722451434995e-01,-1.557731708648331104e-01
1.536204578903800078e-01,9.881061434705572522e-01,-1.560928853609676037e-01
1.539252603861942514e-01,9.880585172368128166e-01,-1.564126614402961968e-01
1.542300628820084951e-01,9.880107935251181139e-01,-1.567324992438538234e-01
1.545348653778227666e-01,9.879629723166377664e-01,-1.570523989127954601e-01
1.548396678736370102e-01,9.879150535924936527e-01,-1.573723605883963483e-01
1.551444703694512539e-01,9.878670373337644639e-01,-1.576923844120524942e-01
1.554492728652654976e-01,9.878189235214855923e-01,-1.580124705252807515e-01
1.557540753610797413e-01,9.877707121366495757e-01,-1.583326190697193492e-01
1.560588778568939849e-01,9.877224031602056531e-01,-1.586528301871281410e-01
1.563636803527082286e-01,9.876739965730596538e-01,-1.589731040193888556e-01
1.566684828485224723e-01,9.876254923560744414e-01,-1.592934407085055959e-01
1.569732853443367160e-01,9.875768904900693590e-01,-1.596138403966049502e-01
1.572780878401509597e-01,9.875281909558205617e-01,-1.599343032259364639e-01
1.575828903359652033e-01,9.874793937340605732e-01,-1.602548293388729450e-01
1.578876928317794748e-01,9.874304988054788401e-01,-1.605754188779107972e-01
1.581924953275937185e-01,9.873815061507210666e-01,-1.608960719856701860e-01
1.584972978234079621e-01,9.873324157503897691e-01,-1.612167888048956221e-01
1.588021003192222058e-01,9.872832275850437211e-01,-1.615375694784561555e-01
1.591069028150364495e-01,9.872339416351980645e-01,-1.618584141493456530e-01
1.594117053108506932e-01,9.871845578813244204e-01,-1.621793229606832420e-01
1.597165078066649369e-01,9.871350763038510001e-01,-1.625002960557135889e-01
1.600213103024791805e-01,9.870854968831619392e-01,-1.628213335778071758e-01
1.603261127982934242e-01,9.870358195995979633e-01,-1.631424356704607448e-01
1.606309152941076679e-01,9.869860444334558336e-01,-1.634636024772975205e-01
1.609357177899219116e-01,9.869361713649885681e-01,-1.637848341420676257e-01
1.612405202857361552e-01,9.868862003744055533e-01,-1.641061308086483594e-01
1.615453227815504267e-01,9.868361314418718777e-01,-1.644274926210445575e-01
1.618501252773646704e-01,9.867859645475092201e-01,-1.647489197233888980e-01
1.621549277731789140e-01,9.867356996713949613e-01,-1.650704122599422619e-01
1.624597302689931577e-01,9.866853367935626284e-01,-1.653919703750940662e-01
1.627645327648074014e-01,9.866348758940015617e-01,-1.657135942133626250e-01
1.630693352606216451e-01,9.865843169526572476e-01,-1.660352839193953711e-01
1.633741377564358888e-01,9.865336599494308745e-01,-1.663570396379693561e-01
1.636789402522501324e-01,9.864829048641796660e-01,-1.666788615139914997e-01
1.639837427480643761e-01,9.864320516767166591e-01,-1.670007496924988677e-01
1.642885452438786198e-01,9.863811003668103705e-01,-1.673227043186591712e-01
1.645933477396928635e-01,9.863300509141852412e-01,-1.676447255377709333e-01
1.648981502355071072e-01,9.862789032985216364e-01,-1.679668134952639891e-01
1.652029527313213786e-01,9.862276574994551792e-01,-1.682889683366997069e-01
1.655077552271356223e-01,9.861763134965773059e-01,-1.686111902077712943e-01
1.658125577229498659e-01,9.861248712694350438e-01,-1.689334792543043529e-01
1.661173602187641096e-01,9.860733307975307893e-01,-1.692558356222569615e-01
1.664221627145783533e-01,9.860216920603226409e-01,-1.695782594577202318e-01
1.667269652103925970e-01,9.859699550372240662e-01,-1.699007509069185295e-01
1.670317677062068407e-01,9.859181197076039016e-01,-1.702233101162097806e-01
1.673365702020210843e-01,9.858661860507863528e-01,-1.705459372320859701e-01
1.676413726978353280e-01,9.858141540460509944e-01,-1.708686324011733926e-01
1.679461751936495717e-01,9.857620236726326590e-01,-1.711913957702329570e-01
1.682509776894638154e-01,9.857097949097215484e-01,-1.715142274861606309e-01
1.685557801852780868e-01,9.856574677364627890e-01,-1.718371276959877458e-01
1.688605826810923305e-01,9.856050421319568766e-01,-1.721600965468812472e-01
1.691653851769065742e-01,9.855525180752595649e-01,-1.724831341861442491e-01
1.694701876727208179e-01,9.854998955453814213e-01,-1.728062407612162010e-01
1.697749901685350615e-01,9.854471745212880496e-01,-1.731294164196733598e-01
1.700797926643493052e-01,9.853943549819003112e-01,-1.734526613092290115e-01
1.703845951601635489e-01,9.853414369060937705e-01,-1.737759755777339987e-01
1.706893976559777926e-01,9.852884202726989171e-01,-1.740993593731768596e-01
1.709942001517920362e-01,9.852353050605014984e-01,-1.744228128436843828e-01
1.712990026476062799e-01,9.851820912482414094e-01,-1.747463361375218294e-01
1.716038051434205236e-01,9.851287788146140256e-01,-1.750699294030933217e-01
1.719086076392347673e-01,9.850753677382689810e-01,-1.753935927889422042e-01
1.722134101350490387e-01,9.850218579978108346e-01,-1.757173264437514870e-01
1.725182126308632824e-01,9.849682495717987374e-01,-1.760411305163439299e-01
1.728230151266775261e-01,9.849145424387465431e-01,-1.763650051556827081e-01
1.731278176224917698e-01,9.848607365771224753e-01,-1.766889505108716618e-01
1.734326201183060134e-01,9.848068319653494607e-01,-1.770129667311555743e-01
1.737374226141202571e-01,9.847528285818050175e-01,-1.773370539659205880e-01
1.740422251099345008e-01,9.846987264048209232e-01,-1.776612123646946206e-01
1.743470276057487445e-01,9.846445254126832136e-01,-1.779854420771475876e-01
1.746518301015629882e-01,9.845902255836327388e-01,-1.783097432530919291e-01
1.749566325973772318e-01,9.845358268958641634e-01,-1.786341160424828878e-01
1.752614350931914755e-01,9.844813293275268551e-01,-1.789585605954187586e-01
1.755662375890057469e-01,9.844267328567241071e-01,-1.792830770621415271e-01
1.758710400848199906e-01,9.843720374615134716e-01,-1.796076655930368970e-01
1.761758425806342343e-01,9.843172431199067596e-01,-1.799323263386349570e-01
1.764806450764484780e-01,9.842623498098697077e-01,-1.802570594496103740e-01
1.767854475722627217e-01,9.842073575093223115e-01,-1.805818650767827549e-01
1.770902500680769653e-01,9.841522661961382701e-01,-1.809067433711171458e-01
1.773950525638912090e-01,9.840970758481455416e-01,-1.812316944837242261e-01
1.776998550597054527e-01,9.840417864431258987e-01,-1.815567185658607807e-01
1.780046575555196964e-01,9.839863979588150400e-01,-1.818818157689300885e-01
1.783094600513339401e-01,9.839309103729022565e-01,-1.822069862444821997e-01
1.786142625471481837e-01,9.838753236630307653e-01,-1.825322301442143524e-01
1.789190650429624274e-01,9.838196378067978198e-01,-1.828575476199714167e-01
1.792238675387766988e-01,9.837638527817538225e-01,-1.831829388237461165e-01
1.795286700345909425e-01,9.837079685654033234e-01,-1.835084039076794737e-01
1.798334725304051862e-01,9.836519851352042432e-01,-1.838339430240611971e-01
1.801382750262194299e-01,9.835959024685678731e-01,-1.841595563253301260e-01
1.804430775220336736e-01,9.835397205428594303e-01,-1.844852439640743968e-01
1.807478800178479172e-01,9.834834393353973914e-01,-1.848110060930320542e-01
1.810526825136621609e-01,9.834270588234534927e-01,-1.851368428650911890e-01
1.813574850094764046e-01,9.833705789842530631e-01,-1.854627544332905775e-01
1.816622875052906483e-01,9.833139997949749134e-01,-1.857887409508198195e-01
1.819670900011048920e-01,9.832573212327506695e-01,-1.861148025710198661e-01
1.822718924969191356e-01,9.832005432746655504e-01,-1.864409394473832970e-01
1.825766949927333793e-01,9.831436658977579235e-01,-1.867671517335548204e-01
1.828814974885476508e-01,9.830866890790191936e-01,-1.870934395833315500e-01
1.831862999843618944e-01,9.830296127953940255e-01,-1.874198031506633666e-01
1.834911024801761381e-01,9.829724370237798992e-01,-1.877462425896534171e-01
1.837959049759903818e-01,9.829151617410275543e-01,-1.880727580545583921e-01
1.841007074718046255e-01,9.828577869239405462e-01,-1.883993496997889705e-01
1.844055099676188691e-01,9.828003125492753567e-01,-1.887260176799102074e-01
1.847103124634331128e-01,9.827427385937412829e-01,-1.890527621496417843e-01
1.850151149592473565e-01,9.826850650340006599e-01,-1.893795832638585919e-01
1.853199174550616002e-01,9.826272918466683048e-01,-1.897064811775909798e-01
1.856247199508758439e-01,9.825694190083118507e-01,-1.900334560460252287e-01
1.859295224466900875e-01,9.825114464954517457e-01,-1.903605080245038272e-01
1.862343249425043590e-01,9.824533742845609208e-01,-1.906876372685260002e-01
1.865391274383186027e-01,9.823952023520649002e-01,-1.910148439337479298e-01
1.868439299341328463e-01,9.823369306743419127e-01,-1.913421281759833115e-01
1.871487324299470900e-01,9.822785592277223365e-01,-1.916694901512036586e-01
1.874535349257613337e-01,9.822200879884892544e-01,-1.919969300155386915e-01
1.877583374215755774e-01,9.821615169328780093e-01,-1.923244479252767536e-01
1.880631399173898211e-01,9.821028460370764268e-01,-1.926520440368651721e-01
1.883679424132040647e-01,9.820440752772244819e-01,-1.929797185069107024e-01
1.886727449090183084e-01,9.819852046294142989e-01,-1.933074714921798609e-01
1.889775474048325521e-01,9.819262340696905955e-01,-1.936353031495993693e-01
1.892823499006467958e-01,9.818671635740496839e-01,-1.939632136362565429e-01
1.895871523964610394e-01,9.818079931184404696e-01,-1.942912031093996794e-01
1.898919548922753109e-01,9.817487226787636745e-01,-1.946192717264384198e-01
1.901967573880895546e-01,9.816893522308718367e-01,-1.949474196449441643e-01
1.905015598839037982e-01,9.816298817505698660e-01,-1.952756470226505447e-01
1.908063623797180419e-01,9.815703112136141550e-01,-1.956039540174537017e-01
1.911111648755322856e-01,9.815106405957133573e-01,-1.959323407874128398e-01
1.914159673713465293e-01,9.814508698725273872e-01,-1.962608074907504496e-01
1.917207698671607730e-01,9.813909990196685307e-01,-1.965893542858528076e-01
1.920255723629750166e-01,9.813310280127002239e-01,-1.969179813312703919e-01
1.923303748587892603e-01,9.812709568271379412e-01,-1.972466887857182993e-01
1.926351773546035040e-01,9.812107854384485295e-01,-1.975754768080765222e-01
1.929399798504177477e-01,9.811505138220504296e-01,-1.979043455573905042e-01
1.932447823462319914e-01,9.810901419533136769e-01,-1.982332951928714726e-01
1.935495848420462628e-01,9.810296698075595678e-01,-1.985623258738969110e-01
1.938543873378605065e-01,9.809690973600611041e-01,-1.988914377600107808e-01
1.941591898336747501e-01,9.809084245860422158e-01,-1.992206310109241596e-01
1.944639923294889938e-01,9.808476514606784269e-01,-1.995499057865155745e-01
1.947687948253032375e-01,9.807867779590965229e-01,-1.998792622468313629e-01
1.950735973211174812e-01,9.807258040563742174e-01,-2.002087005520860608e-01
1.953783998169317249e-01,9.806647297275407071e-01,-2.005382208626629581e-01
1.956832023127459685e-01,9.806035549475760060e-01,-2.008678233391143209e-01
1.959880048085602122e-01,9.805422796914111672e-01,-2.011975081421620015e-01
1.962928073043744559e-01,9.804809039339285048e-01,-2.015272754326977167e-01
1.965976098001886996e-01,9.804194276499609284e-01,-2.018571253717834357e-01
1.969024122960029710e-01,9.803578508142924974e-01,-2.021870581206519635e-01
1.972072147918172147e-01,9.802961734016579776e-01,-2.025170738407071902e-01
1.975120172876314584e-01,9.802343953867428406e-01,-2.028471726935245911e-01
1.978168197834457021e-01,9.801725167441834863e-01,-2.031773548408516428e-01
1.981216222792599457e-01,9.801105374485667987e-01,-2.035076204446081838e-01
1.984264247750741894e-01,9.800484574744302568e-01,-2.038379696668869423e-01
1.987312272708884331e-01,9.799862767962622678e-01,-2.041684026699538135e-01
1.990360297667026768e-01,9.799239953885011678e-01,-2.044989196162484701e-01
1.993408322625169204e-01,9.798616132255363320e-01,-2.048295206683845848e-01
1.996456347583311641e-01,9.797991302817071757e-01,-2.051602059891503571e-01
1.999504372541454078e-01,9.797365465313034871e-01,-2.054909757415089855e-01
2.002552397499596515e-01,9.796738619485656496e-01,-2.058218300885989449e-01
2.005600422457739229e-01,9.796110765076838645e-01,-2.061527691937346252e-01
2.008648447415881666e-01,9.795481901827989279e-01,-2.064837932204064697e-01
2.011696472374024103e-01,9.794852029480015654e-01,-2.068149023322817248e-01
2.014744497332166540e-01,9.794221147773326530e-01,-2.071460966932046344e-01
2.017792522290308976e-01,9.793589256447829960e-01,-2.074773764671969389e-01
2.020840547248451413e-01,9.792956355242935507e-01,-2.078087418184583479e-01
2.023888572206593850e-01,9.792322443897549800e-01,-2.081401929113669558e-01
2.026936597164736287e-01,9.791687522150080980e-01,-2.084717299104796306e-01
2.029984622122878724e-01,9.791051589738433147e-01,-2.088033529805324584e-01
2.033032647081021160e-01,9.790414646400007470e-01,-2.091350622864412423e-01
2.036080672039163597e-01,9.789776691871705516e-01,-2.094668579933018637e-01
2.039128696997306034e-01,9.789137725889921482e-01,-2.097987402663906986e-01
2.042176721955448748e-01,9.788497748190547743e-01,-2.101307092711652280e-01
2.045224746913591185e-01,9.787856758508971522e-01,-2.104627651732641769e-01
2.048272771871733622e-01,9.787214756580074893e-01,-2.107949081385082635e-01
2.051320796829876059e-01,9.786571742138234775e-01,-2.111271383329004214e-01
2.054368821788018495e-01,9.785927714917320719e-01,-2.114594559226263826e-01
2.057416846746160932e-01,9.785282674650696011e-01,-2.117918610740550378e-01
2.060464871704303369e-01,9.784636621071217677e-01,-2.121243539537388534e-01
2.063512896662445806e-01,9.783989553911232040e-01,-2.124569347284143706e-01
2.066560921620588243e-01,9.783341472902580271e-01,-2.127896035650027051e-01
2.069608946578730679e-01,9.782692377776591730e-01,-2.131223606306098528e-01
2.072656971536873116e-01,9.782042268264088403e-01,-2.134552060925272166e-01
2.075704996495015831e-01,9.781391144095379353e-01,-2.137881401182321617e-01
2.078753021453158267e-01,9.780739005000265163e-01,-2.141211628753880991e-01
2.081801046411300704e-01,9.780085850708035711e-01,-2.144542745318454569e-01
2.084849071369443141e-01,9.779431680947465733e-01,-2.147874752556416800e-01
2.087897096327585578e-01,9.778776495446820372e-01,-2.151207652150019245e-01
2.090945121285728014e-01,9.778120293933850737e-01,-2.154541445783394460e-01
2.093993146243870451e-01,9.777463076135793907e-01,-2.157876135142560436e-01
2.097041171202012888e-01,9.776804841779372923e-01,-2.161211721915425321e-01
2.100089196160155325e-01,9.776145590590797907e-01,-2.164548207791791579e-01
2.103137221118297762e-01,9.775485322295761614e-01,-2.167885594463360988e-01
2.106185246076440198e-01,9.774824036619440548e-01,-2.171223883623739082e-01
2.109233271034582635e-01,9.774161733286496068e-01,-2.174563076968439590e-01
2.112281295992725350e-01,9.773498412021071058e-01,-2.177903176194889989e-01
2.115329320950867786e-01,9.772834072546793260e-01,-2.181244183002433445e-01
2.118377345909010223e-01,9.772168714586768612e-01,-2.184586099092336586e-01
2.121425370867152660e-01,9.771502337863586796e-01,-2.187928926167792831e-01
2.124473395825295097e-01,9.770834942099317910e-01,-2.191272665933926278e-01
2.127521420783437534e-01,9.770166527015511360e-01,-2.194617320097797253e-01
2.130569445741579970e-01,9.769497092333194743e-01,-2.197962890368407030e-01
2.133617470699722407e-01,9.768826637772877186e-01,-2.201309378456701715e-01
2.136665495657864844e-01,9.768155163054543788e-01,-2.204656786075577801e-01
2.139713520616007281e-01,9.767482667897658954e-01,-2.208005114939886326e-01
2.142761545574149717e-01,9.766809152021161955e-01,-2.211354366766437041e-01
2.145809570532292154e-01,9.766134615143470254e-01,-2.214704543274004511e-01
2.148857595490434869e-01,9.765459056982476183e-01,-2.218055646183332286e-01
2.151905620448577305e-01,9.764782477255549153e-01,-2.221407677217135945e-01
2.154953645406719742e-01,9.764104875679530116e-01,-2.224760638100110599e-01
2.158001670364862179e-01,9.763426251970735992e-01,-2.228114530558933937e-01
2.161049695323004616e-01,9.762746605844956349e-01,-2.231469356322271225e-01
2.164097720281147053e-01,9.762065937017455619e-01,-2.234825117120779747e-01
2.167145745239289489e-01,9.761384245202966436e-01,-2.238181814687114912e-01
2.170193770197431926e-01,9.760701530115697411e-01,-2.241539450755933582e-01
2.173241795155574363e-01,9.760017791469324244e-01,-2.244898027063899071e-01
2.176289820113716800e-01,9.759333028976996394e-01,-2.248257545349686970e-01
2.179337845071859237e-01,9.758647242351330409e-01,-2.251618007353988760e-01
2.182385870030001951e-01,9.757960431304413262e-01,-2.254979414819517636e-01
2.185433894988144388e-01,9.757272595547800131e-01,-2.258341769491012119e-01
2.188481919946286824e-01,9.756583734792514395e-01,-2.261705073115242159e-01
2.191529944904429261e-01,9.755893848749046526e-01,-2.265069327441013025e-01
2.194577969862571698e-01,9.755202937127351870e-01,-2.268434534219171128e-01
2.197625994820714135e-01,9.754510999636855084e-01,-2.271800695202608189e-01
2.200674019778856572e-01,9.753818035986445700e-01,-2.275167812146266233e-01
2.203722044736999008e-01,9.753124045884473681e-01,-2.278535886807142030e-01
2.206770069695141445e-01,9.752429029038759412e-01,-2.281904920944293480e-01
2.209818094653283882e-01,9.751732985156582600e-01,-2.285274916318843219e-01
2.212866119611426319e-01,9.751035913944686717e-01,-2.288645874693983340e-01
2.215914144569568756e-01,9.750337815109277884e-01,-2.292017797834981774e-01
2.218962169527711470e-01,9.749638688356023764e-01,-2.295390687509185901e-01
2.222010194485853907e-01,9.748938533390054673e-01,-2.298764545486027822e-01
2.225058219443996343e-01,9.748237349915956917e-01,-2.302139373537029909e-01
2.228106244402138780e-01,9.747535137637780567e-01,-2.305515173435808973e-01
2.231154269360281217e-01,9.746831896259033901e-01,-2.308891946958082086e-01
2.234202294318423654e-01,9.746127625482683410e-01,-2.312269695881670473e-01
2.237250319276566091e-01,9.745422325011151576e-01,-2.315648421986506167e-01
2.240298344234708527e-01,9.744715994546320204e-01,-2.319028127054635346e-01
2.243346369192850964e-01,9.744008633789527085e-01,-2.322408812870224160e-01
2.246394394150993401e-01,9.743300242441566006e-01,-2.325790481219563999e-01
2.249442419109135838e-01,9.742590820202685631e-01,-2.329173133891076219e-01
2.252490444067278552e-01,9.741880366772589506e-01,-2.332556772675317414e-01
2.255538469025420989e-01,9.741168881850433836e-01,-2.335941399364983850e-01
2.258586493983563426e-01,9.740456365134829708e-01,-2.339327015754917583e-01
2.261634518941705863e-01,9.739742816323840868e-01,-2.342713623642110610e-01
2.264682543899848299e-01,9.739028235114982612e-01,-2.346101224825711262e-01
2.267730568857990736e-01,9.738312621205219566e-01,-2.349489821107027532e-01
2.270778593816133173e-01,9.737595974290969014e-01,-2.352879414289533733e-01
2.273826618774275610e-01,9.736878294068098683e-01,-2.356270006178874943e-01
2.276874643732418046e-01,9.736159580231924515e-01,-2.359661598582872832e-01
2.279922668690560483e-01,9.735439832477211786e-01,-2.363054193311529272e-01
2.282970693648702920e-01,9.734719050498172876e-01,-2.366447792177034104e-01
2.286018718606845357e-01,9.733997233988467279e-01,-2.369842396993767086e-01
2.289066743564988071e-01,9.733274382641202704e-01,-2.373238009578306773e-01
2.292114768523130508e-01,9.732550496148930641e-01,-2.376634631749431625e-01
2.295162793481272945e-01,9.731825574203650797e-01,-2.380032265328129171e-01
2.298210818439415382e-01,9.731099616496805549e-01,-2.383430912137599333e-01
2.301258843397557818e-01,9.730372622719279940e-01,-2.386830574003258876e-01
2.304306868355700255e-01,9.729644592561405014e-01,-2.390231252752748614e-01
2.307354893313842692e-01,9.728915525712953372e-01,-2.393632950215937305e-01
2.310402918271985129e-01,9.728185421863139171e-01,-2.397035668224927751e-01
2.313450943230127566e-01,9.727454280700617018e-01,-2.400439408614061243e-01
2.316498968188270002e-01,9.726722101913485297e-01,-2.403844173219923663e-01
2.319546993146412439e-01,9.725988885189277289e-01,-2.407249963881350763e-01
2.322595018104554876e-01,9.725254630214970053e-01,-2.410656782439432877e-01
2.325643043062697590e-01,9.724519336676976655e-01,-2.414064630737521311e-01
2.328691068020840027e-01,9.723783004261148388e-01,-2.417473510621231669e-01
2.331739092978982464e-01,9.723045632652774772e-01,-2.420883423938452184e-01
2.334787117937124901e-01,9.722307221536579114e-01,-2.424294372539346765e-01
2.337835142895267337e-01,9.721567770596724056e-01,-2.427706358276361387e-01
2.340883167853409774e-01,9.720827279516803809e-01,-2.431119383004229362e-01
2.343931192811552211e-01,9.720085747979848589e-01,-2.434533448579976889e-01
2.346979217769694648e-01,9.719343175668323509e-01,-2.437948556862927496e-01
2.350027242727837085e-01,9.718599562264123026e-01,-2.441364709714709536e-01
2.353075267685979521e-01,9.717854907448577606e-01,-2.444781908999259512e-01
2.356123292644121958e-01,9.717109210902445948e-01,-2.448200156582829023e-01
2.359171317602264673e-01,9.716362472305920539e-01,-2.451619454333989756e-01
2.362219342560407109e-01,9.715614691338622100e-01,-2.455039804123638203e-01
2.365267367518549546e-01,9.714865867679601807e-01,-2.458461207825002326e-01
2.368315392476691983e-01,9.714116001007339074e-01,-2.461883667313647106e-01
2.371363417434834420e-01,9.713365090999739326e-01,-2.465307184467479540e-01
2.374411442392976856e-01,9.712613137334138447e-01,-2.468731761166753635e-01
2.377459467351119293e-01,9.711860139687298332e-01,-2.472157399294077629e-01
2.380507492309261730e-01,9.711106097735404674e-01,-2.475584100734417592e-01
2.383555517267404167e-01,9.710351011154069178e-01,-2.479011867375104927e-01
2.386603542225546604e-01,9.709594879618329566e-01,-2.482440701105840530e-01
2.389651567183689040e-01,9.708837702802644021e-01,-2.485870603818700897e-01
2.392699592141831477e-01,9.708079480380896742e-01,-2.489301577408144506e-01
2.395747617099974192e-01,9.707320212026392392e-01,-2.492733623771016260e-01
2.398795642058116628e-01,9.706559897411858318e-01,-2.496166744806553039e-01
2.401843667016259065e-01,9.705798536209440108e-01,-2.499600942416390914e-01
2.404891691974401502e-01,9.705036128090707148e-01,-2.503036218504569588e-01
2.407939716932543939e-01,9.704272672726644844e-01,-2.506472574977539058e-01
2.410987741890686376e-01,9.703508169787659066e-01,-2.509910013744162671e-01
2.414035766848828812e-01,9.702742618943572817e-01,-2.513348536715727111e-01
2.417083791806971249e-01,9.701976019863625122e-01,-2.516788145805944898e-01
2.420131816765113686e-01,9.701208372216473252e-01,-2.520228842930961055e-01
2.423179841723256123e-01,9.700439675670188278e-01,-2.523670630009359206e-01
2.426227866681398559e-01,9.699669929892257292e-01,-2.527113508962166577e-01
2.429275891639540996e-01,9.698899134549582302e-01,-2.530557481712860657e-01
2.432323916597683711e-01,9.698127289308476895e-01,-2.534002550187374747e-01
2.435371941555826147e-01,9.697354393834666242e-01,-2.537448716314103514e-01
2.438419966513968584e-01,9.696580447793291535e-01,-2.540895982023908539e-01
2.441467991472111021e-01,9.695805450848901108e-01,-2.544344349250125537e-01
2.444516016430253458e-01,9.695029402665454876e-01,-2.547793819928568237e-01
2.447564041388395895e-01,9.694252302906324337e-01,-2.551244395997536718e-01
2.450612066346538331e-01,9.693474151234284797e-01,-2.554696079397819619e-01
2.453660091304680768e-01,9.692694947311525366e-01,-2.558148872072704694e-01
2.456708116262823205e-01,9.691914690799640075e-01,-2.561602775967981027e-01
2.459756141220965642e-01,9.691133381359627874e-01,-2.565057793031945699e-01
2.462804166179108079e-01,9.690351018651894854e-01,-2.568513925215411553e-01
2.465852191137250793e-01,9.689567602336253138e-01,-2.571971174471712196e-01
2.468900216095393230e-01,9.688783132071918658e-01,-2.575429542756705326e-01
2.471948241053535666e-01,9.687997607517507825e-01,-2.578889032028783279e-01
2.474996266011678103e-01,9.687211028331045304e-01,-2.582349644248875808e-01
2.478044290969820540e-01,9.686423394169951795e-01,-2.585811381380457297e-01
2.481092315927962977e-01,9.685634704691054031e-01,-2.589274245389552309e-01
2.484140340886105414e-01,9.684844959550575894e-01,-2.592738238244742810e-01
2.487188365844247850e-01,9.684054158404141743e-01,-2.596203361917172603e-01
2.490236390802390287e-01,9.683262300906776421e-01,-2.599669618380553437e-01
2.493284415760532724e-01,9.682469386712898585e-01,-2.603137009611173336e-01
2.496332440718675161e-01,9.681675415476329594e-01,-2.606605537587898813e-01
2.499380465676817598e-01,9.680880386850283514e-01,-2.610075204292185980e-01
2.502428490634960312e-01,9.680084300487370452e-01,-2.613546011708082206e-01
2.505476515593102471e-01,9.679287156039596551e-01,-2.617017961822233896e-01
2.508524540551245186e-01,9.678488953158360664e-01,-2.620491056623894255e-01
2.511572565509387345e-01,9.677689691494456570e-01,-2.623965298104926624e-01
2.514620590467530059e-01,9.676889370698069648e-01,-2.627440688259812807e-01
2.517668615425672218e-01,9.676087990418776874e-01,-2.630917229085656950e-01
2.520716640383814933e-01,9.675285550305545712e-01,-2.634394922582196652e-01
2.523764665341957647e-01,9.674482050006734113e-01,-2.637873770751801850e-01
2.526812690300099806e-01,9.673677489170090515e-01,-2.641353775599487030e-01
2.529860715258242521e-01,9.672871867442748295e-01,-2.644834939132916785e-01
2.532908740216384680e-01,9.672065184471233534e-01,-2.648317263362407470e-01
2.535956765174527394e-01,9.671257439901455033e-01,-2.651800750300940535e-01
2.539004790132669553e-01,9.670448633378708747e-01,-2.655285401964161407e-01
2.542052815090812268e-01,9.669638764547677789e-01,-2.658771220370393928e-01
2.545100840048954427e-01,9.668827833052425769e-01,-2.662258207540637578e-01
2.548148865007097141e-01,9.668015838536403450e-01,-2.665746365498581905e-01
2.551196889965239301e-01,9.667202780642444315e-01,-2.669235696270608194e-01
2.554244914923382015e-01,9.666388659012760121e-01,-2.672726201885798347e-01
2.557292939881524729e-01,9.665573473288946449e-01,-2.676217884375938216e-01
2.560340964839666889e-01,9.664757223111980489e-01,-2.679710745775526481e-01
2.563388989797809603e-01,9.663939908122216593e-01,-2.683204788121782425e-01
2.566437014755951762e-01,9.663121527959387391e-01,-2.686700013454647595e-01
2.569485039714094476e-01,9.662302082262606007e-01,-2.690196423816797466e-01
2.572533064672236636e-01,9.661481570670360508e-01,-2.693694021253644211e-01
2.575581089630379350e-01,9.660659992820513908e-01,-2.697192807813345583e-01
2.578629114588521509e-01,9.659837348350308606e-01,-2.700692785546808805e-01
2.581677139546664224e-01,9.659013636896356392e-01,-2.704193956507701113e-01
2.584725164504806383e-01,9.658188858094647333e-01,-2.707696322752450868e-01
2.587773189462949097e-01,9.657363011580542000e-01,-2.711199886340260323e-01
2.590821214421091812e-01,9.656536096988771467e-01,-2.714704649333106734e-01
2.593869239379233971e-01,9.655708113953440641e-01,-2.718210613795751240e-01
2.596917264337376685e-01,9.654879062108023824e-01,-2.721717781795747193e-01
2.599965289295518844e-01,9.654048941085363600e-01,-2.725226155403442929e-01
2.603013314253661559e-01,9.653217750517671947e-01,-2.728735736691991765e-01
2.606061339211803718e-01,9.652385490036529125e-01,-2.732246527737356989e-01
2.609109364169946432e-01,9.651552159272880349e-01,-2.735758530618319084e-01
2.612157389128088592e-01,9.650717757857038004e-01,-2.739271747416481273e-01
2.615205414086231306e-01,9.649882285418681649e-01,-2.742786180216278957e-01
2.618253439044373465e-01,9.649045741586850244e-01,-2.746301831104982494e-01
2.621301464002516179e-01,9.648208125989949924e-01,-2.749818702172708851e-01
2.624349488960658339e-01,9.647369438255748442e-01,-2.753336795512421609e-01
2.627397513918801053e-01,9.646529678011374065e-01,-2.756856113219946502e-01
2.630445538876943767e-01,9.645688844883317792e-01,-2.760376657393969757e-01
2.633493563835085927e-01,9.644846938497428912e-01,-2.763898430136048634e-01
2.636541588793228641e-01,9.644003958478915006e-01,-2.767421433550620868e-01
2.639589613751370800e-01,9.643159904452345277e-01,-2.770945669745005779e-01
2.642637638709513515e-01,9.642314776041641666e-01,-2.774471140829417037e-01
2.645685663667655674e-01,9.641468572870085518e-01,-2.777997848916963219e-01
2.648733688625798388e-01,9.640621294560313137e-01,-2.781525796123660577e-01
2.651781713583940547e-01,9.639772940734313567e-01,-2.785054984568436920e-01
2.654829738542083262e-01,9.638923511013433032e-01,-2.788585416373138837e-01
2.657877763500225421e-01,9.638073005018368278e-01,-2.792117093662537797e-01
2.660925788458368135e-01,9.637221422369166568e-01,-2.795650018564340700e-01
2.663973813416510850e-01,9.636368762685230127e-01,-2.799184193209191540e-01
2.667021838374653009e-01,9.635515025585307258e-01,-2.802719619730682510e-01
2.670069863332795723e-01,9.634660210687497894e-01,-2.806256300265360659e-01
2.673117888290937882e-01,9.633804317609250267e-01,-2.809794236952730673e-01
2.676165913249080597e-01,9.632947345967358688e-01,-2.813333431935268747e-01
2.679213938207222756e-01,9.632089295377965765e-01,-2.816873887358422590e-01
2.682261963165365470e-01,9.631230165456556858e-01,-2.820415605370626411e-01
2.685309988123507630e-01,9.630369955817965621e-01,-2.823958588123297586e-01
2.688358013081650344e-01,9.629508666076367351e-01,-2.827502837770856092e-01
2.691406038039792503e-01,9.628646295845280090e-01,-2.831048356470718952e-01
2.694454062997935218e-01,9.627782844737564627e-01,-2.834595146383319664e-01
2.697502087956077932e-01,9.626918312365423391e-01,-2.838143209672104872e-01
2.700550112914220091e-01,9.626052698340396008e-01,-2.841692548503547133e-01
2.703598137872362805e-01,9.625186002273364849e-01,-2.845243165047152689e-01
2.706646162830504965e-01,9.624318223774549486e-01,-2.848795061475464796e-01
2.709694187788647679e-01,9.623449362453504463e-01,-2.852348239964074827e-01
2.712742212746789838e-01,9.622579417919124856e-01,-2.855902702691626716e-01
2.715790237704932553e-01,9.621708389779637383e-01,-2.859458451839826387e-01
2.718838262663074712e-01,9.620836277642604850e-01,-2.863015489593446761e-01
2.721886287621217426e-01,9.619963081114925041e-01,-2.866573818140338292e-01
2.724934312579359585e-01,9.619088799802827383e-01,-2.870133439671431197e-01
2.727982337537502300e-01,9.618213433311870730e-01,-2.873694356380749326e-01
2.731030362495644459e-01,9.617336981246947802e-01,-2.877256570465411278e-01
2.734078387453787173e-01,9.616459443212280744e-01,-2.880820084125643721e-01
2.737126412411929888e-01,9.615580818811418906e-01,-2.884384899564782501e-01
2.740174437370072047e-01,9.614701107647242173e-01,-2.887951018989283747e-01
2.743222462328214761e-01,9.613820309321954305e-01,-2.891518444608733862e-01
2.746270487286356921e-01,9.612938423437087376e-01,-2.895087178635850078e-01
2.749318512244499635e-01,9.612055449593498446e-01,-2.898657223286493778e-01
2.752366537202641794e-01,9.611171387391366228e-01,-2.902228580779675493e-01
2.755414562160784508e-01,9.610286236430196638e-01,-2.905801253337563783e-01
2.758462587118926668e-01,9.609399996308813918e-01,-2.909375243185489679e-01
2.761510612077069382e-01,9.608512666625366183e-01,-2.912950552551959449e-01
2.764558637035211541e-01,9.607624246977320981e-01,-2.916527183668655709e-01
2.767606661993354256e-01,9.606734736961464183e-01,-2.920105138770451303e-01
2.770654686951496970e-01,9.605844136173901093e-01,-2.923684420095413183e-01
2.773702711909639129e-01,9.604952444210054230e-01,-2.927265029884809633e-01
2.776750736867781844e-01,9.604059660664662212e-01,-2.930846970383121364e-01
2.779798761825924003e-01,9.603165785131779764e-01,-2.934430243838044849e-01
2.782846786784066717e-01,9.602270817204774378e-01,-2.938014852500503982e-01
2.785894811742208876e-01,9.601374756476329653e-01,-2.941600798624654511e-01
2.788942836700351591e-01,9.600477602538438626e-01,-2.945188084467894596e-01
2.791990861658493750e-01,9.599579354982407109e-01,-2.948776712290868685e-01
2.795038886616636464e-01,9.598680013398851463e-01,-2.952366684357481397e-01
2.798086911574778624e-01,9.597779577377697491e-01,-2.955958002934898077e-01
2.801134936532921338e-01,9.596878046508180438e-01,-2.959550670293558672e-01
2.804182961491064052e-01,9.595975420378841658e-01,-2.963144688707182173e-01
2.807230986449206211e-01,9.595071698577527508e-01,-2.966740060452773831e-01
2.810279011407348926e-01,9.594166880691393784e-01,-2.970336787810637924e-01
2.813327036365491085e-01,9.593260966306897952e-01,-2.973934873064378315e-01
2.816375061323633799e-01,9.592353955009800259e-01,-2.977534318500913435e-01
2.819423086281775959e-01,9.591445846385165952e-01,-2.981135126410479064e-01
2.822471111239918673e-01,9.590536640017359726e-01,-2.984737299086639983e-01
2.825519136198060832e-01,9.589626335490047948e-01,-2.988340838826293866e-01
2.828567161156203547e-01,9.588714932386195322e-01,-2.991945747929684596e-01
2.831615186114345706e-01,9.587802430288066002e-01,-2.995552028700403380e-01
2.834663211072488420e-01,9.586888828777220262e-01,-2.999159683445404845e-01
2.837711236030631134e-01,9.585974127434515601e-01,-3.002768714475008149e-01
2.840759260988773294e-01,9.585058325840103421e-01,-3.006379124102906975e-01
2.843807285946916008e-01,9.584141423573432350e-01,-3.009990914646182847e-01
2.846855310905058167e-01,9.583223420213240473e-01,-3.013604088425303473e-01
2.849903335863200882e-01,9.582304315337561995e-01,-3.017218647764141060e-01
2.852951360821343041e-01,9.581384108523718357e-01,-3.020834594989970645e-01
2.855999385779485755e-01,9.580462799348324898e-01,-3.024451932433488421e-01
2.859047410737627914e-01,9.579540387387281974e-01,-3.028070662428810067e-01
2.862095435695770629e-01,9.578616872215781619e-01,-3.031690787313487401e-01
2.865143460653912788e-01,9.577692253408301992e-01,-3.035312309428510602e-01
2.868191485612055502e-01,9.576766530538605160e-01,-3.038935231118319313e-01
2.871239510570197662e-01,9.575839703179740425e-01,-3.042559554730809857e-01
2.874287535528340376e-01,9.574911770904038777e-01,-3.046185282617346335e-01
2.877335560486483090e-01,9.573982733283116220e-01,-3.049812417132763409e-01
2.880383585444625250e-01,9.573052589887869335e-01,-3.053440960635378509e-01
2.883431610402767964e-01,9.572121340288475277e-01,-3.057070915487001828e-01
2.886479635360910123e-01,9.571188984054391780e-01,-3.060702284052939648e-01
2.889527660319052838e-01,9.570255520754352707e-01,-3.064335068702008225e-01
2.892575685277194997e-01,9.569320949956372502e-01,-3.067969271806536002e-01
2.895623710235337711e-01,9.568385271227739519e-01,-3.071604895742379160e-01
2.898671735193479870e-01,9.567448484135018250e-01,-3.075241942888923274e-01
2.901719760151622585e-01,9.566510588244047097e-01,-3.078880415629098311e-01
2.904767785109764744e-01,9.565571583119939492e-01,-3.082520316349380840e-01
2.907815810067907458e-01,9.564631468327077224e-01,-3.086161647439807920e-01
2.910863835026050173e-01,9.563690243429117110e-01,-3.089804411293981534e-01
2.913911859984192332e-01,9.562747907988983220e-01,-3.093448610309079139e-01
2.916959884942335046e-01,9.561804461568869096e-01,-3.097094246885864210e-01
2.920007909900477205e-01,9.560859903730236642e-01,-3.100741323428689578e-01
2.923055934858619920e-01,9.559914234033812797e-01,-3.104389842345512407e-01
2.926103959816762079e-01,9.558967452039590640e-01,-3.108039806047896425e-01
2.929151984774904793e-01,9.558019557306828284e-01,-3.111691216951027461e-01
2.932200009733046953e-01,9.557070549394047765e-01,-3.115344077473715112e-01
2.935248034691189667e-01,9.556120427859031707e-01,-3.118998390038408841e-01
2.938296059649331826e-01,9.555169192258823330e-01,-3.122654157071197978e-01
2.941344084607474541e-01,9.554216842149729771e-01,-3.126311381001831147e-01
2.944392109565617255e-01,9.553263377087310992e-01,-3.129970064263714047e-01
2.947440134523759414e-01,9.552308796626389764e-01,-3.133630209293926661e-01
2.950488159481902128e-01,9.551353100321042788e-01,-3.137291818533228804e-01
2.953536184440044288e-01,9.550396287724602917e-01,-3.140954894426067345e-01
2.956584209398187002e-01,9.549438358389658044e-01,-3.144619439420590079e-01
2.959632234356329161e-01,9.548479311868048880e-01,-3.148285455968648505e-01
2.962680259314471876e-01,9.547519147710867848e-01,-3.151952946525812260e-01
2.965728284272614035e-01,9.546557865468457971e-01,-3.155621913551373559e-01
2.968776309230756749e-01,9.545595464690413978e-01,-3.159292359508359960e-01
2.971824334188898908e-01,9.544631944925576761e-01,-3.162964286863541030e-01
2.974872359147041623e-01,9.543667305722036698e-01,-3.166637698087439445e-01
2.977920384105183782e-01,9.542701546627130327e-01,-3.170312595654335430e-01
2.980968409063326496e-01,9.541734667187438124e-01,-3.173988982042282858e-01
2.984016434021469211e-01,9.540766666948785613e-01,-3.177666859733113136e-01
2.987064458979611370e-01,9.539797545456242256e-01,-3.181346231212444087e-01
2.990112483937754084e-01,9.538827302254117013e-01,-3.185027098969694381e-01
2.993160508895896244e-01,9.537855936885961672e-01,-3.188709465498086870e-01
2.996208533854038958e-01,9.536883448894565296e-01,-3.192393333294660795e-01
2.999256558812181117e-01,9.535909837821958668e-01,-3.196078704860280117e-01
3.002304583770323831e-01,9.534935103209406515e-01,-3.199765582699644062e-01
3.005352608728465991e-01,9.533959244597410843e-01,-3.203453969321293782e-01
3.008400633686608705e-01,9.532982261525707601e-01,-3.207143867237625678e-01
3.011448658644750864e-01,9.532004153533267798e-01,-3.210835278964895845e-01
3.014496683602893579e-01,9.531024920158293057e-01,-3.214528207023233941e-01
3.017544708561036293e-01,9.530044560938217835e-01,-3.218222653936648747e-01
3.020592733519178452e-01,9.529063075409707206e-01,-3.221918622233040930e-01
3.023640758477321167e-01,9.528080463108653531e-01,-3.225616114444211369e-01
3.026688783435463326e-01,9.527096723570176451e-01,-3.229315133105867264e-01
3.029736808393606040e-01,9.526111856328624006e-01,-3.233015680757639343e-01
3.032784833351748199e-01,9.525125860917568188e-01,-3.236717759943082418e-01
3.035832858309890914e-01,9.524138736869806054e-01,-3.240421373209692035e-01
3.038880883268033073e-01,9.523150483717357506e-01,-3.244126523108908366e-01
3.041928908226175787e-01,9.522161100991461957e-01,-3.247833212196131747e-01
3.044976933184317947e-01,9.521170588222582776e-01,-3.251541443030726009e-01
3.048024958142460661e-01,9.520178944940399512e-01,-3.255251218176034578e-01
3.051072983100603375e-01,9.519186170673813452e-01,-3.258962540199384361e-01
3.054121008058745534e-01,9.518192264950938730e-01,-3.262675411672097403e-01
3.057169033016888249e-01,9.517197227299107887e-01,-3.266389835169504208e-01
3.060217057975030408e-01,9.516201057244866313e-01,-3.270105813270947070e-01
3.063265082933173122e-01,9.515203754313972251e-01,-3.273823348559796176e-01
3.066313107891315282e-01,9.514205318031399017e-01,-3.277542443623453483e-01
3.069361132849457996e-01,9.513205747921327227e-01,-3.281263101053367714e-01
3.072409157807600155e-01,9.512205043507149238e-01,-3.284985323445040462e-01
3.075457182765742870e-01,9.511203204311463599e-01,-3.288709113398039507e-01
3.078505207723885029e-01,9.510200229856077270e-01,-3.292434473516004378e-01
3.081553232682027743e-01,9.509196119662003399e-01,-3.296161406406660777e-01
3.084601257640169902e-01,9.508190873249457997e-01,-3.299889914681826131e-01
3.087649282598312617e-01,9.507184490137862154e-01,-3.303620000957425695e-01
3.090697307556455331e-01,9.506176969845838709e-01,-3.307351667853495325e-01
3.093745332514597490e-01,9.505168311891208921e-01,-3.311084917994195909e-01
3.096793357472740205e-01,9.504158515790996908e-01,-3.314819754007823360e-01
3.099841382430882364e-01,9.503147581061424098e-01,-3.318556178526816947e-01
3.102889407389025078e-01,9.502135507217907007e-01,-3.322294194187771499e-01
3.105937432347167237e-01,9.501122293775059457e-01,-3.326033803631444630e-01
3.108985457305309952e-01,9.500107940246689253e-01,-3.329775009502771166e-01
3.112033482263452111e-01,9.499092446145798174e-01,-3.333517814450868144e-01
3.115081507221594825e-01,9.498075810984579759e-01,-3.337262221129050910e-01
3.118129532179736985e-01,9.497058034274418192e-01,-3.341008232194836447e-01
3.121177557137879699e-01,9.496039115525884977e-01,-3.344755850309961698e-01
3.124225582096022413e-01,9.495019054248741153e-01,-3.348505078140386892e-01
3.127273607054164573e-01,9.493997849951937296e-01,-3.352255918356308317e-01
3.130321632012307287e-01,9.492975502143603528e-01,-3.356008373632171637e-01
3.133369656970449446e-01,9.491952010331060618e-01,-3.359762446646677447e-01
3.136417681928592160e-01,9.490927374020805551e-01,-3.363518140082796259e-01
3.139465706886734320e-01,9.489901592718523737e-01,-3.367275456627772945e-01
3.142513731844877034e-01,9.488874665929074581e-01,-3.371034398973146162e-01
3.145561756803019193e-01,9.487846593156501473e-01,-3.374794969814748358e-01
3.148609781761161908e-01,9.486817373904021800e-01,-3.378557171852726304e-01
3.151657806719304067e-01,9.485787007674032489e-01,-3.382321007791542766e-01
3.154705831677446781e-01,9.484755493968102247e-01,-3.386086480339995930e-01
3.157753856635589496e-01,9.483722832286974880e-01,-3.389853592211222177e-01
3.160801881593731655e-01,9.482689022130567080e-01,-3.393622346122709965e-01
3.163849906551874369e-01,9.481654062997967314e-01,-3.397392744796313702e-01
3.166897931510016528e-01,9.480617954387431379e-01,-3.401164790958257078e-01
3.169945956468159243e-01,9.479580695796384626e-01,-3.404938487339152497e-01
3.172993981426301402e-01,9.478542286721419741e-01,-3.408713836674004405e-01
3.176042006384444116e-01,9.477502726658294518e-01,-3.412490841702225386e-01
3.179090031342586276e-01,9.476462015101932979e-01,-3.416269505167642273e-01
3.182138056300728990e-01,9.475420151546418701e-01,-3.420049829818512244e-01
3.185186081258871149e-01,9.474377135485000379e-01,-3.423831818407528926e-01
3.188234106217013863e-01,9.473332966410084044e-01,-3.427615473691837389e-01
3.191282131175156023e-01,9.472287643813236402e-01,-3.431400798433041355e-01
3.194330156133298737e-01,9.471241167185181498e-01,-3.435187795397218191e-01
3.197378181091441451e-01,9.470193536015800717e-01,-3.438976467354925015e-01
3.200426206049583611e-01,9.469144749794127236e-01,-3.442766817081214792e-01
3.203474231007726325e-01,9.468094808008349350e-01,-3.446558847355644106e-01
3.206522255965868484e-01,9.467043710145809365e-01,-3.450352560962285375e-01
3.209570280924011199e-01,9.465991455692998047e-01,-3.454147960689739616e-01
3.212618305882153358e-01,9.464938044135554618e-01,-3.457945049331141996e-01
3.215666330840296072e-01,9.463883474958268982e-01,-3.461743829684181817e-01
3.218714355798438231e-01,9.462827747645076171e-01,-3.465544304551104737e-01
3.221762380756580946e-01,9.461770861679056344e-01,-3.469346476738732199e-01
3.224810405714723105e-01,9.460712816542432568e-01,-3.473150349058464759e-01
3.227858430672865819e-01,9.459653611716573041e-01,-3.476955924326300962e-01
3.230906455631008534e-01,9.458593246681983313e-01,-3.480763205362843449e-01
3.233954480589150693e-01,9.457531720918312956e-01,-3.484572194993311722e-01
3.237002505547293407e-01,9.456469033904344457e-01,-3.488382896047555470e-01
3.240050530505435566e-01,9.455405185118000988e-01,-3.492195311360062338e-01
3.243098555463578281e-01,9.454340174036338640e-01,-3.496009443769975134e-01
3.246146580421720440e-01,9.453274000135550859e-01,-3.499825296121096274e-01
3.249194605379863154e-01,9.452206662890958455e-01,-3.503642871261904990e-01
3.252242630338005314e-01,9.451138161777018487e-01,-3.507462172045565652e-01
3.255290655296148028e-01,9.450068496267314266e-01,-3.511283201329942205e-01
3.258338680254290187e-01,9.448997665834558690e-01,-3.515105961977606497e-01
3.261386705212432902e-01,9.447925669950590910e-01,-3.518930456855853262e-01
3.264434730170575616e-01,9.446852508086374112e-01,-3.522756688836709005e-01
3.267482755128717775e-01,9.445778179711999956e-01,-3.526584660796945325e-01
3.270530780086860489e-01,9.444702684296676365e-01,-3.530414375618091127e-01
3.273578805045002649e-01,9.443626021308736407e-01,-3.534245836186442613e-01
3.276626830003145363e-01,9.442548190215631632e-01,-3.538079045393078270e-01
3.279674854961287522e-01,9.441469190483930962e-01,-3.541914006133866089e-01
3.282722879919430237e-01,9.440389021579321804e-01,-3.545750721309480769e-01
3.285770904877572396e-01,9.439307682966603386e-01,-3.549589193825410383e-01
3.288818929835715110e-01,9.438225174109692306e-01,-3.553429426591974138e-01
3.291866954793857269e-01,9.437141494471614767e-01,-3.557271422524329041e-01
3.294914979751999984e-01,9.436056643514507680e-01,-3.561115184542485435e-01
3.297963004710142143e-01,9.434970620699619781e-01,-3.564960715571316441e-01
3.301011029668284857e-01,9.433883425487306074e-01,-3.568808018540573501e-01
3.304059054626427572e-01,9.432795057337025613e-01,-3.572657096384896369e-01
3.307107079584569731e-01,9.431705515707344833e-01,-3.576507952043822547e-01
3.310155104542712445e-01,9.430614800055934221e-01,-3.580360588461807825e-01
3.313203129500854605e-01,9.429522909839562761e-01,-3.584215008588227391e-01
3.316251154458997319e-01,9.428429844514102376e-01,-3.588071215377399703e-01
3.319299179417139478e-01,9.427335603534523489e-01,-3.591929211788588150e-01
3.322347204375282193e-01,9.426240186354891692e-01,-3.595789000786022149e-01
3.325395229333424352e-01,9.425143592428371075e-01,-3.599650585338902697e-01
3.328443254291567066e-01,9.424045821207218676e-01,-3.603513968421420688e-01
3.331491279249709225e-01,9.422946872142783370e-01,-3.607379153012764683e-01
3.334539304207851940e-01,9.421846744685506980e-01,-3.611246142097136458e-01
3.337587329165994654e-01,9.420745438284919837e-01,-3.615114938663762656e-01
3.340635354124136813e-01,9.419642952389641888e-01,-3.618985545706904783e-01
3.343683379082279528e-01,9.418539286447374925e-01,-3.622857966225878079e-01
3.346731404040421687e-01,9.417434439904912580e-01,-3.626732203225056517e-01
3.349779428998564401e-01,9.416328412208128107e-01,-3.630608259713892783e-01
3.352827453956706560e-01,9.415221202801975497e-01,-3.634486138706924385e-01
3.355875478914849275e-01,9.414112811130492808e-01,-3.638365843223792528e-01
3.358923503872991434e-01,9.413003236636794391e-01,-3.642247376289249883e-01
3.361971528831134148e-01,9.411892478763070891e-01,-3.646130740933176129e-01
3.365019553789276308e-01,9.410780536950592579e-01,-3.650015940190589614e-01
3.368067578747419022e-01,9.409667410639700469e-01,-3.653902977101662897e-01
3.371115603705561736e-01,9.408553099269808540e-01,-3.657791854711731627e-01
3.374163628663703896e-01,9.407437602279403732e-01,-3.661682576071310091e-01
3.377211653621846610e-01,9.406320919106039291e-01,-3.665575144236104532e-01
3.380259678579988769e-01,9.405203049186340314e-01,-3.669469562267023699e-01
3.383307703538131483e-01,9.404083991955993760e-01,-3.673365833230196054e-01
3.386355728496273643e-01,9.402963746849754001e-01,-3.677263960196978099e-01
3.389403753454416357e-01,9.401842313301437271e-01,-3.681163946243972696e-01
3.392451778412558516e-01,9.400719690743923884e-01,-3.685065794453037391e-01
3.395499803370701231e-01,9.399595878609148247e-01,-3.688969507911300516e-01
3.398547828328843390e-01,9.398470876328109957e-01,-3.692875089711173398e-01
3.401595853286986104e-01,9.397344683330860482e-01,-3.696782542950365902e-01
3.404643878245128263e-01,9.396217299046507598e-01,-3.700691870731895317e-01
3.407691903203270978e-01,9.395088722903212064e-01,-3.704603076164105779e-01
3.410739928161413692e-01,9.393958954328188726e-01,-3.708516162360675494e-01
3.413787953119555851e-01,9.392827992747698751e-01,-3.712431132440633386e-01
3.416835978077698566e-01,9.391695837587054063e-01,-3.716347989528374640e-01
3.419884003035840725e-01,9.390562488270614017e-01,-3.720266736753669590e-01
3.422932027993983439e-01,9.389427944221782063e-01,-3.724187377251682585e-01
3.425980052952125599e-01,9.388292204863004642e-01,-3.728109914162978655e-01
3.429028077910268313e-01,9.387155269615771180e-01,-3.732034350633545716e-01
3.432076102868410472e-01,9.386017137900611873e-01,-3.735960689814800673e-01
3.435124127826553186e-01,9.384877809137094351e-01,-3.739888934863608849e-01
3.438172152784695346e-01,9.383737282743823682e-01,-3.743819088942292872e-01
3.441220177742838060e-01,9.382595558138440150e-01,-3.747751155218652097e-01
3.444268202700980774e-01,9.381452634737618146e-01,-3.751685136865970938e-01
3.447316227659122934e-01,9.380308511957061723e-01,-3.755621037063034962e-01
3.450364252617265648e-01,9.379163189211509044e-01,-3.759558858994148656e-01
3.453412277575407807e-01,9.378016665914724603e-01,-3.763498605849141532e-01
3.456460302533550522e-01,9.376868941479499231e-01,-3.767440280823390331e-01
3.459508327491692681e-01,9.375720015317648981e-01,-3.771383887117826794e-01
3.462556352449835395e-01,9.374569886840015132e-01,-3.775329427938956539e-01
3.465604377407977554e-01,9.373418555456459744e-01,-3.779276906498868494e-01
3.468652402366120269e-01,9.372266020575864554e-01,-3.783226326015254326e-01
3.471700427324262428e-01,9.371112281606129857e-01,-3.787177689711418438e-01
3.474748452282405142e-01,9.369957337954174514e-01,-3.791131000816295171e-01
3.477796477240547857e-01,9.368801189025928178e-01,-3.795086262564461022e-01
3.480844502198690016e-01,9.367643834226337951e-01,-3.799043478196148516e-01
3.483892527156832730e-01,9.366485272959360620e-01,-3.803002650957265085e-01
3.486940552114974889e-01,9.365325504627961539e-01,-3.806963784099401948e-01
3.489988577073117604e-01,9.364164528634116857e-01,-3.810926880879853540e-01
3.493036602031259763e-01,9.363002344378807962e-01,-3.814891944561626391e-01
3.496084626989402477e-01,9.361838951262018149e-01,-3.818858978413460781e-01
3.499132651947544637e-01,9.360674348682738177e-01,-3.822827985709837950e-01
3.502180676905687351e-01,9.359508536038955162e-01,-3.826798969731001199e-01
3.505228701863829510e-01,9.358341512727660350e-01,-3.830771933762966430e-01
3.508276726821972225e-01,9.357173278144838013e-01,-3.834746881097538806e-01
3.511324751780114939e-01,9.356003831685471006e-01,-3.838723815032327180e-01
3.514372776738257098e-01,9.354833172743535208e-01,-3.842702738870757972e-01
3.517420801696399812e-01,9.353661300711998416e-01,-3.846683655922092382e-01
3.520468826654541972e-01,9.352488214982820347e-01,-3.850666569501438596e-01
3.523516851612684686e-01,9.351313914946947081e-01,-3.854651482929770112e-01
3.526564876570826845e-01,9.350138399994314398e-01,-3.858638399533935170e-01
3.529612901528969560e-01,9.348961669513840000e-01,-3.862627322646680073e-01
3.532660926487111719e-01,9.347783722893425740e-01,-3.866618255606655286e-01
3.535708951445254433e-01,9.346604559519957611e-01,-3.870611201758438757e-01
3.538756976403396592e-01,9.345424178779299096e-01,-3.874606164452543688e-01
3.541805001361539307e-01,9.344242580056290048e-01,-3.878603147045441291e-01
3.544853026319681466e-01,9.343059762734748919e-01,-3.882602152899568004e-01
3.547901051277824180e-01,9.341875726197467200e-01,-3.886603185383349923e-01
3.550949076235966895e-01,9.340690469826209430e-01,-3.890606247871210011e-01
3.553997101194109054e-01,9.339503993001710969e-01,-3.894611343743586973e-01
3.557045126152251768e-01,9.338316295103672449e-01,-3.898618476386952469e-01
3.560093151110393928e-01,9.337127375510767546e-01,-3.902627649193823878e-01
3.563141176068536642e-01,9.335937233600629659e-01,-3.906638865562781504e-01
3.566189201026678801e-01,9.334745868749857456e-01,-3.910652128898481905e-01
3.569237225984821515e-01,9.333553280334010438e-01,-3.914667442611677872e-01
3.572285250942963675e-01,9.332359467727607827e-01,-3.918684810119228423e-01
3.575333275901106389e-01,9.331164430304127455e-01,-3.922704234844121007e-01
3.578381300859248548e-01,9.329968167436001325e-01,-3.926725720215480941e-01
3.581429325817391263e-01,9.328770678494615609e-01,-3.930749269668593615e-01
3.584477350775533977e-01,9.327571962850309539e-01,-3.934774886644913372e-01
3.587525375733676136e-01,9.326372019872370966e-01,-3.938802574592085715e-01
3.590573400691818851e-01,9.325170848929035250e-01,-3.942832336963961182e-01
3.593621425649961010e-01,9.323968449387488588e-01,-3.946864177220608116e-01
3.596669450608103724e-01,9.322764820613854697e-01,-3.950898098828335425e-01
3.599717475566245883e-01,9.321559961973207020e-01,-3.954934105259702015e-01
3.602765500524388598e-01,9.320353872829554298e-01,-3.958972199993538443e-01
3.605813525482530757e-01,9.319146552545845008e-01,-3.963012386514958574e-01
3.608861550440673471e-01,9.317938000483966254e-01,-3.967054668315379562e-01
3.611909575398815631e-01,9.316728216004739327e-01,-3.971099048892535177e-01
3.614957600356958345e-01,9.315517198467917481e-01,-3.975145531750496342e-01
3.618005625315101059e-01,9.314304947232184828e-01,-3.979194120399681123e-01
3.621053650273243218e-01,9.313091461655155223e-01,-3.983244818356878048e-01
3.624101675231385933e-01,9.311876741093370047e-01,-3.987297629145258315e-01
3.627149700189528092e-01,9.310660784902295983e-01,-3.991352556294394116e-01
3.630197725147670806e-01,9.309443592436320580e-01,-3.995409603340275839e-01
3.633245750105812966e-01,9.308225163048755579e-01,-3.999468773825324841e-01
3.636293775063955680e-01,9.307005496091831365e-01,-4.003530071298417869e-01
3.639341800022097839e-01,9.305784590916692522e-01,-4.007593499314893726e-01
3.642389824980240554e-01,9.304562446873403392e-01,-4.011659061436580465e-01
3.645437849938382713e-01,9.303339063310940293e-01,-4.015726761231804276e-01
3.648485874896525427e-01,9.302114439577188199e-01,-4.019796602275411135e-01
3.651533899854667586e-01,9.300888575018945170e-01,-4.023868588148780678e-01
3.654581924812810301e-01,9.299661468981914592e-01,-4.027942722439847301e-01
3.657629949770953015e-01,9.298433120810706276e-01,-4.032019008743112365e-01
3.660677974729095174e-01,9.297203529848832027e-01,-4.036097450659664743e-01
3.663725999687237889e-01,9.295972695438706745e-01,-4.040178051797198022e-01
3.666774024645380048e-01,9.294740616921642884e-01,-4.044260815770024386e-01
3.669822049603522762e-01,9.293507293637851552e-01,-4.048345746199097928e-01
3.672870074561664921e-01,9.292272724926440297e-01,-4.052432846712024639e-01
3.675918099519807636e-01,9.291036910125405335e-01,-4.056522120943087395e-01
3.678966124477949795e-01,9.289799848571640428e-01,-4.060613572533256499e-01
3.682014149436092509e-01,9.288561539600922456e-01,-4.064707205130212997e-01
3.685062174394234669e-01,9.287321982547921406e-01,-4.068803022388360890e-01
3.688110199352377383e-01,9.286081176746187049e-01,-4.072901027968851562e-01
3.691158224310520097e-01,9.284839121528154493e-01,-4.077001225539593765e-01
3.694206249268662257e-01,9.283595816225140851e-01,-4.081103618775276387e-01
3.697254274226804971e-01,9.282351260167340801e-01,-4.085208211357386765e-01
3.700302299184947130e-01,9.281105452683825474e-01,-4.089315006974223454e-01
3.703350324143089844e-01,9.279858393102542458e-01,-4.093424009320921209e-01
3.706398349101232004e-01,9.278610080750310241e-01,-4.097535222099462082e-01
3.709446374059374718e-01,9.277360514952818216e-01,-4.101648649018698189e-01
3.712494399017516877e-01,9.276109695034625569e-01,-4.105764293794367248e-01
3.715542423975659592e-01,9.274857620319156837e-01,-4.109882160149113117e-01
3.718590448933801751e-01,9.273604290128700800e-01,-4.114002251812500788e-01
3.721638473891944465e-01,9.272349703784408259e-01,-4.118124572521038584e-01
3.724686498850087180e-01,9.271093860606290926e-01,-4.122249126018191490e-01
3.727734523808229339e-01,9.269836759913216984e-01,-4.126375916054403903e-01
3.730782548766372053e-01,9.268578401022912194e-01,-4.130504946387117404e-01
3.733830573724514212e-01,9.267318783251954351e-01,-4.134636220780785743e-01
3.736878598682656927e-01,9.266057905915774384e-01,-4.138769743006898150e-01
3.739926623640799086e-01,9.264795768328650816e-01,-4.142905516843994329e-01
3.742974648598941800e-01,9.263532369803710864e-01,-4.147043546077685550e-01
3.746022673557083960e-01,9.262267709652926007e-01,-4.151183834500671299e-01
3.749070698515226674e-01,9.261001787187110867e-01,-4.155326385912759823e-01
3.752118723473368833e-01,9.259734601715919888e-01,-4.159471204120884780e-01
3.755166748431511548e-01,9.258466152547847328e-01,-4.163618292939127996e-01
3.758214773389653707e-01,9.257196438990223930e-01,-4.167767656188732239e-01
3.761262798347796421e-01,9.255925460349213596e-01,-4.171919297698128415e-01
3.764310823305939135e-01,9.254653215929813381e-01,-4.176073221302946115e-01
3.767358848264081295e-01,9.253379705035849057e-01,-4.180229430846038041e-01
3.770406873222224009e-01,9.252104926969972887e-01,-4.184387930177498882e-01
3.773454898180366168e-01,9.250828881033665851e-01,-4.188548723154682518e-01
3.776502923138508883e-01,9.249551566527229873e-01,-4.192711813642223118e-01
3.779550948096651042e-01,9.248272982749787818e-01,-4.196877205512051789e-01
3.782598973054793756e-01,9.246993128999281275e-01,-4.201044902643421008e-01
3.785646998012935915e-01,9.245712004572469445e-01,-4.205214908922917938e-01
3.788695022971078630e-01,9.244429608764924700e-01,-4.209387228244489965e-01
3.791743047929220789e-01,9.243145940871031474e-01,-4.213561864509458021e-01
3.794791072887363503e-01,9.241861000183984043e-01,-4.217738821626543233e-01
3.797839097845506218e-01,9.240574785995784302e-01,-4.221918103511880793e-01
3.800887122803648377e-01,9.239287297597239546e-01,-4.226099714089041059e-01
3.803935147761791091e-01,9.237998534277959140e-01,-4.230283657289053978e-01
3.806983172719933251e-01,9.236708495326354518e-01,-4.234469937050421295e-01
3.810031197678075965e-01,9.235417180029634743e-01,-4.238658557319144315e-01
3.813079222636218124e-01,9.234124587673804285e-01,-4.242849522048736666e-01
3.816127247594360838e-01,9.232830717543663024e-01,-4.247042835200250943e-01
3.819175272552502998e-01,9.231535568922801804e-01,-4.251238500742293702e-01
3.822223297510645712e-01,9.230239141093599109e-01,-4.255436522651050435e-01
3.825271322468787871e-01,9.228941433337222167e-01,-4.259636904910299449e-01
3.828319347426930586e-01,9.227642444933621402e-01,-4.263839651511440176e-01
3.831367372385073300e-01,9.226342175161531545e-01,-4.268044766453507055e-01
3.834415397343215459e-01,9.225040623298464970e-01,-4.272252253743192285e-01
3.837463422301358174e-01,9.223737788620712807e-01,-4.276462117394869145e-01
3.840511447259500333e-01,9.222433670403341610e-01,-4.280674361430605868e-01
3.843559472217643047e-01,9.221128267920190025e-01,-4.284888989880195620e-01
3.846607497175785206e-01,9.219821580443868791e-01,-4.289106006781167046e-01
3.849655522133927921e-01,9.218513607245752972e-01,-4.293325416178814247e-01
3.852703547092070080e-01,9.217204347595988612e-01,-4.297547222126210098e-01
3.855751572050212794e-01,9.215893800763482746e-01,-4.301771428684234566e-01
3.858799597008354954e-01,9.214581966015901182e-01,-4.305998039921586917e-01
3.861847621966497668e-01,9.213268842619671828e-01,-4.310227059914816805e-01
3.864895646924639827e-01,9.211954429839978031e-01,-4.314458492748336482e-01
3.867943671882782541e-01,9.210638726940756360e-01,-4.318692342514448002e-01
3.870991696840925256e-01,9.209321733184694381e-01,-4.322928613313361534e-01
3.874039721799067415e-01,9.208003447833230659e-01,-4.327167309253216465e-01
3.877087746757210129e-01,9.206683870146548099e-01,-4.331408434450106371e-01
3.880135771715352289e-01,9.205362999383575051e-01,-4.335651993028095674e-01
3.883183796673495003e-01,9.204040834801980875e-01,-4.339897989119245736e-01
3.886231821631637162e-01,9.202717375658174825e-01,-4.344146426863631505e-01
3.889279846589779877e-01,9.201392621207303835e-01,-4.348397310409368721e-01
3.892327871547922036e-01,9.200066570703248070e-01,-4.352650643912631123e-01
3.895375896506064750e-01,9.198739223398618714e-01,-4.356906431537674873e-01
3.898423921464206909e-01,9.197410578544759074e-01,-4.361164677456858541e-01
3.901471946422349624e-01,9.196080635391737923e-01,-4.365425385850669193e-01
3.904519971380492338e-01,9.194749393188348385e-01,-4.369688560907737940e-01
3.907567996338634497e-01,9.193416851182105720e-01,-4.373954206824867130e-01
3.910616021296777212e-01,9.192083008619243989e-01,-4.378222327807051450e-01
3.913664046254919371e-01,9.190747864744718276e-01,-4.382492928067497906e-01
3.916712071213062085e-01,9.189411418802192477e-01,-4.386766011827653022e-01
3.919760096171204244e-01,9.188073670034045959e-01,-4.391041583317218944e-01
3.922808121129346959e-01,9.186734617681368009e-01,-4.395319646774181743e-01
3.925856146087489118e-01,9.185394260983952286e-01,-4.399600206444828077e-01
3.928904171045631832e-01,9.184052599180299037e-01,-4.403883266583775713e-01
3.931952196003773992e-01,9.182709631507610659e-01,-4.408168831453986858e-01
3.935000220961916706e-01,9.181365357201787258e-01,-4.412456905326799794e-01
3.938048245920059420e-01,9.180019775497426648e-01,-4.416747492481944426e-01
3.941096270878201580e-01,9.178672885627821021e-01,-4.421040597207568923e-01
3.944144295836344294e-01,9.177324686824952504e-01,-4.425336223800263591e-01
3.947192320794486453e-01,9.175975178319496495e-01,-4.429634376565081411e-01
3.950240345752629167e-01,9.174624359340810553e-01,-4.433935059815562463e-01
3.953288370710771327e-01,9.173272229116937737e-01,-4.438238277873756688e-01
3.956336395668914041e-01,9.171918786874603269e-01,-4.442544035070247754e-01
3.959384420627056200e-01,9.170564031839210095e-01,-4.446852335744174711e-01
3.962432445585198915e-01,9.169207963234837777e-01,-4.451163184243259741e-01
3.965480470543341074e-01,9.167850580284239159e-01,-4.455476584923824812e-01
3.968528495501483788e-01,9.166491882208837039e-01,-4.459792542150822769e-01
3.971576520459625947e-01,9.165131868228725276e-01,-4.464111060297853983e-01
3.974624545417768662e-01,9.163770537562659912e-01,-4.468432143747197438e-01
3.977672570375911376e-01,9.162407889428060281e-01,-4.472755796889826829e-01
3.980720595334053535e-01,9.161043923041010117e-01,-4.477082024125438875e-01
3.983768620292196250e-01,9.159678637616245345e-01,-4.481410829862479961e-01
3.986816645250338409e-01,9.158312032367161848e-01,-4.485742218518162239e-01
3.989864670208481123e-01,9.156944106505802150e-01,-4.490076194518496377e-01
3.992912695166623283e-01,9.155574859242864294e-01,-4.494412762298308772e-01
3.995960720124765997e-01,9.154204289787688520e-01,-4.498751926301270965e-01
3.999008745082908156e-01,9.152832397348261706e-01,-4.503093690979919628e-01
4.002056770041050870e-01,9.151459181131211817e-01,-4.507438060795686541e-01
4.005104794999193030e-01,9.150084640341805686e-01,-4.511785040218916354e-01
4.008152819957335744e-01,9.148708774183946790e-01,-4.516134633728897674e-01
4.011200844915478458e-01,9.147331581860169702e-01,-4.520486845813883603e-01
4.014248869873620618e-01,9.145953062571641201e-01,-4.524841680971115609e-01
4.017296894831763332e-01,9.144573215518156939e-01,-4.529199143706855168e-01
4.020344919789905491e-01,9.143192039898135892e-01,-4.533559238536398750e-01
4.023392944748048206e-01,9.141809534908619250e-01,-4.537921969984112791e-01
4.026440969706190365e-01,9.140425699745269306e-01,-4.542287342583450349e-01
4.029488994664333079e-01,9.139040533602365013e-01,-4.546655360876983298e-01
4.032537019622475238e-01,9.137654035672797548e-01,-4.551026029416420648e-01
4.035585044580617953e-01,9.136266205148070307e-01,-4.555399352762641296e-01
4.038633069538760112e-01,9.134877041218296689e-01,-4.559775335485712344e-01
4.041681094496902826e-01,9.133486543072193431e-01,-4.564153982164921852e-01
4.044729119455045541e-01,9.132094709897081719e-01,-4.568535297388797156e-01
4.047777144413187700e-01,9.130701540878881639e-01,-4.572919285755134844e-01
4.050825169371330414e-01,9.129307035202109954e-01,-4.577305951871026846e-01
4.053873194329472573e-01,9.127911192049878997e-01,-4.581695300352883193e-01
4.056921219287615288e-01,9.126514010603893334e-01,-4.586087335826462552e-01
4.059969244245757447e-01,9.125115490044444222e-01,-4.590482062926892759e-01
4.063017269203900161e-01,9.123715629550408490e-01,-4.594879486298701909e-01
4.066065294162042321e-01,9.122314428299248545e-01,-4.599279610595840562e-01
4.069113319120185035e-01,9.120911885467004598e-01,-4.603682440481712268e-01
4.072161344078327194e-01,9.119508000228293554e-01,-4.608087980629194669e-01
4.075209369036469909e-01,9.118102771756309011e-01,-4.612496235720671134e-01
4.078257393994612068e-01,9.116696199222813490e-01,-4.616907210448053522e-01
4.081305418952754782e-01,9.115288281798139547e-01,-4.621320909512811603e-01
4.084353443910897496e-01,9.113879018651183106e-01,-4.625737337625997481e-01
4.087401468869039656e-01,9.112468408949406795e-01,-4.630156499508273349e-01
4.090449493827182370e-01,9.111056451858827732e-01,-4.634578399889939804e-01
4.093497518785324529e-01,9.109643146544024184e-01,-4.639003043510958602e-01
4.096545543743467244e-01,9.108228492168125578e-01,-4.643430435120987632e-01
4.099593568701609403e-01,9.106812487892813612e-01,-4.647860579479397014e-01
4.102641593659752117e-01,9.105395132878315589e-01,-4.652293481355307403e-01
4.105689618617894276e-01,9.103976426283407752e-01,-4.656729145527609415e-01
4.108737643576036991e-01,9.102556367265403070e-01,-4.661167576784996380e-01
4.111785668534179150e-01,9.101134954980156788e-01,-4.665608779925987104e-01
4.114833693492321864e-01,9.099712188582059769e-01,-4.670052759758958616e-01
4.117881718450464579e-01,9.098288067224035158e-01,-4.674499521102168376e-01
4.120929743408606738e-01,9.096862590057537279e-01,-4.678949068783787024e-01
4.123977768366749452e-01,9.095435756232543856e-01,-4.683401407641924474e-01
4.127025793324891612e-01,9.094007564897560458e-01,-4.687856542524654890e-01
4.130073818283034326e-01,9.092578015199610508e-01,-4.692314478290051660e-01
4.133121843241176485e-01,9.091147106284237500e-01,-4.696775219806207380e-01
4.136169868199319199e-01,9.089714837295497230e-01,-4.701238771951270490e-01
4.139217893157461359e-01,9.088281207375960014e-01,-4.705705139613465260e-01
4.142265918115604073e-01,9.086846215666700699e-01,-4.710174327691128426e-01
4.145313943073746232e-01,9.085409861307304213e-01,-4.714646341092729731e-01
4.148361968031888947e-01,9.083972143435853352e-01,-4.719121184736908559e-01
4.151409992990031661e-01,9.082533061188932111e-01,-4.723598863552496696e-01
4.154458017948173820e-01,9.081092613701622351e-01,-4.728079382478548309e-01
4.157506042906316535e-01,9.079650800107497144e-01,-4.732562746464373249e-01
4.160554067864458694e-01,9.078207619538618545e-01,-4.737048960469559256e-01
4.163602092822601408e-01,9.076763071125537596e-01,-4.741538029464007487e-01
4.166650117780743567e-01,9.075317153997286557e-01,-4.746029958427956941e-01
4.169698142738886282e-01,9.073869867281378898e-01,-4.750524752352017210e-01
4.172746167697028441e-01,9.072421210103807088e-01,-4.755022416237195126e-01
4.175794192655171155e-01,9.070971181589035925e-01,-4.759522955094928065e-01
4.178842217613313315e-01,9.069519780860001434e-01,-4.764026373947107817e-01
4.181890242571456029e-01,9.068067007038106420e-01,-4.768532677826117783e-01
4.184938267529598188e-01,9.066612859243221578e-01,-4.773041871774855727e-01
4.187986292487740903e-01,9.065157336593674398e-01,-4.777553960846769865e-01
4.191034317445883617e-01,9.063700438206253596e-01,-4.782068950105882732e-01
4.194082342404025776e-01,9.062242163196201350e-01,-4.786586844626825599e-01
4.197130367362168490e-01,9.060782510677212187e-01,-4.791107649494870113e-01
4.200178392320310650e-01,9.059321479761428542e-01,-4.795631369805953281e-01
4.203226417278453364e-01,9.057859069559437426e-01,-4.800158010666712993e-01
4.206274442236595523e-01,9.056395279180270430e-01,-4.804687577194514669e-01
4.209322467194738238e-01,9.054930107731393729e-01,-4.809220074517486232e-01
4.212370492152880397e-01,9.053463554318711415e-01,-4.813755507774544196e-01
4.215418517111023111e-01,9.051995618046558834e-01,-4.818293882115429194e-01
4.218466542069165270e-01,9.050526298017700366e-01,-4.822835202700732071e-01
4.221514567027307985e-01,9.049055593333323877e-01,-4.827379474701931072e-01
4.224562591985450699e-01,9.047583503093044044e-01,-4.831926703301415715e-01
4.227610616943592858e-01,9.046110026394887926e-01,-4.836476893692523982e-01
4.230658641901735573e-01,9.044635162335303846e-01,-4.841030051079573404e-01
4.233706666859877732e-01,9.043158910009148066e-01,-4.845586180677887156e-01
4.236754691818020446e-01,9.041681268509687008e-01,-4.850145287713833464e-01
4.239802716776162606e-01,9.040202236928591706e-01,-4.854707377424850034e-01
4.242850741734305320e-01,9.038721814355936690e-01,-4.859272455059482354e-01
4.245898766692447479e-01,9.037239999880194441e-01,-4.863840525877409782e-01
4.248946791650590193e-01,9.035756792588232056e-01,-4.868411595149483850e-01
4.251994816608732353e-01,9.034272191565307919e-01,-4.872985668157752692e-01
4.255042841566875067e-01,9.032786195895069481e-01,-4.877562750195502672e-01
4.258090866525017781e-01,9.031298804659547708e-01,-4.882142846567282257e-01
4.261138891483159941e-01,9.029810016939159301e-01,-4.886725962588938654e-01
4.264186916441302655e-01,9.028319831812693375e-01,-4.891312103587652782e-01
4.267234941399444814e-01,9.026828248357317008e-01,-4.895901274901965361e-01
4.270282966357587529e-01,9.025335265648566363e-01,-4.900493481881816882e-01
4.273330991315729688e-01,9.023840882760347792e-01,-4.905088729888574806e-01
4.276379016273872402e-01,9.022345098764930071e-01,-4.909687024295071867e-01
4.279427041232014561e-01,9.020847912732941065e-01,-4.914288370485634383e-01
4.282475066190157276e-01,9.019349323733367729e-01,-4.918892773856119449e-01
4.285523091148299435e-01,9.017849330833551669e-01,-4.923500239813945467e-01
4.288571116106442149e-01,9.016347933099181367e-01,-4.928110773778128784e-01
4.291619141064584309e-01,9.014845129594294404e-01,-4.932724381179313111e-01
4.294667166022727023e-01,9.013340919381270799e-01,-4.937341067459809496e-01
4.297715190980869737e-01,9.011835301520827457e-01,-4.941960838073623519e-01
4.300763215939011896e-01,9.010328275072022608e-01,-4.946583698486491931e-01
4.303811240897154611e-01,9.008819839092240267e-01,-4.951209654175920960e-01
4.306859265855296770e-01,9.007309992637196894e-01,-4.955838710631212951e-01
4.309907290813439484e-01,9.005798734760933622e-01,-4.960470873353508559e-01
4.312955315771581644e-01,9.004286064515814036e-01,-4.965106147855813390e-01
4.316003340729724358e-01,9.002771980952515296e-01,-4.969744539663040195e-01
4.319051365687866517e-01,9.001256483120033680e-01,-4.974386054312036620e-01
4.322099390646009232e-01,8.999739570065672378e-01,-4.979030697351627954e-01
4.325147415604151391e-01,8.998221240835044821e-01,-4.983678474342642661e-01
4.328195440562294105e-01,8.996701494472063576e-01,-4.988329390857957901e-01
4.331243465520436819e-01,8.995180330018944792e-01,-4.992983452482525064e-01
4.334291490478578979e-01,8.993657746516198204e-01,-4.997640664813411404e-01
4.337339515436721693e-01,8.992133743002624913e-01,-5.002301033459833901e-01
4.340387540394863852e-01,8.990608318515317388e-01,-5.006964564043193677e-01
4.343435565353006567e-01,8.989081472089649472e-01,-5.011631262197114856e-01
4.346483590311148726e-01,8.987553202759278603e-01,-5.016301133567474535e-01
4.349531615269291440e-01,8.986023509556139155e-01,-5.020974183812446645e-01
4.352579640227433599e-01,8.984492391510436882e-01,-5.025650418602529701e-01
4.355627665185576314e-01,8.982959847650648921e-01,-5.030329843620592323e-01
4.358675690143718473e-01,8.981425877003519354e-01,-5.035012464561899881e-01
4.361723715101861187e-01,8.979890478594052539e-01,-5.039698287134158905e-01
4.364771740060003902e-01,8.978353651445510897e-01,-5.044387317057549280e-01
4.367819765018146061e-01,8.976815394579414908e-01,-5.049079560064760885e-01
4.370867789976288775e-01,8.975275707015530902e-01,-5.053775021901035780e-01
4.373915814934430935e-01,8.973734587771875493e-01,-5.058473708324195961e-01
4.376963839892573649e-01,8.972192035864707815e-01,-5.063175625104692212e-01
4.380011864850715808e-01,8.970648050308525079e-01,-5.067880778025629640e-01
4.383059889808858522e-01,8.969102630116061459e-01,-5.072589172882813191e-01
4.386107914767000682e-01,8.967555774298281435e-01,-5.077300815484782071e-01
4.389155939725143396e-01,8.966007481864377571e-01,-5.082015711652847489e-01
4.392203964683285555e-01,8.964457751821766074e-01,-5.086733867221131522e-01
4.395251989641428270e-01,8.962906583176082354e-01,-5.091455288036603744e-01
4.398300014599570984e-01,8.961353974931178801e-01,-5.096179979959121198e-01
4.401348039557713143e-01,8.959799926089118127e-01,-5.100907948861463925e-01
4.404396064515855858e-01,8.958244435650173365e-01,-5.105639200629377150e-01
4.407444089473998017e-01,8.956687502612820095e-01,-5.110373741161604588e-01
4.410492114432140731e-01,8.955129125973732007e-01,-5.115111576369931745e-01
4.413540139390282890e-01,8.953569304727784228e-01,-5.119852712179222554e-01
4.416588164348425605e-01,8.952008037868038892e-01,-5.124597154527459342e-01
4.419636189306567764e-01,8.950445324385747359e-01,-5.129344909365780580e-01
4.422684214264710478e-01,8.948881163270346883e-01,-5.134095982658519741e-01
4.425732239222852638e-01,8.947315553509453956e-01,-5.138850380383248595e-01
4.428780264180995352e-01,8.945748494088859859e-01,-5.143608108530810519e-01
4.431828289139137511e-01,8.944179983992529559e-01,-5.148369173105363794e-01
4.434876314097280225e-01,8.942610022202593933e-01,-5.153133580124424906e-01
4.437924339055422940e-01,8.941038607699348661e-01,-5.157901335618897409e-01
4.440972364013565099e-01,8.939465739461250893e-01,-5.162672445633125218e-01
4.444020388971707813e-01,8.937891416464910366e-01,-5.167446916224923692e-01
4.447068413929849973e-01,8.936315637685090518e-01,-5.172224753465622937e-01
4.450116438887992687e-01,8.934738402094700715e-01,-5.177005963440109992e-01
4.453164463846134846e-01,8.933159708664795140e-01,-5.181790552246864356e-01
4.456212488804277561e-01,8.931579556364565020e-01,-5.186578525998006839e-01
4.459260513762419720e-01,8.929997944161338630e-01,-5.191369890819329536e-01
4.462308538720562434e-01,8.928414871020572408e-01,-5.196164652850349119e-01
4.465356563678704593e-01,8.926830335905853175e-01,-5.200962818244339037e-01
4.468404588636847308e-01,8.925244337778885928e-01,-5.205764393168373916e-01
4.471452613594990022e-01,8.923656875599496052e-01,-5.210569383803371757e-01
4.474500638553132181e-01,8.922067948325623776e-01,-5.215377796344132788e-01
4.477548663511274896e-01,8.920477554913317508e-01,-5.220189636999388316e-01
4.480596688469417055e-01,8.918885694316730506e-01,-5.225004911991831813e-01
4.483644713427559769e-01,8.917292365488118655e-01,-5.229823627558171095e-01
4.486692738385701928e-01,8.915697567377834920e-01,-5.234645789949164962e-01
4.489740763343844643e-01,8.914101298934322681e-01,-5.239471405429668716e-01
4.492788788301986802e-01,8.912503559104115736e-01,-5.244300480278670795e-01
4.495836813260129516e-01,8.910904346831830525e-01,-5.249133020789346071e-01
4.498884838218271676e-01,8.909303661060166135e-01,-5.253969033269086930e-01
4.501932863176414390e-01,8.907701500729890975e-01,-5.258808524039556564e-01
4.504980888134557104e-01,8.906097864779851658e-01,-5.263651499436725612e-01
4.508028913092699264e-01,8.904492752146956347e-01,-5.268497965810915451e-01
4.511076938050841978e-01,8.902886161766175865e-01,-5.273347929526847055e-01
4.514124963008984137e-01,8.901278092570542588e-01,-5.278201396963679848e-01
4.517172987967126851e-01,8.899668543491136008e-01,-5.283058374515058331e-01
4.520221012925269011e-01,8.898057513457091616e-01,-5.287918868589152055e-01
4.523269037883411725e-01,8.896445001395584251e-01,-5.292782885608706689e-01
4.526317062841553884e-01,8.894831006231830317e-01,-5.297650432011079547e-01
4.529365087799696599e-01,8.893215526889083344e-01,-5.302521514248293988e-01
4.532413112757838758e-01,8.891598562288626217e-01,-5.307396138787072726e-01
4.535461137715981472e-01,8.889980111349768954e-01,-5.312274312108895558e-01
4.538509162674123631e-01,8.888360172989845376e-01,-5.317156040710031562e-01
4.541557187632266346e-01,8.886738746124204225e-01,-5.322041331101594608e-01
4.544605212590409060e-01,8.885115829666208054e-01,-5.326930189809581107e-01
4.547653237548551219e-01,8.883491422527231007e-01,-5.331822623374919967e-01
4.550701262506693934e-01,8.881865523616646607e-01,-5.336718638353519228e-01
4.553749287464836093e-01,8.880238131841832194e-01,-5.341618241316303806e-01
4.556797312422978807e-01,8.878609246108155606e-01,-5.346521438849275443e-01
4.559845337381120967e-01,8.876978865318978507e-01,-5.351428237553542688e-01
4.562893362339263681e-01,8.875346988375647506e-01,-5.356338644045380848e-01
4.565941387297405840e-01,8.873713614177488607e-01,-5.361252664956269731e-01
4.568989412255548554e-01,8.872078741621804987e-01,-5.366170306932944722e-01
4.572037437213690714e-01,8.870442369603873667e-01,-5.371091576637442300e-01
4.575085462171833428e-01,8.868804497016934407e-01,-5.376016480747147774e-01
4.578133487129976142e-01,8.867165122752194151e-01,-5.380945025954840810e-01
4.581181512088118302e-01,8.865524245698813699e-01,-5.385877218968742053e-01
4.584229537046261016e-01,8.863881864743908823e-01,-5.390813066512566420e-01
4.587277562004403175e-01,8.862237978772543601e-01,-5.395752575325564182e-01
4.590325586962545890e-01,8.860592586667723758e-01,-5.400695752162573138e-01
4.593373611920688049e-01,8.858945687310396666e-01,-5.405642603794060808e-01
4.596421636878830763e-01,8.857297279579440241e-01,-5.410593137006184383e-01
4.599469661836972922e-01,8.855647362351664054e-01,-5.415547358600825145e-01
4.602517686795115637e-01,8.853995934501801557e-01,-5.420505275395645084e-01
4.605565711753257796e-01,8.852342994902504536e-01,-5.425466894224136860e-01
4.608613736711400510e-01,8.850688542424341998e-01,-5.430432221935667103e-01
4.611661761669543225e-01,8.849032575935789069e-01,-5.435401265395530812e-01
4.614709786627685384e-01,8.847375094303230325e-01,-5.440374031484995765e-01
4.617757811585828098e-01,8.845716096390946470e-01,-5.445350527101359139e-01
4.620805836543970258e-01,8.844055581061117666e-01,-5.450330759157987481e-01
4.623853861502112972e-01,8.842393547173809099e-01,-5.455314734584376657e-01
4.626901886460255131e-01,8.840729993586975421e-01,-5.460302460326194041e-01
4.629949911418397845e-01,8.839064919156449651e-01,-5.465293943345335137e-01
4.632997936376540005e-01,8.837398322735943168e-01,-5.470289190619967989e-01
4.636045961334682719e-01,8.835730203177034614e-01,-5.475288209144587581e-01
4.639093986292824878e-01,8.834060559329169893e-01,-5.480291005930065795e-01
4.642142011250967593e-01,8.832389390039654398e-01,-5.485297588003704705e-01
4.645190036209109752e-01,8.830716694153650792e-01,-5.490307962409282094e-01
4.648238061167252466e-01,8.829042470514171237e-01,-5.495322136207109187e-01
4.651286086125395181e-01,8.827366717962071840e-01,-5.500340116474078389e-01
4.654334111083537340e-01,8.825689435336052657e-01,-5.505361910303714357e-01
4.657382136041680054e-01,8.824010621472646587e-01,-5.510387524806231729e-01
4.660430160999822213e-01,8.822330275206216044e-01,-5.515416967108579538e-01
4.663478185957964928e-01,8.820648395368950734e-01,-5.520450244354501157e-01
4.666526210916107087e-01,8.818964980790859887e-01,-5.525487363704579824e-01
4.669574235874249801e-01,8.817280030299765592e-01,-5.530528332336297481e-01
4.672622260832391961e-01,8.815593542721303910e-01,-5.535573157444082515e-01
4.675670285790534675e-01,8.813905516878909330e-01,-5.540621846239367487e-01
4.678718310748676834e-01,8.812215951593821428e-01,-5.545674405950639096e-01
4.681766335706819548e-01,8.810524845685071549e-01,-5.550730843823497018e-01
4.684814360664962263e-01,8.808832197969478361e-01,-5.555791167120698315e-01
4.687862385623104422e-01,8.807138007261646750e-01,-5.560855383122220719e-01
4.690910410581247136e-01,8.805442272373960044e-01,-5.565923499125312590e-01
4.693958435539389296e-01,8.803744992116572243e-01,-5.570995522444547321e-01
4.697006460497532010e-01,8.802046165297405800e-01,-5.576071460411879954e-01
4.700054485455674169e-01,8.800345790722149397e-01,-5.581151320376698255e-01
4.703102510413816884e-01,8.798643867194243517e-01,-5.586235109705883772e-01
4.706150535371959043e-01,8.796940393514885992e-01,-5.591322835783859579e-01
4.709198560330101757e-01,8.795235368483015348e-01,-5.596414506012652446e-01
4.712246585288243916e-01,8.793528790895315250e-01,-5.601510127811943907e-01
4.715294610246386631e-01,8.791820659546204508e-01,-5.606609708619129107e-01
4.718342635204529345e-01,8.790110973227832636e-01,-5.611713255889372309e-01
4.721390660162671504e-01,8.788399730730072079e-01,-5.616820777095659079e-01
4.724438685120814219e-01,8.786686930840515997e-01,-5.621932279728862891e-01
4.727486710078956378e-01,8.784972572344472708e-01,-5.627047771297787326e-01
4.730534735037099092e-01,8.783256654024956811e-01,-5.632167259329239339e-01
4.733582759995241251e-01,8.781539174662689184e-01,-5.637290751368070341e-01
4.736630784953383966e-01,8.779820133036083663e-01,-5.642418254977249470e-01
4.739678809911526125e-01,8.778099527921250367e-01,-5.647549777737904675e-01
4.742726834869668839e-01,8.776377358091983494e-01,-5.652685327249397096e-01
4.745774859827810999e-01,8.774653622319759094e-01,-5.657824911129364365e-01
4.748822884785953713e-01,8.772928319373727302e-01,-5.662968537013791659e-01
4.751870909744095872e-01,8.771201448020711222e-01,-5.668116212557060551e-01
4.754918934702238587e-01,8.769473007025194722e-01,-5.673267945432012294e-01
4.757966959660381301e-01,8.767742995149320206e-01,-5.678423743330006657e-01
4.761014984618523460e-01,8.766011411152886401e-01,-5.683583613960977443e-01
4.764063009576666174e-01,8.764278253793333917e-01,-5.688747565053501321e-01
4.767111034534808334e-01,8.762543521825749693e-01,-5.693915604354843341e-01
4.770159059492951048e-01,8.760807214002853671e-01,-5.699087739631030214e-01
4.773207084451093207e-01,8.759069329074996579e-01,-5.704263978666902490e-01
4.776255109409235922e-01,8.757329865790153267e-01,-5.709444329266178952e-01
4.779303134367378081e-01,8.755588822893918266e-01,-5.714628799251511015e-01
4.782351159325520795e-01,8.753846199129496908e-01,-5.719817396464553783e-01
4.785399184283662954e-01,8.752101993237701993e-01,-5.725010128766018225e-01
4.788447209241805669e-01,8.750356203956948242e-01,-5.730207004035736684e-01
4.791495234199948383e-01,8.748608830023245631e-01,-5.735408030172721716e-01
4.794543259158090542e-01,8.746859870170192730e-01,-5.740613215095229371e-01
4.797591284116233257e-01,8.745109323128972267e-01,-5.745822566740824699e-01
4.800639309074375416e-01,8.743357187628345573e-01,-5.751036093066437260e-01
4.803687334032518130e-01,8.741603462394642587e-01,-5.756253802048429957e-01
4.806735358990660290e-01,8.739848146151762975e-01,-5.761475701682654549e-01
4.809783383948803004e-01,8.738091237621162799e-01,-5.766701799984522703e-01
4.812831408906945163e-01,8.736332735521854520e-01,-5.771932104989064838e-01
4.815879433865087877e-01,8.734572638570398118e-01,-5.777166624750993407e-01
4.818927458823230037e-01,8.732810945480894427e-01,-5.782405367344766178e-01
4.821975483781372751e-01,8.731047654964979587e-01,-5.787648340864656182e-01
4.825023508739515465e-01,8.729282765731822824e-01,-5.792895553424807220e-01
4.828071533697657625e-01,8.727516276488113123e-01,-5.798147013159301588e-01
4.831119558655800339e-01,8.725748185938060342e-01,-5.803402728222230023e-01
4.834167583613942498e-01,8.723978492783382999e-01,-5.808662706787749430e-01
4.837215608572085213e-01,8.722207195723308271e-01,-5.813926957050150612e-01
4.840263633530227372e-01,8.720434293454559782e-01,-5.819195487223925989e-01
4.843311658488370086e-01,8.718659784671355384e-01,-5.824468305543833990e-01
4.846359683446512245e-01,8.716883668065400492e-01,-5.829745420264962341e-01
4.849407708404654960e-01,8.715105942325879207e-01,-5.835026839662799114e-01
4.852455733362797119e-01,8.713326606139454311e-01,-5.840312572033293792e-01
4.855503758320939833e-01,8.711545658190250618e-01,-5.845602625692931653e-01
4.858551783279081993e-01,8.709763097159861633e-01,-5.850897008978792613e-01
4.861599808237224707e-01,8.707978921727330679e-01,-5.856195730248625608e-01
4.864647833195367421e-01,8.706193130569154226e-01,-5.861498797880909661e-01
4.867695858153509580e-01,8.704405722359270792e-01,-5.866806220274926043e-01
4.870743883111652295e-01,8.702616695769055388e-01,-5.872118005850828215e-01
4.873791908069794454e-01,8.700826049467311751e-01,-5.877434163049701787e-01
4.876839933027937168e-01,8.699033782120272340e-01,-5.882754700333646669e-01
4.879887957986079328e-01,8.697239892391580574e-01,-5.888079626185830362e-01
4.882935982944222042e-01,8.695444378942296382e-01,-5.893408949110571227e-01
4.885984007902364201e-01,8.693647240430882883e-01,-5.898742677633398435e-01
4.889032032860506916e-01,8.691848475513198613e-01,-5.904080820301127464e-01
4.892080057818649075e-01,8.690048082842497523e-01,-5.909423385681923380e-01
4.895128082776791789e-01,8.688246061069416770e-01,-5.914770382365384105e-01
4.898176107734934503e-01,8.686442408841972274e-01,-5.920121818962593707e-01
4.901224132693076663e-01,8.684637124805553166e-01,-5.925477704106207888e-01
4.904272157651219377e-01,8.682830207602910688e-01,-5.930838046450518375e-01
4.907320182609361536e-01,8.681021655874159304e-01,-5.936202854671523976e-01
4.910368207567504251e-01,8.679211468256763373e-01,-5.941572137467006076e-01
4.913416232525646410e-01,8.677399643385532713e-01,-5.946945903556597468e-01
4.916464257483789124e-01,8.675586179892615935e-01,-5.952324161681856740e-01
4.919512282441931283e-01,8.673771076407496006e-01,-5.957706920606339329e-01
4.922560307400073998e-01,8.671954331556978035e-01,-5.963094189115670796e-01
4.925608332358216157e-01,8.670135943965188163e-01,-5.968485976017621208e-01
4.928656357316358871e-01,8.668315912253563571e-01,-5.973882290142178420e-01
4.931704382274501586e-01,8.666494235040846927e-01,-5.979283140341619118e-01
4.934752407232643745e-01,8.664670910943079729e-01,-5.984688535490586547e-01
4.937800432190786459e-01,8.662845938573595639e-01,-5.990098484486164887e-01
4.940848457148928619e-01,8.661019316543010493e-01,-5.995512996247949200e-01
4.943896482107071333e-01,8.659191043459220083e-01,-6.000932079718127587e-01
4.946944507065213492e-01,8.657361117927390159e-01,-6.006355743861548913e-01
4.949992532023356206e-01,8.655529538549951996e-01,-6.011783997665806067e-01
4.953040556981498366e-01,8.653696303926592392e-01,-6.017216850141304807e-01
4.956088581939641080e-01,8.651861412654248129e-01,-6.022654310321345905e-01
4.959136606897783239e-01,8.650024863327101521e-01,-6.028096387262195099e-01
4.962184631855925954e-01,8.648186654536567097e-01,-6.033543090043170798e-01
4.965232656814068113e-01,8.646346784871291602e-01,-6.038994427766707362e-01
4.968280681772210827e-01,8.644505252917142890e-01,-6.044450409558442816e-01
4.971328706730353542e-01,8.642662057257203267e-01,-6.049911044567293228e-01
4.974376731688495701e-01,8.640817196471763939e-01,-6.055376341965529319e-01
4.977424756646638415e-01,8.638970669138315017e-01,-6.060846310948859728e-01
4.980472781604780574e-01,8.637122473831542191e-01,-6.066320960736503176e-01
4.983520806562923289e-01,8.635272609123316734e-01,-6.071800300571272846e-01
4.986568831521065448e-01,8.633421073582688843e-01,-6.077284339719652984e-01
4.989616856479208162e-01,8.631567865775879866e-01,-6.082773087471882167e-01
4.992664881437350322e-01,8.629712984266277864e-01,-6.088266553142024362e-01
4.995712906395493036e-01,8.627856427614426504e-01,-6.093764746068063287e-01
4.998760931353635195e-01,8.625998194378021733e-01,-6.099267675611969031e-01
5.001808956311778465e-01,8.624138283111897341e-01,-6.104775351159791308e-01
5.004856981269920624e-01,8.622276692368029405e-01,-6.110287782121728295e-01
5.007905006228062783e-01,8.620413420695517415e-01,-6.115804977932219888e-01
5.010953031186204942e-01,8.618548466640582051e-01,-6.121326948050023198e-01
5.014001056144348212e-01,8.616681828746558525e-01,-6.126853701958300258e-01
5.017049081102490371e-01,8.614813505553887696e-01,-6.132385249164686858e-01
5.020097106060632530e-01,8.612943495600107191e-01,-6.137921599201396905e-01
5.023145131018774689e-01,8.611071797419848073e-01,-6.143462761625289037e-01
5.026193155976917959e-01,8.609198409544820407e-01,-6.149008746017959881e-01
5.029241180935060118e-01,8.607323330503815484e-01,-6.154559561985816218e-01
5.032289205893202277e-01,8.605446558822689163e-01,-6.160115219160176014e-01
5.035337230851344437e-01,8.603568093024357433e-01,-6.165675727197339473e-01
5.038385255809487706e-01,8.601687931628791972e-01,-6.171241095778684516e-01
5.041433280767629865e-01,8.599806073153006825e-01,-6.176811334610737836e-01
5.044481305725772025e-01,8.597922516111055069e-01,-6.182386453425279260e-01
5.047529330683915294e-01,8.596037259014019938e-01,-6.187966461979415023e-01
5.050577355642057453e-01,8.594150300370007045e-01,-6.193551370055663252e-01
5.053625380600199613e-01,8.592261638684135505e-01,-6.199141187462053892e-01
5.056673405558341772e-01,8.590371272458530161e-01,-6.204735924032201977e-01
5.059721430516485041e-01,8.588479200192316032e-01,-6.210335589625403108e-01
5.062769455474627200e-01,8.586585420381609435e-01,-6.215940194126715612e-01
5.065817480432769360e-01,8.584689931519507988e-01,-6.221549747447057133e-01
5.068865505390911519e-01,8.582792732096087285e-01,-6.227164259523284562e-01
5.071913530349054788e-01,8.580893820598385346e-01,-6.232783740318292853e-01
5.074961555307196948e-01,8.578993195510407066e-01,-6.238408199821089406e-01
5.078009580265339107e-01,8.577090855313100892e-01,-6.244037648046900646e-01
5.081057605223482376e-01,8.575186798484362161e-01,-6.249672095037256403e-01
5.084105630181624536e-01,8.573281023499023101e-01,-6.255311550860070957e-01
5.087153655139766695e-01,8.571373528828839516e-01,-6.260956025609747400e-01
5.090201680097908854e-01,8.569464312942489670e-01,-6.266605529407264230e-01
5.093249705056052123e-01,8.567553374305559855e-01,-6.272260072400266395e-01
5.096297730014194283e-01,8.565640711380542172e-01,-6.277919664763151886e-01
5.099345754972336442e-01,8.563726322626821208e-01,-6.283584316697176098e-01
5.102393779930478601e-01,8.561810206500669596e-01,-6.289254038430536209e-01
5.105441804888621871e-01,8.559892361455235799e-01,-6.294928840218468880e-01
5.108489829846764030e-01,8.557972785940543003e-01,-6.300608732343334628e-01
5.111537854804906189e-01,8.556051478403471355e-01,-6.306293725114726634e-01
5.114585879763049459e-01,8.554128437287756848e-01,-6.311983828869556223e-01
5.117633904721191618e-01,8.552203661033981330e-01,-6.317679053972143910e-01
5.120681929679333777e-01,8.550277148079560297e-01,-6.323379410814324864e-01
5.123729954637475936e-01,8.548348896858740664e-01,-6.329084909815538840e-01
5.126777979595619206e-01,8.546418905802587451e-01,-6.334795561422926768e-01
5.129826004553761365e-01,8.544487173338978225e-01,-6.340511376111422903e-01
5.132874029511903524e-01,8.542553697892592002e-01,-6.346232364383861402e-01
5.135922054470045683e-01,8.540618477884905912e-01,-6.351958536771068475e-01
5.138970079428188953e-01,8.538681511734176333e-01,-6.357689903831957867e-01
5.142018104386331112e-01,8.536742797855444431e-01,-6.363426476153627442e-01
5.145066129344473271e-01,8.534802334660515077e-01,-6.369168264351469100e-01
5.148114154302616541e-01,8.532860120557954620e-01,-6.374915279069256480e-01
5.151162179260758700e-01,8.530916153953082004e-01,-6.380667530979242663e-01
5.154210204218900859e-01,8.528970433247957672e-01,-6.386425030782273415e-01
5.157258229177043019e-01,8.527022956841376899e-01,-6.392187789207874893e-01
5.160306254135186288e-01,8.525073723128856473e-01,-6.397955817014360225e-01
5.163354279093328447e-01,8.523122730502635802e-01,-6.403729124988924992e-01
5.166402304051470606e-01,8.521169977351658043e-01,-6.409507723947754920e-01
5.169450329009612766e-01,8.519215462061566768e-01,-6.415291624736126908e-01
5.172498353967756035e-01,8.517259183014691537e-01,-6.421080838228512278e-01
5.175546378925898194e-01,8.515301138590049002e-01,-6.426875375328666706e-01
5.178594403884040354e-01,8.513341327163322925e-01,-6.432675246969754568e-01
5.181642428842183623e-01,8.511379747106863070e-01,-6.438480464114441082e-01
5.184690453800325782e-01,8.509416396789671877e-01,-6.444291037754988904e-01
5.187738478758467942e-01,8.507451274577396694e-01,-6.450106978913382472e-01
5.190786503716610101e-01,8.505484378832322001e-01,-6.455928298641413488e-01
5.193834528674753370e-01,8.503515707913356092e-01,-6.461755008020800828e-01
5.196882553632895529e-01,8.501545260176029961e-01,-6.467587118163284909e-01
5.199930578591037689e-01,8.499573033972478431e-01,-6.473424640210742043e-01
5.202978603549179848e-01,8.497599027651437931e-01,-6.479267585335289903e-01
5.206026628507323117e-01,8.495623239558234285e-01,-6.485115964739395222e-01
5.209074653465465277e-01,8.493645668034774943e-01,-6.490969789655971489e-01
5.212122678423607436e-01,8.491666311419537871e-01,-6.496829071348505513e-01
5.215170703381750705e-01,8.489685168047562680e-01,-6.502693821111155126e-01
5.218218728339892865e-01,8.487702236250445065e-01,-6.508564050268852430e-01
5.221266753298035024e-01,8.485717514356321267e-01,-6.514439770177428146e-01
5.224314778256177183e-01,8.483731000689861412e-01,-6.520320992223710421e-01
5.227362803214320452e-01,8.481742693572259517e-01,-6.526207727825643623e-01
5.230410828172462612e-01,8.479752591321229049e-01,-6.532099988432387150e-01
5.233458853130604771e-01,8.477760692250984054e-01,-6.537997785524441996e-01
5.236506878088746930e-01,8.475766994672236931e-01,-6.543901130613754002e-01
5.239554903046890200e-01,8.473771496892184008e-01,-6.549810035243828210e-01
5.242602928005032359e-01,8.471774197214503310e-01,-6.555724510989836551e-01
5.245650952963174518e-01,8.469775093939334587e-01,-6.561644569458744414e-01
5.248698977921316677e-01,8.467774185363278194e-01,-6.567570222289413895e-01
5.251747002879459947e-01,8.465771469779378444e-01,-6.573501481152721482e-01
5.254795027837602106e-01,8.463766945477122494e-01,-6.579438357751667965e-01
5.257843052795744265e-01,8.461760610742422584e-01,-6.585380863821506114e-01
5.260891077753887535e-01,8.459752463857608262e-01,-6.591329011129848370e-01
5.263939102712029694e-01,8.457742503101418619e-01,-6.597282811476776754e-01
5.266987127670171853e-01,8.455730726748991177e-01,-6.603242276694976098e-01
5.270035152628314012e-01,8.453717133071853018e-01,-6.609207418649840626e-01
5.273083177586457282e-01,8.451701720337904122e-01,-6.615178249239594965e-01
5.276131202544599441e-01,8.449684486811421813e-01,-6.621154780395407391e-01
5.279179227502741600e-01,8.447665430753033000e-01,-6.627137024081518613e-01
5.282227252460883760e-01,8.445644550419718621e-01,-6.633124992295355016e-01
5.285275277419027029e-01,8.443621844064794768e-01,-6.639118697067654118e-01
5.288323302377169188e-01,8.441597309937907134e-01,-6.645118150462573370e-01
5.291371327335311348e-01,8.439570946285018804e-01,-6.651123364577825603e-01
5.294419352293454617e-01,8.437542751348396930e-01,-6.657134351544794493e-01
5.297467377251596776e-01,8.435512723366612731e-01,-6.663151123528651132e-01
5.300515402209738935e-01,8.433480860574518179e-01,-6.669173692728490588e-01
5.303563427167881095e-01,8.431447161203243779e-01,-6.675202071377441815e-01
5.306611452126024364e-01,8.429411623480185245e-01,-6.681236271742803101e-01
5.309659477084166523e-01,8.427374245628997951e-01,-6.687276306126149761e-01
5.312707502042308683e-01,8.425335025869578054e-01,-6.693322186863481793e-01
5.315755527000450842e-01,8.423293962418058056e-01,-6.699373926325329354e-01
5.318803551958594111e-01,8.421251053486792371e-01,-6.705431536916893753e-01
5.321851576916736271e-01,8.419206297284353990e-01,-6.711495031078160700e-01
5.324899601874878430e-01,8.417159692015515615e-01,-6.717564421284037968e-01
5.327947626833021699e-01,8.415111235881239660e-01,-6.723639720044481960e-01
5.330995651791163858e-01,8.413060927078676032e-01,-6.729720939904617616e-01
5.334043676749306018e-01,8.411008763801139931e-01,-6.735808093444878297e-01
5.337091701707448177e-01,8.408954744238111845e-01,-6.741901193281127913e-01
5.340139726665591446e-01,8.406898866575215346e-01,-6.748000252064798588e-01
5.343187751623733606e-01,8.404841128994219313e-01,-6.754105282483008343e-01
5.346235776581875765e-01,8.402781529673014616e-01,-6.760216297258705431e-01
5.349283801540017924e-01,8.400720066785610785e-01,-6.766333309150796005e-01
5.352331826498161194e-01,8.398656738502121577e-01,-6.772456330954275128e-01
5.355379851456303353e-01,8.396591542988759427e-01,-6.778585375500355559e-01
5.358427876414445512e-01,8.394524478407814350e-01,-6.784720455656610971e-01
5.361475901372588782e-01,8.392455542917652833e-01,-6.790861584327109179e-01
5.364523926330730941e-01,8.390384734672701184e-01,-6.797008774452533153e-01
5.367571951288873100e-01,8.388312051823436644e-01,-6.803162039010334228e-01
5.370619976247015259e-01,8.386237492516374070e-01,-6.809321391014859781e-01
5.373668001205158529e-01,8.384161054894055942e-01,-6.815486843517490900e-01
5.376716026163300688e-01,8.382082737095042368e-01,-6.821658409606773388e-01
5.379764051121442847e-01,8.380002537253896655e-01,-6.827836102408568753e-01
5.382812076079585006e-01,8.377920453501176423e-01,-6.834019935086182995e-01
5.385860101037728276e-01,8.375836483963421397e-01,-6.840209920840513158e-01
5.388908125995870435e-01,8.373750626763142302e-01,-6.846406072910171670e-01
5.391956150954012594e-01,8.371662880018808650e-01,-6.852608404571646217e-01
5.395004175912155864e-01,8.369573241844835421e-01,-6.858816929139434082e-01
5.398052200870298023e-01,8.367481710351577506e-01,-6.865031659966170929e-01
5.401100225828440182e-01,8.365388283645311951e-01,-6.871252610442795117e-01
5.404148250786582341e-01,8.363292959828225737e-01,-6.877479793998675373e-01
5.407196275744725611e-01,8.361195736998411343e-01,-6.883713224101759565e-01
5.410244300702867770e-01,8.359096613249847874e-01,-6.889952914258714589e-01
5.413292325661009929e-01,8.356995586672392173e-01,-6.896198878015079581e-01
5.416340350619152089e-01,8.354892655351764397e-01,-6.902451128955405801e-01
5.419388375577295358e-01,8.352787817369541346e-01,-6.908709680703404299e-01
5.422436400535437517e-01,8.350681070803139816e-01,-6.914974546922086907e-01
5.425484425493579677e-01,8.348572413725806607e-01,-6.921245741313926114e-01
5.428532450451722946e-01,8.346461844206604086e-01,-6.927523277620996067e-01
5.431580475409865105e-01,8.344349360310402419e-01,-6.933807169625118005e-01
5.434628500368007264e-01,8.342234960097862917e-01,-6.940097431148015694e-01
5.437676525326149424e-01,8.340118641625430262e-01,-6.946394076051467525e-01
5.440724550284292693e-01,8.338000402945313638e-01,-6.952697118237451956e-01
5.443772575242434852e-01,8.335880242105485616e-01,-6.959006571648296280e-01
5.446820600200577012e-01,8.333758157149655510e-01,-6.965322450266840937e-01
5.449868625158719171e-01,8.331634146117269379e-01,-6.971644768116583846e-01
5.452916650116862440e-01,8.329508207043491153e-01,-6.977973539261836944e-01
5.455964675075004600e-01,8.327380337959190415e-01,-6.984308777807874957e-01
5.459012700033146759e-01,8.325250536890934638e-01,-6.990650497901100824e-01
5.462060724991288918e-01,8.323118801860968086e-01,-6.996998713729195574e-01
5.465108749949432188e-01,8.320985130887208481e-01,-7.003353439521277091e-01
5.468156774907574347e-01,8.318849521983229245e-01,-7.009714689548049993e-01
5.471204799865716506e-01,8.316711973158247284e-01,-7.016082478121975496e-01
5.474252824823859775e-01,8.314572482417108557e-01,-7.022456819597426847e-01
5.477300849782001935e-01,8.312431047760281411e-01,-7.028837728370838089e-01
5.480348874740144094e-01,8.310287667183837712e-01,-7.035225218880880593e-01
5.483396899698286253e-01,8.308142338679440631e-01,-7.041619305608616264e-01
5.486444924656429523e-01,8.305995060234334648e-01,-7.048020003077659634e-01
5.489492949614571682e-01,8.303845829831330017e-01,-7.054427325854333297e-01
5.492540974572713841e-01,8.301694645448792764e-01,-7.060841288547848871e-01
5.495588999530856000e-01,8.299541505060625823e-01,-7.067261905810454659e-01
5.498637024488999270e-01,8.297386406636261258e-01,-7.073689192337611065e-01
5.501685049447141429e-01,8.295229348140646941e-01,-7.080123162868142694e-01
5.504733074405283588e-01,8.293070327534231012e-01,-7.086563832184423761e-01
5.507781099363426858e-01,8.290909342772945223e-01,-7.093011215112533518e-01
5.510829124321569017e-01,8.288746391808201608e-01,-7.099465326522418351e-01
5.513877149279711176e-01,8.286581472586869168e-01,-7.105926181328076074e-01
5.516925174237853335e-01,8.284414583051267211e-01,-7.112393794487714693e-01
5.519973199195996605e-01,8.282245721139143146e-01,-7.118868181003928930e-01
5.523021224154138764e-01,8.280074884783673594e-01,-7.125349355923860095e-01
5.526069249112280923e-01,8.277902071913435522e-01,-7.131837334339382606e-01
5.529117274070423083e-01,8.275727280452399581e-01,-7.138332131387268298e-01
5.532165299028566352e-01,8.273550508319917896e-01,-7.144833762249364062e-01
5.535213323986708511e-01,8.271371753430708518e-01,-7.151342242152755047e-01
5.538261348944850671e-01,8.269191013694838777e-01,-7.157857586369958947e-01
5.541309373902993940e-01,8.267008287017715285e-01,-7.164379810219088096e-01
5.544357398861136099e-01,8.264823571300069505e-01,-7.170908929064025994e-01
5.547405423819278258e-01,8.262636864437942208e-01,-7.177444958314614931e-01
5.550453448777420418e-01,8.260448164322669040e-01,-7.183987913426823635e-01
5.553501473735563687e-01,8.258257468840869420e-01,-7.190537809902937116e-01
5.556549498693705846e-01,8.256064775874430994e-01,-7.197094663291722094e-01
5.559597523651848006e-01,8.253870083300491878e-01,-7.203658489188626834e-01
5.562645548609990165e-01,8.251673388991432878e-01,-7.210229303235946574e-01
5.565693573568133434e-01,8.249474690814857514e-01,-7.216807121123021140e-01
5.568741598526275594e-01,8.247273986633582021e-01,-7.223391958586398154e-01
5.571789623484417753e-01,8.245071274305616482e-01,-7.229983831410039530e-01
5.574837648442561022e-01,8.242866551684153720e-01,-7.236582755425499114e-01
5.577885673400703181e-01,8.240659816617555977e-01,-7.243188746512096987e-01
5.580933698358845341e-01,8.238451066949334933e-01,-7.249801820597125968e-01
5.583981723316987500e-01,8.236240300518141710e-01,-7.256421993656027025e-01
5.587029748275130769e-01,8.234027515157749111e-01,-7.263049281712585792e-01
5.590077773233272929e-01,8.231812708697042735e-01,-7.269683700839107976e-01
5.593125798191415088e-01,8.229595878959997668e-01,-7.276325267156633636e-01
5.596173823149557247e-01,8.227377023765669595e-01,-7.282973996835105934e-01
5.599221848107700517e-01,8.225156140928174819e-01,-7.289629906093583189e-01
5.602269873065842676e-01,8.222933228256685823e-01,-7.296293011200410961e-01
5.605317898023984835e-01,8.220708283555402396e-01,-7.302963328473438542e-01
5.608365922982128104e-01,8.218481304623543870e-01,-7.309640874280201039e-01
5.611413947940270264e-01,8.216252289255335794e-01,-7.316325665038115877e-01
5.614461972898412423e-01,8.214021235239991059e-01,-7.323017717214687083e-01
5.617509997856554582e-01,8.211788140361694355e-01,-7.329717047327697355e-01
5.620558022814697852e-01,8.209553002399587740e-01,-7.336423671945414560e-01
5.623606047772840011e-01,8.207315819127758427e-01,-7.343137607686777146e-01
5.626654072730982170e-01,8.205076588315217689e-01,-7.349858871221611745e-01
5.629702097689124329e-01,8.202835307725888647e-01,-7.356587479270828567e-01
5.632750122647267599e-01,8.200591975118589616e-01,-7.363323448606624577e-01
5.635798147605409758e-01,8.198346588247020783e-01,-7.370066796052681113e-01
5.638846172563551917e-01,8.196099144859744223e-01,-7.376817538484382597e-01
5.641894197521695187e-01,8.193849642700171687e-01,-7.383575692829013049e-01
5.644942222479837346e-01,8.191598079506547947e-01,-7.390341276065961473e-01
5.647990247437979505e-01,8.189344453011931924e-01,-7.397114305226936137e-01
5.651038272396121664e-01,8.187088760944187804e-01,-7.403894797396173288e-01
5.654086297354264934e-01,8.184831001025958397e-01,-7.410682769710645879e-01
5.657134322312407093e-01,8.182571170974660690e-01,-7.417478239360264514e-01
5.660182347270549252e-01,8.180309268502461428e-01,-7.424281223588108380e-01
5.663230372228691412e-01,8.178045291316263787e-01,-7.431091739690625086e-01
5.666278397186834681e-01,8.175779237117689613e-01,-7.437909805017853815e-01
5.669326422144976840e-01,8.173511103603066097e-01,-7.444735436973625164e-01
5.672374447103119000e-01,8.171240888463408014e-01,-7.451568653015795407e-01
5.675422472061262269e-01,8.168968589384396628e-01,-7.458409470656456319e-01
5.678470497019404428e-01,8.166694204046373029e-01,-7.465257907462148346e-01
5.681518521977546587e-01,8.164417730124310379e-01,-7.472113981054090415e-01
5.684566546935688747e-01,8.162139165287806142e-01,-7.478977709108391991e-01
5.687614571893832016e-01,8.159858507201058764e-01,-7.485849109356281783e-01
5.690662596851974175e-01,8.157575753522856576e-01,-7.492728199584319793e-01
5.693710621810116335e-01,8.155290901906555590e-01,-7.499614997634634905e-01
5.696758646768258494e-01,8.153003950000067279e-01,-7.506509521405141383e-01
5.699806671726401763e-01,8.150714895445836383e-01,-7.513411788849766459e-01
5.702854696684543923e-01,8.148423735880830909e-01,-7.520321817978673495e-01
5.705902721642686082e-01,8.146130468936515490e-01,-7.527239626858500676e-01
5.708950746600828241e-01,8.143835092238843609e-01,-7.534165233612579726e-01
5.711998771558971510e-01,8.141537603408234292e-01,-7.541098656421176827e-01
5.715046796517113670e-01,8.139238000059556555e-01,-7.548039913521709110e-01
5.718094821475255829e-01,8.136936279802111649e-01,-7.554989023208994459e-01
5.721142846433399098e-01,8.134632440239615292e-01,-7.561946003835477992e-01
5.724190871391541258e-01,8.132326478970183237e-01,-7.568910873811459661e-01
5.727238896349683417e-01,8.130018393586309067e-01,-7.575883651605346270e-01
5.730286921307825576e-01,8.127708181674846433e-01,-7.582864355743875739e-01
5.733334946265968846e-01,8.125395840816993509e-01,-7.589853004812368020e-01
5.736382971224111005e-01,8.123081368588279672e-01,-7.596849617454944914e-01
5.739430996182253164e-01,8.120764762558536631e-01,-7.603854212374796528e-01
5.742479021140395323e-01,8.118446020291889553e-01,-7.610866808334404432e-01
5.745527046098538593e-01,8.116125139346732631e-01,-7.617887424155799225e-01
5.748575071056680752e-01,8.113802117275716874e-01,-7.624916078720784807e-01
5.751623096014822911e-01,8.111476951625729015e-01,-7.631952790971209266e-01
5.754671120972966181e-01,8.109149639937869303e-01,-7.638997579909198032e-01
5.757719145931108340e-01,8.106820179747442623e-01,-7.646050464597398122e-01
5.760767170889250499e-01,8.104488568583930741e-01,-7.653111464159240152e-01
5.763815195847392658e-01,8.102154803970975649e-01,-7.660180597779183698e-01
5.766863220805535928e-01,8.099818883426366245e-01,-7.667257884702968207e-01
5.769911245763678087e-01,8.097480804462013904e-01,-7.674343344237862796e-01
5.772959270721820246e-01,8.095140564583935827e-01,-7.681436995752930486e-01
5.776007295679962406e-01,8.092798161292237280e-01,-7.688538858679279109e-01
5.779055320638105675e-01,8.090453592081088274e-01,-7.695648952510318885e-01
5.782103345596247834e-01,8.088106854438712467e-01,-7.702767296802016661e-01
5.785151370554389993e-01,8.085757945847359407e-01,-7.709893911173163472e-01
5.788199395512533263e-01,8.083406863783288987e-01,-7.717028815305635447e-01
5.791247420470675422e-01,8.081053605716754795e-01,-7.724172028944645829e-01
5.794295445428817581e-01,8.078698169111981908e-01,-7.731323571899021418e-01
5.797343470386959741e-01,8.076340551427146908e-01,-7.738483464041464588e-01
5.800391495345103010e-01,8.073980750114357896e-01,-7.745651725308815294e-01
5.803439520303245169e-01,8.071618762619640064e-01,-7.752828375702319752e-01
5.806487545261387329e-01,8.069254586382910155e-01,-7.760013435287903549e-01
5.809535570219529488e-01,8.066888218837959812e-01,-7.767206924196443651e-01
5.812583595177672757e-01,8.064519657412431153e-01,-7.774408862624034855e-01
5.815631620135814916e-01,8.062148899527805668e-01,-7.781619270832262902e-01
5.818679645093957076e-01,8.059775942599377574e-01,-7.788838169148486479e-01
5.821727670052100345e-01,8.057400784036232722e-01,-7.796065577966110327e-01
5.824775695010242504e-01,8.055023421241234161e-01,-7.803301517744852811e-01
5.827823719968384664e-01,8.052643851610995496e-01,-7.810546009011043456e-01
5.830871744926526823e-01,8.050262072535866453e-01,-7.817799072357891621e-01
5.833919769884670092e-01,8.047878081399908456e-01,-7.825060728445770719e-01
5.836967794842812252e-01,8.045491875580874641e-01,-7.832330998002496880e-01
5.840015819800954411e-01,8.043103452450190982e-01,-7.839609901823624272e-01
5.843063844759096570e-01,8.040712809372935199e-01,-7.846897460772724875e-01
5.846111869717239840e-01,8.038319943707812332e-01,-7.854193695781677143e-01
5.849159894675381999e-01,8.035924852807140306e-01,-7.861498627850951326e-01
5.852207919633524158e-01,8.033527534016825511e-01,-7.868812278049909237e-01
5.855255944591667427e-01,8.031127984676337261e-01,-7.876134667517091792e-01
5.858303969549809587e-01,8.028726202118696698e-01,-7.883465817460506564e-01
5.861351994507951746e-01,8.026322183670446808e-01,-7.890805749157935312e-01
5.864400019466093905e-01,8.023915926651636887e-01,-7.898154483957222638e-01
5.867448044424237175e-01,8.021507428375794779e-01,-7.905512043276579082e-01
5.870496069382379334e-01,8.019096686149914666e-01,-7.912878448604869774e-01
5.873544094340521493e-01,8.016683697274424869e-01,-7.920253721501934185e-01
5.876592119298663652e-01,8.014268459043173420e-01,-7.927637883598874780e-01
5.879640144256806922e-01,8.011850968743403634e-01,-7.935030956598370100e-01
5.882688169214949081e-01,8.009431223655736343e-01,-7.942432962274970087e-01
5.885736194173091240e-01,8.007009221054139925e-01,-7.949843922475416935e-01
5.888784219131234510e-01,8.004584958205913647e-01,-7.957263859118952620e-01
5.891832244089376669e-01,8.002158432371667685e-01,-7.964692794197613113e-01
5.894880269047518828e-01,7.999729640805294251e-01,-7.972130749776565883e-01
5.897928294005660987e-01,7.997298580753949837e-01,-7.979577747994408554e-01
5.900976318963804257e-01,7.994865249458033007e-01,-7.987033811063489752e-01
5.904024343921946416e-01,7.992429644151158863e-01,-7.994498961270221082e-01
5.907072368880088575e-01,7.989991762060141278e-01,-8.001973220975405754e-01
5.910120393838230735e-01,7.987551600404964036e-01,-8.009456612614552773e-01
5.913168418796374004e-01,7.985109156398760843e-01,-8.016949158698206679e-01
5.916216443754516163e-01,7.982664427247795347e-01,-8.024450881812255076e-01
5.919264468712658323e-01,7.980217410151434487e-01,-8.031961804618276135e-01
5.922312493670800482e-01,7.977768102302125186e-01,-8.039481949853856113e-01
5.925360518628943751e-01,7.975316500885372140e-01,-8.047011340332919094e-01
5.928408543587085910e-01,7.972862603079716726e-01,-8.054549998946052281e-01
5.931456568545228070e-01,7.970406406056710358e-01,-8.062097948660851277e-01
5.934504593503371339e-01,7.967947906980890060e-01,-8.069655212522252041e-01
5.937552618461513498e-01,7.965487103009760705e-01,-8.077221813652853966e-01
5.940600643419655658e-01,7.963023991293766146e-01,-8.084797775253277363e-01
5.943648668377797817e-01,7.960558568976263683e-01,-8.092383120602490987e-01
5.946696693335941086e-01,7.958090833193506297e-01,-8.099977873058161748e-01
5.949744718294083246e-01,7.955620781074616010e-01,-8.107582056056987785e-01
5.952792743252225405e-01,7.953148409741557234e-01,-8.115195693115054842e-01
5.955840768210367564e-01,7.950673716309114569e-01,-8.122818807828180443e-01
5.958888793168510833e-01,7.948196697884867268e-01,-8.130451423872263605e-01
5.961936818126652993e-01,7.945717351569171472e-01,-8.138093565003625685e-01
5.964984843084795152e-01,7.943235674455123574e-01,-8.145745255059383405e-01
5.968032868042938421e-01,7.940751663628544676e-01,-8.153406517957788591e-01
5.971080893001080581e-01,7.938265316167952834e-01,-8.161077377698586766e-01
5.974128917959222740e-01,7.935776629144539740e-01,-8.168757858363380198e-01
5.977176942917364899e-01,7.933285599622141859e-01,-8.176447984115988721e-01
5.980224967875508169e-01,7.930792224657219336e-01,-8.184147779202811668e-01
5.983272992833650328e-01,7.928296501298830457e-01,-8.191857267953180921e-01
5.986321017791792487e-01,7.925798426588602785e-01,-8.199576474779747270e-01
5.989369042749934646e-01,7.923297997560712069e-01,-8.207305424178837905e-01
5.992417067708077916e-01,7.920795211241853373e-01,-8.215044140730828337e-01
5.995465092666220075e-01,7.918290064651217763e-01,-8.222792649100507667e-01
5.998513117624362234e-01,7.915782554800464554e-01,-8.230550974037467160e-01
6.001561142582505504e-01,7.913272678693696882e-01,-8.238319140376472172e-01
6.004609167540647663e-01,7.910760433327436170e-01,-8.246097173037827410e-01
6.007657192498789822e-01,7.908245815690593261e-01,-8.253885097027777729e-01
6.010705217456931981e-01,7.905728822764443997e-01,-8.261682937438877827e-01
6.013753242415075251e-01,7.903209451522602569e-01,-8.269490719450384164e-01
6.016801267373217410e-01,7.900687698930999314e-01,-8.277308468328630209e-01
6.019849292331359569e-01,7.898163561947844080e-01,-8.285136209427429455e-01
6.022897317289501729e-01,7.895637037523608459e-01,-8.292973968188459555e-01
6.025945342247644998e-01,7.893108122600994703e-01,-8.300821770141658673e-01
6.028993367205787157e-01,7.890576814114911297e-01,-8.308679640905609620e-01
6.032041392163929316e-01,7.888043108992445207e-01,-8.316547606187955077e-01
6.035089417122072586e-01,7.885507004152830790e-01,-8.324425691785787285e-01
6.038137442080214745e-01,7.882968496507429812e-01,-8.332313923586044391e-01
6.041185467038356904e-01,7.880427582959695920e-01,-8.340212327565926786e-01
6.044233491996499064e-01,7.877884260405154659e-01,-8.348120929793296785e-01
6.047281516954642333e-01,7.875338525731367945e-01,-8.356039756427090515e-01
6.050329541912784492e-01,7.872790375817915187e-01,-8.363968833717717599e-01
6.053377566870926652e-01,7.870239807536356658e-01,-8.371908188007490814e-01
6.056425591829068811e-01,7.867686817750213502e-01,-8.379857845731030208e-01
6.059473616787212080e-01,7.865131403314928882e-01,-8.387817833415687208e-01
6.062521641745354239e-01,7.862573561077854656e-01,-8.395788177681950959e-01
6.065569666703496399e-01,7.860013287878208077e-01,-8.403768905243891307e-01
6.068617691661639668e-01,7.857450580547050700e-01,-8.411760042909570689e-01
6.071665716619781827e-01,7.854885435907261737e-01,-8.419761617581464908e-01
6.074713741577923987e-01,7.852317850773500307e-01,-8.427773656256908330e-01
6.077761766536066146e-01,7.849747821952188787e-01,-8.435796186028515775e-01
6.080809791494209415e-01,7.847175346241470617e-01,-8.443829234084618829e-01
6.083857816452351575e-01,7.844600420431193655e-01,-8.451872827709696612e-01
6.086905841410493734e-01,7.842023041302870201e-01,-8.459926994284824309e-01
6.089953866368635893e-01,7.839443205629653688e-01,-8.467991761288109487e-01
6.093001891326779162e-01,7.836860910176305373e-01,-8.476067156295137295e-01
6.096049916284921322e-01,7.834276151699172130e-01,-8.484153206979409001e-01
6.099097941243063481e-01,7.831688926946144269e-01,-8.492249941112802736e-01
6.102145966201206750e-01,7.829099232656633323e-01,-8.500357386566022022e-01
6.105193991159348910e-01,7.826507065561546517e-01,-8.508475571309036534e-01
6.108242016117491069e-01,7.823912422383243470e-01,-8.516604523411558381e-01
6.111290041075633228e-01,7.821315299835515100e-01,-8.524744271043487309e-01
6.114338066033776498e-01,7.818715694623551427e-01,-8.532894842475378105e-01
6.117386090991918657e-01,7.816113603443911595e-01,-8.541056266078894676e-01
6.120434115950060816e-01,7.813509022984488350e-01,-8.549228570327294108e-01
6.123482140908202975e-01,7.810901949924481391e-01,-8.557411783795880744e-01
6.126530165866346245e-01,7.808292380934366284e-01,-8.565605935162488027e-01
6.129578190824488404e-01,7.805680312675860044e-01,-8.573811053207939237e-01
6.132626215782630563e-01,7.803065741801893385e-01,-8.582027166816543762e-01
6.135674240740772722e-01,7.800448664956575184e-01,-8.590254304976562283e-01
6.138722265698915992e-01,7.797829078775162515e-01,-8.598492496780699712e-01
6.141770290657058151e-01,7.795206979884031773e-01,-8.606741771426575927e-01
6.144818315615200310e-01,7.792582364900640934e-01,-8.615002158217228700e-01
6.147866340573343580e-01,7.789955230433500688e-01,-8.623273686561604423e-01
6.150914365531485739e-01,7.787325573082144459e-01,-8.631556385975034384e-01
6.153962390489627898e-01,7.784693389437089550e-01,-8.639850286079752140e-01
6.157010415447770058e-01,7.782058676079808279e-01,-8.648155416605382007e-01
6.160058440405913327e-01,7.779421429582695779e-01,-8.656471807389445328e-01
6.163106465364055486e-01,7.776781646509037804e-01,-8.664799488377855630e-01
6.166154490322197645e-01,7.774139323412974090e-01,-8.673138489625441538e-01
6.169202515280339805e-01,7.771494456839465048e-01,-8.681488841296448600e-01
6.172250540238483074e-01,7.768847043324264012e-01,-8.689850573665058864e-01
6.175298565196625233e-01,7.766197079393877267e-01,-8.698223717115890485e-01
6.178346590154767393e-01,7.763544561565535185e-01,-8.706608302144543954e-01
6.181394615112910662e-01,7.760889486347152255e-01,-8.715004359358107244e-01
6.184442640071052821e-01,7.758231850237301552e-01,-8.723411919475677623e-01
6.187490665029194981e-01,7.755571649725172545e-01,-8.731831013328907876e-01
6.190538689987337140e-01,7.752908881290540011e-01,-8.740261671862524784e-01
6.193586714945480409e-01,7.750243541403729619e-01,-8.748703926134867581e-01
6.196634739903622568e-01,7.747575626525584624e-01,-8.757157807318419751e-01
6.199682764861764728e-01,7.744905133107428119e-01,-8.765623346700361918e-01
6.202730789819906887e-01,7.742232057591028616e-01,-8.774100575683106973e-01
6.205778814778050156e-01,7.739556396408565631e-01,-8.782589525784854079e-01
6.208826839736192316e-01,7.736878145982596378e-01,-8.791090228640123794e-01
6.211874864694334475e-01,7.734197302726015799e-01,-8.799602716000334279e-01
6.214922889652477744e-01,7.731513863042021040e-01,-8.808127019734343088e-01
6.217970914610619904e-01,7.728827823324084800e-01,-8.816663171829003387e-01
6.221018939568762063e-01,7.726139179955903158e-01,-8.825211204389743491e-01
6.224066964526904222e-01,7.723447929311374471e-01,-8.833771149641120868e-01
6.227114989485047492e-01,7.720754067754552752e-01,-8.842343039927397230e-01
6.230163014443189651e-01,7.718057591639618797e-01,-8.850926907713102532e-01
6.233211039401331810e-01,7.715358497310838004e-01,-8.859522785583627824e-01
6.236259064359473969e-01,7.712656781102524839e-01,-8.868130706245791472e-01
6.239307089317617239e-01,7.709952439339003982e-01,-8.876750702528432013e-01
6.242355114275759398e-01,7.707245468334580352e-01,-8.885382807382978809e-01
6.245403139233901557e-01,7.704535864393492473e-01,-8.894027053884066003e-01
6.248451164192044827e-01,7.701823623809879171e-01,-8.902683475230108723e-01
6.251499189150186986e-01,7.699108742867742938e-01,-8.911352104743900382e-01
6.254547214108329145e-01,7.696391217840909960e-01,-8.920032975873223302e-01
6.257595239066471304e-01,7.693671044992991259e-01,-8.928726122191447123e-01
6.260643264024614574e-01,7.690948220577344951e-01,-8.937431577398138316e-01
6.263691288982756733e-01,7.688222740837041824e-01,-8.946149375319660813e-01
6.266739313940898892e-01,7.685494602004817599e-01,-8.954879549909811054e-01
6.269787338899041051e-01,7.682763800303042956e-01,-8.963622135250420842e-01
6.272835363857184321e-01,7.680030331943679123e-01,-8.972377165551986833e-01
6.275883388815326480e-01,7.677294193128241240e-01,-8.981144675154288937e-01
6.278931413773468639e-01,7.674555380047758391e-01,-8.989924698527027580e-01
6.281979438731611909e-01,7.671813888882730303e-01,-8.998717270270459867e-01
6.285027463689754068e-01,7.669069715803095155e-01,-9.007522425116019082e-01
6.288075488647896227e-01,7.666322856968179611e-01,-9.016340197926979716e-01
6.291123513606038387e-01,7.663573308526667738e-01,-9.025170623699083627e-01
6.294171538564181656e-01,7.660821066616553265e-01,-9.034013737561201740e-01
6.297219563522323815e-01,7.658066127365106279e-01,-9.042869574775969088e-01
6.300267588480465974e-01,7.655308486888825481e-01,-9.051738170740460943e-01
6.303315613438608134e-01,7.652548141293400441e-01,-9.060619560986843402e-01
6.306363638396751403e-01,7.649785086673668300e-01,-9.069513781183038414e-01
6.309411663354893562e-01,7.647019319113577129e-01,-9.078420867133387695e-01
6.312459688313035722e-01,7.644250834686137086e-01,-9.087340854779332178e-01
6.315507713271178991e-01,7.641479629453384881e-01,-9.096273780200092585e-01
6.318555738229321150e-01,7.638705699466339372e-01,-9.105219679613327788e-01
6.321603763187463310e-01,7.635929040764957154e-01,-9.114178589375845352e-01
6.324651788145605469e-01,7.633149649378093704e-01,-9.123150545984278770e-01
6.327699813103748738e-01,7.630367521323454527e-01,-9.132135586075778022e-01
6.330747838061890898e-01,7.627582652607564073e-01,-9.141133746428704576e-01
6.333795863020033057e-01,7.624795039225709115e-01,-9.150145063963344150e-01
6.336843887978175216e-01,7.622004677161902109e-01,-9.159169575742600600e-01
6.339891912936318485e-01,7.619211562388837899e-01,-9.168207318972714237e-01
6.342939937894460645e-01,7.616415690867850419e-01,-9.177258331003962377e-01
6.345987962852602804e-01,7.613617058548863836e-01,-9.186322649331395418e-01
6.349035987810746073e-01,7.610815661370352592e-01,-9.195400311595549603e-01
6.352084012768888233e-01,7.608011495259299206e-01,-9.204491355583167556e-01
6.355132037727030392e-01,7.605204556131140992e-01,-9.213595819227945460e-01
6.358180062685172551e-01,7.602394839889733413e-01,-9.222713740611260258e-01
6.361228087643315821e-01,7.599582342427302351e-01,-9.231845157962910164e-01
6.364276112601457980e-01,7.596767059624397467e-01,-9.240990109661855190e-01
6.367324137559600139e-01,7.593948987349847801e-01,-9.250148634236978751e-01
6.370372162517742298e-01,7.591128121460716249e-01,-9.259320770367831521e-01
6.373420187475885568e-01,7.588304457802251823e-01,-9.268506556885399705e-01
6.376468212434027727e-01,7.585477992207846354e-01,-9.277706032772849998e-01
6.379516237392169886e-01,7.582648720498985639e-01,-9.286919237166321173e-01
6.382564262350312045e-01,7.579816638485200597e-01,-9.296146209355683476e-01
6.385612287308455315e-01,7.576981741964027295e-01,-9.305386988785319113e-01
6.388660312266597474e-01,7.574144026720952549e-01,-9.314641615054899404e-01
6.391708337224739633e-01,7.571303488529370629e-01,-9.323910127920181923e-01
6.394756362182882903e-01,7.568460123150532182e-01,-9.333192567293802089e-01
6.397804387141025062e-01,7.565613926333502048e-01,-9.342488973246053652e-01
6.400852412099167221e-01,7.562764893815104861e-01,-9.351799386005711368e-01
6.403900437057309381e-01,7.559913021319879523e-01,-9.361123845960830359e-01
6.406948462015452650e-01,7.557058304560028139e-01,-9.370462393659557687e-01
6.409996486973594809e-01,7.554200739235374940e-01,-9.379815069810939487e-01
6.413044511931736968e-01,7.551340321033305214e-01,-9.389181915285763624e-01
6.416092536889879128e-01,7.548477045628726456e-01,-9.398562971117369047e-01
6.419140561848022397e-01,7.545610908684008411e-01,-9.407958278502493998e-01
6.422188586806164556e-01,7.542741905848946438e-01,-9.417367878802090919e-01
6.425236611764306716e-01,7.539870032760699337e-01,-9.426791813542192422e-01
6.428284636722449985e-01,7.536995285043741610e-01,-9.436230124414751730e-01
6.431332661680592144e-01,7.534117658309821275e-01,-9.445682853278485336e-01
6.434380686638734304e-01,7.531237148157895467e-01,-9.455150042159748969e-01
6.437428711596876463e-01,7.528353750174088255e-01,-9.464631733253390244e-01
6.440476736555019732e-01,7.525467459931637348e-01,-9.474127968923625742e-01
6.443524761513161891e-01,7.522578272990843029e-01,-9.483638791704903648e-01
6.446572786471304051e-01,7.519686184899012638e-01,-9.493164244302799704e-01
6.449620811429446210e-01,7.516791191190410615e-01,-9.502704369594894285e-01
6.452668836387589479e-01,7.513893287386205211e-01,-9.512259210631671680e-01
6.455716861345731639e-01,7.510992468994421856e-01,-9.521828810637400498e-01
6.458764886303873798e-01,7.508088731509877656e-01,-9.531413213011057373e-01
6.461812911262017067e-01,7.505182070414136986e-01,-9.541012461327228467e-01
6.464860936220159227e-01,7.502272481175457086e-01,-9.550626599337013189e-01
6.467908961178301386e-01,7.499359959248733665e-01,-9.560255670968961228e-01
6.470956986136443545e-01,7.496444500075442052e-01,-9.569899720329989590e-01
6.474005011094586814e-01,7.493526099083587244e-01,-9.579558791706321852e-01
6.477053036052728974e-01,7.490604751687651719e-01,-9.589232929564408536e-01
6.480101061010871133e-01,7.487680453288534377e-01,-9.598922178551893003e-01
6.483149085969013292e-01,7.484753199273496138e-01,-9.608626583498551810e-01
6.486197110927156562e-01,7.481822985016107763e-01,-9.618346189417253944e-01
6.489245135885298721e-01,7.478889805876193231e-01,-9.628081041504907844e-01
6.492293160843440880e-01,7.475953657199769786e-01,-9.637831185143455048e-01
6.495341185801584150e-01,7.473014534318993540e-01,-9.647596665900832758e-01
6.498389210759726309e-01,7.470072432552106179e-01,-9.657377529531944171e-01
6.501437235717868468e-01,7.467127347203370569e-01,-9.667173821979664350e-01
6.504485260676010627e-01,7.464179273563020800e-01,-9.676985589375824981e-01
6.507533285634153897e-01,7.461228206907196681e-01,-9.686812878042216912e-01
6.510581310592296056e-01,7.458274142497895998e-01,-9.696655734491584910e-01
6.513629335550438215e-01,7.455317075582904573e-01,-9.706514205428662390e-01
6.516677360508580374e-01,7.452357001395745195e-01,-9.716388337751172832e-01
6.519725385466723644e-01,7.449393915155616552e-01,-9.726278178550867848e-01
6.522773410424865803e-01,7.446427812067334395e-01,-9.736183775114545247e-01
6.525821435383007962e-01,7.443458687321272693e-01,-9.746105174925105974e-01
6.528869460341151232e-01,7.440486536093297021e-01,-9.756042425662594386e-01
6.531917485299293391e-01,7.437511353544717929e-01,-9.765995575205236312e-01
6.534965510257435550e-01,7.434533134822215450e-01,-9.775964671630525960e-01
6.538013535215577710e-01,7.431551875057786916e-01,-9.785949763216272856e-01
6.541061560173720979e-01,7.428567569368685897e-01,-9.795950898441686538e-01
6.544109585131863138e-01,7.425580212857356699e-01,-9.805968125988441253e-01
6.547157610090005297e-01,7.422589800611374411e-01,-9.816001494741788402e-01
6.550205635048147457e-01,7.419596327703382732e-01,-9.826051053791631240e-01
6.553253660006290726e-01,7.416599789191030689e-01,-9.836116852433642865e-01
6.556301684964432885e-01,7.413600180116912686e-01,-9.846198940170352021e-01
6.559349709922575045e-01,7.410597495508500776e-01,-9.856297366712291064e-01
6.562397734880718314e-01,7.407591730378082495e-01,-9.866412181979099527e-01
6.565445759838860473e-01,7.404582879722700905e-01,-9.876543436100655438e-01
6.568493784797002633e-01,7.401570938524084653e-01,-9.886691179418224396e-01
6.571541809755144792e-01,7.398555901748588015e-01,-9.896855462485604216e-01
6.574589834713288061e-01,7.395537764347118737e-01,-9.907036336070275118e-01
6.577637859671430220e-01,7.392516521255084738e-01,-9.917233851154555468e-01
6.580685884629572380e-01,7.389492167392316402e-01,-9.927448058936786390e-01
6.583733909587714539e-01,7.386464697663008838e-01,-9.937679010832500826e-01
6.586781934545857808e-01,7.383434106955649723e-01,-9.947926758475612585e-01
6.589829959503999968e-01,7.380400390142958233e-01,-9.958191353719594296e-01
6.592877984462142127e-01,7.377363542081810666e-01,-9.968472848638700867e-01
6.595926009420284286e-01,7.374323557613181590e-01,-9.978771295529165197e-01
6.598974034378427556e-01,7.371280431562067248e-01,-9.989086746910422754e-01
6.602022059336569715e-01,7.368234158737425599e-01,-9.999419255526318384e-01
6.605070084294711874e-01,7.365184733932101935e-01,-1.000976887434636753e+00
6.608118109252855144e-01,7.362132151922761159e-01,-1.002013565656697969e+00
6.611166134210997303e-01,7.359076407469821168e-01,-1.003051965561270853e+00
6.614214159169139462e-01,7.356017495317378474e-01,-1.004092092513751755e+00
6.617262184127281621e-01,7.352955410193141583e-01,-1.005133951902604572e+00
6.620310209085424891e-01,7.349890146808358837e-01,-1.006177549139488425e+00
6.623358234043567050e-01,7.346821699857751797e-01,-1.007222889659384446e+00
6.626406259001709209e-01,7.343750064019436419e-01,-1.008269978920727450e+00
6.629454283959851368e-01,7.340675233954855328e-01,-1.009318822405535165e+00
6.632502308917994638e-01,7.337597204308706766e-01,-1.010369425619538797e+00
6.635550333876136797e-01,7.334515969708873540e-01,-1.011421794092314475e+00
6.638598358834278956e-01,7.331431524766343077e-01,-1.012475933377418036e+00
6.641646383792422226e-01,7.328343864075140823e-01,-1.013531849052517364e+00
6.644694408750564385e-01,7.325252982212255848e-01,-1.014589546719526281e+00
6.647742433708706544e-01,7.322158873737564244e-01,-1.015649032004741548e+00
6.650790458666848703e-01,7.319061533193754743e-01,-1.016710310558979424e+00
6.653838483624991973e-01,7.315960955106253216e-01,-1.017773388057712225e+00
6.656886508583134132e-01,7.312857133983153846e-01,-1.018838270201205320e+00
6.659934533541276291e-01,7.309750064315135853e-01,-1.019904962714660135e+00
6.662982558499418451e-01,7.306639740575386899e-01,-1.020973471348351147e+00
6.666030583457561720e-01,7.303526157219532022e-01,-1.022043801877768443e+00
6.669078608415703879e-01,7.300409308685555931e-01,-1.023115960103759159e+00
6.672126633373846039e-01,7.297289189393718623e-01,-1.024189951852671809e+00
6.675174658331989308e-01,7.294165793746484328e-01,-1.025265782976499951e+00
6.678222683290131467e-01,7.291039116128443798e-01,-1.026343459353025400e+00
6.681270708248273626e-01,7.287909150906227707e-01,-1.027422986885967893e+00
6.684318733206415786e-01,7.284775892428434485e-01,-1.028504371505129411e+00
6.687366758164559055e-01,7.281639335025549276e-01,-1.029587619166544288e+00
6.690414783122701214e-01,7.278499473009862886e-01,-1.030672735852626198e+00
6.693462808080843374e-01,7.275356300675389631e-01,-1.031759727572320040e+00
6.696510833038985533e-01,7.272209812297788512e-01,-1.032848600361253588e+00
6.699558857997128802e-01,7.269060002134281051e-01,-1.033939360281888487e+00
6.702606882955270962e-01,7.265906864423570255e-01,-1.035032013423673458e+00
6.705654907913413121e-01,7.262750393385756231e-01,-1.036126565903200403e+00
6.708702932871556390e-01,7.259590583222250704e-01,-1.037223023864359162e+00
6.711750957829698550e-01,7.256427428115703737e-01,-1.038321393478492949e+00
6.714798982787840709e-01,7.253260922229907148e-01,-1.039421680944557780e+00
6.717847007745982868e-01,7.250091059709719010e-01,-1.040523892489280788e+00
6.720895032704126137e-01,7.246917834680971504e-01,-1.041628034367319877e+00
6.723943057662268297e-01,7.243741241250396534e-01,-1.042734112861424256e+00
6.726991082620410456e-01,7.240561273505526918e-01,-1.043842134282598089e+00
6.730039107578552615e-01,7.237377925514618671e-01,-1.044952104970262363e+00
6.733087132536695885e-01,7.234191191326559967e-01,-1.046064031292421204e+00
6.736135157494838044e-01,7.231001064970790093e-01,-1.047177919645824407e+00
6.739183182452980203e-01,7.227807540457200641e-01,-1.048293776456137749e+00
6.742231207411123473e-01,7.224610611776056679e-01,-1.049411608178109523e+00
6.745279232369265632e-01,7.221410272897904603e-01,-1.050531421295738177e+00
6.748327257327407791e-01,7.218206517773481101e-01,-1.051653222322445957e+00
6.751375282285549950e-01,7.214999340333626554e-01,-1.052777017801247439e+00
6.754423307243693220e-01,7.211788734489190666e-01,-1.053902814304924940e+00
6.757471332201835379e-01,7.208574694130944760e-01,-1.055030618436199497e+00
6.760519357159977538e-01,7.205357213129490734e-01,-1.056160436827909832e+00
6.763567382118119697e-01,7.202136285335163368e-01,-1.057292276143186216e+00
6.766615407076262967e-01,7.198911904577943721e-01,-1.058426143075629211e+00
6.769663432034405126e-01,7.195684064667365876e-01,-1.059562044349488419e+00
6.772711456992547285e-01,7.192452759392419237e-01,-1.060699986719843224e+00
6.775759481950690555e-01,7.189217982521454164e-01,-1.061839976972785538e+00
6.778807506908832714e-01,7.185979727802094263e-01,-1.062982021925599208e+00
6.781855531866974873e-01,7.182737988961133135e-01,-1.064126128426948981e+00
6.784903556825117033e-01,7.179492759704441118e-01,-1.065272303357062578e+00
6.787951581783260302e-01,7.176244033716869808e-01,-1.066420553627920320e+00
6.790999606741402461e-01,7.172991804662155468e-01,-1.067570886183439649e+00
6.794047631699544620e-01,7.169736066182818002e-01,-1.068723307999669414e+00
6.797095656657686780e-01,7.166476811900066579e-01,-1.069877826084977723e+00
6.800143681615830049e-01,7.163214035413697500e-01,-1.071034447480246454e+00
6.803191706573972208e-01,7.159947730301999824e-01,-1.072193179259062212e+00
6.806239731532114368e-01,7.156677890121648788e-01,-1.073354028527914839e+00
6.809287756490256527e-01,7.153404508407608109e-01,-1.074517002426392143e+00
6.812335781448399796e-01,7.150127578673031170e-01,-1.075682108127379299e+00
6.815383806406541956e-01,7.146847094409158885e-01,-1.076849352837255802e+00
6.818431831364684115e-01,7.143563049085210892e-01,-1.078018743796099743e+00
6.821479856322827384e-01,7.140275436148290078e-01,-1.079190288277889209e+00
6.824527881280969543e-01,7.136984249023278215e-01,-1.080363993590704119e+00
6.827575906239111703e-01,7.133689481112723829e-01,-1.081539867076934947e+00
6.830623931197253862e-01,7.130391125796748941e-01,-1.082717916113487888e+00
6.833671956155397131e-01,7.127089176432933604e-01,-1.083898148111993809e+00
6.836719981113539291e-01,7.123783626356217091e-01,-1.085080570519017185e+00
6.839768006071681450e-01,7.120474468878785768e-01,-1.086265190816269488e+00
6.842816031029823609e-01,7.117161697289968725e-01,-1.087452016520821685e+00
6.845864055987966879e-01,7.113845304856125651e-01,-1.088641055185318951e+00
6.848912080946109038e-01,7.110525284820546910e-01,-1.089832314398195168e+00
6.851960105904251197e-01,7.107201630403333636e-01,-1.091025801783894300e+00
6.855008130862394466e-01,7.103874334801292267e-01,-1.092221525003088001e+00
6.858056155820536626e-01,7.100543391187829068e-01,-1.093419491752895656e+00
6.861104180778678785e-01,7.097208792712826897e-01,-1.094619709767109761e+00
6.864152205736820944e-01,7.093870532502543069e-01,-1.095822186816418631e+00
6.867200230694964214e-01,7.090528603659490559e-01,-1.097026930708633552e+00
6.870248255653106373e-01,7.087182999262332528e-01,-1.098233949288915046e+00
6.873296280611248532e-01,7.083833712365756874e-01,-1.099443250440004904e+00
6.876344305569390691e-01,7.080480736000370756e-01,-1.100654842082455342e+00
6.879392330527533961e-01,7.077124063172578472e-01,-1.101868732174863252e+00
6.882440355485676120e-01,7.073763686864471545e-01,-1.103084928714103796e+00
6.885488380443818279e-01,7.070399600033704379e-01,-1.104303439735568215e+00
6.888536405401961549e-01,7.067031795613382128e-01,-1.105524273313402528e+00
6.891584430360103708e-01,7.063660266511943009e-01,-1.106747437560744451e+00
6.894632455318245867e-01,7.060285005613031739e-01,-1.107972940629969649e+00
6.897680480276388026e-01,7.056906005775386292e-01,-1.109200790712933093e+00
6.900728505234531296e-01,7.053523259832714665e-01,-1.110430996041215312e+00
6.903776530192673455e-01,7.050136760593577190e-01,-1.111663564886368194e+00
6.906824555150815614e-01,7.046746500841256644e-01,-1.112898505560167450e+00
6.909872580108957774e-01,7.043352473333641672e-01,-1.114135826414861974e+00
6.912920605067101043e-01,7.039954670803100223e-01,-1.115375535843427413e+00
6.915968630025243202e-01,7.036553085956357423e-01,-1.116617642279819966e+00
6.919016654983385362e-01,7.033147711474369013e-01,-1.117862154199236180e+00
6.922064679941528631e-01,7.029738540012190340e-01,-1.119109080118370292e+00
6.925112704899670790e-01,7.026325564198860896e-01,-1.120358428595674249e+00
6.928160729857812949e-01,7.022908776637265538e-01,-1.121610208231623496e+00
6.931208754815955109e-01,7.019488169904010144e-01,-1.122864427668979204e+00
6.934256779774098378e-01,7.016063736549291718e-01,-1.124121095593057840e+00
6.937304804732240537e-01,7.012635469096775154e-01,-1.125380220731997838e+00
6.940352829690382697e-01,7.009203360043450015e-01,-1.126641811857032494e+00
6.943400854648524856e-01,7.005767401859505084e-01,-1.127905877782763300e+00
6.946448879606668125e-01,7.002327586988197350e-01,-1.129172427367435283e+00
6.949496904564810285e-01,6.998883907845718788e-01,-1.130441469513212116e+00
6.952544929522952444e-01,6.995436356821056467e-01,-1.131713013166460335e+00
6.955592954481095713e-01,6.991984926275860435e-01,-1.132987067318028229e+00
6.958640979439237872e-01,6.988529608544313820e-01,-1.134263641003529388e+00
6.961689004397380032e-01,6.985070395932985177e-01,-1.135542743303631363e+00
6.964737029355522191e-01,6.981607280720696362e-01,-1.136824383344342992e+00
6.967785054313665460e-01,6.978140255158384875e-01,-1.138108570297305056e+00
6.970833079271807620e-01,6.974669311468963961e-01,-1.139395313380082708e+00
6.973881104229949779e-01,6.971194441847179402e-01,-1.140684621856463021e+00
6.976929129188091938e-01,6.967715638459469618e-01,-1.141976505036750300e+00
6.979977154146235208e-01,6.964232893443823569e-01,-1.143270972278068065e+00
6.983025179104377367e-01,6.960746198909641969e-01,-1.144568032984659256e+00
6.986073204062519526e-01,6.957255546937582968e-01,-1.145867696608193098e+00
6.989121229020662796e-01,6.953760929579424488e-01,-1.147169972648071745e+00
6.992169253978804955e-01,6.950262338857920996e-01,-1.148474870651738033e+00
6.995217278936947114e-01,6.946759766766648081e-01,-1.149782400214990785e+00
6.998265303895089273e-01,6.943253205269861450e-01,-1.151092570982296781e+00
7.001313328853232543e-01,6.939742646302342610e-01,-1.152405392647109172e+00
7.004361353811374702e-01,6.936228081769256759e-01,-1.153720874952185449e+00
7.007409378769516861e-01,6.932709503545994023e-01,-1.155039027689911624e+00
7.010457403727659020e-01,6.929186903478022908e-01,-1.156359860702625086e+00
7.013505428685802290e-01,6.925660273380731535e-01,-1.157683383882944117e+00
7.016553453643944449e-01,6.922129605039284428e-01,-1.159009607174093626e+00
7.019601478602086608e-01,6.918594890208457082e-01,-1.160338540570242216e+00
7.022649503560229878e-01,6.915056120612484980e-01,-1.161670194116835919e+00
7.025697528518372037e-01,6.911513287944907047e-01,-1.163004577910933257e+00
7.028745553476514196e-01,6.907966383868408000e-01,-1.164341702101550080e+00
7.031793578434656355e-01,6.904415400014656257e-01,-1.165681576890000182e+00
7.034841603392799625e-01,6.900860327984146281e-01,-1.167024212530243243e+00
7.037889628350941784e-01,6.897301159346039823e-01,-1.168369619329230558e+00
7.040937653309083943e-01,6.893737885638000495e-01,-1.169717807647260299e+00
7.043985678267226103e-01,6.890170498366030571e-01,-1.171068787898330577e+00
7.047033703225369372e-01,6.886598989004307780e-01,-1.172422570550497145e+00
7.050081728183511531e-01,6.883023348995023216e-01,-1.173779166126231788e+00
7.053129753141653691e-01,6.879443569748209253e-01,-1.175138585202789354e+00
7.056177778099795850e-01,6.875859642641574121e-01,-1.176500838412571026e+00
7.059225803057939119e-01,6.872271559020334264e-01,-1.177865936443494910e+00
7.062273828016081278e-01,6.868679310197046695e-01,-1.179233890039366628e+00
7.065321852974223438e-01,6.865082887451431359e-01,-1.180604710000256796e+00
7.068369877932366707e-01,6.861482282030203494e-01,-1.181978407182879165e+00
7.071417902890508866e-01,6.857877485146904872e-01,-1.183354992500968983e+00
7.074465927848651026e-01,6.854268487981719504e-01,-1.184734476925672020e+00
7.077513952806793185e-01,6.850655281681303777e-01,-1.186116871485929147e+00
7.080561977764936454e-01,6.847037857358607704e-01,-1.187502187268869580e+00
7.083610002723078614e-01,6.843416206092705067e-01,-1.188890435420201452e+00
7.086658027681220773e-01,6.839790318928601343e-01,-1.190281627144614163e+00
7.089706052639362932e-01,6.836160186877059397e-01,-1.191675773706175168e+00
7.092754077597506202e-01,6.832525800914418523e-01,-1.193072886428736767e+00
7.095802102555648361e-01,6.828887151982414583e-01,-1.194472976696340227e+00
7.098850127513790520e-01,6.825244230987987937e-01,-1.195876055953630335e+00
7.101898152471933789e-01,6.821597028803104701e-01,-1.197282135706267958e+00
7.104946177430075949e-01,6.817945536264568007e-01,-1.198691227521345715e+00
7.107994202388218108e-01,6.814289744173828156e-01,-1.200103343027813407e+00
7.111042227346360267e-01,6.810629643296798319e-01,-1.201518493916899022e+00
7.114090252304503537e-01,6.806965224363656919e-01,-1.202936691942539493e+00
7.117138277262645696e-01,6.803296478068664443e-01,-1.204357948921809696e+00
7.120186302220787855e-01,6.799623395069964715e-01,-1.205782276735360981e+00
7.123234327178930014e-01,6.795945965989388382e-01,-1.207209687327858827e+00
7.126282352137073284e-01,6.792264181412261959e-01,-1.208640192708426264e+00
7.129330377095215443e-01,6.788578031887213537e-01,-1.210073804951088405e+00
7.132378402053357602e-01,6.784887507925962957e-01,-1.211510536195226084e+00
7.135426427011500872e-01,6.781192600003131954e-01,-1.212950398646028383e+00
7.138474451969643031e-01,6.777493298556040990e-01,-1.214393404574948931e+00
7.141522476927785190e-01,6.773789593984502755e-01,-1.215839566320171539e+00
7.144570501885927349e-01,6.770081476650622321e-01,-1.217288896287073152e+00
7.147618526844070619e-01,6.766368936878586204e-01,-1.218741406948695483e+00
7.150666551802212778e-01,6.762651964954466965e-01,-1.220197110846215960e+00
7.153714576760354937e-01,6.758930551125998942e-01,-1.221656020589429348e+00
7.156762601718497097e-01,6.755204685602378412e-01,-1.223118148857227805e+00
7.159810626676640366e-01,6.751474358554052646e-01,-1.224583508398086718e+00
7.162858651634782525e-01,6.747739560112502311e-01,-1.226052112030554975e+00
7.165906676592924684e-01,6.744000280370030520e-01,-1.227523972643750572e+00
7.168954701551067954e-01,6.740256509379544125e-01,-1.228999103197859100e+00
7.172002726509210113e-01,6.736508237154341661e-01,-1.230477516724634457e+00
7.175050751467352272e-01,6.732755453667886858e-01,-1.231959226327909995e+00
7.178098776425494432e-01,6.728998148853593264e-01,-1.233444245184107890e+00
7.181146801383637701e-01,6.725236312604601085e-01,-1.234932586542756505e+00
7.184194826341779860e-01,6.721469934773557364e-01,-1.236424263727008199e+00
7.187242851299922020e-01,6.717699005172380611e-01,-1.237919290134169570e+00
7.190290876258064179e-01,6.713923513572044310e-01,-1.239417679236227476e+00
7.193338901216207448e-01,6.710143449702342666e-01,-1.240919444580384612e+00
7.196386926174349608e-01,6.706358803251665224e-01,-1.242424599789597739e+00
7.199434951132491767e-01,6.702569563866759283e-01,-1.243933158563123254e+00
7.202482976090635036e-01,6.698775721152497864e-01,-1.245445134677064969e+00
7.205531001048777195e-01,6.694977264671653217e-01,-1.246960541984925896e+00
7.208579026006919355e-01,6.691174183944648135e-01,-1.248479394418169131e+00
7.211627050965061514e-01,6.687366468449320589e-01,-1.250001705986779177e+00
7.214675075923204783e-01,6.683554107620688356e-01,-1.251527490779831719e+00
7.217723100881346943e-01,6.679737090850704773e-01,-1.253056762966063387e+00
7.220771125839489102e-01,6.675915407488014486e-01,-1.254589536794454618e+00
7.223819150797631261e-01,6.672089046837703652e-01,-1.256125826594809425e+00
7.226867175755774531e-01,6.668257998161061240e-01,-1.257665646778346247e+00
7.229915200713916690e-01,6.664422250675324788e-01,-1.259209011838288372e+00
7.232963225672058849e-01,6.660581793553429497e-01,-1.260755936350467232e+00
7.236011250630202118e-01,6.656736615923755096e-01,-1.262306434973924585e+00
7.239059275588344278e-01,6.652886706869878264e-01,-1.263860522451520918e+00
7.242107300546486437e-01,6.649032055430302846e-01,-1.265418213610553178e+00
7.245155325504628596e-01,6.645172650598214492e-01,-1.266979523363374271e+00
7.248203350462771866e-01,6.641308481321210877e-01,-1.268544466708020568e+00
7.251251375420914025e-01,6.637439536501051895e-01,-1.270113058728840061e+00
7.254299400379056184e-01,6.633565804993378778e-01,-1.271685314597135408e+00
7.257347425337198343e-01,6.629687275607462071e-01,-1.273261249571803200e+00
7.260395450295341613e-01,6.625803937105925190e-01,-1.274840878999985883e+00
7.263443475253483772e-01,6.621915778204481295e-01,-1.276424218317722792e+00
7.266491500211625931e-01,6.618022787571655741e-01,-1.278011283050616509e+00
7.269539525169768091e-01,6.614124953828515174e-01,-1.279602088814495664e+00
7.272587550127911360e-01,6.610222265548386655e-01,-1.281196651316090618e+00
7.275635575086053519e-01,6.606314711256590089e-01,-1.282794986353709144e+00
7.278683600044195678e-01,6.602402279430145127e-01,-1.284397109817926097e+00
7.281731625002338948e-01,6.598484958497498054e-01,-1.286003037692273088e+00
7.284779649960481107e-01,6.594562736838235351e-01,-1.287612786053934366e+00
7.287827674918623266e-01,6.590635602782792812e-01,-1.289226371074454924e+00
7.290875699876765426e-01,6.586703544612174666e-01,-1.290843809020449040e+00
7.293923724834908695e-01,6.582766550557651586e-01,-1.292465116254318813e+00
7.296971749793050854e-01,6.578824608800482032e-01,-1.294090309234975145e+00
7.300019774751193014e-01,6.574877707471605826e-01,-1.295719404518572704e+00
7.303067799709335173e-01,6.570925834651349939e-01,-1.297352418759244896e+00
7.306115824667478442e-01,6.566968978369125409e-01,-1.298989368709848158e+00
7.309163849625620601e-01,6.563007126603137564e-01,-1.300630271222712686e+00
7.312211874583762761e-01,6.559040267280065173e-01,-1.302275143250401834e+00
7.315259899541906030e-01,6.555068388274761793e-01,-1.303924001846477054e+00
7.318307924500048189e-01,6.551091477409952679e-01,-1.305576864166267725e+00
7.321355949458190349e-01,6.547109522455911712e-01,-1.307233747467654528e+00
7.324403974416332508e-01,6.543122511130152752e-01,-1.308894669111853037e+00
7.327451999374475777e-01,6.539130431097114338e-01,-1.310559646564210201e+00
7.330500024332617937e-01,6.535133269967844383e-01,-1.312228697395002586e+00
7.333548049290760096e-01,6.531131015299671549e-01,-1.313901839280249506e+00
7.336596074248902255e-01,6.527123654595885505e-01,-1.315579090002527041e+00
7.339644099207045524e-01,6.523111175305409404e-01,-1.317260467451794037e+00
7.342692124165187684e-01,6.519093564822477926e-01,-1.318945989626221449e+00
7.345740149123329843e-01,6.515070810486296438e-01,-1.320635674633036771e+00
7.348788174081473112e-01,6.511042899580710142e-01,-1.322329540689369365e+00
7.351836199039615272e-01,6.507009819333876566e-01,-1.324027606123104883e+00
7.354884223997757431e-01,6.502971556917911400e-01,-1.325729889373753689e+00
7.357932248955899590e-01,6.498928099448560980e-01,-1.327436408993320827e+00
7.360980273914042860e-01,6.494879433984847017e-01,-1.329147183647187092e+00
7.364028298872185019e-01,6.490825547528731310e-01,-1.330862232114996546e+00
7.367076323830327178e-01,6.486766427024752701e-01,-1.332581573291558463e+00
7.370124348788469337e-01,6.482702059359686242e-01,-1.334305226187749494e+00
7.373172373746612607e-01,6.478632431362179034e-01,-1.336033209931431598e+00
7.376220398704754766e-01,6.474557529802402733e-01,-1.337765543768372201e+00
7.379268423662896925e-01,6.470477341391680515e-01,-1.339502247063181661e+00
7.382316448621040195e-01,6.466391852782130689e-01,-1.341243339300252080e+00
7.385364473579182354e-01,6.462301050566303662e-01,-1.342988840084707203e+00
7.388412498537324513e-01,6.458204921276802235e-01,-1.344738769143365653e+00
7.391460523495466672e-01,6.454103451385917456e-01,-1.346493146325707935e+00
7.394508548453609942e-01,6.449996627305245589e-01,-1.348251991604856537e+00
7.397556573411752101e-01,6.445884435385323963e-01,-1.350015325078561812e+00
7.400604598369894260e-01,6.441766861915232401e-01,-1.351783166970203398e+00
7.403652623328036420e-01,6.437643893122219074e-01,-1.353555537629795857e+00
7.406700648286179689e-01,6.433515515171309707e-01,-1.355332457535007196e+00
7.409748673244321848e-01,6.429381714164920103e-01,-1.357113947292184486e+00
7.412796698202464007e-01,6.425242476142458692e-01,-1.358900027637394148e+00
7.415844723160607277e-01,6.421097787079929065e-01,-1.360690719437469554e+00
7.418892748118749436e-01,6.416947632889534736e-01,-1.362486043691065740e+00
7.421940773076891595e-01,6.412791999419270583e-01,-1.364286021529732995e+00
7.424988798035033755e-01,6.408630872452518723e-01,-1.366090674218993106e+00
7.428036822993177024e-01,6.404464237707634400e-01,-1.367900023159430711e+00
7.431084847951319183e-01,6.400292080837544084e-01,-1.369714089887791308e+00
7.434132872909461343e-01,6.396114387429312487e-01,-1.371532896078097030e+00
7.437180897867603502e-01,6.391931143003736215e-01,-1.373356463542766859e+00
7.440228922825746771e-01,6.387742333014909679e-01,-1.375184814233751940e+00
7.443276947783888930e-01,6.383547942849809864e-01,-1.377017970243678224e+00
7.446324972742031090e-01,6.379347957827854465e-01,-1.378855953807007095e+00
7.449372997700174359e-01,6.375142363200470008e-01,-1.380698787301202213e+00
7.452421022658316518e-01,6.370931144150664416e-01,-1.382546493247907238e+00
7.455469047616458678e-01,6.366714285792570704e-01,-1.384399094314142431e+00
7.458517072574600837e-01,6.362491773171010667e-01,-1.386256613313505692e+00
7.461565097532744106e-01,6.358263591261045233e-01,-1.388119073207390253e+00
7.464613122490886266e-01,6.354029724967525938e-01,-1.389986497106210805e+00
7.467661147449028425e-01,6.349790159124626410e-01,-1.391858908270647843e+00
7.470709172407170584e-01,6.345544878495397167e-01,-1.393736330112900434e+00
7.473757197365313854e-01,6.341293867771290449e-01,-1.395618786197951433e+00
7.476805222323456013e-01,6.337037111571702797e-01,-1.397506300244846456e+00
7.479853247281598172e-01,6.332774594443493221e-01,-1.399398896127989289e+00
7.482901272239740331e-01,6.328506300860515799e-01,-1.401296597878444850e+00
7.485949297197883601e-01,6.324232215223131170e-01,-1.403199429685259902e+00
7.488997322156025760e-01,6.319952321857738031e-01,-1.405107415896792888e+00
7.492045347114167919e-01,6.315666605016269086e-01,-1.407020581022064620e+00
7.495093372072311189e-01,6.311375048875705884e-01,-1.408938949732115642e+00
7.498141397030453348e-01,6.307077637537591430e-01,-1.410862546861379574e+00
7.501189421988595507e-01,6.302774355027511710e-01,-1.412791397409075111e+00
7.504237446946737666e-01,6.298465185294609414e-01,-1.414725526540606237e+00
7.507285471904880936e-01,6.294150112211059911e-01,-1.416664959588981310e+00
7.510333496863023095e-01,6.289829119571573868e-01,-1.418609722056242806e+00
7.513381521821165254e-01,6.285502191092866564e-01,-1.420559839614917497e+00
7.516429546779307413e-01,6.281169310413142748e-01,-1.422515338109477945e+00
7.519477571737450683e-01,6.276830461091565949e-01,-1.424476243557819988e+00
7.522525596695592842e-01,6.272485626607735565e-01,-1.426442582152753547e+00
7.525573621653735001e-01,6.268134790361141739e-01,-1.428414380263515859e+00
7.528621646611878271e-01,6.263777935670629127e-01,-1.430391664437294263e+00
7.531669671570020430e-01,6.259415045773858433e-01,-1.432374461400764076e+00
7.534717696528162589e-01,6.255046103826746862e-01,-1.434362798061650901e+00
7.537765721486304749e-01,6.250671092902917447e-01,-1.436356701510300704e+00
7.540813746444448018e-01,6.246289995993141719e-01,-1.438356199021272541e+00
7.543861771402590177e-01,6.241902796004777931e-01,-1.440361318054941053e+00
7.546909796360732336e-01,6.237509475761194855e-01,-1.442372086259127162e+00
7.549957821318874496e-01,6.233110018001206676e-01,-1.444388531470735426e+00
7.553005846277017765e-01,6.228704405378483466e-01,-1.446410681717414937e+00
7.556053871235159924e-01,6.224292620460980530e-01,-1.448438565219234198e+00
7.559101896193302084e-01,6.219874645730337770e-01,-1.450472210390379324e+00
7.562149921151445353e-01,6.215450463581290164e-01,-1.452511645840866006e+00
7.565197946109587512e-01,6.211020056321072680e-01,-1.454556900378267903e+00
7.568245971067729672e-01,6.206583406168804107e-01,-1.456608003009472574e+00
7.571293996025871831e-01,6.202140495254886421e-01,-1.458664982942447175e+00
7.574342020984015100e-01,6.197691305620386393e-01,-1.460727869588028360e+00
7.577390045942157260e-01,6.193235819216417193e-01,-1.462796692561727063e+00
7.580438070900299419e-01,6.188774017903503344e-01,-1.464871481685561250e+00
7.583486095858441578e-01,6.184305883450958996e-01,-1.466952266989899334e+00
7.586534120816584847e-01,6.179831397536238446e-01,-1.469039078715330016e+00
7.589582145774727007e-01,6.175350541744308863e-01,-1.471131947314547217e+00
7.592630170732869166e-01,6.170863297566984151e-01,-1.473230903454263219e+00
7.595678195691012435e-01,6.166369646402275473e-01,-1.475335978017136451e+00
7.598726220649154595e-01,6.161869569553739545e-01,-1.477447202103719492e+00
7.601774245607296754e-01,6.157363048229795854e-01,-1.479564607034436818e+00
7.604822270565438913e-01,6.152850063543061632e-01,-1.481688224351576100e+00
7.607870295523582183e-01,6.148330596509673507e-01,-1.483818085821305033e+00
7.610918320481724342e-01,6.143804628048600280e-01,-1.485954223435708821e+00
7.613966345439866501e-01,6.139272138980952365e-01,-1.488096669414854301e+00
7.617014370398008660e-01,6.134733110029279013e-01,-1.490245456208872499e+00
7.620062395356151930e-01,6.130187521816867768e-01,-1.492400616500067390e+00
7.623110420314294089e-01,6.125635354867037252e-01,-1.494562183205044192e+00
7.626158445272436248e-01,6.121076589602413298e-01,-1.496730189476868533e+00
7.629206470230579518e-01,6.116511206344203977e-01,-1.498904668707244037e+00
7.632254495188721677e-01,6.111939185311477951e-01,-1.501085654528713897e+00
7.635302520146863836e-01,6.107360506620418406e-01,-1.503273180816893539e+00
7.638350545105005995e-01,6.102775150283580308e-01,-1.505467281692721482e+00
7.641398570063149265e-01,6.098183096209138787e-01,-1.507667991524740847e+00
7.644446595021291424e-01,6.093584324200140845e-01,-1.509875344931401075e+00
7.647494619979433583e-01,6.088978813953722646e-01,-1.512089376783393613e+00
7.650542644937575743e-01,6.084366545060351239e-01,-1.514310122206007359e+00
7.653590669895719012e-01,6.079747497003035184e-01,-1.516537616581514314e+00
7.656638694853861171e-01,6.075121649156549619e-01,-1.518771895551579876e+00
7.659686719812003330e-01,6.070488980786629130e-01,-1.521012995019705771e+00
7.662734744770146600e-01,6.065849471049170605e-01,-1.523260951153696530e+00
7.665782769728288759e-01,6.061203098989429439e-01,-1.525515800388153265e+00
7.668830794686430918e-01,6.056549843541194633e-01,-1.527777579427002319e+00
7.671878819644573078e-01,6.051889683525965014e-01,-1.530046325246047889e+00
7.674926844602716347e-01,6.047222597652121001e-01,-1.532322075095555736e+00
7.677974869560858506e-01,6.042548564514085285e-01,-1.534604866502864873e+00
7.681022894519000666e-01,6.037867562591463511e-01,-1.536894737275035672e+00
7.684070919477142825e-01,6.033179570248198287e-01,-1.539191725501521502e+00
7.687118944435286094e-01,6.028484565731699885e-01,-1.541495869556877452e+00
7.690166969393428253e-01,6.023782527171979151e-01,-1.543807208103493478e+00
7.693214994351570413e-01,6.019073432580752669e-01,-1.546125780094370183e+00
7.696263019309712572e-01,6.014357259850565685e-01,-1.548451624775917024e+00
7.699311044267855841e-01,6.009633986753885049e-01,-1.550784781690790259e+00
7.702359069225998001e-01,6.004903590942203273e-01,-1.553125290680757997e+00
7.705407094184140160e-01,6.000166049945105939e-01,-1.555473191889607865e+00
7.708455119142283429e-01,5.995421341169359097e-01,-1.557828525766082217e+00
7.711503144100425589e-01,5.990669441897972236e-01,-1.560191333066846431e+00
7.714551169058567748e-01,5.985910329289253484e-01,-1.562561654859502713e+00
7.717599194016709907e-01,5.981143980375858149e-01,-1.564939532525629229e+00
7.720647218974853176e-01,5.976370372063823933e-01,-1.567325007763861633e+00
7.723695243932995336e-01,5.971589481131609478e-01,-1.569718122593005694e+00
7.726743268891137495e-01,5.966801284229104052e-01,-1.572118919355197209e+00
7.729791293849279654e-01,5.962005757876637224e-01,-1.574527440719089455e+00
7.732839318807422924e-01,5.957202878463984108e-01,-1.576943729683085493e+00
7.735887343765565083e-01,5.952392622249356169e-01,-1.579367829578604443e+00
7.738935368723707242e-01,5.947574965358373156e-01,-1.581799784073395054e+00
7.741983393681850512e-01,5.942749883783036147e-01,-1.584239637174882143e+00
7.745031418639992671e-01,5.937917353380697261e-01,-1.586687433233553879e+00
7.748079443598134830e-01,5.933077349872992734e-01,-1.589143216946398374e+00
7.751127468556276989e-01,5.928229848844788208e-01,-1.591607033360372236e+00
7.754175493514420259e-01,5.923374825743110694e-01,-1.594078927875918650e+00
7.757223518472562418e-01,5.918512255876061667e-01,-1.596558946250521416e+00
7.760271543430704577e-01,5.913642114411724604e-01,-1.599047134602313625e+00
7.763319568388846736e-01,5.908764376377055871e-01,-1.601543539413719852e+00
7.766367593346990006e-01,5.903879016656774503e-01,-1.604048207535150539e+00
7.769415618305132165e-01,5.898986009992236434e-01,-1.606561186188734558e+00
7.772463643263274324e-01,5.894085330980286530e-01,-1.609082522972109297e+00
7.775511668221417594e-01,5.889176954072115056e-01,-1.611612265862248039e+00
7.778559693179559753e-01,5.884260853572097494e-01,-1.614150463219335974e+00
7.781607718137701912e-01,5.879337003636613268e-01,-1.616697163790702607e+00
7.784655743095844072e-01,5.874405378272865574e-01,-1.619252416714793918e+00
7.787703768053987341e-01,5.869465951337679011e-01,-1.621816271525199582e+00
7.790751793012129500e-01,5.864518696536298314e-01,-1.624388778154726376e+00
7.793799817970271659e-01,5.859563587421148245e-01,-1.626969986939531543e+00
7.796847842928413819e-01,5.854600597390613448e-01,-1.629559948623298116e+00
7.799895867886557088e-01,5.849629699687782791e-01,-1.632158714361470420e+00
7.802943892844699247e-01,5.844650867399190375e-01,-1.634766335725536202e+00
7.805991917802841407e-01,5.839664073453538773e-01,-1.637382864707373820e+00
7.809039942760984676e-01,5.834669290620408955e-01,-1.640008353723644507e+00
7.812087967719126835e-01,5.829666491508967985e-01,-1.642642855620243258e+00
7.815135992677268995e-01,5.824655648566641197e-01,-1.645286423676812770e+00
7.818184017635411154e-01,5.819636734077792140e-01,-1.647939111611308016e+00
7.821232042593554423e-01,5.814609720162374762e-01,-1.650600973584622544e+00
7.824280067551696582e-01,5.809574578774583387e-01,-1.653272064205270953e+00
7.827328092509838742e-01,5.804531281701471590e-01,-1.655952438534141313e+00
7.830376117467980901e-01,5.799479800561571086e-01,-1.658642152089297550e+00
7.833424142426124170e-01,5.794420106803488402e-01,-1.661341260850852208e+00
7.836472167384266330e-01,5.789352171704497119e-01,-1.664049821265894957e+00
7.839520192342408489e-01,5.784275966369094579e-01,-1.666767890253497031e+00
7.842568217300551758e-01,5.779191461727563039e-01,-1.669495525209769626e+00
7.845616242258693918e-01,5.774098628534508615e-01,-1.672232784012991580e+00
7.848664267216836077e-01,5.768997437367381353e-01,-1.674979725028810762e+00
7.851712292174978236e-01,5.763887858624977545e-01,-1.677736407115505646e+00
7.854760317133121506e-01,5.758769862525936478e-01,-1.680502889629321039e+00
7.857808342091263665e-01,5.753643419107218326e-01,-1.683279232429869099e+00
7.860856367049405824e-01,5.748508498222548724e-01,-1.686065495885611609e+00
7.863904392007547983e-01,5.743365069540867784e-01,-1.688861740879405771e+00
7.866952416965691253e-01,5.738213102544749145e-01,-1.691668028814128810e+00
7.870000441923833412e-01,5.733052566528819005e-01,-1.694484421618372316e+00
7.873048466881975571e-01,5.727883430598125214e-01,-1.697310981752222725e+00
7.876096491840118841e-01,5.722705663666519671e-01,-1.700147772213109754e+00
7.879144516798261000e-01,5.717519234455016308e-01,-1.702994856541734769e+00
7.882192541756403159e-01,5.712324111490113543e-01,-1.705852298828085978e+00
7.885240566714545318e-01,5.707120263102118951e-01,-1.708720163717527551e+00
7.888288591672688588e-01,5.701907657423445075e-01,-1.711598516416974691e+00
7.891336616630830747e-01,5.696686262386890798e-01,-1.714487422701148178e+00
7.894384641588972906e-01,5.691456045723894963e-01,-1.717386948918923295e+00
7.897432666547115065e-01,5.686216974962783333e-01,-1.720297161999755131e+00
7.900480691505258335e-01,5.680969017426981127e-01,-1.723218129460199366e+00
7.903528716463400494e-01,5.675712140233226677e-01,-1.726149919410513434e+00
7.906576741421542653e-01,5.670446310289735115e-01,-1.729092600561362048e+00
7.909624766379685923e-01,5.665171494294367616e-01,-1.732046242230602440e+00
7.912672791337828082e-01,5.659887658732775106e-01,-1.735010914350167077e+00
7.915720816295970241e-01,5.654594769876500893e-01,-1.737986687473046965e+00
7.918768841254112401e-01,5.649292793781089950e-01,-1.740973632780364433e+00
7.921816866212255670e-01,5.643981696284158245e-01,-1.743971822088549617e+00
7.924864891170397829e-01,5.638661443003447626e-01,-1.746981327856610200e+00
7.927912916128539988e-01,5.633331999334852958e-01,-1.750002223193514839e+00
7.930960941086682148e-01,5.627993330450430376e-01,-1.753034581865667185e+00
7.934008966044825417e-01,5.622645401296381129e-01,-1.756078478304493817e+00
7.937056991002967576e-01,5.617288176591020976e-01,-1.759133987614130978e+00
7.940105015961109736e-01,5.611921620822705181e-01,-1.762201185579231222e+00
7.943153040919251895e-01,5.606545698247750176e-01,-1.765280148672869531e+00
7.946201065877395164e-01,5.601160372888318584e-01,-1.768370954064569123e+00
7.949249090835537324e-01,5.595765608530293145e-01,-1.771473679628433384e+00
7.952297115793679483e-01,5.590361368721105118e-01,-1.774588403951406601e+00
7.955345140751822752e-01,5.584947616767551581e-01,-1.777715206341640153e+00
7.958393165709964912e-01,5.579524315733596085e-01,-1.780854166836983055e+00
7.961441190668107071e-01,5.574091428438110452e-01,-1.784005366213599508e+00
7.964489215626249230e-01,5.568648917452631020e-01,-1.787168885994704137e+00
7.967537240584392499e-01,5.563196745099051599e-01,-1.790344808459426895e+00
7.970585265542534659e-01,5.557734873447321977e-01,-1.793533216651800766e+00
7.973633290500676818e-01,5.552263264313090918e-01,-1.796734194389892458e+00
7.976681315458818977e-01,5.546781879255334724e-01,-1.799947826275052787e+00
7.979729340416962247e-01,5.541290679573956934e-01,-1.803174197701311154e+00
7.982777365375104406e-01,5.535789626307361377e-01,-1.806413394864897715e+00
7.985825390333246565e-01,5.530278680229986366e-01,-1.809665504773920297e+00
7.988873415291389835e-01,5.524757801849815575e-01,-1.812930615258170786e+00
7.991921440249531994e-01,5.519226951405865611e-01,-1.816208814979077824e+00
7.994969465207674153e-01,5.513686088865626944e-01,-1.819500193439816060e+00
7.998017490165816312e-01,5.508135173922485972e-01,-1.822804840995554398e+00
8.001065515123959582e-01,5.502574165993112665e-01,-1.826122848863863446e+00
8.004113540082101741e-01,5.497003024214819344e-01,-1.829454309135271961e+00
8.007161565040243900e-01,5.491421707442876166e-01,-1.832799314783991163e+00
8.010209589998386059e-01,5.485830174247807722e-01,-1.836157959678790252e+00
8.013257614956529329e-01,5.480228382912641916e-01,-1.839530338594040693e+00
8.016305639914671488e-01,5.474616291430146608e-01,-1.842916547220921464e+00
8.019353664872813647e-01,5.468993857500000777e-01,-1.846316682178803958e+00
8.022401689830956917e-01,5.463361038525956781e-01,-1.849730841026799855e+00
8.025449714789099076e-01,5.457717791612964886e-01,-1.853159122275484849e+00
8.028497739747241235e-01,5.452064073564237834e-01,-1.856601625398810462e+00
8.031545764705383394e-01,5.446399840878312082e-01,-1.860058450846187261e+00
8.034593789663526664e-01,5.440725049746043540e-01,-1.863529700054759708e+00
8.037641814621668823e-01,5.435039656047593315e-01,-1.867015475461861973e+00
8.040689839579810982e-01,5.429343615349342400e-01,-1.870515880517679363e+00
8.043737864537953142e-01,5.423636882900797485e-01,-1.874031019698092049e+00
8.046785889496096411e-01,5.417919413631434589e-01,-1.877560998517724844e+00
8.049833914454238570e-01,5.412191162147529377e-01,-1.881105923543193281e+00
8.052881939412380730e-01,5.406452082728909758e-01,-1.884665902406568394e+00
8.055929964370523999e-01,5.400702129325698486e-01,-1.888241043819039566e+00
8.058977989328666158e-01,5.394941255555009141e-01,-1.891831457584792764e+00
8.062026014286808318e-01,5.389169414697577709e-01,-1.895437254615117251e+00
8.065074039244950477e-01,5.383386559694377516e-01,-1.899058546942723247e+00
8.068122064203093746e-01,5.377592643143174200e-01,-1.902695447736291401e+00
8.071170089161235905e-01,5.371787617295047390e-01,-1.906348071315246751e+00
8.074218114119378065e-01,5.365971434050850197e-01,-1.910016533164779817e+00
8.077266139077520224e-01,5.360144044957638743e-01,-1.913700949951094410e+00
8.080314164035663493e-01,5.354305401205048387e-01,-1.917401439536906338e+00
8.083362188993805653e-01,5.348455453621626665e-01,-1.921118120997182821e+00
8.086410213951947812e-01,5.342594152671105157e-01,-1.924851114635149241e+00
8.089458238910091081e-01,5.336721448448633609e-01,-1.928600541998540363e+00
8.092506263868233241e-01,5.330837290676972984e-01,-1.932366525896114240e+00
8.095554288826375400e-01,5.324941628702608565e-01,-1.936149190414448551e+00
8.098602313784517559e-01,5.319034411491839753e-01,-1.939948660934992963e+00
8.101650338742660828e-01,5.313115587626803249e-01,-1.943765064151410371e+00
8.104698363700802988e-01,5.307185105301454042e-01,-1.947598528087192582e+00
8.107746388658945147e-01,5.301242912317473133e-01,-1.951449182113578429e+00
8.110794413617087306e-01,5.295288956080139720e-01,-1.955317156967753878e+00
8.113842438575230576e-01,5.289323183594134559e-01,-1.959202584771359223e+00
8.116890463533372735e-01,5.283345541459301131e-01,-1.963105599049296268e+00
8.119938488491514894e-01,5.277355975866329096e-01,-1.967026334748860128e+00
8.122986513449658164e-01,5.271354432592390005e-01,-1.970964928259176796e+00
8.126034538407800323e-01,5.265340856996721941e-01,-1.974921517430966444e+00
8.129082563365942482e-01,5.259315194016133121e-01,-1.978896241596650007e+00
8.132130588324084641e-01,5.253277388160458861e-01,-1.982889241590778395e+00
8.135178613282227911e-01,5.247227383507951926e-01,-1.986900659770816313e+00
8.138226638240370070e-01,5.241165123700612938e-01,-1.990930640038266697e+00
8.141274663198512229e-01,5.235090551939441950e-01,-1.994979327860169072e+00
8.144322688156654388e-01,5.229003610979637839e-01,-1.999046870290948519e+00
8.147370713114797658e-01,5.222904243125725543e-01,-2.003133415994645894e+00
8.150418738072939817e-01,5.216792390226625553e-01,-2.007239115267520191e+00
8.153466763031081976e-01,5.210667993670623499e-01,-2.011364120061051253e+00
8.156514787989224136e-01,5.204530994380308639e-01,-2.015508584005328174e+00
8.159562812947367405e-01,5.198381332807405775e-01,-2.019672662432844934e+00
8.162610837905509564e-01,5.192218948927568301e-01,-2.023856512402702812e+00
8.165658862863651724e-01,5.186043782235058019e-01,-2.028060292725248015e+00
8.168706887821794993e-01,5.179855771737378323e-01,-2.032284163987123193e+00
8.171754912779937152e-01,5.173654855949828546e-01,-2.036528288576759049e+00
8.174802937738079311e-01,5.167440972889957296e-01,-2.040792830710324246e+00
8.177850962696221471e-01,5.161214060071963594e-01,-2.045077956458120294e+00
8.180898987654364740e-01,5.154974054500994773e-01,-2.049383833771446728e+00
8.183947012612506899e-01,5.148720892667387750e-01,-2.053710632509936573e+00
8.186995037570649059e-01,5.142454510540789281e-01,-2.058058524469390527e+00
8.190043062528791218e-01,5.136174843564225156e-01,-2.062427683410092527e+00
8.193091087486934487e-01,5.129881826648063914e-01,-2.066818285085640472e+00
8.196139112445076647e-01,5.123575394163902841e-01,-2.071230507272283639e+00
8.199187137403218806e-01,5.117255479938345175e-01,-2.075664529798805003e+00
8.202235162361362075e-01,5.110922017246707361e-01,-2.080120534576927138e+00
8.205283187319504234e-01,5.104574938806624163e-01,-2.084598705632271010e+00
8.208331212277646394e-01,5.098214176771551642e-01,-2.089099229135887192e+00
8.211379237235788553e-01,5.091839662724179094e-01,-2.093622293436351089e+00
8.214427262193931822e-01,5.085451327669744392e-01,-2.098168089092448785e+00
8.217475287152073982e-01,5.079049102029256080e-01,-2.102736808906457533e+00
8.220523312110216141e-01,5.072632915632583339e-01,-2.107328647958052414e+00
8.223571337068358300e-01,5.066202697711478242e-01,-2.111943803638823614e+00
8.226619362026501570e-01,5.059758376892466991e-01,-2.116582475687441622e+00
8.229667386984643729e-01,5.053299881189651233e-01,-2.121244866225467707e+00
8.232715411942785888e-01,5.046827137997379475e-01,-2.125931179793848269e+00
8.235763436900929158e-01,5.040340074082816368e-01,-2.130641623390076234e+00
8.238811461859071317e-01,5.033838615578409836e-01,-2.135376406506051428e+00
8.241859486817213476e-01,5.027322687974212778e-01,-2.140135741166667493e+00
8.244907511775355635e-01,5.020792216110115946e-01,-2.144919841969113783e+00
8.247955536733498905e-01,5.014247124167935388e-01,-2.149728926122928652e+00
8.251003561691641064e-01,5.007687335663403294e-01,-2.154563213490809925e+00
8.254051586649783223e-01,5.001112773438002312e-01,-2.159422926630216732e+00
8.257099611607925382e-01,4.994523359650694383e-01,-2.164308290835754711e+00
8.260147636566068652e-01,4.987919015769510245e-01,-2.169219534182383669e+00
8.263195661524210811e-01,4.981299662563016262e-01,-2.174156887569452135e+00
8.266243686482352970e-01,4.974665220091623041e-01,-2.179120584765596558e+00
8.269291711440496240e-01,4.968015607698778591e-01,-2.184110862454501589e+00
8.272339736398638399e-01,4.961350744002017699e-01,-2.189127960281549878e+00
8.275387761356780558e-01,4.954670546883849780e-01,-2.194172120901401346e+00
8.278435786314922717e-01,4.947974933482520155e-01,-2.199243590026486839e+00
8.281483811273065987e-01,4.941263820182613120e-01,-2.204342616476471228e+00
8.284531836231208146e-01,4.934537122605510695e-01,-2.209469452228678854e+00
8.287579861189350305e-01,4.927794755599678167e-01,-2.214624352469543034e+00
8.290627886147492465e-01,4.921036633230810309e-01,-2.219807575647055220e+00
8.293675911105635734e-01,4.914262668771806619e-01,-2.225019383524279526e+00
8.296723936063777893e-01,4.907472774692590023e-01,-2.230260041233924184e+00
8.299771961021920053e-01,4.900666862649740718e-01,-2.235529817334032998e+00
8.302819985980063322e-01,4.893844843475975148e-01,-2.240828983864782575e+00
8.305868010938205481e-01,4.887006627169450113e-01,-2.246157816406431973e+00
8.308916035896347640e-01,4.880152122882870924e-01,-2.251516594138470051e+00
8.311964060854489800e-01,4.873281238912436364e-01,-2.256905599899945436e+00
8.315012085812633069e-01,4.866393882686587680e-01,-2.262325120251053256e+00
8.318060110770775228e-01,4.859489960754580506e-01,-2.267775445535967549e+00
8.321108135728917388e-01,4.852569378774838071e-01,-2.273256869946999270e+00
8.324156160687059547e-01,4.845632041503133425e-01,-2.278769691590055047e+00
8.327204185645202816e-01,4.838677852780552957e-01,-2.284314212551477041e+00
8.330252210603344976e-01,4.831706715521271733e-01,-2.289890738966262607e+00
8.333300235561487135e-01,4.824718531700092350e-01,-2.295499581087731222e+00
8.336348260519630404e-01,4.817713202339790057e-01,-2.301141053358644495e+00
8.339396285477772564e-01,4.810690627498241390e-01,-2.306815474483820516e+00
8.342444310435914723e-01,4.803650706255306324e-01,-2.312523167504312305e+00
8.345492335394056882e-01,4.796593336699505605e-01,-2.318264459873137451e+00
8.348540360352200151e-01,4.789518415914450489e-01,-2.324039683532642453e+00
8.351588385310342311e-01,4.782425839965048775e-01,-2.329849174993508409e+00
8.354636410268484470e-01,4.775315503883443835e-01,-2.335693275415482439e+00
8.357684435226626629e-01,4.768187301654728816e-01,-2.341572330689826398e+00
8.360732460184769899e-01,4.761041126202389950e-01,-2.347486691523570812e+00
8.363780485142912058e-01,4.753876869373510616e-01,-2.353436713525588253e+00
8.366828510101054217e-01,4.746694421923678964e-01,-2.359422757294568740e+00
8.369876535059196376e-01,4.739493673501653515e-01,-2.365445188508904284e+00
8.372924560017339646e-01,4.732274512633736219e-01,-2.371504378018566950e+00
8.375972584975481805e-01,4.725036826707874615e-01,-2.377600701939004857e+00
8.379020609933623964e-01,4.717780501957454242e-01,-2.383734541747144497e+00
8.382068634891767234e-01,4.710505423444813489e-01,-2.389906284379511803e+00
8.385116659849909393e-01,4.703211475044459799e-01,-2.396116322332552340e+00
8.388164684808051552e-01,4.695898539425948925e-01,-2.402365053765224800e+00
8.391212709766193711e-01,4.688566498036478847e-01,-2.408652882603881995e+00
8.394260734724336981e-01,4.681215231083142303e-01,-2.414980218649547261e+00
8.397308759682479140e-01,4.673844617514863464e-01,-2.421347477687612937e+00
8.400356784640621299e-01,4.666454535003972115e-01,-2.427755081600069254e+00
8.403404809598763459e-01,4.659044859927456428e-01,-2.434203458480280080e+00
8.406452834556906728e-01,4.651615467347848809e-01,-2.440693042750419650e+00
8.409500859515048887e-01,4.644166230993762023e-01,-2.447224275281605799e+00
8.412548884473191046e-01,4.636697023240031190e-01,-2.453797603516848280e+00
8.415596909431334316e-01,4.629207715087497177e-01,-2.460413481596843255e+00
8.418644934389476475e-01,4.621698176142408077e-01,-2.467072370488706756e+00
8.421692959347618634e-01,4.614168274595393249e-01,-2.473774738117762162e+00
8.424740984305760794e-01,4.606617877200062661e-01,-2.480521059502410974e+00
8.427789009263904063e-01,4.599046849251168245e-01,-2.487311816892217919e+00
8.430837034222046222e-01,4.591455054562364468e-01,-2.494147499909264543e+00
8.433885059180188382e-01,4.583842355443496497e-01,-2.501028605692912521e+00
8.436933084138330541e-01,4.576208612677475918e-01,-2.507955639048014884e+00
8.439981109096473810e-01,4.568553685496677397e-01,-2.514929112596718586e+00
8.443029134054615970e-01,4.560877431558890138e-01,-2.521949546933921926e+00
8.446077159012758129e-01,4.553179706922755865e-01,-2.529017470786550703e+00
8.449125183970901398e-01,4.545460366022742171e-01,-2.536133421176692604e+00
8.452173208929043557e-01,4.537719261643616830e-01,-2.543297943588736842e+00
8.455221233887185717e-01,4.529956244894373651e-01,-2.550511592140661588e+00
8.458269258845327876e-01,4.522171165181664843e-01,-2.557774929759529581e+00
8.461317283803471145e-01,4.514363870182669936e-01,-2.565088528361364251e+00
8.464365308761613305e-01,4.506534205817431249e-01,-2.572452969035506687e+00
8.467413333719755464e-01,4.498682016220586499e-01,-2.579868842233620452e+00
8.470461358677897623e-01,4.490807143712552962e-01,-2.587336747963435268e+00
8.473509383636040893e-01,4.482909428770090465e-01,-2.594857295987408108e+00
8.476557408594183052e-01,4.474988709996270964e-01,-2.602431106026426466e+00
8.479605433552325211e-01,4.467044824089791977e-01,-2.610058807968737682e+00
8.482653458510468480e-01,4.459077605813669964e-01,-2.617741042084214431e+00
8.485701483468610640e-01,4.451086887963272010e-01,-2.625478459244150020e+00
8.488749508426752799e-01,4.443072501333639734e-01,-2.633271721146769995e+00
8.491797533384894958e-01,4.435034274686154299e-01,-2.641121500548578638e+00
8.494845558343038228e-01,4.426972034714460325e-01,-2.649028481501780163e+00
8.497893583301180387e-01,4.418885606009678724e-01,-2.656993359597911386e+00
8.500941608259322546e-01,4.410774811024839037e-01,-2.665016842217935888e+00
8.503989633217464705e-01,4.402639470038568481e-01,-2.673099648788937799e+00
8.507037658175607975e-01,4.394479401117964423e-01,-2.681242511047680299e+00
8.510085683133750134e-01,4.386294420080679712e-01,-2.689446173311190513e+00
8.513133708091892293e-01,4.378084340456137591e-01,-2.697711392754658988e+00
8.516181733050035563e-01,4.369848973445913942e-01,-2.706038939696822965e+00
8.519229758008177722e-01,4.361588127883239685e-01,-2.714429597893103008e+00
8.522277782966319881e-01,4.353301610191574467e-01,-2.722884164836753218e+00
8.525325807924462040e-01,4.344989224342270528e-01,-2.731403452068261295e+00
8.528373832882605310e-01,4.336650771811271232e-01,-2.739988285493280440e+00
8.531421857840747469e-01,4.328286051534842582e-01,-2.748639505709348896e+00
8.534469882798889628e-01,4.319894859864262804e-01,-2.757357968341741294e+00
8.537517907757031788e-01,4.311476990519504948e-01,-2.766144544388681847e+00
8.540565932715175057e-01,4.303032234541836476e-01,-2.775000120576276430e+00
8.543613957673317216e-01,4.294560380245341924e-01,-2.783925599723456656e+00
8.546661982631459376e-01,4.286061213167279282e-01,-2.792921901117332073e+00
8.549710007589602645e-01,4.277534516017308386e-01,-2.801989960899211596e+00
8.552758032547744804e-01,4.268980068625530810e-01,-2.811130732461706749e+00
8.555806057505886963e-01,4.260397647889263562e-01,-2.820345186857320829e+00
8.558854082464029123e-01,4.251787027718585410e-01,-2.829634313218849950e+00
8.561902107422172392e-01,4.243147978980573165e-01,-2.838999119192036513e+00
8.564950132380314551e-01,4.234480269442204015e-01,-2.848440631380902310e+00
8.567998157338456711e-01,4.225783663711856764e-01,-2.857959895806214234e+00
8.571046182296598870e-01,4.217057923179428069e-01,-2.867557978377486272e+00
8.574094207254742139e-01,4.208302805954967085e-01,-2.877235965379054239e+00
8.577142232212884299e-01,4.199518066805822958e-01,-2.886994963970675343e+00
8.580190257171026458e-01,4.190703457092215811e-01,-2.896836102703214344e+00
8.583238282129168617e-01,4.181858724701252306e-01,-2.906760532049876833e+00
8.586286307087311886e-01,4.172983613979254769e-01,-2.916769424953655765e+00
8.589334332045454046e-01,4.164077865662439426e-01,-2.926863977391454430e+00
8.592382357003596205e-01,4.155141216805806614e-01,-2.937045408955603953e+00
8.595430381961739474e-01,4.146173400710258528e-01,-2.947314963453323777e+00
8.598478406919881634e-01,4.137174146847861222e-01,-2.957673909524820566e+00
8.601526431878023793e-01,4.128143180785176503e-01,-2.968123541280711652e+00
8.604574456836165952e-01,4.119080224104638699e-01,-2.978665178959476911e+00
8.607622481794309222e-01,4.109984994323877538e-01,-2.989300169605711321e+00
8.610670506752451381e-01,4.100857204812970447e-01,-3.000029887769897208e+00
8.613718531710593540e-01,4.091696564709488837e-01,-3.010855736230597657e+00
8.616766556668735699e-01,4.082502778831335055e-01,-3.021779146739845157e+00
8.619814581626878969e-01,4.073275547587261736e-01,-3.032801580792643836e+00
8.622862606585021128e-01,4.064014566885031932e-01,-3.043924530421453056e+00
8.625910631543163287e-01,4.054719528037061815e-01,-3.055149519016775006e+00
8.628958656501306557e-01,4.045390117663572038e-01,-3.066478102174648335e+00
8.632006681459448716e-01,4.036026017593112303e-01,-3.077911868572217546e+00
8.635054706417590875e-01,4.026626904760332026e-01,-3.089452440872507033e+00
8.638102731375733034e-01,4.017192451100980444e-01,-3.101101476659473999e+00
8.641150756333876304e-01,4.007722323444010692e-01,-3.112860669404553970e+00
8.644198781292018463e-01,3.998216183400686852e-01,-3.124731749465991193e+00
8.647246806250160622e-01,3.988673687250556821e-01,-3.136716485122325260e+00
8.650294831208302782e-01,3.979094485824275496e-01,-3.148816683641253000e+00
8.653342856166446051e-01,3.969478224383080622e-01,-3.161034192385458130e+00
8.656390881124588210e-01,3.959824542494851385e-01,-3.173370899956860836e+00
8.659438906082730369e-01,3.950133073906599290e-01,-3.185828737380906439e+00
8.662486931040873639e-01,3.940403446413333621e-01,-3.198409679332419486e+00
8.665534955999015798e-01,3.930635281723074970e-01,-3.211115745405002997e+00
8.668582980957157957e-01,3.920828195317942466e-01,-3.223949001425605587e+00
8.671631005915300117e-01,3.910981796311188141e-01,-3.236911560816209565e+00
8.674679030873443386e-01,3.901095687299975800e-01,-3.250005586004716118e+00
8.677727055831585545e-01,3.891169464213798390e-01,-3.263233289887081501e+00
8.680775080789727705e-01,3.881202716158351773e-01,-3.276596937342885596e+00
8.683823105747869864e-01,3.871195025254725586e-01,-3.290098846806667421e+00
8.686871130706013133e-01,3.861145966473662483e-01,-3.303741391897599744e+00
8.689919155664155292e-01,3.851055107464831373e-01,-3.317527003109785877e+00
8.692967180622297452e-01,3.840922008380793784e-01,-3.331458169566127392e+00
8.696015205580440721e-01,3.830746221695536802e-01,-3.345537440838483256e+00
8.699063230538582880e-01,3.820527292017372178e-01,-3.359767428837087788e+00
8.702111255496725040e-01,3.810264755895978461e-01,-3.374150809772265003e+00
8.705159280454867199e-01,3.799958141623293595e-01,-3.388690326192041802e+00
8.708207305413010468e-01,3.789606969028113670e-01,-3.403388789098786837e+00
8.711255330371152628e-01,3.779210749264146907e-01,-3.418249080148631602e+00
8.714303355329294787e-01,3.768768984591160942e-01,-3.433274153937641238e+00
8.717351380287436946e-01,3.758281168149052442e-01,-3.448467040378700332e+00
8.720399405245580216e-01,3.747746783724562047e-01,-3.463830847173275274e+00
8.723447430203722375e-01,3.737165305510318225e-01,-3.479368762382601066e+00
8.726495455161864534e-01,3.726536197855760957e-01,-3.495084057103455599e+00
8.729543480120007803e-01,3.715858915009883634e-01,-3.510980088252821041e+00
8.732591505078149963e-01,3.705132900855284128e-01,-3.527060301467205949e+00
8.735639530036292122e-01,3.694357588633115919e-01,-3.543328234122251619e+00
8.738687554994434281e-01,3.683532400658707240e-01,-3.559787518478348733e+00
8.741735579952577551e-01,3.672656748027466334e-01,-3.576441884958272865e+00
8.744783604910719710e-01,3.661730030310453854e-01,-3.593295165564158733e+00
8.747831629868861869e-01,3.650751635239345427e-01,-3.610351297440270280e+00
8.750879654827004028e-01,3.639720938380393012e-01,-3.627614326588904259e+00
8.753927679785147298e-01,3.628637302796735020e-01,-3.645088411747599899e+00
8.756975704743289457e-01,3.617500078698610566e-01,-3.662777828435910710e+00
8.760023729701431616e-01,3.606308603081036512e-01,-3.680686973180266275e+00
8.763071754659574886e-01,3.595062199348394993e-01,-3.698820367926092700e+00
8.766119779617717045e-01,3.583760176925034902e-01,-3.717182664648281953e+00
8.769167804575859204e-01,3.572401830851710258e-01,-3.735778650168860349e+00
8.772215829534001363e-01,3.560986441366989497e-01,-3.754613251193975820e+00
8.775263854492144633e-01,3.549513273472841846e-01,-3.773691539582058940e+00
8.778311879450286792e-01,3.537981576483842927e-01,-3.793018737855583744e+00
8.781359904408428951e-01,3.526390583559368408e-01,-3.812600224969101781e+00
8.784407929366571111e-01,3.514739511217576662e-01,-3.832441542349141805e+00
8.787455954324714380e-01,3.503027558830540955e-01,-3.852548400220496383e+00
8.790503979282856539e-01,3.491253908099858916e-01,-3.872926684234350603e+00
8.793552004240998698e-01,3.479417722511402022e-01,-3.893582462416452117e+00
8.796600029199141968e-01,3.467518146768304721e-01,-3.914521992453573684e+00
8.799648054157284127e-01,3.455554306201382153e-01,-3.935751729337128690e+00
8.802696079115426286e-01,3.443525306155840737e-01,-3.957278333384239399e+00
8.805744104073568446e-01,3.431430231352351479e-01,-3.979108678661790854e+00
8.808792129031711715e-01,3.419268145222326694e-01,-4.001249861832955723e+00
8.811840153989853874e-01,3.407038089215491672e-01,-4.023709211454094437e+00
8.814888178947996034e-01,3.394739082078138681e-01,-4.046494297749230640e+00
8.817936203906138193e-01,3.382370119100866490e-01,-4.069612942891102314e+00
8.820984228864281462e-01,3.369930171334611924e-01,-4.093073231817981217e+00
8.824032253822423622e-01,3.357418184772485992e-01,-4.116883523622407282e+00
8.827080278780565781e-01,3.344833079495695416e-01,-4.141052463547927331e+00
8.830128303738707940e-01,3.332173748782563671e-01,-4.165588995628731972e+00
8.833176328696851209e-01,3.319439058177680035e-01,-4.190502376016705277e+00
8.836224353654993369e-01,3.306627844519042236e-01,-4.215802187040296189e+00
8.839272378613135528e-01,3.293738914921450212e-01,-4.241498352041470632e+00
8.842320403571278797e-01,3.280771045714140910e-01,-4.267601151039156271e+00
8.845368428529420957e-01,3.267722981327798593e-01,-4.294121237284175052e+00
8.848416453487563116e-01,3.254593433130770763e-01,-4.321069654754386313e+00
8.851464478445705275e-01,3.241381078210480160e-01,-4.348457856659126541e+00
8.854512503403848545e-01,3.228084558096250833e-01,-4.376297725023022167e+00
8.857560528361990704e-01,3.214702477420559035e-01,-4.404601591424249563e+00
8.860608553320132863e-01,3.201233402516296955e-01,-4.433382258962536682e+00
8.863656578278275022e-01,3.187675859944654744e-01,-4.462653025548978469e+00
8.866704603236418292e-01,3.174028334948562069e-01,-4.492427708618525806e+00
8.869752628194560451e-01,3.160289269830410808e-01,-4.522720671352878696e+00
8.872800653152702610e-01,3.146457062246703629e-01,-4.553546850535972190e+00
8.875848678110845880e-01,3.132530063414266652e-01,-4.584921786162990287e+00
8.878896703068988039e-01,3.118506576223997739e-01,-4.616861652930583482e+00
8.881944728027130198e-01,3.104384853257646792e-01,-4.649383293740428691e+00
8.884992752985272357e-01,3.090163094695428936e-01,-4.682504255399281945e+00
8.888040777943415627e-01,3.075839446113315390e-01,-4.716242826658383791e+00
8.891088802901557786e-01,3.061411996161449434e-01,-4.750618078783119813e+00
8.894136827859699945e-01,3.046878774113188082e-01,-4.785649908860693635e+00
8.897184852817842104e-01,3.032237747276872453e-01,-4.821359086067254829e+00
8.900232877775985374e-01,3.017486818264651371e-01,-4.857767301117768000e+00
8.903280902734127533e-01,3.002623822105626727e-01,-4.894897219166468361e+00
8.906328927692269692e-01,2.987646523186464620e-01,-4.932772536484693049e+00
8.909376952650412962e-01,2.972552612019405682e-01,-4.971418041168472968e+00
8.912424977608555121e-01,2.957339701817132127e-01,-5.010859678264854011e+00
8.915473002566697280e-01,2.942005324858713022e-01,-5.051124619700996909e+00
8.918521027524839440e-01,2.926546928635745948e-01,-5.092241339429291358e+00
8.921569052482982709e-01,2.910961871767968057e-01,-5.134239694209639993e+00
8.924617077441124868e-01,2.895247419653363963e-01,-5.177151010631601658e+00
8.927665102399267028e-01,2.879400739845434654e-01,-5.221008178882637907e+00
8.930713127357409187e-01,2.863418897139219377e-01,-5.265845753875503910e+00
8.933761152315552456e-01,2.847298848331858978e-01,-5.311700064471646776e+00
8.936809177273694615e-01,2.831037436632741211e-01,-5.358609331582813162e+00
8.939857202231836775e-01,2.814631385707588862e-01,-5.406613795948175039e+00
8.942905227189980044e-01,2.798077293323255610e-01,-5.455755856516605995e+00
8.945953252148122203e-01,2.781371624527985142e-01,-5.506080220720188656e+00
8.949001277106264363e-01,2.764510704377852734e-01,-5.557634067519027887e+00
8.952049302064406522e-01,2.747490710141418102e-01,-5.610467224727508473e+00
8.955097327022549791e-01,2.730307662928003753e-01,-5.664632362120916476e+00
8.958145351980691951e-01,2.712957418702293122e-01,-5.720185201984486767e+00
8.961193376938834110e-01,2.695435658655995215e-01,-5.777184748774500278e+00
8.964241401896976269e-01,2.677737878818672868e-01,-5.835693540342184349e+00
8.967289426855119538e-01,2.659859378860978119e-01,-5.895777923021871203e+00
8.970337451813261698e-01,2.641795250052331734e-01,-5.957508353031919057e+00
8.973385476771403857e-01,2.623540362237064549e-01,-6.020959727522775751e+00
8.976433501729547126e-01,2.605089349728038073e-01,-6.086211748830033130e+00
8.979481526687689286e-01,2.586436596065488369e-01,-6.153349325619153376e+00
8.982529551645831445e-01,2.567576217536822192e-01,-6.222463015106264983e+00
8.985577576603973604e-01,2.548502045155756623e-01,-6.293649512907919075e+00
8.988625601562116874e-01,2.529207605166335915e-01,-6.367012194749980480e+00
8.991673626520259033e-01,2.509686097811986150e-01,-6.442661717635855823e+00
8.994721651478401192e-01,2.489930374106826827e-01,-6.520716688483414458e+00
8.997769676436543351e-01,2.469932910442934615e-01,-6.601304409327973133e+00
9.000817701394686621e-01,2.449685780938458679e-01,-6.684561708174567407e+00
9.003865726352828780e-01,2.429180627014294602e-01,-6.770635869147704433e+00
9.006913751310970939e-01,2.408408623848634911e-01,-6.859685676844140545e+00
9.009961776269114209e-01,2.387360443675554666e-01,-6.951882588519015194e+00
9.013009801227256368e-01,2.366026215213207218e-01,-7.047412055656624652e+00
9.016057826185398527e-01,2.344395478620964202e-01,-7.146475018662677314e+00
9.019105851143540686e-01,2.322457135756968161e-01,-7.249289599857327460e+00
9.022153876101683956e-01,2.300199395320196294e-01,-7.356093022663628744e+00
9.025201901059826115e-01,2.277609710929240083e-01,-7.467143807052854854e+00
9.028249926017968274e-01,2.254674712615626353e-01,-7.582724273772245560e+00
9.031297950976110434e-01,2.231380130141130125e-01,-7.703143416917707320e+00
9.034345975934253703e-01,2.207710706539283141e-01,-7.828740213088311251e+00
9.037394000892395862e-01,2.183650101024742218e-01,-7.959887443241743021e+00
9.040442025850538021e-01,2.159180779878252798e-01,-8.096996117158381523e+00
9.043490050808680181e-01,2.134283891614210948e-01,-8.240520638491830141e+00
9.046538075766823450e-01,2.108939126180029711e-01,-8.390964831418113334e+00
9.049586100724965609e-01,2.083124553689266467e-01,-8.548889024554462424e+00
9.052634125683107769e-01,2.056816439552212605e-01,-8.714918413426163468e+00
9.055682150641251038e-01,2.029989032764263623e-01,-8.889752966417594493e+00
9.058730175599393197e-01,2.002614319811739929e-01,-9.074179255875186811e+00
9.061778200557535357e-01,1.974661740242495689e-01,-9.269084631781693062e+00
9.064826225515677516e-01,1.946097853770141772e-01,-9.475474337227131727e+00
9.067874250473820785e-01,1.916885950805511385e-01,-9.694492285368255580e+00
9.070922275431962944e-01,1.886985592080974161e-01,-9.927446483154595214e+00
9.073970300390105104e-01,1.856352062604768038e-01,-1.017584035941036724e+01
9.077018325348247263e-01,1.824935718430637510e-01,-1.044141169835924821e+01
9.080066350306390532e-01,1.792681201530013646e-01,-1.072618142580005696e+01
9.083114375264532692e-01,1.759526485894493952e-01,-1.103251537008786087e+01
9.086162400222674851e-01,1.725401711058875964e-01,-1.136320322681467943e+01
9.089210425180818120e-01,1.690227741419368379e-01,-1.172156068963296072e+01
9.092258450138960280e-01,1.653914368498086984e-01,-1.211156320209961912e+01
9.095306475097102439e-01,1.616358042239641468e-01,-1.253802354558933629e+01
9.098354500055244598e-01,1.577438972881847201e-01,-1.300683123458730250e+01
9.101402525013387868e-01,1.537017375611750281e-01,-1.352528078562173874e+01
9.104450549971530027e-01,1.494928528763343756e-01,-1.410253049444513351e+01
9.107498574929672186e-01,1.450976156120959704e-01,-1.475025754074767015e+01
9.110546599887814345e-01,1.404923383121007840e-01,-1.548361672064041983e+01
9.113594624845957615e-01,1.356480093200335690e-01,-1.632268357750132992e+01
9.116642649804099774e-01,1.305284768349770641e-01,-1.729469920693758667e+01
9.119690674762241933e-01,1.250877577318379730e-01,-1.843769952016060998e+01
9.122738699720385203e-01,1.192658963453609722e-01,-1.980666047133772523e+01
9.125786724678527362e-01,1.129822936930416494e-01,-2.148450686270927790e+01
9.128834749636669521e-01,1.061243324156857237e-01,-2.360327255385751144e+01
9.131882774594811680e-01,9.852650929746328834e-02,-2.638863568604304533e+01
9.134930799552954950e-01,8.992822905749146833e-02,-3.026581196627617842e+01
9.137978824511097109e-01,7.987578635091624468e-02,-3.615937871959281580e+01
9.141026849469239268e-01,6.744014481698228092e-02,-4.661331754695412855e+01
9.144074874427381427e-01,4.999999999998704786e-02,-7.302510983479974982e+01
