% Model,five_pfp_domain_configured.mph
% Version,COMSOL 6.4.0.429
% Date,"Oct 8 2026, 23:10"
% Table,Table 5 - 
% Time (s),t (s),t/tauc5 (1),E0c5 (J),c5.pdet*DP (Pa),c5.idc5(c5.pAc)/c5.idc5(1) (J/m^3),c5.r1 (1),c5.U1 (m/s),c5.pLP1 (Pa),c5.pVP1 (Pa),c5.Temp1 (K),c5.fv1 (1),c5.Rg1 (m),c5.R1-c5.Rg1 (m),abs(c5.U1)/cL (1),(c5.Sspec1-S0c5)/(100[J/(kg*K)]) (1),c5.pVP1-c5.pLP1-2*sigIc5/c5.Rg1 (N/m^2),c5.gLP1-c5.gVP1 (J/kg),c5.r2 (1),c5.U2 (m/s),c5.pLP2 (Pa),c5.pVP2 (Pa),c5.Temp2 (K),c5.fv2 (1),c5.Rg2 (m),c5.R2-c5.Rg2 (m),abs(c5.U2)/cL (1),(c5.Sspec2-S0c5)/(100[J/(kg*K)]) (1),c5.pVP2-c5.pLP2-2*sigIc5/c5.Rg2 (N/m^2),c5.gLP2-c5.gVP2 (J/kg),c5.r3 (1),c5.U3 (m/s),c5.pLP3 (Pa),c5.pVP3 (Pa),c5.Temp3 (K),c5.fv3 (1),c5.Rg3 (m),c5.R3-c5.Rg3 (m),abs(c5.U3)/cL (1),(c5.Sspec3-S0c5)/(100[J/(kg*K)]) (1),c5.pVP3-c5.pLP3-2*sigIc5/c5.Rg3 (N/m^2),c5.gLP3-c5.gVP3 (J/kg),c5.r4 (1),c5.U4 (m/s),c5.pLP4 (Pa),c5.pVP4 (Pa),c5.Temp4 (K),c5.fv4 (1),c5.Rg4 (m),c5.R4-c5.Rg4 (m),abs(c5.U4)/cL (1),(c5.Sspec4-S0c5)/(100[J/(kg*K)]) (1),c5.pVP4-c5.pLP4-2*sigIc5/c5.Rg4 (N/m^2),c5.gLP4-c5.gVP4 (J/kg),c5.r5 (1),c5.U5 (m/s),c5.pLP5 (Pa),c5.pVP5 (Pa),c5.Temp5 (K),c5.fv5 (1),c5.Rg5 (m),c5.R5-c5.Rg5 (m),abs(c5.U5)/cL (1),(c5.Sspec5-S0c5)/(100[J/(kg*K)]) (1),c5.pVP5-c5.pLP5-2*sigIc5/c5.Rg5 (N/m^2),c5.gLP5-c5.gVP5 (J/kg),c5.En (J),c5.Ei (N*m),c5.Ep (N*m),c5.Ea (J),E0c5*c5.ediss (J),E0c5*c5.erout (J),(c5.En+c5.Ei+c5.Ep+c5.Ea+E0c5*(c5.ediss+c5.erout)-E0c5)/E0c5 (1)
0,0,0,5.5E-8,-2.640563642339893E-27,-1.2607765152284075E-20,0.9999999999999993,-2.590947580810129E-7,69800.63755990814,71098.63213711364,293.1499999999872,0.5000000000001371,1.4499290158905854E-5,2.613038467135805E-8,1.7506402573041413E-10,-2.842170943040401E-16,-2.83480403595604E-8,7.87565568316495E-11,0.9999999999999993,-2.5909475808119687E-7,69800.63755990814,71098.63213711364,293.1499999999872,0.5000000000001371,1.4499290158905854E-5,2.613038467135805E-8,1.7506402573053842E-10,-2.842170943040401E-16,-2.83480403595604E-8,7.87565568316495E-11,0.9999999999999993,-2.5909475808104636E-7,69800.63755990814,71098.63213711364,293.1499999999872,0.5000000000001371,1.4499290158905854E-5,2.613038467135805E-8,1.7506402573043673E-10,-2.842170943040401E-16,-2.83480403595604E-8,7.87565568316495E-11,0.9999999999999993,-2.590947580819303E-7,69800.63755990814,71098.63213711364,293.1499999999872,0.5000000000001371,1.4499290158905854E-5,2.613038467135805E-8,1.7506402573103398E-10,-2.842170943040401E-16,-2.83480403595604E-8,7.87565568316495E-11,0.9999999999999993,-2.590947580799731E-7,69800.63755990814,71098.63213711364,293.1499999999872,0.5000000000001371,1.4499290158905854E-5,2.613038467135805E-8,1.7506402572971157E-10,-2.842170943040401E-16,-2.83480403595604E-8,7.87565568316495E-11,3.2316422345071783E-24,4.7865469393169936E-8,7.134530606828519E-9,5.7581888580244435E-34,4.5950167633722545E-33,1.426146376753113E-65,-2.815422012180487E-14
2.5000000000000002E-8,2.5000000000000002E-8,0.01721120564117118,5.5E-8,-2.3877247932562687E-8,-3.231415832595252E-7,0.9999208487469434,-0.09256321422694913,69813.1858291952,71111.26971387272,293.1544946374029,0.4999645837732949,1.449813421593236E-5,2.6136622407664804E-8,6.254271231550617E-5,-3.852548644545095E-9,-0.014182266714442449,-8.901843671083043E-7,0.999920848854789,-0.09256309086491525,69813.18581216517,71111.26969665298,293.15449463127794,0.4999645838215626,1.4498134217507362E-5,2.6136622399165676E-8,6.254262896278058E-5,-3.852539691706625E-9,-0.014182315423795444,-8.904075343707518E-7,0.9999208488189666,-0.09256313184135229,69813.1858178249,71111.26970237278,293.1544946333124,0.49996458380553005,1.4498134216984204E-5,2.613662240198799E-8,6.254265664956236E-5,-3.852540828575002E-9,-0.014182302180188344,-8.90341908643677E-7,0.9999208484689593,-0.09256353220668699,69813.18587359604,71111.26975826181,293.1544946531881,0.49996458364890833,1.4498134211872612E-5,2.6136622429575853E-8,6.25429271666804E-5,-3.852571239804092E-9,-0.014182641963998321,-8.903156469841633E-7,0.9999208497354083,-0.09256208354501985,69813.18567241362,71111.2695560359,293.1544945812712,0.49996458421562096,1.449813423036814E-5,2.613662232975302E-8,6.254194834122962E-5,-3.8524517265159375E-9,-0.014182029446146771,-8.902368904273317E-7,4.123938779463993E-13,4.786653313231267E-8,7.132893276120764E-9,1.6309608457473692E-13,2.269264728855734E-16,4.423541286251086E-41,3.8642225870161134E-8
5.0000000000000004E-8,5.0000000000000004E-8,0.03442241128234236,5.5E-8,-7.080403846963188E-7,-9.000327522181571E-6,0.9997076791864539,-0.15529436621020487,69847.03344640738,71145.31796190007,293.16660089899017,0.4998691773818787,1.449502102924803E-5,2.6153431578793717E-8,1.0492862581770599E-4,-2.5066390492156642E-8,-0.09235212447470076,-5.768057150135064E-6,0.999707681035979,-0.15529249045190896,69847.03315168024,71145.31766641,293.16660079394796,0.499869178209827,1.4495021056259063E-5,2.6153431432890598E-8,1.04927358413452E-4,-2.5065944271318586E-8,-0.09235046791650348,-5.76768960058871E-6,0.999707682474212,-0.15529076561362823,69847.03292247668,71145.3174366325,293.16660071226454,0.49986917885367643,1.4495021077263464E-5,2.6153431319430535E-8,1.0492619298218124E-4,-2.5065553614922465E-8,-0.0923491604105493,-5.76768960058871E-6,0.9997076796985306,-0.1552931621637658,69847.03336418532,71145.31788009038,293.166600869909,0.49986917761112637,1.4495021036726554E-5,2.6153431538398716E-8,1.0492781227281472E-4,-2.506616510800086E-8,-0.09235104222125301,-5.768070280964821E-6,0.9997076837452017,-0.1552913501123534,69847.03272106704,71145.31723356583,293.1666006400744,0.49986917942260306,1.4495021095825385E-5,2.615343121916894E-8,1.049265879137523E-4,-2.5065526756407055E-8,-0.09234915477190953,-5.767728964656271E-6,1.1602527259303318E-12,4.786939772410679E-8,7.128484902336723E-9,9.563229215998543E-13,1.6082089311711048E-15,1.8784977780870695E-39,1.4732726796967064E-8
7.500000000000001E-8,7.500000000000001E-8,0.05163361692351354,5.5E-8,-1.088929977712301E-5,-1.3065270401770937E-4,0.9993853508221047,-0.21916211870144522,69898.20607245645,71196.83808503568,293.1849108961935,0.4997248567579399,1.4490313630746013E-5,2.617887503551565E-8,1.4808251263611163E-4,-4.5150048464392966E-8,-0.1666524867332555,-1.0296532479969756E-5,0.9993853543396576,-0.21916198689674005,69898.20551338213,71196.83752256374,293.1849106963512,0.49972485833332375,1.4490313682117789E-5,2.617887475767529E-8,1.4808242357887842E-4,-4.514972346214563E-8,-0.16665127977830707,-1.0296637498186101E-5,0.9993853597349637,-0.21915908795705882,69898.20465273013,71196.8366598493,293.1849103898428,0.4997248607497915,1.4490313760913039E-5,2.617887433151438E-8,1.4808046483585056E-4,-4.5148450311671695E-8,-0.16664627962995837,-1.02962568462317E-5,0.9993853519332833,-0.2191625585351621,69898.20589581731,71196.83790735237,293.1849108330636,0.4997248572555897,1.4490313646974117E-5,2.617887494774779E-8,1.4808280982105547E-4,-4.514998593663222E-8,-0.16665207634537182,-1.0296624367356344E-5,0.9993853609090999,-0.219158686353739,69898.20446667154,71196.83647209551,293.1849103231341,0.499724861275618,1.4490313778060604E-5,2.6178874238772743E-8,1.4808019348225607E-4,-4.514850573400508E-8,-0.16664643785225053,-1.0296204322912672E-5,2.30939341034699E-12,4.7873729908669145E-8,7.121822553873459E-9,2.1326771576224408E-12,4.825653339952427E-15,4.2872184577790146E-38,-1.1658837974887847E-8
1.0000000000000001E-7,1.0000000000000001E-7,0.06884482256468472,5.5E-8,-1.1550965470667511E-4,-0.0013133467113077089,0.9989524166741826,-0.2839626312779526,69967.04189432025,71266.10574449087,293.20951172991454,0.49953089615707646,1.4483990854955946E-5,2.6213100259338132E-8,1.918666427553734E-4,-8.159629331316865E-8,-0.3017865841507046,-1.8415727112142122E-5,0.9989524191063194,-0.28396406567123345,69967.04151122615,71266.10535511059,293.2095115916687,0.49953089724691796,1.4483990890476181E-5,2.6213100066912575E-8,1.918676119400226E-4,-8.159712066913017E-8,-0.301789683793686,-1.841598964347213E-5,0.9989524296025862,-0.2839610347621079,69967.03983830183,71266.10367481812,293.2095109951375,0.4995309019511451,1.4483991043769361E-5,2.6213099236423876E-8,1.9186556402845127E-4,-8.159534814922153E-8,-0.30178329993441366,-1.8415635196333824E-5,0.9989524136811747,-0.28396696276583316,69967.04237775801,71266.1062235814,293.2095118999852,0.4995308948153993,1.4483990811244421E-5,2.6213100496165156E-8,1.9186956943637376E-4,-8.159853919664784E-8,-0.3017948527567569,-1.8416304669699457E-5,0.9989524322969039,-0.28395963103537875,69967.03940738081,71266.1032435088,293.20951084201926,0.49953090315874554,1.448399108311864E-5,2.6213099023242623E-8,1.918646155644451E-4,-8.159449365052751E-8,-0.30178015819569737,-1.8415595832266263E-5,3.873631047917652E-12,4.787954897991315E-8,7.112880514974052E-9,3.681946004570857E-12,1.0593219686332227E-14,9.833388668997354E-37,-7.881528415893467E-8
1.2500000000000002E-7,1.2500000000000002E-7,0.0860560282058559,5.5E-8,-9.475544960896048E-4,-0.010240300425278124,0.9984091056771545,-0.34738233011175323,70053.51546297125,71353.14520939982,293.24039763701893,0.4992872988621284,1.4476056000622322E-5,2.625613387517993E-8,2.3471779061604947E-4,-1.2080802434866201E-7,-0.4481200283482849,-2.68578816360332E-5,0.998409109096831,-0.34737981280643304,70053.51491420974,71353.14466119562,293.2403974425917,0.4992873003961793,1.4476056050565717E-5,2.6256133604024356E-8,2.347160897340764E-4,-1.208067247659983E-7,-0.4481149856803768,-2.685754031972465E-5,0.9984091230404515,-0.3473788048807735,70053.51269324837,71353.14242580153,293.24039664974515,0.4992873066505691,1.4476056254208274E-5,2.6256132498419355E-8,2.3471540870322535E-4,-1.2080575530148964E-7,-0.4481111294983293,-2.685744846075977E-5,0.9984090965144985,-0.34738525094936823,70053.51692867694,71353.14667827827,293.2403981579852,0.4992872947519426,1.447605586680436E-5,2.625613460170889E-8,2.3471976415497854E-4,-1.208104715999525E-7,-0.44812887363082154,-2.6858524847739318E-5,0.998409133055586,-0.3473717962036577,70053.51108484674,71353.14082030214,293.2403960803371,0.49928731114340563,1.4476056400476447E-5,2.625613170428531E-8,2.3471067311057954E-4,-1.2080146348125708E-7,-0.4480950910892716,-2.685651642764242E-5,5.790693990697897E-12,4.788685277948441E-8,7.101669302189225E-9,5.662752964058563E-12,1.968187530175995E-14,2.073376711553771E-35,-8.708175108928492E-8
1.5000000000000002E-7,1.5000000000000002E-7,0.10326723384702707,5.5E-8,-0.0063857725004265046,-0.06572606548656268,0.9977581377125089,-0.40909187758253035,70157.29931490634,71457.59555615803,293.2774225315349,0.4989951574858834,1.4466548734910407E-5,2.630781614022E-8,2.76413430799007E-4,-1.7093804515866396E-7,-0.6360228883997934,-3.7399334956944585E-5,0.9977581503546908,-0.4090836697152787,70157.29727713444,71457.59352607613,293.27742181238244,0.4989951631632275,1.4466548919548445E-5,2.630781513519169E-8,2.764078849427559E-4,-1.7093152592906336E-7,-0.6359985944654909,-3.739819291581625E-5,0.9977581658896847,-0.4090828754059136,70157.2948009004,71457.59103127256,293.2774209285449,0.4989951701385008,1.4466549146435713E-5,2.6307813900243064E-8,2.7640734824723893E-4,-1.7093098009013375E-7,-0.6359967607306771,-3.7398101028429664E-5,0.9977581330450269,-0.4090838386711385,70157.30003757526,71457.59630587068,293.2774227971809,0.49899515539107414,1.4466548666742272E-5,2.630781651121704E-8,2.7640799910212064E-4,-1.7093245588739591E-7,-0.636001974820374,-3.7398521101295046E-5,0.9977581819797815,-0.4090825767239238,70157.2922323306,71457.58844734995,293.2774200131437,0.4989951773631745,1.4466549381430219E-5,2.630781262115894E-8,2.764071464350836E-4,-1.7092938733753727E-7,-0.6359909812076694,-3.739764159149672E-5,8.020130827879198E-12,4.789560503913051E-8,7.088252208480219E-9,8.080635918874683E-12,3.2711240432499357E-14,3.5686366383618167E-34,-1.6862549248395924E-7
1.7500000000000002E-7,1.7500000000000002E-7,0.12047843948819825,5.5E-8,-0.03664956999229808,-0.3595882754923664,0.9970035811576154,-0.4677611873336917,70277.80242018675,71578.89150199635,293.32036522567114,0.49865615316831347,1.4455528410899986E-5,2.6367888866901646E-8,3.160548563065485E-4,-2.235718112331142E-7,-0.8349617147537174,-4.7962001247014996E-5,0.997003605477669,-0.46775569628807595,70277.79851676975,71578.88758874123,293.3203638412135,0.4986561641018966,1.4455528766098103E-5,2.636788692778912E-8,3.1605114614059184E-4,-2.2356583585292355E-7,-0.834939562271984,-4.796036040488616E-5,0.9970036205110593,-0.4677570171854,70277.79612044165,71578.88516965105,293.3203629853355,0.4986561708597451,1.4455528985663046E-5,2.636788572916296E-8,3.160520386387838E-4,-2.235667419370202E-7,-0.834942549432526,-4.796057041289714E-5,0.9970035863088765,-0.4677575146710596,70277.80157955941,71578.8906732206,293.32036493249126,0.4986561554847447,1.4455528486134969E-5,2.6367888456151653E-8,3.1605237477774295E-4,-2.2356683700763825E-7,-0.8349430871942332,-4.796066230028373E-5,0.9970036245282005,-0.46777135700360184,70277.79552800639,71578.88452290972,293.3203627564161,0.498656172663586,1.4455529044333913E-5,2.636788540896079E-8,3.1606172770513635E-4,-2.2357957774943315E-7,-0.834991571368846,-4.796309079324601E-5,1.0469905705564091E-11,4.7905752165153544E-8,7.072721118753709E-9,1.0995556342711344E-11,5.020579778519651E-14,5.538933892678318E-33,-2.0087721259038E-7
2.0000000000000002E-7,2.0000000000000002E-7,0.13768964512936943,5.5E-8,-0.1831889220295347,-1.7127735422496404,0.996150744868765,-0.5232947343652239,70414.28758032862,71716.27653208593,293.3689346771445,0.49827250851051785,1.4443072492325928E-5,2.643600169058333E-8,3.535775232197459E-4,-2.821709536249273E-7,-1.05789024944238,-5.9297379721101606E-5,0.9961507735239401,-0.5232952078761509,70414.28299807919,71716.27191072838,293.36893304458187,0.4982725214092625,1.4443072910846821E-5,2.643599939815981E-8,3.535778431595614E-4,-2.821711630929258E-7,-1.0578915988223798,-5.929749789856942E-5,0.9961507948782449,-0.5232867617439151,70414.27955350709,71716.26846702096,293.3689318281037,0.4982725310228394,1.4443073222735482E-5,2.6435997689755342E-8,3.5357213631345615E-4,-2.8216347843112997E-7,-1.0578625957093664,-5.929636895984913E-5,0.996150749481495,-0.5232991415745494,70414.28686158895,71716.27578804918,293.36893441426355,0.49827251058616334,1.444307255969676E-5,2.6436001321593756E-8,3.535805010638847E-4,-2.82175664949591E-7,-1.0579094683578205,-5.929803606363748E-5,0.9961507762174416,-0.5232990330092995,70414.282592077,71716.271476159,293.3689328910104,0.49827252262065186,1.4443072950186496E-5,2.6435999182727144E-8,3.535804277089861E-4,-2.8217792845453006E-7,-1.057916616801549,-5.929915187152801E-5,1.3081057823857714E-11,4.791722349888082E-8,7.055194290820768E-9,1.4414025700371247E-11,7.25329882936072E-14,8.233783872494632E-32,-2.6534156163111987E-7
2.2500000000000002E-7,2.2500000000000002E-7,0.1549008507705406,5.5E-8,-0.8084722512298121,-7.189758469973029,0.9952035190831221,-0.577418396942859,70566.18682831657,71869.22927998393,293.42292153491326,0.49784579944022367,1.4429237718709101E-5,2.6511922421226442E-8,3.9014756550193177E-4,-3.381835217908247E-7,-1.253753502071504,-7.748841446186816E-5,0.9952035576522824,-0.5774066800969265,70566.18059995242,71869.2230445225,293.42291933594265,0.49784581682939977,1.442923828203957E-5,2.651191932403014E-8,3.9013964871413955E-4,-3.381718690320668E-7,-1.253709678461064,-7.748565786869221E-5,0.9952035801836059,-0.5774132430666287,70566.17700343182,71869.21940159987,293.4229180511566,0.49784582698605234,1.442923861112576E-5,2.651191751478979E-8,3.901440831531275E-4,-3.3817627766552503E-7,-1.253726333537088,-7.748628794956858E-5,0.9952035229918521,-0.5774149995205099,70566.18619025785,71869.2286480994,293.4229213120894,0.4978458012027278,1.4429237775798939E-5,2.651192210733636E-8,3.9014526994629047E-4,-3.381808055280544E-7,-1.2537421673991958,-7.748804694074352E-5,0.9952035796246538,-0.5773804752740815,70566.17697483383,71869.2194927999,293.4229180835727,0.49784582673904293,1.4429238602962084E-5,2.6511917559452142E-8,3.901219427527578E-4,-3.381444297190228E-7,-1.2536072734565096,-7.747944886205005E-5,1.5895844010962376E-11,4.7929967646848475E-8,7.035761761079881E-9,1.825885656154706E-11,1.000595421415904E-13,1.1246207453656414E-30,-2.878537636314221E-7
2.5000000000000004E-7,2.5000000000000004E-7,0.1721120564117118,5.5E-8,-3.174375282095882,-26.748851935922904,0.9941630751677841,-0.6316086572811295,70733.53748131305,72037.67446604221,293.4822717718076,0.49737636093305887,1.4414041112732154E-5,2.6595642975883553E-8,4.2676260627103345E-4,-4.0919894772173393E-7,-1.5343292908846706,-8.743806989741643E-5,0.9941631569814877,-0.6315701995571354,70733.52415386295,72037.66120352533,293.48226710350735,0.49737639788327576,1.4414042307707682E-5,2.6595636378806407E-8,4.267366213223888E-4,-4.0915262076168803E-7,-1.5341561128532248,-8.742814600282145E-5,0.9941631327923279,-0.6316178005520093,70733.52825171279,72037.66512363001,293.48226848301437,0.4973763869518955,1.4414041954399164E-5,2.6595638329606294E-8,4.267687841567631E-4,-4.092088417451123E-7,-1.5343658618667178,-8.744073463162749E-5,0.9941630962359322,-0.6315920934807842,70733.53402092746,72037.6710509696,293.482270569791,0.49737637044948557,1.441404142045476E-5,2.659564127698957E-8,4.267514145140433E-4,-4.0917912514260024E-7,-1.5342561033821767,-8.743355425622212E-5,0.9941631896210321,-0.6315829017476162,70733.5189313006,72037.65591178453,293.48226524065404,0.49737641262057447,1.4414042784442513E-5,2.6595633747085204E-8,4.2674520388352445E-4,-4.0915962927101647E-7,-1.5341821071026516,-8.74296949575637E-5,1.8979421793207216E-11,4.794396916019633E-8,7.014458183364646E-9,2.2440598522500752E-11,1.3323726167048116E-13,1.4218193064927793E-29,-3.527065753369798E-7
2.75E-7,2.75E-7,0.18932326205288297,5.5E-8,-11.121676914918396,-88.25146098866314,0.9930297178711214,-0.6853990976356008,70916.307599324,72221.68829242357,293.5469825390437,0.49686412478020353,1.4397487031430284E-5,2.668723291759455E-8,4.6310749840243297E-4,-4.789400753679729E-7,-1.7918682589011041,-1.0501699952669696E-4,0.9930298185762785,-0.6854142840987881,70916.29138871632,72221.67191695856,293.5469767860806,0.4968641703336157,1.4397488502371488E-5,2.6687224761148384E-8,4.631177595262082E-4,-4.789487034884132E-7,-1.7918995669613196,-1.0501894229264508E-4,0.9930297611393049,-0.6854069126087529,70916.30066734535,72221.68125643898,293.54698006712,0.49686414435095017,1.439748766342322E-5,2.6687229413221042E-8,4.631127787896979E-4,-4.789525918624805E-7,-1.7919148851090085,-1.0501940172957802E-4,0.9930297377750865,-0.6854162814782462,70916.30444977304,72221.68505549071,293.54698140174025,0.49686413378133953,1.4397487322155734E-5,2.6687231305609537E-8,4.631191091069231E-4,-4.789565826968101E-7,-1.7919292453325397,-1.0502081943286612E-4,0.9930298399754502,-0.685416049777351,70916.28797594908,72221.66843705949,293.5469755634685,0.49686418001208393,1.4397488814936586E-5,2.6687223028019024E-8,4.631189525522642E-4,-4.789590505538399E-7,-1.7919383204725818,-1.0502101633846905E-4,2.230031519276396E-11,4.795922591315146E-8,6.991300636758482E-9,2.6977807055167193E-11,1.7256204926092278E-13,1.7084046631219765E-28,-4.13923506538651E-7
3.0000000000000004E-7,3.0000000000000004E-7,0.20653446769405415,5.5E-8,-34.75180266936421,-257.3008147034795,0.9918056251418998,-0.7370668378397532,71114.35075564179,72421.05203188406,293.6169446134869,0.4963098500365942,1.4379607184308706E-5,2.6786618362895865E-8,4.98018133675509E-4,-5.566432753312256E-7,-2.096645618681123,-1.1755843382843523E-4,0.9918056094883612,-0.7371867853591351,71114.35391552719,72421.0545810558,293.61694550575515,0.4963098429158313,1.4379606955659288E-5,2.678661963808025E-8,4.980991792967129E-4,-5.568110542242266E-7,-2.09727714346991,-1.1759407323097548E-4,0.9918056385167344,-0.7370932898830589,71114.3487234717,72421.04984910759,293.61694384803405,0.49630985609300354,1.4379607379672103E-5,2.6786617274595747E-8,4.980360066777424E-4,-5.566786518329536E-7,-2.0967784435513295,-1.1756641495708209E-4,0.991805575943149,-0.7371301640350526,71114.35905710998,72421.06005533157,293.6169474253668,0.4963098277240057,1.4379606465671343E-5,2.6786622367711685E-8,4.980609216453058E-4,-5.567343293932936E-7,-2.0969890480323556,-1.1757786157318151E-4,0.991805698967352,-0.7371062600417178,71114.33902762973,72421.03998714859,293.61694039075593,0.496309883487614,1.4379608262662527E-5,2.6786612354814937E-8,4.980447702984579E-4,-5.567013913321261E-7,-2.0968641928777743,-1.1757114063470908E-4,2.5727788780981245E-11,4.7975709823820236E-8,6.9663452427639425E-9,3.19716282244338E-11,2.183843054040761E-13,1.939124102181771E-27,-4.933110000752707E-7
3.25E-7,3.25E-7,0.2237456733352253,5.5E-8,-96.54485435172742,-658.3533108845961,0.9904938193147543,-0.7873022898833034,71327.26061741814,72635.41622114381,293.6920014871911,0.49571467053415785,1.4360445609297588E-5,2.6893662063210463E-8,5.319610066779078E-4,-6.332590399438232E-7,-2.388686614119024,-1.3393192458011072E-4,0.9904936939905703,-0.7873132203887728,71327.28115228833,72635.43673485197,293.69200866109617,0.49571461360790686,1.4360443778657688E-5,2.689367231663238E-8,5.319683921545762E-4,-6.333087112864177E-7,-2.3888748416361523,-1.3394230794006035E-4,0.9904937946228181,-0.7873207564334114,71327.26475605957,72635.42026219706,293.69200290020274,0.4957146593144593,1.4360445248616481E-5,2.689366408355853E-8,5.319734840766293E-4,-6.332934704289528E-7,-2.3888171182995848,-1.3393848800546948E-4,0.9904936895430205,-0.787333714138189,71327.28191553963,72635.43746260571,293.692008915528,0.4957146115862447,1.4360443713691216E-5,2.689367268057364E-8,5.319822392825601E-4,-6.333197138985724E-7,-2.3889162680868594,-1.3394436885505456E-4,0.9904938544090187,-0.787308605316219,71327.2549883623,72635.41047588279,293.6919994777409,0.4957146864700673,1.4360446121927552E-5,2.6893659192195676E-8,5.319652738623101E-4,-6.332774961492759E-7,-2.3887560363298235,-1.3393561323482572E-4,2.927305937186577E-11,4.799338087576112E-8,6.939667635375243E-9,3.73787799800833E-11,2.709405059956674E-13,2.0381226656629974E-26,-5.219819217250328E-7
3.5000000000000004E-7,3.5000000000000004E-7,0.2409568789763965,5.5E-8,-237.28457928553073,-1463.609425634122,0.9890946123333444,-0.8386027130463606,71555.1955808468,72864.88054892613,293.77215204822363,0.4950784771370965,1.4340006747820481E-5,2.700845370782814E-8,5.666234547610545E-4,-7.191798994199416E-7,-2.7272455941758835,-1.480867278473852E-4,0.989094662991391,-0.8383872390914991,71555.18604830127,72864.87223473754,293.7721491504277,0.49507850024770594,1.4340007487819836E-5,2.7008449537903575E-8,5.664778642510129E-4,-7.188416498138395E-7,-2.7259595117259323,-1.48018927660587E-4,0.9890946645052034,-0.8384964021730468,71555.18648460098,72864.87198124196,293.7721490605375,0.49507850090872874,1.4340007509931865E-5,2.7008449414636564E-8,5.665516230898965E-4,-7.190226098430231E-7,-2.726647283309376,-1.4805561718844729E-4,0.9890945503258861,-0.8384936447871901,71555.20507628318,72864.89074102066,293.77215560516686,0.49507844893796715,1.434000584203596E-5,2.700845880794057E-8,5.665497599913447E-4,-7.190182888905383E-7,-2.726631834358159,-1.4805438325993237E-4,0.9890947425133703,-0.8384869116772957,71555.17369979211,72864.85916500408,293.77214458957826,0.4950785364189425,1.4340008649451025E-5,2.7008442996906786E-8,5.665452105927674E-4,-7.190035479709423E-7,-2.7265744223677757,-1.4805146909679934E-4,3.310772611234014E-11,4.801223383892858E-8,6.911290495878891E-9,4.300579090763462E-11,3.3063969817240923E-13,1.9959450449107149E-25,-5.728813525042864E-7
3.75E-7,3.75E-7,0.2581680846175677,5.5E-8,-512.7656310711392,-2789.964332862051,0.9876057433203614,-0.8914992706879086,71798.6599139246,73109.97968348577,293.8575441443029,0.49439997246197637,1.431825744872122E-5,2.7131304259210052E-8,6.023643720864247E-4,-8.111161398005606E-7,-3.085985985624802,-1.6523006911484117E-4,0.9876060470755125,-0.8914149868422042,71798.60944190378,73109.92958582519,293.8575267149572,0.49440011108007287,1.4318261886031753E-5,2.7131279119988768E-8,6.023074235420298E-4,-8.109111716692041E-7,-3.085204283601115,-1.6518822070565875E-4,0.9876059747398453,-0.8913944663979655,71798.62126694877,73109.94151733127,293.85753086642865,0.4944000780777082,1.4318260829339522E-5,2.713128510623488E-8,6.022935583770038E-4,-8.109090020980148E-7,-3.0851948260376503,-1.6518853573188608E-4,0.9876058534176912,-0.8914052669212338,71798.6411775887,73109.96152846498,293.8575378289802,0.4944000227227422,1.4318259057043875E-5,2.7131295146572108E-8,6.023008560278606E-4,-8.109250937593515E-7,-3.085257027668831,-1.6519152867999765E-4,0.987606052689009,-0.8914040248118416,71798.60856888253,73109.9286595754,293.8575263925775,0.494400113639278,1.4318261968034619E-5,2.713127865552164E-8,6.023000167647578E-4,-8.109235649556013E-7,-3.0852499843356327,-1.6519162053896252E-4,3.730567862232584E-11,4.8032301367227954E-8,6.881181273458421E-9,4.8777844675702434E-11,3.9812997465233835E-13,1.855687120365779E-24,-6.492007444751853E-7
4.0000000000000003E-7,4.0000000000000003E-7,0.27537929025873886,5.5E-8,-967.8241942624638,-4483.855455593104,0.9860258397442582,-0.9444093459188639,72058.0722537525,73371.1184520958,293.9482763200202,0.4936782368588584,1.4295177524422181E-5,2.7262464697048756E-8,6.381144229181513E-4,-9.104672739113084E-7,-3.481698414011589,-1.8099473643928832E-4,0.9860260757488308,-0.9445736341496719,72058.03457623291,73371.07935421032,293.94826275217247,0.49367834475908345,1.429518097214006E-5,2.7262445044837447E-8,6.38225428479508E-4,-9.107532051189083E-7,-3.4828012591426614,-1.8104690255427158E-4,0.9860261064921274,-0.9444720313352831,72058.02877070435,73371.0742673271,293.94826098880696,0.49367835885093986,1.4295181421261026E-5,2.726244248318281E-8,6.381567779292454E-4,-9.105559550448561E-7,-3.4820412515996395,-1.8101039674434105E-4,0.9860259298462875,-0.9445252042451031,72058.058153643,73371.10352330803,293.94827113879603,0.49367827804172304,1.429517884069437E-5,2.7262457194725476E-8,6.381927055710157E-4,-9.106503040356984E-7,-3.482405868958949,-1.810275929301497E-4,0.9860261192485112,-0.9445376421267593,72058.02711289778,73371.07215139139,293.94826025372663,0.4936783646677652,1.4295181607614399E-5,2.7262441421650627E-8,6.382011095451076E-4,-9.106707607031694E-7,-3.4824822183622928,-1.810320823381062E-4,4.174506723831904E-11,4.805360657631824E-8,6.849323040890867E-9,5.4810332542242496E-11,4.740244745416872E-13,1.6421640517702353E-23,-7.447006504544403E-7
4.2500000000000006E-7,4.2500000000000006E-7,0.29259049589991004,5.5E-8,-1586.2181025714617,-5950.443027643552,0.9843552286624913,-0.9968994318216918,72333.54677863873,73648.43503408381,294.0443510604328,0.4929131053676258,1.4270771604039194E-5,2.740205655261E-8,6.735806971768188E-4,-1.013092975483687E-6,-3.8911716374157095,-1.977586460384373E-4,0.9843552942038127,-0.9969384527308184,72333.53646072718,73648.42412683865,294.04434728619515,0.4929131354039018,1.4270772561548221E-5,2.74020510588407E-8,6.736070626559583E-4,-1.0132245216709634E-6,-3.8916724864491243,-1.97786619338558E-4,0.9843554006752147,-0.9969502707173378,72333.5188768642,73648.40641393948,294.0443411587657,0.4929131842313284,1.4270774117016236E-5,2.740204213271433E-8,6.73615047781985E-4,-1.0132194853440524E-6,-3.8916577799836887,-1.9778265502168324E-4,0.9843551668983213,-0.9969649444398148,72333.5576251058,73648.44530487302,294.04435461204184,0.49291307701687753,1.427077070170941E-5,2.7402061731850554E-8,6.736249624593343E-4,-1.0132642208304787E-6,-3.8918307006736086,-1.977919619662316E-4,0.9843553193890833,-0.996995480153765,72333.53269044768,73648.41993425344,294.0443458350323,0.49291314693826316,1.427077292948559E-5,2.7402048948117606E-8,6.7364559469849E-4,-1.0133242312804213E-6,-3.8920607906316036,-1.9780343484399054E-4,4.6350025016151433E-11,4.8076145696100626E-8,6.815740631118938E-9,6.116060040707906E-11,5.587539450910887E-13,1.3612330280231779E-22,-8.053347633110794E-7
4.5000000000000003E-7,4.5000000000000003E-7,0.3098017015410812,5.5E-8,-2251.985694988249,-6378.141300190624,0.9825942087832045,-1.0494623719264866,72625.25500684943,73942.08369963308,294.14577348182394,0.4921043810212178,1.4245043892599792E-5,2.7550213659772687E-8,7.090961972476261E-4,-1.121969377493315E-6,-4.332557535623209,-2.1340397711355763E-4,0.9825942759123231,-1.0494179393943117,72625.24346836608,73942.0724825645,294.145769614482,0.49210441190735754,1.4245044873346716E-5,2.755020799152646E-8,7.090661752664269E-4,-1.1218659813039266E-6,-4.332145161162771,-2.1338944569038176E-4,0.9825943442272711,-1.0494528860449603,72625.23247777103,73942.06106224198,294.14576567549096,0.4921044433098082,1.4245045871417101E-5,2.755020222449078E-8,7.090897878682164E-4,-1.1219521593375248E-6,-4.332482322289707,-2.1340421341164983E-4,0.9825942006727676,-1.0493340684447228,72625.25539213698,73942.08506175132,294.14577395355855,0.4921043773291181,1.4245043774109261E-5,2.755021434279634E-8,7.090095057058937E-4,-1.1217239270422397E-6,-4.331591694374538,-2.13365055998338E-4,0.9825943512198894,-1.049306948610019,72625.23026984071,73942.0599007093,294.1457652771408,0.49210444656677227,1.4245045973580076E-5,2.7550201632236873E-8,7.089911814932561E-4,-1.121682760611975E-6,-4.331426449518176,-2.1335955588597244E-4,5.116827089704337E-11,4.809991281737587E-8,6.7804625576657155E-9,6.775533577100366E-11,6.527227477727543E-13,1.053017451528988E-21,-8.781007554535509E-7
4.7500000000000006E-7,4.7500000000000006E-7,0.3270129071822524,5.5E-8,-2787.837664826315,-5495.561449337821,0.9807424286378306,-1.1023644863030986,72933.46309082181,74252.33974736261,294.2525874286348,0.4912515494021049,1.421798908556891E-5,2.7707135324852287E-8,7.448408691237152E-4,-1.2361372542102346E-6,-4.798575359755432,-2.293949120257821E-4,0.9807424875791286,-1.1024175426736704,72933.45365496364,74252.32984525271,294.25258402435946,0.49125157657165425,1.4217989946728615E-5,2.7707130312289182E-8,7.448767180227503E-4,-1.236234195829411E-6,-4.798961438707238,-2.2940876084476258E-4,0.9807425225207678,-1.1024208979723347,72933.44786681494,74252.3239763415,294.2525820070646,0.4912515926855387,1.4217990457242498E-5,2.7707127340409712E-8,7.448789851164423E-4,-1.2362441887603382E-6,-4.798994673078141,-2.294127120308076E-4,0.9807425269589698,-1.102364249802031,72933.4465116528,74252.32323524199,294.25258175365144,0.49125159475713776,1.4217990522087869E-5,2.770712696178768E-8,7.448407093256966E-4,-1.2360834864466597E-6,-4.798374573443425,-2.2938115509418822E-4,0.9807428056085026,-1.1022424549890057,72933.39908061939,74252.27644147386,294.2525656721696,0.4912517233126347,1.4217994593291789E-5,2.7707103259517132E-8,7.44758415533112E-4,-1.2358256969946525E-6,-4.797358284856045,-2.293394510672897E-4,5.6247520862800634E-11,4.812491544093646E-8,6.743498537655678E-9,7.452942908052203E-11,7.564310399973222E-13,7.698448579679718E-21,-9.570984881029805E-7
5.000000000000001E-7,5.000000000000001E-7,0.3442241128234236,5.5E-8,-3086.4824111904177,-4178.13640819327,0.9787991637622308,-1.1557689103105662,73258.53131013332,74579.55548536133,294.36485962486944,0.49035390133758056,1.4189596416291448E-5,2.7873065056663326E-8,7.809249393990312E-4,-1.3572014739793304E-6,-5.299664285299059,-2.4441384286433276E-4,0.9787992269554544,-1.155714658629225,73258.52039026459,74579.54481948755,294.36485597225965,0.49035393058523524,1.4189597339617078E-5,2.7873059639182897E-8,7.808882828575846E-4,-1.357117483564707E-6,-5.299323985660067,-2.4440416834181633E-4,0.9787992197836118,-1.1557593491367342,73258.52195304957,74579.54602774102,294.3648563853559,0.490353927253301,1.4189597234827637E-5,2.7873060254594685E-8,7.80918479146442E-4,-1.3572095329550393E-6,-5.299688312004491,-2.4441851601864073E-4,0.9787991186920786,-1.1559378218530183,73258.54037179741,74579.5630837274,294.36486222432836,0.4903538804287631,1.4189595757762476E-5,2.7873068922721597E-8,7.81039068819607E-4,-1.3575831968637432E-6,-5.301189137069059,-2.444681748841049E-4,0.9787995924592332,-1.1558311710098088,73258.4600054897,74579.48311064579,294.364834833888,0.49035409964654775,1.4189602680042568E-5,2.7873028309790624E-8,7.8096700743906E-4,-1.3573183861126381E-6,-5.300148874841398,-2.444217452080011E-4,6.15836203429291E-11,4.8151166609953354E-8,6.704851188845369E-9,8.14706021874504E-11,8.704284392603327E-13,5.338839981011719E-20,-1.0463668773652322E-6
5.250000000000001E-7,5.250000000000001E-7,0.36143531846459476,5.5E-8,-3217.714227089701,-3781.3981958992226,0.9767640891693712,-1.2090612171438062,73600.74847293687,74924.03140951012,294.4826352466591,0.48941088900273805,1.4159860941405894E-5,2.8048225643383684E-8,8.169332548268961E-4,-1.4830798164666704E-6,-5.826161169870829,-2.5890893351743216E-4,0.976764281664472,-1.208962142987036,73600.71504425857,74923.9987451571,294.48262410106474,0.48941097838153874,1.4159863754115874E-5,2.8048209005696566E-8,8.168663128290785E-4,-1.4828232067998216E-6,-5.825132830851999,-2.58872060186377E-4,0.9767642713499561,-1.2089235772778708,73600.71652042455,74924.00049749145,294.4826246996326,0.489410973603968,1.4159863603402225E-5,2.8048209896665112E-8,8.168402549174802E-4,-1.4827600479350168E-6,-5.82487080915962,-2.588669275951361E-4,0.9767638782882907,-1.2090887734701616,73600.78441599027,74924.06719814941,294.48264745967225,0.48941079111146046,1.4159857860043802E-5,2.8048243869096642E-8,8.169518739663254E-4,-1.483198562226562E-6,-5.826604814738857,-2.5894007038118616E-4,0.9767643889658421,-1.2091510436271842,73600.69891463824,74923.9805201778,294.4826178771726,0.48941102810726433,1.4159865321983213E-5,2.8048199735881493E-8,8.16993948396746E-4,-1.4833123188395804E-6,-5.827081022721359,-2.589458987358739E-4,6.710121292854751E-11,4.817867107446549E-8,6.6645366968801E-9,8.863274975081643E-11,9.951951383247767E-13,3.464271247492178E-19,-1.146736187221231E-6
5.5E-7,5.5E-7,0.37864652410576594,5.5E-8,-3350.5785173034355,-4470.016272292338,0.9746379513121247,-1.2615918254807328,73960.24432733747,75285.90012410689,294.6058986712709,0.48842244051303163,1.4128793360663581E-5,2.8232759875571113E-8,8.524269091086033E-4,-1.6125473969452742E-6,-6.3758579929246935,-2.7172070221581635E-4,0.9746381940088411,-1.2616313591389237,73960.20354396966,75285.85869907988,294.6058845866883,0.4884225535204487,1.4128796907089469E-5,2.8232738721553448E-8,8.524536210398133E-4,-1.6126159735563307E-6,-6.376165302960771,-2.7171596342157045E-4,0.974638284554155,-1.261550695193957,73960.18735649865,75285.84325071189,294.60587933621514,0.48842259571739266,1.4128798230192037E-5,2.823273082774848E-8,8.523991183742953E-4,-1.612402527513268E-6,-6.375301460803257,-2.716881082420741E-4,0.9746378316875395,-1.2614564627686868,73960.26322576658,75285.92055046053,294.6059056187491,0.4884223848568915,1.4128791612641476E-5,2.8232770300268175E-8,8.523354478166803E-4,-1.6122165116883024E-6,-6.374494868108513,-2.716888695886155E-4,0.9746381296309964,-1.26164293415933,73960.2146543314,75285.86968512401,294.6058883212783,0.48842252353070653,1.4128795966362255E-5,2.823274433349909E-8,8.524614419995473E-4,-1.6126837914498537E-6,-6.376378310229256,-2.717510908780696E-4,7.273429680653632E-11,4.8207420116297416E-8,6.622591826492879E-9,9.605475118943302E-11,1.1310816294299203E-12,2.084351350890666E-18,-1.2350090900633589E-6
5.75E-7,5.75E-7,0.39585772974693706,5.5E-8,-3541.4207797839827,-4862.242081005227,0.972421463444469,-1.3140378115388962,74337.17017595758,75665.31106129191,294.73463711244545,0.48738845173333895,1.409640387797772E-5,2.8426824153996854E-8,8.878633861749298E-4,-1.7462805887191735E-6,-6.95139514450625,-2.831423109910247E-4,0.9724216485824162,-1.3140681779281511,74337.13906516606,75665.27927421345,294.7346263470884,0.487388538233557,1.409640658346566E-5,2.8426807872598898E-8,8.878839040055075E-4,-1.746385216847557E-6,-6.9518151905406285,-2.831571312071901E-4,0.9724217500971789,-1.314134224232124,74337.12237078814,75665.26184260637,294.7346204428171,0.4873885856515501,1.4096408066937148E-5,2.8426798945730525E-8,8.879285298865702E-4,-1.7465221442591883E-6,-6.952411917881818,-2.8315678991930326E-4,0.9724215453247801,-1.3139368660537423,74337.15509218539,75665.29701213275,294.73463235720516,0.48738849004051854,1.4096405074526756E-5,2.8426816950913374E-8,8.87795179766042E-4,-1.7459903098426822E-6,-6.9502472044709975,-2.830914969393916E-4,0.972421659940314,-1.3139670263577188,74337.13604481534,75665.27733140002,294.7346256913762,0.48738854358040584,1.4096406749444592E-5,2.8426806871909092E-8,8.8781555834981E-4,-1.7461240946659018E-6,-6.950721933130808,-2.831372308946811E-4,7.85406652652376E-11,4.8237406492991354E-8,6.5790517913948505E-9,1.0365050116033528E-10,1.2784350754838447E-12,1.1684630453718951E-17,-1.310953238377373E-6
6.000000000000001E-7,6.000000000000001E-7,0.4130689353881083,5.5E-8,-3677.8527238468946,-4105.740387754257,0.9701143654191955,-1.366883499056772,74731.86237619583,76062.59305796934,294.86889538410543,0.4863083454063063,1.406268846075845E-5,2.8630672320913164E-8,9.235699317951162E-4,-1.8861360697997042E-6,-7.56249399559897,-2.926757401695568E-4,0.9701145674054401,-1.3668330172708254,74731.82720387737,76062.55817332202,294.8688836204072,0.4863084401591506,1.4062691412624523E-5,2.8630654389986306E-8,9.235358224802874E-4,-1.886006725584366E-6,-7.561925406527735,-2.926760027008868E-4,0.9701145402019923,-1.3669195881235434,74731.8329163665,76062.56286497533,294.86888520048603,0.4863084273615974,1.4062691015066386E-5,2.8630656806603492E-8,9.235943162996915E-4,-1.8862649662310105E-6,-7.562984076440216,-2.927065226430159E-4,0.9701145364508601,-1.36688102686724,74731.8330370639,76062.5635171023,294.8688854216303,0.4863084256255756,1.4062690960247731E-5,2.8630657138486247E-8,9.235682613967838E-4,-1.8861139223247392E-6,-7.562457863753252,-2.926496177337867E-4,0.9701147824601277,-1.366697100540434,74731.78885507741,76062.52103813473,294.8688710997259,0.4863085410780528,1.4062694555476997E-5,2.8630635297289387E-8,9.234439868516446E-4,-1.8856345683104791E-6,-7.56041270059427,-2.926263175737631E-4,8.456704920181009E-11,4.826863498359834E-8,6.533935086424183E-9,1.1134725535925568E-10,1.4377083750675483E-12,6.116154982083454E-17,-1.4155614509837919E-6
6.25E-7,6.25E-7,0.4302801410292795,5.5E-8,-3685.492698242037,-3346.434021367683,0.9677165063733912,-1.4195151232208383,75144.63703571138,76478.07162689208,295.00871333387886,0.48518157312952964,1.4027644658964999E-5,2.8844563069836617E-8,9.591318400140799E-4,-2.0302855651266326E-6,-8.201902866943783,-3.0022452050104675E-4,0.9677167467040966,-1.4195191965882357,75144.59557359977,76478.02985288312,295.0086993060444,0.4851816862761396,1.4027648171411354E-5,2.8844541528045574E-8,9.591345922893485E-4,-2.0302746963807294E-6,-8.201878825860376,-3.0021325767393137E-4,0.9677167164362369,-1.4194374933414982,75144.59989821287,76478.03511938365,295.00870107628117,0.4851816720553242,1.402764772904628E-5,2.884454423972838E-8,9.590793873929042E-4,-2.0300781764603928E-6,-8.200979247223358,-3.0022916740790606E-4,0.9677165723108849,-1.4196391735925369,75144.62707297188,76478.06015655863,295.0087094792528,0.4851816041228189,1.4027645622642755E-5,2.8844557161905476E-8,9.592156578327952E-4,-2.0306163506234043E-6,-8.203318292531776,-3.002394326188096E-4,0.9677171221706815,-1.4194670312911084,75144.53017576922,76477.96459413324,295.0086773932757,0.48518186306788536,1.4027653658877032E-5,2.8844507872412837E-8,9.590993454669652E-4,-2.0300996833100273E-6,-8.201214911702436,-3.001673268130389E-4,9.074652510446984E-11,4.830110984394699E-8,6.487262089579725E-9,1.191879999483227E-10,1.609343893479085E-12,2.95240252380092E-16,-1.525496122956095E-6
6.5E-7,6.5E-7,0.4474913466704506,5.5E-8,-3666.024296628499,-3743.1165898004533,0.9652283708384735,-1.4717846375074453,75575.72185091487,76911.97663748845,295.15409492621365,0.4840078637967399,1.3991279294450635E-5,2.9068712570100893E-8,9.944490793969225E-4,-2.1780807941240712E-6,-8.868815344976156,-3.051213747227166E-4,0.9652285506991714,-1.4718517262921784,75575.6914809415,76911.94516304247,295.1540844022428,0.4840079487770446,1.3991281923286513E-5,2.9068696286498958E-8,9.944944096568773E-4,-2.178276990179029E-6,-8.869667080977024,-3.0512562781837005E-4,0.9652287179383874,-1.4717016086763501,75575.66055487111,76911.91591476864,295.15407462806957,0.484008027888267,1.3991284367651758E-5,2.9068681141197495E-8,9.943929788353717E-4,-2.17782535841593E-6,-8.86775428291594,-3.0509269254253013E-4,0.9652281983176014,-1.471939505559928,75575.75371904019,76912.00680941332,295.15410500905784,0.4840077821865248,1.3991276772888749E-5,2.90687281937676E-8,9.945537199729244E-4,-2.178548333233721E-6,-8.870753968801182,-3.0517300262999925E-4,0.9652289312502607,-1.4718986716519815,75575.6260367193,76911.87857702494,295.15406214059686,0.4840081286217372,1.3991287485406078E-5,2.906866183154325E-8,9.94526129494582E-4,-2.1784067605779002E-6,-8.870274133751991,-3.0510883857459703E-4,9.70419088129782E-11,4.8334827234659735E-8,6.439065627759286E-9,1.271811814877262E-10,1.7936913810668051E-12,1.2940009529586198E-15,-1.619307241114894E-6
6.750000000000001E-7,6.750000000000001E-7,0.46470255231162183,5.5E-8,-3719.057274018073,-4323.266563901879,0.9626503473848833,-1.5239653370188608,76025.2467900481,77364.56796182114,295.30505089998144,0.4827868828318327,1.3953597773119251E-5,2.9303359066881602E-8,0.0010297063087965277,-2.3216401281445087E-6,-9.434920097080294,-3.4669075628812607E-4,0.9626505402764544,-1.5238859347704712,76025.21227735402,77364.53398799796,295.3050395961077,0.48278697439934404,1.3953600592600358E-5,2.9303341416963007E-8,0.0010296526586286968,-2.3214536719251555E-6,-9.434108694926636,-3.466855186786688E-4,0.9626507902493451,-1.5239369189256997,76025.16899611919,77364.48995147033,295.30502494128325,0.4827870930155596,1.3953604246432414E-5,2.9303318546270444E-8,0.0010296871073822295,-2.321539587768484E-6,-9.434510808206824,-3.466734288366524E-4,0.962650101275611,-1.5238989699018317,76025.28926089786,77364.6113189399,295.30506532902893,0.48278676605523735,1.3953594175761632E-5,2.930338158382102E-8,0.0010296614661498863,-2.3215142088872653E-6,-9.434381549099498,-3.466861356429263E-4,0.9626507791087655,-1.5240037374054105,76025.1718439686,77364.49190678987,295.3050255898827,0.4827870876900391,1.3953604083589669E-5,2.9303319567412707E-8,0.0010297322550036558,-2.3217925335927705E-6,-9.435419078448376,-3.4676199571492816E-4,1.0345982916135129E-10,4.836978257750503E-8,6.389380599365568E-9,1.3528621162746723E-10,1.9910795508894823E-12,5.119775817209515E-15,-1.7196911613266956E-6
7.000000000000001E-7,7.000000000000001E-7,0.481913757952793,5.5E-8,-3773.9425668868794,-3881.4365349287527,0.9599827072653597,-1.5759257342436315,76493.83582117016,77836.1393776383,295.4615992623202,0.48151821843693327,1.391460377173074E-5,2.954876586039581E-8,0.001064814685299751,-2.4818312385832543E-6,-10.232261923977376,-3.2482345459072803E-4,0.9599831460468666,-1.5757175514124955,76493.75601773283,77836.06155648852,295.46157349478506,0.48151842764129593,1.3914610185805843E-5,2.9548725271205474E-8,0.001064674021224659,-2.481193938024262E-6,-10.22965617186992,-3.2472925629178917E-4,0.9599831501262514,-1.5759542120455001,76493.7581843775,77836.06081273252,295.46157324237805,0.4815184294786921,1.3914610245432905E-5,2.9548724898922636E-8,0.0010648339270577704,-2.4819087634853076E-6,-10.232560776637229,-3.248393643389136E-4,0.9599826821076307,-1.5757321947633431,76493.83778975433,77836.14385758157,295.46160075116734,0.48151820653788946,1.391460340398146E-5,2.954876818308043E-8,0.0010646839153806373,-2.481225415209565E-6,-10.229786311072303,-3.2473554405498817E-4,0.9599831551953768,-1.5758672311445656,76493.75639211899,77836.05992032085,295.4615729488327,0.4815184319309633,1.3914610319534685E-5,2.9548724428321295E-8,0.0010647751561787605,-2.4816675121996925E-6,-10.23165372691733,-3.247721154764349E-4,1.0999196488107155E-10,4.840597205322055E-8,6.338240057150436E-9,1.4347537208304839E-10,2.201836361702078E-12,1.8252346708686474E-14,-1.826617390646033E-6
7.25E-7,7.25E-7,0.4991249635939642,5.5E-8,-3749.111903164098,-3318.957172153993,0.9572258207765855,-1.6276705917702639,76981.42319859123,78326.9821911399,295.623754206851,0.4802014894353568,1.3874302399813074E-5,2.980520213770907E-8,0.0010997774268718,-2.6355728054738846E-6,-10.9056034841758,-3.45677127000954E-4,0.9572263722724145,-1.627742338581374,76981.32587096909,78326.8836404846,295.6237217288129,0.48020175338922994,1.3874310462108327E-5,2.9805150551300244E-8,0.0010998259044468744,-2.6356862321108568E-6,-10.906038282269265,-3.45700151484607E-4,0.9572261624603966,-1.627759596635629,76981.3637576199,78326.92112752385,295.62373408115434,0.48020165294013617,1.3874307394873507E-5,2.9805170178325875E-8,0.0010998375652943439,-2.635846807663711E-6,-10.906737771354301,-3.4571024603735623E-4,0.9572259664491538,-1.6276624118026395,76981.39694038492,78326.95616359127,295.6237456304431,0.48020155917590746,1.38743045293954E-5,2.9805188510698916E-8,0.0010997718998666482,-2.6354706457709653E-6,-10.905164621247877,-3.456677412998488E-4,0.9572263232552822,-1.6276640504383437,76981.33383312507,78326.89240405893,295.6237246182766,0.4802017299518212,1.387430974552993E-5,2.980515513523757E-8,0.001099773007052935,-2.63552014885704E-6,-10.905306922366208,-3.456991801016329E-4,1.1665098668399337E-10,4.8443395399764164E-8,6.2856747238824345E-9,1.516890253361445E-10,2.4263037247549643E-12,5.789811762011526E-14,-1.921136198094501E-6
7.5E-7,7.5E-7,0.5163361692351354,5.5E-8,-3712.289849687889,-3662.6525322804237,0.9543798256299391,-1.6794698352370983,77488.62294334116,78837.4430006225,295.7915437446768,0.47883618010725953,1.3832695350972803E-5,3.00729746079608E-8,0.0011347769157007421,-2.8005881705439607E-6,-11.724617670711496,-3.294701372453801E-4,0.9543800211796384,-1.679814847903542,77488.5926769258,78837.40776315535,295.791532181834,0.478836273963279,1.3832698209912693E-5,3.0072956109691276E-8,0.001135010032367258,-2.8017009927339134E-6,-11.729307525329887,-3.2958524660386956E-4,0.9543800712750313,-1.6794944623783128,77488.57954633751,78837.39877236643,295.7915292426998,0.47883629819568785,1.3832698942317117E-5,3.007295136191745E-8,0.0011347935556610222,-2.800706426597799E-6,-11.72509568877922,-3.294903788457759E-4,0.9543799157906195,-1.679545909452216,77488.60795843827,78837.42676100995,295.7915384179535,0.478836223417615,1.3832696669125218E-5,3.00729660773463E-8,0.0011348283171974433,-2.800852076489946E-6,-11.725742730647426,-3.294920984728833E-4,0.9543803561109827,-1.6794458590061871,77488.52801556753,78837.34749661977,295.7915124325389,0.4788364351699383,1.3832703106636024E-5,3.007292440498887E-8,0.001134760715544721,-2.8005364161742818E-6,-11.72443107520212,-3.2944860919315033E-4,1.2343319463617502E-10,4.848205323075847E-8,6.231712938595048E-9,1.598648322493886E-10,2.6648412857258843E-12,1.593224242522866E-13,-2.0298191080532634E-6
7.750000000000001E-7,7.750000000000001E-7,0.5335473748763065,5.5E-8,-3731.0263359204787,-4025.8841773648664,0.9514446732534905,-1.731276787369427,78015.63137803426,79367.91849338425,295.965008673606,0.47742166553981863,1.378978157801705E-5,3.0352424936318646E-8,0.0011697816130874508,-2.9639259474834033E-6,-12.491571935521506,-3.352399927649685E-4,0.9514445652838458,-1.7312922987359842,78015.65166288789,79367.93807657089,295.9650150586424,0.4774216133560027,1.3789779999369492E-5,3.035243527938037E-8,0.0011697920937405299,-2.9641373966171616E-6,-12.492429841730655,-3.3528230062529474E-4,0.9514450067447089,-1.7311503276406182,78015.56969200594,79367.85799830101,295.9649889471192,0.47742182668346494,1.3789786454062469E-5,3.0352392991094457E-8,0.001169696167324742,-2.963535120557026E-6,-12.489898406976863,-3.3520563980005136E-4,0.9514447263610784,-1.7312449385453246,78015.62150462373,79367.90885991312,295.9650055323617,0.47742169120259637,1.378978235451434E-5,3.0352419849076034E-8,0.0011697600936117058,-2.9638558112310422E-6,-12.491255145963805,-3.352416336213082E-4,0.9514453634271078,-1.731115967442545,78015.50494994271,79367.79328783994,295.9649678434563,0.4774219989888247,1.3789791669188868E-5,3.035235882654061E-8,0.0011696729509746925,-2.963416748542613E-6,-12.489350662801371,-3.3520993228819407E-4,1.303018921820588E-10,4.852194541556886E-8,6.176386186980957E-9,1.6795951311364911E-10,2.9177768120787747E-12,3.719232978961158E-13,-2.1325826272811784E-6
8.000000000000001E-7,8.000000000000001E-7,0.5507585805174777,5.5E-8,-3753.205753523623,-3747.2873356848027,0.9484206421805923,-1.782753843390058,78562.94424019646,79918.76232724293,296.1441711066355,0.47595745439060955,1.3745564797912679E-5,3.0643881969997155E-8,0.0012045634076959851,-3.1338552035720115E-6,-13.350825012922314,-3.181440000616931E-4,0.9484208516853027,-1.7823662377875442,78562.90072974264,79918.72404920771,296.1441587016934,0.47595755625915154,1.3745567861383567E-5,3.064386164313427E-8,0.001204301512018611,-3.132569631958404E-6,-13.345287448031286,-3.180402060394272E-4,0.9484211490437463,-1.7826755389858517,78562.85091450451,79918.6696396593,296.14414104431063,0.4759577004374291,1.3745572209471247E-5,3.0643832811899654E-8,0.0012045104993147647,-3.133537148016785E-6,-13.349448654098296,-3.181155410345582E-4,0.9484206408588289,-1.7828446321203093,78562.94553757623,79918.76256190945,296.14417118058657,0.47595745371312165,1.374556477858361E-5,3.064388209989982E-8,0.0012046247514326414,-3.134101542059398E-6,-13.351889651511101,-3.1816051364330633E-4,0.9484215426480664,-1.7826665270543525,78562.77935373518,79918.59765732409,296.1441176956664,0.475957891474686,1.3745577964911719E-5,3.064379463970598E-8,0.0012045044101718597,-3.1334977663277644E-6,-13.349296932636207,-3.181013115352016E-4,1.3724264579081786E-10,4.856306862903383E-8,6.119729925438587E-9,1.759158089056981E-10,3.1853964404846168E-12,7.346423525494905E-13,-2.2354916007153E-6
8.25E-7,8.25E-7,0.5679697861586489,5.5E-8,-3743.474034068829,-3618.958011260214,0.9453083431671472,-1.833845773539533,79130.7560049608,80490.2828945823,296.329034737149,0.47444319761421705,1.3700053567735104E-5,3.094766011992174E-8,0.001239084982121306,-3.3025871094594096E-6,-14.190366807545388,-3.1087463790413494E-4,0.9453090222987675,-1.833679510568737,79130.6286221414,80490.15769241762,296.3289943587815,0.47444352895161745,1.3700063499125843E-5,3.094759340157255E-8,0.0012389726422761735,-3.3018504193194076E-6,-14.187190323661525,-3.108011669183952E-4,0.945308876181862,-1.833894273941091,79130.65914435871,80490.18460900849,296.32900303308355,0.47444345755796374,1.3700061362356676E-5,3.0947607761239095E-8,0.0012391177526628993,-3.3027354045600534E-6,-14.191010205674502,-3.1088092566733394E-4,0.945308053371161,-1.8340920735517194,79130.81274158608,80490.33630452634,296.32905195724936,0.4744430561475686,1.3700049329852905E-5,3.0947688593549206E-8,0.001239251401048459,-3.3034505543128036E-6,-14.194118425349643,-3.1094000962639257E-4,0.9453091713524837,-1.8340162520738246,79130.60680671097,80490.13017197562,296.3289854705507,0.474443601463387,1.3700065678826843E-5,3.094757876848377E-8,0.0012392001703201518,-3.3031260640825623E-6,-14.19267677491598,-3.109185472283116E-4,1.4424683366058033E-10,4.860541989716929E-8,6.061780378493138E-9,1.837002472191164E-10,3.4679704888646086E-12,1.2558068007461157E-12,-2.3430212410259795E-6
8.500000000000001E-7,8.500000000000001E-7,0.5851809917998201,5.5E-8,-3735.261469251032,-3754.67058600825,0.9421080834637631,-1.8849613746686755,79719.53205963515,81082.85869267993,296.5196218003484,0.47287837837131774,1.365325198843291E-5,3.1264121381797345E-8,0.0012736225504518077,-3.476600298029098E-6,-15.09954820085818,-2.88381303477081E-4,0.9421087505089334,-1.8851441808205718,79719.41170020823,81082.73463997965,296.51958201094095,0.4728787052645302,1.3653261743939107E-5,3.126405498722142E-8,0.001273746068122008,-3.4772070297606207E-6,-15.102256563406854,-2.8839124050250575E-4,0.9421085572912722,-1.8849837541879533,79719.44511298747,81082.77058250314,296.5195935422475,0.47287861062168135,1.3653258918141536E-5,3.126407421700723E-8,0.001273637671748617,-3.476712873720089E-6,-15.100012110047828,-2.883971607161584E-4,0.9421076659915268,-1.8848702235597623,79719.60825146419,81082.9363257247,296.5196466990156,0.47287817375503755,1.3653245882918379E-5,3.1264162936532394E-8,0.0012735609618647042,-3.4764212711024813E-6,-15.098723395403113,-2.883946928733394E-4,0.942108625085203,-1.8851285004878153,79719.435022185,81082.75796033176,296.5195894893259,0.47287864377362654,1.3653259909621352E-5,3.126406747254635E-8,0.001273735473302578,-3.4772675374483697E-6,-15.102443379726083,-2.884333908212966E-4,1.5131451169725622E-10,4.864899679185824E-8,6.002572916995386E-9,1.9128119236303504E-10,3.765769680442221E-12,1.934225366085357E-12,-2.4471279919597297E-6
8.750000000000001E-7,8.750000000000001E-7,0.6023921974409913,5.5E-8,-3722.5747909967854,-3547.309183666997,0.9388197812473897,-1.9361564443117052,80329.67788384341,81696.95746791645,296.71597892855806,0.471262268166861,1.3605158450524851E-5,3.159368672265718E-8,0.001308213813724125,-3.65208469830236E-6,-16.0192630840088,-2.686874147599383E-4,0.9388202124137419,-1.93625325511165,80329.59956116014,81696.87658400167,296.7159531383712,0.4712624805549672,1.3605164756902592E-5,3.15936432175068E-8,0.0013082792264267906,-3.6525312512480923E-6,-16.021183117470173,-2.687345664185159E-4,0.9388202567289438,-1.9361313142418553,80329.58898420176,81696.86828772153,296.7159504982871,0.47126250246760787,1.360516540507501E-5,3.1593638742030344E-8,0.0013081968339471995,-3.6519971081361292E-6,-16.018836536636172,-2.686944770005084E-4,0.9388198174354128,-1.935716832357968,80329.66405049019,81696.95072703031,296.7159767939883,0.4712622862276105,1.3605158979833839E-5,3.159368305992239E-8,0.0013079167786202487,-3.6504851576069087E-6,-16.01211679965172,-2.6862779259317904E-4,0.9388203283320941,-1.9359857197795336,80329.57366570657,81696.85487024313,296.7159462246848,0.4712625378112044,1.36051664523692E-5,3.159363151371206E-8,0.0013080984593104956,-3.651562962119215E-6,-16.016829036761692,-2.6870925785260624E-4,1.5844360667559346E-10,4.8693798514055535E-8,5.9421416013267894E-9,1.9860495077215655E-10,4.079071053475466E-12,2.7913079589849584E-12,-2.562693772052604E-6
9.000000000000001E-7,9.000000000000001E-7,0.6196034030821624,5.5E-8,-3687.0868418177383,-3405.9434196817583,0.9354437954145237,-1.9868604603545055,80961.63222370314,82332.98250820994,296.9181273581689,0.4695943316193106,1.3555777768363646E-5,3.193675491232456E-8,0.0013424732840233145,-3.829812520734776E-6,-16.98761255742852,-2.375107592627046E-4,0.9354441204327856,-1.9868837339969605,80961.57149729977,82332.92100068156,296.91810786776864,0.4695944926106456,1.3555782522650808E-5,3.1936721652100355E-8,0.0013424890094574057,-3.829892417144265E-6,-16.987906764252784,-2.3753768242329443E-4,0.935444329637776,-1.9868173225859802,80961.53119242749,82332.88141866142,296.91809532767115,0.46959459627804556,1.3555785582851952E-5,3.193670024142324E-8,0.001342444136882419,-3.829653645084363E-6,-16.98687049672708,-2.3751141560524047E-4,0.9354443035650998,-1.9867429884725665,80961.53414305973,82332.88636645966,296.91809689966703,0.46959458343037674,1.355578520147053E-5,3.1936702906258346E-8,0.0013423939111301124,-3.8291838262694E-6,-16.984912390513273,-2.3742332129472743E-4,0.9354447559250131,-1.9865461588535391,80961.4464348993,82332.80078089678,296.91806978580314,0.46959480759667255,1.3555791818484702E-5,3.193665661006325E-8,0.0013422609181442831,-3.828598779023196E-6,-16.982112101343773,-2.3747576307187046E-4,1.6558592531547173E-10,4.873982187931017E-8,5.880523882516278E-9,2.056578596261619E-10,4.4081097502277745E-12,3.854642606378229E-12,-2.6854704602128013E-6
9.25E-7,9.25E-7,0.6368146087233336,5.5E-8,-3663.0452925615,-3634.920121068968,0.9319810035385192,-2.0370244457881457,81615.67736100584,82991.2546331977,297.12605805445804,0.4678742711927249,1.3505122322598065E-5,3.229369242405781E-8,0.001376367868775774,-4.00665908728115E-6,-17.968047165117923,-2.0460189742266266E-4,0.9319812122935068,-2.037135525866893,81615.63964519328,82991.21475593044,297.1260454937787,0.46787437511066743,1.3505125376523093E-5,3.2293670753014625E-8,0.0013764429228830357,-4.007065321331993E-6,-17.969893496277564,-2.0460846084802142E-4,0.9319816020878537,-2.036992377393686,81615.56334958851,82991.14033408824,297.1260220640184,0.4678745693333092,1.3505131078923669E-5,3.229363027925286E-8,0.0013763462009416798,-4.0065283144485875E-6,-17.967431323885876,-2.046002434354932E-4,0.9319812803879113,-2.037412589272298,81615.6314383642,82991.20172275334,297.1260413804731,0.46787440888588666,1.3505126372686E-5,3.22936636899711E-8,0.0013766301278866878,-4.008065763372315E-6,-17.974617053868087,-2.0455324930424013E-4,0.9319822018923634,-2.0370571403040882,81615.45034509743,82991.02578832662,297.125985993547,0.4678748680647437,1.3505139853609757E-5,3.229356800591235E-8,0.0013763899596649246,-4.006642781320124E-6,-17.968067167682193,-2.0454184206641912E-4,1.7271964762718112E-10,4.878706052256268E-8,5.817761995037868E-9,2.124257866605751E-10,4.753059659805111E-12,5.125551437463288E-12,-2.7897638987722498E-6
9.500000000000001E-7,9.500000000000001E-7,0.6540258143645048,5.5E-8,-3650.755339246467,-3529.648735413188,0.9284318638888374,-2.087192804360509,82292.26106385772,83672.18846116195,297.3397875652267,0.4661015636761965,1.3453198339703957E-5,3.266492933865125E-8,0.001410265408351695,-4.18604529201616E-6,-18.99645149217099,-1.617476070094881E-4,0.9284320741119153,-2.0870852973207814,82292.21931085634,83672.14794858827,297.33977489284973,0.4661016690131992,1.345320141543755E-5,3.266490718367612E-8,0.0014101927684599875,-4.185730635981599E-6,-18.99489123597482,-1.617937216451537E-4,0.9284324733290291,-2.087211835748955,82292.1447891802,83672.07098588895,297.3397508096322,0.4661018689143043,1.3453207256300084E-5,3.266486511760761E-8,0.0014102782673979424,-4.186106939556566E-6,-18.996724900641766,-1.6174478473374165E-4,0.928431510257285,-2.0875448485663806,82292.33547613752,83672.25658129931,297.33980886440133,0.46610138634306914,1.345319316578163E-5,3.2664966613964093E-8,0.0014105032760583652,-4.187544828369027E-6,-19.003281642446154,-1.6180161087220313E-4,0.9284327794886114,-2.08749284662584,82292.09142053619,83672.01193865729,297.3397323248459,0.46610202210190654,1.3453211735651515E-5,3.266483286286064E-8,0.001410468139612054,-4.187222818927694E-6,-19.001937706031185,-1.6171885920357454E-4,1.7986565743074095E-10,4.883550936849461E-8,5.753896440811023E-9,2.1887972332824651E-10,5.1141011425215235E-12,6.574945624954263E-12,-2.904784870882965E-6
9.75E-7,9.75E-7,0.6712370200056759,5.5E-8,-3605.132405083766,-3145.2245765382295,0.9247963559926569,-2.1373905644761133,82991.88730029351,84376.3081303346,297.5593621648767,0.4642754256886307,1.3400005018103712E-5,3.3050969857379524E-8,0.0014441828138352117,-4.36681513832582E-6,-20.056255943120277,-1.1416690144727681E-4,0.924796939004952,-2.1370619845768553,82991.76854030823,84376.19471162934,297.5593269242196,0.4642757195553246,1.340001354899283E-5,3.305090746702988E-8,0.001443960800389767,-4.365507820836001E-6,-20.050020526805156,-1.1422598540633544E-4,0.9247969888999603,-2.13734629137981,82991.76438824048,84376.18496684123,297.55932388434377,0.4642757445262136,1.3400014279069542E-5,3.3050902136297486E-8,0.0014441528995809527,-4.366676747622477E-6,-20.055536726702258,-1.1419175057625353E-4,0.9247957895681526,-2.137288238931169,82991.99510398135,84376.41836786453,297.5593964317284,0.46427514039518397,1.3399996729944498E-5,3.305103046246323E-8,0.0014441136749534925,-4.3665472796305946E-6,-20.054690797472404,-1.1431713827647627E-4,0.9247969958808631,-2.1374171770758332,82991.76467463915,84376.18359637883,297.55932345479744,0.46427574798668486,1.3400014381214256E-5,3.305090139213161E-8,0.001444200795321509,-4.367070074806634E-6,-20.057182881831295,-1.1427421346610345E-4,1.8701078677823053E-10,4.888516541927547E-8,5.688965375775929E-9,2.250521294564261E-10,5.491430487508255E-12,8.148410411970847E-12,-3.026323899406291E-6
1.0000000000000002E-6,1.0000000000000002E-6,0.6884482256468472,5.5E-8,-3541.93552643566,-3190.1709007524187,0.9210748176030276,-2.1871684247011824,83715.03351513327,85104.08758109767,297.784807368238,0.4623952303866027,1.3345546771264223E-5,3.345230651843602E-8,0.0014778165031764747,-4.547828405350174E-6,-21.154172226589026,-5.716859805460217E-5,0.9210757398648071,-2.1870968048652117,83714.85189731728,85103.90635412725,297.7847514215896,0.46239569774976547,1.3345560267747174E-5,3.345220627568321E-8,0.0014777681113954133,-4.547402335504103E-6,-21.152355224975054,-5.707415034805763E-5,0.9210755632194539,-2.187080290782819,83714.8863556338,85103.9410657673,297.7847621377586,0.46239560823480663,1.334555768269919E-5,3.345222547562636E-8,0.0014777569532316345,-4.547464423438896E-6,-21.15237505993332,-5.719833037431954E-5,0.9210746657805834,-2.186784861633112,83715.05560963681,85104.11746365656,297.7848166087952,0.46239515367478345,1.3345544549488425E-5,3.345232300938484E-8,0.0014775573389412917,-4.546267826412986E-6,-21.146618943721023,-5.7280465085796095E-5,0.9210756641168668,-2.186898588903183,83714.86316934702,85103.92125866488,297.784756029429,0.46239565945473243,1.3345559159247633E-5,3.345221450453714E-8,0.0014776341816913397,-4.546763203876481E-6,-21.148839850707645,-5.730854342544944E-5,1.9412542766818513E-10,4.8936024176693174E-8,5.623009069344644E-9,2.3099837818235218E-10,5.885209945998543E-12,9.785000828809501E-12,-3.1406788515559724E-6
1.0250000000000001E-6,1.0250000000000001E-6,0.7056594312880183,5.5E-8,-3504.296650403789,-3378.8550215339446,0.917268120289483,-2.2363479904426913,84462.06856079066,85855.91272792063,298.0161169138085,0.4604606019100798,1.3289835799202889E-5,3.3869399218430595E-8,0.001511045939488305,-4.727072508643459E-6,-22.27566191478445,6.653975304971027E-6,0.9172689035317614,-2.236583678893766,84461.91906839052,85855.75723398967,298.01606922910184,0.46046100102520215,1.3289847262630783E-5,3.386931271401687E-8,0.0015112051884417338,-4.728015253334661E-6,-22.280441942652715,6.8161969508651055E-6,0.9172688626736378,-2.236437167057716,84461.92393424403,85855.76536308194,298.0160717277227,0.46046098028536264,1.3289846664640736E-5,3.386931722263603E-8,0.0015111061939579163,-4.727377978781533E-6,-22.277242423577718,6.729927278570358E-6,0.9172684315399542,-2.2361877204861886,84462.00375756966,85855.85097228295,298.0160979865569,0.46046076067576824,1.3289840354630683E-5,3.386936483462396E-8,0.0015109376489771545,-4.726275086284204E-6,-22.272128920696105,6.759213285079113E-6,0.9172693019080654,-2.2362231480535266,84461.83304188994,85855.6782075418,298.01604501398975,0.4604612043033754,1.3289853093225928E-5,3.38692687022222E-8,0.001510961586522653,-4.7264580571493296E-6,-22.272820602848697,6.698422829742867E-6,2.011862603896036E-10,4.898807905985404E-8,5.556070673504526E-9,2.367666674645454E-10,6.295555530941239E-12,1.1422348595375871E-11,-3.2624483813264134E-6
1.0500000000000001E-6,1.0500000000000001E-6,0.7228706369291895,5.5E-8,-3475.159009532175,-3233.9132619577344,0.913377075134936,-2.285179541377982,85233.26562025626,86632.19543386006,298.25328851412144,0.4584711181475219,1.3232883392700034E-5,3.43027384974415E-8,0.0015440402306607986,-4.902266554012158E-6,-23.284789328630268,2.2923672027275188E-5,0.9133775016310431,-2.2853627136586927,85233.18446634403,86632.10988413717,298.2532624607061,0.45847133675978063,1.3232889635620672E-5,3.4302690612119424E-8,0.001544163995715333,-4.903116026042653E-6,-23.288514176770605,2.2798507487209463E-5,0.913377627440969,-2.2853148318182788,85233.15841342391,86632.084663665,298.2532547846511,0.45847140131637426,1.3232891477191666E-5,3.4302676483206676E-8,0.0015441316431204586,-4.902870993532815E-6,-23.287483804744397,2.2859009156661614E-5,0.913377333302712,-2.285402143719021,85233.2180138348,86632.14363895237,298.25327273741146,0.45847125043500375,1.3232887171679483E-5,3.430270951350887E-8,0.0015441906376479871,-4.90309759825891E-6,-23.288571666172174,2.2866530841270105E-5,0.9133783181182937,-2.2852354390934173,85233.01913540962,86631.94617744617,298.2532126265233,0.45847175558724035,1.3232901587128873E-5,3.430259892460267E-8,0.0015440779993874441,-4.902476807586709E-6,-23.285605437944923,2.2868027308220462E-5,2.081717295440274E-10,4.904132202453342E-8,5.488195305105222E-9,2.4241296999477924E-10,6.722546169165288E-12,1.2989668172706947E-11,-3.377390557956576E-6
1.075E-6,1.075E-6,0.7400818425703607,5.5E-8,-3425.624351381595,-3034.327408788286,0.9094021635092522,-2.333803594548148,86029.4942089124,87433.42894542828,298.4963399369055,0.4564261733059197,1.3174695990508032E-5,3.475287770283165E-8,0.0015768943206406407,-5.08194267666795E-6,-24.561223736948932,1.3744204495225176E-4,0.9094024514651694,-2.333781441898816,86029.43639091343,87433.37059906122,298.49632230143453,0.45642632191314675,1.3174700206075375E-5,3.4752844816284497E-8,0.0015768793526343351,-5.0819218789399655E-6,-24.56129502284648,1.3751753748181272E-4,0.9094026822023936,-2.33370973825444,86029.3885611497,87433.32385426658,298.49630817526975,0.4564264410248099,1.317470358398395E-5,3.4752818462926185E-8,0.001576830904225973,-5.08164562020852E-6,-24.559843796773748,1.3746220779609075E-4,0.909402014811737,-2.3340589800527587,86029.52987146725,87433.45903947606,298.496349021563,0.45642609641076626,1.3174693813624123E-5,3.4752894692798074E-8,0.0015770668784140262,-5.08311188681887E-6,-24.567028277591817,1.375356394106575E-4,0.9094033655797151,-2.3337977746070924,86029.25271839624,87433.18537442523,298.49626631559954,0.4564267936434859,1.3174713588370198E-5,3.475274041966179E-8,0.0015768903882480353,-5.08198281849559E-6,-24.561396138723012,1.3745296649858574E-4,2.1506886305726658E-10,4.9095743815287025E-8,5.419429042266559E-9,2.479512165932362E-10,7.166230129373825E-12,1.4448526186901975E-11,-3.4964814479399766E-6
1.1E-6,1.1E-6,0.7572930482115319,5.5E-8,-3363.305902412678,-2959.9755255417813,0.905343910959559,-2.38202758712883,86850.8433792279,88260.11469793871,298.74528722812875,0.4543251639376464,1.3115280648805237E-5,3.522039444928848E-8,0.0016094780994113716,-5.255949603650833E-6,-25.69606810712753,1.9415016614487968E-4,0.9053443413253052,-2.381882922895756,86850.75272452798,88260.02658211092,298.74526079665884,0.45432538753166024,1.3115286950062587E-5,3.5220344435389544E-8,0.0016093803533079431,-5.255335485685464E-6,-25.69283980297996,1.9403665825024063E-4,0.9053446776615309,-2.381829939693022,86850.68316672024,88259.95771194932,298.74524013586864,0.4543255622447635,1.3115291874572778E-5,3.5220305350321354E-8,0.0016093445538466363,-5.255075433723277E-6,-25.691613357687856,1.9405374941783293E-4,0.9053435397128149,-2.382032421633275,86850.9192683201,88260.19072208274,298.74531003677345,0.45432497111285924,1.311527521314919E-5,3.522043759025196E-8,0.0016094813659684292,-5.256063275851375E-6,-25.69652778084037,1.941014130082408E-4,0.9053451074707225,-2.382037233348453,86850.60015693014,88259.86966388488,298.7452137098193,0.45432578534839974,1.3115298167671149E-5,3.522025541121204E-8,0.0016094846171273332,-5.255963454544599E-6,-25.695963093883847,1.9410010033027447E-4,2.218679454963902E-10,4.915133564182103E-8,5.3498179330429734E-9,2.5333328194702597E-10,7.626639690853109E-12,1.581957458954204E-11,-3.6178802216437127E-6
1.125E-6,1.125E-6,0.7745042538527029,5.5E-8,-3299.4905918227214,-2890.839417501567,0.9012030350268057,-2.4298136311474288,87698.09067705242,89112.73172264575,299.0001344052975,0.4521675704991825,1.305464720517309E-5,3.570587373941567E-8,0.0016417659669915059,-5.4303062701421825E-6,-26.991171977606882,3.1041051177993495E-4,0.9012037321020301,-2.42964750594313,87697.9439096156,89112.58743662277,299.00009144727755,0.452167934981826,1.3054657412942297E-5,3.570579128099373E-8,0.0016416537202318447,-5.429569789754396E-6,-26.987563314819,3.104047097117757E-4,0.9012040580047063,-2.429712141935006,87697.87811956939,89112.51996026005,299.00007135183006,0.4521681053081528,1.3054662185363323E-5,3.570575273339505E-8,0.0016416973931993283,-5.429817402529125E-6,-26.988722611137746,3.1039699112156427E-4,0.9012028237567841,-2.429621158547051,87698.13011015263,89112.77548544233,299.0001474449463,0.4521674601702018,1.3054644111402514E-5,3.570589872407885E-8,0.0016416359179371968,-5.429493365056715E-6,-26.987183928200466,3.103796242953649E-4,0.9012041566371046,-2.429891645764502,87697.86195963588,89112.4995151728,299.0000652554159,0.4521681567546403,1.3054663629701496E-5,3.5705741072289076E-8,0.0016418186795706094,-5.430654269105162E-6,-26.992848266153487,3.104308190202687E-4,2.2856544605649348E-10,4.920808863433513E-8,5.279407250072628E-9,2.5847566432988263E-10,8.103801206962392E-12,1.7153682200813215E-11,-3.736759965323477E-6
1.15E-6,1.15E-6,0.7917154594938741,5.5E-8,-3235.3275549324712,-2826.6454822370465,0.896980312512891,-2.4771370783156987,88571.48855163822,89991.76219336048,299.26088229112236,0.4499528880002707,1.299280633466657E-5,3.6209923892494334E-8,0.001673741269132229,-5.599406644591909E-6,-28.220202889712482,3.996003470305709E-4,0.8969812195455678,-2.4770579838342557,88571.29803314812,89991.57234692271,299.26082619645774,0.44995336532839203,1.2992819618956333E-5,3.620981463380764E-8,0.0016736878269150376,-5.59901185141598E-6,-28.218049849234376,3.995231086300066E-4,0.8969813962204122,-2.477168161549367,88571.26389647882,89991.53534994108,299.2608152589418,0.4499534582278999,1.2992822206510694E-5,3.6209793355860585E-8,0.0016737622713171398,-5.599513521872268E-6,-28.22062169053106,3.9958168064657684E-4,0.8969804172545248,-2.4769599262335986,88571.46253353904,89991.74029524229,299.2608758288017,0.4499529432251528,1.2992807868704962E-5,3.6209911270380354E-8,0.0016736215717794586,-5.598568999829467E-6,-28.21591188756679,3.9951452366437934E-4,0.8969814411251309,-2.477054219570187,88571.25261189164,89991.5259624883,299.2608124888194,0.44995348190659884,1.2992822864182067E-5,3.6209787944412725E-8,0.0016736852834933695,-5.599133564544445E-6,-28.218651236288906,3.995242375367525E-4,2.3513494691132307E-10,4.9265993646447525E-8,5.20824287968812E-9,2.63321662585894E-10,8.59771563606057E-12,1.8496872573797482E-11,-3.859566496114783E-6
1.1750000000000002E-6,1.1750000000000002E-6,0.8089266651350454,5.5E-8,-3171.223418835742,-2763.897644292562,0.8926767142992104,-2.5237965504328064,89471.65479816249,90897.66248965786,299.5275193697221,0.447680701270301,1.292977152410261E-5,3.6733160552153687E-8,0.0017052679394816259,-5.765726213837752E-6,-29.547804200539304,5.27191804920335E-4,0.8926776122888532,-2.523885556436476,89471.46801792162,90897.47238844095,299.5274636314538,0.44768117692956216,1.2929784677974789E-5,3.6733050357182185E-8,0.0017053280786732945,-5.7660810324478004E-6,-29.549644394697452,5.272580036397301E-4,0.892677638169816,-2.52395125412061,89471.46417968265,90897.46689957133,299.527462018936,0.44768119059727746,1.2929785057080502E-5,3.673304718333787E-8,0.0017053724690004122,-5.766404694895755E-6,-29.55125234799857,5.272651577712395E-4,0.8926769458164269,-2.5238247073913778,89471.60647607388,90897.61347979607,299.5275050003332,0.4476808239100377,1.2929774915398093E-5,3.673313214160476E-8,0.0017052869644536336,-5.765770601584563E-6,-29.54811020227953,5.272401248639369E-4,0.8926781049471458,-2.523572769114818,89471.35752654799,90897.36814292421,299.52743308201764,0.4476814380863568,1.292979189450897E-5,3.673298989188602E-8,0.0017051167358883906,-5.764742998621841E-6,-29.54258614612104,5.270542486321972E-4,2.415326267600537E-10,4.9325038073274794E-8,5.136374250822492E-9,2.6786087697532955E-10,9.108316250887017E-12,1.9867167668442324E-11,-3.9761499636741535E-6
1.2000000000000002E-6,1.2000000000000002E-6,0.8261378707762166,5.5E-8,-3108.0791248985615,-2711.1765467938963,0.8882932807617688,-2.5699051511586046,90398.91624191415,91830.88732558205,299.8000297166114,0.44535062054372454,1.2865557247280097E-5,3.727622181850962E-8,0.0017364223994314897,-5.926183101081506E-6,-30.849347524749874,6.452639712577479E-4,0.8882939576406603,-2.5700748030042657,90398.776400213,91830.74236849911,299.7999875483605,0.44535098147550056,1.2865567163883908E-5,3.727613716525421E-8,0.0017365370290569363,-5.926965930882489E-6,-30.853335384491174,6.453286735101926E-4,0.888293983632398,-2.5700099823744713,90398.76959177724,91830.73681090663,299.7999859344635,0.4453509953702009,1.286556754467721E-5,3.727613391287131E-8,0.0017364932313341022,-5.926723397209344E-6,-30.852041244881548,6.452855255467682E-4,0.888293315222263,-2.570107408140063,90398.9135700031,91830.87991866484,299.8000275531445,0.4453506388095043,1.2865557752137563E-5,3.727621751421344E-8,0.0017365590595540968,-5.927072631948249E-6,-30.854025128365492,6.453852764991552E-4,0.8882948962204783,-2.5698637550186505,90398.5714343767,91830.54143577785,299.7999291187619,0.44535148223148646,1.2865580914546673E-5,3.727601976905762E-8,0.0017363944290666557,-5.925901473062823E-6,-30.847738816154106,6.452167539663378E-4,2.4775912217811554E-10,4.938520802336464E-8,5.0638520782371915E-9,2.720692879372181E-10,9.635495955098166E-12,2.1251556167217615E-11,-4.080657464063144E-6
1.2250000000000001E-6,1.2250000000000001E-6,0.8433490764173878,5.5E-8,-3047.701275685325,-2675.757495292258,0.8838308133733161,-2.6156356132179823,91353.88691691861,92791.95568153555,300.07841174522525,0.4429621191372149,1.280017444558316E-5,3.783980803617198E-8,0.0017673213602824205,-6.083293528433842E-6,-32.2236974122834,7.906840183693475E-4,0.8838313091185336,-2.615678777233399,91353.78174703957,92791.84828324198,300.0783807597208,0.4429623853659963,1.2800181709709914E-5,3.783974481718356E-8,0.001767350525157702,-6.083572786366176E-6,-32.225091433119815,7.906918025959442E-4,0.8838315132309387,-2.6155352347236036,91353.73433806894,92791.80408895928,300.07836801729763,0.44296249507785274,1.2800184700562351E-5,3.7839718783268475E-8,0.0017672535369754078,-6.082917898027063E-6,-32.22153320130178,7.905720594472143E-4,0.8838305490786907,-2.6157833555420806,91353.94764394309,92792.0129099913,300.0784282469221,0.442961977090467,1.2800170572883163E-5,3.783984174558792E-8,0.0017674211861770815,-6.084031613369234E-6,-32.227640818955024,7.90784740711814E-4,0.8838323091841024,-2.615817582553106,91353.56962217772,92791.6316306126,300.07831825341873,0.4429629224332479,1.280019636361427E-5,3.7839617285785436E-8,0.0017674443125358826,-6.084102134451542E-6,-32.22793598328576,7.908127140368038E-4,2.538145856517689E-10,4.944649049464449E-8,4.990725208938392E-9,2.759315865320858E-10,1.0179152123174963E-11,2.2628290754643327E-11,-4.194206462558756E-6
1.25E-6,1.25E-6,0.860560282058559,5.5E-8,-2984.299728188535,-2550.4201608085286,0.8792901919104206,-2.660727466736847,92337.00373884267,93781.38413864998,300.3626588090329,0.440514700626753,1.2733635172117608E-5,3.842464522397315E-8,0.001797788828876248,-6.233865966720486E-6,-33.595036555862634,9.368421884090594E-4,0.8792907904164464,-2.660564853961514,92336.8696529468,93781.25297031707,300.3626212896088,0.4405150244473209,1.2733643943530246E-5,3.842456736305801E-8,0.0017976789553794013,-6.233181392616416E-6,-33.591100907860664,9.366437366509217E-4,0.879291124449911,-2.660554822241037,92336.79641317745,93781.17975546225,300.3626003443124,0.44051520514315257,1.2733648838960257E-5,3.842452390959527E-8,0.0017976721771898899,-6.233062457567939E-6,-33.590507788542936,9.366608278149613E-4,0.8792898495815065,-2.660671200355886,92337.07706878087,93781.45918189909,300.36268028070225,0.4405145154821393,1.2733630155115328E-5,3.842468975481267E-8,0.0017977508110512742,-6.2336762390202695E-6,-33.593905561706606,9.367518756633331E-4,0.8792914867120473,-2.6607837625084545,92336.72391562322,93781.10031105668,300.3625776029614,0.4405154009435473,1.2733654148087379E-5,3.842447679235081E-8,0.0017978268665597666,-6.234244994089977E-6,-33.59683841841411,9.368239289564428E-4,2.5964222608455293E-10,4.9508870191165624E-8,4.91704479890866E-9,2.794735377896598E-10,1.0739124984487183E-11,2.3993122465544433E-11,-4.30906548136837E-6
1.275E-6,1.275E-6,0.8777714876997301,5.5E-8,-2907.0193434492785,-2357.0002975450057,0.874672743823221,-2.704912409856513,93348.73921775391,94799.60385169704,300.652735537885,0.43800810271846435,1.2665958005266067E-5,3.903143677080514E-8,0.0018276435201733195,-6.377201846987646E-6,-35.00796978532935,0.0011040864023872388,0.8746736265226596,-2.704741663817329,93348.54028643118,94799.40805919777,300.65268000292934,0.4380085837128549,1.2665970944030622E-5,3.903131958680724E-8,0.001827528151227925,-6.376376098700121E-6,-35.00331308724981,0.00110391717100633,0.8746738924616746,-2.7048327825625473,93348.4840961786,94799.34904943695,300.65266325800417,0.43800872854351974,1.2665974842207544E-5,3.9031284285918034E-8,0.0018275897179476672,-6.3767974052098E-6,-35.00567529248474,0.0011040205974754969,0.8746726155763573,-2.7047184106533924,93348.76251844075,94799.63233082055,300.6527436266463,0.4380080329595587,1.2665956125407024E-5,3.903145379021951E-8,0.0018275124396306705,-6.376315588170201E-6,-35.003011879274936,0.001103886257267206,0.8746741473003451,-2.7047290357984974,93348.42568363267,94799.29252737279,300.65264722747645,0.4380088674225683,1.2665978577678386E-5,3.9031250453936425E-8,0.0018275196187827686,-6.376431458079424E-6,-35.00334659535133,0.001103817065628121,2.6520912739619483E-10,4.9572327280060364E-8,4.84286640837129E-9,2.8267847857904924E-10,1.1315161228644944E-11,2.5361148386620587E-11,-4.407199597128335E-6
1.3E-6,1.3E-6,0.8949826933409012,5.5E-8,-2817.1743332939977,-2222.086515837038,0.869979890817669,-2.748347101824793,94389.47239488305,95847.03356041286,300.94859966869626,0.4354421121335247,1.2597162871474482E-5,3.96609071075558E-8,0.001856991285016752,-6.512358222465764E-6,-36.42602761958756,0.001278113720523777,0.869980892367883,-2.7483781386556556,94389.24967746527,95846.80865178916,300.9485364105291,0.43544266174891877,1.2597177555150061E-5,3.966077137002964E-8,0.001857012255848416,-6.512431921805728E-6,-36.426477385949966,0.0012781829646701937,0.8699810807495013,-2.7483790926401626,94389.20794236529,95846.76634714143,300.9485245113746,0.43544276511968366,1.2597180317002752E-5,3.966074583956892E-8,0.0018570129004325422,-6.512493010717435E-6,-36.426719386779496,0.001278153166714091,0.869980022912856,-2.748235904827585,94389.439750758,95847.00391645993,300.9485913374901,0.4354421846958982,1.2597164808118854E-5,3.966088920132673E-8,0.0018569161519105305,-6.511772673860605E-6,-36.42279776706755,0.0012780273195787117,0.8699815244876481,-2.7482581223765177,94389.10550058499,95846.66672244192,300.9484964979484,0.4354430087063571,1.2597186822628316E-5,3.966068569719729E-8,0.0018569311637679174,-6.511872745988967E-6,-36.42313076008895,0.0012779974822443307,2.705547799569552E-10,4.963684319474356E-8,4.768243155976708E-9,2.8545959883173357E-10,1.1907015884127467E-11,2.6744897510512134E-11,-4.4974017527443445E-6
1.325E-6,1.325E-6,0.9121938989820724,5.5E-8,-2726.423707427219,-2165.4291649945626,0.86521276351827,-2.791220536540187,95459.72594442347,96924.16545636242,301.2502261602498,0.4328163552509237,1.2527265394662752E-5,4.031385511074726E-8,0.0018859598219866129,-6.640412482852298E-6,-37.883573514180625,0.0014708657849817897,0.8652136386401257,-2.7913391162746524,95459.5318161658,96923.96648067236,301.25017067758506,0.4328168389783001,1.252727822730791E-5,4.0313733978571245E-8,0.0018860399434288192,-6.640991814919062E-6,-37.88688200262777,0.0014710244492492919,0.8652138412975479,-2.7913193879707765,95459.48540488823,96923.92041052335,301.25015783405314,0.4328169510266356,1.2527281199044864E-5,4.031370592589882E-8,0.001886026613493768,-6.640883935915554E-6,-37.886184491502036,0.0014709731495088363,0.8652128872648391,-2.7913405623508774,95459.7010462878,96924.13730731608,301.2502183065221,0.43281642360545314,1.2527267209260163E-5,4.0313837984295024E-8,0.0018860409205073497,-6.640896099980864E-6,-37.88660681062038,0.0014711033416325847,0.8652144077906667,-2.7912987411586925,95459.35701778554,96923.79162381578,301.2501219283193,0.4328172642168101,1.2527289506010851E-5,4.031362751069887E-8,0.0018860126629450624,-6.6407712579064085E-6,-37.88558789278295,0.0014709889673660825,2.7567934343969847E-10,4.970240237848582E-8,4.693223721524217E-9,2.8778984487966205E-10,1.251448748866152E-11,2.8137255037631094E-11,-4.599438987542104E-6
1.3500000000000002E-6,1.3500000000000002E-6,0.9294051046232437,5.5E-8,-2646.3419440443263,-2186.970518195096,0.8603725715251392,-2.8332557424725318,96559.95094491815,98031.48359352865,301.55758400572677,0.43013049949810994,1.2456282317913607E-5,4.099110764801339E-8,0.001914361988157116,-6.759131639455518E-6,-39.35153975881485,0.0016740525420608776,0.8603733258293327,-2.8332789587789966,96559.77936763114,98031.30993938187,301.55753601594864,0.4301309196072485,1.2456293381184078E-5,4.099100096317014E-8,0.0019143776748506735,-6.75930438816863E-6,-39.352274700901035,0.0016740001396646775,0.8603735356195422,-2.833290783498187,96559.73177156431,98031.26164196322,301.5575226687055,0.43013103644957273,1.2456296458146686E-5,4.0990971291580584E-8,0.001914385664525802,-6.7593576989111174E-6,-39.352602833437686,0.0016740289399796993,0.8603724478587228,-2.833426567497989,96559.98413322872,98031.51203549404,301.55759185595167,0.43013043052039174,1.2456280504111096E-5,4.099112514381773E-8,0.001914477410471614,-6.759964394973395E-6,-39.356506109116026,0.0016743043938536317,0.8603741796809924,-2.833223061663096,96559.58289469115,98031.11338204231,301.5574817013571,0.4301313952094155,1.2456305904504976E-5,4.0990880196710764E-8,0.0019143399065291188,-6.7590814158791095E-6,-39.35084008906256,0.0016739126754465872,2.8048711094958554E-10,4.976898431961537E-8,4.6178616392283566E-9,2.8975044706780215E-10,1.3137269669358967E-11,2.9520675537537816E-11,-4.700689672718681E-6
1.3750000000000002E-6,1.3750000000000002E-6,0.9466163102644148,5.5E-8,-2579.1933679528247,-2184.594875471398,0.8554610050803678,-2.874161884626624,97690.53111947539,99169.36859717043,301.87061027883715,0.42738448155813025,1.2384237395267895E-5,4.169346215569838E-8,0.0019420012733963675,-6.866815542991844E-6,-40.83623327494638,0.0018937768492901519,0.8554617795243769,-2.874114099668762,97690.3504831412,99169.18804560849,301.87056083557377,0.4273849162022338,1.2384248756360793E-5,4.1693350187719204E-8,0.001941968986262677,-6.8666137346440335E-6,-40.834754380646245,0.001893628108923462,0.8554620213999956,-2.874066225208596,97690.29326020266,99169.13165968642,301.8705453960059,0.42738505196550053,1.2384252304676526E-5,4.1693315217067816E-8,0.0019419366386544566,-6.8664233094750675E-6,-40.833481950144915,0.0018935202455758748,0.8554607536864919,-2.874141464829134,97690.58890612569,99169.42720865742,301.87062633045156,0.42738434047438645,1.2384233707320115E-5,4.1693498501707655E-8,0.0019419874762359015,-6.8668016342599E-6,-40.835860987632486,0.0018936291459450416,0.855462706449708,-2.874083242590685,97690.13496906748,99168.97194297561,301.87050165564625,0.42738543641482346,1.2384262354353678E-5,4.169321617508247E-8,0.001941948136885598,-6.866454871641281E-6,-40.83367433067383,0.0018935630391156977,2.8493500337868317E-10,4.9836560815407943E-8,4.542217795803299E-9,2.9135989715890595E-10,1.3774901042552138E-11,3.088899879308697E-11,-4.774334827909742E-6
1.4000000000000001E-6,1.4000000000000001E-6,0.963827515905586,5.5E-8,-2507.2964729025953,-1988.9169057126092,0.8504798513871173,-2.914114658656828,98851.65450804884,100338.1801320723,302.189234059797,0.42457830035424055,1.2311155767656243E-5,4.242173758069379E-8,0.001968996390984343,-6.964400477613708E-6,-42.16919189656437,0.0020542393636855394,0.8504807291694251,-2.914042272038213,98851.44679919005,100337.97285083895,302.189177815288,0.42457879678900523,1.2311168647594677E-5,4.242160779942539E-8,0.001968947481106901,-6.964077842468441E-6,-42.16716495137098,0.0020541461630323443,0.8504810072754343,-2.914045599352692,98851.38149985834,100337.90717588953,302.18915999385086,0.4245789540645387,1.2311172728319225E-5,4.242156668161704E-8,0.0019689497292923594,-6.96405325030014E-6,-42.167033860582706,0.002054162230300083,0.8504796853756182,-2.914032701509586,98851.69118413044,100338.21935031957,302.1892447067797,0.4245782065207482,1.231115333172713E-5,4.242176212296861E-8,0.0019689410145335043,-6.963991061041952E-6,-42.16695220394786,0.002054217717505802,0.8504815939942667,-2.9141445977171965,98851.2466859137,100337.76860421097,302.18912238522006,0.42457928580620335,1.2311181337399777E-5,4.242147993884655E-8,0.001969016620079187,-6.9645275213758855E-6,-42.169722595658186,0.002054246635961876,2.890794830147442E-10,4.9905104754375486E-8,4.466350213127455E-9,2.9252278673408354E-10,1.4426930419952762E-11,3.224947662687469E-11,-4.842830934665404E-6
1.4250000000000001E-6,1.4250000000000001E-6,0.9810387215467572,5.5E-8,-2412.3923931905347,-1721.8275422837019,0.8454306743162547,-2.9532079628982646,100044.15653457113,101538.33230444341,302.51339667594186,0.42171184418520413,1.2237059262896794E-5,4.3176821986876766E-8,0.0019954107857420708,-7.049100729688007E-6,-43.77543193834845,0.0023457593369952123,0.8454316607664154,-2.9531534490611073,100043.9205319566,101538.09631751082,302.5133332334636,0.4217124063926317,1.2237073740709824E-5,4.317667277727464E-8,0.0019953739520683156,-7.048847681829784E-6,-43.77359668986219,0.0023456034818748472,0.8454318554222346,-2.953247820267362,100043.87690892778,101538.04973431332,302.51332070436223,0.4217125172785213,1.2237076597608202E-5,4.317664333653375E-8,0.0019954377163968664,-7.049278559634331E-6,-43.77619780505324,0.0023457252596860156,0.8454305756435693,-2.9532110980410096,100044.17965889107,101538.3559112337,302.51340302308347,0.4217117879531547,1.2237057814709515E-5,4.317683691190223E-8,0.0019954129040817632,-7.049075556153639E-6,-43.7751314759123,0.002345687428096932,0.8454324563759067,-2.953135955550088,100043.73169531781,101537.90597792181,302.51328205983395,0.4217128598082327,1.2237085417613791E-5,4.317655243575645E-8,0.001995362132128438,-7.04887607369642E-6,-43.77363209396549,0.0023455762305290007,2.929166683400006E-10,4.997459250252513E-8,4.390311781831715E-9,2.9321325148660896E-10,1.5092957816592058E-11,3.3602085597407294E-11,-4.9227709553735E-6
1.45E-6,1.45E-6,0.9982499271879284,5.5E-8,-2304.6629120694092,-1621.056602796222,0.8403152084478791,-2.991148775503381,101267.94430531877,102770.19837421265,302.8430266939619,0.4187851033564348,1.2161972174004365E-5,4.395961786483363E-8,0.002021046469934717,-7.122053415997698E-6,-45.19232637307414,0.002564447213580734,0.8403162207555888,-2.991172628855952,101267.70131784098,102769.95299437316,302.8429613404657,0.4187856847840869,1.2161987034913049E-5,4.3959461151351376E-8,0.002021062587064832,-7.122154126051328E-6,-45.19282788753526,0.0025644729684655143,0.8403163553014558,-2.9911509903391034,101267.66879349489,102769.92038232465,302.8429526551246,0.4187857620661388,1.2161989010077323E-5,4.395944032237752E-8,0.00202104796644534,-7.12212887520991E-6,-45.192664277676386,0.002564460707985161,0.8403151458802152,-2.991106081034879,101267.9584956955,102770.21354575877,302.8430307364478,0.4187850674380187,1.2161971255497648E-5,4.3959627549920155E-8,0.002021017622320864,-7.121893563208915E-6,-45.191462071230944,0.0025644476992743304,0.8403171752702561,-2.9910035284382617,101267.46668706404,102769.72165221833,302.84289973600795,0.41878623310975793,1.2162001047410422E-5,4.3959313380936154E-8,0.0020209483300258524,-7.121398276126456E-6,-45.187756371142996,0.002564120354952071,2.9637409384510426E-10,5.004499597969127E-8,4.314158650537456E-9,2.934919601581211E-10,1.577249214921168E-11,3.4932420143235174E-11,-4.989154101986131E-6
1.475E-6,1.475E-6,1.0154611328290994,5.5E-8,-2206.5559301092508,-1640.6655207292724,0.8351355935894863,-3.027751797661254,102523.61830365918,104034.05193247796,303.1780240477358,0.4157983235391718,1.2085924705507025E-5,4.477100229025747E-8,0.0020457782416630093,-7.179498320937228E-6,-46.749661544148694,0.0028618215137209135,0.8351365760337368,-3.0277644096457657,102523.37929328078,104033.81061782133,303.17796038746343,0.4157988922779863,1.2085939131646944E-5,4.4770846566236756E-8,0.002045786763274166,-7.1796055816264474E-6,-46.750107121633846,0.002861798791139125,0.835136841072788,-3.0276327145848443,102523.31065770982,104033.745538194,303.1779432269,0.41579904577654725,1.208594302346414E-5,4.477080455271986E-8,0.0020456977801248948,-7.1790049422304494E-6,-46.74604974709655,0.002861506062327074,0.8351356182585252,-3.0276913435224304,102523.61021491607,104034.04588311208,303.1780224557333,0.41579833785202464,1.2085925067746877E-5,4.4770998378569534E-8,0.0020457373942719126,-7.179196708193558E-6,-46.74757549495757,0.0028616506021006127,0.8351376139585116,-3.0278315072821647,102523.12747011958,104033.55567338421,303.1778931303352,0.41579949312429504,1.2085954372457666E-5,4.477068204936183E-8,0.002045832099514976,-7.179808101085427E-6,-46.75126473736418,0.00286187564886084,2.994256019085615E-10,5.011628144453648E-8,4.237951520277363E-9,2.933678047037186E-10,1.6464921761415357E-11,3.6231604063512235E-11,-5.03823179915339E-6
1.5E-6,1.5E-6,1.0326723384702707,5.5E-8,-2122.522155025942,-1619.5313141596628,0.8298941177333755,-3.0630327804060573,103811.14937678957,105330.12080031722,303.5182763570667,0.4127518568422871,1.2008949203349832E-5,4.5611863368433475E-8,0.0020696167435176062,-7.22252109397914E-6,-48.19317025298551,0.0031247203409296986,0.8298951572050559,-3.0629541904052715,103810.89028906765,105329.86205915034,303.5182087615205,0.4127524634408435,1.2008964470882737E-5,4.561169459882974E-8,0.002069563642165724,-7.222210233095439E-6,-48.19083129160117,0.0031245194607049664,0.8298955702111493,-3.062911721843825,103810.78659640708,105329.75925965578,303.5181819068914,0.4127527044692152,1.2008970537026393E-5,4.561162754236872E-8,0.0020695349471917734,-7.221964040979856E-6,-48.18914649791009,0.003124422886450706,0.8298941424730445,-3.0630919586573895,103811.14488734664,105330.11463455639,303.51827474326393,0.41275187125577806,1.2008949566719635E-5,4.56118593527282E-8,0.0020696567288225605,-7.222746568515959E-6,-48.194799151227926,0.00312488030475494,0.8298959847952541,-3.063136253740544,103810.69169087874,105329.656021127,303.5181549199434,0.4127529462735937,1.2008976626340648E-5,4.561156023658524E-8,0.0020696866579328,-7.223102863775921E-6,-48.19668484772956,0.0031249012158310885,3.0206575063715066E-10,5.0188412882095345E-8,4.161751392301458E-9,2.928128065730683E-10,1.7169585003432525E-11,3.750780857931605E-11,-5.086814731381902E-6
1.5250000000000002E-6,1.5250000000000002E-6,1.049883544111442,5.5E-8,-2041.296121117835,-1510.9235666216118,0.8245931377124525,-3.096899413052463,105130.91798363898,106658.60470698573,303.8636636341762,0.4096461286121338,1.1931078992018963E-5,4.648311060229488E-8,0.002092499603413826,-7.249107236475538E-6,-49.70623604856041,0.003437198502637351,0.82459427058343,-3.0968671263181924,105130.63294662785,106658.31888748499,303.8635896891577,0.409646795011165,1.1931095635924127E-5,4.648292212450282E-8,0.0020924777880528328,-7.2489433415512395E-6,-49.70481807146189,0.0034370599093280774,0.8245946433812485,-3.096956869793804,105130.54226163999,106658.22481729682,303.8635653462087,0.40964701426051364,1.193110111299004E-5,4.648286010367977E-8,0.002092538425536354,-7.24933316945453E-6,-49.707479158109436,0.0034372640581390446,0.8245930544763973,-3.0969681171770107,105130.94115198737,106658.62569610083,303.86366906003576,0.4096460796156371,1.1931077769130536E-5,4.64831244520171E-8,0.002092546025119602,-7.2494498418507195E-6,-49.70857695840368,0.003437349395807532,0.8245950395471703,-3.0967570152642203,105130.43766749009,106658.12488894629,303.8635395024154,0.40964724736905245,1.1931106933380212E-5,4.648279419012708E-8,0.002092403388692041,-7.248591460609077E-6,-49.7020438555021,0.0034367595669415607,3.0427477490900186E-10,5.026135252575116E-8,4.085619143880042E-9,2.918173509537964E-10,1.7885776851966146E-11,3.8768680937571775E-11,-5.122667571997954E-6
1.5500000000000002E-6,1.5500000000000002E-6,1.067094749752613,5.5E-8,-1950.694379640113,-1328.0537922349563,0.8192351013982035,-3.129333417424423,106482.93925394448,108019.66543152828,304.21405672972827,0.40648164897769323,1.185234870093941E-5,4.7385670929625084E-8,0.002114414471232718,-7.2594572023376715E-6,-51.14475625974819,0.0037361200386349935,0.8192361813484557,-3.129427235142035,106482.6679796278,108019.38922192759,304.2139859666257,0.4064822893319737,1.1852364571853124E-5,4.738548674748946E-8,0.002114477861582456,-7.259878638308237E-6,-51.14756530452746,0.003736335384651124,0.819236386647021,-3.129533658857033,106482.61944618795,108019.336700205,304.2139725051529,0.4064824110208596,1.1852367588912176E-5,4.73854517364363E-8,0.002114549769497995,-7.2603894251699335E-6,-51.151149390039336,0.003736602450466364,0.8192349568095401,-3.129335870485622,106482.97617274587,108019.70240891934,304.21406620194307,0.4064815632356,1.1852346576068675E-5,4.7385695589215656E-8,0.0021144161287065012,-7.259486629891398E-6,-51.14498234116536,0.003736132916077217,0.8192371921077446,-3.1292506631228596,106482.40525486432,108019.13074999696,304.213919764095,0.4064828887781328,1.1852379425943062E-5,4.738531436129052E-8,0.002114358556164094,-7.259047407188746E-6,-51.14132246231202,0.0037358045084801006,3.06063618838495E-10,5.033506151376423E-8,4.00961453168356E-9,2.9035812674516564E-10,1.8612766852500373E-11,4.000663835148584E-11,-5.1418866285320706E-6
1.5750000000000002E-6,1.5750000000000002E-6,1.0843059553937842,5.5E-8,-1846.2975229878782,-1139.2774667273661,0.8138223521927289,-3.160475781812595,107867.48897807657,109413.47499534636,304.56932982547664,0.40325890482507565,1.1772791392315938E-5,4.8320521046664987E-8,0.0021354566093328346,-7.25314866187432E-6,-52.61531463554638,0.004068458183128509,0.8138232820480216,-3.1605585371172356,107867.25261161146,109413.23390058387,304.56926867206965,0.40325946066429524,1.177280506148319E-5,4.832035841858206E-8,0.002135512525079213,-7.2535819393237946E-6,-52.61818682906414,0.00406863636702548,0.8138234112139315,-3.1605419508457335,107867.2190941934,109413.20041258974,304.5692601789676,0.4032595378822277,1.1772806960263138E-5,4.8320335827796613E-8,0.002135501318139009,-7.253566304257219E-6,-52.6178995746418,0.004068552197646458,0.813822174216468,-3.1605106362452386,107867.53572808669,109413.52113438876,304.5693415257295,0.40325879841587087,1.1772788776007582E-5,4.8320552174983497E-8,0.002135480159625161,-7.253276757666072E-6,-52.61628086607607,0.004068538965779744,0.8138244072509685,-3.160600765196896,107866.9640272317,109412.94216963332,304.5691946798873,0.40326013331354255,1.1772821602323605E-5,4.83201616241682E-8,0.0021355410575654705,-7.253718246005292E-6,-52.61908736406326,0.004068755690115555,3.074450175762367E-10,5.0409501733476656E-8,3.933794390717537E-9,2.884141117788161E-10,1.934983469855111E-11,4.1211151061969856E-11,-5.159285276988566E-6
1.6000000000000001E-6,1.6000000000000001E-6,1.1015171610349554,5.5E-8,-1736.9305750941803,-1050.0323080567534,0.8083572955223252,-3.1901207461640406,109284.61573343302,110840.1711628808,304.92934956191175,0.3999784572819565,1.1692441006349854E-5,4.928866058065172E-8,0.002155486990651379,-7.229459707076558E-6,-54.03148142732243,0.004398435502571019,0.8083581744122137,-3.1900975223053143,109284.3857980792,110839.94014396828,304.92929155930443,0.39997898699703105,1.1692453930291124E-5,4.928850288462311E-8,0.002155471298854942,-7.229420476733139E-6,-54.03078587216146,0.0043982896501120194,0.8083584361346121,-3.189959291396449,109284.31293257383,110839.87136834172,304.92927429966375,0.39997914479140045,1.169245777888087E-5,4.92884559227804E-8,0.0021553778995921954,-7.228835522994359E-6,-54.02616619603896,0.004397839622225952,0.8083570472776926,-3.190168680421861,109284.68222604417,110840.23640804127,304.92936594029754,0.39997830764366477,1.1692437355949653E-5,4.9288705123166744E-8,0.0021555193786634195,-7.229676916296058E-6,-54.03323139396275,0.004398605075252249,0.80835923898214,-3.1901301311823067,109284.10953316628,110839.6603104083,304.9292212965496,0.39997962859841335,1.1692469584627192E-5,4.928831187443293E-8,0.002155493331879937,-7.2296474672839395E-6,-54.032199543633624,0.004398364814469424,3.083687793789784E-10,5.0484631932776084E-8,3.858216536947854E-9,2.860193982481108E-10,2.0096195667882795E-11,4.238257141028217E-11,-5.17428310560664E-6
1.6250000000000001E-6,1.6250000000000001E-6,1.1187283666761265,5.5E-8,-1635.9859561631336,-1037.322422098447,0.802842959764918,-3.217745649106236,110734.30649089627,112299.70542219984,305.293937627717,0.3966412889712709,1.1611340613441512E-5,5.029100759416932E-8,0.0021741524656123216,-7.185480050964088E-6,-55.43027580913781,0.00474974863057831,0.8028439627218033,-3.2176244055267684,110734.03706866258,112299.43813926094,305.2938712071292,0.3966418984674359,1.1611355366497848E-5,5.0290822908377746E-8,0.0021740705442748437,-7.185000627742966E-6,-55.42607713508028,0.004749280592649896,0.8028444077133224,-3.2175472064154604,110733.91642517752,112299.31955705323,305.2938417413433,0.39664216890336784,1.1611361912128497E-5,5.029074096668487E-8,0.002174018382713149,-7.1846243194784165E-6,-55.42310215475982,0.004749039307974101,0.8028427263177469,-3.217681870274553,110734.36626457567,112299.76764607625,305.2939530956921,0.39664114713535736,1.1611337179536827E-5,5.02910505805188E-8,0.0021741093718071307,-7.185239093985274E-6,-55.428304951673,0.004749515852100927,0.8028450305507735,-3.2175865424769916,110733.75323411831,112299.15355636967,305.2938004817744,0.3966425473515507,1.1611371073791897E-5,5.029062627919122E-8,0.0021740449611331023,-7.184875225334508E-6,-55.4246329065013,0.004749065889850357,3.0876222925538994E-10,5.05604023580638E-8,3.782944903986112E-9,2.8322960221045706E-10,2.085089451285429E-11,4.352559096459128E-11,-5.171291032707601E-6
1.65E-6,1.65E-6,1.1359395723172978,5.5E-8,-1541.6834414427947,-941.2427130425797,0.7972830192191585,-3.2431154911971696,112216.24905891056,113791.8226292283,305.6628683510144,0.3932488343214086,1.1529542766900192E-5,5.132837951104586E-8,0.0021912942508088983,-7.120098430277722E-6,-56.75482123215352,0.005101301389281332,0.7972842832870867,-3.242932898122152,112215.90364298908,113791.48106097842,305.6627843408245,0.39324960883453647,1.1529561366985792E-5,5.132814054369843E-8,0.002191170877109562,-7.119354605009676E-6,-56.74834020385629,0.005100620578199155,0.7972847064118977,-3.2430349993263077,112215.79354749907,113791.36670675859,305.66275620510606,0.39324986803700435,1.1529567593039832E-5,5.1328060555482063E-8,0.0021912398644096673,-7.119750577686545E-6,-56.75171746536171,0.005101040545591573,0.797282976403303,-3.2429567340755314,112216.25499804023,113791.83422119926,305.662871212575,0.393248808145409,1.1529542136889635E-5,5.1328387603297095E-8,0.0021911869824834673,-7.119422788122165E-6,-56.74925758644417,0.005100735254382371,0.7972853097944244,-3.2430165459826257,112215.63093384348,113791.20365529635,305.6627160974758,0.39325023771176626,1.1529576471490289E-5,5.132794648997318E-8,0.0021912273959342064,-7.119693517410042E-6,-56.75089828607065,0.005100888681036864,3.086066392047802E-10,5.063675616218211E-8,3.7080475465532024E-9,2.800544857205232E-10,2.1612836492111937E-11,4.463922547870575E-11,-5.147352155788564E-6
1.675E-6,1.675E-6,1.1531507779584689,5.5E-8,-1438.5596759151158,-726.8411428373754,0.7916812376553517,-3.266363949746228,113730.15233656167,115316.19904809479,306.0359049016767,0.3898026563886508,1.1447101329830537E-5,5.240158357314997E-8,0.0022070026687474515,-7.033649011845E-6,-58.03762542965069,0.005466981804904236,0.7916827231144965,-3.266286861868066,113729.74533498088,115315.79201615822,306.0358058144546,0.389803574020949,1.1447123195147598E-5,5.240129517486726E-8,0.002206950582343288,-7.033309978510261E-6,-58.034515395942435,0.005466710682890508,0.7916829341963836,-3.2664335815702863,113729.69331068809,115315.73415545296,306.03579171827164,0.3898037043604256,1.1447126302179978E-5,5.2401254195665685E-8,0.0022070497172772207,-7.033955331934294E-6,-58.03990556423082,0.005467252559366642,0.7916813998183192,-3.2662823467359736,113730.10511621257,115316.15462520602,306.0358940927861,0.3898027565929703,1.1447103716800475E-5,5.240155208851011E-8,0.0022069475315783607,-7.033256929531717E-6,-58.03448514198726,0.0054667394044436435,0.7916836409712239,-3.2663332303289954,113729.49767489484,115315.54049834874,306.0357445778724,0.38980414097996247,1.1447136705599854E-5,5.240111697757506E-8,0.0022069819123844564,-7.03358715938407E-6,-58.03643269697682,0.0054668265404931304,3.0793769511585077E-10,5.0713635714910974E-8,3.633590178874668E-9,2.7645566449223975E-10,2.2380914666890344E-11,4.571882139143751E-11,-5.109282689867504E-6
1.7000000000000002E-6,1.7000000000000002E-6,1.1703619835996402,5.5E-8,-1322.4463698933039,-554.4178132945103,0.7860411036842272,-3.287680586562854,115275.69903652261,116872.53881934105,306.4128235694016,0.38630422443228274,1.136406611068365E-5,5.3511484867336477E-8,0.002221405801731658,-6.927124390472272E-6,-59.25758732153554,0.005835661863859087,0.7860425095284785,-3.28784930534641,115275.31729387632,116872.14816346782,306.41272944028617,0.3863050999859446,1.136408681156213E-5,5.351120446782644E-8,0.0022215198009097365,-6.927793762088186E-6,-59.26348379305682,0.00583643017854385,0.7860426045462467,-3.287839307479677,115275.29088838075,116872.12175968268,306.41272307876005,0.38630515916072355,1.1364088210686322E-5,5.35111855166772E-8,0.0022215130455943764,-6.92782479703169E-6,-59.26327818755931,0.005836249001720972,0.7860412417227343,-3.2877896259635593,115275.66484419421,116872.50045157144,306.4128143191805,0.38630431038039,1.136406814328298E-5,5.351145733537417E-8,0.0022214794770024048,-6.9275180634065234E-6,-59.26146654994773,0.005836235441684323,0.786043531844175,-3.2876822586016146,115275.02939968286,116871.86411552821,306.4126610159366,0.3863057367529302,1.1364101865031365E-5,5.351100056401095E-8,0.0022214069314875776,-6.927205752731425E-6,-59.25744379211619,0.005835573113213144,3.067959223599832E-10,5.079098613395093E-8,3.5596328226085535E-9,2.723917435357696E-10,2.315408263997318E-11,4.6760876260862344E-11,-5.062157162287402E-6
1.7250000000000002E-6,1.7250000000000002E-6,1.1875731892408115,5.5E-8,-1205.7866664527037,-487.5221205284451,0.7803659610596421,-3.3070464242458404,116852.60021828033,118460.53985983477,306.79340527540177,0.3827549925842889,1.1280484778039545E-5,5.465898424456293E-8,0.0022344908271931356,-6.8005516706648454E-6,-60.42837367822153,0.00621393808522086,0.7803670160131907,-3.3072886780017026,116852.3143101819,118460.24257223732,306.79333438305235,0.3827556549968471,1.1280500317916873E-5,5.4658768011183395E-8,0.0022346545121633126,-6.801587240374829E-6,-60.43745485415366,0.006214918739868125,0.7803672364941198,-3.307151387817046,116852.24745220249,118460.18046242936,306.79331958448876,0.3827557934869002,1.1280503565687467E-5,5.465872281880437E-8,0.0022345617485250314,-6.8010635666837514E-6,-60.43222634340259,0.0062142127777384815,0.7803658192660078,-3.3072641911359293,116852.64799477698,118460.57978720976,306.7934147800054,0.3827549034829302,1.1280482689362794E-5,5.465901330914496E-8,0.002234637966983736,-6.801417188597725E-6,-60.43653171232154,0.00621491628514903,0.7803682671091435,-3.307185087083535,116851.96024611444,118459.89006346476,306.79325034956815,0.382756440682875,1.1280518747049123E-5,5.4658511573788205E-8,0.0022345845182996857,-6.801149329334066E-6,-60.433173928174256,0.006214482324530479,3.051751995186417E-10,5.086875263614806E-8,3.4862325527502377E-9,2.6786913992484384E-10,2.3931302817751513E-11,4.7763597837554505E-11,-5.010381871286468E-6
1.7500000000000002E-6,1.7500000000000002E-6,1.2047843948819825,5.5E-8,-1095.1220582229346,-405.2205402483327,0.7746594786156423,-3.324103503352584,118460.38261746599,120079.75953448369,307.1774040372304,0.3791566959947876,1.1196409784010838E-5,5.5844920949632204E-8,0.002246015880643638,-6.652874019863475E-6,-61.51904544306649,0.006592608479714102,0.7746602995768482,-3.3241358633630007,118460.1510157558,120079.52494925194,307.17734869432184,0.379157215769064,1.1196421881797874E-5,5.5844747969363315E-8,0.002246037745515541,-6.653128666869179E-6,-61.52021274854701,0.00659241148503753,0.7746607168447033,-3.3240425922005987,118460.02911206016,120079.40573389933,307.17732057755325,0.379157479990292,1.1196428030709818E-5,5.584466004849197E-8,0.002245974724459864,-6.6527425728679645E-6,-61.51660128342701,0.006592059449104681,0.774659054015943,-3.3242168433994266,118460.50733253945,120079.88084153511,307.1774326457536,0.3791564271224131,1.1196403527055079E-5,5.584501041619638E-8,0.002246092461756369,-6.653365823297009E-6,-61.52339281063814,0.006592956787621063,0.7746615341650708,-3.32425870943194,118459.805636948,120079.17217465531,307.1772654654992,0.37915799743017264,1.1196440074844827E-5,5.584448783554006E-8,0.0022461207496161754,-6.653589340714916E-6,-61.52487725977153,0.006593166134663875,3.030106782471557E-10,5.094687364566804E-8,3.4134499233441577E-9,2.629549097414937E-10,2.471141099002494E-11,4.87271974488787E-11,-4.949719277307929E-6
1.7750000000000002E-6,1.7750000000000002E-6,1.2219956005231536,5.5E-8,-983.9640066305969,-259.0851625154318,0.7689260550395004,-3.3383579913284245,120098.32454032716,121729.48823653132,307.5645191605265,0.3755116206929053,1.1111904343688747E-5,5.7069972673801764E-8,0.0022556472914381244,-6.482602221211664E-6,-62.51539046734865,0.006971746268916945,0.7689270104807632,-3.3381680540754406,120098.04221057783,121729.2114162693,307.5644545589798,0.3755122306438765,1.111191842888352E-5,5.706976566517515E-8,0.0022555189554563787,-6.481974120617906E-6,-62.507734114043615,0.006970482927499688,0.7689275215702177,-3.3381528106281175,120097.89483010635,121729.06333239915,307.5644199951097,0.3755125569122231,1.111192596340735E-5,5.706965493060808E-8,0.002255508655829809,-6.481910511269007E-6,-62.50728910250723,0.006970537233293328,0.7689256532552803,-3.338219108903217,120098.4345817156,121729.60466381925,307.56454634495407,0.3755113642267485,1.1111898420550604E-5,5.707005972718093E-8,0.002255553451961633,-6.482142273966929E-6,-62.50990737446227,0.006970751253490448,0.7689280824012801,-3.3382386171393827,120097.73689087453,121728.90082025419,307.564382055511,0.3755129148983709,1.1111934231224923E-5,5.706953342006923E-8,0.002255566633202286,-6.48233732917447E-6,-62.510601838777575,0.006970687653890195,3.0024569774656614E-10,5.102527705903452E-8,3.3413519814531437E-9,2.5771151284943593E-10,2.5493045702799946E-11,4.9653026421014905E-11,-4.866850773135185E-6
1.8000000000000001E-6,1.8000000000000001E-6,1.2392068061643249,5.5E-8,-867.8743203578886,-114.2609965005383,0.763170737498618,-3.349546395428327,121765.43600868786,123408.75553453427,307.9543999176757,0.37182257256020684,1.1027041261119099E-5,5.833464760030574E-8,0.0022632070239380587,-6.289458061274899E-6,-63.39395733955985,0.007344641596510826,0.7631720142436743,-3.3493601064765346,121765.05642470917,123408.38043425669,307.95431330405665,0.37182339430630235,1.1027060090900803E-5,5.8334363077471504E-8,0.0022630811530246855,-6.2887945829004365E-6,-63.38655925854846,0.007343715287035479,0.7631725051401694,-3.3493989125154204,121764.91488005145,123408.23620142757,307.9542799919224,0.37182371024054395,1.1027067330775307E-5,5.8334253681003044E-8,0.00226310737332123,-6.2889419301370706E-6,-63.3881268808525,0.007343975828803195,0.7631706658593869,-3.3492988211298793,121765.4470679842,123408.776606894,307.9544048011909,0.371822526496784,1.1027040204563E-5,5.83346635664465E-8,0.0022630397440066754,-6.288548866990596E-6,-63.384107804969744,0.00734329155223179,0.763173099258146,-3.3492735563316147,121764.73634972505,123408.06165309176,307.9542396892862,0.37182409262467875,1.1027076092985973E-5,5.8334121283798747E-8,0.002263022673197037,-6.288567968226744E-6,-63.382788724071816,0.007342934331191486,2.96899894869537E-10,5.110388503760867E-8,3.270007329041383E-9,2.521315648120529E-10,2.6274749153907194E-11,5.05395711274131E-11,-4.760970673421477E-6
1.825E-6,1.825E-6,1.256418011805496,5.5E-8,-748.233505320397,21.450368181277057,0.7573987013372104,-3.357783016300631,123460.63401483693,125116.46885278783,308.3466802885933,0.36809255952116804,1.0941895278845182E-5,5.963937723704327E-8,0.0022687723083112373,-6.074752557765351E-6,-64.15968954071332,0.007712334883706262,0.7574001713612091,-3.357744017690321,123460.19826473529,125116.03091912779,308.34658022803984,0.36809351335375123,1.0941916968596554E-5,5.963904020246076E-8,0.0022687459578988657,-6.074617049591779E-6,-64.15846361850049,0.00771242312241327,0.7574005065095838,-3.357885372109484,123460.10479479979,125115.93106260298,308.3465574023843,0.3680937307949334,1.0941921913608433E-5,5.963896336166975E-8,0.0022688414676415433,-6.075101983782361E-6,-64.16407288765618,0.007713292093797008,0.7573988831879195,-3.357732734935611,123460.57863445654,125116.41468635444,308.34666791638773,0.3680926775346028,1.0941897961997137E-5,5.96393355431136E-8,0.0022687383344159534,-6.074490201797289E-6,-64.158053819835,0.007712527297108807,0.7574013450812144,-3.3577243619366124,123459.85039769967,125115.68125589118,308.3465003350856,0.368094274920643,1.0941934286471594E-5,5.963877110409819E-8,0.0022687326769841977,-6.0745580842080925E-6,-64.15753757766993,0.007712374710578729,2.9303268503307336E-10,5.118262121427482E-8,3.1994794805723936E-9,2.4617400676867034E-10,2.7055113801446608E-11,5.1381997984757386E-11,-4.645482997105688E-6
1.85E-6,1.85E-6,1.2736292174466672,5.5E-8,-625.627720810632,165.67509696596392,0.7516148721968101,-3.363248792047219,125183.30318221134,126851.52401941376,308.74100510664243,0.36432455643514056,1.085653751246161E-5,6.098459300410328E-8,0.0022724654000319047,-5.817415490412259E-6,-65.29686845627634,0.008332541518058179,0.7516163221507673,-3.363312208870207,125182.87605305327,126851.08605656419,308.7409060932959,0.3643255048765677,1.0856558915746117E-5,6.098425091059448E-8,0.0022725082492366265,-5.817679545856436E-6,-65.3042845849061,0.008335060469178757,0.75161641712283,-3.3634520569008646,125182.8546880669,126851.05736129989,308.7408995956088,0.36432556699111407,1.0856560317664888E-5,6.098422850097413E-8,0.002272602741149233,-5.818164272852755E-6,-65.31139101236226,0.008336473036656855,0.7516149551240362,-3.3634155413217264,125183.29363580745,126851.49897520163,308.74099942802457,0.3643246107169814,1.0856538736589449E-5,6.098457342909903E-8,0.002272578068460626,-5.817962357070883E-6,-65.31217080191982,0.008337365478851666,0.7516174666874526,-3.363367387855641,125182.53815007603,126850.74034426764,308.7408279356695,0.36432625352983655,1.085657581065535E-5,6.098398087804096E-8,0.0022725455323348927,-5.8179149017689725E-6,-65.30939622428764,0.00833662597761986,2.886614425385292E-10,5.126141131109289E-8,3.1298272475527304E-9,2.3984160736008353E-10,2.7832779465317197E-11,5.21774143878166E-11,-4.512683684394497E-6
1.8750000000000003E-6,1.8750000000000003E-6,1.2908404230878385,5.5E-8,-501.1625739256094,292.62153962285214,0.745824244889392,-3.3656875817777934,126930.80489814289,128612.69936585643,309.13700716259376,0.3605216799905388,1.077104015628574E-5,6.237065232860503E-8,0.0022741132309309414,-5.577202890663102E-6,-65.38339282038646,0.008459443803069178,0.7458255493735001,-3.365793547110172,126930.41226285527,128612.29988329232,309.1369178103109,0.36052254009932344,1.0771059421239084E-5,6.237033555552158E-8,0.0022741848291284944,-5.577588737253336E-6,-65.38711494223185,0.008459840352152526,0.7458256117921584,-3.365694129249368,126930.3813653773,128612.28075898148,309.1369135449293,0.36052258121079495,1.0771060343044744E-5,6.237032040712505E-8,0.0022741176548982216,-5.577294000005395E-6,-65.37519224035441,0.008455627144435596,0.7458240648864863,-3.3658293654313938,126930.86255394945,128612.75447571787,309.137019480358,0.36052156128114093,1.0771037497956973E-5,6.237069603946584E-8,0.002274209030696888,-5.5776142373531455E-6,-65.38636999964592,0.00845913733044057,0.7458266765807625,-3.3657602033446548,126930.06526836677,128611.95469407321,309.136840611976,0.3605232833133521,1.0771076068116979E-5,6.237006183715332E-8,0.002274162299557199,-5.577519776096551E-6,-65.38260923056396,0.008458218293242226,2.837525465694077E-10,5.134017314887297E-8,3.0611104364729563E-9,2.3318892100040686E-10,2.860631298411326E-11,5.292708509341066E-11,-4.391800122451395E-6
1.9000000000000002E-6,1.9000000000000002E-6,1.3080516287290096,5.5E-8,-376.7390057061544,413.58817752506695,0.7400325113647326,-3.364540422412468,128704.78018728779,130398.4873258483,309.5342688309362,0.356687696534294,1.0685485782265784E-5,6.379766122654575E-8,0.0022733381232516677,-5.183751325148478E-6,-67.56047093223901,0.009831249685490207,0.7400336441793263,-3.3646346154574447,128704.43793851386,130398.13565754755,309.53419100755934,0.35668844941138717,1.0685502520061956E-5,6.379737803874556E-8,0.0022734017672009763,-5.184148480879003E-6,-67.5671316053481,0.009832958014072801,0.7400340042499997,-3.3643852877463845,128704.28025488892,130398.02387589973,309.5341663230005,0.3566886886308271,1.0685507840222903E-5,6.379728805575556E-8,0.002273233302531341,-5.18241235511141E-6,-67.5203527197425,0.009817295998743703,0.74003219563488,-3.364556294100173,128704.86176268173,130398.58533190521,309.534290530786,0.35668748665766487,1.0685481117219462E-5,6.379774016398048E-8,0.0022733488473649817,-5.183318289283534E-6,-67.54480920001242,0.00982521058507757,0.74003483300362,-3.3645941232549976,128704.06290758877,130397.7666028348,309.5341093544372,0.35668923948464143,1.0685520085412894E-5,6.379708086062753E-8,0.002273374407604728,-5.183922348805936E-6,-67.55826014458148,0.009829772350130384,2.7827296702467353E-10,5.141882345678418E-8,2.9933930389599346E-9,2.262746840097875E-10,2.9374134598342996E-11,5.363246069088619E-11,-4.168326039939238E-6
1.925E-6,1.925E-6,1.3252628343701807,5.5E-8,-250.74353878424515,562.7851141791807,0.7342460526869016,-3.359558553809565,130496.14804432137,132207.00036627156,309.9323086981781,0.3528268163126682,1.059996723243541E-5,6.52654653033924E-8,0.0022699719958172737,-5.0835627848755394E-6,-64.62486465955885,0.008363632048286718,0.7342471430021604,-3.359515366518887,130495.79833918478,132206.65727762436,309.93223359694014,0.35282754659777205,1.0599983350342153E-5,6.526518468431109E-8,0.002269942815215464,-5.083462906583236E-6,-64.61554845124829,0.008359973345065441,0.7342477425214461,-3.3594822268730704,130495.64095858604,132206.46865423291,309.9321922785156,0.3528279482636025,1.0599992212936712E-5,6.526503035949902E-8,0.002269920423562885,-5.084179351797502E-6,-64.64530677959897,0.008371928232222103,0.7342457976383373,-3.3594718337815737,130496.22923818188,132207.08061114326,309.9323262645534,0.3528266454524547,1.0599963462101552E-5,6.526553094959608E-8,0.002269913401203766,-5.0837033789719046E-6,-64.62644517336025,0.008364389848352971,0.7342483186202947,-3.3595708100793717,130495.44193920791,132206.2873678735,309.9321526054406,0.35282833409764836,1.0600000729278187E-5,6.526488209607674E-8,0.0022699802770806566,-5.083800836729325E-6,-64.62614729547636,0.008363794532471047,2.7222997591714575E-10,5.149725063346289E-8,2.9267410376748597E-9,2.1912450095708995E-10,3.013456271499372E-11,5.429237788612564E-11,-4.125661580060538E-6
1.95E-6,1.95E-6,1.3424740400113517,5.5E-8,-121.69647754052004,708.1666802509577,0.7284714083467709,-3.3508103888819862,132313.2463407763,134036.2791530688,310.33064496083665,0.348943775723518,1.0514579853636655E-5,6.677370657216234E-8,0.0022640610735689096,-4.6688804854966295E-6,-66.86276717667215,0.009834814321678209,0.7284726620903902,-3.350662252090448,132312.84776769896,134035.87934792263,310.3305583691633,0.3489446220536456,1.051459839706924E-5,6.677337429290073E-8,0.0022639609811421946,-4.668636462668019E-6,-66.8608426049293,0.009835414967085399,0.7284731175768042,-3.3508647977508828,132312.69148073348,134035.73408927832,310.33052691212237,0.3489449294965904,1.051460513391123E-5,6.677325358262675E-8,0.002264097836318164,-4.668458744134796E-6,-66.8486674767928,0.009829377179357834,0.7284713544606284,-3.35066287388005,132313.25277381143,134036.2963475003,310.33064870066505,0.34894373935160605,1.051457905663086E-5,6.677372085907723E-8,0.002263961401270304,-4.668212370120273E-6,-66.85214145452846,0.009832428778764779,0.728473790562733,-3.350664184938562,132312.48464226132,134035.51947721044,310.3304804251725,0.3489453837851416,1.0514615087677324E-5,6.677307522016821E-8,0.0022639622871206497,-4.668600964805591E-6,-66.85474665393599,0.009832785907917696,2.6567508993245993E-10,5.1575378384583714E-8,2.8612175904354183E-9,2.1172477597358193E-10,3.0885931718268914E-11,5.490474224774822E-11,-3.881547432914392E-6
1.975E-6,1.975E-6,1.359685245652523,5.5E-8,6.844000807418962,814.0536813688418,0.7227150910066978,-3.338263246160361,134144.68154339533,135884.14269108468,310.72877381054724,0.3450431639579711,1.0429418715291033E-5,6.832191477093755E-8,0.0022555832744326765,-4.4274719660108985E-6,-65.04977605055001,0.009189362308262616,0.7227164740558126,-3.338257978010833,134144.23530861211,135883.69577395456,310.728678033053,0.3450441047025583,1.042943918213476E-5,6.832153729723523E-8,0.002255579714872184,-4.4274195735738436E-6,-65.0469172057883,0.009188460152202538,0.7227166809665772,-3.3383486715450403,134144.18839118927,135883.62891364822,310.7286636819912,0.34504424547671086,1.042944224408522E-5,6.832148081264324E-8,0.002255640994287189,-4.428213931220171E-6,-65.0663303090571,0.009194669665404831,0.7227151805816396,-3.3382413607293033,134144.65616426038,135884.11374588747,310.7287676047718,0.34504322489047345,1.0429420040854242E-5,6.832189032142809E-8,0.002255568486979259,-4.42757437397745E-6,-65.05311276224575,0.009190814269430803,0.7227176905186314,-3.33815320201031,134143.84440269033,135883.3026899668,310.72859379300826,0.3450449321367787,1.0429457183774646E-5,6.832120529136705E-8,0.0022555089202772366,-4.4273463925037505E-6,-65.04598062336731,0.009188911650284126,2.5866358798368024E-10,5.165309414742696E-8,2.79688038659925E-9,2.0406049618022256E-10,3.162666058824279E-11,5.546838589669706E-11,-3.751551362747883E-6
2.0000000000000003E-6,2.0000000000000003E-6,1.3768964512936943,5.5E-8,132.9553688714567,930.9846184557346,0.7169838214460101,-3.3217066545735547,135994.92407921876,137748.30034794865,311.1261839395918,0.341130086818104,1.0344582158831427E-5,6.990937061295101E-8,0.0022443963882253747,-4.0360638018910326E-6,-65.93356041897732,0.010061824924704865,0.7169850957512258,-3.321840101392655,135994.5199059671,137747.88317402755,311.12609546010856,0.34113096016662053,1.034460102684148E-5,6.990901242205707E-8,0.0022444865549950373,-4.03641756321349E-6,-65.94324276266207,0.010064641199036828,0.7169853196822914,-3.321728626659353,135994.42803392108,137747.80984852233,311.1260799302387,0.34113111356634956,1.0344604342461313E-5,6.990894949512392E-8,0.0022444112342292926,-4.035881124764273E-6,-65.92411310348507,0.010057998394685796,0.7169837764117947,-3.3218852685339746,135994.94573705152,137748.31510404585,311.126187058961,0.3411300560001692,1.0344581492040332E-5,6.990938326312889E-8,0.0022445170733337667,-4.036241542735297E-6,-65.94057942361746,0.010063531993111496,0.7169863965726977,-3.3218437654377455,135994.09523893404,137747.45731087064,311.12600515208385,0.34113185164181703,1.0344620287451793E-5,6.990864679067496E-8,0.0022444890307011796,-4.036381770333719E-6,-65.94105152642192,0.010063908720667314,2.511973097466048E-10,5.173031191213473E-8,2.7337849107202148E-9,1.9617310098670786E-10,3.235518230976946E-11,5.598318863518992E-11,-3.5344630323880016E-6
2.025E-6,2.025E-6,1.3941076569348654,5.5E-8,262.28065920603234,1110.1907111947442,0.7112848222267142,-3.300768470795015,137856.27694769143,139626.1052424249,311.5223148045801,0.33720999413205904,1.0260176128338963E-5,7.153504076762459E-8,0.0022302489667533885,-3.7379908332013657E-6,-64.44820935288703,0.009731037061499137,0.7112859903681273,-3.30076180756891,137855.8887170504,139625.71785884193,311.5222335137696,0.3372108005708692,1.0260193434231313E-5,7.153470262055409E-8,0.0022302444645735876,-3.7380660357655416E-6,-64.4442684163514,0.009729158320112674,0.7112863624362439,-3.3006977378276225,137855.7732703657,139625.59447956402,311.5222076181066,0.33721105745601143,1.0260198946386744E-5,7.153459491098562E-8,0.0022302011742078532,-3.73821824197762E-6,-64.45121557055813,0.009732407242367458,0.7112845489764216,-3.3008594538906078,137856.3713843713,139626.19585107738,311.52233381057056,0.3372098054835939,1.0260172080166195E-5,7.153511986497744E-8,0.002230310441817978,-3.7383243402189238E-6,-64.4527610979942,0.009731595819104655,0.7112871539209601,-3.300918657582004,137855.5165892027,139625.3320198733,311.5221525311685,0.33721160391500804,1.026021067215678E-5,7.153436578930862E-8,0.002230350444312165,-3.7384460104306073E-6,-64.45489782002369,0.009732176905487222,2.4323930810439373E-10,5.180691684857092E-8,2.6719903389306294E-9,1.881483050628174E-10,3.306981394795538E-11,5.6449757346570464E-11,-3.3750552130430756E-6
2.0500000000000003E-6,2.0500000000000003E-6,1.4113188625760367,5.5E-8,398.35309613943303,1283.5496066204396,0.7056260204665197,-3.2750004983783456,139730.01724196406,141514.58394685978,311.91655797631444,0.33328910716018656,1.0176317247396582E-5,7.319744637044546E-8,0.0022128381745799633,-3.361092167182278E-6,-64.82532391653854,0.010416675975790213,0.7056272868126519,-3.2748905610074197,139729.59340645827,141514.1586685986,311.9164696595182,0.33328998774650526,1.0176336019125858E-5,7.319706885129135E-8,0.002212763892572581,-3.360976723740805E-6,-64.82335519982848,0.010416872891681805,0.7056276625179745,-3.2749510704490588,139729.46361322992,141514.0324954524,311.91644345888017,0.33329024900050325,1.017634158840548E-5,7.319695684948168E-8,0.0022128047773304453,-3.3608586180378098E-6,-64.81872298946064,0.010414772070191702,0.7056257889569573,-3.2748608355105207,139730.08799863813,141514.66169227322,311.91657413224874,0.3332889461521865,1.0176313815599372E-5,7.319751539389995E-8,0.002212743807777379,-3.3607829831794336E-6,-64.81895885472022,0.01041533494964142,0.7056282867750355,-3.2749275847488395,139729.25861842962,141513.8228423928,311.9163999137073,0.33329068308249504,1.017635084210366E-5,7.319677074763906E-8,0.002212788908614081,-3.361137817847748E-6,-64.82169953839866,0.010415494217738797,2.347978216186745E-10,5.18827993450876E-8,2.6115594895792993E-9,1.8003245427453047E-10,3.376876167922562E-11,5.686854007165577E-11,-3.156139800250645E-6
2.075E-6,2.075E-6,1.4285300682172077,5.5E-8,533.5859940942867,1371.253120006356,0.7000158222993993,-3.244288690897022,141608.86985997003,143410.41426003168,312.3082623288289,0.32937405858303204,1.0093129496005197E-5,7.489471005159912E-8,0.0021920869533087984,-3.027389508218903E-6,-63.09035048314331,0.010127843476084308,0.7000171397909596,-3.244336433108801,141608.42534535535,143409.96628442555,312.3081702453321,0.3293749812210707,1.0093149037587445E-5,7.489430558832696E-8,0.0021921192115600006,-3.027484842874628E-6,-63.090201311588544,0.010127489759923947,0.7000174416379952,-3.2443638815639946,141608.33010202675,143409.8636535311,312.30814914183355,0.3293751926220002,1.0093153514713045E-5,7.489421291785897E-8,0.0021921377578135097,-3.027731550275803E-6,-63.09676176352059,0.010129623477325822,0.7000157864944415,-3.24419661953951,141608.87844422032,143410.4264279392,312.3082648360687,0.32937403348556676,1.0093128964926552E-5,7.489472104817556E-8,0.002192024742932101,-3.027261582673191E-6,-63.08686493896107,0.010127315592853847,0.70001824321163,-3.2441782854514924,141608.0487735552,143409.5910941982,312.3080931321561,0.3293757539217222,1.0093165403973773E-5,7.48939668512726E-8,0.002192012355034792,-3.0273194262520065E-6,-63.085796180529314,0.010127001716682571,2.2594566303625519E-10,5.1957838061319484E-8,2.5525523972733767E-9,1.7181153797956672E-10,3.4450281275174234E-11,5.723911213965969E-11,-2.9626722997745824E-6
2.1000000000000002E-6,2.1000000000000002E-6,1.445741273858379,5.5E-8,661.6820382873626,1454.3744616959323,0.6944625773798839,-3.2088164253380613,143492.74366987648,145310.17021468602,312.6967787998251,0.32547169116142793,1.0010736326825182E-5,7.662466139416999E-8,0.0021681192063095008,-2.6586691879515456E-6,-62.55504551255831,0.010481173374358832,0.6944637653743353,-3.208922278276406,143492.34414580726,145309.7613481972,312.69669559895243,0.3254725288888048,1.0010753958474391E-5,7.662428586397121E-8,0.002168190728565139,-2.6588937775784416E-6,-62.561076775365336,0.010482661119311842,0.6944640634591972,-3.208898308488605,143492.23719749198,145309.6587503086,312.6966747287011,0.3254727390592055,1.0010758382501427E-5,7.662419164491184E-8,0.0021681745327625707,-2.6587609177397552E-6,-62.555895535047966,0.010480851923972523,0.6944625541593642,-3.208894329928495,143492.75490865606,145310.178217382,312.69678042388193,0.3254716748173783,1.0010735982202258E-5,7.662466872928049E-8,0.0021681718445462806,-2.6586927877758625E-6,-62.558346315156314,0.010482104422607108,0.6944650477010501,-3.208868281010478,143491.90242398035,145309.31999885113,312.6966058026119,0.32547343307398763,1.0010772990143144E-5,7.662388053002541E-8,0.0021681542439259986,-2.658834010702549E-6,-62.557130232477675,0.010481664778069444,2.1674565699331927E-10,5.203192159973971E-8,2.495023164007201E-9,1.6348427413599838E-10,3.511275913105587E-11,5.756106778472927E-11,-2.7541492361206665E-6
2.125E-6,2.125E-6,1.46295247949955,5.5E-8,790.0594042013764,1630.7809744049343,0.6889746167245512,-3.168429998819874,145375.6063038579,147210.25913616564,313.08145431668004,0.3215889416385967,9.929261226491921E-6,7.838482528211732E-8,0.0021408310802836987,-2.3189450480742834E-6,-60.75505058560566,0.010267657530192764,0.6889757515949951,-3.1683874254899647,145375.21098251897,147209.86387061357,313.08137469877175,0.3215897472175127,9.929278080264728E-6,7.838445597977064E-8,0.0021408023145202465,-2.3189873026296937E-6,-60.751777568489615,0.010266421650129587,0.688976064488238,-3.168393392264315,145375.10614729786,147209.7548975353,313.081352744364,0.32158996933795303,9.929282726993885E-6,7.838435415655261E-8,0.002140806346124537,-2.3190989384147545E-6,-60.75502840969011,0.010267622639020146,0.6889744889069177,-3.1684765810427877,145375.65257924172,147210.30365479543,313.0814632805323,0.3215888509146901,9.929259328295275E-6,7.838486687388295E-8,0.0021408625547586404,-2.319046479897224E-6,-60.757169688609565,0.010267952582438511,0.6889769491984739,-3.1685405999037357,145374.80529194605,147209.44678601014,313.0812906716593,0.321590597407639,9.929295865688097E-6,7.838406625057561E-8,0.002140905810745767,-2.319200914087105E-6,-60.759776537056496,0.010268568665026123,2.0721480980731342E-10,5.2104932066425946E-8,2.4390236826049944E-9,1.5509863304191491E-10,3.575463675161589E-11,5.783500848233066E-11,-2.566597925336877E-6
2.15E-6,2.15E-6,1.4801636851407214,5.5E-8,925.9345201160472,1815.8421795245156,0.6835608522742771,-3.1226041544229526,147255.37894714304,149106.75663099377,313.46159359007976,0.31773336009380826,9.84883665838157E-6,8.017218802836799E-8,0.0021098676719074005,-1.9667143160972957E-6,-59.507901197911224,0.010377244302105737,0.6835620598419647,-3.122559075068349,147254.95581164246,149106.3311565556,313.46150873016575,0.3177342228750186,9.848854603268865E-6,8.017178356957155E-8,0.0021098372128840197,-1.966735762124472E-6,-59.506758448773326,0.010377180216835313,0.6835623774157618,-3.122548843399203,147254.84221440484,149106.2192619049,313.4614864150469,0.31773444976981463,9.848859322526776E-6,8.017167720461707E-8,0.002109830299594056,-1.9666703559551024E-6,-59.50414022836185,0.010376240727993036,0.6835607090691489,-3.122574531276805,147255.42730590244,149106.80708333524,313.4616036551494,0.31773325776370454,9.848834530299528E-6,8.017223599569979E-8,0.0021098476562681117,-1.966676498597053E-6,-59.506220509502555,0.010376771735423063,0.6835630624045786,-3.122636630170977,147254.6073642335,149105.97792108572,313.4614382711372,0.3177349392067632,9.848869501710352E-6,8.017144777167239E-8,0.00210988961498039,-1.9669004603883876E-6,-59.50865590734088,0.010377047005533768,1.9736416962257813E-10,5.21767491618124E-8,2.384607288434307E-9,1.4671291233163943E-10,3.637433883614193E-11,5.8061922997169055E-11,-2.367381195830039E-6
2.1750000000000004E-6,2.1750000000000004E-6,1.4973748907818927,5.5E-8,1063.1691649240327,1921.527934157055,0.6782308709648772,-3.071071954373285,149126.39415036683,150995.3353003255,313.83645074913034,0.3139131063074929,9.76960549781846E-6,8.198312858303905E-8,0.0020750486178197874,-1.6384873033814529E-6,-57.44165067769836,0.010138119937664669,0.6782320609690984,-3.071137413182017,149125.97599851442,150994.91128005265,313.8363669918035,0.3139139619357967,9.769623193262037E-6,8.198271845122251E-8,0.002075092846744606,-1.638567165969107E-6,-57.44402989518039,0.010138654239938205,0.6782324091958001,-3.0711113667945287,149125.85347832151,150994.7871951884,313.8363424821592,0.313914212302445,9.769628371414674E-6,8.198259843787199E-8,0.002075075247834141,-1.638621214539171E-6,-57.444573536272856,0.01013900379487609,0.6782307535082593,-3.0710705120216506,149126.43578116794,150995.3771524737,313.83645901589546,0.3139130218553837,9.76960375123072E-6,8.198316906401076E-8,0.002075047643257872,-1.638490965518713E-6,-57.44177372498689,0.010138203778865318,0.6782330742528175,-3.071046602259407,149125.61419442698,150994.55020708087,313.83629567643874,0.3139146904427382,9.769638260848068E-6,8.198236923734299E-8,0.0020750314880131127,-1.6385999145995811E-6,-57.44032774975608,0.010137648499863872,1.8723206235858075E-10,5.224724497663626E-8,2.331827813737012E-9,1.3836236497528805E-10,3.697030771134392E-11,5.824255275421567E-11,-2.180396860145335E-6
2.2E-6,2.2E-6,1.5145860964230637,5.5E-8,1195.3216380032309,2019.1058518643326,0.6729944560491327,-3.0138757493042823,150985.81905435055,152871.4579104825,314.2052657046084,0.31013666850991617,9.691713970560746E-6,8.381352704890386E-8,0.002036402533313704,-1.2943909864304714E-6,-56.226128448377494,0.010367200382773945,0.6729955736969437,-3.013896846409526,150985.420699368,152871.05528996547,314.2051869307649,0.31013747698762556,9.691730601087329E-6,8.381313082679641E-8,0.0020364167881145446,-1.2944956532123798E-6,-56.2270618393527,0.010367236547267566,0.672995898889428,-3.0139485400860475,150985.30515607298,152870.93814848794,314.20516401068437,0.31013771223535547,9.691735439931452E-6,8.381301554026412E-8,0.0020364517162743566,-1.2944980373674753E-6,-56.22769049830549,0.01036720350697351,0.6729943432964538,-3.013872832277273,150985.85910614656,152871.49852901386,314.2052736518296,0.3101365869484146,9.691712292808124E-6,8.381356702144743E-8,0.002036400562349509,-1.2943701669598796E-6,-56.22589787335369,0.010367136323736759,0.6729966887754479,-3.0138661842238976,150985.02109394816,152870.65359285526,314.2051083419693,0.3101382835935096,9.691747193377304E-6,8.381273552103292E-8,0.0020363960704215525,-1.2944831851768869E-6,-56.22582905881495,0.010367134210326867,1.768764876013571E-10,5.23162932665678E-8,2.2807368354800975E-9,1.3006536044461083E-10,3.754107951078569E-11,5.837783485868872E-11,-1.9842824847006087E-6
2.2250000000000003E-6,2.2250000000000003E-6,1.531797302064235,5.5E-8,1325.374227715239,2157.0604305436027,0.667861423826794,-2.9509396071912315,152826.61047255658,154730.40885014625,314.56727402459956,0.3064126633247247,9.615309238599075E-6,8.565880731737313E-8,0.001993878112967048,-1.0042462368176075E-6,-53.49696601198889,0.009886579565915099,0.6678625422454089,-2.9509162408177105,152826.2057076652,154730.00166423182,314.56719510111503,0.3064134770863286,9.615325891786246E-6,8.565839963092716E-8,0.0019938623248768315,-1.0042790667341706E-6,-53.49599711295468,0.009886350331697713,0.6678627805102234,-2.95096742389573,152826.12256151898,154729.91492692227,314.5671782845283,0.30641365046993435,9.615329439539535E-6,8.56583127742697E-8,0.0019938969080376553,-1.0043569844242484E-6,-53.498866097274686,0.009887026180820158,0.6678613362888896,-2.950912962164923,152826.64124373088,154730.44071615365,314.56728020256185,0.30641259962196227,9.61530793516298E-6,8.565883922859234E-8,0.001993860109570894,-1.0042377718377793E-6,-53.49613650677861,0.009886423960210777,0.6678636222033438,-2.9509887995695725,152825.81835764032,154729.6084930432,314.5671188881839,0.306414262892537,9.615341972299586E-6,8.565800596076057E-8,0.001993911351060522,-1.004386113123701E-6,-53.4985449392002,0.009886796828453726,1.663559070570122E-10,5.238376478852516E-8,2.2313825387538242E-9,1.218423007569699E-10,3.808532684097577E-11,5.846883289598927E-11,-1.8237303649924177E-6
2.25E-6,2.25E-6,1.5490085077054059,5.5E-8,1456.0847089939018,2288.990219708695,0.6628418362564705,-2.882051599430426,154646.17810584017,156567.26658675203,314.9216963828003,0.30275006633265855,9.540542598771352E-6,8.751382673083398E-8,0.0019473321617773148,-7.074085600322633E-7,-51.54565442795729,0.009828824210671883,0.6628429220467446,-2.8821116148368926,154645.78415749338,156566.86723461607,314.92161967494536,0.3027508608215648,9.540558777118893E-6,8.751341994364561E-8,0.0019473727127276301,-7.074892374703268E-7,-51.54771313416313,0.009829236367579597,0.6628431580670905,-2.882063571339814,154645.69568552973,156566.78041716057,314.9216030028119,0.30275103349776905,9.540562293832959E-6,8.751333152436144E-8,0.00194734025090528,-7.07470564407231E-7,-51.54533150132306,0.00982855845757058,0.6628417612862457,-2.8820628082541933,154646.20569774107,156567.29416300877,314.92170167913366,0.30275001148080083,9.54054148171072E-6,8.75138548174216E-8,0.0019473397353068874,-7.073977246818686E-7,-51.54590103928717,0.009828901186551775,0.6628439201776899,-2.8821359428599815,154645.42118361086,156566.50012267497,314.9215491609132,0.3027515911634171,9.540573649333342E-6,8.751304600093397E-8,0.0019473891505810686,-7.075362127295648E-7,-51.54877617972352,0.009829419802230177,1.55716125671274E-10,5.24495347503978E-8,2.1838107848288193E-9,1.1372880318096136E-10,3.8601847197041267E-11,5.851637050068407E-11,-1.6603313349425492E-6
2.2750000000000002E-6,2.2750000000000002E-6,1.5662197133465772,5.5E-8,1587.0980269453987,2422.106213768914,0.6579460828228816,-2.8070415681011704,156437.67601640703,158376.83761508102,315.2677301223571,0.29915817222549007,9.46757071439914E-6,8.937283360250424E-8,0.0018966497081764665,-4.5433954042550796E-7,-48.67673575501135,0.009348703960085913,0.6579470767543687,-2.8070904986091563,156437.31178202492,158376.4684413274,315.26765983721,0.29915890341433726,9.467585534185073E-6,8.937245108941328E-8,0.001896682769330511,-4.5438814964882114E-7,-48.678563526586686,0.009349037618449074,0.6579473760138626,-2.8070628619060005,156437.2009497401,158376.35727985328,315.2676386759537,0.29915912354707414,9.467589996221259E-6,8.937233592322744E-8,0.0018966640958824328,-4.5441411714364224E-7,-48.67795585732415,0.009349007098506945,0.6579459811758559,-2.807062271069113,156437.71433669678,158376.8753745406,315.26773730952016,0.299158097459695,9.467569198816564E-6,8.937287271928535E-8,0.0018966636966683196,-4.5434183235215644E-7,-48.6776148013048,0.00934890138796618,0.657948050533815,-2.8070930473931432,156436.95300143847,158376.1067416923,315.2675909777223,0.2991596197523716,9.467600053492445E-6,8.937207633801556E-8,0.0018966844914818535,-4.544572887255072E-7,-48.67843407398891,0.009348898907006742,1.449955855059416E-10,5.25134722840454E-8,2.1380668392659457E-9,1.0577012106951714E-10,3.9089540881938725E-11,5.852178781832323E-11,-1.5243893261797414E-6
2.3E-6,2.3E-6,1.5834309189877482,5.5E-8,1721.0424663201738,2591.0565077433507,0.6531848232949112,-2.725766649487096,158197.03233285598,160153.71871974046,315.60455704088383,0.29564661316084023,9.396554797321178E-6,9.122945371958252E-8,0.001841734222626416,-2.1290233831905425E-7,-46.17534339195049,0.009076788993581886,0.6531858142665877,-2.7257212557965067,158196.66222696562,160153.34713930462,315.60448690898795,0.2956473458656818,9.396569583122608E-6,9.122906219850115E-8,0.001841703551213856,-2.1296951530302976E-7,-46.1736663707286,0.009076280958140615,0.6531861014217847,-2.7257633934780396,158196.55665963478,160153.23947767811,315.60446658653103,0.29564755820649646,9.396573867627724E-6,9.122894874338285E-8,0.0018417320226202971,-2.1295608306104442E-7,-46.174847433764626,0.009076544584729618,0.6531847235285515,-2.7257440915857867,158197.06855609972,160153.75612339014,315.604564101825,0.2956465393840335,9.396553308754196E-6,9.122949313823431E-8,0.0018417189808012072,-2.1290004411866903E-7,-46.174480271914945,0.0090765573046383,0.6531867307414665,-2.7257847725411724,158196.32376576957,160153.00351520756,315.60442204813677,0.2956480235348753,9.396583257399995E-6,9.122870010414566E-8,0.0018417464679332245,-2.1299630034832262E-7,-46.175914633194,0.009076813501394554,1.342448417470916E-10,5.257544758648153E-8,2.0941953818605113E-9,9.800076936121395E-11,3.954742948314284E-11,5.848737281011766E-11,-1.3930592072755275E-6
2.325E-6,2.325E-6,1.6006421246289195,5.5E-8,1859.0789162762171,2747.0979205153326,0.6485688745262721,-2.638185405178203,159917.77902763063,161892.322650572,315.9313500982903,0.292225208568448,9.327658926444599E-6,9.307672752407111E-8,0.0017825577062014885,-1.1375847321914989E-8,-43.11162672090063,0.008546255144551651,0.6485698983694915,-2.6381902522272376,159917.39507788347,161891.93527921318,315.93127759012503,0.29222596928557476,9.327674213206839E-6,9.307631251516422E-8,0.00178256098123462,-1.1409291857944482E-8,-43.11174167588547,0.008546330912736266,0.6485701479329482,-2.638193283798028,159917.30184537455,161891.84085748624,315.93125991554433,0.29222615471338165,9.32767793938028E-6,9.30762113558845E-8,0.0017825630295932621,-1.1435685394189933E-8,-43.112124892546944,0.008546387003775635,0.6485688048472125,-2.638171985304962,159917.80473251216,161892.34901074253,315.93135503315284,0.29222515679057504,9.327657886081808E-6,9.307675576921822E-8,0.0017825486387195689,-1.1377055244565781E-8,-43.11119647160126,0.008546187541242034,0.6485707270396524,-2.638230397521202,159917.0855395989,161891.6217587445,315.9312189028269,0.2922265850029049,9.327686585887083E-6,9.307597661749813E-8,0.0017825881064332445,-1.1452523978050521E-8,-43.11304755198012,0.008546508860320046,1.2353305108463856E-10,5.263533018305026E-8,2.0522384484853697E-9,9.043741716258823E-11,3.9974716585007876E-11,5.841547738400703E-11,-1.2855681478717892E-6
2.3500000000000004E-6,2.3500000000000004E-6,1.6178533302700908,5.5E-8,1994.921097317015,2837.2328878682833,0.6441090067458385,-2.544393861314548,161595.03986695458,163586.98782066416,316.2472902807878,0.2889038362486208,9.261047015738184E-6,9.490718315093793E-8,0.0017191850414287487,1.675548377022551E-7,-40.219680038246906,0.008111594037586656,0.6441099332149326,-2.544502619258168,161594.69308250395,163586.63428980124,316.2472246305131,0.2889045278335882,9.261060858102185E-6,9.49067981401501E-8,0.001719258526525789,1.6756082473534662E-7,-40.22338900109298,0.0081124892101343,0.6441101851743022,-2.5444955178946222,161594.59724397238,163586.53813591355,316.2472067769612,0.28890471589637307,9.261064622620607E-6,9.490669343752996E-8,0.0017192537283071772,1.675499748898801E-7,-40.22287830520804,0.008112330375240617,0.6441089247234489,-2.5444216791010925,161595.07185323615,163587.0191282095,316.2472960927733,0.28890377503821213,9.26104579024546E-6,9.490721723395977E-8,0.001719203837230468,1.675762356967425E-7,-40.22062768650153,0.008111854487481196,0.6441107598846907,-2.5444647601326733,161594.37895549092,163586.3188118573,316.24716605318855,0.2889051448601043,9.261073209353261E-6,9.490645461496079E-8,0.0017192329460355902,1.6750581394830987E-7,-40.22202968725196,0.008112080413695821,1.1292757022372115E-10,5.2692995002761303E-8,2.0122342017936534E-9,8.309868613130933E-11,4.037082807449494E-11,5.830802822825771E-11,-1.194232495653376E-6
2.375E-6,2.375E-6,1.6350645359112619,5.5E-8,2122.1181753711344,2899.2312559884585,0.6398159057500409,-2.444397497596443,163222.6440682732,165231.9942811959,316.55156882521067,0.2856923548096838,9.196882231836893E-6,9.671286965221818E-8,0.0016516199308084076,3.0855420050102114E-7,-36.995442657267176,0.007516412592451616,0.6398166775459273,-2.4444704413251865,163222.35193845892,165231.69735618975,316.5515141109244,0.28569293342621827,9.19689377104727E-6,9.671254110166505E-8,0.0016516692171116125,3.085460387808325E-7,-36.997670328663844,0.00751680735629634,0.6398168975188832,-2.4445144540591,163222.26966905146,165231.6127342197,316.5514985165032,0.2856930983515565,9.196897059890376E-6,9.671244745825097E-8,0.0016516989554453377,3.0855837948706724E-7,-36.99929111168353,0.007517248457929782,0.639815794974747,-2.444404053405313,163222.68653665396,165232.036902252,316.551576677965,0.28569227176859513,9.196880575623764E-6,9.671291680761808E-8,0.0016516243604089954,3.0855619058911544E-7,-36.995658496495025,0.007516428226551852,0.6398175521346707,-2.444451106097357,163222.01770531063,165231.3608627759,316.55145211066474,0.2856935890613142,9.196906847116016E-6,9.671216880222104E-8,0.0016516561527684845,3.085025565496835E-7,-36.99702112439718,0.007516662015802922,1.0247817360570628E-10,5.2748317931550545E-8,1.9742185257431963E-9,7.602086362139162E-11,4.073539314872385E-11,5.8167052350019314E-11,-1.12836328038595E-6
2.4000000000000003E-6,2.4000000000000003E-6,1.6522757415524332,5.5E-8,2242.9907087606325,3004.147685734849,0.6357003765516651,-2.338051366671166,164795.2346217319,166821.5136618053,316.84337430280686,0.28260075812768487,9.135330022398435E-6,9.848528672489776E-8,0.001579764436939977,4.214674952152109E-7,-33.85452421560649,0.006959465980230561,0.6357011028072936,-2.3380311600182315,164794.954573368,166821.23207255985,316.8433228001747,0.2826013047765469,9.13534088798247E-6,9.848497030928762E-8,0.0015797507837961024,4.2139999990808973E-7,-33.85361477213655,0.006959074471808435,0.6357012826414972,-2.3380353761795893,164794.8854015112,166821.16234850234,316.8433100472178,0.28260144014150756,9.135343578500741E-6,9.8484891958452E-8,0.0015797536325537766,4.213940074748734E-7,-33.8535602282177,0.006958972239885952,0.6357002928080923,-2.3380132365940733,164795.26551112605,166821.54612102904,316.8433802414352,0.2826006950746008,9.135328769498886E-6,9.848532321383368E-8,0.0015797386733743739,4.2144095829144135E-7,-33.85323693090095,0.006959109704325783,0.6357019334014344,-2.3381013311272705,164794.63771234028,166820.91005551248,316.84326389919244,0.2826019300092436,9.135353314592242E-6,9.848460842871308E-8,0.0015797981967076151,4.2143061932620187E-7,-33.85596844308657,0.006959733308576688,9.223177129741478E-11,5.280117565797969E-8,1.938226905602581E-9,6.924344592349074E-11,4.106822332266841E-11,5.799469673846841E-11,-1.0781661033271242E-6
2.425E-6,2.425E-6,1.6694869471936042,5.5E-8,2366.1744066642327,3172.868696012113,0.6317733582429376,-2.22534067640476,166307.46796518934,168349.6164886117,317.1218922751985,0.27963916495639146,9.076558317009191E-6,1.0021539969754684E-7,0.0015036085651383513,5.467724885477309E-7,-31.324630463716858,0.006746327743030633,0.6317741328821349,-2.2253035509401635,166307.16725159055,168349.31395502578,317.12183732996374,0.27963975024249554,9.076569914059827E-6,1.0021505460702032E-7,0.0015035834803649754,5.467431623173979E-7,-31.323801193111194,0.006746218291425521,0.6317743375471929,-2.225269573756556,166307.08724221183,168349.23401820395,317.1218228129641,0.27963990486915186,9.07657297807928E-6,1.0021496343360683E-7,0.0015035605228084837,5.467149901505764E-7,-31.323028685475492,0.006746073462863933,0.63177332708193,-2.22531685758679,166307.4794537331,168349.6286537336,317.1218944857703,0.27963914140319746,9.076557850498977E-6,1.0021541358102163E-7,0.0015035924713424256,5.467684741233825E-7,-31.324060456414372,0.006746260874876953,0.6317748040963547,-2.225419439352177,166306.9104270637,168349.05184274045,317.1217897193819,0.27964025743901194,9.076579962753416E-6,1.002147555822485E-7,0.0015036617833460654,5.467661287639203E-7,-31.32679340967661,0.006746774161058511,8.225038651800242E-11,5.2851447617740574E-8,1.9042935670385985E-9,6.279019575198288E-11,4.136934479369268E-11,5.7792854484956006E-11,-1.0187940399638678E-6
2.4500000000000003E-6,2.4500000000000003E-6,1.6866981528347755,5.5E-8,2496.5983103028916,3350.7994137452165,0.6280455985471357,-2.1065028446357905,167751.66982060505,169810.39146319378,317.38632484780214,0.276817515972872,9.020732616143227E-6,1.018938232965911E-7,0.0014233127328620206,5.661244104260277E-7,-27.583406107680275,0.005833006301600108,0.628046389265588,-2.1065207592511803,167751.3619091894,169810.0805538994,317.3862687536545,0.27681811553443475,9.02074446147491E-6,1.0189346348295821E-7,0.0014233248373318786,5.661022693459473E-7,-27.583664414820305,0.005833012786297331,0.6280465831028951,-2.1065659593610557,167751.28735715937,169810.00434573265,317.3862550028133,0.27681826252628816,9.02074736525061E-6,1.0189337527566098E-7,0.0014233553779466593,5.661261275236029E-7,-27.58464897148042,0.0058332397757681065,0.6280455729004896,-2.106520297737091,167751.68018248578,169810.40155069466,317.3863266671637,0.2768174965323061,9.020732231945511E-6,1.0189383496598613E-7,0.0014233245254980345,5.661343330132241E-7,-27.583769344360462,0.00583307943128375,0.6280469070765532,-2.1065842137101534,167751.16203656362,169809.87696633823,317.3862320198343,0.2768185081905316,9.020752218528766E-6,1.0189322785113336E-7,0.00142336771196632,5.661341344875836E-7,-27.58558531363815,0.00583345631633847,7.260378056036356E-11,5.2899013006982275E-8,1.872449335546059E-9,5.6674441804267465E-11,4.16390521944245E-11,5.756385036304027E-11,-1.0278645377594344E-6
2.475E-6,2.475E-6,1.7039093584759466,5.5E-8,2628.2051045922194,3450.770712363757,0.6245274221426811,-1.9817955889150953,169124.2957987978,171198.11231385588,317.63591538612826,0.27414546931631617,8.968012476973267E-6,1.0351097064535666E-7,0.0013390510735912806,6.120413752341847E-7,-24.7532681935877,0.005404168437110002,0.6245281047335582,-1.981903066538323,169124.03096353283,171197.84224095254,317.6358669604562,0.2741459886203061,8.968022708824744E-6,1.0351065371342911E-7,0.001339123693606975,6.121121423063869E-7,-24.756111518846865,0.00540489915647413,0.6245282155405759,-1.9819562358636382,169123.98903053562,171197.79840826546,317.63585909936444,0.27414607293659576,8.968024369794537E-6,1.0351060226216778E-7,0.0013391596188267825,6.121501483846714E-7,-24.757622532585174,0.005405260551867741,0.6245273617434156,-1.98181905576037,169124.32017862273,171198.13621965895,317.6359196712351,0.27414542338020137,8.96801157160722E-6,1.0351099868667375E-7,0.0013390669295678176,6.12064272331736E-7,-24.753954076660648,0.005404350257094848,0.6245286080797307,-1.981856729356299,169123.83221326963,171197.64305718942,317.63583125022984,0.2741463715036647,8.968030253836753E-6,1.0351042001625461E-7,0.001339092384700202,6.120460693637142E-7,-24.75477944531758,0.005404463909428614,6.335225106560802E-11,5.294376632280404E-8,1.8427214529059896E-9,5.091471191814552E-11,4.187791583398544E-11,5.731123553551596E-11,-1.020180667670188E-6
2.5E-6,2.5E-6,1.721120564117118,5.5E-8,2749.981671285654,3478.3077578097336,0.6212287956445061,-1.8513772054937812,170418.26966479508,172507.16876742282,317.8699343949291,0.27163231960203066,8.918552395460164E-6,1.0505711505628071E-7,0.0012509305442525548,5.896724330511916E-7,-21.30882860334532,0.004590844168546937,0.6212292602326639,-1.8515239940401937,170418.0897940224,172506.9838843094,317.8699014355375,0.2716326741362291,8.918559363641348E-6,1.0505689521346848E-7,0.0012510297257028336,5.897608548366406E-7,-21.31219221243964,0.004591575793710945,0.6212293852317313,-1.85145534571465,170418.03875307832,172506.93411670043,317.86989256713963,0.27163276948296317,8.918561238447396E-6,1.0505683607144276E-7,0.0012509833416990879,5.896966442264784E-7,-21.31047528249519,0.004591080478178355,0.6212287149001009,-1.851377545033947,170418.3014610904,172507.20090462023,317.86994012309293,0.27163225799350094,8.918551184407045E-6,1.050571532629571E-7,0.0012509307736715857,5.896685374295885E-7,-21.30877424710161,0.00459079729256473,0.6212298549661341,-1.851462463053341,170417.85379187053,172506.7471568347,317.86985924290684,0.2716331278928188,8.918568283805232E-6,1.0505661380335158E-7,0.001250988150711717,5.897064480109293E-7,-21.310806951436007,0.004591286779771053,5.454722328532357E-11,5.298559880168838E-8,1.815135047927641E-9,4.553511759167572E-11,4.2086761340555135E-11,5.703899337670956E-11,-1.0555416312004474E-6
2.5250000000000004E-6,2.5250000000000004E-6,1.7383317697582892,5.5E-8,2861.8495901843175,3556.692208197498,0.6181594067324484,-1.7154118960203397,171629.40008978933,173732.11062760052,318.0876815807451,0.2692871304459875,8.872502927022064E-6,1.0652241873495054E-7,0.001159062091905635,5.747243172038452E-7,-18.449652813474586,0.00405871535440383,0.6181597133545613,-1.7154504886687845,171629.27937502632,173731.98793689744,318.0876598292165,0.2692873650511563,8.87250752851849E-6,1.0652227105366182E-7,0.001159088168019449,5.747383653442739E-7,-18.450528668708102,0.004058847961857737,0.6181599409998141,-1.7153971199489626,171629.1879422129,173731.89682968706,318.08764368014334,0.2692875391976625,8.872510944798734E-6,1.0652216141644796E-7,0.0011590521080736234,5.746917653937089E-7,-18.449386332516497,0.004058616797976811,0.618159345286427,-1.7153890407092358,171629.42398299067,173732.1352113209,318.08768593953374,0.26928708342673097,8.87250200489702E-6,1.0652244833069168E-7,0.001159046649127862,5.747079812579159E-7,-18.4491827480133,0.004058605823956896,0.6181602924471584,-1.7155286655931463,171629.05140872576,173731.75622189196,318.08761874971407,0.26928780813150116,8.872516218994958E-6,1.0652199214069969E-7,0.0011591409902656394,5.74793615157887E-7,-18.452199734908845,0.004059299591233412,4.623967479036077E-11,5.302441205550126E-8,1.7897138767169503E-9,4.0557800850390005E-11,4.226666354131315E-11,5.675028524443783E-11,-1.0844246417186338E-6
2.55E-6,2.55E-6,1.7555429753994602,5.5E-8,2975.4057453988844,3725.648525748882,0.615328596103696,-1.5741384814755908,172751.62316660525,174867.65208387765,318.288484324264,0.2671185988842602,8.83000956837705E-6,1.0789706251810717E-7,0.001063607082078102,5.169031911123057E-7,-15.339101557402955,0.0033276185304202954,0.6153289531790944,-1.5740406969907128,172751.47869464313,174867.5084711181,318.28845899558837,0.26711887271297663,8.83001492986146E-6,1.0789688770402381E-7,0.0010635410114802114,5.167981167630842E-7,-15.336948212453535,0.003326987548859961,0.6153291266640856,-1.5741560870926028,172751.41198393266,174867.43873307228,318.2884466913562,0.2671190058123455,8.830017534747504E-6,1.07896802760436E-7,0.001063618977765272,5.16903812979308E-7,-15.339346787180602,0.0033276648288165234,0.615328573086748,-1.5741163514478347,172751.6318599716,174867.66133484937,318.2884859567372,0.26711858122290405,8.8300092227759E-6,1.0789707378840739E-7,0.0010635921293566451,5.168856401382982E-7,-15.338627372459996,0.0033275024102863426,0.615329320469925,-1.5742102574995878,172751.33591320866,174867.36080973173,318.2884329446614,0.26711915447497653,8.830020444747475E-6,1.0789670787178523E-7,0.0010636555793916134,5.169359273793362E-7,-15.34049699592697,0.0033278867907711174,3.848195406117414E-11,5.3060108736830806E-8,1.7664798837600638E-9,3.600008422119849E-11,4.2418955460307934E-11,5.644771303991325E-11,-1.1395023006179185E-6
2.5750000000000003E-6,2.5750000000000003E-6,1.7727541810406315,5.5E-8,3094.2839105336648,3858.7192910839635,0.6127452088399435,-1.427893793074242,173780.67251342285,175908.78159810175,318.47171209594535,0.2651349763393866,8.791210437059504E-6,1.0917140740272678E-7,9.647931034285418E-4,4.608908773207077E-7,-12.665514534871818,0.002775004632724176,0.6127456787210466,-1.4278576631859812,173780.48387473458,175908.59180243182,318.47167877198956,0.2651353375101913,8.79121749580637E-6,1.0917117387648861E-7,9.647686913418792E-4,4.608678146666989E-7,-12.664952620823442,0.0027749461394819264,0.6127456563887118,-1.4279730069981018,173780.49499408354,175908.60084579414,318.4716803564913,0.2651353203823153,8.791217160327548E-6,1.0917118496875605E-7,9.648466263500688E-4,4.609559428558896E-7,-12.667110300817512,0.002775445826273426,0.6127452031543416,-1.4278955981202208,173780.67487785482,175908.7838955224,318.4717124993099,0.2651349719705,8.79121035164826E-6,1.0917141022821185E-7,9.647943230542032E-4,4.6089786181369164E-7,-12.665602344934086,0.00277505484291396,0.6127458443353841,-1.4279246382788937,173780.4186476901,175908.52492023565,318.47166702645995,0.2651354648308653,8.7912199837369E-6,1.0917109156385798E-7,9.648139447830363E-4,4.608932242433639E-7,-12.666001930067978,0.002775072196641304,3.132590414368539E-11,5.309260216836934E-8,1.7454524384255723E-9,3.187430632550792E-11,4.2545236112776326E-11,5.613440304348583E-11,-1.1917014477478795E-6
2.6E-6,2.6E-6,1.7899653866818024,5.5E-8,3208.4371159049074,3898.258257672929,0.6104173936338191,-1.277149787812961,174711.48943946563,176850.83790278752,318.6367866266447,0.2633438625332492,8.75623314128715E-6,1.1033620835838862E-7,8.629390458195683E-4,3.813574731736935E-7,-9.977587769697493,0.0021378055896548176,0.6104177658896724,-1.2772989711078138,174711.3425471776,176850.68698139596,318.6367602323429,0.2633441492813828,8.756238736004746E-6,1.1033602081361351E-7,8.630398453431175E-4,3.8148903001911095E-7,-9.980243581260765,0.0021385801526889736,0.6104176985632803,-1.2772369555128682,174711.3682963857,176850.71426787504,318.6367650051446,0.2633440974055904,8.75623772413877E-6,1.1033605473542974E-7,8.629979429141001E-4,3.81412257155489E-7,-9.978954685067947,0.0021381088987482144,0.6104173800142031,-1.2771575900725782,174711.49503687694,176850.84342708567,318.6367875924558,0.2633438520462281,8.756232936595567E-6,1.103362152193233E-7,8.629443176166069E-4,3.813641072270002E-7,-9.97771112694545,0.002137834810014283,0.6104179188600071,-1.277245756684517,174711.28004513247,176850.62493932366,318.6367493846184,0.2633442670755013,8.756241035023825E-6,1.1033594375297679E-7,8.630038896517007E-4,3.8142590184975235E-7,-9.979219286549323,0.002138238933298453,2.4819981840228576E-11,5.312181186872204E-8,1.726647796455045E-9,2.8189686734456213E-11,4.2647367390473886E-11,5.581412434854897E-11,-1.2577183492255183E-6
2.6250000000000003E-6,2.6250000000000003E-6,1.8071765923229737,5.5E-8,3313.0433440661527,3954.2458972739496,0.6083524601801277,-1.1224113191440812,175540.30628760363,177689.60421327248,318.78319367275014,0.26175210970505147,8.725192524760759E-6,1.1138279807541131E-7,7.583860264487035E-4,3.057058789579514E-7,-7.674536152671408,0.0016317088468440488,0.6083525553949516,-1.1225868076808592,175540.27049750937,177689.56549890278,318.7831869236881,0.26175218320914967,8.725193956354716E-6,1.1138274951681324E-7,7.585045997843643E-4,3.0582645337062787E-7,-7.677106520935467,0.001632338108777276,0.6083526253123368,-1.1224865533419683,175540.24081259695,177689.53703132385,318.7831819660034,0.26175223712148915,8.725195007580283E-6,1.1138271387067001E-7,7.584368603661949E-4,3.0574954138273827E-7,-7.675629311973353,0.0016319629696113225,0.6083524468388468,-1.122403323999444,175540.31154156924,177689.6096404663,318.78319461847786,0.2617520994100864,8.72519232416989E-6,1.113828048785648E-7,7.583806243239487E-4,3.0569838244787206E-7,-7.674412512935305,0.001631669505627542,0.6083527665888181,-1.1225703903762208,175540.18513228535,177689.47955958996,318.78317195099413,0.26175234613807913,8.72519713172184E-6,1.1138264182941671E-7,7.5849350701096E-4,3.0581722526790145E-7,-7.676895621361382,0.0016323140341114595,1.9004985799512178E-11,5.3147668020799404E-8,1.71007940269195E-9,2.4956899217554114E-11,4.27274553523613E-11,5.5490627443073725E-11,-1.3201581116935284E-6
2.65E-6,2.65E-6,1.8243877979641447,5.5E-8,3415.430715173773,4077.2458457872494,0.6065569383097389,-0.9640808717278295,176263.13126895836,178421.28757872496,318.91047601078196,0.26036583573778505,8.69819143450791E-6,1.1230317806567391E-7,6.514059944106956E-4,2.2194430300714886E-7,-5.511866739181187,0.001112437837264224,0.60655685805352,-0.9641104966000515,176263.16376808542,178421.32033325703,318.9104816989039,0.26036577373131553,8.69819022739714E-6,1.1230321942111227E-7,6.51426011216251E-4,2.2192444603774675E-7,-5.51191160206281,0.0011122909083951527,0.6065569922748375,-0.9641349894426974,176263.11003416072,178421.26556092766,318.910472185719,0.260365877442854,8.698192246183642E-6,1.1230315025569337E-7,6.51442560434255E-4,2.2196725936396434E-7,-5.512447835185412,0.0011125405811185374,0.6065569386609025,-0.9640726363246032,176263.13101942238,178421.28743411996,318.91047598582423,0.26036583600707147,8.69819143978931E-6,1.1230317788507294E-7,6.514004299490562E-4,2.2193862918129527E-7,-5.511760494457576,0.0011124107172122422,0.6065570084108725,-0.9641976448446851,176263.10426331838,178421.25898397516,318.910471042222,0.2603658899235011,8.698192488883635E-6,1.1230314193839395E-7,6.514848951653277E-4,2.2199955154178497E-7,-5.513193573923218,0.001112700649969156,1.3914627036254899E-11,5.317010704029232E-8,1.69575893735418E-9,2.218784531202897E-11,4.278782222252482E-11,5.516749447007855E-11,-1.3860602292579508E-6
2.6750000000000002E-6,2.6750000000000002E-6,1.841599003605316,5.5E-8,3519.2078618756477,4179.420802346031,0.6050366637597582,-0.8025602898165759,176876.85682849042,179042.5083875799,319.0182278118705,0.25919049684372447,8.675321902628208E-6,1.1309008276520707E-7,5.422704660922811E-4,1.4721961179020583E-7,-3.720391742499487,7.0344051465554E-4,0.6050365961967558,-0.8025141303219837,176876.88359708525,179042.5360228946,319.0182325994135,0.25919044456747836,8.67532088611789E-6,1.1309011789450265E-7,5.422392772445835E-4,1.4717517004214643E-7,-3.719779213683978,7.032220182168203E-4,0.6050366384867908,-0.8025980778682251,176876.8674533768,179042.51873215605,319.0182296030898,0.259190477300217,8.675321522389066E-6,1.1309009590386885E-7,5.422959985596116E-4,1.4723410401984438E-7,-3.7207671362471046,7.035186457073905E-4,0.605036671815253,-0.8025596260111455,176876.85358322258,179042.50509193286,319.01822724102294,0.25919050307547964,8.675322023825909E-6,1.130900785769578E-7,5.422700175750984E-4,1.4722189746407822E-7,-3.7204118147064946,7.034563587922094E-4,0.6050365780796627,-0.8026240175326225,176876.89208896738,179042.543449294,319.01823388407206,0.2591904305744508,8.6753206135439E-6,1.1309012731009717E-7,5.4231352535988E-4,1.4723479409894936E-7,-3.720912856947052,7.035036023808061E-4,9.58034181456778E-12,5.31890740036193E-8,1.6836965947383832E-9,1.9890191379789938E-11,4.2830986115037846E-11,5.4848479897221366E-11,-1.443680649060523E-6
2.7000000000000004E-6,2.7000000000000004E-6,1.8588102092464873,5.5E-8,3618.55934843375,4223.789248805513,0.6037966395568273,-0.638414015313582,177378.485071922,179550.3614123112,319.10610247158877,0.25823076198968864,8.656662956149147E-6,1.1373715621248241E-7,4.3136082115782565E-4,7.651615689496794E-8,-2.1715687570740556,3.2689874439029154E-4,0.6037965908944742,-0.6384369041732015,177378.50520113632,179550.38136742526,319.10610592031077,0.2582307243159887,8.656662223823388E-6,1.1373718169709832E-7,4.3137628660351455E-4,7.654299551518306E-8,-2.171926774777603,3.270533524073471E-4,0.6037965216901806,-0.6384831625621208,177378.53358543795,179550.40974306056,319.10611082414124,0.25823067073469486,8.6566611823588E-6,1.1373721794021851E-7,4.3140754227170326E-4,7.655118039906483E-8,-2.172196996238199,3.2707468358239566E-4,0.603796648636413,-0.6384135759992842,177378.48137907707,179550.35768980248,319.10610182820056,0.2582307690201402,8.65666309278915E-6,1.137371514572818E-7,4.3136052432384063E-4,7.651592028423692E-8,-2.1715641048781436,3.2689714282696514E-4,0.6037964353006356,-0.6384873722837603,177378.56866049676,179550.44516084364,319.1061169456493,0.25823060384093455,8.656659882269824E-6,1.1373726318472395E-7,4.3141038667821643E-4,7.654712874227699E-8,-2.172180778542497,3.2704921744652893E-4,6.030819812832134E-12,5.320452263371371E-8,1.673900159022461E-9,1.806695596435558E-11,4.28596459185356E-11,5.4537465443938946E-11,-1.4967295303787467E-6
2.725E-6,2.725E-6,1.8760214148876584,5.5E-8,3710.4666827039737,4274.955452657471,0.6028408107170934,-0.4723087585020449,177765.8590074056,179942.52467043747,319.1738284796781,0.25749034103204005,8.642277132056904E-6,1.1423916443991152E-7,3.191275395284087E-4,2.066570843339832E-8,-1.0011384863109924,5.420681253553994E-5,0.6028406674941631,-0.4723965444658191,177765.91797539414,179942.58348960054,319.1738386280648,0.257490230061243,8.642274976252671E-6,1.1423923987085177E-7,3.191868543687967E-4,2.0713162314223154E-8,-1.0018305279213564,5.444299085866078E-5,0.602840551740867,-0.47240403592775637,177765.96501930043,179942.6310193408,319.1738468291908,0.25749014036212997,8.642273233921748E-6,1.1423930083646997E-7,3.1919191616740293E-4,2.0703348440065385E-8,-1.0017837239465734,5.439006338292529E-5,0.6028408163178183,-0.4723131194563435,177765.8567793539,179942.52237123428,319.1738280829036,0.2574903453729303,8.64227721635975E-6,1.1423916148994987E-7,3.1913048611915105E-4,2.0668692570779967E-8,-1.0011883952911376,5.4226292832026957E-5,0.6028404579387192,-0.4724081208809142,177766.003184735,179942.66953652533,319.17385347526044,0.2574900676744697,8.642271822001966E-6,1.1423935024060682E-7,3.19194676270888E-4,2.0703495948737327E-8,-1.0017877475825117,5.438418259018363E-5,3.2878882618020884E-12,5.3216417859740555E-8,1.6663744557293998E-9,1.6720363566717397E-11,4.287665494927918E-11,5.423816400243672E-11,-1.5384318147314622E-6
2.7500000000000004E-6,2.7500000000000004E-6,1.8932326205288297,5.5E-8,3798.8327152407915,4359.142559927533,0.6021720125526991,-0.30486867220085706,178037.21667339755,180217.28536819314,319.22121169637893,0.25697193337448493,8.632209613632446E-6,1.1459210826777199E-7,2.0599234608166019E-4,-2.257210766742901E-8,-0.1378620839350333,-1.5789679230238107E-4,0.6021717270490263,-0.30494696195310655,178037.33320907567,180217.40273232837,319.22123192325506,0.25697171202520064,8.63220531560768E-6,1.145922592316217E-7,2.0604524456290982E-4,-2.255963906350189E-8,-0.13811916424810988,-1.5785000817913897E-4,0.6021716196467303,-0.3049297331940291,178037.37680421575,180217.44687991,319.22123953206057,0.25697162875215623,8.632203698752906E-6,1.1459231602287858E-7,2.0603360350947912E-4,-2.2571085906974985E-8,-0.13797508642937828,-1.579130433242426E-4,0.6021720215110279,-0.30486074796978846,178037.21294883025,180217.28168479874,319.22121106162047,0.2569719403186049,8.632209748492564E-6,1.1459210353114511E-7,2.0598699187147868E-4,-2.2577586378247363E-8,-0.13778684989574685,-1.5792912375900414E-4,0.6021714706954859,-0.30498903218542495,178037.4378770784,180217.50811393186,319.22125008514007,0.2569715132761999,8.632201456414179E-6,1.1459239478214162E-7,2.060736703955574E-4,-2.254183598893178E-8,-0.1383802676882624,-1.5775554732044839E-4,1.3661238508055207E-12,5.322473438021789E-8,1.6611217797403185E-9,1.5852221032567757E-11,4.288498442627419E-11,5.3954162848840735E-11,-1.5699615144485863E-6
2.775E-6,2.775E-6,1.9104438261700007,5.5E-8,3885.7636454683256,4432.6137925207295,0.6017920571346131,-0.13665816718876744,178191.5177739945,180373.5142356681,319.24812903161774,0.25667729665325223,8.626489466769938E-6,1.1479324289477002E-7,9.233659945186989E-5,-4.713290508107093E-8,0.3442296159828402,-2.699209713341588E-4,0.6017916496855594,-0.13672126103947352,178191.68389663013,180373.68182807227,319.2481578961959,0.25667698066104266,8.626483332472105E-6,1.1479345882374625E-7,9.23792304320767E-5,-4.7132086251622243E-8,0.3441480102355854,-2.699187922985402E-4,0.601791569594636,-0.13670634243081067,178191.71653156905,180373.71477086368,319.24816357001424,0.25667691854698016,8.626482126673157E-6,1.147935012683487E-7,9.236915029108829E-5,-4.713277732548704E-8,0.34415091387108987,-2.6991558934241766E-4,0.6017921087165206,-0.13661671065883424,178191.49657781053,180373.49301670335,319.2481253771692,0.2566773366537004,8.626490243354269E-6,1.147932155593363E-7,9.230858828299611E-5,-4.71475516405917E-8,0.344403234555557,-2.699975271980293E-4,0.6017913013622463,-0.13678658564188145,178191.82599555686,180373.82510238874,319.2481825724342,0.25667671052509683,8.626478088334294E-6,1.1479364341895104E-7,9.242336867694693E-5,-4.711919160627076E-8,0.3439971469010743,-2.6986393515926466E-4,2.7411939224378034E-13,5.322945688650802E-8,1.6581423580173895E-9,1.5462381997696725E-11,4.2887687090955755E-11,5.368926958083215E-11,-1.5872256884837704E-6
2.8000000000000003E-6,2.8000000000000003E-6,1.927655031811172,5.5E-8,3968.6398181604213,4477.217390470076,0.6017017811166784,0.03175444495935523,178228.16280818373,180410.64741866913,319.25452426208415,0.2566072787069521,8.625130314326427E-6,1.1484109821277717E-7,2.1455706053618397E-5,-5.472368030723374E-8,0.48859255396928347,-3.071659082820588E-4,0.6017012689188757,0.03169580932798199,178228.37152259448,180410.85812564782,319.2545605468469,0.25660688144769717,8.625122602851714E-6,1.1484136979900595E-7,2.1416087383771612E-5,-5.472687419683098E-8,0.4886342618560775,-3.071847715432341E-4,0.6017011783055142,0.03166905989084924,178228.40859057094,180410.89540397347,319.25456696630846,0.2566068111709801,8.625121238608325E-6,1.1484141784521177E-7,2.1398013439763002E-5,-5.471320136507529E-8,0.48849948240876984,-3.0710698183611385E-4,0.6017018901254405,0.03178057877175282,178228.1184717098,180410.6025757807,319.25451653985346,0.2566073632551865,8.625131955525148E-6,1.1484104041217042E-7,2.147336403496812E-5,-5.471782273502868E-8,0.48850133184259903,-3.0712507060570715E-4,0.6017008286985307,0.03165389623946874,178228.55083060553,180411.03922188224,319.25459173250687,0.2566065400124946,8.625115975044074E-6,1.1484160322100316E-7,2.138776772937077E-5,-5.4735845083087045E-8,0.48874577005062747,-3.072405868920214E-4,1.474562790127947E-14,5.32305792643345E-8,1.657434562503825E-9,1.5548471276067678E-11,4.288786227230112E-11,5.344757378124883E-11,-1.5912764392280944E-6
2.825E-6,2.825E-6,1.944866237452343,5.5E-8,4045.7058966144114,4518.209481718712,0.6019009941894233,0.19974452804159473,178147.21510024337,180328.7113452489,319.2404116715874,0.25676177985203497,8.62812953658657E-6,1.147355296120342E-7,1.3496251894702346E-4,-4.284406287524689E-8,0.2587102425368357,-2.489960201614849E-4,0.6019004006692762,0.19970838254680495,178147.45674809723,180328.95542619526,319.2404537183207,0.2567613195882802,8.628120601119968E-6,1.1473584394889675E-7,1.3493809631540875E-4,-4.2856616175868115E-8,0.2588843986786742,-2.490644504291595E-4,0.6019002516114611,0.19966657485326614,178147.51740298673,180329.01672502275,319.24046427812556,0.2567612039962989,8.628118357049058E-6,1.1473592289235727E-7,1.3490984787382847E-4,-4.28569461519146E-8,0.258961022159383,-2.490664194283454E-4,0.6019010857828634,0.1996985810689236,178147.17793282674,180328.67367995795,319.24040518325285,0.25676185088347714,8.628130915529261E-6,1.1473548110257929E-7,1.3493147369521866E-4,-4.2824416510711674E-8,0.2585609722686968,-2.488785873424604E-4,0.6018998836192345,0.19966171417324108,178147.66732981527,180329.16806042095,319.240490347818,0.25676091862673117,8.628112816912785E-6,1.1473611778678305E-7,1.3490656363056828E-4,-4.2861045557174296E-8,0.258969011055342,-2.4908399626610844E-4,5.852707349871981E-13,5.3228105142776935E-8,1.6589948655553113E-9,1.6106305871981182E-11,4.2888621050473636E-11,5.3232862275522266E-11,-1.5805769961288436E-6
2.8500000000000002E-6,2.8500000000000002E-6,1.9620774430935144,5.5E-8,4117.917408446604,4564.759967760695,0.6023883798857024,0.36662790392027567,177949.29048714114,180128.36178316572,319.2058828372768,0.25713967453814196,8.635466775394346E-6,1.1447777300963592E-7,2.47721556702889E-4,-1.385695767908146E-8,-0.3129213549873384,-1.1217574166266786E-4,0.602387725018259,0.36659325164689194,177949.55695299341,180128.63088081923,319.2059292331802,0.257139166894618,8.635456917338352E-6,1.1447811884061324E-7,2.476981430046567E-4,-1.3865040102700731E-8,-0.3127774929334919,-1.1221350763435112E-4,0.602387536451114,0.36658867523834693,177949.6335520544,180128.70836507768,319.20594259249964,0.2571390207177214,8.635454078739634E-6,1.1447821842225005E-7,2.476950508367209E-4,-1.3879289895157855E-8,-0.3126086914253392,-1.122955110872681E-4,0.602388383293396,0.36657018326096125,177949.2888250618,180128.36037984566,319.2058825957945,0.25713967717493613,8.635466826691206E-6,1.1447777121095638E-7,2.4768255625740623E-4,-1.3866785479876853E-8,-0.31264964961746955,-1.1222798656262967E-4,0.6023871037362557,0.3665187775057159,177949.80963034043,180128.8861767132,319.20597324973113,0.25713868528387496,8.635447564859607E-6,1.144784469369856E-7,2.476478226389972E-4,-1.387244111583641E-8,-0.31251929473364726,-1.1224895013128844E-4,1.976324347479136E-12,5.322204853647197E-8,1.662817218381114E-9,1.7130941381262004E-11,4.289304951958264E-11,5.304829959705877E-11,-1.5569145734381169E-6
2.8750000000000004E-6,2.8750000000000004E-6,1.9792886487346857,5.5E-8,4186.258132044375,4609.567023198376,0.6031614716943654,0.5317510302020444,177635.67626535706,179810.89194574556,319.1511086256252,0.25773879618821566,8.647103595826559E-6,1.1407043621704733E-7,3.5929123662300296E-4,3.177476315840977E-8,-1.2356355276506292,1.112972664714107E-4,0.6031607321016038,0.5316874397032535,177635.9766815807,179811.19547564143,319.15116102946564,0.2577382232119076,8.6470924641328E-6,1.1407082501491269E-7,3.5924827006976587E-4,3.17651659997864E-8,-1.2353236746075709,1.112531077183121E-4,0.60316054298184,0.5316920813443553,177636.05361747133,179811.27309186367,319.1511744295018,0.2577380766991444,8.647089617670088E-6,1.1407092443352277E-7,3.592514063137536E-4,3.1764473789053225E-8,-1.23535979162898,1.1125274016876574E-4,0.6031614560999929,0.5317856794305715,177635.68246493957,179810.89834364635,319.1511097300424,0.257738784104272,8.647103361113571E-6,1.1407044441521665E-7,3.593146482638997E-4,3.175307796254856E-8,-1.235496285968111,1.1116482966144758E-4,0.6031600073771057,0.5316408383262399,177636.2708963279,179811.49290190198,319.1512123794664,0.25773766175111895,8.647081556220855E-6,1.1407120599874496E-7,3.5921678265286476E-4,3.173986527826855E-8,-1.2348576621043321,1.1110682203252509E-4,4.171611059872435E-12,5.321243457564376E-8,1.6688926827417234E-9,1.8616240149198105E-11,4.2904169377820475E-11,5.2897095873477436E-11,-1.5204573482241026E-6
2.9E-6,2.9E-6,1.9964998543758568,5.5E-8,4251.100959078317,4653.351551804355,0.604216788009358,0.694587088914799,177208.1883138086,179378.17113578162,319.0763298935892,0.2585560438469844,8.662985560704729E-6,1.1351738462064244E-7,4.6931560061810743E-4,9.054345355252735E-8,-2.478377243047362,4.077479612760726E-4,0.6042159425197435,0.6945269917551574,177208.5309405382,179378.51752619472,319.07638980828585,0.25855538937257205,8.662972837898856E-6,1.1351782633430096E-7,4.6927499442916043E-4,9.051848905983207E-8,-2.4778041273484632,4.076067557434726E-4,0.6042157290046946,0.6944943471393044,177208.6174780114,179378.60500201135,319.07640493898094,0.25855522409561893,8.662969624954822E-6,1.1351793788245672E-7,4.692529372562867E-4,9.05186648481049E-8,-2.477671512986035,4.076140936035699E-4,0.6042168826276576,0.6946815770991757,177208.15057662796,179378.1323779702,319.07632318853217,0.2585561170994419,8.66298698450913E-6,1.1351733518683402E-7,4.693794439859295E-4,9.056315150246519E-8,-2.479040819157035,4.078432622236505E-4,0.6042151634912921,0.6945109321130851,177208.8469316467,179378.83669159212,319.0764450132653,0.2585547863490038,8.66296111519001E-6,1.1351823332727428E-7,4.692641433196521E-4,9.050375027186419E-8,-2.4775696146930386,4.075173487194661E-4,7.150244038775063E-12,5.319929793251747E-8,1.6772102049818E-9,2.0552802616854702E-11,4.292490309249269E-11,5.278287934872513E-11,-1.473334616093362E-6
2.9250000000000004E-6,2.9250000000000004E-6,2.013711060017028,5.5E-8,4312.068713464574,4686.2204516691,0.6055499752415353,0.8546514035591621,176669.17060384413,178832.57954154193,318.98184797369066,0.25958749805529213,8.683044446570635E-6,1.1282360396543986E-7,5.774671645670014E-4,1.5989981989150692E-7,-4.033612643285323,7.775028993819433E-4,0.6055490432193453,0.8546110402535401,176669.54761537423,178832.9605504593,318.981914030586,0.2595867773674169,8.683030425437834E-6,1.1282408708397636E-7,5.774398920632027E-4,1.598773718569646E-7,-4.033115186141913,7.773665377044381E-4,0.6055487737290838,0.8545778646139165,176669.65636956296,178833.0707148871,318.9819331305882,0.25958656897900595,8.683026371285467E-6,1.1282422677696173E-7,5.774174760904841E-4,1.5986113311328154E-7,-4.032716939467264,7.772729038038051E-4,0.6055501678220634,0.8546722765549665,176669.09318897428,178832.50082082071,318.9818343251089,0.25958764697724873,8.683047343710068E-6,1.1282350413916638E-7,5.774812679425449E-4,1.599364267690362E-7,-4.034195317280137,7.777176678587239E-4,0.6055482023126696,0.8545560524574354,176669.88780927766,178833.3043127839,318.9819736299593,0.2595861271352285,8.68301777502421E-6,1.1282452297449681E-7,5.774027381469158E-4,1.5986771060738646E-7,-4.032704548325455,7.773081625828127E-4,1.088672648940807E-11,5.3182681748792016E-8,1.6877572390946606E-9,2.2929314476973127E-11,4.2958045342165375E-11,5.270895098269805E-11,-1.4177240377524753E-6
2.95E-6,2.95E-6,2.030922265658199,5.5E-8,4367.489625875906,4699.131620074304,0.607155752328473,1.011352274716999,176021.46040933736,178177.02158032864,318.8680292371528,0.2608283824372879,8.70719748648324E-6,1.1199515153984526E-7,6.833461315655399E-4,2.354693367578875E-7,-5.869074413806629,0.0012083524671879786,0.6071547358314274,1.0112950051551264,176021.87042115958,178177.4360203326,318.86810129360913,0.2608275974460368,8.707182199471723E-6,1.1199567350429358E-7,6.833074359156259E-4,2.354497178203019E-7,-5.868441008413811,0.0012082231545491595,0.6071544428759845,1.0113007184044915,176021.98868781904,178177.5554633837,318.86812206018885,0.26082737121234334,8.707177793739829E-6,1.1199582393518E-7,6.833112962192511E-4,2.3544174467815538E-7,-5.868358277556581,0.0012081657245630595,0.6071558989589207,1.0112775081231544,176021.40054629277,178176.9617897006,318.86801884314076,0.26082849566042526,8.707199691643302E-6,1.1199507624870103E-7,6.832956135967259E-4,2.35457094532876E-7,-5.86845459971255,0.0012083026901450467,0.607153780028644,1.0112157705815334,176022.25557160913,178177.82571109783,318.8681690475354,0.2608268593189903,8.707167825231971E-6,1.1199616430665897E-7,6.832538990415766E-4,2.3541764534229515E-7,-5.867468899031792,0.0012080182443696685,1.5348195562728336E-11,5.316263839345723E-8,1.7005190204579495E-9,2.5735767839520608E-11,4.30062311095627E-11,5.267777198398414E-11,-1.3567198004943266E-6
2.9750000000000003E-6,2.9750000000000003E-6,2.04813347129937,5.5E-8,4416.850782126458,4713.4905162323685,0.6090278155644068,1.1640907066356325,175268.45090856423,177414.95371729528,318.73531269045327,0.2622729975951369,8.735346032443886E-6,1.1103911136530792E-7,7.865477747538058E-4,3.132933845506614E-7,-7.962501526927099,0.0016950468293543963,0.6090266968720655,1.1640287338178985,175268.9005201078,177415.40840112424,318.73539200520594,0.26227213500223046,8.735329214788025E-6,1.1103967954445152E-7,7.865059012283098E-4,3.1326521749974744E-7,-7.961577116819626,0.0016948387424804423,0.6090264141695841,1.1640356415449735,175269.01452090114,177415.52330750824,318.73541204878495,0.262271917024523,8.735324964832782E-6,1.110398231272646E-7,7.865105686114686E-4,3.132726845933576E-7,-7.961719729728884,0.0016948726885175347,0.6090278586705161,1.1640434956842785,175268.43264262966,177414.93618692775,318.73530963381705,0.26227303081659425,8.73534668046867E-6,1.1103908947488997E-7,7.865158754623503E-4,3.132524585680585E-7,-7.961606132583711,0.001694811044785638,0.6090256446430585,1.1639952015868211,175269.32357228987,177415.8360736514,318.7354666075628,0.2622713236592116,8.735313396293626E-6,1.1104021397001827E-7,7.864832443154197E-4,3.132376163250683E-7,-7.960858230283975,0.0016946288440635726,2.0495996316929453E-11,5.3139230239512195E-8,1.7154778941864108E-9,2.896117431292078E-11,4.3071902986281287E-11,5.269171080465962E-11,-1.2923978291495004E-6
3.0E-6,3.0E-6,2.0653446769405415,5.5E-8,4462.397559100064,4745.450819226095,0.6111589989020464,1.312461734641579,174413.98970039387,176550.3051872612,318.58419945908713,0.2639148534902123,8.767378072444068E-6,1.0996340559980513E-7,8.867984693524182E-4,3.8850151753422327E-7,-10.27838013509745,0.0022252014304626755,0.6111577996913186,1.3124298610800835,174414.47029868944,176550.79085744423,318.58428449740893,0.26391393045347766,8.767360051864772E-6,1.0996400713896019E-7,8.867769331622186E-4,3.884842480772477E-7,-10.2777203927767,0.0022250280903790554,0.6111575081798304,1.3124127249923832,174414.5870909373,176550.9089170954,318.5843051691706,0.26391370607546555,8.767355671311235E-6,1.0996415336553759E-7,8.867653547245832E-4,3.8848342569508533E-7,-10.27752552365746,0.0022250059191151195,0.6111590420892788,1.3125089116857773,174413.97279137332,176550.28770045858,318.5841963962959,0.2639148867380123,8.767378721421237E-6,1.0996338393535016E-7,8.868303457336334E-4,3.885032357686669E-7,-10.278799022428757,0.0022252126670423422,0.6111567071014699,1.3124172834150463,174414.90853302064,176551.23335173426,318.5843619751532,0.26391308948863235,8.767343633478402E-6,1.0996455519829472E-7,8.867684347398961E-4,3.8848290856208223E-7,-10.277480315151934,0.002224958413080458,2.6289501005936465E-11,5.311252828049761E-8,1.7326138955289468E-9,3.258961614345027E-11,4.315729064985023E-11,5.275387147715386E-11,-1.228085401122758E-6
3.0250000000000003E-6,3.0250000000000003E-6,2.0825558825817128,5.5E-8,4505.821915858002,4775.782774242357,0.6135415216591888,1.4561586672410747,173462.2866423413,175587.36281057834,318.4152361457725,0.26574687052296225,8.803172064072488E-6,1.087765589735225E-7,9.838909913791045E-4,4.567893697071668E-7,-12.789576408359608,0.002791278464428615,0.6135402620253237,1.456121052264363,173462.7895160508,175587.87089293727,318.4153254834408,0.2657459029291526,8.80315314421836E-6,1.0877718211602927E-7,9.838655758542994E-4,4.5678397057713484E-7,-12.788962488516063,0.0027911528404729324,0.6135399429181914,1.456105706769177,173462.9167477037,175587.99960564918,318.4153481156001,0.26574565780262394,8.803148351189147E-6,1.0877733997994659E-7,9.83855207276471E-4,4.567767834373626E-7,-12.788645430679935,0.0027910810496791782,0.6135416521269996,1.4562143476222145,173462.23559520108,175587.31019589613,318.4152268927292,0.26574697075974607,8.803174023717759E-6,1.0877649442807032E-7,9.83928613258253E-4,4.568255054948622E-7,-12.790668047181498,0.002791522098789301,0.6135391117782266,1.4560671790525803,173463.248477825,175588.33485208542,318.41540706310286,0.26574501935652284,8.80313586736209E-6,1.0877775114948521E-7,9.838291750355272E-4,4.5677560308377E-7,-12.788160855605383,0.0027910117267992973,3.268475520195463E-11,5.308261083099158E-8,1.751905320923157E-9,3.660297307405033E-11,4.326439786541262E-11,5.286752093107756E-11,-1.1672911412868415E-6
3.0500000000000004E-6,3.0500000000000004E-6,2.099767088222884,5.5E-8,4545.5230828270305,4781.322042790319,0.6161669849454285,1.59477158765146,172417.88219279377,174530.7567629674,318.2290159305533,0.26776138722374615,8.84259699029902E-6,1.0748759110134391E-7,0.0010775483700347704,5.135476344264589E-7,-15.459449871275865,0.0033816508870927464,0.6161656392305733,1.594709074814853,172418.41651740044,174531.29712115705,318.22911138650164,0.267760355829196,8.842576787564192E-6,1.0748824676196898E-7,0.0010775061316316574,5.135332986583308E-7,-15.4582789170031,0.0033814171109725066,0.6161652935754737,1.5946938278229963,172418.55377990607,174531.4359157614,318.2291359049182,0.2677600909091878,8.84257159836728E-6,1.0748841517319477E-7,0.0010774958296101327,5.135289981694769E-7,-15.457995818020208,0.0033813569637572982,0.6161671555864415,1.5947629488748265,172417.81438405658,174530.6882436857,318.2290038266867,0.26776151800719233,8.842599552070838E-6,1.0748750796200234E-7,0.0010775425330235315,5.135567673164587E-7,-15.45954382038326,0.0033817239249174236,0.6161643846625585,1.5946409888435444,172418.9143659427,174531.8008786215,318.22920037702653,0.2677593942864637,8.84255795317878E-6,1.0748885801936514E-7,0.0010774601275969895,5.135097080710693E-7,-15.4569032933382,0.0033811255241857907,3.963232467491298E-11,5.304956356664805E-8,1.7733283679555597E-9,4.098473294268672E-11,4.3394985634461314E-11,5.303481468701072E-11,-1.1128628603168866E-6
3.075E-6,3.075E-6,2.116978293864055,5.5E-8,4578.551923650058,4763.406251710013,0.6190262926382377,1.7278974739488975,171285.67357504216,173385.47505136547,318.02618499762707,0.2699501126499665,8.885511284427899E-6,1.0610594367400507E-7,0.0011674982932087146,5.546796373323559E-7,-18.253343209988543,0.003986802623046515,0.6190248640960003,1.7278629539389714,171286.2383257067,173386.0458302641,318.02628633896336,0.2699490205192089,8.88548984965175E-6,1.061066282733922E-7,0.0011674749688776833,5.546759082619702E-7,-18.252424433197575,0.003986589482337877,0.6190244803845844,1.7278340536357397,171286.3896942193,173386.19914069766,318.0263135596363,0.26994872716357043,8.885484092194369E-6,1.0610681216108731E-7,0.00116745544164577,5.54667215766358E-7,-18.251854934907442,0.0039864765651600464,0.6190264409724887,1.7278791252644687,171285.6143878288,173385.41577903077,318.02617447472534,0.26995022604385643,8.885513510129528E-6,1.0610587258975161E-7,0.0011674858954489654,5.54665231504714E-7,-18.252897787083384,0.003986707046408355,0.6190235245565474,1.7278318951126617,171286.76790350658,173386.58104911385,318.02638136635704,0.26994799643055706,8.885469750326125E-6,1.0610727022512784E-7,0.0011674539831842308,5.546709918746729E-7,-18.25157452856911,0.003986383548294725,4.7079763867914255E-11,5.3013479520999884E-8,1.7968568097908348E-9,4.5718048243825776E-11,4.355055800597937E-11,5.3256601516310436E-11,-1.0672286409617653E-6
3.1000000000000004E-6,3.1000000000000004E-6,2.134189499505226,5.5E-8,4604.655694272584,4751.88840584556,0.6221098080161042,1.8553099764829006,170070.8298117598,172156.78145749634,317.8074321248383,0.27230426141775776,8.931765291831542E-6,1.0464129388645936E-7,0.0012535878219479058,5.763533513913899E-7,-21.134622776530705,0.004595673695177993,0.6221083399043411,1.855299021566366,170071.40774370352,172157.36488186783,317.807536278952,0.27230314213426104,8.931743275719618E-6,1.0464198505761938E-7,0.0012535804199772743,5.763745660658515E-7,-21.13432416655587,0.004595611933325472,0.6221079175878572,1.8552826047098792,170071.57360787172,172157.53270637422,317.80756623986025,0.27230282015531043,8.931736942570901E-6,1.0464218388180539E-7,0.0012535693275066752,5.763698528937767E-7,-21.133857885317866,0.004595504490055191,0.622109951425225,1.8553225494183676,170070.7735102453,172156.72446829212,317.807421950672,0.2723043707545357,8.931767442424913E-6,1.0464122637087768E-7,0.0012535963171745727,5.763513328815861E-7,-21.134803121455207,0.004595691022586834,0.6221069587334345,1.855282288650963,170071.95133218943,172157.9137564818,317.8076342651276,0.2723020891309749,8.93172256338535E-6,1.046426353036253E-7,0.0012535691139533534,5.763920330537076E-7,-21.13392430566546,0.004595531373809081,5.497276407023244E-11,5.2974458301520835E-8,1.8224621244676063E-9,5.0784052872123433E-11,4.373235681130737E-11,5.3533553474437516E-11,-1.0335778811084175E-6
3.125E-6,3.125E-6,2.151400705146397,5.5E-8,4627.71332089036,4773.6366507030225,0.6254075440104326,1.976831021929766,168778.70405317875,170850.1205596102,317.573475769066,0.27481471483779435,8.981204224536575E-6,1.0310336334073969E-7,0.0013356966364390312,5.754976804439594E-7,-24.07086135203417,0.0051995013123473655,0.6254060203070873,1.9767781359598295,168779.2995991679,170850.7225255118,317.5735838668381,0.2748135566471498,8.981181388206478E-6,1.0310406723896107E-7,0.0013356609026755604,5.75513713130249E-7,-24.069769607332546,0.005199314451601822,0.6254055906462871,1.976786083647409,168779.46796042577,170850.89227437598,317.5736143486049,0.27481323006141184,8.981174948714303E-6,1.0310426572732223E-7,0.0013356662727347357,5.755245292959898E-7,-24.069884466913663,0.0051993308601936405,0.6254076925635287,1.9768252378784827,168778.64587948838,170850.06187021235,317.5734652301628,0.27481482775342314,8.981206450958497E-6,1.0310329471500952E-7,0.0013356927282962721,5.754950583991558E-7,-24.070857592662833,0.005199511761361464,0.6254045903427071,1.9767384359437514,168779.85865134874,170851.2874608949,317.5736853143298,0.2748124697097315,8.981159956773254E-6,1.0310472783819989E-7,0.0013356340783403726,5.755308065147347E-7,-24.06888680726024,0.005199157257550269,6.325414054253174E-11,5.293260552471012E-8,1.8501134892381127E-9,5.616256528025266E-11,4.394135907431841E-11,5.386715539309113E-11,-1.013922937810128E-6
3.1500000000000003E-6,3.1500000000000003E-6,2.1686119107875683,5.5E-8,4650.711851448886,4797.810347254628,0.6289091607598879,2.0922288494303625,167413.90401220063,169471.09166351554,317.3250634666129,0.2774720221131163,9.033668211552642E-6,1.015018321929436E-7,0.0014136681415070017,4.90173008245165E-7,-26.12995115493777,0.00527639198247698,0.6289075285157464,2.092154855483189,167414.5374188181,169471.73244724236,317.32517925650416,0.2774707854480733,9.033643763414585E-6,1.015025712984147E-7,0.0014136181455967492,4.901955641400946E-7,-26.12821221748618,0.005276125231716833,0.6289071129417773,2.09216361481569,167414.699305505,169471.89559760023,317.32520873661343,0.27747047059835517,9.03363753885014E-6,1.0150275947619108E-7,0.0014136240640646555,4.902056426203672E-7,-26.128384045748135,0.0052761379647563444,0.6289092875365777,2.0922088126334812,167413.85427766226,169471.0418897114,317.32505447351366,0.2774721181571474,9.033670110442077E-6,1.0150177478824344E-7,0.0014136546031307306,4.901685866798289E-7,-26.129552504597086,0.005276354058992183,0.628906024355499,2.092107939211579,167415.12154859814,169472.32295301114,317.32528596000446,0.27746964583011413,9.033621233742416E-6,1.0150325241042658E-7,0.0014135864454132292,4.902191483324714E-7,-26.127031995582456,0.005275925073476628,7.186687736672758E-11,5.288802995028609E-8,1.8797778757396414E-9,6.182986800479446E-11,4.417827908377755E-11,5.425947932881559E-11,-1.0485489120825749E-6
3.175E-6,3.175E-6,2.1858231164287396,5.5E-8,4670.171435998839,4771.477013385255,0.6326040133223666,2.2013780964317284,165984.6612268033,168025.44931491825,317.0629744842648,0.2802665187592806,9.088993104497074E-6,9.984622656502948E-8,0.0014874176327241409,4.889046275025067E-7,-29.848316118660023,0.006286059572914837,0.6326022934433667,2.201349615942312,165985.32471836978,168026.1199624791,317.0630964711781,0.2802652202739511,9.088967359941625E-6,9.984698915471943E-8,0.0014873983891502108,4.889187025014508E-7,-29.847025214535734,0.006285690839661129,0.6326018855623152,2.2013497581194077,165985.48250090965,168026.27901498554,317.0631254014207,0.28026491233530837,9.088961254444425E-6,9.984717000811552E-8,0.0014873984852158161,4.889392353391031E-7,-29.847146199059353,0.006285763050414062,0.6326041448614227,2.2014030140899843,165984.6106230621,168025.39802359274,317.06296515401186,0.28026661807144293,9.08899507348141E-6,9.984616824080052E-8,0.0014874344689797191,4.888909242595219E-7,-29.848555132956335,0.006286004479534313,0.6326007235964417,2.2013200336175944,165985.93049139713,168026.73210994006,317.0632078169016,0.28026403506122427,9.088943861182827E-6,9.984768522674262E-8,0.0014873784010929693,4.889422376663788E-7,-29.846004265776173,0.006285447651521281,8.07562034368782E-11,5.2840852433598385E-8,1.9114205418818114E-9,6.775857999135225E-11,4.4443583522506474E-11,5.471210252238793E-11,-1.0282735761058398E-6
3.2000000000000003E-6,3.2000000000000003E-6,2.203034322069911,5.5E-8,4680.94564356663,4716.780031375089,0.6364813319331839,2.3042605156760407,164493.69070783,166518.93331078763,316.7879952110192,0.2831883492363013,9.147013224600826E-6,9.814578986483667E-8,0.0015569327808621896,3.7535790113452096E-7,-32.25961529475762,0.006542207259883526,0.6364795830797888,2.3042560240385965,164494.3617479459,166519.61038509558,316.7881192229497,0.2831870338515738,9.146987063171866E-6,9.814654846276357E-8,0.0015569297459720247,3.754093866348285E-7,-32.25946579430138,0.006542196088901164,0.6364791627075661,2.304241484036595,164494.52273448656,166519.7731317914,316.78814903188675,0.2831867176677531,9.146980774742332E-6,9.81467308089773E-8,0.001556919921646348,3.7542024955428133E-7,-32.25912014904907,0.006542142111300109,0.6364815139103485,2.3042951312945763,164493.62195181203,166518.86286511595,316.7879823065567,0.28318848612292824,9.147015946833811E-6,9.814571092669551E-8,0.0015569561697936327,3.7536280586891737E-7,-32.26069261756675,0.006542430823230916,0.6364779711094896,2.304236860935774,164494.9798193925,166520.23446367186,316.78823352865413,0.2831858214144314,9.146962949395342E-6,9.814724769278648E-8,0.0015569167979295772,3.7545399948157867E-7,-32.25888279183209,0.006542097427427507,8.986361330704454E-11,5.279118430126673E-8,1.9450049453786165E-9,7.392487531561738E-11,4.473749737562931E-11,5.5225316975552455E-11,-1.0809160148004997E-6
3.2250000000000005E-6,3.2250000000000005E-6,2.220245527711082,5.5E-8,4684.909848251881,4698.8801646459915,0.6405302658221321,2.400802010995706,162948.90330976088,164957.32867049257,316.50093008429457,0.2862276751260816,9.207562094992398E-6,9.640938696337927E-8,0.0016221635209430444,2.965016557254785E-7,-35.54673588174137,0.007302985971477938,0.6405284934543916,2.4007794583553634,162949.57782056704,164958.00964880985,316.50105572096714,0.286226347388937,9.207535599145388E-6,9.641013842360009E-8,0.0016221482826725428,2.965611730587625E-7,-35.54615015857371,0.007302914285787665,0.6405280257079244,2.400739060102637,162949.75499243508,164958.18936128294,316.5010888783855,0.28622599697391776,9.207528606609748E-6,9.641033674509746E-8,0.0016221209865558356,2.9657818600981045E-7,-35.545161825520154,0.007302775561186081,0.6405304646369641,2.4007873843730585,162948.82748332788,164957.25228140355,316.50091599144366,0.28622782406262404,9.207565067155385E-6,9.640930266943524E-8,0.0016221536380899044,2.9650519834945043E-7,-35.54663875224037,0.007303033425046124,0.6405268419380022,2.400752838346581,162950.2061247238,164958.64419426818,316.5011727909972,0.2862251101803828,9.20751090994719E-6,9.641083865170733E-8,0.0016221302961801222,2.9661357928034707E-7,-35.54538961916842,0.007302795093949044,9.912745111502424E-11,5.273915290482335E-8,1.9804920966307216E-9,8.030811578168975E-11,4.5060003429072697E-11,5.5798362828881265E-11,-1.1102798411648513E-6
3.2500000000000002E-6,3.2500000000000002E-6,2.237456733352253,5.5E-8,4687.892057111672,4711.759981521018,0.6447398423697343,2.4909331321951296,161354.29904750898,163346.3842080855,316.20259230266237,0.28937452895877536,9.270471851725636E-6,9.464549989444127E-8,0.0016830629271588713,1.4128468166063614E-7,-38.01646758350148,0.007609438159704496,0.6447380328411888,2.4909120372524707,161354.98217062422,163347.0739154218,316.2027205161156,0.2893731791455257,9.270444818238268E-6,9.46462492187025E-8,0.0016830486738192369,1.4135339029053285E-7,-38.01580332939693,0.007609359805485383,0.6447374997371901,2.49087594669034,161355.18238170294,163347.2771036637,316.2027582894057,0.28937278146427736,9.270436853916784E-6,9.464646998040995E-8,0.0016830242883042836,1.4136586401036766E-7,-38.01457025111063,0.007609101797186213,0.6447400131345348,2.490914215182871,161354.23387408242,163346.31911663958,316.20258020362616,0.2893746563316959,9.270474402867785E-6,9.464542918283487E-8,0.001683050145393832,1.4127911370565017E-7,-38.01582693913929,0.00760931445222468,0.6447363257155404,2.490874005333748,161355.62616934505,163347.7245909532,316.20284147414753,0.28937190571126753,9.270419314592975E-6,9.464695614603058E-8,0.0016830229765768567,1.414176189484806E-7,-38.014711502728005,0.00760920207324034,1.0849079858268765E-10,5.268487943013447E-8,2.017840713745732E-9,8.688232908908362E-11,4.541085716162352E-11,5.643054028916278E-11,-1.1878363135657174E-6
3.2750000000000004E-6,3.2750000000000004E-6,2.2546679389934243,5.5E-8,4690.3082499540305,4697.696502881253,0.649099092644112,2.574726518176648,159716.7627399118,161691.80652711185,315.893803463555,0.29261902857804295,9.33557516768139E-6,9.286212742872905E-8,0.0017396800798490865,-5.2835395081274325E-9,-40.90056137660804,0.008175140185642249,0.6490972451034501,2.5747037500559915,159717.4543833878,161692.50482436593,315.8939342967684,0.2926176566016708,9.335547584685016E-6,9.286287412001715E-8,0.0017396646959837781,-5.211501701296584E-9,-40.89986394821426,0.008175043519543124,0.6490966916721859,2.574715824156045,159717.66185221827,161692.71400124548,315.8939734874579,0.29261724562841845,9.335539322190744E-6,9.286309779243475E-8,0.00173967285415949,-5.199346304607389E-9,-40.89994013217529,0.00817501368220519,0.6490992583696339,2.5747395314209425,159716.7008440248,161691.74388999402,315.8937917274067,0.29261915164635355,9.33557764189289E-6,9.286206045012899E-8,0.001739688872581718,-5.298855398905289E-9,-40.900768321000214,0.00817512852904656,0.6490954788121284,2.5746727544740775,159718.1152047684,161693.17241269525,315.89405937656136,0.292616344953512,9.335521214698708E-6,9.286358798207513E-8,0.0017396437530230254,-5.143322425738006E-9,-40.89879144125052,0.008174858496545312,1.1790090310216356E-10,5.2628493443906265E-8,2.057007922093949E-9,9.361668344367375E-11,4.578961338346843E-11,5.7122136006428975E-11,-1.2599648009188167E-6
3.3E-6,3.3E-6,2.2718791446345956,5.5E-8,4687.829094373404,4649.072650857676,0.6535971939160439,2.6522818575796907,158040.83186541777,159999.14710845606,315.575376230484,0.29595142339907315,9.40270738717159E-6,9.106672056093851E-8,0.0017920823362024938,-2.0524393519849583E-7,-43.23592994372916,0.008455803319918687,0.6535952771529343,2.652224537497636,158041.5422851123,159999.865220201,315.5755118742492,0.2959500067423182,9.402678789800753E-6,9.106747614152738E-8,0.0017920436064173216,-2.0514749635935913E-7,-43.23432542457658,0.008455595403688676,0.6535947706898263,2.652267535360078,158041.73171572815,160000.0549743467,315.57554771373094,0.29594963243976474,9.40267123356749E-6,9.106767578515678E-8,0.00179207265902708,-2.0514067671228987E-7,-43.23561039864785,0.008455822012535918,0.6535973725796623,2.6522845757252296,158040.76573535707,159999.08017308553,315.57536358701554,0.2959515554480265,9.402710052764038E-6,9.106665013268496E-8,0.0017920841727873172,-2.0525043098018614E-7,-43.23616782994645,0.00845586445166191,0.6535934769223042,2.6522160024094137,158042.21063531205,160000.5396809615,315.575639270277,0.2959486762228599,9.40265193104485E-6,9.106818579045196E-8,0.00179203783946582,-2.0507450031459485E-7,-43.233932329330855,0.008455545547917609,1.27303239702993E-10,5.257012022266889E-8,2.0979492519387115E-9,1.0048261477454085E-10,4.61956423568776E-11,5.78738573849239E-11,-1.3667486012871217E-6
3.3250000000000004E-6,3.3250000000000004E-6,2.289090350275767,5.5E-8,4678.711919438463,4601.158588519482,0.6582234423133493,2.723637625792442,156332.57874698454,158273.8327987227,315.2481206788454,0.2993621479363971,9.471706131365141E-6,8.926617987729867E-8,0.0018402956931030012,-4.085344623661058E-7,-45.71637776856028,0.008857046715689876,0.6582214298764576,2.723582983981108,156333.31759005814,158274.57987254465,315.2482629786581,0.2993606679462173,9.471676126568054E-6,8.926695318221628E-8,0.0018402587729602082,-4.0843051579031454E-7,-45.71444143354597,0.008856721038512205,0.6582209763575204,2.7236021047782133,156333.485398109,158274.74823826912,315.24829504625933,0.29936033443204535,9.47166936474559E-6,8.926712745139319E-8,0.0018402716924177116,-4.0841264436153325E-7,-45.71530226214736,0.00885693723776626,0.6582236146088676,2.7236271662958424,156332.51498866852,158273.76883570888,315.2481084962422,0.299362274641043,9.471708700235425E-6,8.926611367187536E-8,0.0018402886258755693,-4.0853639561078125E-7,-45.71604357000979,0.008856986384699894,0.6582196168342346,2.7235769987489915,156333.98482449292,158275.25293516423,315.24839117806533,0.2993593346091733,9.471649094678109E-6,8.926764987140971E-8,0.0018402547288844538,-4.0835150471707494E-7,-45.71428403907589,0.008856742789703276,1.3664442933471067E-10,5.2509889875229886E-8,2.1406183446292452E-9,1.074528170928047E-10,4.662814026465754E-11,5.868528449598543E-11,-1.4747082311357128E-6
3.35E-6,3.35E-6,2.3063015559169378,5.5E-8,4664.643414196709,4562.963826866138,0.6629672553747318,2.7888944460962066,154596.67195209383,156521.12871345793,314.9128396187669,0.302841794792047,9.542411329054664E-6,8.746686188447135E-8,0.0018843881392541938,-6.490229819178239E-7,-47.791064790388646,0.00906980066420715,0.6629652020393072,2.788901069014985,154597.4205782324,156521.8837517496,314.9129846735589,0.3028402925754145,9.54238073474742E-6,8.74676306311574E-8,0.0018843926141993142,-6.489395609321491E-7,-47.79097596032511,0.009069794218930838,0.662964740490291,2.7888726614402186,154597.58814640078,156522.05346736318,314.91301727991936,0.30283995490007454,9.542373857752395E-6,8.746780343261932E-8,0.0018843734198920397,-6.489000247711374E-7,-47.79024987863909,0.00906971767625464,0.6629674313363038,2.788908753052515,154596.6081182785,156521.06401137318,314.9128271878199,0.3028419235280537,9.542413950848806E-6,8.7466796006162E-8,0.0018843978061165642,-6.490391568547693E-7,-47.791391181427116,0.009069833835781083,0.6629633613417092,2.7888750719039317,154598.09102127052,156522.56060085207,314.9131147078727,0.3028389459155039,9.5423533086948E-6,8.74683197770718E-8,0.0018843750485837377,-6.488420788741678E-7,-47.79023842912875,0.00906973835103031,1.4587621220559665E-10,5.244792960359334E-8,2.1849671939096574E-9,1.1449798169718991E-10,4.708615041605358E-11,5.955451056393821E-11,-1.6063202587272752E-6
3.3750000000000003E-6,3.3750000000000003E-6,2.323512761558109,5.5E-8,4646.937445210014,4523.20425992638,0.6678182930507821,2.8482341855702282,152837.7120616937,154746.0969193705,314.57032158452415,0.3063812416022014,9.614667014558808E-6,8.567453869769474E-8,0.0019244825578177218,-9.27127215533119E-7,-49.041225982898595,0.00890544089230616,0.6678162770709133,2.848271726875683,152838.4406778184,154746.8309447609,314.57046384751703,0.3063797746896505,9.614636996556978E-6,8.567527374412465E-8,0.0019245079235646508,-9.27090633666694E-7,-49.04192802642888,0.008905410989370921,0.6678157430897562,2.8482156263266782,152838.63208171696,154747.02536589588,314.5705015321144,0.30637938612970805,9.6146290455572E-6,8.56754684430332E-8,0.0019244700177882962,-9.270057475418981E-7,-49.040529525673946,0.008905352338558714,0.6678184978458254,2.848253920273839,152837.63867321986,154746.0223544229,314.57030713155217,0.30638139062425057,9.614670063963857E-6,8.567446402677682E-8,0.0019244958920769182,-9.271598437976536E-7,-49.041781636097085,0.008905474405167979,0.6678143875755067,2.848240695915327,152839.12196005174,154747.51891577546,314.57059718776526,0.3063783997975939,9.614608861902615E-6,8.567596268309028E-8,0.001924486956699545,-9.269766167108173E-7,-49.040967161857,0.008905338817925212,1.5495153498643512E-10,5.238436717534652E-8,2.2309463416880294E-9,1.2158970226701715E-10,4.7568582842464926E-11,6.047965860105756E-11,-1.7637139722087047E-6
3.4000000000000005E-6,3.4000000000000005E-6,2.3407239671992803,5.5E-8,4626.034531059899,4483.556239254694,0.6727665064241423,2.901814511858601,151062.57281346666,152953.5806906504,314.22133700379356,0.309971718454684,9.688322037938362E-6,8.389439550555103E-8,0.0019606854809855415,-1.1703538933716118E-6,-51.53696456523767,0.009422127329628438,0.6727645197038874,2.901811682880366,151063.28369560713,152954.29673150985,314.22147703687705,0.30997028095068674,9.688292474799158E-6,8.389510069755087E-8,0.0019606835695137608,-1.170235799463626E-6,-51.53773338442443,0.009422561749715896,0.672763908389911,2.9017773240466003,151063.5004432359,152954.51705007095,314.2215201260867,0.3099698386109617,9.688283378214114E-6,8.389531769000237E-8,0.0019606603540855408,-1.1701937991404066E-6,-51.53598636431411,0.00942211971607776,0.6727667203081652,2.9018055821148554,151062.49650239752,152953.50360597766,314.2213219288129,0.3099718732150514,9.688325220612435E-6,8.389431958685872E-8,0.001960679447374902,-1.1703435230003833E-6,-51.53710003097103,0.009422269349073531,0.6727625909135025,2.9017968936980973,151063.97233539898,152954.99188948062,314.22161298695846,0.3099688853432564,9.688263773668253E-6,8.389578533697555E-8,0.0019606735768230386,-1.1701415493803325E-6,-51.5369699418859,0.009422413941337027,1.6382458843455137E-10,5.2319332122904196E-8,2.2785047469879134E-9,1.2869981686030364E-10,4.8074230644974664E-11,6.146008719487085E-11,-1.8983086034966058E-6
3.4250000000000002E-6,3.4250000000000002E-6,2.357935172840451,5.5E-8,4602.2470754603355,4441.877910037328,0.6778020940261136,2.9497646847371817,149273.26917161196,151148.17781031053,313.86663680286387,0.31360470844728744,9.763229379308097E-6,8.213108173847298E-8,0.001993084246444042,-1.4654823455373389E-6,-52.73223388878637,0.009318895595214371,0.6778000572338541,2.9497091291213997,149273.9879406021,151148.90422355366,313.86678017692327,0.31360324325776134,9.763199090446736E-6,8.213178533570459E-8,0.0019930467088658107,-1.4653239735196166E-6,-52.730569852581084,0.00931874021264889,0.6777994414106803,2.9497379219516335,149274.2062910221,151149.1238564069,313.8668235240942,0.3136028002638616,9.763189932623844E-6,8.213199806801574E-8,0.0019930661634808334,-1.4653323422919585E-6,-52.731095542379535,0.009318737744820282,0.6778022851583588,2.9497467292797808,149273.20085887404,151148.10964176923,313.8666233496804,0.31360484593382626,9.763232221608098E-6,8.213101571471453E-8,0.0019930721143782302,-1.4654722603779647E-6,-52.73152851186342,0.009318756030495479,0.6777981132813103,2.9497064527131687,149274.6754384718,151149.59753198753,313.86691701372627,0.3136018448605005,9.763170182187207E-6,8.213245686701998E-8,0.0019930449004818707,-1.46523085447825E-6,-52.73046695453263,0.009318777965489744,1.7245425414538299E-10,5.225294706338123E-8,2.327589895305265E-9,1.357979585055756E-10,4.860178548894692E-11,6.249544054892754E-11,-2.0655022667941564E-6
3.4500000000000004E-6,3.4500000000000004E-6,2.375146378481623,5.5E-8,4574.576462984137,4382.833225910737,0.6829155082227555,2.9922497326432924,147476.0750375761,149334.28264923097,313.5069562792063,0.31727206256383894,9.83924623357388E-6,8.038871909241082E-8,0.0020217903598941166,-1.7410007761498037E-6,-54.5405352287562,0.009581035834742124,0.6829133760932325,2.992193783161838,147476.81922696458,149335.03490565935,313.50710614586285,0.3172705379979677,9.839214546886843E-6,8.038943570147458E-8,0.002021752556190431,-1.7408223132520106E-6,-54.538628096381444,0.0095808367528889,0.6829128365119526,2.9922542665618144,147477.0099505184,149335.22528478646,313.5071440691585,0.31727015218736493,9.839206527890439E-6,8.038961705287014E-8,0.0020217934233525774,-1.7408832782450645E-6,-54.54053142623752,0.00958107588473922,0.6829156837970961,2.9922494340203163,147476.01346045057,149334.22070256682,313.50694393842264,0.31727218810474717,9.839248842874787E-6,8.038866008263913E-8,0.0020217901581218354,-1.7410094351077987E-6,-54.54039751975597,0.009580982697229956,0.6829114254648716,2.992188845018666,147477.50169089987,149335.72313087375,313.5072432525953,0.3172691432200498,9.83918555757815E-6,8.03900913129006E-8,0.0020217492196072068,-1.7407249637813038E-6,-54.53850238788823,0.00958088104286503,1.808035573005967E-10,5.2185338211201904E-8,2.3781480959970442E-9,1.4285414799924506E-10,4.9149859090846573E-11,6.358402558531633E-11,-2.220051364502848E-6
3.475E-6,3.475E-6,2.3923575841227938,5.5E-8,4541.219053803672,4308.286815393093,0.6880975146475642,3.0294690523976793,145673.639644503,147516.0204489907,313.1430056595874,0.320965960931478,9.916234852347703E-6,7.867092289845543E-8,0.0020469385489173507,-2.045402004284824E-6,-55.51696419458494,0.009469346692355884,0.6880953335920424,3.0294676757302925,145674.39386327108,147516.78150561106,313.1431587189985,0.3209644110276488,9.916202458522747E-6,7.867163597472772E-8,0.0020469376187366843,-2.0453075538284794E-6,-55.516326313329046,0.009469154580841632,0.6880948541430524,3.0294779893424035,145674.56084941403,147516.94880876792,313.14319236465025,0.32096407033080404,9.916195337573658E-6,7.867179272560817E-8,0.002046944587393516,-2.0452904259116167E-6,-55.51737220899054,0.009469503728894324,0.6880977007374888,3.029481741961811,145673.57556082774,147515.95551484107,313.142992599704,0.3209660931712496,9.916237616222427E-6,7.86708620581439E-8,0.0020469471229471697,-2.045433500654781E-6,-55.51728568284966,0.009469349147053663,0.6880933668516501,3.029453915847972,145675.07422052659,147517.46778455263,313.14329673926403,0.3209630134217001,9.916173247776962E-6,7.867227898921358E-8,0.0020469283215189,-2.0451912862995416E-6,-55.51599541202904,0.009469206392537899,1.8883745016284555E-10,5.211662523179871E-8,2.430124558696138E-9,1.498410605246956E-10,4.9716999840146284E-11,6.472307815657493E-11,-2.393105834291543E-6
3.5000000000000004E-6,3.5000000000000004E-6,2.409568789763965,5.5E-8,4502.303653813293,4239.544693960464,0.693339247807827,3.0616517439002595,143870.8962619513,145697.25859952127,312.77546882990805,0.324679023549978,9.994063347000013E-6,7.698080677617473E-8,0.0020686836107434185,-2.3363014763333467E-6,-56.75560420787042,0.009547626459124103,0.6933370996701558,3.0616918426094264,143871.63279365576,145697.99974371132,312.77561931838136,0.324677506746027,9.994031461329377E-6,7.69814898437519E-8,0.0020687107044658286,-2.3362635448620494E-6,-56.756999756047435,0.009547902582482948,0.693336582504071,3.0616374198644705,143871.8081930217,145698.17817400768,312.7756555520312,0.32467714156544136,9.994023784822019E-6,7.698165429623877E-8,0.0020686739323408586,-2.336148045714026E-6,-56.75541527151836,0.009547761232539642,0.6933394539856931,3.061662538179992,143870.8261681431,145697.18746576743,312.77545438528404,0.32467916913575146,9.994066407381255E-6,7.698074121514529E-8,0.0020686909041756703,-2.336326993486182E-6,-56.75606750546535,0.009547713673924818,0.6933351089128015,3.0616775487023262,143872.31357959646,145698.6865900725,312.7757587843717,0.32467610105625644,9.994001911708987E-6,7.698212287636952E-8,0.0020687010464204908,-2.336145668664358E-6,-56.756507235031904,0.009547893144286945,1.9652537574263538E-10,5.204692834541281E-8,2.483463486929695E-9,1.5672996590673043E-10,5.0301707614155717E-11,6.591048764735342E-11,-2.5569226658693052E-6
3.525E-6,3.525E-6,2.426779995405136,5.5E-8,4459.80261984111,4181.311734974692,0.698632234607966,3.089025265150037,142070.58281330328,143881.5773986994,312.40499853600784,0.3284042777255851,1.0072605995338416E-5,7.532101764139394E-8,0.0020871792332094845,-2.6404495339704683E-6,-57.43946322148258,0.009396961945611793,0.6986301311132642,3.0890378763928736,142071.29523645944,143882.29481025555,312.4051456267137,0.3284028021096767,1.0072574790718261E-5,7.532166811639522E-8,0.002087187754319509,-2.6403759828497185E-6,-57.44026318999272,0.009397210135034584,0.6986295292315179,3.0889928360888614,142071.49705477527,143882.50008492838,312.4051877174429,0.3284023798757388,1.007256586200609E-5,7.532185424308471E-8,0.002087157321681663,-2.6402619316456822E-6,-57.438463090376445,0.009396936715830861,0.698632448041687,3.0890230012839672,142070.51059782607,143881.50460605833,312.4049836112603,0.32840442745119,1.0072609161553924E-5,7.53209516404427E-8,0.002087177703570248,-2.6404565413429282E-6,-57.43945306334581,0.009396965726153894,0.6986281262403514,3.0890356482557193,142071.97341251135,143882.9785880816,312.4052858222675,0.32840139566963567,1.0072545049110757E-5,7.532228810170357E-8,0.0020871862488214318,-2.64027525503252E-6,-57.44017843304755,0.009397264375195391,2.0384099221781467E-10,5.1976362233815926E-8,2.5381083178096394E-9,1.634907719268349E-10,5.0902451346999074E-11,6.714511484603075E-11,-2.729418849985971E-6
3.5500000000000003E-6,3.5500000000000003E-6,2.443991201046307,5.5E-8,4414.492199946734,4116.198557918007,0.7039683363937359,3.1117514834939883,140276.63533780564,142072.31020501413,312.032221753965,0.3321351557989718,1.0151742351661403E-5,7.369378382004884E-8,0.0021025347861445866,-2.9323231022715393E-6,-58.194089278564206,0.009340585251209177,0.7039662144023738,3.111717223237513,140277.34402555128,142073.0254648846,312.03236984956465,0.3321336771110583,1.0151710890736822E-5,7.369442192770671E-8,0.002102511637322644,-2.932151415819817E-6,-58.193262434726876,0.009340637797976115,0.7039655865123733,3.1117318105326106,140277.5540671862,142073.2371070185,312.0324136691831,0.33213323956980356,1.0151701581555423E-5,7.369461074279237E-8,0.0021025214936031154,-2.9321521969905007E-6,-58.19336195180017,0.009340569630268192,0.7039685389121336,3.111740932727405,140276.56728049033,142072.2419424175,312.0322076208913,0.3321352969207445,1.01517453542252E-5,7.369372292114634E-8,0.0021025276572482466,-2.9323106807055412E-6,-58.193746244352496,0.009340541775060274,0.7039642106097115,3.1117208711834263,140278.0142185659,142073.7008858736,312.0325096938968,0.33213228078633733,1.0151681182236133E-5,7.36950244972926E-8,0.0021025141021509637,-2.9320646795838456E-6,-58.193459752624904,0.00934074197272139,2.1075740685499864E-10,5.190504032090276E-8,2.5940016219530066E-9,1.700985553071705E-10,5.1517677667422714E-11,6.84252179821824E-11,-2.8945333175100816E-6
3.5750000000000005E-6,3.5750000000000005E-6,2.4612024066874785,5.5E-8,4365.139177256723,4035.169276658407,0.7093396764102738,3.1299717666011397,138491.2665065049,140272.55766270068,311.6577429324289,0.3358654128031145,1.023135613445442E-5,7.21009736497909E-8,0.002114845788244013,-3.2242398418702577E-6,-58.15219351063024,0.008967454388496776,0.709337501854461,3.1299441815130296,138491.9842166172,140273.28193137288,311.65789438037683,0.33586390777905073,1.0231323912240963E-5,7.210160952556947E-8,0.002114827149670966,-3.224064650169112E-6,-58.15142803640856,0.008967523514499476,0.7093369224799444,3.1299866035695407,138492.17627565862,140273.4748974673,311.6579347276698,0.3358635067842427,1.0231315327162907E-5,7.210177894512022E-8,0.0021148558132226625,-3.2241508070285365E-6,-58.1520644618563,0.008967316385891877,0.7093398697557023,3.129971436880867,138491.20244633002,140272.4932659679,311.6577294670768,0.33586554661737833,1.0231358999414856E-5,7.210091711301321E-8,0.0021148455654600453,-3.2242472883581285E-6,-58.152014992034765,0.0089673840942055,0.7093354960344762,3.1299383303993897,138492.64695756044,140273.9500025282,311.65803407518666,0.3358625195350537,1.0231294190321683E-5,7.21021960660377E-8,0.002114823196215804,-3.2239579289239374E-6,-58.15144142583972,0.008967643087004262,2.1724826793492343E-10,5.183307193601519E-8,2.6510847754159132E-9,1.765330804338282E-10,5.214581294169401E-11,6.974782588801866E-11,-3.0600249169488998E-6
3.6000000000000003E-6,3.6000000000000003E-6,2.4784136123286498,5.5E-8,4310.705699312069,3947.564837043522,0.7147387005742468,3.143918542776997,136718.9277557092,138485.18460619517,311.28213971140775,0.3395892026357137,1.0311336102224064E-5,7.05441023867905E-8,0.002124269285660133,-3.5043383030597397E-6,-58.91884094948614,0.009003745134478436,0.7147365082482176,3.1439254608311287,136719.6428818932,138485.90598598187,311.28229205891114,0.3395876957990727,1.0311303634365865E-5,7.054472578744411E-8,0.002124273960021033,-3.5042664454465467E-6,-58.91833439367065,0.009003492875763186,0.7147359782237342,3.1439409037205293,136719.81746196872,138486.08039346893,311.2823288900606,0.33958733151141474,1.0311295784822614E-5,7.054487650217635E-8,0.002124284394405763,-3.504266898204378E-6,-58.91989641376381,0.009004028779514783,0.7147388986454272,3.1439245485379557,136718.86319497554,138485.11943063047,311.28212594668,0.3395893387728163,1.0311339035613523E-5,7.054404606452221E-8,0.0021242733436067267,-3.50436565668133E-6,-58.91893655103331,0.00900370584581367,0.7147344872892737,3.143913580089408,136720.3023558281,138486.57098442642,311.28243249936287,0.33958630675053597,1.0311273704410275E-5,7.054530046447391E-8,0.002124265932492843,-3.5041418989578687E-6,-58.918107735771855,0.00900358774352128,2.2329599888387055E-10,5.1760564029402554E-8,2.709298263730094E-9,1.8276935874935802E-10,5.278528094075688E-11,7.111014357048936E-11,-3.216813143366046E-6
3.6250000000000004E-6,3.6250000000000004E-6,2.495624817969821,5.5E-8,4251.621669488412,3862.392321445001,0.7201582925131295,3.1538693911271016,134960.43038940817,136712.77132252348,310.90595495188916,0.34330110954496307,1.0391577718736773E-5,6.902433796093281E-8,0.0021309928318426364,-3.7782365183147704E-6,-58.74112866498922,0.008661422509035788,0.7201561187419279,3.153884462351207,134961.13217379694,136713.47786523472,310.90610566106835,0.34329962597188673,1.0391545542677809E-5,6.902493907902779E-8,0.0021310030151021667,-3.7781737364639412E-6,-58.74197812078569,0.008661688472201945,0.720155580882311,3.1538598344942415,134961.30499023246,136713.65268796284,310.9061429531995,0.34329925888898927,1.0391537581303565E-5,6.902508781614308E-8,0.002130986374658271,-3.778089052559608E-6,-58.74135937517394,0.00866168830154379,0.720158491124861,3.1538641894312267,134960.36637071942,136712.70676848287,310.90594118220986,0.34330124509659155,1.0391580658578109E-5,6.90242830385203E-8,0.0021309893171832612,-3.7782322453949745E-6,-58.74115165072931,0.008661479125152027,0.7201540853773533,3.153881763587638,134961.78765357283,136714.13877408628,310.90624663713305,0.34329823821752425,1.0391515444904213E-5,6.902550137705901E-8,0.002131001191613269,-3.778074660232278E-6,-58.74179464252734,0.008661698474853097,2.2889255733208147E-10,5.168761859504509E-8,2.768582566462037E-9,1.8877612542119065E-10,5.343452794853674E-11,7.251031074441447E-11,-3.369400848213195E-6
3.65E-6,3.65E-6,2.512836023610992,5.5E-8,4188.652711809572,3776.1412759863447,0.7255917470533763,3.1600257226650874,133219.23378385813,134957.6494993685,310.52969839911424,0.3469961739054135,1.0471982734397768E-5,6.754253450143092E-8,0.0021351525153142483,-4.000585668819667E-6,-58.76066238615681,0.008531919374476615,0.7255895931783191,3.1600337745166245,133219.9200887538,134958.3409293256,310.5298473693956,0.3469947143890792,1.0471950869173091E-5,6.754311378510361E-8,0.002135157955754476,-4.000513677908657E-6,-58.76100597423988,0.008532025465697757,0.7255890093678725,3.160004488459273,133220.10644704328,134958.52834801542,310.5298877502653,0.3469943187959073,1.047194223206512E-5,6.754327080082077E-8,0.002135138167877887,-4.00039745528602E-6,-58.761427863754534,0.008532592558850638,0.7255919391909605,3.1600230848540938,133219.17257844433,134957.58782059298,310.5296851103586,0.3469963041030786,1.0471985576952055E-5,6.754248282635808E-8,0.002135150733009523,-4.000583244305744E-6,-58.76064791571412,0.008531953491171862,0.7255875662622818,3.160043998293579,133220.56525293028,134958.9916048858,310.5299875589704,0.34699334089479017,1.0471920882220627E-5,6.754365892971984E-8,0.002135164863711878,-4.000446769225619E-6,-58.76064092490378,0.008531817785765838,2.3402938280578857E-10,5.161433476816528E-8,2.828878432525254E-9,1.9452724027720565E-10,5.4092034293258386E-11,7.39461275300184E-11,-3.4911709671768664E-6
3.6750000000000004E-6,3.6750000000000004E-6,2.530047229252163,5.5E-8,4121.644971134962,3681.060683961713,0.7310326565032277,3.162530876824759,131497.23989707167,133221.92433163268,310.1538511033861,0.35066975134693956,1.0552457466795734E-5,6.609930000207999E-8,0.002136845187043756,-4.2808297051522E-6,-58.78638815672548,0.008302841265930283,0.7310305124605121,3.1625342122164954,131497.91500316068,133222.6040256925,310.1539990220119,0.35066830898690693,1.0552425762778672E-5,6.609986089703501E-8,0.002136847440686821,-4.280738868374101E-6,-58.78715849788682,0.008303213241546814,0.7310299076712307,3.1625387961061913,131498.1028592454,133222.79574758635,310.15404074716963,0.3506679021086217,1.0552416819739612E-5,6.610001911744139E-8,0.002136850537909589,-4.280722689742334E-6,-58.78480416214825,0.008302166270041766,0.7310328588447041,3.162545317254387,131497.17582204443,133221.8601839854,310.153837142927,0.3506698874617447,1.0552460458823655E-5,6.609924706919879E-8,0.002136854944090802,-4.28087600241156E-6,-58.78595509425713,0.008302496699158723,0.7310285054788193,3.162547295003615,131498.5469285288,133223.24027056736,310.1541374840029,0.3506669588241075,1.0552396085480812E-5,6.610038594178302E-8,0.002136856280407848,-4.280690653786223E-6,-58.78785479547855,0.008303413793598224,2.38691040602428E-10,5.1540802671467774E-8,2.8901261131393507E-9,2.0000888679721238E-10,5.47563068539707E-11,7.541423406815529E-11,-3.6499467475012735E-6
3.7E-6,3.7E-6,2.5472584348933345,5.5E-8,4050.107910578133,3579.83890036217,0.7364748797655717,3.1615505480631256,129797.3591756476,131507.52747410935,309.7788770974087,0.3543175750937454,1.0632912327590466E-5,6.469502078493413E-8,0.0021361828027453554,-4.376982994358514E-6,-59.80773634157731,0.008895567858345999,0.7364727309947579,3.161541855773774,129798.02830533955,131508.20010508303,309.77902495587625,0.3543161401040893,1.0632880568923778E-5,6.469556765189869E-8,0.0021361769295768743,-4.376921271500578E-6,-59.80952168736371,0.008896372389997964,0.736472154339424,3.1615703033381863,129798.20304467283,131508.38061251727,309.77906463853554,0.35431575498670065,1.0632872045998207E-5,6.469571441623697E-8,0.00213619615090418,-4.376818735210008E-6,-59.80517233939531,0.008894480456120846,0.7364750977992341,3.161554805558395,129797.29187512935,131507.45922352045,309.7788620936732,0.3543177207027973,1.0632915550111325E-5,6.469496529471478E-8,0.002136185679431348,-4.377010631912981E-6,-59.80814998506821,0.008895642261336434,0.7364707372401829,3.1615442789320034,129798.64892293118,131508.8242138709,309.77916214754697,0.35431480863258175,1.0632851101379693E-5,6.469607507232035E-8,0.002136178566845948,-4.376868943296586E-6,-59.81093576086232,0.008896943198053009,2.428633415361709E-10,5.146712181463027E-8,2.9522647380557437E-9,2.0521004952327394E-10,5.542586742788107E-11,7.691123332400467E-11,-3.690100048505918E-6
3.7250000000000003E-6,3.7250000000000003E-6,2.5644696405345058,5.5E-8,3974.5688800889175,3482.921651590588,0.7419125821848294,3.1572755151163228,128116.57012361861,129816.1300595822,309.40519957390507,0.3579355706808186,1.0713262368955443E-5,6.33298938505005E-8,0.0021332942669704882,-4.814589467798669E-6,-57.14118381259482,0.007193508926931713,0.7419104172150828,3.1572651431625007,128117.23267887832,129816.79918541446,309.40534814948626,0.35793413551619263,1.0713230385733261E-5,6.333042997665021E-8,0.0021332872588935817,-4.814423117096567E-6,-57.13985768640873,0.007193201850483888,0.7419098752565814,3.157277461043873,128117.40345518196,129816.96668838302,309.4053853373852,0.35793377625655176,1.0713222379351074E-5,6.333056418368609E-8,0.0021332955817864006,-4.814571121585231E-6,-57.14444387228764,0.007194807448328788,0.7419127861016861,3.1572548304265036,128116.50787755285,129816.06703864566,309.405185581248,0.35793570586537343,1.0713265381431146E-5,6.332984335289832E-8,0.0021332802908287187,-4.814538004751512E-6,-57.14146471451136,0.007193870204176278,0.7419084169401703,3.157255096557058,128117.84571413713,129817.41741271397,309.40548542203686,0.35793280952717194,1.0713200835552725E-5,6.333092532287979E-8,0.002133280470646661,-4.814290869461502E-6,-57.13951116209773,0.007193257613337778,2.465442032436638E-10,5.139336151326442E-8,3.0152329214964164E-9,2.1011057730117814E-10,5.609926774071978E-11,7.843454705199121E-11,-3.9449073020063965E-6
3.7500000000000005E-6,3.7500000000000005E-6,2.581680846175677,5.5E-8,3895.993249818324,3387.1860968180295,0.7473402638915608,3.1499041005244313,126463.95368053358,128149.30005637744,309.03323560400725,0.36152027907787904,1.0793427720819703E-5,6.200390135319756E-8,0.0021283135814354264,-4.8500200296075495E-6,-58.30730737835279,0.007987802265304822,0.7473381035640595,3.1499195638113164,126464.60836864187,128149.95925057083,309.03338344676433,0.3615188576141759,1.0793395820504846E-5,6.200442200258488E-8,0.002128324029602241,-4.8500038106169544E-6,-58.30795473174908,0.007987922205359155,0.7473375612448884,3.1499067220635237,126464.77034469669,128150.12473587332,309.03342056437566,0.3615185007805725,1.079338781238774E-5,6.20045527056623E-8,0.0021283153527456244,-4.849846289403104E-6,-58.305739185773064,0.007987293888568558,0.7473404403032642,3.149892299160498,126463.89931668642,128149.246227284,309.03322353239963,0.36152039515329365,1.0793430325789242E-5,6.200385883783736E-8,0.002128305607540877,-4.849977896697055E-6,-58.30635179783144,0.007987532482232496,0.7473360920591252,3.149916281339447,126465.21753328283,128150.573039175,309.03352110658176,0.3615175340750312,1.0793366117762456E-5,6.200490678987962E-8,0.0021283218117158424,-4.849919901204203E-6,-58.30812922054315,0.007988066521974702,2.497396455625312E-10,5.131963048164278E-8,3.078969813200235E-9,2.1468631758897997E-10,5.677511993479712E-11,7.998156110820189E-11,-3.946562954114526E-6
3.7750000000000003E-6,3.7750000000000003E-6,2.598892051816848,5.5E-8,3813.8096120386813,3276.4028738689635,0.7527527728982155,3.1396421937727363,124833.7948178131,126508.29374626694,308.6633478419917,0.36506829093656085,1.0873333705583127E-5,6.071688610733068E-8,0.0021213798606572543,-5.158146612131986E-6,-56.3409877658371,0.00686378907758467,0.7527506524694624,3.1396734224086917,124834.42884189563,126508.93250138542,308.66349254119916,0.36506690614219495,1.087330240800195E-5,6.071738356913686E-8,0.002121400961086954,-5.15814775425838E-6,-56.341238758398504,0.006863632671134212,0.7527500864142189,3.139658375876893,124834.59950589966,126509.10302194682,308.6635311691325,0.3650665364734573,1.0873294053012641E-5,6.071751636798385E-8,0.002121390794511414,-5.158142429593227E-6,-56.34271217432206,0.006864334590190424,0.7527529522547248,3.1396574202801837,124833.74104269559,126508.23971426112,308.66333560140134,0.36506840806154456,1.0873336352888817E-5,6.071684403036763E-8,0.002121390148837962,-5.158203009898443E-6,-56.340823250610356,0.006863560315920836,0.752748654806452,3.1396926942538697,124835.02576648675,126509.53427820874,308.6636288637631,0.3650656015195165,1.0873272922441243E-5,6.07178522345147E-8,0.002121413982603966,-5.1581187680938005E-6,-56.3410801389507,0.00686343067512496,2.5245258187658806E-10,5.12459836127018E-8,3.1434152007972933E-9,2.1892101572874535E-10,5.745209809680131E-11,8.154883904000315E-11,-4.120941068573737E-6
3.8000000000000005E-6,3.8000000000000005E-6,2.616103257458019,5.5E-8,3726.5749678058955,3153.2908591070764,0.7581452904173966,3.1266716186229897,123231.9177853167,124894.27319939825,308.2958909941388,0.3685767753658833,1.0952910656004988E-5,5.946852044018457E-8,0.002112615958529047,-5.248563455211297E-6,-55.90930943118633,0.00685018892323086,0.7581432048219768,3.126681277755857,123232.53457834366,124894.89341867373,308.29603290215067,0.36857542355032713,1.0952879885442025E-5,5.946899685259181E-8,0.0021126224849701736,-5.248539546869324E-6,-55.910710403756184,0.006850680786392616,0.7581426253739963,3.126680667425662,123232.70394630218,124895.06573686113,308.2960723309111,0.36857504796722407,1.0952871336351263E-5,5.9469129217752854E-8,0.002112622072584907,-5.2484614741388215E-6,-55.90910134303863,0.0068501059352712446,0.7581454946498254,3.126685743503931,123231.85842766162,124894.21246382195,308.2958770962272,0.36857690774293445,1.0952913669219939E-5,5.946847378714974E-8,0.0021126255023675208,-5.248622488949195E-6,-55.91021464703272,0.0068504000292719525,0.7581412433291785,3.1267043870122158,123233.11491966074,124895.47673356748,308.296166365185,0.3685741521678115,1.0952850945866044E-5,5.946944492078298E-8,0.002112638099332578,-5.248555591492732E-6,-55.912276831550116,0.006851115679019415,2.5468300796005945E-10,5.117251240155117E-8,3.208508930553282E-9,2.2280535495759714E-10,5.8128925710364936E-11,8.313263424196007E-11,-4.159000464909368E-6
3.825000000000001E-6,3.825000000000001E-6,2.6333144630991905,5.5E-8,3634.8914775558856,3040.5809911247247,0.7635132588506264,3.111114338975128,121656.96938664553,123308.18493268198,307.93118195810945,0.37204301119232586,1.1032092794548548E-5,5.825838085393388E-8,0.0021021042830913026,-5.44930450899983E-6,-54.716442615772394,0.006282537520228004,0.7635111715014489,3.111102414220667,121657.576729753,123308.7977127843,307.9313235656564,0.37204166842759323,1.1032062010533575E-5,5.8258845244282223E-8,0.002102096225824775,-5.449175976792731E-6,-54.71576587659251,0.006282438911313193,0.7635106054000345,3.111118549306269,121657.74325356314,123308.96390088179,307.9313619677673,0.37204130425885323,1.103205366172681E-5,5.825897118993302E-8,0.0021021071279096414,-5.449248394597817E-6,-54.717392603297185,0.006282911989949014,0.7635134692990269,3.111107505376815,121656.90771408631,123308.12315212378,307.931167681786,0.3720431465707984,1.1032095898219855E-5,5.825833403414706E-8,0.002102099665795145,-5.449292805224104E-6,-54.71607068308049,0.006282439633288561,0.7635092308030518,3.111103681862601,121658.14194258553,123309.3674420817,307.93145522316,0.3720404199948951,1.1032033389305263E-5,5.825927701222895E-8,0.0021020970823395955,-5.449108947317427E-6,-54.71567525087153,0.006282421321330389,2.5643272861886783E-10,5.1099276638837035E-8,3.2741906450216363E-9,2.2633146981334645E-10,5.88043754049977E-11,8.472947650215123E-11,-4.2666509448172505E-6
3.85E-6,3.85E-6,2.6505256687403613,5.5E-8,3540.9170000764675,2938.635680456509,0.7688523154774387,3.093074031765079,120110.98386703321,121750.88519494684,307.5695290760157,0.37546460723266445,1.1110817266732856E-5,5.708595148004853E-8,0.002089914886327756,-5.534177970929477E-6,-53.9434674957422,0.0061271749061901915,0.768850218616828,3.0930744912357566,120111.58726624312,121751.49286764578,307.5696708959641,0.3754632685284767,1.111078635447001E-5,5.708640596070093E-8,0.0020899151967809166,-5.534108469333887E-6,-53.94390659624992,0.006127402762096779,0.7688496826972048,3.093093637741681,120111.74121975363,121751.64817613635,307.56970714171416,0.3754629263734684,1.1110778453853847E-5,5.708652211896056E-8,0.002089928133609244,-5.534131312288082E-6,-53.94375607317829,0.006127181587757491,0.7688525090434838,3.0930609757512673,120110.9279551966,121750.82910139658,307.5695159854183,0.3754647308161499,1.1110820120315238E-5,5.708590952587307E-8,0.002089906064696802,-5.534134947566827E-6,-53.94321418068989,0.00612721059810184,0.7688482739711862,3.0930682902283855,120112.14673005493,121752.05643192904,307.5698024216383,0.37546202700187625,1.1110757686181133E-5,5.708682745382291E-8,0.0020899110069110714,-5.534020181841015E-6,-53.94417664284083,0.006127623476992028,2.5770530190874117E-10,5.10263519853248E-8,3.34039983399088E-9,2.294930189601084E-10,5.947726783538713E-11,8.633598940400354E-11,-4.301865019719884E-6
3.875E-6,3.875E-6,2.6677368743815326,5.5E-8,3444.7942899540194,2823.4195774049927,0.7741583281077635,3.0727141177532467,118593.78608278708,120223.07258527877,307.2112125446691,0.3788393404081795,1.1189024639159974E-5,5.595064391793021E-8,0.0020761581876711124,-5.6736735479034905E-6,-52.718909680934075,0.005660814327470121,0.7741562526516819,3.0727385759740153,118594.37578871254,120223.66633899487,307.21135248243223,0.3788380253695576,1.1188994053909279E-5,5.595108229621862E-8,0.0020761747134959564,-5.67368400425039E-6,-52.71945967246029,0.00566084054179683,0.7741557311911414,3.072736499780233,118594.5245813054,120223.81552164309,307.2113876418452,0.3788376949674644,1.1188986369332395E-5,5.595119243945674E-8,0.00207617331066232,-5.673687236935621E-6,-52.72022481872909,0.005661145426071101,0.7741585075187039,3.0727106254563092,118593.73480224337,120223.02125872244,307.21120044814194,0.37883945408426806,1.1189027283074145E-5,5.59506060231178E-8,0.0020761558280110197,-5.673664642387166E-6,-52.71855824365093,0.005660707330495285,0.7741543152285834,3.0727529177132684,118594.92599457482,120224.22060741908,307.211483114228,0.3788367977891242,1.1188965502797114E-5,5.5951491523107514E-8,0.0020761844038603163,-5.673662130760704E-6,-52.71968912988177,0.005660840358022057,2.585094769943708E-10,5.095379693045103E-8,3.4070761258053366E-9,2.3228197811447845E-10,6.014647815112787E-11,8.794862134924278E-11,-4.3707115349820365E-6
3.9E-6,3.9E-6,2.6849480800227035,5.5E-8,3344.7889447033635,2692.9168894254026,0.7794274798506827,3.0502383100345187,117106.61735809686,118725.31599750574,306.856491630455,0.3821653285279447,1.1266660148007836E-5,5.4851780043892496E-8,0.0020609718311044045,-5.73968513990053E-6,-51.71652824200578,0.005431975600195926,0.7794254469850319,3.050263684762916,117107.18829995424,118725.8901223558,306.8566282670968,0.38216405020322974,1.1266630201207396E-5,5.4852198615845175E-8,0.0020609889761911593,-5.739723693380938E-6,-51.71778522726845,0.005432253259382236,0.7794249084321955,3.0502456662232222,117107.33822551131,118726.04222466926,306.8566644679984,0.382163711551046,1.126662226761086E-5,5.485230950594782E-8,0.002060976801502177,-5.739622607592309E-6,-51.71678472716167,0.005432057196713913,0.7794276584821362,3.050241005463876,117106.56747052519,118725.26554792297,306.8564796234834,0.38216544085587767,1.1266662779485347E-5,5.485174326336548E-8,0.002060973652340457,-5.739700518461177E-6,-51.716700105628206,0.005432016162171038,0.7794235432248017,3.0502887562305077,117107.72295570429,118726.42778758245,306.8567562262061,0.38216285306008957,1.126660215629685E-5,5.485259060843252E-8,0.0020610059163719647,-5.739760720899767E-6,-51.71893377168067,0.005432495541700888,2.5886121380056434E-10,5.088167624196082E-8,3.4741599424148695E-9,2.346863576909314E-10,6.081094945855522E-11,8.95636532289426E-11,-4.393480823994817E-6
3.9250000000000005E-6,3.9250000000000005E-6,2.702159285663875,5.5E-8,3240.718895802041,2567.3532209179884,0.78465625739209,3.025796737839608,115649.40690445939,117258.03321907925,306.5055962834082,0.3854409163429405,1.1343673505632895E-5,5.378861513658503E-8,0.002044457255297032,-5.829583294882923E-6,-50.44823390752731,0.005031543916466319,0.7846542528960627,3.0258044350257807,115649.96179573638,117258.59210681419,306.5057305882405,0.38543966536731905,1.1343643987013036E-5,5.378901760867077E-8,0.0020444624560985005,-5.829552410290262E-6,-50.44855472108134,0.0050316224281736766,0.7846537000867859,3.0258054611470104,115650.1150474345,117258.74624032188,306.5057676274695,0.38543932036805817,1.1343635846229657E-5,5.378912860482363E-8,0.0020444631494236556,-5.829542865711801E-6,-50.44886355284325,0.005031754930623578,0.784656440086193,3.025798810929533,115649.35633488848,117257.98228042996,306.5055840423363,0.3854410303578237,1.1343676196023448E-5,5.378857845470855E-8,0.0020444586560334683,-5.829597954800647E-6,-50.44820950160488,0.005031506281781617,0.7846523797984328,3.025815227155169,115650.48045157659,117259.1143603926,306.5058560889163,0.3854384963908685,1.13436164033894E-5,5.3789393701512874E-8,0.002044469748077817,-5.8295398723373635E-6,-50.44899127012377,0.00503170976112699,2.5877537754575285E-10,5.08100427932085E-8,3.5415927753533484E-9,2.366983281131845E-10,6.146969653407475E-11,9.117723538712507E-11,-4.432615600245709E-6
3.95E-6,3.95E-6,2.719370491305046,5.5E-8,3134.006037868182,2448.60937971411,0.7898413387990112,2.9994614543191847,114222.8657192381,115821.55454480815,306.15874213384757,0.3886646692397641,1.1420017244169665E-5,5.276036458802843E-8,0.00202666314481026,-5.870501997691235E-6,-49.294675471363234,0.004770437521596449,0.7898393433760512,2.9994640422584804,114223.41111454288,115822.10382796734,306.158875403227,0.3886634332982687,1.1419987868987328E-5,5.2760755412709805E-8,0.0020266648934178923,-5.870454246803547E-6,-49.29502665961536,0.0047705897930860885,0.7898388106657935,2.9994865695234516,114223.55704070182,115822.25046561776,306.1589109800177,0.38866310333574877,1.1419980026808853E-5,5.276085975066362E-8,0.002026680114542873,-5.870515097115003E-6,-49.295446852602936,0.004770554599993204,0.7898415246523987,2.9994630240994073,114222.8150577495,115821.50338472816,306.1587297209883,0.3886647843550204,1.1420019980169492E-5,5.276032818681463E-8,0.0020266642054725726,-5.870513074768269E-6,-49.29477924009507,0.00477046260701286,0.7898374812300438,2.999465764360007,114223.92007390429,115822.61642632059,306.1589997715702,0.3886622799039784,1.1419960455809132E-5,5.2761120137034833E-8,0.002026666057000005,-5.87040720105847E-6,-49.29534359930199,0.0047707334664863765,2.582583167147831E-10,5.0738952149683844E-8,3.60931646707644E-9,2.383214368237178E-10,6.21217904083175E-11,9.278550642012903E-11,-4.442415868661724E-6
3.975E-6,3.975E-6,2.7365816969462173,5.5E-8,3025.2152934943324,2325.5102264962084,0.7949795349096846,2.971313426224721,112826.96576995187,114416.12638453982,305.8161292945953,0.391835274752981,1.1495645841240753E-5,5.176622685984534E-8,0.0020076442069085956,-5.917934344381592E-6,-47.980983188406526,0.00441696335923325,0.7949775567510858,2.9713307287694377,112827.49978081045,114416.66402015938,305.8162609832113,0.3918340586855785,1.1495616729580678E-5,5.176660493437185E-8,0.0020076558978171875,-5.917940240465214E-6,-47.98150434763102,0.0044170436430626125,0.794977051108436,2.9713400953575984,112827.63678710657,114416.80144625597,305.81629464365886,0.3918337478408263,1.1495609288267335E-5,5.1766701575579524E-8,0.0020076622265929717,-5.917978041480865E-6,-47.98214430086932,0.004417191438296442,0.7949797211900131,2.9713124014939876,112826.91545155058,114416.07575611082,305.81611689362336,0.39183538926745937,1.1495648582643354E-5,5.176619125735481E-8,0.0020076435145229645,-5.917936917398947E-6,-47.98090280193469,0.0044169342176196835,0.7949757068761862,2.9713430712960496,112827.99905922696,114417.16679293668,305.81638413228364,0.39183292147822824,1.1495589505810265E-5,5.176695849391494E-8,0.0020076642373621956,-5.91793167046717E-6,-47.981887063335535,0.004417112952843638,2.57316356863E-10,5.066845313427412E-8,3.6772725585142578E-9,2.3956181469049256E-10,6.276634479450736E-11,9.438474283249681E-11,-4.4554187477161165E-6
4.000000000000001E-6,4.000000000000001E-6,2.7537929025873886,5.5E-8,2914.1240120588636,2199.346933070584,0.8000678523931549,2.9414990542584323,111462.0908445447,113041.91261497357,305.47794240619174,0.3949516170202466,1.157051664609625E-5,5.080537331099102E-8,0.001987499360985427,-5.93101925147721E-6,-46.72616823639669,0.004147524589685148,0.8000659109017392,2.9415245587480254,111462.60885531812,113042.4336411657,305.4780712324892,0.39495043239949745,1.1570488082893017E-5,5.0805735534929E-8,0.0019875165937486656,-5.931071665088439E-6,-46.727168155586924,0.004147700397622245,0.8000654045544568,2.9415142323833576,111462.74330542336,113042.56952909696,305.4781048324545,0.3949501234515891,1.1570480633516234E-5,5.080583000449497E-8,0.0019875096164752417,-5.931014548679059E-6,-46.726777546074345,0.004147651395079777,0.800068032332024,2.9414927258198436,111462.04277358914,113041.86432656863,305.4779304667979,0.39495172681321283,1.1570519293355098E-5,5.080533973988709E-8,0.001987495085013408,-5.930999812306936E-6,-46.726013542293,0.0041475208222774285,0.8000640910748321,2.941547245610857,111463.09434646925,113042.9220195096,305.4781919861284,0.3949493220110799,1.1570461309613878E-5,5.080607506292578E-8,0.0019875319227100384,-5.931113837220892E-6,-46.72804469603352,0.00414785730288969,2.5596669089436374E-10,5.0598595048700234E-8,3.745402893583575E-9,2.4041706023500803E-10,6.340252700624008E-11,9.597124071516731E-11,-4.44616118943191E-6
4.0250000000000004E-6,4.0250000000000004E-6,2.77100410822856,5.5E-8,2800.745163645611,2071.9347665099567,0.8051035546940998,2.9101713612383997,110128.15276196187,111698.97410519117,305.1443438997264,0.39801277490323833,1.1644590767516387E-5,4.9876945544337944E-8,0.0019663320008367568,-5.941966027762646E-6,-45.3797217750689,0.0038313265667531127,0.8051016480076845,2.9101864859812583,110128.65475061376,111699.47939211263,305.14447000375804,0.398011620158399,1.164456272471329E-5,4.9877292925407573E-8,0.001966342220257607,-5.941982556123549E-6,-45.380315691860915,0.003831432159154602,0.8051011319348074,2.9101851341547054,110128.79051208959,111699.6161568737,305.14450413626474,0.3980113076118697,1.1644555134513512E-5,4.987738694961548E-8,0.0019663413068612876,-5.941961287021514E-6,-45.38036588769569,0.0038314839839683756,0.8051037252810905,2.910166702994014,110128.10770306727,111698.92889884261,305.144332617828,0.3980128782166214,1.1644593276443449E-5,4.9876914465055866E-8,0.0019663288533743337,-5.9419498008139724E-6,-45.37952100470807,0.0038312925550778587,0.8050998640278041,2.9102056127134124,110129.12457273049,111699.95216237976,305.14458799196774,0.39801053972349465,1.1644536486627349E-5,4.987761795334549E-8,0.0019663551437252786,-5.942017077273931E-6,-45.381009260011524,0.003831539930613914,2.542319744692929E-10,5.052942099875923E-8,3.813650618786989E-9,2.4088161305688E-10,6.402957492862391E-11,9.75412083492166E-11,-4.436575450398E-6
4.05E-6,4.05E-6,2.7882153138697308,5.5E-8,2684.9632884885214,1939.634260868758,0.8100841218826907,2.8774294330484813,108825.26097855536,110387.29315254862,304.8154792896821,0.4010180133367036,1.1717832478897303E-5,4.8980067123247196E-8,0.001944209076384109,-5.927877691220828E-6,-44.06690908316045,0.0035683633654581826,0.8100822343129664,2.8774363849298723,108825.7515787443,110387.78716354741,304.8156037203367,0.40101687860603147,1.1717804725200735E-5,4.898040307576544E-8,0.001944213773601265,-5.927861873260554E-6,-44.067302329403674,0.0035684762432639516,0.8100817301712212,2.8774516885049013,108825.8828683441,110387.91910516201,304.81563695287696,0.40101657553071185,1.1717797312601197E-5,4.898049280443888E-8,0.001944224113854663,-5.92790640340013E-6,-44.067666324454194,0.003568488018050431,0.8100842897475797,2.8774309234140976,108825.21741901268,110387.24921919419,304.81546822369086,0.4010181142496158,1.1717834947082102E-5,4.898003724655539E-8,0.0019442100833879038,-5.927886124510451E-6,-44.06694459441928,0.0035683648881734698,0.8100804765225514,2.877447671319525,108826.2086033888,110388.24721038272,304.8157195954769,0.4010158218886406,1.1717778879698776E-5,4.898071593271743E-8,0.0019442213995402196,-5.92786789695765E-6,-44.06782266452137,0.0035685937679748037,2.521291329001429E-10,5.0460972542046216E-8,3.881960133486552E-9,2.409577164904859E-10,6.464679343008967E-11,9.909097360857531E-11,-4.412873417125906E-6
4.075E-6,4.075E-6,2.8054265195109016,5.5E-8,2566.9008338482345,1808.9276161266334,0.8150071731761327,2.8433353953171236,107553.2564933111,109106.79355679025,304.49148091495084,0.4039667116839484,1.1790208073016584E-5,4.8113863398812343E-8,0.001921172564403462,-5.907194695708995E-6,-42.70278940962453,0.003284487105886136,0.8150053050689763,2.8433508710196937,107553.7361827914,109107.27645126743,304.49160365674055,0.40396559687484973,1.179018061304372E-5,4.811418832960913E-8,0.0019211830209592525,-5.907210860414125E-6,-42.70330214230307,0.0032845742419334023,0.8150048219671864,2.843360325258791,107553.8605236696,109107.40132960399,304.4916353977061,0.403965308576571,1.1790173511757795E-5,4.811427235887061E-8,0.0019211894089586426,-5.90724602105297E-6,-42.70372611017115,0.003284645757025917,0.8150073417540716,2.843334865812351,107553.21322570152,109106.74998031337,304.49146983863375,0.4039668122835046,1.1790210551003611E-5,4.8113834077242215E-8,0.0019211722066299671,-5.907198474091047E-6,-42.702762789982216,0.0032844747928986173,0.8150035661289309,2.8433613882191637,107554.18262582106,109107.72595930293,304.49171791217447,0.403964559145816,1.1790155051741771E-5,4.811449079609774E-8,0.0019211901271751106,-5.907213162856806E-6,-42.70369782580951,0.0032846534624888513,2.4966884783050757E-10,5.039328739935697E-8,3.950276259421848E-9,2.406557147790552E-10,6.525353694866115E-11,1.0061703506326916E-10,-4.38557453977771E-6
4.1000000000000006E-6,4.1000000000000006E-6,2.8226377251520733,5.5E-8,2447.5168924505037,1685.3591584603216,0.8198704380011751,2.807954816092447,106312.09395469238,107857.35616598219,304.1724713693264,0.40685835477551685,1.1861685435047353E-5,4.7277468166571104E-8,0.0018972667676300317,-5.867168128617096E-6,-41.3588555944234,0.0030362234328475957,0.8198686068169584,2.807982295613941,106312.55884236423,107857.82373606684,304.1725912875952,0.40685726993393256,1.1861658524937326E-5,4.7277779555757296E-8,0.0018972853348742844,-5.867240475510016E-6,-41.359772690696445,0.003036352154763833,0.8198681285394903,2.8079783950454953,106312.67992339535,107857.94586005356,304.1726226094204,0.4068569865935096,1.1861651496425583E-5,4.727786088613972E-8,0.0018972826993550644,-5.867215139261362E-6,-41.35966987484994,0.0030363487286551027,0.8198706025912186,2.807950663492134,106312.05213828906,107857.31414032544,304.172460591014,0.40685845228362505,1.186168785377507E-5,4.727744017845276E-8,0.0018972639618190096,-5.867154763450344E-6,-41.358741318484135,0.0030362151104230684,0.819866890355184,2.807997862762481,106312.99431849604,107858.26201657708,304.17270369411636,0.40685625305839745,1.1861633300725126E-5,4.727807143883689E-8,0.0018972958532178924,-5.867266349639522E-6,-41.36034232968041,0.0030364534940656718,2.468626300033576E-10,5.0326402484064194E-8,4.018543821824864E-9,2.3998700962186434E-10,6.584920062365629E-11,1.021158187141317E-10,-4.3460935988479E-6
4.125E-6,4.125E-6,2.839848930793244,5.5E-8,2327.31917970796,1559.1496628537293,0.8246717882453969,2.7713873920341343,105101.56055040189,106638.8111499629,303.85856068110985,0.40969253685633916,1.1932234513699074E-5,4.647002098917819E-8,0.0018725590486717125,-5.818768538290442E-6,-39.98960455945439,0.002781639600361707,0.824670002215331,2.771412582511756,105102.00844758246,106639.2616772334,303.85867725723466,0.4096914863831452,1.193220827382279E-5,4.647031802765267E-8,0.0018725760692647,-5.8188395429681355E-6,-39.990442946342455,0.002781747818134228,0.8246695216954287,2.7714136160805163,105102.12879361628,106639.38289001738,303.85870862190717,0.40969120376261925,1.1932201214152572E-5,4.647039794421005E-8,0.0018725767676219705,-5.818830915558238E-6,-39.990509370209566,0.002781777721104328,0.8246719501187216,2.7713882769332114,105101.52001693287,106638.77031702152,303.85855011523597,0.40969263206256046,1.1932236891898505E-5,4.646999406786396E-8,0.0018725596465764942,-5.818773083774431E-6,-39.98958967401495,0.0027816289282307505,0.8246683176425077,2.7714340775494453,105102.43080590451,106639.6866141671,303.85878721155996,0.4096904955819116,1.1932183524527008E-5,4.6470598194738556E-8,0.0018725905929388143,-5.818892968676437E-6,-39.991135795455875,0.00278184075625032,2.437291604765925E-10,5.026035166062625E-8,4.086708144643784E-9,2.389574824650825E-10,6.643322772916585E-11,1.0358377520107283E-10,-4.300888328166766E-6
4.15E-6,4.15E-6,2.8570601364344155,5.5E-8,2205.6401351136715,1424.6095683613719,0.829409291241256,2.7337607930269416,103921.47482831724,105450.93081025509,303.5498438593889,0.41246899508589974,1.2001828097864961E-5,4.569066016460205E-8,0.0018471356709641497,-5.755380619802964E-6,-38.63846555285886,0.0025527849895972676,0.8294075377690683,2.73377348716571,103921.90899904368,105451.36783473202,303.54995793511205,0.41246797112022454,1.2001802342614368E-5,4.569094549425719E-8,0.001847144248084939,-5.755403796712244E-6,-38.638976852399765,0.00255287824275785,0.8294070683217413,2.733785371507174,103922.02541090855,105451.48483610236,303.5499884753315,0.4124676969757039,1.2001795447304237E-5,4.569102188454018E-8,0.0018471522780453878,-5.755441181776178E-6,-38.63928825553603,0.0025529007159294514,0.8294094558429438,2.733763195988015,103921.43418896805,105450.8897855231,303.54983315054346,0.41246909120567454,1.2001830515557933E-5,4.5690633380368246E-8,0.0018471372945864965,-5.755394761450816E-6,-38.63853505292877,0.0025527867485954925,0.8294058927314488,2.7337979765119798,103922.3166387895,105451.77783378604,303.550064955487,0.41246701046890644,1.2001778180063906E-5,4.569121318148659E-8,0.0018471607949405269,-5.755474223434476E-6,-38.63977451328583,0.0025529832181977463,2.402934641167661E-10,5.01951664175306E-8,4.154715965079282E-9,2.375677037452469E-10,6.700512330414175E-11,1.0501775821510081E-10,-4.246691070379853E-6
4.175000000000001E-6,4.175000000000001E-6,2.874271342075587,5.5E-8,2082.125449020471,1290.446604498304,0.8340811983650266,2.695162161044906,102771.53556363056,104293.43508033986,303.2464014378078,0.41518759092429103,1.2070441645981259E-5,4.493852776160701E-8,0.0018210555142195311,-5.683641828397867E-6,-37.28121188201976,0.002325861233829163,0.8340794655240057,2.6951732398209423,102771.9594372921,104293.86185379236,303.2465138019089,0.41518658614666376,1.2070416199739565E-5,4.4938803758736145E-8,0.0018210629998790151,-5.683654368482394E-6,-37.281599077100964,0.0023259318956764807,0.834079012257301,2.695180377044834,102772.07048168957,104293.97348634434,303.24654319300686,0.41518632331990557,1.2070409543655837E-5,4.4938875952960214E-8,0.0018210678223275906,-5.6836803398141455E-6,-37.28187071606749,0.0023259697928998124,0.8340813599599476,2.6951563533167775,102771.49592184632,104293.39528252682,303.2463909597402,0.41518768462579514,1.2070444018953342E-5,4.493850202370792E-8,0.0018210515900789037,-5.683623662520176E-6,-37.281061385854855,0.0023258470962089772,0.8340778575568665,2.6951919430216082,102772.3530298435,104294.25787298274,303.24661806797724,0.4151856537698012,1.2070392587230565E-5,4.493905986881917E-8,0.0018210756371767624,-5.683705989554255E-6,-37.28222256648246,0.0023260146867355447,2.3657610036073556E-10,5.013087484972552E-8,4.2225155829779244E-9,2.35823656180253E-10,6.756445366305142E-11,1.0641495025399153E-10,-4.189215246079774E-6
4.2000000000000004E-6,4.2000000000000004E-6,2.891482547716758,5.5E-8,1957.5325052810404,1162.7645032278394,0.8386858532456334,2.6556114519711898,101651.46444056617,103166.0190410678,302.94830613273837,0.4178482560816413,1.213805193655245E-5,4.421278578926492E-8,0.0017943320621426958,-5.599841197465594E-6,-35.94131913811816,0.002118755139874695,0.8386841501794076,2.655634862894851,101651.87648503354,103166.43357627721,302.948416204337,0.4178472754517902,1.2138026933185743E-5,4.421305140282722E-8,0.001794347880334359,-5.599905340005762E-6,-35.94202229393227,0.0021188440217933535,0.8386837030629621,2.655634789833556,101651.98449475513,103166.5424078513,302.9484451026506,0.41784701800316626,1.2138020368897957E-5,4.4213121136212204E-8,0.001794347830968619,-5.599897813937105E-6,-35.94203895727264,0.00211885310557533,0.8386860028314378,2.655603164185591,101651.42807967887,103165.98263211481,302.9482964653791,0.41784834221644,1.2138054132678911E-5,4.421276245951946E-8,0.0017943264622875615,-5.599808085747782E-6,-35.941086674071585,0.0021187392563831176,0.8386825660822698,2.655643894992237,101652.25945689507,103166.8191569749,302.9485185878998,0.41784636332747,1.213800367644812E-5,4.421329846334237E-8,0.001794353983102863,-5.599918308831775E-6,-35.94238425527715,0.0021189131740526612,2.325871653963165E-10,5.006750359618002E-8,4.2900558339324206E-9,2.337431385244985E-10,6.811082672955469E-11,1.0777253904816115E-10,-4.125457982336459E-6
4.225E-6,4.225E-6,2.908693753357929,5.5E-8,1832.7283661566046,1038.428810472104,0.843221648717264,2.6151446247561094,100560.93269925479,102068.36474748416,302.655625527741,0.4204509609253058,1.2204636435659118E-5,4.351262340768398E-8,0.0017669896113216956,-5.507897961791741E-6,-34.604873494273306,0.0019177936862219136,0.8432199897133398,2.6151725999061206,100561.32959736379,102068.76389525786,302.65573240250467,0.42045001224676654,1.2204612084466474E-5,4.351287687064505E-8,0.0017670085134500815,-5.50798864210833E-6,-34.6057005712089,0.0019178804940978011,0.8432195475132281,2.6151782269008343,100561.43533311105,102068.87028697989,302.6557608897408,0.4204497593815845,1.2204605593764206E-5,4.3512944430326654E-8,0.0017670123154735367,-5.5080020641185E-6,-34.60586469033137,0.001917904883789956,0.8432217901548636,2.6151433710994736,100560.89886925301,102068.33071833082,302.6556164161472,0.420451041804074,1.2204638511708494E-5,4.3512601798923126E-8,0.0017669887642564012,-5.5078923018925255E-6,-34.604810340252925,0.0019177844317908033,0.8432184246432943,2.615185464939423,100561.70364651852,102069.14044661139,302.65583322734096,0.4204491172875911,1.220458911205274E-5,4.351311598378887E-8,0.0017670172060401505,-5.508013380932653E-6,-34.60610091837384,0.0019179422296854431,2.283378780878478E-10,5.0005077969476653E-8,4.35728541481463E-9,2.3134400608846107E-10,6.864387974526227E-11,1.0908779512070574E-10,-4.055575753447267E-6
4.25E-6,4.25E-6,2.9259049589991,5.5E-8,1707.8587290863875,912.3026800758248,0.8476870955156369,2.573862649935113,99499.61427374528,101000.12722434498,302.3684180555131,0.42299575340237217,1.2270174305677423E-5,4.283724605071657E-8,0.0017390963850912925,-5.40628996390069E-6,-33.28759136097369,0.0017330368726116152,0.8476854779026148,2.5738828656872825,99499.99669730336,101000.51198137779,302.3685219278093,0.4229948346889753,1.227015056697249E-5,4.283748824622684E-8,0.001739110044383299,-5.406352662333802E-6,-33.28822528573619,0.0017331135728109182,0.8476850485318018,2.573892265697248,99500.09829321683,101000.61410901466,302.3685494988238,0.4229945908282052,1.2270144265893349E-5,4.283755253373885E-8,0.0017391163957413839,-5.406385269850489E-6,-33.288481215444335,0.0017331340638278014,0.8476872385099827,2.573865794945791,99499.58059544855,101000.09321184775,302.368408872949,0.4229958346127081,1.227017640413992E-5,4.283722464122699E-8,0.0017390985100985074,-5.4063049921637684E-6,-33.287663248796434,0.0017330371088948304,0.8476839483140197,2.573911165465689,99500.35849403408,101000.87580183291,302.36862014724255,0.4229939659629641,1.227012812003695E-5,4.283771726416433E-8,0.0017391291658551953,-5.406442424060743E-6,-33.28900749686841,0.001733192543956097,2.2385108382069254E-10,4.99436216599996E-8,4.4241537784245445E-9,2.2863306964085497E-10,6.9163292479926E-11,1.1035826873904194E-10,-3.9790344609825485E-6
4.2750000000000006E-6,4.2750000000000006E-6,2.9431161646402715,5.5E-8,1582.5013958095058,781.9980047415708,0.8520808767676133,2.53186596394421,98467.28840969224,99960.92391521455,302.0867295697125,0.4254827853996238,1.2334647204192265E-5,4.2185867997317634E-8,0.0017107202459082501,-5.296056691577178E-6,-32.14789861133295,0.001631794184501878,0.8520792925530704,2.531884411427615,98467.65867790581,99961.296496197,302.086830971381,0.42548189169477396,1.23346239602648E-5,4.2186100542313874E-8,0.0017107327104240642,-5.2961090699454876E-6,-32.148461098231564,0.001631868666263081,0.8520788750574059,2.5318888827907333,98467.75627063158,99961.39468447285,302.08685769424443,0.42548165617197903,1.2334617834680719E-5,4.2186161826292796E-8,0.0017107357316153604,-5.296124026443749E-6,-32.14862327994706,0.001631892084568154,0.8520810238376647,2.5318676030070577,98467.2541211019,99960.88932635527,302.08672015582056,0.42548286836457283,1.2334649362034678E-5,4.2185846409249794E-8,0.001710721353383147,-5.296066726714343E-6,-32.14793195738571,0.0016317898657671748,0.8520778139172648,2.531915556902123,98468.00459467457,99961.64424608563,302.0869256140678,0.42548105754084736,1.2334602265408801E-5,4.218631759140647E-8,0.0017107537546635968,-5.2962193450412086E-6,-32.14931162496555,0.0016319373590825137,2.1915230704002953E-10,4.9883155608256593E-8,4.490612205474637E-9,2.2561493461302498E-10,6.966880210099628E-11,1.1158172093895312E-10,-3.8985741049270245E-6
4.3E-6,4.3E-6,2.9603273702814428,5.5E-8,1456.3715781208534,650.9182388047474,0.8564018007686501,2.48919984602,97463.08879070032,98950.3477002304,301.8105968595043,0.42791227672134297,1.2398038589599693E-5,4.155772084178441E-8,0.0016818917878513512,-5.1816704912255315E-6,-30.7231377098351,0.0014033936972013272,0.8564002524110824,2.4892230437033684,97463.4467522628,98950.7078170305,301.8106956504459,0.4279114090210694,1.239801587613768E-5,4.155794375897388E-8,0.0016819074619617354,-5.181743928375226E-6,-30.72376345167322,0.0014034527942916597,0.8563998428061265,2.489227621656353,97463.54140603697,98950.80308339761,301.81072178493304,0.42791117947885154,1.2398009867482359E-5,4.1558002730053106E-8,0.0016819105551732117,-5.181755651477715E-6,-30.72388654516726,0.0014034672732097242,0.8564019464236015,2.489196589715509,97463.05511320873,98950.31382401343,301.81058756624327,0.42791235834678415,1.2398040726269024E-5,4.155769987187613E-8,0.0016818895876456142,-5.181660541495603E-6,-30.72307482729002,0.0014033932902690616,0.856398815125509,2.4892400862827455,97463.77902752768,98951.0421024774,301.81078735491263,0.42791060356551974,1.2397994792032863E-5,4.155815068639714E-8,0.0016819189772180713,-5.181800124205438E-6,-30.724334763827756,0.0014035313585041287,2.1425769122302344E-10,4.982369851185821E-8,4.556613385733836E-9,2.2230414076126242E-10,7.016019238392634E-11,1.1275613361911425E-10,-3.8171712843075315E-6
4.325E-6,4.325E-6,2.9775385759226136,5.5E-8,1329.8911973132508,524.8730631574537,0.8606487288152442,2.4458800515098313,96487.14559864727,97967.98824748401,301.5400522166004,0.43028448350185866,1.246033266352089E-5,4.095206281567925E-8,0.0016526216564255616,-5.058809495750438E-6,-29.550412746422126,0.0012914579668859005,0.8606472200093966,2.4459029072207574,96487.49064985504,97968.33534052865,301.54014818058886,0.4302836434771438,1.2460310534342768E-5,4.095227595434768E-8,0.0016526370994734848,-5.058885172957162E-6,-29.55105332722178,0.0012915234698809286,0.8606468199197899,2.4459094239808468,96487.58215327786,97968.42737925568,301.54017362731696,0.4302834207274769,1.2460304666354803E-5,4.095233247251775E-8,0.0016526415026897614,-5.058906932617901E-6,-29.551229320554057,0.0012915399440807107,0.8606488647890707,2.4458720407016927,96487.11436971612,97967.95696823932,301.5400435687918,0.4302845592077071,1.2460334657806061E-5,4.0952043607521576E-8,0.0016526162437173599,-5.058779324826901E-6,-29.550221320507035,0.0012914476885610426,0.8606458049457847,2.445911520750987,96487.81394713905,97968.66087162729,301.5402381835161,0.4302828556477433,1.246028978005137E-5,4.095247585168547E-8,0.0016526429194263425,-5.058902784611519E-6,-29.551335280191097,0.0012915686918875124,2.0917787080578964E-10,4.9765268320096545E-8,4.622110349718376E-9,2.1872113104476777E-10,7.063727673253609E-11,1.138798704217176E-10,-3.730566914008922E-6
4.350000000000001E-6,4.350000000000001E-6,2.9947497815637854,5.5E-8,1203.8466191350221,403.98115328469794,0.8648205617378353,2.401936381264959,95538.64688594415,97013.43307453424,301.2751247021761,0.43259967379093833,1.2521514172662362E-5,4.0368181312382524E-8,0.0016229299873411884,-4.931843778734901E-6,-28.2269247192246,0.0011116772149089016,0.8648190916852005,2.4019585125158396,95538.9794334568,97013.76762551047,301.2752179098027,0.43259886059331004,1.2521492615686504E-5,4.036838515550133E-8,0.0016229449408890807,-4.931916168260387E-6,-28.2275088399183,0.001111731035004837,0.8648186996320779,2.4019614019076223,95539.06806567711,97013.8568485731,301.2752427678813,0.4325986437200047,1.2521486866586278E-5,4.036843951924479E-8,0.0016229468931808259,-4.93192472461601E-6,-28.22760809041165,0.0011117446606778714,0.8648206870805948,2.401931916286837,95538.61845676617,97013.40454981766,301.2751167551748,0.4325997431289957,1.252151601069918E-5,4.036816393185937E-8,0.001622926970464079,-4.931824704357268E-6,-28.226799630117284,0.0011116687743424336,0.8648176996479711,2.401976466886864,95539.2942424298,97014.084423653,301.27530617134806,0.432598090552242,1.2521472202734002E-5,4.036857818183152E-8,0.0016229570722208543,-4.931968134513909E-6,-28.227969940425055,0.0011117787773669008,2.0392768129222953E-10,4.97078818069356E-8,4.687056368736569E-9,2.1488241484919152E-10,7.109989566571381E-11,1.1495157501765989E-10,-3.6410455097488324E-6
4.3750000000000005E-6,4.3750000000000005E-6,3.011960987204956,5.5E-8,1078.5485223611981,283.0997460702737,0.8689162849612304,2.3574371604788986,94617.48072110506,96086.26095705328,301.01583722093363,0.43485816336511984,1.2581569071617934E-5,3.980538460672215E-8,0.001592862946269526,-4.798678814097457E-6,-27.05862905114259,0.0010022287737436741,0.8689148546579448,2.357461202794939,94617.80091456325,96086.58302845425,301.0159276284152,0.434857377148325,1.2581548101099545E-5,3.980557936838229E-8,0.0015928791910776615,-4.798759306368083E-6,-27.059244324317206,0.0010022825938387214,0.8689144709208417,2.3574678226145998,94617.88680609512,96086.66943747463,301.0159518839548,0.4348571662135288,1.2581542474903795E-5,3.9805631621331507E-8,0.0015928836639287837,-4.798779264802988E-6,-27.059395743950972,0.0010022946705428026,0.8689164087836813,2.357439869073125,94617.45308971901,96086.23307455312,301.0158293939422,0.4348582314262043,1.2581570887051598E-5,3.980536774622979E-8,0.0015928647764007601,-4.798689463427763E-6,-27.058664326046255,0.0010022232604649517,0.868913505418133,2.3574930140736168,94618.10312991602,96086.88684616784,301.0160129113891,0.4348566354849911,1.2581528319099103E-5,3.9805763093142145E-8,0.0015929006851848762,-4.7988697096457144E-6,-27.059993882411618,0.0010023289316283268,1.9852804334633742E-10,4.965155444715932E-8,4.751405768645912E-9,2.1079870733096863E-10,7.154792690822542E-11,1.1596997604957275E-10,-3.547828357682745E-6
4.4E-6,4.4E-6,3.0291721928461275,5.5E-8,953.6315444091138,158.63386371545243,0.872935012088257,2.3124635168868957,93722.98318565552,95186.03159469455,300.76220411369314,0.4370603275817609,1.2640485161256378E-5,3.926299653822063E-8,0.0015624753492479025,-4.662307692484547E-6,-25.818494399469046,8.582948438586868E-4,0.8729336216048473,2.3124858138193414,93723.29120836937,95186.34145427721,300.7622917365086,0.43705956799556395,1.2640464777892489E-5,3.926318254582575E-8,0.0015624904147427982,-4.662383543205806E-6,-25.819058400904623,8.583409453635227E-4,0.8729332559638607,2.312500243259899,93723.3723762387,95186.42293396597,300.7623147771418,0.4370593682507714,1.2640459417890508E-5,3.926323145870891E-8,0.0015625001643647966,-4.6624357436542146E-6,-25.819377914732968,8.583556080576926E-4,0.8729351376890337,2.3124630335949665,93722.95541531793,95186.00360521128,300.762196198653,0.4370603961931905,1.2640487002462228E-5,3.926297973647339E-8,0.0015624750226993017,-4.662309544869458E-6,-25.818496677670964,8.582944237982559E-4,0.8729323263028732,2.312516893021784,93723.57839084818,95186.63010296151,300.7623733605874,0.4370588603978792,1.2640445789810291E-5,3.926335582211741E-8,0.001562511414203908,-4.662497001532984E-6,-25.81982872830372,8.583955661976006E-4,1.9300014805649136E-10,4.959629963410553E-8,4.81511450107558E-9,2.0648044553197972E-10,7.198129143167736E-11,1.1693403244230808E-10,-3.4535882989112096E-6
4.425E-6,4.425E-6,3.0463833984872983,5.5E-8,828.7349162930183,33.48499933102138,0.8768759553618722,2.2670496136125946,92854.8814745547,94312.29533604669,300.5142331090961,0.4392065896690484,1.2698251656381973E-5,3.8740359800269655E-8,0.0015317902794679693,-4.521686117016088E-6,-24.679934510333624,7.5812463272662E-4,0.8768746043071302,2.2670730509706774,92855.17773325478,94312.59334436078,300.5143179911803,0.43920585611905816,1.2698231854118416E-5,3.874053742551984E-8,0.0015318061155207279,-4.521764561644659E-6,-24.680496148185057,7.581678988337615E-4,0.8768742556033734,2.2670785571160743,92855.25422076281,94312.67025961755,300.51433989898,0.43920566679109035,1.2698226743204898E-5,3.8740583270326E-8,0.0015318098358892394,-4.521787882083572E-6,-24.6806649288103,7.581832572522984E-4,0.87687607545542,2.267043645477158,92854.85506380154,94312.26884699125,300.51422556433056,0.4392066548751514,1.2698253416580183E-5,3.8740344011345125E-8,0.0015317862469440258,-4.5216644828371955E-6,-24.679807368706633,7.581195920174366E-4,0.8768733494695584,2.267089101419733,92855.45281123114,94312.87013109548,300.51439682868124,0.4392051748105518,1.269821346209871E-5,3.8740702401783084E-8,0.0015318169604187385,-4.521820799396892E-6,-24.680934049364623,7.582087627255873E-4,1.8735946872757203E-10,4.954212939577106E-8,4.878139799007111E-9,2.0194359405921015E-10,7.239994618010459E-11,1.178431112822202E-10,-3.357908595028935E-6
4.450000000000001E-6,4.450000000000001E-6,3.06359460412847,5.5E-8,704.2625824673723,-85.40315284727379,0.8807383534724691,2.2211915087638765,92012.60588656364,93464.60910944697,300.27193011095517,0.44129737404046226,1.2754858127626309E-5,3.823684541907087E-8,0.0015008050734891057,-4.378515454277476E-6,-23.512993109456147,6.419759440987605E-4,0.880737048593119,2.2212216860759155,92012.88929455672,93464.8940563642,300.27201184836946,0.44129666979590787,1.2754839005031742E-5,3.823701409231783E-8,0.0015008254635648078,-4.378619657359195E-6,-23.513666341682438,6.420152065143014E-4,0.8807366998652217,2.221216046075245,92012.9647688071,93464.97021001652,300.27203369365657,0.44129648159347806,1.2754833894534767E-5,3.823705916993067E-8,0.001500821652753544,-4.378595935747853E-6,-23.513578137753484,6.420220981127045E-4,0.8807384681198023,2.221191003246543,92012.58101200999,93464.58407374272,300.2719229293631,0.44129743591496806,1.2754859807746671E-5,3.823683059943663E-8,0.00150080473192334,-4.378511716396361E-6,-23.512959899250745,6.419715859848907E-4,0.8807358166673454,2.2212320512346473,92013.15649907352,93465.1630755319,300.2720890174403,0.44129600493205456,1.2754820951548353E-5,3.8237173335767214E-8,0.0015008324670504373,-4.378648175276112E-6,-23.513940175395874,6.420484699578566E-4,1.81617049674843E-10,4.948905490934024E-8,4.940439413285472E-9,1.9720860129089946E-10,7.28038722058845E-11,1.1869679727696185E-10,-3.2610350126455676E-6
4.475E-6,4.475E-6,3.080805809769641,5.5E-8,581.010918654784,-198.63562414886806,0.8845214678054238,2.1749186656941917,91195.82332809603,92642.53840520928,300.03529946022866,0.44333310739073817,1.281029444799613E-5,3.775185169985231E-8,0.001469539638982562,-4.232361450533517E-6,-22.415868814682426,5.540224483340239E-4,0.8845202113825257,2.174944988294941,91196.09350318045,92642.81008281586,300.0353779325835,0.4433324332780852,1.2810276038178536E-5,3.775201144646976E-8,0.0014695574245236088,-4.23245533980321E-6,-22.41647760009846,5.540608837577565E-4,0.8845198634952018,2.1749512972606344,91196.16824894161,92642.88530733596,300.0353996607906,0.44333224662605386,1.2810270940736985E-5,3.775205567834053E-8,0.0014695616873382665,-4.232470791123433E-6,-22.416583436120845,5.540667383314712E-4,0.8845215835681217,2.174920595886954,91195.79852683183,92642.51337319573,300.0352922296969,0.4433331694989186,1.281029614421637E-5,3.7751836981480866E-8,0.0014695409431668609,-4.232370587402556E-6,-22.415905035385777,5.540205055609704E-4,0.884519010194926,2.1749701330184394,91196.3517431115,92643.06981793062,300.03545295535076,0.4433317888008048,1.2810258437698951E-5,3.775216417101637E-8,0.0014695744142016482,-4.232536580843771E-6,-22.417000911685818,5.540896709419485E-4,1.757867997798626E-10,4.943708681555083E-8,5.0019715130263525E-9,1.9229318430232523E-10,7.319307242312728E-11,1.1949471117284224E-10,-3.16188626667865E-6
4.5E-6,4.5E-6,3.0980170154108118,5.5E-8,458.9830943762091,-314.99484519095483,0.8882246399809789,2.1282953078657436,90404.02594863386,91845.64463682054,299.80434049516276,0.44531424544246534,1.286455163673654E-5,3.7284796154652924E-8,0.0014380373701795566,-4.084616858364143E-6,-21.31609037621297,4.601899341238891E-4,0.8882234196058466,2.128310876884569,90404.28564069449,91845.9059872796,299.8044164977198,0.4453135944418148,1.2864533757593687E-5,3.728494883548924E-8,0.001438047889786871,-4.084669097750293E-6,-21.316465166102034,4.6021985022548506E-4,0.8882230936069352,2.1283301577587315,90404.35529252734,91845.9758002222,299.8044367992186,0.44531342053256595,1.2864528981536255E-5,3.7284989621635064E-8,0.0014380609174045483,-4.084738402241328E-6,-21.316847183144773,4.6023060111366476E-4,0.8882247509298543,2.128287899310001,90404.00224419314,91845.6208771309,299.8043335858659,0.4453143046298278,1.286455326219649E-5,3.728478227377853E-8,0.0014380323643986494,-4.084592821129718E-6,-21.315960780622163,4.6018754503762693E-4,0.8882222706620121,2.128346623547071,90404.5305274357,91846.15203860312,299.8044880502307,0.4453129815345511,1.286451692495598E-5,3.728509258081914E-8,0.00143807204293721,-4.084795541245967E-6,-21.317214770346936,4.602536781206368E-4,1.6988768931357698E-10,4.9386234545800415E-8,5.062695397557476E-9,1.872096743914555E-10,7.356757962139934E-11,1.202367067049275E-10,-3.0619383773710026E-6
4.525000000000001E-6,4.525000000000001E-6,3.1152282210519835,5.5E-8,337.5567134487924,-434.500135653975,0.89184730045669,2.0813611341226896,89636.82978366349,91073.48460204224,299.5790471232199,0.44724127822112203,1.2917621986085329E-5,3.683511370216407E-8,0.001406325090623439,-3.935278865299097E-6,-20.269685239066803,3.853577120054297E-4,0.8918461127224672,2.0813832192046138,89637.0802374487,91073.73656979529,299.5791208834771,0.4472406481996685,1.2917604587467157E-5,3.683525998125412E-8,0.0014063400129760903,-3.935348849637421E-6,-20.27013359116995,3.8538362440831975E-4,0.8918458100977756,2.0813913961342956,89637.14413817595,91073.80076867482,299.5791396766663,0.44724048767321867,1.2917600154445343E-5,3.6835297252157305E-8,0.001406345537928578,-3.935382844275637E-6,-20.270335422389508,3.853943490490508E-4,0.8918473977393172,2.0813524695952483,89636.80912814235,91073.46396526851,299.57904108235,0.4472413298272533,1.2917623411137691E-5,3.6835101720872863E-8,0.0014063192362130056,-3.935245460411352E-6,-20.26950576598756,3.853525794035306E-4,0.8918450156487095,2.0814079885267023,89637.3117084465,91073.96930459417,299.5791890131383,0.4472400662638104,1.2917588516895114E-5,3.6835395095601196E-8,0.0014063567490045286,-3.935438760862553E-6,-20.270682329781266,3.8541272664360804E-4,1.639375855795774E-10,4.933650614809406E-8,5.122571927416751E-9,1.8197089883731953E-10,7.392745997654416E-11,1.2092306435861319E-10,-2.9621043116048404E-6
4.5500000000000005E-6,4.5500000000000005E-6,3.1324394266931543,5.5E-8,216.85003012214833,-548.0688814787926,0.8953889256833489,2.0341295360703833,88893.75793633412,90325.61998346612,299.3594106437593,0.449114704047455,1.2969498434065706E-5,3.640226154674942E-8,0.001374411848696205,-3.7851977725722463E-6,-19.234932113343802,3.099989324475416E-4,0.8953877882083964,2.034165884169596,88893.99585890053,90325.85906670864,299.35948108554265,0.44911410400522633,1.2969481773804013E-5,3.6402399506398756E-8,0.0013744364082227,-3.7853213483174387E-6,-19.235635478976292,3.1002512051614417E-4,0.895387489956584,2.034162629335215,88894.05801954147,90325.921757121,299.35949955662966,0.449113946676866,1.2969477405397465E-5,3.6402435679943655E-8,0.0013744342090102803,-3.7853084386085812E-6,-19.23559446970512,3.1003004308871596E-4,0.8953890177384702,2.0341320358261834,88893.7387611526,90325.6006341225,299.3594049426362,0.4491147526062636,1.2969499782369904E-5,3.640225038190142E-8,0.0013744135377203941,-3.7852041937469493E-6,-19.234955419970447,3.0999698967093536E-4,0.8953867244930508,2.0341797433718445,88894.21800823051,90326.08264945626,299.35954696094404,0.44911354288109506,1.2969466193877484E-5,3.640252852019432E-8,0.0013744457725485435,-3.785366582746974E-6,-19.235945233573375,3.100478956028496E-4,1.5794912343726944E-10,4.9287908670196484E-8,5.18156307406082E-9,1.7659455810267226E-10,7.427280565202727E-11,1.2155432417361022E-10,-2.8626250384625743E-6
4.575E-6,4.575E-6,3.1496506323343256,5.5E-8,97.60916946197776,-655.7141689936766,0.8988490214685568,1.9866209043872467,88174.41547119216,89601.62138955676,299.1454208477623,0.45093502120452783,1.3020174321838684E-5,3.598572017497417E-8,0.0013423114218832747,-3.6344764795614994E-6,-18.243238827805953,2.480245805465131E-4,0.8988479410834315,1.9866512022330145,88174.63936718593,89601.84642989648,299.145487571868,0.4509344543534284,1.3020158499695603E-5,3.598584926976133E-8,0.0013423318934006855,-3.6345839386342505E-6,-18.24385099682945,2.480483401505751E-4,0.8988476443774962,1.9866560321632443,88174.70076551294,89601.90823334167,299.14550589664765,0.4509342986814052,1.3020154154463851E-5,3.5985884723024986E-8,0.001342335156867057,-3.634595721138112E-6,-18.24392827073143,2.4805310519582235E-4,0.8988491191695615,1.9866251647331907,88174.39535874383,89601.60103796479,299.1454148132687,0.4509350724621379,1.302017575266091E-5,3.598570850092892E-8,0.0013423143004953992,-3.634494013198264E-6,-18.243319127142968,2.4802358290543225E-4,0.8988469071971563,1.9866718003119292,88174.85343454924,89602.06178647518,299.14555142501285,0.45093391190323784,1.3020143358523688E-5,3.598597280873403E-8,0.001342345811021574,-3.6346487850380527E-6,-18.244242701547364,2.4806722968762074E-4,1.5193322037366083E-10,4.924044873144849E-8,5.23963136733287E-9,1.7109992853795455E-10,7.4603727028485E-11,1.2213107273649085E-10,-2.762773491813329E-6
4.6E-6,4.6E-6,3.1668618379754965,5.5E-8,-19.99888646021518,-764.0594296636652,0.9022271317339983,1.9388593739716038,87478.35950207607,88901.06649422426,298.9370655718621,0.45270273090513674,1.3069643522845939E-5,3.558499141583177E-8,0.001310040117548381,-3.4837868867043656E-6,-17.27107359647721,1.8818544248588864E-4,0.9022260922516594,1.93887654899968,87478.57279549414,88901.28111197223,298.9371295990864,0.45270218839537274,1.3069628301511431E-5,3.558511383221985E-8,0.001310051722297081,-3.4838445350260372E-6,-17.271426314100836,1.8820450267398314E-4,0.902225810107245,1.9388887739201812,87478.63081410744,88901.33936449236,298.9371469773689,0.4527020411395263,1.306962417001768E-5,3.558514705969776E-8,0.0013100599823785007,-3.483885994768343E-6,-17.27164760531059,1.882096746541606E-4,0.9022272290392253,1.9388547125052922,87478.33949855228,88901.04640428832,298.9370595784766,0.4527027816901475,1.3069644947704622E-5,3.5584979956492435E-8,0.0013100369679089811,-3.4837733689130346E-6,-17.271003021547813,1.8818483864890823E-4,0.9022251017168381,1.9389064007963541,87478.77626037828,88901.48562287918,298.93719061057163,0.4527016714247304,1.3069613796923784E-5,3.558523048502475E-8,0.001310071892429969,-3.4839438320943827E-6,-17.27197837312724,1.8822312967969879E-4,1.4590354838233967E-10,4.919413240588334E-8,5.296740036261859E-9,1.6550317862743269E-10,7.49203535570214E-11,1.2265401932823146E-10,-2.6628719960883896E-6
4.625000000000001E-6,4.625000000000001E-6,3.184073043616668,5.5E-8,-136.2720887880901,-872.6497452712015,0.9055228424269312,1.8908695658089025,86805.19499855654,88223.5395537698,298.7343305264263,0.4544183394068866,1.3117900501019485E-5,3.5199597047100344E-8,0.0012776145714925018,-3.3333491991527355E-6,-16.3362459208347,1.3819626139621732E-4,0.9055218381658916,1.8908930427533506,86805.39937019156,88223.74511854076,298.7343922218414,0.45441781797459313,1.3117885797095655E-5,3.519971365699625E-8,0.0012776304342928045,-3.333422187949964E-6,-16.336660927978073,1.3821148854020748E-4,0.9055215732210368,1.890900916374285,86805.45333133341,88223.79935059838,298.73440849820946,0.4544176804086229,1.3117881917895971E-5,3.519974442124306E-8,0.0012776357543069492,-3.333450281104433E-6,-16.336814274262906,1.3821677866587834E-4,0.9055229302538895,1.8908630680799463,86805.17704389183,88223.52157679068,298.734325131218,0.4544183850106159,1.3117901786941116E-5,3.519958684897443E-8,0.0012776101811350989,-3.3333260684287325E-6,-16.336127596366396,1.381938854336795E-4,0.9055208978647996,1.890921689131537,86805.59086413366,88223.9375907988,298.7344499874681,0.454417329747022,1.3117872029643035E-5,3.519982284081709E-8,0.0012776497899537412,-3.3335188075511725E-6,-16.33718833811531,1.3822730639390102E-4,1.3987576226790796E-10,4.9148964889883074E-8,5.3528535238598275E-9,1.5981784762657148E-10,7.522283845873455E-11,1.2312414190359586E-10,-2.5635636416818925E-6
4.65E-6,4.65E-6,3.201284249257839,5.5E-8,-251.31571471768257,-979.7225631591589,0.9087357905948196,1.842686131597645,86154.69114962436,87568.62970382924,298.5371987031776,0.45608236205538055,1.3164940444467543E-5,3.4829076922337655E-8,0.0012450581970254357,-3.187267883220102E-6,-15.615956838038983,1.6641071134415597E-4,0.9087348354057115,1.8427197701584623,86154.88406857257,87568.82358468889,298.53725723275943,0.4560818685874122,1.316492646054416E-5,3.482918632222813E-8,0.001245080925782745,-3.1873765392731456E-6,-15.616513414451902,1.66416316510265E-4,0.9087345823210708,1.8427255799327706,86154.93515293942,87568.87495531715,298.537272740815,0.4560817378406884,1.316492275539699E-5,3.482921530855956E-8,0.0012450848513059262,-3.1873950902649997E-6,-15.616629488508806,1.6642529527644E-4,0.908735870201994,1.8426830745275364,86154.67505515693,87568.61354553081,298.53719382526214,0.4560824031820978,1.3164941609912805E-5,3.48290678047632E-8,0.0012450561314375245,-3.187256706098651E-6,-15.615894115685023,1.6640783656640679E-4,0.9087339405512985,1.8427439172492956,86155.06473564525,87569.0052201808,298.5373120657549,0.45608140629196586,1.3164913359917624E-5,3.4829288812089886E-8,0.0012450972413846591,-3.1874564537304197E-6,-15.616967570448423,1.66437870802838E-4,1.3386369313267995E-10,4.910495032341862E-8,5.407937608461217E-9,1.5405868977123401E-10,7.55113595424625E-11,1.235426117415363E-10,-2.467526040992478E-6
4.675E-6,4.675E-6,3.2184954548990103,5.5E-8,-365.1559828797132,-1086.1968647996996,0.9118656607541744,1.7943300167550393,85525.90718039656,86935.93167216274,298.34565127328113,0.4576953182877449,1.3210759212725964E-5,3.447298897533991E-8,0.0012123851464561077,-3.0356177086332538E-6,-14.57190704416871,6.130708773355309E-5,0.9118647578314034,1.7943573239680959,85526.08803356266,86936.11344777056,298.3457064617419,0.4576948541070297,1.3210745995349286E-5,3.447309101905078E-8,0.0012124035972757405,-3.035709216590021E-6,-14.57240991386493,6.132711931172707E-5,0.9118645164465774,1.794365100555811,85526.13636863377,86936.16204321367,298.345721215683,0.4576947300140982,1.321074246185302E-5,3.4473118299203746E-8,0.0012124088517268994,-3.0357335270991827E-6,-14.572530581100182,6.132677800962938E-5,0.9118657346002651,1.794326443794742,85525.89237271565,86935.91680565932,298.3456467597265,0.45769535625149516,1.32107602937172E-5,3.447298062962593E-8,0.0012123827322937447,-3.035606760306564E-6,-14.571849296836263,6.130543374638364E-5,0.9118639031764088,1.7943798537093558,85526.25913248301,86936.28550698892,298.34575870030113,0.4576944147414708,1.3210733484537062E-5,3.4473187608057514E-8,0.001212418820073889,-3.0357810119596706E-6,-14.572798736707227,6.133843464795063E-5,1.2787790645881376E-10,4.906209276140154E-8,5.461959005978921E-9,1.482432859114383E-10,7.578611072703483E-11,1.239106555391939E-10,-2.368617873919356E-6
4.700000000000001E-6,4.700000000000001E-6,3.2357066605401816,5.5E-8,-477.5354339718779,-1187.420750165295,0.9149121545279932,1.7458000452571603,84919.07482975024,86325.05258133443,298.1596682788346,0.45925772108465535,1.3255352893743171E-5,3.4130911206239206E-8,0.001179594625173757,-2.89039286286652E-6,-13.826017569593432,6.702171859274131E-5,0.9149112941845349,1.7458220828231632,84919.24567934472,86325.22440764947,298.15972073635766,0.45925728090513623,1.325534030091157E-5,3.413100718729651E-8,0.0011796095154210562,-2.8904615489011575E-6,-13.826389690279939,6.703366403115751E-5,0.9149110646347992,1.7458281229118826,84919.29127778125,86325.27025294877,298.15973473261334,0.45925716345978357,1.3255336940996182E-5,3.413103279623822E-8,0.0011796135965620829,-2.8904815312102985E-6,-13.826502714622848,6.70392823280963E-5,0.9149122238998206,1.745798345198376,84919.06104750745,86325.03872655705,298.1596640490621,0.4592577565776211,1.3255353909137342E-5,3.4130903467036386E-8,0.0011795934764853892,-2.8903863727691716E-6,-13.825981343565218,6.701986770707435E-5,0.9149104786027941,1.745844946678106,84919.40767215221,86325.38729438453,298.1597704645428,0.45925686362568613,1.3255328363256044E-5,3.413109817504885E-8,0.0011796249639716933,-2.8905333371653796E-6,-13.82677442921431,6.70454519422492E-5,1.2192890417489827E-10,4.90203952140226E-8,5.514885110833242E-9,1.423888038016571E-10,7.604730102173412E-11,1.2422961858092043E-10,-2.273592089939957E-6
4.7250000000000005E-6,4.7250000000000005E-6,3.252917866181353,5.5E-8,-587.7406068615568,-1281.079705560088,0.9178749866442726,1.6971120608010013,84333.34732418864,85735.61188569374,297.97923038766044,0.46077006795935077,1.3298717745404342E-5,3.38024420340437E-8,0.001146697338379055,-2.7431057192472965E-6,-12.909469577983145,-1.0116208883914624E-6,0.9178741711169602,1.6971419669037806,84333.50812276045,85735.77349975877,297.97927999334087,0.4607696526421934,1.3298705809680738E-5,3.3802531880469964E-8,0.0011467175452052572,-2.7431959401269524E-6,-12.90992421784199,-1.0058188237849208E-6,0.9178739517841065,1.697147740342788,84333.55133474666,85735.81696549842,297.9792933347328,0.4607695409451709,1.3298702599614951E-5,3.3802556044317564E-8,0.0011467214461775594,-2.7432130772808704E-6,-12.910012062066016,-1.0048605645351927E-6,0.9178750569544781,1.6971148507318272,84333.33352887408,85735.59795175423,297.97922611063797,0.46077010376338373,1.3298718774435576E-5,3.3802434288113744E-8,0.0011466992234674509,-2.743113997638602E-6,-12.90949869928022,-1.0150863829494483E-6,0.9178733970625358,1.6971673308288158,84333.66070821974,85735.92689565562,297.97932707655013,0.4607692584462397,1.32986944809371E-5,3.380261715806997E-8,0.0011467346829924431,-2.743273549441483E-6,-12.910319324045986,-1.000423687003149E-6,1.1602913984950472E-10,4.8979860896949864E-8,5.566684258421456E-9,1.3650968587087448E-10,7.629515631611747E-11,1.2450109809455322E-10,-2.177536320514141E-6
4.75E-6,4.75E-6,3.2701290718225238,5.5E-8,-695.7265507083112,-1377.2058195409288,0.920753919048555,1.648305298471764,83768.70498964863,85167.23511480865,297.8043156203368,0.4622328639236504,1.3340850696321242E-5,3.348719500587672E-8,0.0011137197962647054,-2.6006827839353262E-6,-12.174516425517822,-4.649833094561018E-6,0.920753156586303,1.6483372231665494,83768.85425594602,85167.38507524355,297.80436188997476,0.4622324773807518,1.3340839538251833E-5,3.3487277990428094E-8,0.0011137413670044252,-2.600780987762619E-6,-12.17500217928523,-4.645383086199217E-6,0.9207529503271699,1.6483466128821276,83768.89464000358,85167.42564213014,297.8043744066894,0.46223237281400237,1.3340836519802381E-5,3.348730043922879E-8,0.001113747711406843,-2.6008087597517717E-6,-12.175138531459652,-4.644372324946744E-6,0.9207539900650317,1.6483034740730445,83768.69111891923,85167.22114719222,297.8043113106279,0.4622328999258323,1.334085173559464E-5,3.3487187276667196E-8,0.001113718563562868,-2.6006794648480993E-6,-12.174503416430525,-4.6483628892701745E-6,0.9207524293125157,1.6483662177253158,83768.99660808181,85167.52811530071,297.80440602435783,0.46223210867762665,1.334082889513929E-5,3.348735714535886E-8,0.0011137609579225107,-2.6008686798206783E-6,-12.17543969780013,-4.639699163533351E-6,1.1019093009424471E-10,4.89404918491921E-8,5.6173260126522995E-9,1.306197417610773E-10,7.652992035973639E-11,1.2472687223142861E-10,-2.0849765294222767E-6
4.775E-6,4.775E-6,3.2873402774636946,5.5E-8,-802.4928694329901,-1480.3304621106772,0.9235487591006465,1.5993939480309025,83224.51651480506,84619.55384928409,297.63490045453983,0.46364661580012245,1.3381749319550172E-5,3.31847988856086E-8,0.0010806715865073666,-2.458475571103236E-6,-11.355772325384805,-4.857108720557335E-5,0.9235480449871372,1.5994182659781726,83224.65522006905,84619.69327427843,297.6349436922071,0.4636462553577635,1.3381738869939149E-5,3.3184875697593716E-8,0.0010806880175528192,-2.458549749349004E-6,-11.356150827563624,-4.856223970506335E-5,0.9235478539287703,1.599426629831712,83224.6923546976,84619.73057677144,297.6349552601749,0.46364615892186095,1.3381736074185183E-5,3.318489624843244E-8,0.0010806936688052108,-2.4585755494399563E-6,-11.356276791357686,-4.8561386464029965E-5,0.9235488201636645,1.599384178588153,83224.50456156237,84619.54192789084,297.63489675774474,0.46364664662421384,1.3381750213084436E-5,3.3184792317361066E-8,0.0010806649855325358,-2.4584473490563143E-6,-11.355646567417352,-4.856793675855897E-5,0.9235473675766839,1.5994472729405385,83224.78686367476,84619.8255330311,297.6349847073175,0.46364591343821854,1.3381728957402998E-5,3.3184948562029216E-8,0.001080707616851715,-2.4586366646417444E-6,-11.356577469260856,-4.85587479630567E-5,1.0442418550341643E-10,4.8902290003878964E-8,5.666780998781329E-9,1.2473462569069418E-10,7.675185249480493E-11,1.2490871327671237E-10,-1.9930977105886747E-6
4.800000000000001E-6,4.800000000000001E-6,3.3045514831048663,5.5E-8,-908.3156465483786,-1577.9687897046467,0.9262593198236455,1.5503699933912551,82700.62860907726,84092.21380327974,297.4709615826262,0.4650118151282406,1.3421411251960785E-5,3.2894900885460144E-8,0.001047547292831929,-2.320342318142821E-6,-10.651846798002452,-5.467015107996076E-5,0.9262586490970082,1.5503959130731104,82700.75796609862,84092.34382824977,297.471002103686,0.4650114780243098,1.3421401438046712E-5,3.2894972213056006E-8,0.00104756480613048,-2.320415712375734E-6,-10.65220418442209,-5.466811641952063E-5,0.9262584691049865,1.5504004040056507,82700.7926570086,84092.3787211654,297.47101297778096,0.46501138756201865,1.3421398804445883E-5,3.2894991354076155E-8,0.0010475678405443586,-2.3204293266587686E-6,-10.652277331556434,-5.4664926594227836E-5,0.9262593680693155,1.5503646870169743,82700.61924301984,84092.20445091058,297.4709586681662,0.4650118393780309,1.3421411957880134E-5,3.289489575475627E-8,0.0010475437074439016,-2.3203243412694972E-6,-10.651759356976982,-5.467158190697319E-5,0.9262580171792602,1.5504198187518015,82700.87985378075,84092.46633001558,297.47104028014724,0.4650111604250136,1.3421392191974967E-5,3.289503941376166E-8,0.0010475809586160821,-2.3204864839954097E-6,-10.652556110334672,-5.466218307503823E-5,9.873807455987221E-11,4.88652567485096E-8,5.7150206470490036E-9,1.1887021313995003E-10,7.69612242299391E-11,1.2504838610846003E-10,-1.9037527850415593E-6
4.825E-6,4.825E-6,3.321762688746037,5.5E-8,-1012.0426729501404,-1663.1840353756866,0.9288854231134489,1.5012512252807901,82196.55192582973,83584.87369087397,297.31247626442615,0.4663289373803667,1.345983424173038E-5,3.2617165791131125E-8,0.001014358936000534,-2.1837621589781976E-6,-9.912393118806222,-8.237228622931525E-5,0.9288848029849845,1.5012841167920554,82196.67080752218,83584.99307970029,297.31251364792854,0.4663286269882536,1.3459825168879162E-5,3.261723101561235E-8,0.001014381159994632,-2.18385447539049E-6,-9.912828491273558,-8.237302133551339E-5,0.9288846328418588,1.5012909741699445,82196.70339093136,83585.02583636482,297.31252390488464,0.46632854182767747,1.3459822679583247E-5,3.261724891107394E-8,0.0010143857933580707,-2.183872663721331E-6,-9.912913829294666,-8.237355953610859E-5,0.9288854698302773,1.5012547860873127,82196.5430348277,83584.8646963505,297.31247344788164,0.46632896076117836,1.3459834925225468E-5,3.261716087762175E-8,0.001014361341950887,-2.1837710970373794E-6,-9.91242563742776,-8.237565982938122E-5,0.9288842099998418,1.5013053859935488,82196.78436320409,83585.10724385039,297.3125493956785,0.4663283301859055,1.3459816493151054E-5,3.2617293385147004E-8,0.001014395531076722,-2.1839144204705007E-6,-9.913121276640595,-8.237031720881305E-5,9.314289137407002E-11,4.882939335651928E-8,5.7620173194482176E-9,1.1304045309939882E-10,7.71583198260264E-11,1.2514780514031824E-10,-1.8155380489385203E-6
4.85E-6,4.85E-6,3.3389738943872085,5.5E-8,-1112.995222213918,-1747.1414607063323,0.9314269309878692,1.4520669997373647,81712.06691959532,83097.19920863122,297.15942007937724,0.4675984594469398,1.3497016606472145E-5,3.235127174013384E-8,9.81126351173895E-4,-2.051059074688055E-6,-9.2499325118863,-8.75995039280042E-5,0.9314263634224711,1.4520953628136861,81712.1749844615,83097.30775054566,297.159454223131,0.46759817649866997,1.3497008303281719E-5,3.2351330804466315E-8,9.811455154146527E-4,-2.0511393718436464E-6,-9.250313270098104,-8.759834877025696E-5,0.9314262086023097,1.4521063370287182,81712.2044957667,83097.33735833611,297.1594635367,0.46759809931501584,1.3497006038342154E-5,3.2351346916079904E-8,9.811529304248096E-4,-2.0511692630975633E-6,-9.250450776992466,-8.759941204772304E-5,0.9314269807790686,1.4520671885061105,81712.05748434672,83097.1896862276,297.15941708384884,0.46759848426798506,1.3497017334891761E-5,3.235126655862832E-8,9.81126478720345E-4,-2.0510615519242494E-6,-9.249944413580806,-8.759892634913058E-5,0.9314258126794502,1.4521230730237953,81712.27982642045,83097.41307557581,297.15948735495726,0.4675979019370543,1.3497000246193924E-5,3.235138811827137E-8,9.811642385295913E-4,-2.051213989631151E-6,-9.25066258140555,-8.759930702950669E-5,8.764846052940812E-11,4.879470051011307E-8,5.8077444835842924E-9,1.072588963372321E-10,7.734343690270046E-11,1.2520905264951625E-10,-1.7301797052537981E-6
4.875000000000001E-6,4.875000000000001E-6,3.35618510002838,5.5E-8,-1211.9640045529686,-1837.8335944285998,0.9338837315895548,1.4028186559769324,81246.7656151642,82628.86552197402,297.01176810606916,0.4688208510824036,1.353295702886801E-5,3.209691127546485E-8,9.47850443227657E-4,-1.9208617111132752E-6,-8.579156151356983,-1.0409092631391559E-4,0.9338832084053332,1.402841779641204,81246.86453452628,82628.96493255596,297.0117995167313,0.46882059126791586,1.3532949375507198E-5,3.209696516543737E-8,9.478660673251379E-4,-1.920923947125175E-6,-8.579451409617604,-1.0408977117037921E-4,0.9338830703819904,1.4028504120822771,81246.89066532282,82628.99115825725,297.0118078031635,0.46882052272406644,1.3532947356443095E-5,3.2096979382441546E-8,9.478719000555926E-4,-1.9209481406790018E-6,-8.579563988990685,-1.0409005994915788E-4,0.9338837753234313,1.4028113947613938,81246.75729053625,82628.85721247431,297.0117654806435,0.4688208728026623,1.3532957668625802E-5,3.209690677062007E-8,9.478455370009418E-4,-1.920843139799899E-6,-8.579075280073994,-1.040888128898132E-4,0.9338827103161356,1.4028753242165224,81246.95883825896,82629.05957403971,297.01182942020404,0.46882034391110133,1.3532942089246726E-5,3.20970164708464E-8,9.478887325787313E-4,-1.921013661814186E-6,-8.57986241336448,-1.0409303975222883E-4,8.226300609941108E-11,4.8761178721668226E-8,5.852176567682407E-9,1.0154002246938735E-10,7.751688444799194E-11,1.2523423117613667E-10,-1.6466628444039485E-6
4.9000000000000005E-6,4.9000000000000005E-6,3.373396305669551,5.5E-8,-1309.6711859740544,-1927.8902655803295,0.9362557141477897,1.3535055173780919,80800.40253698885,82179.56195826763,296.86949623009474,0.46999656348920704,1.3567654191140616E-5,3.18537931832514E-8,9.145307549851972E-4,-1.79447052076398E-6,-7.963196593447265,-1.0701560219672501E-4,0.9362552381304049,1.3535370343719988,80800.49207180295,82179.6518435332,296.8695247528362,0.46999632797583385,1.3567647228238361E-5,3.185384173280655E-8,9.145520502513505E-4,-1.7945501849681022E-6,-7.963558011837222,-1.0701957963021869E-4,0.9362551115613192,1.3535416891361265,80800.51584366919,82179.67574355559,296.86953233695664,0.469996265355992,1.3567645376860283E-5,3.1853854641686924E-8,9.145551953622476E-4,-1.7945627632798278E-6,-7.963619136109173,-1.0701858199979597E-4,0.9362557481581761,1.3535013311924204,80800.3961091882,82179.55553636677,296.8694941923335,0.46999658031707026,1.356765468862458E-5,3.1853789714453277E-8,9.145279264813652E-4,-1.7944580581286118E-6,-7.963139832150546,-1.070152215163489E-4,0.9362547918741007,1.3535638817919728,80800.57600445127,82179.73610926508,296.86955149236223,0.4699961071872334,1.3567640700663617E-5,3.185388724705979E-8,9.145701903999817E-4,-1.7946223296405606E-6,-7.963892291999855,-1.0702002595053273E-4,7.69949110387214E-11,4.872882820842876E-8,5.8952888794512325E-9,9.589749997502272E-11,7.767898148552079E-11,1.2522541793333304E-10,-1.565485225781694E-6
4.925E-6,4.925E-6,3.390607511310722,5.5E-8,-1405.7070906648087,-2010.3261207549083,0.9385427883884461,1.3041519816811906,80372.63093169029,81748.98799501515,296.7325801607415,0.4711260382764202,1.3601107059553845E-5,3.162163992993977E-8,8.811837714062099E-4,-1.6712210110370052E-6,-7.353830030710014,-1.155792588889426E-4,0.9385423711960331,1.3041889615726598,80372.7090344675,81749.06629931042,296.73260511118576,0.47112583260596,1.3601100957511235E-5,3.1621682077303113E-8,8.812087578193647E-4,-1.6713145720359535E-6,-7.354249305244821,-1.1558449649839986E-4,0.9385422535450707,1.3041946039464356,80372.7310039585,81749.08838201706,296.7326121476089,0.47112577460736466,1.3601099236695774E-5,3.162169396305747E-8,8.812125702340781E-4,-1.671328175945064E-6,-7.354311157239636,-1.1558504783693024E-4,0.9385428196664758,1.3041530407611035,80372.62511387857,81748.98212406544,296.7325782899722,0.471126053694743,1.360110751704021E-5,3.162163677010877E-8,8.811844870007456E-4,-1.6712232047666475E-6,-7.353836626251677,-1.1558068972306046E-4,0.9385419644951013,1.3042080072324487,80372.78499174633,81749.14263575163,296.7326294349671,0.4711256321136661,1.3601095008921941E-5,3.16217231645268E-8,8.812216265084113E-4,-1.6713632666665035E-6,-7.354475324400937,-1.155845883999973E-4,7.18530192659382E-11,4.8697648936831626E-8,5.937057786493591E-9,9.034366555491144E-11,7.783005782106637E-11,1.2518477478215932E-10,-1.4865318309756345E-6
4.95E-6,4.95E-6,3.407818716951893,5.5E-8,-1499.4340715237558,-2088.1806544918873,0.940744896422952,1.2547719032816154,79963.19568829804,81336.85093049986,296.6009946208023,0.47220971391821015,1.3633315058919264E-5,3.1400185848108215E-8,8.478188535686591E-4,-1.5519283704179543E-6,-6.786705971860329,-1.1583663709302527E-4,0.9407445337535248,1.2547984552313818,79963.26313416944,81336.91860835683,296.60101627129376,0.4722095357480837,1.3633309754687594E-5,3.140022215383091E-8,8.47836794075258E-4,-1.5519957804599472E-6,-6.787011066707919,-1.158388161570656E-4,0.9407444286910011,1.2548074403425744,79963.28267937791,81336.93821406367,296.6010225432404,0.47220948413327896,1.363330821809274E-5,3.140023267134415E-8,8.478428650963341E-4,-1.552017199060174E-6,-6.787106156464688,-1.1584029948608077E-4,0.940744925868314,1.2547688366678493,79963.19021098298,81336.84543571608,296.60099286299805,0.4722097283840615,1.3633315489573219E-5,3.14001829004217E-8,8.478167815323306E-4,-1.5519221864224165E-6,-6.786679834691313,-1.1583558695349438E-4,0.9407441660727363,1.2548245562383589,79963.33147732957,81336.98722164785,296.60103822108545,0.4722093551168666,1.3633304377162109E-5,3.140025896123598E-8,8.47854429890783E-4,-1.5520572297589298E-6,-6.787285438054823,-1.1584268857234292E-4,6.684469305619825E-11,4.8667640550464664E-8,5.977460688834792E-9,8.48914645196956E-11,7.797045309507345E-11,1.2511457512576364E-10,-1.4104527966352372E-6
4.975000000000001E-6,4.975000000000001E-6,3.4250299225930645,5.5E-8,-1590.8158442182414,-2165.5504692596305,0.9428619830626787,1.2053544458647942,79571.79141450948,80942.87123758202,296.4747152364005,0.4732480107187594,1.3664277638882716E-5,3.118917965387602E-8,8.144286796383745E-4,-1.436201616940025E-6,-6.234111653608579,-1.1873297208353506E-4,0.9428616606480081,1.2053745118926122,79571.85098429746,80942.9310695985,296.4747344503102,0.4732478528541029,1.3664272923679962E-5,3.1189211647950294E-8,8.144422377652786E-4,-1.436248866468759E-6,-6.234324702085132,-1.1873475735058037E-4,0.9428615721067523,1.2053847584781978,79571.86739045098,80942.94750030099,296.47473972661606,0.47324780949979134,1.366427162879471E-5,3.1189220434226444E-8,8.144491611339175E-4,-1.436273042116909E-6,-6.234430673368024,-1.1873652947258506E-4,0.9428620035925085,1.2053470871453404,79571.78756172009,80942.8674281771,296.47471401320746,0.4732480207728821,1.3664277939124456E-5,3.118917761654833E-8,8.144237075306354E-4,-1.4361844745280904E-6,-6.234038005767388,-1.1873140999796306E-4,0.9428613465163784,1.2054106976425272,79571.90918334005,80942.98936342924,296.47475316991245,0.47324769903945424,1.3664268329613496E-5,3.1189242820389056E-8,8.144666875963022E-4,-1.436333096052067E-6,-6.234692981097169,-1.1874202962758318E-4,6.197630522032683E-11,4.86388026562269E-8,6.016475779037926E-9,7.955414854244769E-11,7.810051449120131E-11,1.2501708199557625E-10,-1.3366270114275398E-6
5.0E-6,5.0E-6,3.442241128234236,5.5E-8,-1680.12586387659,-2242.5107086616117,0.9448939894416373,1.1559055801372948,79198.17431986833,80566.78350004127,296.3537188532337,0.47424132821457354,1.3693994181281092E-5,3.0988384457105144E-8,7.810172838765506E-4,-1.324522975352238E-6,-5.715925479999669,-1.1647319755070384E-4,0.9448937111609026,1.1559366107918077,79198.22557198931,80566.83486568002,296.35373540862236,0.4742411923910255,1.3693990111752666E-5,3.098841184082991E-8,7.810382505350051E-4,-1.3245908668579888E-6,-5.71622037900147,-1.1647944593562443E-4,0.9448936386482689,1.1559450206124209,79198.23893589512,80566.84825016695,296.353739722488,0.47424115699871117,1.3693989051340674E-5,3.098841897632355E-8,7.810439328462303E-4,-1.3246103905828478E-6,-5.7163062205761435,-1.1648075862069618E-4,0.9448940018973877,1.1559034417272502,79198.17201079027,80566.78120102487,296.3537181122785,0.47424133429444465,1.3693994363431814E-5,3.0988383231395953E-8,7.810158390048988E-4,-1.3245167504294387E-6,-5.715897137748698,-1.1647330256892019E-4,0.9448934547770684,1.1559677365206547,79198.27283752788,80566.88218929087,296.3537506611491,0.4742410672534529,1.3693986362440558E-5,3.098843706992647E-8,7.810592814328748E-4,-1.3246633825758635E-6,-5.716538586870456,-1.1648438163547326E-4,5.7255272652284325E-11,4.861113469541472E-8,6.054082147446359E-9,7.434320861082377E-11,7.822059700706663E-11,1.2489448922358826E-10,-1.2652662757003691E-6
5.025E-6,5.025E-6,3.4594523338754066,5.5E-8,-1767.5675190167026,-2318.516027970033,0.9468408856857476,1.1064532717237814,78842.07295671423,80208.33009855734,296.23798165295324,0.475190061057162,1.3722464478408037E-5,3.0797574030574156E-8,7.47603561975528E-4,-1.2167838947618748E-6,-5.216621460318493,-1.1533666152274691E-4,0.94684066847374,1.1064933402539359,78842.11290096982,80208.36998607455,296.2379945537638,0.4751899553599859,1.3722461302108725E-5,3.0797595234128E-8,7.476306353067134E-4,-1.216870864197972E-6,-5.216995649855335,-1.1534498395349146E-4,0.9468406079961155,1.1064989143707236,78842.12397376666,80208.38109216622,296.23799814590615,0.4751899259327744,1.3722460417742238E-5,3.0797601137685064E-8,7.476344016018403E-4,-1.2168833872294726E-6,-5.217050741928006,-1.1534569280513551E-4,0.9468408988225384,1.1064562666704572,78842.07058880007,80208.32768586479,296.2379808725166,0.4751900674479499,1.372246467050774E-5,3.079757274828147E-8,7.476055855881467E-4,-1.2167900989368263E-6,-5.216647039562076,-1.1533740975266937E-4,0.9468404564382088,1.1065137241565268,78842.15173073538,80208.40892416716,296.2380071478394,0.4751898521874306,1.3722458201505477E-5,3.079761593211499E-8,7.476444082138695E-4,-1.2169166255660003E-6,-5.217197208757625,-1.1534776685095949E-4,5.268905619246548E-11,4.858463580458839E-8,6.090260063101019E-9,6.926918519655696E-11,7.833106467980333E-11,1.2474900824308636E-10,-1.1966908850967206E-6
5.050000000000001E-6,5.050000000000001E-6,3.4766635395165784,5.5E-8,-1853.1664937136236,-2392.1116354740475,0.9487026724766822,1.0570055896685346,78503.24986633247,79867.26081787539,296.1274790419884,0.47609459996925185,1.3749688756310493E-5,3.061653222891871E-8,7.141929659922531E-4,-1.1132991484430477E-6,-4.747304265775483,-1.109913845311894E-4,0.9487025169192917,1.0570373658114565,78503.27836127457,79867.28924365644,296.1274882665505,0.47609452449466166,1.3749686481704938E-5,3.061654729795841E-8,7.142144363590922E-4,-1.113367659826281E-6,-4.7475998599957165,-1.109974491413368E-4,0.9487024665549975,1.0570434906103627,78503.28754517177,79867.29844725644,296.12749125333187,0.4760945000599194,1.3749685745263598E-5,3.061655217674452E-8,7.142185747367316E-4,-1.1133801430673885E-6,-4.747653468715043,-1.109987355789599E-4,0.9487026863939776,1.0570036256977644,78503.24733157085,79867.25827460803,296.12747821663277,0.4760946067212968,1.3749688959813223E-5,3.061653088075736E-8,7.141916389849759E-4,-1.1132962448812123E-6,-4.747292513163302,-1.1099113513068914E-4,0.9487023417007467,1.0570595786104797,78503.31032080788,79867.32126314244,296.12749865759866,0.4760944394853275,1.3749683919608458E-5,3.061656427138567E-8,7.142294450070809E-4,-1.1134130083689798E-6,-4.74779495981511,-1.1100162349464426E-4,4.828323871058179E-11,4.8559304912031585E-8,6.124990819413951E-9,6.434360344021417E-11,7.84322888992122E-11,1.2458292828357332E-10,-1.1310767433337656E-6
5.0750000000000005E-6,5.0750000000000005E-6,3.493874745157749,5.5E-8,-1936.666081695447,-2460.906014091572,0.9504793458040821,1.0075487504245126,78181.46084136199,79543.33911652253,296.02218778609114,0.476955314560142,1.3775667159781011E-5,3.044505600744174E-8,6.807761827192653E-4,-1.0139703323375216E-6,-4.298751455358797,-1.0704835369779175E-4,0.9504792359998062,1.0075700643078063,78181.48084087712,79543.3590880957,296.022194287946,0.4769552614341162,1.3775665554268332E-5,3.044506656683567E-8,6.80790583991761E-4,-1.0140139376346725E-6,-4.298938621173193,-1.0705195045090932E-4,0.9504791994396453,1.0075799587893652,78181.48751893004,79543.3657376465,296.02219645270276,0.4769552437447016,1.3775665019700753E-5,3.0445070082701724E-8,6.807972694522738E-4,-1.0140331880847953E-6,-4.299020138089418,-1.0705393262355756E-4,0.9504793504025822,1.0075398481697349,78181.45994007275,79543.33828056962,296.02218751407673,0.476955316787256,1.3775667227018481E-5,3.044505556511944E-8,6.807701676822533E-4,-1.0139531762831666E-6,-4.2986794508797175,-1.0704585959331325E-4,0.9504791078354946,1.0076025001349511,78181.50423520492,79543.38239869956,296.0222018767282,0.47695519942317965,1.3775663680302714E-5,3.044507889192908E-8,6.808125000911832E-4,-1.0140774836031596E-6,-4.299208192362585,-1.0705911772390664E-4,4.404269600283589E-11,4.853514100653153E-8,6.158256421857901E-9,5.957793320466236E-11,7.852464607634742E-11,1.2439855624658686E-10,-1.0680014570987523E-6
5.1E-6,5.1E-6,3.5110859507989205,5.5E-8,-2017.7799527098605,-2526.3102345780167,0.9521708912438476,0.9580839967116977,77876.49128222153,79236.34289237151,295.9220863253769,0.47777255091671317,1.3800399669199974E-5,3.028295546964213E-8,6.473540518322282E-4,-9.189879142468272E-7,-3.877010116200836,-1.0112679112239675E-4,0.9521708222516994,0.9581099113716082,77876.50387802224,79236.35538453501,295.9220904044819,0.47777251762246714,1.3800398660471125E-5,3.028296205852339E-8,6.473715617375731E-4,-9.190360539435005E-7,-3.8772134340408684,-1.0113246193554914E-4,0.9521708031151467,0.9581203272616747,77876.50739976222,79236.3588493303,295.92209153579415,0.4777725083865469,1.3800398380677024E-5,3.028296388614944E-8,6.473785995011316E-4,-9.19056149939479E-7,-3.8772980274538895,-1.0113469349448678E-4,0.952170883047954,0.9580778976424281,77876.49270201221,79236.3443768931,295.9220868102815,0.47777254696422555,1.3800399549368581E-5,3.028295625223451E-8,6.473499308394785E-4,-9.18975364356811E-7,-3.8769572267995045,-1.01125478437325E-4,0.9521707521325505,0.958145061811338,77876.51675642694,79236.3680802354,295.92209454988847,0.4777724837816209,1.3800397635264354E-5,3.028296875517095E-8,6.473953120346878E-4,-9.191034455113823E-7,-3.877497447301266,-1.0114008863126855E-4,3.997325824489572E-11,4.851214302639432E-8,6.190039724805118E-9,5.498190673248321E-11,7.860851813564446E-11,1.2419814702752657E-10,-1.0076120002038705E-6
5.125E-6,5.125E-6,3.5282971564400913,5.5E-8,-2096.634445687108,-2592.0712621010775,0.9537773130453698,0.9086319600716533,77588.1242546544,78946.0589457492,295.8271530708112,0.47854664579914663,1.3823886526261899E-5,3.01300506451997E-8,6.139405135619279E-4,-8.283748179849226E-7,-3.4769469598552405,-9.533468558231561E-5,0.9537772982276973,0.9086690035345579,77588.12717904818,78946.06161581946,295.82715394471757,0.47854663865827224,1.3823886309622758E-5,3.0130052051415E-8,6.139655429287554E-4,-8.284409391023928E-7,-3.4772226185627915,-9.534287673318431E-5,0.9537772935040396,0.9086753731096929,77588.12807510828,78946.06246725387,295.82715422346587,0.47854663638319356,1.3823886240561424E-5,3.0130052499634344E-8,6.139698466957385E-4,-8.284530936464307E-7,-3.4772740455885014,-9.534413690914789E-5,0.9537773012240965,0.9086338385329384,77588.12637856728,78946.06107731056,295.8271537689009,0.47854664010970127,1.3823886353431431E-5,3.013005176670182E-8,6.13941782792526E-4,-8.283773250639115E-7,-3.4769563321690384,-9.533539443395966E-5,0.953777282494475,0.9086971304803306,77588.13021181533,78946.06445138219,295.82715487294337,0.4785466310788607,1.3823886079598112E-5,3.0130053544391886E-8,6.13984547621845E-4,-8.284931203661472E-7,-3.4774424763902516,-9.534835064073377E-5,3.608073056266786E-11,4.84903096758366E-8,6.220324724257904E-9,5.056440808533344E-11,7.868429361790104E-11,1.2398390768181045E-10,-9.501810506024184E-7
5.150000000000001E-6,5.150000000000001E-6,3.545508362081263,5.5E-8,-2173.556940906945,-2657.5239189617087,0.9552986433282735,0.8592047410396418,77316.15836411375,78672.28117537561,295.7373658593079,0.47927793121493145,1.3846128368784855E-5,2.998617026709844E-8,5.80543743945704E-4,-7.422793288469621E-7,-3.101911977631289,-8.838542173350561E-5,0.9552986921576488,0.85924183041776,77316.14993164215,78672.27240375854,295.7373629780784,0.4792779546485476,1.3846129082655285E-5,2.998616566388095E-8,5.805688043363244E-4,-7.423438361797707E-7,-3.10218104500359,-8.839342910960113E-5,0.9552986971549838,0.8592466959453958,77316.14907570237,78672.27150599784,295.7373626831748,0.47927795704655296,1.3846129155714768E-5,2.998616519278833E-8,5.805720918549971E-4,-7.423521527982758E-7,-3.102215693940934,-8.839437423091567E-5,0.9552986347234999,0.8592067294712205,77316.15991350095,78672.2827206907,295.73736636676813,0.4792779270831837,1.3846128242985608E-5,2.998617107838829E-8,5.805450874805544E-4,-7.422831916414907E-7,-3.1019283989978703,-8.838573677394379E-5,0.9552987202338569,0.8592645420280635,77316.14509287868,78672.2673601351,295.73736132136986,0.4792779681221985,1.3846129493120781E-5,2.9986163017113054E-8,5.805841500189618E-4,-7.423832767017302E-7,-3.1023456110551706,-8.839825977702276E-5,3.23696124665352E-11,4.846963949754383E-8,6.249096461159106E-9,4.633476531013041E-11,7.875236655127913E-11,1.237580305289334E-10,-8.957534580873674E-7
5.1750000000000004E-6,5.1750000000000004E-6,3.562719567722434,5.5E-8,-2248.5478987431075,-2719.423322067734,0.9567349199967968,0.8097969116319079,77060.39653236525,78414.81439848256,295.6527032751585,0.47996672384692085,1.3867125908138238E-5,2.9851153540944535E-8,5.471600754269648E-4,-6.606985675716715E-7,-2.7487251916436435,-8.151591661942348E-5,0.9567350244282375,0.8098244894141657,77060.37818607799,78414.7957120397,295.6526971221284,0.4799667738645047,1.3867127434836707E-5,2.985114375307056E-8,5.471787090636255E-4,-6.607445683926016E-7,-2.7489159302617736,-8.152124613047818E-5,0.9567350413797494,0.8098334599091085,77060.3752347601,78414.7926786355,295.6526961232393,0.4799667819824804,1.3867127682653287E-5,2.985114216432813E-8,5.471847702088571E-4,-6.60758595927291E-7,-2.74897376294075,-8.152320202725605E-5,0.9567349084020931,0.8097914962827569,77060.39855793216,78414.81647326196,295.65270395836205,0.47996671829404236,1.3867125738633589E-5,2.9851154627645455E-8,5.471564164072682E-4,-6.606906076456198E-7,-2.748692568457045,-8.151444642123806E-5,0.9567350944841747,0.8098504605632655,77060.36592266381,78414.78317627693,295.6526929942864,0.47996680741629116,1.3867128458994599E-5,2.9851137187126957E-8,5.471962571373416E-4,-6.607862243868112E-7,-2.74908804522056,-8.152678566375471E-5,2.8843765612641714E-11,4.8450131071991745E-8,6.276340769828323E-9,4.2302126762078957E-11,7.881313477613252E-11,1.2352270349063494E-10,-8.441370627670381E-7
5.2E-6,5.2E-6,3.5799307733636048,5.5E-8,-2321.3647827252985,-2777.6313220782645,0.9580861723448993,0.7604036342228062,76820.65971239406,78173.4767163788,295.5731454907407,0.4806133183816987,1.388687971916233E-5,2.97248511335385E-8,5.137862393397339E-4,-5.83708960846252E-7,-2.4190447606401904,-7.404475536532118E-5,0.9580863215252703,0.7604279264382668,76820.6334804377,78173.45011843364,295.573136711595,0.4806133896839203,1.3886881899975172E-5,2.972483722832038E-8,5.13802652998829E-4,-5.837460867041955E-7,-2.419197921523619,-7.405016363293271E-5,0.9580863567159458,0.7604401939194385,76820.62733261677,78173.443843875,295.57313464047576,0.48061340650217554,1.388688241441461E-5,2.972483394824289E-8,5.138109418374585E-4,-5.837647211137664E-7,-2.4192744545466667,-7.405265772320035E-5,0.9580861495153518,0.7603958874133862,76820.6637015467,78173.48078692678,295.57314683435357,0.48061330747103675,1.3886879385425634E-5,2.972485326145467E-8,5.137810050090447E-4,-5.836969667427639E-7,-2.41899593503922,-7.404316700387881E-5,0.9580864416354827,0.7604601279400679,76820.61243683739,78173.428702992,295.5731296428687,0.4806134470889345,1.3886883655821945E-5,2.9724826032894485E-8,5.138244107703162E-4,-5.837949046849645E-7,-2.419398407893368,-7.405677956739964E-5,2.5507333243611924E-11,4.8431782989728475E-8,6.302044316987464E-9,3.8474517693348807E-11,7.886699984527741E-11,1.2328009600814513E-10,-7.953907941914406E-7
5.225000000000001E-6,5.225000000000001E-6,3.5971419790047765,5.5E-8,-2391.888611733991,-2833.554443895156,0.9593524326040244,0.7110331068892511,76596.77626955885,77948.09722303215,295.4986735887499,0.48121799323489506,1.390539040933343E-5,2.960712374384761E-8,4.804277749251697E-4,-5.113400055734019E-7,-2.111021177896646,-6.671716249684323E-5,0.9593526297560379,0.7110644670854197,76596.74169664753,77948.06218922543,295.4986619989227,0.4812180872782382,1.3905393291331354E-5,2.9607105461830678E-8,4.804489642469052E-4,-5.113842276216474E-7,-2.1112015642881943,-6.672329271850685E-5,0.9593526832958201,0.7110735998333332,76596.7323145185,77948.05267519396,295.4986588514921,0.4812181128169731,1.3905394073983967E-5,2.9607100497070724E-8,4.804551350225224E-4,-5.113978086512816E-7,-2.111257290031517,-6.672502547644399E-5,0.9593524011265021,0.7110307414198414,76596.78180145651,77948.10281648612,295.49867543914166,0.4812179782193613,1.390538994919023E-5,2.960712666279938E-8,4.8042617663502795E-4,-5.113359888753166E-7,-2.1110044080041916,-6.671671617652919E-5,0.9593528057881839,0.711097332716691,76596.71086021597,77948.03090820341,295.498651650513,0.4812181712460235,1.3905395864595796E-5,2.9607089138340267E-8,4.8047117075452093E-4,-5.114315985110807E-7,-2.1113956953120123,-6.67300530636794E-5,2.2364371678365325E-11,4.841459373605043E-8,6.3261947811562755E-9,3.4859178248029797E-11,7.891436743557376E-11,1.2303233505331717E-10,-7.496432366543381E-7
5.2500000000000006E-6,5.2500000000000006E-6,3.6143531846459473,5.5E-8,-2460.1676146381023,-2887.849977381277,0.960533749764884,0.6616967909533203,76388.58562739662,77738.51337225067,295.4292687467357,0.4817810173285152,1.392265882111404E-5,2.949784052006901E-8,4.4709242631981106E-4,-4.436669163965235E-7,-1.825554699551958,-5.919054028424853E-5,0.9605340056896039,0.661733800389047,76388.54085538669,77738.46803610255,295.4292537169456,0.4817811391808552,1.3922662562146322E-5,2.9497816901971516E-8,4.471174326953021E-4,-4.4371623431516127E-7,-1.8257556203793683,-5.919779943042158E-5,0.9605340704580645,0.6617377056559934,76388.52949676494,77738.45656279966,295.4292499133857,0.48178117001980686,1.3922663508912672E-5,2.9497810924747998E-8,4.471200713891848E-4,-4.4372184234475757E-7,-1.8257783798710534,-5.919877081339564E-5,0.9605337166586968,0.661697338068614,76388.5914475811,77738.51923669755,295.42927069084936,0.4817810015647523,1.392265833717748E-5,2.949784357533718E-8,4.4709279599230674E-4,-4.436676148600327E-7,-1.8255574226354838,-5.9190802815578536E-5,0.9605342345840876,0.6617623942730877,76388.50078998168,77738.42748844074,295.4292402746704,0.4817812481641634,1.3922665908058577E-5,2.949779577835217E-8,4.471367528872214E-4,-4.437549296198995E-7,-1.8259130222606927,-5.920335208031702E-5,1.9418262897045648E-11,4.839856170646353E-8,6.348780837888139E-9,3.146317378767907E-11,7.895564681701888E-11,1.2278149132936644E-10,-7.069239495601976E-7
5.275E-6,5.275E-6,3.6315643902871186,5.5E-8,-2526.339633041064,-2941.1715203564972,0.9616301849251448,0.612397382178352,76195.93411521976,77544.57165791193,295.3649125165213,0.48230264797818423,1.3938685964201448E-5,2.9396879234215085E-8,4.13782014985373E-4,-3.8071071628564823E-7,-1.561468056413105,-5.1919524139520945E-5,0.9616305016922188,0.6124311733754451,76195.87878398679,77544.51570613403,295.36489393108957,0.4823027985411942,1.3938690594479268E-5,2.9396850131357334E-8,4.138048468753007E-4,-3.807531228972039E-7,-1.5616400802668977,-5.1926035055771536E-5,0.9616305741151735,0.6124360697839686,76195.86611791253,77544.50291390573,295.3648896819436,0.48230283296521764,1.3938691653106998E-5,2.9396843477501875E-8,4.138081552594382E-4,-3.8075892661026955E-7,-1.5616636882718922,-5.1926507623534235E-5,0.9616301501756741,0.6123949773725723,76195.94019359774,77544.57779579105,295.36491455531586,0.48230263146106195,1.3938685456258158E-5,2.9396882426827953E-8,4.137803901166029E-4,-3.807080328499524E-7,-1.561457758232109,-5.191888091360397E-5,0.9616307776533047,0.612457227365593,76195.83056283121,77544.46696223889,295.36487773992036,0.48230292970927185,1.393869462828392E-5,2.939682477753178E-8,4.13822450922698E-4,-3.8078555050446997E-7,-1.5617720775519501,-5.1930668831801086E-5,1.6671937750096077E-11,4.8383685301645175E-8,6.369792039153319E-9,2.8293189330155104E-11,7.899124999103396E-11,1.2252958824380832E-10,-6.671615712254334E-7
5.3E-6,5.3E-6,3.6487755959282895,5.5E-8,-2590.505637311462,-2992.6656642597836,0.9626417997664277,0.5631327517129961,76018.68043399329,77366.12949500437,295.3055874981704,0.4827831255678088,1.395347284734637E-5,2.930412708705055E-8,3.804951025087812E-4,-3.225074564738861E-7,-1.3191063042793303,-4.474159051426341E-5,0.9626421696889144,0.563160714890707,76018.61592117933,77366.06432857744,295.3055658127615,0.4827833011183212,1.3953478254473083E-5,2.930409324002394E-8,3.80513996547775E-4,-3.225397696837717E-7,-1.3192372547050581,-4.474626368278223E-5,0.9626422558975516,0.5631718070212408,76018.60090497271,77366.04914173528,295.3055607589991,0.4827833420287909,1.395347951457764E-5,2.9304085352177003E-8,3.8052149123056814E-4,-3.225520343619337E-7,-1.3192860863568967,-4.4748547736617184E-5,0.9626417590600045,0.5631281928634413,76018.68752647148,77366.13666599413,295.3055898844707,0.48278310625039533,1.395347225234392E-5,2.9304130811583167E-8,3.804920222050279E-4,-3.2250228741759203E-7,-1.3190853067351327,-4.474084227013009E-5,0.9626424919994299,0.5631884781067522,76018.55972447836,77366.00754954337,295.30554691838256,0.48278345407347656,1.3953482965659448E-5,2.930406374944194E-8,3.805327554775353E-4,-3.22571361550672E-7,-1.3193641964353446,-4.475114685931203E-5,1.4128212597929683E-11,4.836996292903911E-8,6.389218815154703E-9,2.5355166643471668E-11,7.902159138261932E-11,1.2227861400302485E-10,-6.303850753504802E-7
5.325000000000001E-6,5.325000000000001E-6,3.665986801569461,5.5E-8,-2652.5665008713063,-3040.610097138223,0.9635686548498432,0.5139036658351224,75856.69314784094,77203.0553486583,295.2512774386216,0.4832226729068189,1.3967020453690452E-5,2.9219480612530194E-8,3.4723220664535295E-4,-2.6907320716418325E-7,-1.097700340537358,-3.794067320939121E-5,0.9635690726910123,0.5139313061741542,75856.62042420312,77202.98192050376,295.2512529633898,0.4832228709089877,1.3967026561096915E-5,2.921944252476876E-8,3.472508825501042E-4,-2.6910201313512515E-7,-1.0978156491432856,-3.794554326930211E-5,0.9635691797008957,0.5139444684366928,75856.60182608165,77202.96311525474,295.25124669512616,0.48322292161672464,1.3967028125214763E-5,2.9219432770479642E-8,3.472597759707384E-4,-2.69115788853469E-7,-1.0978718795151963,-3.794738103124473E-5,0.9635686070972377,0.5139000112810391,75856.70145649456,77203.06374035281,295.2512802357628,0.483222650278409,1.3967019755710948E-5,2.9219484965356277E-8,3.4722973735205344E-4,-2.69069288378887E-7,-1.0976846367966573,-3.794026628156644E-5,0.9635694454094422,0.5139621208945854,75856.55558082896,77202.91642176064,295.2512311311358,0.4832230475278165,1.3967032008963412E-5,2.9219408550211178E-8,3.472717033071523E-4,-2.691340696969746E-7,-1.0979454391228956,-3.795072838386204E-5,1.1789624125331316E-11,4.8357392971771135E-8,6.40705252727274E-9,2.2654460019883577E-11,7.904708768563003E-11,1.2203051350267137E-10,-5.966476838789629E-7
5.3500000000000004E-6,5.3500000000000004E-6,3.683198007210632,5.5E-8,-2712.3872415185947,-3085.998777472135,0.9644108147846505,0.46471409112188783,75709.85163605722,77055.22766746512,295.2019669247672,0.48362149785209346,1.3979329816546608E-5,2.9142844974402405E-8,3.1399600751478906E-4,-2.2043838228569258E-7,-0.8973770443262765,-3.1451991233666377E-5,0.9644112842264448,0.4647463777941428,75709.77010594649,77055.14535432235,295.2019394465424,0.48362172001111575,1.3979336678031333E-5,2.914280232915987E-8,3.140178228338803E-4,-2.204686892071095E-7,-0.8974992843236578,-3.145704506835045E-5,0.964411409826318,0.46475487866069415,75709.7482929062,77055.12333132327,295.20193209469926,0.48362177945002627,1.3979338513832098E-5,2.9142790919373655E-8,3.140235666626312E-4,-2.2047705840577693E-7,-0.8975324472964985,-3.14582264877572E-5,0.9644107614140317,0.46471123323219066,75709.86090824878,77055.237025595,295.2019700487411,0.48362147259482446,1.3979329036467599E-5,2.9142849822727515E-8,3.139940765082369E-4,-2.2043566033858042E-7,-0.8973662311930184,-3.145179432806344E-5,0.9644117109434951,0.46477834025926307,75709.69600611998,77055.07053265593,295.2019144691237,0.4836219219504645,1.3979342915039872E-5,2.9142763565228976E-8,3.1403941909409667E-4,-2.20498969270011E-7,-0.8976204726398009,-3.1461311309044504E-5,9.65833016857154E-12,4.834597380540014E-8,6.423285448851341E-9,2.019595907767603E-11,7.906815745544878E-11,1.217871726060535E-10,-5.659352867339133E-7
5.375E-6,5.375E-6,3.7004092128518034,5.5E-8,-2770.0171007859017,-3130.1598730946475,0.9651683530364609,0.4155703497984956,75578.04360058933,76922.53390248196,295.1576411010163,0.48397979571982547,1.3990402089879985E-5,2.9074133326416368E-8,2.807907768908754E-4,-1.76619407028511E-7,-0.7176398872252321,-2.5457193956412993E-5,0.9651688808998247,0.41560599071544885,75577.9520905104,76922.4415302119,295.157610222947,0.4839800452284406,1.3990409805122547E-5,2.9074085521203278E-8,2.808148585915195E-4,-1.766495795152423E-7,-0.7177602412132273,-2.5461840849061446E-5,0.9651690175706243,0.4156103131190356,75577.92838196902,76922.4176139462,295.15760222827936,0.48398010983010964,1.39904118027008E-5,2.907407314379034E-8,2.8081777913448354E-4,-1.7665334510752474E-7,-0.7177758942200398,-2.5462641602302938E-5,0.965168294970969,0.4155677517879053,75578.05367084095,76922.54406350042,295.1576444976157,0.48397976827345424,1.3990401241195664E-5,2.907413858504932E-8,2.807890214783144E-4,-1.766171853034848E-7,-0.7176307232514318,-2.5457036429088475E-5,0.9651693611134882,0.41563622270546735,75577.86883526477,76922.35749645732,295.15758213225,0.4839802722142664,1.3990416823917765E-5,2.9074042031397744E-8,2.808352856118023E-4,-1.766753173626512E-7,-0.7178638786481315,-2.5466592788347953E-5,7.736285787012412E-12,4.833570379870115E-8,6.4379107701041185E-9,1.7983904756158708E-11,7.908522078823932E-11,1.2155041714792348E-10,-5.38231189064385E-7
5.400000000000001E-6,5.400000000000001E-6,3.7176204184929746,5.5E-8,-2825.5039072884547,-3171.8528404671138,0.9658413527395585,0.36647741519619015,75461.16591843215,76804.87024336093,295.11828561951125,0.4842977497973545,1.4000238560361854E-5,2.9013266557742935E-8,2.476198751325609E-4,-1.3763462987981257E-7,-0.5584830839393362,-1.9938599507440813E-5,0.9658419405808482,0.36651152608645593,75461.06416077352,76804.76755786048,295.11825125260316,0.48429802736239946,1.400024715209575E-5,2.901321346579234E-8,2.476429230313891E-4,-1.3766029255180001E-7,-0.5585859725792943,-1.9942655711702173E-5,0.9658420857030761,0.3665169635685796,75461.03902982597,76804.74220765704,295.118242768381,0.48429809588606354,1.4000249273164113E-5,2.901320035881976E-8,2.4764659700579703E-4,-1.376642831019126E-7,-0.558601569855,-1.9943351432516465E-5,0.9658412904693165,0.36647512652757047,75461.1767015807,76804.88112085502,295.118289259994,0.4842977203946224,1.400023765023634E-5,2.901327218180623E-8,2.476183287348449E-4,-1.3763290382939885E-7,-0.5584761260522555,-1.9938100692229455E-5,0.965842470538143,0.36653909621447156,75460.97241347456,76804.67498387337,295.11822026981923,0.48429827759608746,1.4000254897812286E-5,2.9013165601834127E-8,2.4766155149626455E-4,-1.3768104864197994E-7,-0.5586689405499783,-1.9945582991454103E-5,6.02515909900376E-12,4.832658128739753E-8,6.4509226388566565E-9,1.602194944917853E-11,7.909869907592727E-11,1.2132201907411108E-10,-5.13582683463055E-7
5.4250000000000006E-6,5.4250000000000006E-6,3.734831624134146,5.5E-8,-2878.812175467351,-3211.2013038502523,0.9664298992948079,0.31743300807366903,75359.1249492091,76702.14279439345,295.0838870711475,0.4845755279693329,1.4008840539348827E-5,2.8960173795241443E-8,2.1448176221193854E-4,-1.0348643940005787E-7,-0.4195326012898022,-1.5011396016006984E-5,0.9664305426273847,0.3174633841230145,75359.01372565296,76702.03058991065,295.0838494788744,0.4845758314553212,1.4008849941990385E-5,2.8960115829910503E-8,2.145022865696044E-4,-1.0350629466415739E-7,-0.4196118222332643,-1.5014572724680875E-5,0.966430700566159,0.3174728278728866,75358.98642481722,76702.00304359892,295.08384024991665,0.4845759059612144,1.4008852250348017E-5,2.8960101599396153E-8,2.1450866748168014E-4,-1.0351232248240195E-7,-0.41963592878460076,-1.5015859148093114E-5,0.9664298326126233,0.3174301836735226,75359.13647866299,76702.15442452603,295.0838909676276,0.4845754965126017,1.4008839564753866E-5,2.8960179803427403E-8,2.1447985383346121E-4,-1.0348462481601928E-7,-0.4195253855359624,-1.5011277866960882E-5,0.9664311202316315,0.3174911371214401,75358.91386648366,76701.92984935106,295.08381572736056,0.48457610393432154,1.4008858383977945E-5,2.896006378694245E-8,2.1452103859556765E-4,-1.0352430606985763E-7,-0.4196836337828245,-1.501815634696868E-5,4.526164822873759E-12,4.8318604626357906E-8,6.4623160903064905E-9,1.4313353041603821E-11,7.910901451120484E-11,1.2110369180487682E-10,-4.919846371990242E-7
5.45E-6,5.45E-6,3.752042829775317,5.5E-8,-2930.02927922785,-3249.738415934178,0.9669340736279955,0.26843407123774654,75271.83824253725,76614.26863127855,295.0544333752048,0.48481327967326715,1.4016209264508958E-5,2.8914792851938252E-8,1.8137437245793685E-4,-7.417899169581688E-8,-0.3007052967268464,-1.0678523906904047E-5,0.9669347680252067,0.26846299544167307,75271.71832883889,76614.1476814832,295.0543928163976,0.48481360698881587,1.4016219413359158E-5,2.8914730413255217E-8,1.813939158389683E-4,-7.41949401117381E-8,-0.30076915032304896,-1.0681083637109623E-5,0.9669349444877718,0.2684751049197755,75271.68786623524,76614.11694527588,295.05438250941467,0.4848136901668992,1.4016221992419211E-5,2.891471454617157E-8,1.8140209791876722E-4,-7.420158226523199E-8,-0.30079568444534743,-1.0682146907470269E-5,0.9669340014538796,0.26843050938791096,75271.85070515664,76614.28120255434,295.05443759080475,0.48481324565283174,1.4016208209659824E-5,2.891479934168616E-8,1.8137196580264255E-4,-7.417703500323114E-8,-0.30069769324359186,-1.0677998830033175E-5,0.9669353963936057,0.26849420471223345,75271.6098281572,76614.03823267223,295.0543561142176,0.48481390317987766,1.4016228597175758E-5,2.8914673911907223E-8,1.814150031839415E-4,-7.421207314450839E-8,-0.30083748607671623,-1.068368275980447E-5,3.2402784719046998E-12,4.8311772249981865E-8,6.472086961991646E-9,1.2860802321811918E-11,7.91165896614636E-11,1.2089708093760864E-10,-4.733933401236503E-7
5.475E-6,5.475E-6,3.7692540354164876,5.5E-8,-2979.219756734072,-3285.8398107543953,0.9673539595162989,0.2194868903370377,75199.23270809112,76541.17441229861,295.0299133473544,0.48501113948256674,1.402234600704485E-5,2.8877069423966658E-8,1.4830195293043087E-4,-4.971553764221426E-8,-0.20175670445451033,-7.013952981083094E-6,0.9673547052651823,0.2195176084124149,75199.10405602946,76541.04466181739,295.0298698046615,0.4850114907712165,1.4022356906303184E-5,2.887700248178393E-8,1.4832270838676683E-4,-4.9729404167919714E-8,-0.20181190650987446,-7.01614517595317E-6,0.9673549013927605,0.21952839807031713,75199.07022639236,76541.01053821045,295.02985835317116,0.4850115831578132,1.4022359772744098E-5,2.8876984876422657E-8,1.4832999869616022E-4,-4.9734304923276796E-8,-0.20183151653327513,-7.016932769943196E-6,0.9673538812792282,0.21948339651131535,75199.24620473519,76541.18802453656,295.0299179154546,0.48501110262860825,1.402234486359553E-5,2.887707644693197E-8,1.4829959223737523E-4,-4.971395682673574E-8,-0.2017505553949377,-7.013703566371987E-6,0.9673553886347958,0.2195503580281884,75198.98617380417,76540.92576467394,295.02982990414796,0.4850118126751341,1.4022366893876724E-5,2.8876941139266562E-8,1.483448365055327E-4,-4.9744207757385086E-8,-0.20187087005979265,-7.018849288442652E-6,2.168383595838837E-12,4.8306082602999316E-8,6.4802319940123955E-9,1.1666224944992485E-11,7.912184739648838E-11,1.2070376660266627E-10,-4.5782633279733795E-7
5.500000000000001E-6,5.500000000000001E-6,3.7864652410576594,5.5E-8,-3026.2220648247257,-3318.071465465932,0.967689652717809,0.17059927328213237,75141.24327408714,76482.79469735273,295.01031616314714,0.4851692315170932,1.4027252205243727E-5,2.884695615064324E-8,1.1526977924468404E-4,-3.00977092138055E-8,-0.1226070170271214,-4.025454344969148E-6,0.9676904541118564,0.17063321084810432,75141.1051332298,76482.65538871252,295.0102693847654,0.4851696088181929,1.4027263917668765E-5,2.884688431116504E-8,1.1529271003250292E-4,-3.010967134287057E-8,-0.12265453462282494,-4.027856576271915E-6,0.9676906651981946,0.17063982262231303,75141.06874410463,76482.61869503571,295.0102570634096,0.48516970819893723,1.4027267002709008E-5,2.8846865388755625E-8,1.152971774475088E-4,-3.01120125811849E-8,-0.12266400991006776,-4.028079729323508E-6,0.9676895686992382,0.17059605130701544,75141.25775703513,76482.809302557,295.0103210674171,0.4851691919606015,1.402725097730695E-5,2.884696368234501E-8,1.1526760223446989E-4,-3.009656651897785E-8,-0.12260221004680716,-4.025296831855485E-6,0.9676911910608709,0.17066277201216978,75140.97809939293,76482.52728301167,295.0102263681607,0.4851699557778351,1.402727468822534E-5,2.8846818248944514E-8,1.1531268379200662E-4,-3.0120114189458034E-8,-0.12269622244457423,-4.029287381968061E-6,1.3110425264199224E-12,4.8301534058633694E-8,6.486748947012131E-9,1.073097647477451E-11,7.912521070963476E-11,1.205252723481471E-10,-4.453144581682306E-7
5.5250000000000005E-6,5.5250000000000005E-6,3.80367644669883,5.5E-8,-3070.977531790716,-3348.948560071112,0.9679412550408689,0.1217705069897999,75097.8135495266,76439.07289878294,294.9956317012892,0.48528766674536933,1.4030929377902258E-5,2.8824413044298112E-8,8.227736958770263E-5,-1.531704995727523E-8,-0.06306019433486654,-1.7578168183263188E-6,0.9679421164905726,0.121806379786455,75097.66514058557,76438.92324985014,294.995581428136,0.485288072160577,1.4030941967965942E-5,2.8824335899837317E-8,8.230160796382095E-5,-1.5326156272976734E-8,-0.06309660799047379,-1.7591426342278282E-6,0.9679423373631613,0.1218110933079838,75097.62708428768,76438.88488049086,294.99556853830717,0.4852881761076515,1.4030945196012705E-5,2.8824316120311874E-8,8.230479277566473E-5,-1.5327360358696752E-8,-0.0631010766592226,-1.759562692882355E-6,0.9679411660393852,0.12176793132170378,75097.8288836517,76439.08835991427,294.9956368953038,0.4852876248594441,1.4030928077148008E-5,2.8824421014568132E-8,8.227562927142148E-5,-1.5316404216036973E-8,-0.0630575370250881,-1.757751192599244E-6,0.9679429023987524,0.12183366865896673,75097.52974025786,76438.78672414072,294.9955355635497,0.48528844202418586,1.4030953453992109E-5,2.8824265520489758E-8,8.232004639119374E-5,-1.533308463308458E-8,-0.06312395665736403,-1.7605603375159262E-6,6.684021276615764E-13,4.8298124984419216E-8,6.491636508430086E-9,1.0055972008312267E-11,7.912710222173512E-11,1.2036306018785682E-10,-4.358291843405784E-7
5.55E-6,5.55E-6,3.8208876523400015,5.5E-8,-3113.6614146341535,-3379.1495749263677,0.9681088664539723,0.0729990094315997,75068.89732741263,76409.9625737148,294.9858509998153,0.4853665393698275,1.4033379009105183E-5,2.880940810460251E-8,4.932365502135115E-5,-5.364106527849799E-9,-0.023025295793786427,-2.1387582194165589E-7,0.968109787698633,0.07303267302181991,75068.73866878722,76409.8026081501,294.9857972447944,0.4853669728117402,1.4033392473014594E-5,2.8809325661311965E-8,4.934640069041886E-5,-5.369269899802021E-9,-0.023045568936368,-2.1510973624572216E-7,0.968110019204695,0.07304026603739398,75068.69879823051,76409.76240933918,294.9857837363244,0.4853670817343237,1.403339585645521E-5,2.8809304943606053E-8,4.9351531106347285E-5,-5.37049743343232E-9,-0.023050488144235715,-2.1520162363231066E-7,0.9681087737702543,0.07299730669527651,75068.91329037539,76409.97866739443,294.9858564079477,0.48536649576243585,1.4033377654540806E-5,2.880941639899985E-8,4.932250452383548E-5,-5.3638449060144926E-9,-0.023024026760595007,-2.1398082594714651E-7,0.9681106232598486,0.0730630214376886,75068.59476773719,76409.65752105096,294.985748489475,0.4853673659393699,1.403340468466775E-5,2.8809250886203917E-8,4.936690637681662E-5,-5.3740350836051226E-9,-0.02306462475257831,-2.1551666407049197E-7,2.403663567176693E-13,4.8295853836290036E-8,6.494894156171877E-9,9.64156976646595E-12,7.912794378237224E-11,1.2021851358084867E-10,-4.293463943372347E-7
5.575000000000001E-6,5.575000000000001E-6,3.8380988579811732,5.5E-8,-3154.2797870792706,-3405.9863590273812,0.9681925886236252,0.024288327875653458,75054.45775671133,76395.42673819381,294.9809660452731,0.4854059285858802,1.4034602600009917E-5,2.8801916922899367E-8,1.6411032348414497E-5,-2.267886145546072E-10,-0.002368856052726187,5.829897702369635E-7,0.9681935637092269,0.024317240375947898,75054.28984761653,76395.25746111818,294.9809091527052,0.4854063872997125,1.4034616850770389E-5,2.880182969085893E-8,1.643056782158642E-5,-2.2831144974588824E-10,-0.0023752135707582056,5.828978970612297E-7,0.9681938113738623,0.024328440350689144,75054.2472009708,76395.21446603538,294.9808947024098,0.48540650380952155,1.4034620470359614E-5,2.880180753461494E-8,1.643813537208726E-5,-2.2900309204487712E-10,-0.002377808688152072,5.825697115824369E-7,0.9681924920904245,0.024285587446767547,75054.47437999422,76395.44349660231,294.9809716776242,0.48540588317331335,1.4034601189188614E-5,2.880192555886444E-8,1.640918070727537E-5,-2.2659733645014059E-10,-0.0023685309236043395,5.8323918494807E-7,0.9681944536318116,0.024350104339982387,75054.13660506962,76395.10296890156,294.98085722911094,0.4854068059492365,1.4034629856883155E-5,2.8801750077884933E-8,1.6452773202690802E-5,-2.3017889816401293E-10,-0.002382185256010416,5.823203110821851E-7,2.6650280533359465E-14,4.829471913337303E-8,6.496522192830031E-9,9.487508604242452E-12,7.912815629286288E-11,1.2009293566604031E-10,-4.258718774599499E-7
5.600000000000001E-6,5.600000000000001E-6,3.855310063622344,5.5E-8,-3192.6958565531636,-3430.1117578832013,0.968192528132288,-0.024359266377463964,75054.46683446094,76395.4372489329,294.98096958066367,0.48540590017943,1.4034601715938551E-5,2.880192233215172E-8,1.6458963768556732E-5,1.1003223221450753E-10,-0.0010203374001775956,6.376893679771456E-7,0.9681935527536706,-0.024330692837554672,75054.2903837163,76395.25937239123,294.9809097979172,0.48540638219703225,1.403461669065862E-5,2.880183066856365E-8,1.6439657322672075E-5,1.1118530096609902E-10,-0.0010153385442208673,6.377418770853183E-7,0.96819381968429,-0.02431945739175266,75054.24441479052,76395.2130327292,294.9808942235469,0.4854065077704011,1.4034620591817925E-5,2.8801806788761772E-8,1.6432065805238284E-5,1.1170683933414694E-10,-0.0010133295820651256,6.377681245339772E-7,0.9681924250144792,-0.024364176222830738,75054.48459227441,76395.45515043796,294.9809755971969,0.48540585166916594,1.4034600208883976E-5,2.880193155718924E-8,1.646228123164239E-5,1.0988358667418652E-10,-0.0010206411559465778,6.376237422500708E-7,0.9681944966312458,-0.024300795950382665,75054.12783740518,76395.09551358788,294.9808547263152,0.485406826229297,1.4034630485317178E-5,2.8801746228726663E-8,1.641945672323153E-5,1.1258251220169768E-10,-0.0010097894180489675,6.380700483532564E-7,2.6696197197231173E-14,4.8294719380900396E-8,6.4965218538042094E-9,9.59294306443394E-12,7.912815948555488E-11,1.199875694035799E-10,-4.2540262962937364E-7
5.625E-6,5.625E-6,3.872521269263515,5.5E-8,-3229.018834141606,-3454.0545197215615,0.9681087947043766,-0.07294245758151843,75068.90557504533,76409.97506076364,294.98585520462035,0.4853665057669516,1.4033377960498391E-5,2.8809414518344455E-8,4.928544431183678E-5,-4.334703760378034E-9,-0.018886088900217146,-5.446331385883241E-8,0.9681098733733602,-0.07290827801988396,75068.71976237827,76409.78776022501,294.9857922640111,0.48536701327796267,1.4033393725150459E-5,2.8809317986890225E-8,4.926235001343511E-5,-4.3301476182477925E-9,-0.018867425990265474,-5.379384049319924E-8,0.9681101571958197,-0.0728998657035437,75068.67087074624,76409.73847726441,294.9857757029096,0.4853671468155801,1.4033397873190606E-5,2.8809292587328282E-8,4.925666601590791E-5,-4.328850309320842E-9,-0.01886235147071602,-5.3570687441606424E-8,0.9681086837372638,-0.07294671439300128,75068.92469136334,76409.99432916477,294.9858616795793,0.4853664535571286,1.4033376338723798E-5,2.8809424448957035E-8,4.928832053581168E-5,-4.3353747969376855E-9,-0.018888989376819154,-5.445018302907556E-8,0.9681108669555858,-0.07288046562704,75068.54860861544,76409.61523465159,294.9857342882809,0.4853674807550736,1.4033408246266686E-5,2.880922907033334E-8,4.9243557856108105E-5,-4.32622627499768E-9,-0.01885154245155718,-5.3373781838672585E-8,2.396368944458123E-13,4.8295853042601695E-8,6.4948953438689805E-9,9.9564654419315E-12,7.912837157989507E-11,1.1990360393959545E-10,-4.279213357594966E-7
5.65E-6,5.65E-6,3.889732474904686,5.5E-8,-3263.3810378068238,-3475.8760248426206,0.967941503962394,-0.12145575360381196,75097.76355888993,76439.02970585172,294.99561720600394,0.48528778416109825,1.4030933015896032E-5,2.8824390740358682E-8,8.206469838095403E-5,-1.353885139110389E-8,-0.05591470569265766,-1.478595549997408E-6,0.9679426440160583,-0.12141853248999888,75097.5670693334,76438.83165930185,294.99555067425405,0.48528832069565214,1.403094967774891E-5,2.8824288646396736E-8,8.203954897972898E-5,-1.3529992912708621E-8,-0.05587886950297616,-1.4775060179772481E-6,0.9679429402775563,-0.12141250762659253,75097.51601142577,76438.780193757,294.99553338489306,0.48528846012260035,1.4030954007602455E-5,2.8824262115701913E-8,8.203547812607604E-5,-1.352849110958232E-8,-0.05587258468517575,-1.477361621482487E-6,0.9679413881147408,-0.12145717746722558,75097.78352378841,76439.04983058863,294.99562396670296,0.48528772964063616,1.4030931322785751E-5,2.8824401114758928E-8,8.20656604508281E-5,-1.353931097014538E-8,-0.05591672438936257,-1.4788843429869303E-6,0.9679436883381489,-0.12138744125375084,75097.38708309448,76438.65024343609,294.99548972928994,0.48528881217580533,1.403096494048706E-5,2.882419512579735E-8,8.201854138766949E-5,-1.3522803357091107E-8,-0.05584942185669206,-1.4765871299005084E-6,6.643301311679302E-13,4.829811857462507E-8,6.4916457843517304E-9,1.0576115686951323E-11,7.912920893552871E-11,1.198421489790489E-10,-4.33405281771491E-7
5.675000000000001E-6,5.675000000000001E-6,3.9069436805458575,5.5E-8,-3295.601433145365,-3493.3741627772965,0.9676907790550026,-0.16989577559257937,75141.03856416054,76482.5989758314,295.01025046409535,0.48516976220053115,1.402726866675201E-5,2.884685516377199E-8,1.1479444296795904E-4,-2.7475623767259096E-8,-0.11204410864343117,-3.6232475935094044E-6,0.9676919794656559,-0.16986278312760877,75140.83152643731,76482.39030651892,295.01018039520955,0.48517032736424426,1.4027286210829777E-5,2.884674755556796E-8,1.1477215076189782E-4,-2.7464219272133052E-8,-0.11199765371202375,-3.6214098315667798E-6,0.9676922866149866,-0.1698561931612144,75140.77855508048,76482.33691434206,295.0101624666657,0.4851704719725181,1.402729069983662E-5,2.8846720021923446E-8,1.1476769808190162E-4,-2.74620961704386E-8,-0.11198911291398872,-3.6210685294690848E-6,0.9676906610903611,-0.1698967684357471,75141.05890632555,76482.61948187246,295.0102573498007,0.4851697066618197,1.4027266942691274E-5,2.8846865738480282E-8,1.1479511380793724E-4,-2.7475909547547417E-8,-0.11204513461530041,-3.6230638187362274E-6,0.9676930786268233,-0.16983009076945255,75140.64194978807,76482.19923816221,295.01011623640505,0.48517084485797535,1.4027302275139441E-5,2.884664902410631E-8,1.1475006133071118E-4,-2.7453222912754428E-8,-0.11195285655890075,-3.61963769535123E-6,1.2994253837861097E-12,4.830151449124825E-8,6.486777113989793E-9,1.1449361247680222E-11,7.913108580567173E-11,1.198042211652244E-10,-4.4183926546934575E-7
5.7000000000000005E-6,5.7000000000000005E-6,3.924154886187029,5.5E-8,-3325.5551732430363,-3509.142944797005,0.9673567435515441,-0.21826541716774372,75198.7378134351,76540.69012896036,295.0297508581573,0.4850124514631061,1.402238669626126E-5,2.88768194903005E-8,1.4747663322144846E-4,-4.611736713400205E-8,-0.18725084527795843,-6.461470007934622E-6,0.9673579971581905,-0.21823663698501652,75198.5214073111,76540.47202065797,295.0296776635501,0.48501304198322004,1.4022405017953927E-5,2.8876706961368677E-8,1.474571871520382E-4,-4.610477148503378E-8,-0.18719938235790323,-6.460039188027622E-6,0.9673583183880111,-0.21822688549547575,75198.46595115901,76540.4161317396,295.0296589078607,0.48501319330068,1.4022409712786996E-5,2.8876678126535867E-8,1.4745059830775388E-4,-4.6100764592438284E-8,-0.18718278842243308,-6.45934346721333E-6,0.967356621887325,-0.21826870415995744,75198.75881595621,76540.71129670338,295.02975796179595,0.48501239415226555,1.4022384918116199E-5,2.8876830411414775E-8,1.474788541621334E-4,-4.611862763681529E-8,-0.18725581687613158,-6.462021332254153E-6,0.9673591496766497,-0.21820728064232728,75198.32244689163,76540.27150082072,295.0296103712946,0.4850135848842136,1.4022421862223574E-5,2.8876603507026078E-8,1.4743735178535626E-4,-4.6091806353842916E-8,-0.1871465728484054,-6.458070160419993E-6,2.1433342490195627E-12,4.830603937652068E-8,6.480294066821002E-9,1.2573110354654866E-11,7.913441413372361E-11,1.197907703778276E-10,-4.532280562260763E-7
5.725E-6,5.725E-6,3.9413660918281996,5.5E-8,-3353.4346709967112,-3524.8009474508845,0.966939519576194,-0.266563624259709,75270.87824638118,76613.32019900747,295.0541153715486,0.48481584743315376,1.4016288858914065E-5,2.89143031346712E-8,1.801105569322358E-4,-6.943363928257895E-8,-0.2815164345536232,-9.96770484107401E-6,0.9669408245018567,-0.26653284478918443,75270.6527208563,76613.09291235427,295.05403915377946,0.48481646253266236,1.4016307930841757E-5,2.891418580100936E-8,1.8008975999269218E-4,-6.941763899703801E-8,-0.28145052504328305,-9.9654207730282E-6,0.966941163905788,-0.2665214419646014,75270.59405575835,76613.03379653573,295.0540193300064,0.4848166225167119,1.401631289134434E-5,2.891415528326269E-8,1.8008205538148746E-4,-6.941161856843791E-8,-0.2814260440416092,-9.964659412275978E-6,0.9669393908639378,-0.2665685484172633,75270.90049529757,76613.34261760053,295.0541228893291,0.48481578676216436,1.4016286977741088E-5,2.891431470799915E-8,1.8011388406571845E-4,-6.943619766275333E-8,-0.28152696931238097,-9.967914863295846E-6,0.9669420268850969,-0.26650432171230864,75270.44491696192,76612.88348682284,295.05396892536095,0.48481702929592746,1.4016325504076888E-5,2.8914077688097357E-8,1.800704876434518E-4,-6.940264086097158E-8,-0.2813886992462358,-9.963438614590814E-6,3.194107080479666E-12,4.831169179829259E-8,6.4722022894333334E-9,1.3943790485347109E-11,7.913960319708467E-11,1.1980269599494507E-10,-4.6755484043767967E-7
5.750000000000001E-6,5.750000000000001E-6,3.9585772974693714,5.5E-8,-3379.3549467980256,-3538.033681880045,0.9664392374423202,-0.31478190126751565,75357.48485078673,76700.51431116198,295.08334152421935,0.4845799340805443,1.4008977021281106E-5,2.895933238267628E-8,2.1269047382940247E-4,-9.738664886072001E-8,-0.3948290222106152,-1.4102466494136934E-5,0.9664405985569585,-0.31474737348132514,75357.24928454909,76700.2769251842,295.08326199108916,0.48458057617307027,1.4008996914677945E-5,2.8959209748366955E-8,2.1266714424413862E-4,-9.736528397752408E-8,-0.39474104029773116,-1.4100011767936849E-5,0.9664409552829162,-0.31473859925214426,75357.18754586655,76700.21471033386,295.08324114677134,0.484580744454843,1.400900212841284E-5,2.8959177608025338E-8,2.1266121571090829E-4,-9.735950698086527E-8,-0.39471722613598104,-1.409910602490072E-5,0.9664391007715233,-0.3147862486251795,75357.50850711753,76700.53814734015,295.08334951020817,0.4845798696072632,1.4008975023766438E-5,2.895934469654311E-8,2.126934112332294E-4,-9.738945820458867E-8,-0.39484073130711295,-1.4103004701837563E-5,0.966441852713711,-0.31471576008854324,75357.03223092115,76700.05819400435,295.0831887078382,0.484581167807996,1.400901524482917E-5,2.8959096751398605E-8,2.126457838436103E-4,-9.734579847986424E-8,-0.39466078588975506,-1.4097386397793343E-5,4.4494792257402755E-12,4.831847024822716E-8,6.462508419569616E-9,1.5557311272438317E-11,7.914705915749411E-11,1.1984082040348516E-10,-4.847662557503819E-7
5.775000000000001E-6,5.775000000000001E-6,3.975788503110542,5.5E-8,-3403.2173553279267,-3548.367694467541,0.9658560385398764,-0.3629157101302988,75458.59015513268,76802.30517181418,295.11742719797985,0.4843046852666782,1.400045320418271E-5,2.9011940162525045E-8,2.4521331765560726E-4,-1.2993461623977964E-7,-0.5271821622818607,-1.882477293690954E-5,0.9658574590219215,-0.3628811988870267,75458.34392408129,76802.05705094902,295.11734415507664,0.48430535598248536,1.4000473965567948E-5,2.9011811876366358E-8,2.4518999924799103E-4,-1.2990961621994758E-7,-0.5270785913785403,-1.8821215562070392E-5,0.9658578284447737,-0.36287524270987415,75458.27989566371,76801.99252258538,295.1173225581993,0.4843055304140919,1.4000479364953309E-5,2.9011778513292024E-8,2.45185974803969E-4,-1.2990519209665764E-7,-0.5270601215595434,-1.882107116557563E-5,0.9658558963513565,-0.36291778840116257,75458.61479930808,76802.33000848249,295.1174355104936,0.4843046181288734,1.4000451125993336E-5,2.9011953003849457E-8,2.452147218926774E-4,-1.2993631813174033E-7,-0.5271892050755014,-1.8824654802074292E-5,0.9658587673644866,-0.36284977990680767,75458.11713327719,76801.82851871934,295.1172676680512,0.48430597374750434,1.4000493087951919E-5,2.9011693718368662E-8,2.451687702073025E-4,-1.298867964294459E-7,-0.5269840046751142,-1.881838016970505E-5,5.9070463702689315E-12,4.832637320515369E-8,6.451219987035006E-9,1.7408938124824507E-11,7.915718482184575E-11,1.1990587237556613E-10,-5.048385236392638E-7
5.8E-6,5.8E-6,3.9929997087517135,5.5E-8,-3425.001685486327,-3557.206876525391,0.9651900664737458,-0.41096706408023115,75574.23579372825,76918.73461427705,295.15637114797465,0.4839900606031925,1.399071945312664E-5,2.9072166887772165E-8,2.7768044870285887E-4,-1.6703711082755036E-7,-0.6786067488401386,-2.4082628712562837E-5,0.9651915443962734,-0.4109348207620052,75573.97915258378,76918.47600672807,295.1562846985124,0.4839907591746943,1.399074105440761E-5,2.907203305304623E-8,2.7765866267703056E-4,-1.6701064154744926E-7,-0.6784962400940913,-2.407979330598664E-5,0.9651919256653463,-0.41092707119991884,75573.91294889616,76918.40929223367,295.1562623965979,0.4839909393892326,1.3990746627027297E-5,2.90719985269838E-8,2.7765342648643167E-4,-1.67004650677427E-7,-0.6784712534124537,-2.40789794503371E-5,0.9651899221374601,-0.4109674645069051,75574.26084886628,76918.75987042175,295.15637959081164,0.48398999237983314,1.3990717343510849E-5,2.9072179958313857E-8,2.776807192614223E-4,-1.6703749210478237E-7,-0.6786085772005208,-2.4083114411155293E-5,0.965192904557615,-0.41090602307792856,75573.74296476456,76918.23800595393,295.15620513744534,0.4839914020823165,1.3990760934493138E-5,2.907190988301059E-8,2.776392047823842E-4,-1.6698698431127924E-7,-0.6783977763980147,-2.4076800400507636E-5,7.564219650885565E-12,4.8335399205827326E-8,6.4383453039804894E-9,1.9493353077323634E-11,7.917037954344562E-11,1.1999850978359614E-10,-5.277843079687898E-7
5.825E-6,5.825E-6,4.010210914392884,5.5E-8,-3444.7016780315184,-3563.340649527769,0.9644414648533787,-0.4589340831453856,75704.47287471911,77049.85400072583,295.20017312635116,0.4836360044309996,1.3979777805937717E-5,2.9140060721258204E-8,3.100905967198551E-4,-2.086493655895083E-7,-0.8491404004128071,-2.982189867850593E-5,0.9644429972253051,-0.45890307460093005,75704.20624893323,77049.58533625527,295.2000834353735,0.48363672959529924,1.3979800203472064E-5,2.9139921533573727E-8,3.1006964500062843E-4,-2.086211689800166E-7,-0.849022241770399,-2.9818564456718377E-5,0.9644433943760848,-0.4588923544551779,75704.13713733693,77049.5157056803,295.2000601898737,0.48363691753899024,1.3979806008327846E-5,2.9139885459885542E-8,3.10062401658904E-4,-2.0861162525420695E-7,-0.8489822241317597,-2.9817278033306138E-5,0.9644413181161487,-0.45893642473996504,75704.4984031202,77049.87972764291,295.20018171502295,0.4836359349905882,1.3979775661189337E-5,2.914007404966383E-8,3.1009217887835477E-4,-2.0865116709956055E-7,-0.8491484202961601,-2.9821872431057272E-5,0.9644444081935141,-0.4588728973360927,75703.96074257602,77049.33795798954,295.20000085037714,0.48363739730633787,1.3979820826538313E-5,2.913979337393127E-8,3.100492549568194E-4,-2.0859407726447898E-7,-0.8489081912546226,-2.981542715474461E-5,9.418034562700123E-12,4.834554680524381E-8,6.4238935127492315E-9,2.1804829893078732E-11,7.918703889561287E-11,1.2011933162992055E-10,-5.535822844438784E-7
5.850000000000001E-6,5.850000000000001E-6,4.027422120034056,5.5E-8,-3462.199820859679,-3566.3596874999635,0.9636103850511538,-0.5068095721030287,75849.36064292847,77195.72288631523,295.2488334224714,0.48324244950703066,1.3967630406076926E-5,2.9215676949460596E-8,3.42438900069614E-4,-2.5471768125839846E-7,-1.0388155510529486,-3.5976699166440085E-5,0.9636119711850106,-0.5067781228646953,75849.08404659443,77195.44418648661,295.24874051978804,0.48324320109831104,1.396765358989631E-5,2.921553239138564E-8,3.4241765058425354E-4,-2.5468630610703257E-7,-1.0386825996504285,-3.5973404322930946E-5,0.9636123855644749,-0.5067687620971367,75849.01177948905,77195.3713760404,295.24871624889215,0.4832433974523981,1.396765964669813E-5,2.9215494625549243E-8,3.424113257413086E-4,-2.5467659938271934E-7,-1.0386416673841268,-3.597249857989482E-5,0.9636102312848184,-0.5068154006718496,75849.38746735746,77195.74990461451,295.2488424288014,0.4832423766442089,1.3967628158542118E-5,2.9215690963581745E-8,3.424428382917903E-4,-2.547232286076451E-7,-1.038838491428578,-3.5977381770635475E-5,0.9636134359495186,-0.5067457640053611,75848.8286027694,77195.18681361237,295.24865472609224,0.4832438951774203,1.396767499971262E-5,2.921539889555081E-8,3.4239578649010883E-4,-2.546540194714453E-7,-1.0385463401134984,-3.5969951966308145E-5,1.1465148283690182E-11,4.835681449802716E-8,6.407874687691476E-9,2.4337229426496663E-11,7.920755413994547E-11,1.2026886255433795E-10,-5.821795799204097E-7
5.8750000000000005E-6,5.8750000000000005E-6,4.0446333256752265,5.5E-8,-3477.5924504296936,-3569.3810810724012,0.9626969883764073,-0.5545890813756988,76008.96613756253,77356.40865688497,295.3023527281762,0.4828093180621198,1.3954279534334482E-5,2.929907786810524E-8,3.747223522808776E-4,-3.051850795543487E-7,-1.2476766631964438,-4.2477064042145685E-5,0.962698630000658,-0.5545560583458279,76008.67915895075,77356.11951197199,295.3022565014197,0.4828100970699411,1.3954303529788979E-5,2.929892769622625E-8,3.747000394228567E-4,-3.051491668770723E-7,-1.2475237920964446,-4.2473362270811776E-5,0.9626990581537175,-0.5545494256742466,76008.6043199558,77356.04410005618,295.3022314044465,0.4828103002428434,1.395430978805847E-5,2.9298888529980118E-8,3.7469555788800443E-4,-3.051417169785964E-7,-1.247491849494054,-4.247241714949723E-5,0.9626968254378309,-0.5545939801964739,76008.99463036042,77356.43735582351,295.30236227908273,0.4828092407416624,1.3954277152677831E-5,2.9299092773411774E-8,3.747256622949148E-4,-3.051908028339767E-7,-1.2477007112593128,-4.247762849729497E-5,0.9627001482348184,-0.5545262217907417,76008.41375267267,77355.85210128884,295.3021675075108,0.48281081752305927,1.39543257216622E-5,2.9298788812668955E-8,3.74679879588339E-4,-3.0511608940742006E-7,-1.2473833489748358,-4.2469909914188975E-5,1.3701984232130692E-11,4.836920070504044E-8,6.390299842354669E-9,2.7083861219605975E-11,7.923231182151153E-11,1.2044755079749618E-10,-6.135369844732252E-7
5.9E-6,5.9E-6,4.061844531316398,5.5E-8,-3491.1767399794126,-3572.3412293029733,0.9617014415008649,-0.6022708839193283,76183.3650304373,77531.98735784649,295.3607323979111,0.4823365196596148,1.393972754186906E-5,2.9390333295431186E-8,4.0693978643197855E-4,-3.5999386668095216E-7,-1.4757963505937823,-4.92441665755905E-5,0.9617031407114506,-0.6022369735524746,76183.06719031894,77531.68728415562,295.36063271222736,0.48233732726211204,1.3939752379687931E-5,2.9390177224907928E-8,4.0691687402194234E-4,-3.5995372712704924E-7,-1.4756243213562357,-4.9240359786040244E-5,0.9617035814404992,-0.6022290496658377,76182.98994449791,77531.60945337555,295.36060685646834,0.48233753673169233,1.3939758821942973E-5,2.9390136744644337E-8,4.0691152004448494E-4,-3.5994470891864695E-7,-1.4755853340936937,-4.923959842528802E-5,0.9617012737770728,-0.6022715596573477,76183.39441812708,77532.01697733547,295.360742237631,0.48233643994396863,1.3939725090205168E-5,2.939034870070739E-8,4.069402430117214E-4,-3.5999512107309786E-7,-1.4758020013252917,-4.9244205953868914E-5,0.9617047084648698,-0.6022093070320252,76182.79241068626,77531.41042633928,295.3605407386448,0.48233807238296106,1.3939775295961E-5,2.93900332295627E-8,4.0689818042704407E-4,-3.5992093884829044E-7,-1.475483017153465,-4.923737999718014E-5,1.612481334703961E-11,4.8382703814638435E-8,6.371180858266194E-9,3.003742611426864E-11,7.926169358598225E-11,1.2065577470971042E-10,-6.476243341040283E-7
5.925000000000001E-6,5.925000000000001E-6,4.07905573695757,5.5E-8,-3502.8663915257316,-3570.5880354726155,0.9606239162410827,-0.6498507804058302,76372.64167418587,77722.54376943599,295.423974453975,0.4818239511077287,1.3923976846913485E-5,2.9489520706342033E-8,4.390883651390745E-4,-4.190802012260519E-7,-1.7232490689398219,-5.619339104612209E-5,0.9606256723478981,-0.6498185437537457,76372.33298389101,77722.23276653248,295.4238713370604,0.4818247871720102,1.3924002517109057E-5,2.948935870078258E-8,4.3906658361739573E-4,-4.1903882873839394E-7,-1.723069830367649,-5.619000431522636E-5,0.9606261288708596,-0.6498081022907102,76372.25272628378,77722.1519175558,295.4238445305358,0.4818250045178308,1.3924009190412353E-5,2.948931658549129E-8,4.3905952857480415E-4,-4.190257236302841E-7,-1.723013413023864,-5.6188507869592286E-5,0.960623747467582,-0.6498512528925711,76372.6713261966,77722.57365905467,295.42398436426794,0.48182387075683786,1.3923974379837568E-5,2.948953627618488E-8,4.3908868438687234E-4,-4.190804777692847E-7,-1.7232509445052528,-5.619322040217867E-5,0.9606272903187965,-0.6497879151315206,76372.04857507593,77721.94622849807,295.42377633149556,0.48182555746920813,1.3924026168077908E-5,2.9489209439657134E-8,4.3904588860237874E-4,-4.190003852500013E-7,-1.7229032201983046,-5.6186735733376736E-5,1.872970154900754E-11,4.8397322212941605E-8,6.350530429232893E-9,3.3190106035907045E-11,7.92960760267795E-11,1.2089383102057284E-10,-6.844216952640212E-7
5.950000000000001E-6,5.950000000000001E-6,4.09626694259874,5.5E-8,-3512.2423280478856,-3563.9130649824187,0.9594645926118412,-0.6973233940561743,76576.8886080864,77928.17090804927,295.49208139913605,0.48127149792629365,1.3907029979280639E-5,2.959672507835095E-8,4.71164455443361E-4,-4.823736730941164E-7,-1.9901117626345695,-6.323148430453784E-5,0.9594664025107644,-0.69729313524552,76576.56949175111,77927.84939824567,295.4919750200383,0.4812723611776926,1.3907056436582422E-5,2.9596557319567536E-8,4.71144010301027E-4,-4.823323300229277E-7,-1.9899307151422363,-6.322828136262615E-5,0.9594668758526227,-0.6972839790507476,76576.48602523426,77927.76531427723,295.49194719883496,0.48127258694325764,1.3907063355945647E-5,2.959651344589514E-8,4.7113782368293756E-4,-4.823194554148813E-7,-1.9898748566781705,-6.322734935793051E-5,0.9594644197866444,-0.6973276069415569,76576.91908592723,77928.20160870075,295.4920915571412,0.4812714154950797,1.3907027452902808E-5,2.959674109751767E-8,4.711673019875385E-4,-4.823788968622011E-7,-1.9901347901040936,-6.323162871524346E-5,0.9594680749426684,-0.6972604313493029,76576.27458795597,77927.5523095763,295.4918767209959,0.48127315886142724,1.3907080884375123E-5,2.959640230360199E-8,4.7112191307385336E-4,-4.822877490084921E-7,-1.989736624232819,-6.322469772612749E-5,2.1512337987460373E-11,4.84130542577365E-8,6.3283620849658634E-9,3.653373510649129E-11,7.93358303090538E-11,1.2116193847898818E-10,-7.239166479716634E-7
5.975E-6,5.975E-6,4.113478148239912,5.5E-8,-3519.3187137268364,-3557.69563786547,0.958223658942424,-0.7446844315277684,76796.20659207534,78148.9700469134,295.56505620049114,0.4806790344228715,1.3888889581926739E-5,2.9712039017280376E-8,5.031651564376814E-4,-5.498002975912187E-7,-2.2764775471755456,-7.025784218228637E-5,0.9582255220153374,-0.7446529441705243,76795.87700961965,78148.63800776609,295.56494658197533,0.4806799247779203,1.3888916817408282E-5,2.971186545330753E-8,5.031438811963002E-4,-5.49755024934484E-7,-2.276277072259063,-7.025522994297262E-5,0.9582260088932254,-0.744646380041089,76795.79088855082,78148.5512359988,295.56491793529835,0.4806801574541573,1.3888923934871697E-5,2.9711820095968837E-8,5.031394459737088E-4,-5.497452893621358E-7,-2.2762333736286564,-7.02545998478854E-5,0.9582234782201338,-0.744689454529394,76796.2385751398,78149.00225546143,295.56506683368883,0.4806789480558141,1.3888886940023279E-5,2.9712055853473054E-8,5.031685503576986E-4,-5.498078036225706E-7,-2.2765098153381587,-7.025848539399249E-5,0.9582272480284084,-0.744623329087643,76795.57166848388,78148.33039709223,295.56484502789704,0.4806807496305279,1.388894204926831E-5,2.971170465900011E-8,5.031238710051641E-4,-5.497114678121306E-7,-2.2760849317896827,-7.025234202728825E-5,2.4467965717695573E-11,4.842989821334202E-8,6.3046902681491174E-9,4.005983073004896E-11,7.938132154772631E-11,1.2146026771824412E-10,-7.660508209486598E-7
6.0E-6,6.0E-6,4.130689353881083,5.5E-8,-3524.570364608967,-3553.0345789127346,0.9569013121557874,-0.7919282434090208,77030.70458784918,78385.05071201985,295.6429022632087,0.48004642384772284,1.3869558414882706E-5,2.9835562880969484E-8,5.350866509520411E-4,-6.212797789828528E-7,-2.5824410391103356,-7.7164666919316E-5,0.9569032312621268,-0.791894608298196,77030.36388489374,78384.70749327117,295.64278922265913,0.48004734289678236,1.386958647046167E-5,2.983538312865185E-8,5.350639245258081E-4,-6.212283018669496E-7,-2.5822120196914966,-7.716189715267774E-5,0.956903730150491,-0.7918872643730299,77030.27532672134,78384.61827079074,295.6427598367716,0.4800475818107502,1.3869593763752893E-5,2.9835336400724064E-8,5.350589624142095E-4,-6.212173916253505E-7,-2.582162791666633,-7.716146396319346E-5,0.9569011250206019,-0.7919306932219133,77030.73780699013,78385.08417995578,295.64291328600183,0.48004633422972726,1.3869555679137426E-5,2.983558040897971E-8,5.350883062310225E-4,-6.212839514319057E-7,-2.5824598958829483,-7.716486382491894E-5,0.9569050063807272,-0.7918672060418726,77030.04876903497,78384.39002711023,295.6426846634391,0.4800481929876331,1.3869612421070325E-5,2.983521686418194E-8,5.350454094877517E-4,-6.211862455529626E-7,-2.582023458486674,-7.715963933208059E-5,2.7591594515873966E-11,4.8447852225033087E-8,6.2795303535292875E-9,4.375939645763549E-11,7.943290831249643E-11,1.217889316488765E-10,-8.107364135751202E-7
6.025000000000001E-6,6.025000000000001E-6,4.147900559522254,5.5E-8,-3528.117211844479,-3544.855505448513,0.9554977599602179,-0.8390479205632618,77280.4994166725,78636.53033810185,295.7256232907205,0.4793735194681515,1.384903938713238E-5,2.996740473578581E-8,5.669242706508525E-4,-6.967241358779575E-7,-2.908097654261155,-8.383537895895188E-5,0.9554997359273775,-0.8390154345690657,77280.14731588472,78636.17564137389,295.72550676401437,0.4793744678449045,1.3849068275029845E-5,2.996721859229458E-8,5.669023206547741E-4,-6.966710962785782E-7,-2.9078589711853056,-8.383304239600875E-5,0.9555002496386055,-0.8390055547454172,77280.05576870574,78636.08342780315,295.72547646951006,0.47937471440334706,1.3849075785294755E-5,2.996717019901023E-8,5.668956450982549E-4,-6.966553719678359E-7,-2.907788420573752,-8.383230728270519E-5,0.9554975692761113,-0.839049555246559,77280.53338405919,78636.56456709639,295.7256345357978,0.47937342794845716,1.3849036599402326E-5,2.996742269900157E-8,5.669253751665939E-4,-6.967266287460916E-7,-2.9081095928945615,-8.383556273372506E-5,0.9555015603349629,-0.8389856099745361,77279.82222799206,78635.8481520081,295.7253991752269,0.47937534347696203,1.3849094947181935E-5,2.996704672762568E-8,5.668821689017136E-4,-6.966233398486566E-7,-2.907643251443915,-8.383119150323637E-5,3.087816041732016E-11,4.846691435775647E-8,6.252898575730766E-9,4.762283813637519E-11,7.949094249182895E-11,1.2214793863538496E-10,-8.579423973738096E-7
6.0500000000000005E-6,6.0500000000000005E-6,4.1651117651634255,5.5E-8,-3529.5490500515816,-3531.0731635178354,0.9540132201816437,-0.886038577215522,77545.7159407993,78903.5344346294,295.8132233120144,0.4786601642814433,1.382733554667986E-5,3.0107680590846824E-8,5.986747143348122E-4,-7.760424894343033E-7,-3.2535606134599675,-9.014590330025385E-5,0.9540152500826405,-0.8860083979678772,77545.3528198213,78903.16862895449,295.8131034559027,0.47866114082760064,1.3827365224235642E-5,3.010748820070614E-8,5.986543229512684E-4,-7.759908970683682E-7,-3.253324053056531,-9.014460374601185E-5,0.9540157808194992,-0.8859984536961548,77545.25786298985,78903.07298602117,295.8130721184867,0.47866139615488446,1.3827372983713701E-5,3.010743789871775E-8,5.986476038487532E-4,-7.75973682749509E-7,-3.2532463665922933,-9.014393427264622E-5,0.9540130256474763,-0.8860414064606705,77545.75073905423,78903.56949147764,295.8132347983599,0.4786600706947004,1.3827332702551608E-5,3.010769902850606E-8,5.986766259869395E-4,-7.760470707296463E-7,-3.2535819775037,-9.014585079114568E-5,0.9540171272180497,-0.8859769119740213,77545.01700322615,78902.83035486555,295.8129926201697,0.4786620438792761,1.3827392668326804E-5,3.010731029077834E-8,5.986330486310955E-4,-7.759372232385431E-7,-3.2530801477951172,-9.014252970018788E-5,3.432234226451637E-11,4.848708261956803E-8,6.2248119787374125E-9,5.164016315429181E-11,7.955576913600126E-11,1.2253720553507686E-10,-9.076655395424183E-7
6.075E-6,6.075E-6,4.182322970804596,5.5E-8,-3528.64529714495,-3515.5866239435063,0.9524479188081096,-0.9328956623300213,77826.4874612352,79186.19699065298,295.9057067846568,0.47790619010565183,1.3804450051771761E-5,3.025651477092446E-8,6.303349069797441E-4,-8.591400171553687E-7,-3.6189573685830965,-9.596368497000185E-5,0.9524500011262355,-0.9328649715715949,77826.11341414749,79185.82018893686,295.9055836726597,0.47790719434507084,1.3804480496947078E-5,3.025631614209135E-8,6.303141699808073E-4,-8.59085621129907E-7,-3.6187052359064182,-9.596272671785755E-5,0.9524505470161403,-0.9328572925912841,77826.01535733102,79185.72140885782,295.9055513982778,0.4779074576107948,1.3804488478298757E-5,3.025626407085103E-8,6.303089814805974E-4,-8.590715310674569E-7,-3.6186402635485138,-9.596267420874938E-5,0.9524477191576292,-0.9328987980499033,77826.52332657213,79186.23311810332,295.9057185885095,0.4779060938199932,1.3804447132720154E-5,3.02565338153405E-8,6.303370257093942E-4,-8.591456612805359E-7,-3.618983540987756,-9.596381623566685E-5,0.9524519306532587,-0.9328355394866072,77825.76680363291,79185.47103714892,295.90546959430264,0.4779081248953817,1.3804508708191391E-5,3.0256132089241756E-8,6.302942834368968E-4,-8.590326063995235E-7,-3.618460382724834,-9.596197848793508E-5,3.7918369851355876E-11,4.850835492176977E-8,6.1952884529704365E-9,5.5801114862926215E-11,7.96277259254772E-11,1.2295662307075571E-10,-9.598463505747806E-7
6.100000000000001E-6,6.100000000000001E-6,4.199534176445768,5.5E-8,-3525.684736301265,-3501.0165282555977,0.950802092804635,-0.9796110074817438,78122.95524092406,79484.66002497693,296.0030784156445,0.4771114189658137,1.3780386211847695E-5,3.041403985296679E-8,6.618993293795566E-4,-9.459101204356557E-7,-4.004399323972848,-1.0114822727302908E-4,0.9508042291266467,-0.9795789352378915,78122.56980462174,79484.27177219876,296.0029519372613,0.4771124519278502,1.3780417447985252E-5,3.0413834691046487E-8,6.618776589445213E-4,-9.458504878523399E-7,-4.004120140347595,-1.0114799098914773E-4,0.9508047872821168,-0.9795723874991552,78122.46911661721,79484.17033390644,296.0029188923105,0.47711272180808467,1.3780425609030385E-5,3.041378108884494E-8,6.618732347967264E-4,-9.458383905780466E-7,-4.0040616295270866,-1.0114834542207518E-4,0.950801887860937,-0.9796140185921602,78122.9922166255,79484.6972713335,296.00309054910457,0.4771113198705363,1.3780383215272408E-5,3.041405953485136E-8,6.619013639136218E-4,-9.459157259072982E-7,-4.004425645371384,-1.0114825353468859E-4,0.9508062081654892,-0.9795508646149934,78122.21276028469,79483.9121057511,296.00283477078665,0.47711340883622066,1.3780446384412298E-5,3.041364463545905E-8,6.618586923074279E-4,-9.457982477556471E-7,-4.003874516960877,-1.0114774157443662E-4,4.1660084075029067E-11,4.853072902548315E-8,6.1643467889008595E-9,6.009511583804278E-11,7.970714249156277E-11,1.234060512269783E-10,-1.0143997160523668E-6
6.125000000000001E-6,6.125000000000001E-6,4.2167453820869385,5.5E-8,-3520.934615098769,-3485.1325455560245,0.9490759944360266,-1.0261749484654212,78435.26777744776,79799.07285066955,296.10534289052947,0.4762756652330308,1.3755147550535903E-5,3.058039646113978E-8,6.933614516658252E-4,-1.0362358374038649E-6,-4.409984512496749,-1.0554895209224924E-4,0.9490781854050628,-1.0261434921398411,78434.87067494386,79798.6728526181,296.10521299009514,0.4762767275056143,1.3755179587191248E-5,3.058018455244281E-8,6.933401973917845E-4,-1.0361745340503604E-6,-4.4096934034084825,-1.0554964781306353E-4,0.9490787560520592,-1.026135549797566,78434.76725241583,79798.56867181443,296.1051791570087,0.4762770041781886,1.3755187931271036E-5,3.0580129360258774E-8,6.933348309443013E-4,-1.0361595023766768E-6,-4.409621703542825,-1.0554989722777464E-4,0.9490757841050959,-1.0261781940602823,78435.30590056657,79799.11125021131,296.1053553608523,0.476275563255638,1.3755144475047544E-5,3.058041680427586E-8,6.933636446353259E-4,-1.0362420870535516E-6,-4.410014006317624,-1.05549096488744E-4,0.949080213669614,-1.026114381347567,78434.50306599986,79798.30256103372,296.1050927364534,0.47627771088897225,1.375520924475718E-5,3.057998838209064E-8,6.933205279375453E-4,-1.036118330972613E-6,-4.409426046221142,-1.055506454576971E-4,4.554106033771465E-11,4.855420252047175E-8,6.132006683695597E-9,6.451123221109885E-11,7.979433990374378E-11,1.238852442664772E-10,-1.0712566112121782E-6
6.15E-6,6.15E-6,4.23395658772811,5.5E-8,-3514.297082549088,-3465.609629267949,0.947269890463221,-1.0725802717227517,78763.58102089594,80129.59225916273,296.212504903571,0.4753987353102654,1.3728737793689168E-5,3.0755733557447654E-8,7.247163998126701E-4,-1.129997462925303E-6,-4.835833242670333,-1.0900806151425968E-4,0.9472721348865787,-1.0725496242045203,78763.17228917872,80129.18054910332,296.21237163369204,0.4753998266027629,1.372877061358179E-5,3.0755514857974044E-8,7.246956920300813E-4,-1.1299356832239482E-6,-4.835534448478484,-1.0900999116358889E-4,0.9472727205256599,-1.072540133517431,78763.06562624389,80129.07312177158,296.2123368595765,0.47540011135433247,1.3728779177300837E-5,3.0755457792868026E-8,7.246892794036695E-4,-1.1299166065725785E-6,-4.835443742316556,-1.090103587273461E-4,0.9472696751372295,-1.0725828468322474,78763.62023141503,80129.63175803816,296.2125176892706,0.4753986306134745,1.3728734645006845E-5,3.075575453918898E-8,7.247181397515185E-4,-1.1300028205596392E-6,-4.835859289806876,-1.0900758894649698E-4,0.9472742133872373,-1.0725203338918736,78762.79376818154,80128.7992776161,296.2122482162662,0.47540083721651055,1.3728801007207917E-5,3.075531232801211E-8,7.24675901278293E-4,-1.1298764948719508E-6,-4.835250083995788,-1.0901123820872272E-4,4.9554704235740213E-11,4.8578772833265136E-8,6.098288706104581E-9,6.903811727814762E-11,7.98896303671129E-11,1.24393839776686E-10,-1.1303449563176988E-6
6.175E-6,6.175E-6,4.251167793369281,5.5E-8,-3505.5664879972715,-3443.094516270706,0.9453840595575739,-1.1188203975499915,79108.05887767814,80476.38303640626,296.32456929328157,0.4744804264520545,1.370116083134426E-5,3.0940208923755654E-8,7.559597280743186E-4,-1.2270709065376196E-6,-5.282080310056472,-1.1135742683165972E-4,0.945386356822574,-1.118789649143427,79107.63843127663,80475.95953615467,296.32443267184516,0.47448154676324156,1.3701194425681118E-5,3.093998332712484E-8,7.559389521239371E-4,-1.227006772239747E-6,-5.281766177085046,-1.113604460130091E-4,0.945386958302013,-1.118780706045781,79107.52833916183,80475.84865405249,296.324396901138,0.474481840087417,1.3701203221489228E-5,3.0939924260815394E-8,7.559329094903926E-4,-1.2269877464632373E-6,-5.281674347944545,-1.113610629630557E-4,0.9453838404282755,-1.1188222340497722,79108.09897275845,80476.42343304193,296.32458232525084,0.4744803195890261,1.370115762687996E-5,3.094023044284452E-8,7.559609689525488E-4,-1.227074687477625E-6,-5.282100017496532,-1.1135724304267569E-4,0.9453884850974126,-1.1187610994994264,79107.24891409997,80475.56719149232,296.3243061007191,0.4744825846591255,1.370122554876769E-5,3.0939774327615045E-8,7.559196618239368E-4,-1.22694704685955E-6,-5.2814734483870325,-1.113634389184881E-4,5.369426332475317E-11,4.8604437243600786E-8,6.063214249364256E-9,7.366395516095117E-11,7.999331701841682E-11,1.249314328434524E-10,-1.1916124979786029E-6
6.200000000000001E-6,6.200000000000001E-6,4.268378999010452,5.5E-8,-3494.706036372908,-3418.890358856911,0.9434187939607246,-1.1648861614770711,79468.87292311316,80839.61770640303,296.4415409254485,0.47352052764727437,1.3672420741744361E-5,3.113398924959515E-8,7.870852442412642E-4,-1.3273201032859562E-6,-5.748842490608695,-1.1242179141390807E-4,0.9434211434661812,-1.164856186481182,79468.44068139445,80839.18232944183,296.44140096918346,0.4735216769893287,1.3672455101907293E-5,3.1133756641489875E-8,7.870649908656635E-4,-1.3272552550347427E-6,-5.74851847543232,-1.1242624141516444E-4,0.9434217591051461,-1.1648486765413202,79468.32742486375,80839.06824840532,296.4413642965939,0.47352197814967917,1.3672464105271889E-5,3.113369569176201E-8,7.870599165819731E-4,-1.3272388659402168E-6,-5.748436557725654,-1.1242710777992215E-4,0.9434185707619491,-1.1648890301616694,79468.91398421608,80839.65906657641,296.4415542210609,0.47352041846167364,1.3672417477590816E-5,3.1134011347060136E-8,7.870871825416685E-4,-1.3273259637003322E-6,-5.748872044304562,-1.1242112194054243E-4,0.9434233211968787,-1.1648272844835592,79468.04003480873,80838.77878580357,296.4412712455477,0.4735227422983103,1.3672486949961386E-5,3.1133541041607974E-8,7.870454624888914E-4,-1.3271930029645774E-6,-5.748209195900699,-1.1242989067739018E-4,5.79525966214194E-11,4.8631192868546375E-8,6.026805527880777E-9,7.837667630240988E-11,8.010569349431455E-11,1.2549761077480414E-10,-1.2550250890963495E-6
6.2250000000000005E-6,6.2250000000000005E-6,4.285590204651624,5.5E-8,-3481.8071791841794,-3393.3823381009115,0.9413744029601534,-1.2107668892083892,79846.2018027982,81219.4759266613,296.5634244655865,0.47251882141381524,1.364252184190903E-5,3.1337250046125435E-8,8.180857359516143E-4,-1.4305975318507082E-6,-6.236220198514502,-1.120144389261668E-4,0.9413768034158656,-1.2107376687230618,79845.75780437316,81219.02870877326,296.5632812319577,0.47251999946915496,1.3642556949209844E-5,3.1337010374026265E-8,8.180659923804471E-4,-1.4305325858288144E-6,-6.2358896756318245,-1.120202541216031E-4,0.9413774317191326,-1.2107304795262943,79845.6415960885,81218.91165290787,296.56324374153695,0.47252030781637827,1.3642566138311196E-5,3.133694764185648E-8,8.180611348150638E-4,-1.4305167395889386E-6,-6.235808074295392,-1.1202184246883462E-4,0.9413741740451524,-1.2107706779089966,79846.24415429028,81219.51857484633,296.5634381247684,0.4725187090701968,1.3642518493966346E-5,3.1337272902150776E-8,8.180882958844571E-4,-1.430606009478197E-6,-6.236262044348223,-1.1201388760184727E-4,0.9413790305765034,-1.2107091105659424,79845.34584592788,81218.61377932462,296.56314833905196,0.47252109247417623,1.3642589522022172E-5,3.1336788006579815E-8,8.180466963283395E-4,-1.4304687886124158E-6,-6.235566992269696,-1.1202584616398781E-4,6.232200133126423E-11,4.865903659941342E-8,5.989085636286729E-9,8.316419083053806E-11,8.022704308339664E-11,1.2609190260918877E-10,-1.3204808267946965E-6
6.25E-6,6.25E-6,4.302801410292794,5.5E-8,-3466.976681879191,-3366.56782585238,0.93925121414817,-1.2564519763182096,80240.23103893836,81616.14427608791,296.69022428038534,0.47147508454475834,1.3611468705787346E-5,3.155017578033084E-8,8.489540380528444E-4,-1.5367475295136045E-6,-6.744314860107352,-1.0994026494870468E-4,0.9392536658796384,-1.256421636596819,80239.77499422032,81615.6849465777,296.69007773021355,0.47147629179666845,1.361150456517472E-5,3.1549928823595855E-8,8.489335382410939E-4,-1.5366783706838306E-6,-6.743957053286977,-1.0994800979347019E-4,0.9392543069701742,-1.2564139696710908,80239.65574883316,81615.56483935758,296.69003940960647,0.4714766074738401,1.3611513941859376E-5,3.1549864248578836E-8,8.489283578858722E-4,-1.5366609531497488E-6,-6.743866405151948,-1.0995012321757258E-4,0.9392509797968198,-1.2564545307339081,80240.27462816887,81616.18818175235,296.6902382885623,0.47147496914811565,1.361146527812968E-5,3.155019938608198E-8,8.489557640093974E-4,-1.536753722177764E-6,-6.744346608880505,-1.0993977925011222E-4,0.9392559406577411,-1.2563948505978075,80239.35188005696,81615.25877168284,296.68994175749623,0.47147741191080444,1.3611537836413705E-5,3.15496996931961E-8,8.489154395931132E-4,-1.5366168315722461E-6,-6.743638107249808,-1.0995465197538579E-4,6.679448664233017E-11,4.868796505544676E-8,5.9500785822318955E-9,8.801417335767617E-11,8.035763795592548E-11,1.2671373368895322E-10,-1.3878304810736948E-6
6.275000000000001E-6,6.275000000000001E-6,4.320012615933966,5.5E-8,-3450.25898907756,-3337.8156705537745,0.937049573963826,-1.3019301428999461,80651.15293002484,82029.8161661421,296.82194437990165,0.47038908852643924,1.357926617191563E-5,3.1772960088811844E-8,8.796825289864501E-4,-1.6456049760904534E-6,-7.273217424173481,-1.0599485814566378E-4,0.9370520782316066,-1.30189940884816,80650.6843913556,82029.34426900533,296.82179441727874,0.4703903259320184,1.3579302802025151E-5,3.1772705521958475E-8,8.796617627352431E-4,-1.645532437350994E-6,-7.272837334217684,-1.0600400756288764E-4,0.9370527329420972,-1.3018912474635091,80650.56189712726,82029.22089773141,296.82175521142165,0.4703906494359518,1.3579312378523349E-5,3.177263896897045E-8,8.796562482861548E-4,-1.6455132552550821E-6,-7.272736982589095,-1.0600648853653638E-4,0.9370493360715741,-1.3019316852175224,80651.1974234461,82029.8609941471,296.8219586256408,0.4703889709796609,1.3579262692248001E-5,3.1772984271438164E-8,8.796835710929206E-4,-1.6456084206595278E-6,-7.27323798477596,-1.0599391301013839E-4,0.9370543993713558,-1.3018723595082684,80650.25013603258,82028.90688265425,296.8216554210805,0.47039147284567534,1.3579336753505057E-5,3.177246957304853E-8,8.796434861542354E-4,-1.6454692705281105E-6,-7.272503210233481,-1.0601276316890562E-4,7.136204995489766E-11,4.871797459933497E-8,5.9098092335489195E-9,9.291379837740284E-11,8.049773892317205E-11,1.2736244492029127E-10,-1.456998915418553E-6
6.300000000000001E-6,6.300000000000001E-6,4.337223821575137,5.5E-8,-3431.576456341075,-3306.1590168928255,0.9347698487155877,-1.3471895687771147,81079.16636643562,82460.69165209432,296.95858832891815,0.46926060021561344,1.354591935809747E-5,3.20058059524992E-8,9.102632221466992E-4,-1.7569946113837886E-6,-7.823011970855305,-9.996339755957706E-5,0.9347724039590432,-1.347161039901547,81078.68542911556,82460.20725360075,296.9584350261314,0.4692618673497487,1.3545956736309138E-5,3.2005543726612985E-8,9.102439458794236E-4,-1.7569254569593795E-6,-7.822639428101411,-9.997448975695988E-5,0.9347730729977224,-1.347152549634179,81078.5594945243,82460.08042428872,296.9583948870039,0.4692621991226343,1.35459665230354E-5,3.200547506852616E-8,9.102382092122831E-4,-1.7569048921473041E-6,-7.8225303715507835,-9.997758769486609E-5,0.9347696071881834,-1.3471922268060643,81079.21182411353,82460.73743872374,296.9586028194712,0.4692604804430451,1.3545915825024026E-5,3.200583073882284E-8,9.102650181122056E-4,-1.75700059841688E-6,-7.823045392016411,-9.996239992915434E-5,0.9347747732473927,-1.3471321427356826,81078.23946858557,82459.75810975416,296.95829288017916,0.46926304226575766,1.3545991394359022E-5,3.200530058639501E-8,9.102244207673531E-4,-1.7568559253788863E-6,-7.822268042181577,-9.998489935014732E-5,7.601644079517686E-11,4.8749061351288914E-8,5.8683032674115405E-9,9.784997190372813E-11,8.064759522864915E-11,1.2803733593955E-10,-1.5279533171685733E-6
6.3250000000000004E-6,6.3250000000000004E-6,4.354435027216308,5.5E-8,-3410.8140708140945,-3271.8782262961445,0.9324124248444544,-1.3922186732657418,81524.47677681722,82908.97737584727,297.100159201535,0.46808938216551627,1.351143366496494E-5,3.2248925957352006E-8,9.406882927471228E-4,-1.8707330568190629E-6,-8.393779661980034,-9.162327804546067E-5,0.9324150281824916,-1.3921913458176554,81523.98374644034,82908.48079150649,297.1000027104053,0.4680906779495628,1.3511471749346874E-5,3.224865615522364E-8,9.406698282551726E-4,-1.870666133783061E-6,-8.393407516096659,-9.163643115073228E-5,0.9324157112488424,-1.3921835206885047,81523.85437642345,82908.35049784824,297.099961650204,0.46809101793803304,1.351148174196335E-5,3.22485853647517E-8,9.406645410057464E-4,-1.8706465823470352E-6,-8.393301024689436,-9.163947657953031E-5,0.9324121780483906,-1.3922221554592247,81524.52352747321,82909.02445207622,297.10017403684554,0.4680892593247649,1.3511430054570953E-5,3.2248951534723106E-8,9.406906455805572E-4,-1.8707417557095596E-6,-8.3938262848244,-9.162136152696121E-5,0.9324174462182772,-1.3921635479389562,81523.52578105895,82908.01955665267,297.09985735854116,0.4680918814976154,1.3511507122928933E-5,3.22484055598401E-8,9.406510459047002E-4,-1.8705969634424947E-6,-8.393030354276789,-9.16485997493055E-5,8.074887317791025E-11,4.878122114416664E-8,5.825587197351211E-9,1.0280962985075503E-10,8.080744380095283E-11,1.2873767978820003E-10,-1.6005793515545727E-6
6.35E-6,6.35E-6,4.371646232857479,5.5E-8,-3387.985585379473,-3236.2478531474003,0.929977709803734,-1.4370046467811222,81987.29592882782,83374.88638128832,297.2466594967696,0.4668751932816774,1.3475814788549975E-5,3.250254250207901E-8,9.709490856629204E-4,-1.9866253613542996E-6,-8.985583594168702,-8.07395026711788E-5,0.9299803614741984,-1.4369758356118105,81986.79049193951,83374.37733032761,297.246499781902,0.46687651819069703,1.3475853582801643E-5,3.2502264879048106E-8,9.709296186566287E-4,-1.9865533965912617E-6,-8.98517720716518,-8.075601625279205E-5,0.9299810569219387,-1.436969271890671,81986.65794432747,83374.24382317763,297.2464578938507,0.466876865670409,1.3475863757283587E-5,3.2502192067997704E-8,9.709251837099128E-4,-1.9865368867044707E-6,-8.98508231200617,-8.075987555145048E-5,0.9299774579234881,-1.4370070921937408,81987.34393729495,83374.93473586605,297.24667466799406,0.4668750674293119,1.3475811103512111E-5,3.2502568873443545E-8,9.709507379687438E-4,-1.9866317623495887E-6,-8.98561938530338,-8.07388069503645E-5,0.9299828250668717,-1.436950697246491,81986.32092680645,83373.90438842755,297.2463513955411,0.46687774912105845,1.3475889625450257E-5,3.250200695006347E-8,9.70912633274656E-4,-1.986490138961017E-6,-8.984818699115976,-8.076974694404271E-5,8.55501914703934E-11,4.881444946721506E-8,5.781688412041755E-9,1.0777960899710491E-10,8.097750835496936E-11,1.2946270268717213E-10,-1.6747133371597936E-6
6.375000000000001E-6,6.375000000000001E-6,4.3888574384986505,5.5E-8,-3363.214934031276,-3199.5557803394145,0.9274661352693182,-1.4815321571296056,82467.84126208296,83858.63746450485,297.39809091101415,0.4656177906767028,1.3439068766946244E-5,3.2766887766881375E-8,0.0010010352413037877,-2.1044603600728352E-6,-9.598447413398162,-6.707185004728444E-5,0.9274688368063024,-1.481502989778613,82467.32289232966,83858.11540645352,297.3979278580621,0.4656191458464829,1.3439108293743523E-5,3.276660193041254E-8,0.0010010155336341979,-2.104385331023195E-6,-9.598016902772315,-6.709012262717806E-5,0.9274695438773043,-1.4814960732015003,82467.18723100389,83857.97876918044,297.3978851823665,0.46561950053264445,1.3439118639058365E-5,3.276652711922597E-8,0.001001010860271284,-2.1043680312970992E-6,-9.597914841826878,-6.709474327948328E-5,0.9274658798026778,-1.481533863603545,82467.89026696404,83858.68683239179,297.39810632993743,0.46561766252729725,1.343906502915603E-5,3.2766914796708997E-8,0.0010010363943267196,-2.104464467578282E-6,-9.59847389753304,-6.707018293639067E-5,0.9274713440764564,-1.4814774211566406,82466.84182434173,83857.63089263374,297.3977765304359,0.4656204035605231,1.3439144978176033E-5,3.276633665130459E-8,0.0010009982575382708,-2.10432058665333E-6,-9.597640130436048,-6.710738443871378E-5,9.041109460242094E-11,4.88487414492967E-8,5.7366351588449735E-9,1.1274648019716891E-10,8.11579988571826E-11,1.3021155473982754E-10,-1.7502447588042495E-6
6.4000000000000006E-6,6.4000000000000006E-6,4.406068644139822,5.5E-8,-3336.5619827477813,-3160.8709505184925,0.9248781600832556,-1.5257849401136492,82966.33527106243,84360.45454075721,297.5544541221371,0.46431693144954045,1.3401202023077365E-5,3.304220370185852E-8,0.0010309357703470602,-2.2240137796814E-6,-10.232367389058709,-5.036766762600564E-5,0.9248809100382516,-1.5257578236471196,82965.8040275542,84359.9195010522,297.55428779601664,0.46431831653280203,1.3401242261469313E-5,3.304190956270328E-8,0.001030917448410216,-2.2239429806347746E-6,-10.231946898283468,-5.038779109867164E-5,0.9248816302447317,-1.5257494788029706,82965.66488050566,84359.77937619702,297.55424423573345,0.46431867928217163,1.34012527998051E-5,3.30418325289192E-8,0.0010309118100020071,-2.223921259059125E-6,-10.231820369006073,-5.039424950581406E-5,0.9248779010308,-1.525787385697155,82966.38531327777,84360.50494301952,297.55446979049344,0.4643168009711132,1.340119823252271E-5,3.30422314106542E-8,0.001030937422768348,-2.2240198011047597E-6,-10.232404565651677,-5.0365606711011424E-5,0.9248834625858587,-1.5257307686015047,82965.31089894989,84359.42287313224,297.55413341015196,0.4643196021821998,1.3401279611317924E-5,3.304163654154309E-8,0.0010308991679739896,-2.2238725608758613E-6,-10.231532247122004,-5.040771765862928E-5,9.532200666104327E-11,4.888409184871865E-8,5.690456517361975E-9,1.1769671806264042E-10,8.134911106816156E-11,1.309833082546289E-10,-1.8270885982028373E-6
6.425E-6,6.425E-6,4.423279849780993,5.5E-8,-3307.962374080977,-3119.5201142205497,0.9222142706054927,-1.5697472755591386,83483.00536417348,84880.56648262376,297.71574872617964,0.46297237321637347,1.3362221369547371E-5,3.3328742285736014E-8,0.001060640051053472,-2.345052626395727E-6,-10.887333308720827,-3.0366216755339792E-5,0.9222170663352836,-1.569721227140415,83482.46149161816,84880.01871846724,297.71557926451214,0.46297378726441685,1.3362262281106085E-5,3.332843987796034E-8,0.0010606224507705507,-2.344984474262901E-6,-10.886912629534208,-3.0389884464909755E-5,0.9222178004487012,-1.569713379729713,83482.31866468424,84879.87488522733,297.71553476674666,0.4629741585699901,1.3362273023819024E-5,3.332836047113892E-8,0.0010606171484660223,-2.3449632222138917E-6,-10.886786604889494,-3.039588343511923E-5,0.9222140069584789,-1.5697501816403008,83483.05665990342,84880.61813885112,297.71576470699733,0.46297223986623715,1.3362217511445328E-5,3.332877080402922E-8,0.001060642014621825,-2.345060379127517E-6,-10.887379475678017,-3.0364077076683316E-5,0.9222196643390267,-1.5696954225966775,83481.9560638622,84879.50969831196,297.7154217883469,0.4629751013000535,1.3362300299220066E-5,3.332815886092263E-8,0.0010606050152680254,-2.344915894525457E-6,-10.88649775551562,-3.0411360000925924E-5,1.0027292994417125E-10,4.89204950140708E-8,5.6431824091681406E-9,1.226168480420559E-10,8.155102578362143E-11,1.3177699237685936E-10,-1.9051020790488262E-6
6.450000000000001E-6,6.450000000000001E-6,4.440491055422164,5.5E-8,-3277.333306054091,-3075.7950569655836,0.9194749805908722,-1.6134030686782634,84018.08376321354,85419.20703347871,297.88197320040695,0.461583874434738,1.3322134006536804E-5,3.3626765843118366E-8,0.0010901372085663941,-2.467333229958513E-6,-11.56331513965074,-6.799486470754346E-6,0.9194778217857671,-1.6133762985438147,84017.52703491281,85418.6463444825,297.8818005997815,0.4615853176779581,1.332217558698655E-5,3.3626454944066096E-8,0.0010901191206377126,-2.4672622112120737E-6,-11.562866634608781,-6.826330881892773E-6,0.9194785679313995,-1.6133701625824253,84017.380842256,85418.49909873404,297.88175527197177,0.4615856966965615,1.3322186506712342E-5,3.362637329737277E-8,0.001090114974717855,-2.4672458755503613E-6,-11.56276180056716,-6.832592390537684E-6,0.9194747124626379,-1.6134053796631425,84018.13630005316,85419.25994684995,297.8819894890419,0.4615837382332247,1.3322130082521195E-5,3.362679518336388E-8,0.0010901387700426638,-2.4673394572971573E-6,-11.563354712974615,-6.797018620829931E-6,0.9194804628929565,-1.6133520319972743,84017.0095272005,85418.12514503459,297.88164015467197,0.4615866592765523,1.3322214239180186E-5,3.3626165943058454E-8,0.0010901027243224825,-2.4671977422485723E-6,-11.56245970733039,-6.850234875344086E-6,1.0525362146723921E-10,4.895794484628382E-8,5.59484360290853E-9,1.2749327670317362E-10,8.176390807436788E-11,1.325916188269062E-10,-1.9841042903849645E-6
6.475000000000001E-6,6.475000000000001E-6,4.457702261063336,5.5E-8,-3244.681052178097,-3030.4706663237084,0.9166608329432063,-1.656734552314695,84571.80700998352,85976.61433219776,298.05312474982156,0.46015119571465546,1.3280947547161905E-5,3.393654716395119E-8,0.0011194152380504697,-2.590596843390358E-6,-12.260242669092122,2.0611140669757333E-5,0.9166637200978961,-1.6567078949164136,84571.2370718227,85976.04035106246,298.0529489574639,0.46015266880074845,1.3280989804010111E-5,3.393622745178876E-8,0.001119397226294874,-2.590524930212723E-6,-12.259776882567394,2.058067324384183E-5,0.9166644770484568,-1.6567015072012947,84571.0876571156,85975.88986606669,298.05290286847287,0.46015305501118126,1.3281000882856404E-5,3.39361436307212E-8,0.001119392910271145,-2.590508283901727E-6,-12.259665074798022,2.057283651168973E-5,0.9166605610650195,-1.656736588409186,84571.86067257478,85976.66838324486,298.05314130392287,0.4601510569966491,1.3280943567909993E-5,3.393657727086316E-8,0.0011194166137899907,-2.590602072132242E-6,-12.260278796701414,2.061358226512766E-5,0.9166664034066502,-1.6566831447123207,84570.70738043991,85975.50689942311,298.052785577184,0.4601540378743592,1.3281029077333766E-5,3.393593031623584E-8,0.0011193805031840004,-2.5904586608760383E-6,-12.259346742754133,2.0552568649634395E-5,1.102537398222847E-10,4.899643478744635E-8,5.545471682435356E-9,1.3231220574448926E-10,8.198790682443042E-11,1.3342615979828777E-10,-2.0639623418859335E-6
6.5000000000000004E-6,6.5000000000000004E-6,4.474913466704506,5.5E-8,-3210.0894121348006,-2983.859021126958,0.9137724029788401,-1.6997218307793553,85144.41514194793,86553.03010179057,298.2291990575948,0.4586741019590544,1.3238670064934175E-5,3.425836944859278E-8,0.0011484606964725374,-2.7145676666862073E-6,-12.977987763880265,5.214664493990995E-5,0.9137753348563872,-1.6996965107770197,85143.83198391582,86552.44279757689,298.22902012581517,0.45867560466112817,1.32387129803553E-5,3.4258040781821655E-8,0.0011484435883628511,-2.7144991533134545E-6,-12.977525622866779,5.211436601371133E-5,0.9137761039211378,-1.699688820293143,85143.67899876734,86552.2887418549,298.22897319010633,0.4586759988361918,1.3238724237556592E-5,3.425795456945811E-8,0.0011484383920899615,-2.714478166723211E-6,-12.977387386080181,5.210459963223002E-5,0.9137721273410206,-1.6997241603126083,85144.46996629135,86553.08531690609,298.22921587973275,0.4586739606835546,1.3238666030279411E-5,3.425840034811075E-8,0.001148462270481492,-2.7145738035017075E-6,-12.978030240627959,5.2150281078411354E-5,0.9137780605415143,-1.6996719941106824,85143.28982688372,86551.89680130027,298.22885377834365,0.4586770016757127,1.3238752877626756E-5,3.4257735233107206E-8,0.0011484270230477584,-2.71443250738912E-6,-12.97708066505379,5.208353103114405E-5,1.152625758722471E-10,4.903595779486043E-8,5.495099032662849E-9,1.3705997726470356E-10,8.222315411547184E-11,1.3427951342437304E-10,-2.1445781805846177E-6
6.525E-6,6.525E-6,4.492124672345677,5.5E-8,-3173.6032440729796,-2935.2819605216955,0.9108103015440053,-1.742343502068582,85736.00716976244,87148.69879382942,298.4101901441678,0.4571523641858485,1.3195310139053551E-5,3.459252629550846E-8,0.0011772591230193121,-2.835583693325816E-6,-13.572692699572599,3.302328861565229E-5,0.9108132763506501,-1.7423189504556602,85735.41087748976,87148.09824562714,298.4100081596337,0.4571538959921889,1.3195353687077887E-5,3.459218858872399E-8,0.0011772425340916624,-2.8355178149297443E-6,-13.572241594054503,3.299249301846885E-5,0.910814058063648,-1.7423119128213438,85735.25417701132,87147.94043577038,298.40996033826127,0.45715429851595174,1.3195365130529061E-5,3.459209984758763E-8,0.0011772377789333404,-2.8354982413247855E-6,-13.572114073510647,3.2985010712138774E-5,0.9108100222082586,-1.742345481637318,85736.06315730688,87148.75518585733,298.4102072326396,0.4571522203482712,1.3195306049873317E-5,3.459255800654837E-8,0.0011772604605657555,-2.8355889978115556E-6,-13.572730210544478,3.302540203975468E-5,0.9108160426880328,-1.7422962166295664,85734.85637687283,87147.53978700329,298.4098389286518,0.4571553204458313,1.3195394183328783E-5,3.459187455167723E-8,0.0011772271733983557,-2.835456355256838E-6,-13.571822454972562,3.296454595158593E-5,1.2026889218804294E-10,4.9076506388124504E-8,5.443758873386984E-9,1.4172327278262523E-10,8.246976514116432E-11,1.3515051380042863E-10,-2.223537750068355E-6
6.550000000000001E-6,6.550000000000001E-6,4.509335877986849,5.5E-8,-3135.165375770231,-2884.08849001663,0.9077751776220521,-1.7845766575576505,86347.20334275163,87763.86691009958,298.5960896611929,0.4555857629829455,1.3150876892513938E-5,3.493932146687788E-8,0.0012057950388903043,-2.9621802137569378E-6,-14.419709746159242,1.0741162621741296E-4,0.9077781944923499,-1.7845523309486697,86346.59377338974,87763.25300853295,298.59590465419564,0.45558732385844947,1.3150921060767357E-5,3.493897452326011E-8,0.0012057786019923444,-2.9621145975511354E-6,-14.419235561405685,1.073738340124919E-4,0.9077789870085701,-1.7845468179424262,86346.43365455589,87763.09174049142,298.59585605384154,0.45558773389078955,1.3150932663538281E-5,3.493888338372286E-8,0.0012057748769881257,-2.9620998797952327E-6,-14.419122160860297,1.0736366069608039E-4,0.907774895270047,-1.7845781780552914,86347.26038154238,87763.9243661046,298.59610697625845,0.4555856168989489,1.3150872758761299E-5,3.4939353937902856E-8,0.0012057960662535752,-2.962183905594884E-6,-14.41974236850865,1.0741536737413071E-4,0.9077809996131618,-1.7845300248586005,86346.02699860517,87762.68220008413,298.59573263293174,0.45558877517170215,1.3150962128914985E-5,3.493865193510235E-8,0.0012057635303098651,-2.9620548473019425E-6,-14.418800218640172,1.0733833899223555E-4,1.2526112042322256E-10,4.911807206413272E-8,5.391485286114374E-9,1.4628888743569625E-10,8.272783441348948E-11,1.3603797109387484E-10,-2.3061161204306907E-6
6.5750000000000006E-6,6.5750000000000006E-6,4.52654708362802,5.5E-8,-3094.72587377456,-2830.906394122688,0.904667718168619,-1.8264000275397436,86977.84237651358,88398.78253161638,298.7868877919249,0.45397408620171503,1.3105379989014759E-5,3.529906958282835E-8,0.001234054072661989,-3.084413738179137E-6,-15.111299778736338,1.1959901618752156E-4,0.9046707761363565,-1.8263765864136952,86977.2194661229,88398.1551841576,298.78669979898405,0.4539756760610938,1.3105424763656501E-5,3.529871320848127E-8,0.0012340382340633076,-3.0843508514522E-6,-15.110830581637856,1.1956100082244348E-4,0.9046715785903033,-1.8263705817479616,86977.0560121819,88397.99056012137,298.7866504670356,0.4539760932612753,1.3105436513154428E-5,3.529861969159867E-8,0.0012340341768567308,-3.0843353528098306E-6,-15.110713209188589,1.1955116880812966E-4,0.9046674324029106,-1.8264024549355122,86977.90058889853,88398.84115719884,298.78690535979706,0.45397393762963184,1.3105375804844403E-5,3.5299102886091996E-8,0.001234055712794265,-3.0844199828550246E-6,-15.111345071235064,1.1960244230380113E-4,0.9046736204111652,-1.8263533996037349,86976.6400700807,88397.57168081583,298.78652494361086,0.45397715481371775,1.3105466409410734E-5,3.529838174198504E-8,0.0012340225672998208,-3.0842882235049274E-6,-15.110374499805857,1.1952533516534913E-4,1.3022800328954624E-10,4.91606463282875E-8,5.338313151308997E-9,1.507431544996346E-10,8.29974376136628E-11,1.3694068329907282E-10,-2.386212756086928E-6
6.6E-6,6.6E-6,4.543758289269191,5.5E-8,-3052.3428290382094,-2776.515534300873,0.9014886482761775,-1.8677906479353845,87628.47628216846,89053.69518692642,298.9825720738601,0.45231713312270866,1.305882963559088E-5,3.567209588156863E-8,0.001262020708064449,-3.2091883969087575E-6,-15.951592535877126,1.8636199139621112E-4,0.9014917457249936,-1.8677682149543091,87627.84005995549,89053.05443256776,298.9823811718368,0.45231875154236856,1.3058874993268258E-5,3.5671729950856925E-8,0.0012620055506448035,-3.209128988004295E-6,-15.951119032416273,1.8631813458114266E-4,0.9014925596851179,-1.867760846071549,87627.67284753463,89052.8860535528,298.9823310060003,0.4523191768365459,1.3058886912541343E-5,3.5671633790882546E-8,0.0012620005716699654,-3.2091086643504243E-6,-15.950970227661628,1.8630593973512077E-4,0.9014883576728233,-1.8677938545972508,87628.53599126895,89053.75530279755,298.9825899842852,0.45231698128131065,1.3058825380122973E-5,3.5672130213545316E-8,0.0012620228747278722,-3.2091976503068054E-6,-15.951655398188905,1.8636671705962726E-4,0.9014946293214035,-1.867745681413181,87627.24773843733,89052.45792167584,298.98220345050356,0.45232025821768507,1.305891721938077E-5,3.567138928887615E-8,0.0012619903252791764,-3.2090678293172913E-6,-15.950648386121884,1.862766143467809E-4,1.3515797487162222E-10,4.920421951119524E-8,5.284278093055962E-9,1.5507262401721224E-10,8.32786313248143E-11,1.3785741033857303E-10,-2.468276301388046E-6
6.625000000000001E-6,6.625000000000001E-6,4.5609694949103625,5.5E-8,-3008.071456871672,-2720.2233890608045,0.898238736398426,-1.9087210937009602,88299.12454455665,89728.85420353743,299.1831279221163,0.4506147152152309,1.3011236658467952E-5,3.605873625059024E-8,0.001289676414662811,-3.330712994369378E-6,-16.712404445342145,2.209219750000102E-4,0.8982418724498785,-1.9086986824248633,88298.47489175382,89728.19992815868,299.18293414292145,0.4506163621553078,1.3011282586640768E-5,3.605836054396805E-8,0.0012896612719086914,-3.3306543284084E-6,-16.71192126473875,2.2087607040077728E-4,0.8982426983071184,-1.9086921925105567,88298.30379859482,89728.02763028344,299.1828831126542,0.45061679586447806,1.3011294681503376E-5,3.605826160508017E-8,0.0012896568868314571,-3.3306362716700733E-6,-16.711781421746082,2.2086386242747835E-4,0.8982384416829147,-1.908722696360824,88299.18559124783,89728.91569043226,299.1831461328753,0.4506145604410861,1.3011232342293318E-5,3.605877155848102E-8,0.0012896774975410972,-3.330717461551558E-6,-16.712444065314457,2.209262674846002E-4,0.8982447929784912,-1.9086782910523372,88297.8698965025,89727.59062217125,299.1827536814733,0.45061789590326085,1.3011325358428968E-5,3.605801066207769E-8,0.0012896474939542819,-3.330600613082879E-6,-16.7114771666063,2.2083376255466192E-4,1.4003871088801197E-10,4.924878166643506E-8,5.229416533480987E-9,1.592646106233348E-10,8.357145093430867E-11,1.38786852899191E-10,-2.5486316203047887E-6
6.650000000000001E-6,6.650000000000001E-6,4.578180700551534,5.5E-8,-2961.854710367734,-2661.261464518076,0.8949187999788599,-1.9491618258988246,88990.20265486554,90424.50722442202,299.38853751411136,0.44886666209436776,1.2962612585600588E-5,3.645933644581829E-8,0.001317001233715422,-3.452697861945353E-6,-17.563244568123764,2.885387206994494E-4,0.8949219744837171,-1.9491395439254262,88989.53929444175,90423.83915752718,299.38834084472,0.4488683379003594,1.2962659082418535E-5,3.645895064593965E-8,0.0013169861783279906,-3.4526397334389005E-6,-17.562743216228228,2.884870140249518E-4,0.8949228096496279,-1.9491352153565256,88989.36479984305,90423.66339964121,299.3882891038602,0.4488687787784449,1.2962671315052024E-5,3.6458849148529455E-8,0.001316983253619274,-3.452629299118826E-6,-17.562636407571517,2.8847416283639404E-4,0.8949185039735664,-1.9491617067370015,88990.26447139369,90424.56951854065,299.3885558526316,0.44886650583514226,1.2962608250025258E-5,3.645937241977682E-8,0.0013170011532006767,-3.452695795544969E-6,-17.563252580705466,2.8854261937638626E-4,0.8949249290495911,-1.949120401724968,88988.92192714852,90423.21738105759,299.3881578014924,0.44886989759339274,1.2962702357796122E-5,3.64585915801962E-8,0.001316973244408762,-3.4525912666083514E-6,-17.562305416948902,2.884399542608662E-4,1.4485770789593954E-10,4.929432174376819E-8,5.173765731492732E-9,1.6330662116985002E-10,8.387590965737278E-11,1.3972766297295569E-10,-2.6295098720965586E-6
6.6750000000000005E-6,6.6750000000000005E-6,4.595391906192704,5.5E-8,-2913.652581559589,-2600.509396809374,0.8915297060994407,-1.9890846668438993,89701.82628754622,91140.89942131085,299.5987801786512,0.44707282136047205,1.2912969655798488E-5,3.687425238769016E-8,0.0013439761262458779,-3.5716927634155126E-6,-18.376275755899314,3.4091864293728236E-4,0.8915329173748606,-1.9890641985060775,89701.14930246536,91140.21761118813,299.598580701154,0.44707452556963534,1.2913016696959079E-5,3.687385635305651E-8,0.0013439622962878903,-3.5716411714759035E-6,-18.375791417828623,3.4086466531846327E-4,0.891533760172883,-1.9890596961996214,89700.97164822705,91140.03867120772,299.5985283483706,0.44707497283679126,1.2913029042892989E-5,3.687375241485481E-8,0.0013439592541889334,-3.571631347085713E-6,-18.375683721677888,3.408510265181519E-4,0.8915294089781766,-1.9890860402631214,89701.88891200692,91140.96250574387,299.59879863526197,0.4470726636794977,1.2912965303344053E-5,3.687428903081149E-8,0.0013439770542318387,-3.571694798978342E-6,-18.376307032647674,3.409238674230153E-4,0.8915359051406324,-1.9890447751165687,89700.5194392847,91139.58326123371,299.5983951080532,0.447076111155661,1.2913060463978474E-5,3.687348788798157E-8,0.00134394917237606,-3.5715926584600766E-6,-18.375338387861802,3.408142582053131E-4,1.496027443005273E-10,4.934082814396123E-8,5.117363720625155E-9,1.6718593566491384E-10,8.419199801500074E-11,1.4067847343249597E-10,-2.708800012310464E-6
6.7E-6,6.7E-6,4.6126031118338755,5.5E-8,-2863.548161643064,-2538.7324999496736,0.8880723707451204,-2.028461015108325,90434.33041647266,91878.27314622105,299.8138319644732,0.44523306048548944,1.2862320808001578E-5,3.730385020292097E-8,0.0013705817669650844,-3.6896146399101327E-6,-19.245778836479758,4.145573847473827E-4,0.8880756154301457,-2.028442667530188,90433.64022159968,91877.57800306822,299.8136298663369,0.44523479173316594,1.2862368344622161E-5,3.730344399686158E-8,0.0013705693699528297,-3.6895716633011943E-6,-19.245319477929343,4.1449944282234696E-4,0.8880764677502706,-2.0284361135883278,90433.45889026011,91877.39540267413,299.8135767790017,0.44523524649990764,1.286238083163249E-5,3.7303337294784596E-8,0.001370564941613735,-3.6895548241488997E-6,-19.24516805029657,4.1448243042196964E-4,0.8880720692980931,-2.0284646793331684,90434.39457445547,91878.33772849504,299.8138507402699,0.44523289964288215,1.2862316391617883E-5,3.730388794177259E-8,0.0013705842427926814,-3.6896251815221606E-6,-19.245856943285617,4.1456359375402485E-4,0.8880786369204648,-2.028422895263999,90432.99745953985,91876.9306828538,299.8134416707258,0.4452364038854504,1.2862412611298662E-5,3.730306573791398E-8,0.0013705560103135128,-3.6895224005206728E-6,-19.244842010135017,4.1444399499823703E-4,1.5426136188086158E-10,4.938828828352963E-8,5.060249259957085E-9,1.7089016593632273E-10,8.451968353882077E-11,1.4163791500572735E-10,-2.787820937419829E-6
6.725000000000001E-6,6.725000000000001E-6,4.629814317475047,5.5E-8,-2811.5958307773903,-2474.9418146786634,0.8845477625121285,-2.0672583647361997,91187.87954676241,92636.86643652494,300.0336656061133,0.44334726911327454,1.2810679735374828E-5,3.774850599410895E-8,0.0013967961923893242,-3.804317720295103E-6,-20.099871342842107,4.826285558259258E-4,0.8845510386712021,-2.067240165733041,91187.17622333275,92636.15807540165,300.0334609876482,0.44334902677780935,1.281072773945389E-5,3.774808950336027E-8,0.0013967838957655682,-3.8042770459867373E-6,-20.09940410665854,4.8256679398406277E-4,0.88455190223902,-2.0672336120438812,91186.99079817266,92635.97135862918,300.03340705217306,0.44334949008270436,1.2810740392922103E-5,3.77479797208684E-8,0.0013967794675972171,-3.8042594529486E-6,-20.099244673088833,4.825494796705243E-4,0.8845474557285853,-2.067260949135042,91187.94542753392,92636.93276850706,300.03368476678526,0.4433471045224383,1.2810675240213811E-5,3.7748544995144695E-8,0.0013967979386047583,-3.8043255239017526E-6,-20.099935622744397,4.8263473857801387E-4,0.8845540932548892,-2.0672214635342927,91186.52043678708,92635.49762830511,300.0332702086817,0.4433506655596422,1.2810772496883582E-5,3.7747701186308075E-8,0.0013967712591447924,-3.804232085400372E-6,-20.09893207859409,4.8250822197104526E-4,1.5882058862008667E-10,4.9436688829449835E-8,5.002461862838689E-9,1.7440762644269484E-10,8.485890941303619E-11,1.4260459917583877E-10,-2.865164724058741E-6
6.750000000000001E-6,6.750000000000001E-6,4.647025523116218,5.5E-8,-2757.7214477782204,-2408.4337267709943,0.8809569085191274,-2.105441186717824,91962.75583986985,93416.91105508273,300.2582498364703,0.4414153641901028,1.2758060971982107E-5,3.8208605027905174E-8,0.0014225953964309623,-3.916673468324916E-6,-20.99058016546155,5.655614768045325E-4,0.8809602166314873,-2.105422253757047,91962.03896150904,93416.18906922,300.2580426477489,0.4414171489407689,1.275810945090887E-5,3.8208177824375055E-8,0.0014225826038898966,-3.916631182647734E-6,-20.990082331799613,5.654937816270689E-4,0.880961089489535,-2.1054179962402104,91961.84982291679,93415.99857147476,300.25798798026614,0.44141761985225986,1.2758122242257326E-5,3.820806510613645E-8,0.0014225797271893313,-3.916621932233966E-6,-20.989962502860635,5.654770317633506E-4,0.8809565995581228,-2.1054411310285785,91962.82275883846,93416.97848543177,300.2582691869985,0.44141519750369246,1.2758056444294651E-5,3.8208644926838195E-8,0.0014225953588030936,-3.916671345933765E-6,-20.990592297311423,5.655657692855698E-4,0.8809633014241477,-2.1054058431995912,91961.37050443813,93415.51582770665,300.25784944605357,0.4414188132000866,1.2758154657178395E-5,3.8207779465532126E-8,0.0014225715156753994,-3.916595512123422E-6,-20.989639875303283,5.654323873365286E-4,1.6326745505660514E-10,4.948601539347574E-8,4.944041804037109E-9,1.7772689367390854E-10,8.520959340273802E-11,1.4357708807012352E-10,-2.941314250550464E-6
6.775E-6,6.775E-6,4.664236728757389,5.5E-8,-2701.881716952128,-2340.187731179346,0.8773008979902548,-2.14297282789734,92759.14076849987,94218.6308317833,300.4875492169755,0.4394372928814359,1.2704479945266571E-5,3.868454129981989E-8,0.0014479546134441486,-4.025258823077138E-6,-21.87714584911828,6.484891207865218E-4,0.8773042377879863,-2.1429549142110136,92758.41011920579,94217.8949695895,300.4873394546456,0.43943910499040834,1.2704528895497223E-5,3.8684103035748795E-8,0.0014479425096020362,-4.0252209531388415E-6,-21.876651078198165,6.484181176400483E-4,0.8773051170564335,-2.1429517504072892,92758.21779546,94217.7012400458,300.4872842304934,0.4394395820619965,1.2704541782621855E-5,3.868398765508404E-8,0.0014479403718968172,-4.025216915266583E-6,-21.87655422527814,6.484004751499128E-4,0.8773005891023533,-2.1429727578344946,92759.2083066929,94218.69889002116,300.48756861743146,0.43943712528528184,1.2704475418005887E-5,3.86845818338345E-8,0.0014479545661043882,-4.02525540138754E-6,-21.87715369193529,6.484947653326856E-4,0.8773073494649768,-2.142940100256566,92757.7294225799,94217.20937506379,300.48714402020903,0.43944079331617375,1.2704574502237267E-5,3.868369471258815E-8,0.0014479325001733555,-4.0251929559076415E-6,-21.8762312030035,6.483534810186597E-4,1.67589049551458E-10,4.9536252680850915E-8,4.885030078910124E-9,1.8083681108833412E-10,8.557162727123332E-11,1.4455390054707108E-10,-3.01548692486682E-6
6.800000000000001E-6,6.800000000000001E-6,4.681447934398561,5.5E-8,-2644.1525452623805,-2270.8084262721627,0.8735808846150206,-2.1798150453954794,93577.27559321673,95042.24023391638,300.7215237520143,0.4374130358091225,1.2649953010818836E-5,3.91767170445477E-8,0.0014728480036455942,-4.130355352316429E-6,-22.78792121929837,7.428610042374828E-4,0.8735842530475056,-2.179799675436543,93576.5315690495,95041.49085849457,300.7213115882548,0.43741487403241786,1.2650002388032125E-5,3.91762677296765E-8,0.0014728376185382049,-4.130328328102451E-6,-22.787465275330078,7.427869031548795E-4,0.873585138527985,-2.1797956364691156,93576.33598541045,95041.29386665123,300.72125581554775,0.4374153572557447,1.265001536812151E-5,3.917614961663762E-8,0.0014728348895061592,-4.130321829762806E-6,-22.78734691340901,7.427673178916905E-4,0.8735805742736253,-2.1798167979763745,93577.34414746397,95042.30927590233,300.721543299161,0.4374128664488624,1.2649948461582812E-5,3.917675844129247E-8,0.0014728491878218746,-4.130358455540772E-6,-22.787968513403484,7.428683946564263E-4,0.8735873904011262,-2.179784671757705,93575.83858056218,95040.79289714359,300.7211139797302,0.43741658614273293,1.265004837789815E-5,3.917584924438376E-8,0.0014728274809173683,-4.1303015608207265E-6,-22.787029363308648,7.427173833445266E-4,1.7177212816265535E-10,4.9587384295025436E-8,4.825468396827839E-9,1.8372691581054462E-10,8.594487582244594E-11,1.4553355520417654E-10,-3.087875398395167E-6
6.825000000000001E-6,6.825000000000001E-6,4.698659140039732,5.5E-8,-2584.589448505444,-2199.557410820911,0.8697980891075284,-2.215928186134365,94417.33879914573,95887.94274793178,300.96012869927256,0.43534260989441176,1.259449749004743E-5,3.968554223927419E-8,0.0014972487744151115,-4.230944579859397E-6,-23.699417812903448,8.404548211426999E-4,0.8698014823490346,-2.215914742038028,94416.5819383593,95887.18041094346,300.9599143572165,0.43534447253862574,1.25945472385535E-5,3.968508199308875E-8,0.001497239690566235,-4.2309269953477725E-6,-23.698991511227177,8.403778846606258E-4,0.869802375381748,-2.2159099936363273,94416.3827231343,95886.97978048523,300.95985794689125,0.4353449627479252,1.2594560331355611E-5,3.968496086669797E-8,0.0014972364821867078,-4.230917950849289E-6,-23.698853332469753,8.403558578002901E-4,0.8697977753561795,-2.215930420917194,94417.40880350974,95888.01323657231,300.96014851806336,0.4353424376666414,1.2594492890120745E-5,3.9685584795669745E-8,0.0014972502844035095,-4.23095004052243E-6,-23.699479305554178,8.404632092009479E-4,0.8698046458289027,-2.2158993780274687,94415.8762723623,95886.46969934998,300.9597145292975,0.43534620905277405,1.2594593618505009E-5,3.9684652917044915E-8,0.0014972293094780195,-4.230900236166235E-6,-23.698534314509516,8.403027990624423E-4,1.75803415357964E-10,4.963939276574151E-8,4.7653991847742625E-9,1.8638719382031268E-10,8.632917577407459E-11,1.465145887115335E-10,-3.157742187943186E-6
6.8500000000000005E-6,6.8500000000000005E-6,4.715870345680902,5.5E-8,-2523.164011774231,-2126.10583083483,0.8659538014160907,-2.251271452672811,95279.53483762262,96755.92927297688,301.20331423549516,0.43322607161053417,1.2538131702889569E-5,4.021143398850473E-8,0.0015211293599140614,-4.32697083738276E-6,-24.626645454987056,9.476887622819063E-4,0.8659572173542194,-2.2512585364639017,95278.7652927715,96755.15415802092,301.2030978321493,0.4332279578947654,1.2538181792110807E-5,4.0210962705137786E-8,0.0015211206327458795,-4.326957528775211E-6,-24.62621907818084,9.476066144387119E-4,0.8659581183958687,-2.251253970400752,95278.5622808667,96754.94970278155,301.20304075038007,0.4332284554496961,1.2538195004431649E-5,4.0210838393178066E-8,0.0015211175475680757,-4.326949431998628E-6,-24.62608069441353,9.475842856625505E-4,0.8659534845943472,-2.251272793806845,95279.6062154419,96756.00116372875,301.20333430650334,0.4332258966606605,1.2538127057209506E-5,4.0211477699506144E-8,0.001521130266085706,-4.3269729286521394E-6,-24.626688687102614,9.476958507814714E-4,0.8659604059807465,-2.251244654472927,95278.04692155795,96754.43062906833,301.2028958298938,0.43322971864925264,1.2538228548167758E-5,4.0210522789449E-8,0.001521111253022248,-4.326937500422901E-6,-24.625779411934218,9.475294416727564E-4,1.7966997281321658E-10,4.9692259442355E-8,4.704865538181032E-9,1.888078077506865E-10,8.672433529634897E-11,1.4749552369854334E-10,-3.225089185017264E-6
6.875E-6,6.875E-6,4.733081551322074,5.5E-8,-2459.8575653197126,-2050.869982082748,0.8620493850261123,-2.285800231199033,96164.02439043902,97646.37590488816,301.45102510470485,0.43106352117792196,1.2480875031260699E-5,4.075481557570266E-8,0.0015444596156750222,-4.417634825131245E-6,-25.555579633749176,0.0010600094900556911,0.8620528232613779,-2.2857872392259084,96163.24195042934,97645.5878130568,301.4508066496726,0.43106543125360053,1.2480925455740622E-5,4.075433290894135E-8,0.001544450837314803,-4.417623317891639E-6,-25.5551393245737,0.001059922524657253,0.8620537313992205,-2.285783552549476,96163.03527985577,97645.3796563175,301.4507489494704,0.4310659357585657,1.2480938774309787E-5,4.075420542385052E-8,0.0015444483463172133,-4.417618969654314E-6,-25.555016389896537,0.0010598994082711144,0.8620490665656352,-2.2858007881389772,96164.09684818382,97646.44890093274,301.45104533879373,0.43106334426028486,1.2480870360781824E-5,4.07548602822202E-8,0.0015444599919857954,-4.4176335502754685E-6,-25.55560560938102,0.0010600166048106985,0.8620560334541986,-2.285776054905389,96162.5114329791,97644.85199799166,301.45060268421224,0.4310672146332312,1.2480972535788356E-5,4.0753882261953294E-8,0.001544443280341479,-4.417615416514309E-6,-25.554748917091956,0.001059843356610024,1.8335871634409688E-10,4.974596450520281E-8,4.6439111885231774E-9,1.9097969124526893E-10,8.713013336235997E-11,1.4847484101213004E-10,-3.2895329120543024E-6
6.900000000000001E-6,6.900000000000001E-6,4.750292756963246,5.5E-8,-2394.684266581921,-1973.8598645192126,0.8580862842124245,-2.31946524595893,97070.97171882883,98559.44092086355,301.70319998041884,0.4288551088430755,1.2422748025948585E-5,4.1316114912409214E-8,0.0015672062472695475,-4.502668428614242E-6,-26.493506754747386,0.0011809870751742224,0.8580897441656105,-2.3194529871156493,97070.17624417294,98558.63969373352,301.7029794952298,0.4288570427578598,1.242279877760644E-5,4.131562052964234E-8,0.0015671979642673307,-4.502661561076593E-6,-26.493070054403688,0.001180895869802523,0.8580906573183598,-2.319450839565575,97069.9663280924,98558.42823449742,301.7029213046739,0.42885755315555596,1.2422812172010616E-5,4.131549005316826E-8,0.001567196513219983,-4.502663549601493E-6,-26.492979768229134,0.0011808742367498404,0.8580859651776825,-2.3194653544442567,97071.04504463996,98559.51480075998,301.703220310986,0.4288549305209503,1.2422743346248471E-5,4.131616049872802E-8,0.0015672063205704437,-4.5026651471857806E-6,-26.493523362324368,0.0011809939930254032,0.8580929721707944,-2.3194434919635762,97069.43414967944,98557.89218538793,301.70277379126105,0.4288588470168718,1.2422846126972695E-5,4.131515929619934E-8,0.001567191548624038,-4.502662748677721E-6,-26.492709687741353,0.001180814483316528,1.8685621417339092E-10,4.980048682022178E-8,4.582580531766501E-9,1.9289481844359977E-10,8.75463182946248E-11,1.494510013901697E-10,-3.3508310898381173E-6
6.925000000000001E-6,6.925000000000001E-6,4.767503962604416,5.5E-8,-2327.661421876119,-1895.1223955211333,0.8540660286494878,-2.352216478550489,98000.50453500942,99495.26218099211,301.9597710535759,0.4266010397139323,1.2363772474910989E-5,4.189576320569301E-8,0.00158933545848006,-4.5813902525537746E-6,-27.43147858993916,0.0013080686861122182,0.8540695075505657,-2.3522066992859982,97999.69642089782,99494.44817336526,301.95954870043823,0.4266029962776345,1.2363823513535742E-5,4.189525708212622E-8,0.0015893288508689177,-4.581394802727346E-6,-27.431088414753958,0.0013079766143686555,0.8540704239570434,-2.352205085593188,97999.48357340337,99494.23374987868,301.9594901285474,0.42660351167026955,1.2363836958046129E-5,4.1895123761215554E-8,0.001589327760535938,-4.581400009300296E-6,-27.4310091761497,0.0013079531960635826,0.8540657093572074,-2.352216662074284,98000.57868636264,99495.33689078114,301.95979146115593,0.42660086014104676,1.2363767790604124E-5,4.189580965790988E-8,0.0015893355824826245,-4.581386863264925E-6,-27.431496871615536,0.00130807622092588,0.8540727518749901,-2.352197246464595,97998.94279727436,99493.68905953111,301.9593413407318,0.42660482090401985,1.2363871110701744E-5,4.189478509276917E-8,0.001589322463827429,-4.581398755334476E-6,-27.430718681687267,0.0013078886644564136,1.9014934748392638E-10,4.985580389531126E-8,4.520918621574144E-9,1.9454557800524645E-10,8.797260673949179E-11,1.5042248474617603E-10,-3.4084752684335912E-6
6.95E-6,6.95E-6,4.7847151682455875,5.5E-8,-2258.837083211935,-1815.0708244775055,0.8499902336600398,-2.384004432737845,98952.7404224278,100453.95541742754,302.22066384184836,0.4243015764647645,1.2303971407776655E-5,4.249419406888911E-8,0.0016108138059039495,-4.653437604815736E-6,-28.37243464146718,0.0014431984491145577,0.8499937269267289,-2.3839975236016713,98951.92047780672,100453.12943021879,302.2204399012801,0.42430355343289416,1.2304022666558388E-5,4.24936764548884E-8,0.0016108091375686968,-4.6534558813959845E-6,-28.372104940147665,0.0014431060491995051,0.8499946473683812,-2.383994468692613,98951.70440216278,100452.9117920187,302.22038089530855,0.424304074343349,1.2304036172745368E-5,4.24935400699919E-8,0.0016108070734409548,-4.653456661714017E-6,-28.371988469393727,0.0014430785615702213,0.8499899133655789,-2.3840054064624367,98952.81561092113,100454.03115179006,302.2206843747646,0.4243013951977239,1.2303966707904943E-5,4.249424152886004E-8,0.0016108144638259708,-4.653436876367323E-6,-28.372473044396884,0.0014432082548736513,0.8499969875042164,-2.3839880816866663,98951.15508492546,100452.35846970745,302.2202308783122,0.42430539870530404,1.2304070510945648E-5,4.24931933268482E-8,0.0016108027578963962,-4.653461974442053E-6,-28.37172479314654,0.0014430140299630523,1.9322549929499353E-10,4.991189183357218E-8,4.458971100162923E-9,1.959246597239015E-10,8.840868351577317E-11,1.5138779597933437E-10,-3.4623227434836667E-6
6.975000000000001E-6,6.975000000000001E-6,4.801926373886759,5.5E-8,-2188.248600610175,-1733.2579994114033,0.8458606027555734,-2.4147761827693466,99927.6212378886,101435.61164593055,302.4857969116889,0.42195704228742487,1.2243369133982552E-5,4.311184228586603E-8,0.001631605528898207,-4.7192147593477785E-6,-29.16817911225212,0.0015209363919376218,0.8458641071889335,-2.41477014485192,99926.78992377847,101434.77418221606,302.4855715786184,0.4219590381540915,1.2243420566390796E-5,4.311131324594313E-8,0.0016316014492242703,-4.719239649233487E-6,-29.16787138979589,0.0015208426137029996,0.8458650332600159,-2.4147666312411813,99926.5702005917,101434.55287807353,302.48551203302856,0.42195956557493575,1.2243434157763876E-5,4.311117344478996E-8,0.0016315990751629603,-4.719238618520194E-6,-29.16774596090022,0.0015208166356618369,0.8458602805843772,-2.414777402577108,99927.69767775421,101435.68863632217,302.48581762708676,0.42195685880164174,1.224336440567406E-5,4.3111890922245443E-8,0.0016316063530926405,-4.719215130961629E-6,-29.168222226994885,0.0015209450162798621,0.8458673825914603,-2.414762338304702,99926.01289420304,101433.99145772588,302.4853609728092,0.4219609035730825,1.2243468637447153E-5,4.3110818788739E-8,0.0016315961745302042,-4.719253700216087E-6,-29.167531043722875,0.001520753941813946,1.960720859454188E-10,4.996872526788593E-8,4.396784159614968E-9,1.9702566231593552E-10,8.885420160601852E-11,1.5234543886246523E-10,-3.512432168530743E-6
7.000000000000001E-6,7.000000000000001E-6,4.81913757952793,5.5E-8,-2115.8464171727396,-1648.9919309629092,0.8416789357878816,-2.4444727146442284,100925.58463424617,102440.29437143632,302.75508107178746,0.41956783321580243,1.2181991364052372E-5,4.374914093713614E-8,0.0016516707531379921,-4.775713831719486E-6,-30.19367289891352,0.0017109163145463402,0.8416824509684844,-2.444466268111343,100924.74176526336,102439.44528643035,302.7548543642948,0.4195698480304494,1.2182042964344404E-5,4.374860012164601E-8,0.0016516663973725292,-4.7757399553916E-6,-30.193345071641943,0.0017108165504669537,0.8416833810472317,-2.4444650952077938,100924.51875785718,102439.22062896777,302.75479438002,0.419570381126667,1.218205661722182E-5,4.374845702917353E-8,0.0016516656048701308,-4.775747913470241E-6,-30.19326370548606,0.00171078994233681,0.8416786124874142,-2.444472821600819,100925.66214735544,102440.37246446409,302.75510192273464,0.4195676479075803,1.2181986618236464E-5,4.374919067779241E-8,0.001651670825405959,-4.775710006015288E-6,-30.19369483850005,0.0017109256214848934,0.8416857372916036,-2.444461376074183,100923.95379834196,102438.65148829899,302.7546424171473,0.4195717316594818,1.2182091205167364E-5,4.374809452403586E-8,0.0016516630919420155,-4.775767772144946E-6,-30.193058522754654,0.001710723677985082,1.9867642162558442E-10,5.002627740100642E-8,4.334404557047678E-9,1.9784330303365468E-10,8.930877955577823E-11,1.532938994773572E-10,-3.5570591551400903E-6
7.0250000000000005E-6,7.0250000000000005E-6,4.836348785169101,5.5E-8,-2041.6044032098662,-1563.1711589186991,0.8374471355061326,-2.4730333951485743,101946.24764877417,103468.03384518588,303.0284190111058,0.41713441526512035,1.2119865306308723E-5,4.440651993195264E-8,0.0016709685102355232,-4.825122530860426E-6,-31.036341162496456,0.0018289013317064895,0.837450660488547,-2.4730284194764147,101945.3932591451,103467.17312532861,303.02819098192214,0.4171364487642611,1.2119917061028616E-5,4.4405967064037484E-8,0.0016709651482948748,-4.825156142373998E-6,-31.036040495865564,0.0018287998217556556,0.8374515912802812,-2.4730287928483574,101945.16769872853,103466.9458484093,303.02813076946944,0.4171369857187886,1.2119930727156407E-5,4.440582107762442E-8,0.0016709654005732145,-4.825171642721671E-6,-31.036006082605127,0.0018287767316220171,0.8374468127675236,-2.473032623512615,101946.32584316416,103468.11265109711,303.0284398890178,0.4171342290829719,1.2119860567775075E-5,4.4406570551580084E-8,0.001670967988859875,-4.825114734359204E-6,-31.03633675236256,0.0018289076325957165,0.8374539533445685,-2.4730257359825947,101944.59519282823,103466.36909215401,303.0279779692196,0.41713834834314684,1.2119965407599627E-5,4.440545061152901E-8,0.0016709633351233747,-4.82519538707038E-6,-31.03581316722898,0.001828709981576776,2.0102638207000892E-10,5.008451964284074E-8,4.271879592691751E-9,1.9837285522635385E-10,8.977200183242702E-11,1.5423166299458742E-10,-3.597497166056668E-6
7.05E-6,7.05E-6,4.853559990810272,5.5E-8,-1965.631678172957,-1476.737429688262,0.8331672102344343,-2.5003962147879495,102989.90922799062,104518.82652404657,303.30570468962463,0.4146573402216211,1.2057019708962965E-5,4.508440281120913E-8,0.0016894569018837497,-4.864994993170058E-6,-31.999120627813,0.0020120559867083943,0.8331707407408643,-2.5003947567521982,102989.04418233549,104517.95498624114,303.3054756088925,0.4146593901913937,1.2057071555722605E-5,4.508383814219717E-8,0.0016894559167244584,-4.865044654707163E-6,-31.998900662504184,0.0020119566820688273,0.8331716721687134,-2.5003936757211087,102988.81595143674,104517.72505612065,303.3054151723194,0.4146599310183644,1.2057085234074828E-5,4.508368917118728E-8,0.0016894551862980465,-4.865056050533667E-6,-31.998829085391435,0.0020119284068284005,0.8331668883142619,-2.5003960188348167,102989.98809503068,104518.9059934345,303.30572557782847,0.4146571533000271,1.205701498144874E-5,4.508445429954848E-8,0.0016894567694829843,-4.864988743520371E-6,-31.99913030992343,0.0020120647948264903,0.8331740379090621,-2.500392449589632,102988.2362972718,104517.14105728059,303.30526166913137,0.41466130466491846,1.2057119975817961E-5,4.5083310801515534E-8,0.0016894543578308324,-4.865088545074059E-6,-31.9986761140799,0.002011860908552543,2.031101954185637E-10,5.0143421896044014E-8,4.209257061536371E-9,1.9861040372515668E-10,9.024341855228047E-11,1.5515724362187291E-10,-3.6323836681723075E-6
7.075000000000001E-6,7.075000000000001E-6,4.870771196451444,5.5E-8,-1888.0060477478603,-1388.5487560292854,0.8288412776900259,-2.526496070197285,104056.29473433121,105592.6297135899,303.5868231338532,0.4121372420375754,1.1993484917173571E-5,4.578320514992357E-8,0.00170709193932249,-4.896293835372489E-6,-32.85030174763256,0.0021576009489548964,0.8288448086775448,-2.5264969953191847,104055.42005252998,105591.74840222529,303.58659332500787,0.41213930576408364,1.1993536782318532E-5,4.578262908361066E-8,0.0017070925644048546,-4.8963560875847635E-6,-32.850145487645705,0.0021575024450533054,0.8288457425463611,-2.5264952104350793,104055.18866739169,105591.51531626754,303.586532545867,0.4121398515734841,1.1993550499511209E-5,4.578247672822134E-8,0.0017070913584020806,-4.896364749100712E-6,-32.850051615548864,0.002157472975269359,0.8288409556305125,-2.52649643745509,104056.37452476645,105592.71009787376,303.5868440945906,0.41213705380544324,1.1993480186580521E-5,4.578325769310185E-8,0.0017070921874696554,-4.896289789257935E-6,-32.850326833364306,0.002157610728459991,0.8288481097466867,-2.5264947629957804,104054.6022543473,105590.9244845292,303.58637848080707,0.4121412351033743,1.1993585270283716E-5,4.5782090535954686E-8,0.00170709105607823,-4.896402613638884E-6,-32.84992108715505,0.002157405542627666,2.0491633160381562E-10,5.0202952205274267E-8,4.146585235440814E-9,1.9855307065950338E-10,9.072254447308614E-11,1.560691930869096E-10,-3.662172029134263E-6
7.100000000000001E-6,7.100000000000001E-6,4.887982402092614,5.5E-8,-1808.6461325592866,-1297.6719183585453,0.8244715701924817,-2.551264887875042,105145.48708523353,106689.3592143733,303.87164975549604,0.4095748502290211,1.192929295245178E-5,4.65033308174642E-8,0.001723827626942596,-4.917523960727976E-6,-33.756995655261335,0.0023416645334817243,0.8244750993408212,-2.5512661184070415,105144.6031093676,106688.46853116332,303.87141936810616,0.4095769265353098,1.1929344802290485E-5,4.650274334255092E-8,0.001723828458383136,-4.91759060579966E-6,-33.75684597429586,0.0023415626034715142,0.8244760343543306,-2.551266543221422,105144.36890710579,106688.23255467083,303.87135832931546,0.4095774766306686,1.1929358539399083E-5,4.6502587698390166E-8,0.0017238287454198799,-4.9176076905155245E-6,-33.756803513128034,0.002341535811565265,0.8244712481396879,-2.5512645280753423,105145.56774850852,106689.44049417964,303.87167077956127,0.4095746607549961,1.1929288220888955E-5,4.650338442802088E-8,0.0017238273838346909,-4.917517274662942E-6,-33.757004865459294,0.002341673079062634,0.8244784024824795,-2.5512659149671273,105143.77570955073,106687.63489474119,303.8712037353674,0.40957886986554864,1.1929393331656557E-5,4.650219349817916E-8,0.0017238283209237346,-4.917646857478531E-6,-33.756664733615025,0.0023414646246440185,2.0643392564880262E-10,5.026307689193479E-8,4.0839128292005426E-9,1.9819868496821632E-10,9.120885882320984E-11,1.5696608335976305E-10,-3.6859284486593334E-6
7.125E-6,7.125E-6,4.905193607733786,5.5E-8,-1727.5126492723286,-1205.450725708054,0.82006043965923,-2.5746317651873554,106257.22465106715,107808.88416964006,304.16004996805486,0.40697099140497195,1.1864477588036903E-5,4.7245169164246466E-8,0.001739616057559024,-4.929017932511215E-6,-34.58815734469158,0.0025067616406950766,0.8200639659075699,-2.574633885025915,106256.33149717342,107807.98421781909,304.15981907120977,0.40697307982358577,1.1864529407372155E-5,4.724457006907114E-8,0.001739617489882375,-4.9290900955156755E-6,-34.58802720110316,0.0025066588574396143,0.8200648988769963,-2.5746358625429115,106256.0952282945,107807.74611109993,304.15975798085003,0.4069736323718333,1.1864543117651457E-5,4.724441156304186E-8,0.001739618826042508,-4.929114529232947E-6,-34.58803203324396,0.002506635491642095,0.820060118884835,-2.574630631703815,106257.30587412966,107808.96603662182,304.1600709722941,0.4069708014263014,1.1864472874155184E-5,4.7245223662976485E-8,0.001739615291691767,-4.929007880747349E-6,-34.588143658574154,0.0025067689786058,0.8200672664470962,-2.5746371053285744,106255.49555165268,107807.14187743486,304.1596029540713,0.4069750345558598,1.1864577909836072E-5,4.7244009329794E-8,0.0017396196657625503,-4.929161725044651E-6,-34.58793750313703,0.0025065667331882757,2.0765283132753055E-10,5.032376036987118E-8,4.0212889392705166E-9,1.9754584889369926E-10,9.170180534664369E-11,1.578464920696051E-10,-3.7038767422095745E-6
7.150000000000001E-6,7.150000000000001E-6,4.922404813374957,5.5E-8,-1644.7351787450225,-1112.8288476600367,0.8156103635917346,-2.596521691856305,107391.41804420899,108951.023489812,304.4518785207816,0.40432660047678703,1.1799074440123236E-5,4.8009090746632384E-8,0.0017544065485515575,-4.929822047046173E-6,-35.434919258305854,0.0026949362666521814,0.8156138836913209,-2.596526696253589,107390.51644442961,108950.11495070097,304.451647328605,0.4043286992132668,1.179912618159571E-5,4.8008480201006487E-8,0.0017544099299010736,-4.929907186834726E-6,-35.434864026473406,0.002694837526467264,0.8156148141103574,-2.596527707340262,107390.27813333612,108949.87481053725,304.4515862208885,0.40432925394132535,1.1799139857698871E-5,4.8008318825631076E-8,0.0017544106130677447,-4.9299292642501766E-6,-35.43484433135268,0.0026948097369201562,0.8156100444750022,-2.5965208859010556,107391.49976843684,108951.10585442341,304.45189947970965,0.4043264102141952,1.179906974946863E-5,4.800914609649838E-8,0.0017544060039871997,-4.9298126796770704E-6,-35.43491297418086,0.0026949446153303747,0.8156171768196556,-2.596532111346763,107389.67300931046,108949.26500015488,304.4514310438105,0.4043306626157335,1.1799174586839072E-5,4.800790903160958E-8,0.001754413588747813,-4.929990155062569E-6,-35.434835946671,0.0026947461635735692,2.0856319852483894E-10,5.038496517784194E-8,3.958763019246945E-9,1.9659444672318652E-10,9.220079205132696E-11,1.58709014065249E-10,-3.715482663846475E-6
7.175000000000001E-6,7.175000000000001E-6,4.939616019016128,5.5E-8,-1560.4061819003498,-1018.61018791109,0.8111239515315222,-2.616856221416804,108547.75625863754,110115.54042523788,304.7469789612908,0.4016427257156981,1.1733121065705505E-5,4.8795443258002795E-8,0.0017681460955518945,-4.919968416032816E-6,-36.22212419031939,0.0028738299321862115,0.8111274604192182,-2.6168642548873216,108546.84740588783,110114.62448775119,304.7467478103727,0.4016448318379805,1.1733172655252817E-5,4.879482178011567E-8,0.0017681515235725145,-4.920067527081074E-6,-36.22215627744299,0.0028737361408257556,0.811128389426617,-2.616864861383813,108546.60673860852,110114.38198716598,304.74668661144705,0.40164538945014716,1.1733186314015759E-5,4.879465724032851E-8,0.001768151933367441,-4.9200881971955824E-6,-36.22212234585186,0.0028737080099805468,0.8111236335130039,-2.6168557582890144,108547.83863762059,110115.62343911779,304.7469999110347,0.4016425348323906,1.1733116390026316E-5,4.8795499584472366E-8,0.0017681457826277125,-4.919960309166527E-6,-36.222128494383014,0.0028738393441400945,0.8111307437145115,-2.6168702783326587,108545.99695349016,110113.76744493307,304.7465315211436,0.40164680254450913,1.173322092801051E-5,4.87942402673267E-8,0.0017681555934680126,-4.92015534362622E-6,-36.222147532412464,0.0028736447779316165,2.0915564439310016E-10,5.044665180220752E-8,3.89638488088337E-9,1.95345558441094E-10,9.270519054468637E-11,1.5955228866388972E-10,-3.7206339334573336E-6
7.2000000000000005E-6,7.2000000000000005E-6,4.9568272246572995,5.5E-8,-1474.4676868275474,-922.0677756412308,0.8066039491506856,-2.6355555904788637,109725.9929098229,111302.13871279823,305.0451831317434,0.3989205375295006,1.1666657026621773E-5,4.960454690211094E-8,0.0017807808043776106,-4.898845531613461E-6,-36.998387091737186,0.0030664148261783097,0.8066074427506025,-2.635565337648795,109725.07774180532,111301.21635690586,305.0449522974807,0.39892264862976473,1.1666708404649902E-5,4.960391488198738E-8,0.0017807873903032399,-4.898953593368561E-6,-36.99847097757265,0.0030663233057621753,0.8066083693446422,-2.6355675168308292,109724.83500268737,111300.97172543411,305.04489107433227,0.39892320854711316,1.1666722031444531E-5,4.9603747255458E-8,0.0017807888627235332,-4.898980226784033E-6,-36.99847917850525,0.0030662979840636595,0.8066036325108498,-2.6355544635767014,109726.07585032887,111302.22231026231,305.04520405327554,0.39892034619101946,1.1666652370011811E-5,4.960460418529745E-8,0.0017807800429572307,-4.898835089619524E-6,-36.998374001550246,0.003066422164088145,0.8066107146146513,-2.635572581198011,109724.22061139256,111300.35254973038,305.0447361147167,0.3989246257309644,1.1666756521748124E-5,4.960332298503526E-8,0.0017807922845932507,-4.899047672353163E-6,-36.99849469363198,0.0030662327436061787,2.0942189316725785E-10,5.050877868249471E-8,3.834204643144198E-9,1.9380089530773848E-10,9.321433635276897E-11,1.6037500987615087E-10,-3.7189028578779375E-6
7.225E-6,7.225E-6,4.97403843029847,5.5E-8,-1386.8916268359285,-824.2292034490258,0.802053241523973,-2.6525376015663777,110925.72511259379,112510.45790442795,305.34631081369184,0.3961613331903947,1.159972394159035E-5,5.043668988466998E-8,0.0017922551361934985,-4.866392680327181E-6,-37.719612616743916,0.003254225181976267,0.8020567171414915,-2.6525487468209055,110924.80427073398,112509.52978569841,305.3460804831963,0.39616344763823697,1.1599775068780961E-5,5.043604750016488E-8,0.001792262666770882,-4.8665077413545535E-6,-37.71973836217467,0.0032541358406170673,0.8020576389300528,-2.652552167427908,110924.5600646316,112509.28363528094,305.3460193959692,0.39616400842118443,1.1599788628516193E-5,5.0435877131437484E-8,0.0017922649779918297,-4.866539834580408E-6,-37.71978609718917,0.0032541143650881565,0.8020529274751226,-2.6525357125257827,110925.8082925772,112510.54176760867,305.34633162592536,0.396161142133443,1.1599719321853825E-5,5.043674792957289E-8,0.001792253859814718,-4.86637918015731E-6,-37.71957558185704,0.0032542308133951536,0.8020599743452023,-2.652558527339763,110923.9412846931,112508.65999896712,305.34586462760257,0.39616542920092873,1.1599822983041059E-5,5.043544549376273E-8,0.0017922692752295696,-4.866612707843388E-6,-37.71983737583969,0.0032540516318579904,2.093547262440458E-10,5.057130215574153E-8,3.772272648227396E-9,1.9196296295623983E-10,9.372752991589687E-11,1.6117590935535624E-10,-3.710319264338796E-6
7.250000000000001E-6,7.250000000000001E-6,4.991249635939642,5.5E-8,-1297.7737546110936,-725.7431620608382,0.7974748594796928,-2.6677151050773276,112146.550043902,113740.0683901846,305.65016910578026,0.3933665462907547,1.1532365584295244E-5,5.1292122577443377E-8,0.0018025102061333294,-4.8222357303018275E-6,-38.41049454680706,0.003449506265848612,0.797478314038322,-2.6677284207718777,112145.62434014119,113739.13530069447,305.6499394939504,0.39336866217445954,1.1532416415680925E-5,5.129147010864512E-8,0.0018025192032242417,-4.8223600356323005E-6,-38.410687229918494,0.003449423107239724,0.7974792298736849,-2.667731927617283,112145.37892871452,113738.88793140306,305.6498786218171,0.39336922311293265,1.1532429891548424E-5,5.129129713494074E-8,0.0018025215727143803,-4.822393150192284E-6,-38.4107381626261,0.003449400332149466,0.7974745486402105,-2.6677132548609706,112146.63331916466,113740.15234959367,305.6501897662212,0.3933663559042727,1.153236101051171E-5,5.1292181286777564E-8,0.0018025089559871423,-4.82222202819571E-6,-38.41045763033617,0.0034495118185091656,0.7974815522430643,-2.6677407244345326,112144.7566149621,113738.26065652582,305.64972426284385,0.39337064553379386,1.1532464063562553E-5,5.129085851270345E-8,0.0018025275165098192,-4.822475927852565E-6,-38.4108637220304,0.0034493451468602387,2.0894751531838862E-10,5.063417642661749E-8,3.710639425193905E-9,1.8983564502347707E-10,9.424403700577664E-11,1.619537445836222E-10,-3.694659224400021E-6
7.275000000000001E-6,7.275000000000001E-6,5.0084608415808125,5.5E-8,-1207.202375336273,-626.0435562148949,0.7928719870326203,-2.6809972105258133,113387.93848219421,114990.4654385336,305.95655178412136,0.39053775497218196,1.1464627997713899E-5,5.2171051156617475E-8,0.0018114846017066306,-4.766319380280492E-6,-39.04396979556441,0.0036414004904941066,0.792875416397259,-2.6810131692551975,113387.00904483807,114989.5284979415,305.95632317915084,0.39053986967439164,1.1464678472708366E-5,5.217038912572357E-8,0.0018114953846318901,-4.766454361515571E-6,-39.04424576530732,0.003641325168613818,0.7928763258900938,-2.681017023147737,113386.76254121913,114989.28001575054,305.9562625515381,0.3905404305073452,1.1464691859047945E-5,5.217021355205325E-8,0.0018114979886133357,-4.7664888518283986E-6,-39.04430762387665,0.003641304310045612,0.7928716791650726,-2.680995609396497,113388.02191705635,114990.54955179,305.95657230692944,0.39053756512659643,1.1464623466374653E-5,5.21711105902597E-8,0.0018114835198624981,-4.766306519456975E-6,-39.043940224606786,0.0036414072508215156,0.7928786315266089,-2.6810276812268077,113386.1376654471,114988.65009610023,305.95610885580857,0.3905418522598412,1.1464725794477726E-5,5.216976846227218E-8,0.0018115051900181134,-4.766579412347482E-6,-39.04449250198422,0.0036412536141394725,2.081944299177128E-10,5.0697353459956166E-8,3.649355680729504E-9,1.8742407561177507E-10,9.476308884199353E-11,1.6270731731311642E-10,-3.671775086141795E-6
7.3E-6,7.3E-6,5.025672047221984,5.5E-8,-1115.18726155097,-524.7745891947079,0.7882479655317868,-2.692291956244499,114649.32007018152,116261.06433119017,306.26523884807636,0.3876766897968112,1.1396559560860553E-5,5.307363110781218E-8,0.0018191161866516886,-4.698475571984773E-6,-39.63130540649854,0.0038360784479998244,0.788251365078015,-2.6923106471195375,114648.3881997135,116260.12484405724,306.2650115742113,0.3876788003292019,1.1396609611618645E-5,5.307296018834257E-8,0.0018191288156213091,-4.6986209652288835E-6,-39.631669686547866,0.003836013168157848,0.7882522672950428,-2.692315246902745,114648.14087778676,116259.87551176788,306.264951257344,0.38767936044884976,1.1396622894756144E-5,5.307278213259466E-8,0.001819131923582936,-4.698658282364932E-6,-39.63175532527134,0.0038359943179990807,0.7882476605474102,-2.692290212065949,114649.40366992529,116261.1486160381,306.2652592375847,0.3876765004535787,1.1396555070643319E-5,5.30736912987188E-8,0.0018191150081526683,-4.698462290519956E-6,-39.63127094061292,0.0038360841975588755,0.7882545530839826,-2.6923276482762732,114647.51430698582,116259.24382470486,306.2647984431735,0.38768077952217905,1.1396656547906925E-5,5.3072331027438014E-8,0.0018191403028893739,-4.698755502516861E-6,-39.63199527280631,0.0038359498048414764,2.0709097950506928E-10,5.076078295755447E-8,3.5884722445912364E-9,1.8473415586378423E-10,9.528388315337068E-11,1.6343549572576553E-10,-3.6415201147018486E-6
7.325000000000001E-6,7.325000000000001E-6,5.042883252863155,5.5E-8,-1021.7334603130332,-422.2517105391961,0.7836062962751069,-2.7015054649070915,115930.01135557298,117551.19552012323,306.5759962082403,0.3847852395789929,1.1328211033376576E-5,5.399996061432133E-8,0.0018253415303426295,-4.618750221965229E-6,-40.15494226459555,0.004026816380704901,0.7836096613113446,-2.701526876205362,115929.0784225605,117550.25486556737,306.575770597764,0.3847873428368041,1.1328260590998418E-5,5.39992815589749E-8,0.0018253559974360553,-4.618905342397284E-6,-40.15539596535382,0.00402676053907669,0.7836105552040774,-2.701531954366705,115928.83058064902,117550.00499020076,306.5757106664201,0.3847879015474373,1.1328273755549612E-5,5.3999101175646524E-8,0.0018253594286261519,-4.61894455924039E-6,-40.155498792001936,0.004026744064876908,0.7836059946052392,-2.7015033582016375,115930.09498621945,117551.2798486278,306.57601643387966,0.38478505102498534,1.1328206590618169E-5,5.400002149103326E-8,0.0018253401068929983,-4.618735700603338E-6,-40.154895959616624,0.004026820988229929,0.7836128181624901,-2.701546085327586,115928.20318955813,117549.37241376417,306.5755589456468,0.3847893159629801,1.1328307082623069E-5,5.399864452480593E-8,0.0018253689765726931,-4.619048009146809E-6,-40.155796623308106,0.004026706075766384,2.056339458322232E-10,5.082441233858316E-8,3.528039990985564E-9,1.8177270907911371E-10,9.580558588288681E-11,1.6413721136301076E-10,-3.6039686190534087E-6
7.350000000000001E-6,7.350000000000001E-6,5.060094458504326,5.5E-8,-926.8887436398967,-318.7653088061809,0.7789506461843551,-2.708539182178988,117229.53635151182,118860.09997597712,306.88857525150985,0.38186546299556345,1.1259635646166247E-5,5.495007235273633E-8,0.0018300940420128296,-4.5188455224831616E-6,-40.89365811630455,0.004354317463810986,0.7789539724235729,-2.708562861283589,117228.60369698532,118859.1594766297,306.88835161301705,0.3818675560524852,1.1259684647640266E-5,5.49493859021841E-8,0.0018301100414078305,-4.519008855368156E-6,-40.89422885510885,0.0043542877971205485,0.7789548569901824,-2.70856861458288,117228.3556537263,118858.90936538225,306.8882921396195,0.38186811267001625,1.1259697678892298E-5,5.494920335215561E-8,0.001830113928772216,-4.519050431213146E-6,-40.89436241450312,0.004354277295643527,0.7789503486382839,-2.708536499894541,117229.61975809076,118860.18410801256,306.88859525697956,0.381865275762422,1.1259631262778007E-5,5.4950133759162337E-8,0.0018300922296584736,-4.518829073845154E-6,-40.89358336017267,0.004354315140357556,0.7789570949115848,-2.7085835901324127,117227.72812442767,118858.27659535721,306.8881416741839,0.381869520888803,1.1259730647483268E-5,5.494874151069881E-8,0.0018301240473867653,-4.519157426869924E-6,-40.8947091261532,0.0043542493223185375,2.0382103335200066E-10,5.088818698952521E-8,3.4681097997316745E-9,1.7854790575818216E-10,9.632733195130544E-11,1.648114497611395E-10,-3.5543621908059007E-6
7.3750000000000005E-6,7.3750000000000005E-6,5.077305664145498,5.5E-8,-830.7227674278338,-214.41828934810377,0.7742848537273104,-2.713292266217659,118546.2448579677,120186.91898493894,307.20271192963145,0.37891958237013496,1.1190889194390717E-5,5.5923926520641865E-8,0.0018333055852822022,-4.420631077408643E-6,-41.05104008995386,0.00442503206794953,0.774288137505411,-2.713317929002705,118545.31359703965,120185.97984042951,307.20249053294447,0.3789216626222035,1.1190937585814193E-5,5.59232333550496E-8,0.0018333229250018276,-4.420799817950183E-6,-41.05165161980608,0.004424999605241453,0.7742890111941964,-2.713324812111495,118545.06583766078,120185.72997098672,307.2024316277529,0.3789222160967864,1.1190950460934444E-5,5.5923048931829766E-8,0.00183332757575101,-4.420844757078157E-6,-41.05182687753813,0.004424996599194486,0.7742845613522238,-2.7132889390771284,118546.32773581294,120187.00260323513,307.2027316420502,0.37891939715210227,1.1190884885802265E-5,5.5923988238005195E-8,0.001833303337214276,-4.4206127780910265E-6,-41.050947117883425,0.004425028143021592,0.774291222435339,-2.7133408297516564,118544.438705294,120185.09757250635,307.2022825433497,0.37892361689660764,1.1190983046899852E-5,5.592258217394132E-8,0.001833338398480849,-4.420954395101262E-6,-41.052196161442225,0.004424968888407932,2.0165139682472944E-10,5.0952048904688105E-8,3.4087325125297953E-9,1.7506888527701254E-10,9.684822846418624E-11,1.6545725640198833E-10,-3.5057420761170302E-6
7.4E-6,7.4E-6,5.094516869786669,5.5E-8,-733.3042887664072,-109.23417619354515,0.7696129329610786,-2.7156615487495923,119880.06339796979,121530.69743848086,307.51812712712086,0.37595001990385746,1.1122030108131503E-5,5.692139890406807E-8,0.0018349064518578327,-4.300969015815781E-6,-41.50307987313113,0.004672627872984947,0.7696161701188845,-2.715690046446658,119879.13501255638,121529.76104181715,307.5179082781045,0.3759520843674252,1.1122077828236798E-5,5.692069987726869E-8,0.0018349257070585526,-4.301145694256548E-6,-41.50383088277226,0.004672628489942099,0.7696170312450374,-2.715697768374975,119878.8880563525,121529.51194933914,307.51785006147315,0.3759526335400298,1.1122090522404693E-5,5.692051392888642E-8,0.0018349309245776857,-4.30119306528809E-6,-41.50403584907849,0.0046726292906811295,0.7696126462523499,-2.7156582805355653,119880.14560510845,121530.78037373272,307.51814651022687,0.3759498370580737,1.1122025881654682E-5,5.6921460816032135E-8,0.0018349042436051118,-4.300950966040773E-6,-41.50299478831562,0.0046726274135409085,0.7696192125236607,-2.7157165465628275,119878.2624941806,121528.88098717753,307.51770259581804,0.3759540246207965,1.1122122677407735E-5,5.6920042915170716E-8,0.001834943612542451,-4.301310651442236E-6,-41.50454375295931,0.004672635013989179,1.9912562791985607E-10,5.101593927216268E-8,3.349958863360457E-9,1.7134573953382792E-10,9.736735566481219E-11,1.6607374472914884E-10,-3.443575076786882E-6
7.425000000000001E-6,7.425000000000001E-6,5.11172807542784,5.5E-8,-634.683448099582,-3.072667312192468,0.7649390729747242,-2.7155467059518634,121254.69531727294,122890.41510746232,307.83451802970325,0.3729595304439396,1.1053119471252916E-5,5.7942253919059304E-8,0.0018348288553728808,-4.224964531118758E-6,-66.96695348938533,0.015628922451178084,0.7649422579953817,-2.7155787891658423,121253.77732057218,122889.4832721064,307.83430211271343,0.372961575113186,1.1053166438668602E-5,5.7941550267863223E-8,0.0018348505332201636,-4.225920121996296E-6,-66.97355704168422,0.015629965261474865,0.7649431055367877,-2.715586857194227,121253.5325264644,122889.23531172833,307.83424465804535,0.3729621192073623,1.1053178936805452E-5,5.794136302636318E-8,0.0018348559845906942,-4.22611816418339E-6,-66.97479804490331,0.015630152411006293,0.7649387914184126,-2.715543985161159,121254.77754364595,122890.49747696963,307.83453711392025,0.37295934968174105,1.1053115319325133E-5,5.794231612300918E-8,0.0018348270170007832,-4.225013090177754E-6,-66.96744994240748,0.01562902969756408,0.7649452519180651,-2.7156086390523013,121252.91516710307,122888.6073473107,307.8340991485537,0.3729634970826512,1.1053210588076732E-5,5.794088884578272E-8,0.0018348707020623657,-4.226932240385395E-6,-66.98052742190521,0.015631103635250554,1.9624628670642233E-10,5.107979390281675E-8,3.2918393773247323E-9,1.673892325004664E-10,9.788377338094557E-11,1.6666009961629227E-10,-3.405957352546707E-6
7.450000000000001E-6,7.450000000000001E-6,5.1289392810690115,5.5E-8,-534.8911790425893,104.09455247288838,0.760267647631935,-2.7128336657353302,122574.21459532737,124264.7266905532,308.1516026758131,0.36995030876311324,1.0984221049668592E-5,5.898625786144458E-8,0.0018329957200914394,-3.996426165002731E-6,-22.85473478418976,-0.00312544672843984,0.7602707748037075,-2.7128688154486955,122573.29333139033,124263.80148008022,308.1513901538108,0.3699523297164912,1.0984267180059193E-5,5.8985550955951304E-8,0.0018330194698977671,-3.996041007070517E-6,-22.85148573031279,-0.0031261483193318895,0.7602716080653639,-2.712877337028826,122573.04818335171,124263.55494955931,308.1513335246918,0.369952868211961,1.0984279471894235E-5,5.898536259689124E-8,0.0018330252277221797,-3.995977395305772E-6,-22.850950896666063,-0.003126281241840445,0.7602673710507749,-2.71283062003628,122574.29529568231,124264.80852466729,308.1516214743995,0.3699501300300251,1.0984216969688921E-5,5.8986320383450246E-8,0.0018329936621866757,-3.996360746896244E-6,-22.854237438353266,-0.0031255241374879006,0.7602737156634787,-2.712900641488569,122572.42633607346,124262.93140252071,308.1511902957227,0.36995423026650276,1.0984310562063921E-5,5.898488617615935E-8,0.0018330409739787626,-3.995589503205111E-6,-22.847801141716218,-0.003126937938894514,1.9301562725779703E-10,5.1143555318793706E-8,3.2344244128163995E-9,1.6321247139848204E-10,9.839651053115451E-11,1.6721558786092096E-10,-3.274024391751412E-6
7.4750000000000004E-6,7.4750000000000004E-6,5.146150486710182,5.5E-8,-433.97895310918557,211.8963415081277,0.7556032164954934,-2.7074201295870424,123984.25022519076,125652.60251485731,308.46900817169603,0.3669262861829923,1.091540163059631E-5,6.005285308035763E-8,0.0018293379253966503,-3.928722707229326E-6,-55.81697472833525,0.011060945312273418,0.7556062813361565,-2.707457419546239,123983.34456254664,125651.68550696848,308.4687993314409,0.36692827974819114,1.0915446857631636E-5,6.005214414456026E-8,0.0018293631213150262,-3.929349433775542E-6,-55.821176054410216,0.011061537727130144,0.7556070992112858,-2.7074667737994402,123983.10259775877,125651.44079905283,308.46874360170216,0.3669288117468585,1.0915458926794812E-5,6.005195496159125E-8,0.0018293694417563786,-3.929483721663018E-6,-55.822012785577954,0.011061651851981935,0.7556029461727747,-2.7074159080490245,123984.3306330629,125652.68339337602,308.4690265901206,0.3669261103404716,1.0915397641515265E-5,6.005291561023054E-8,0.0018293350730060978,-3.9287396046461255E-6,-55.817134187159354,0.011060980098434925,0.7556091659988279,-2.7074908932861197,123982.49250407662,125650.82241204393,308.4686027677555,0.36693015609920787,1.0915489425818193E-5,6.005147689643299E-8,0.0018293857387068377,-3.929998648857236E-6,-55.825488627689765,0.011062168196723121,1.8943958400757903E-10,5.120714585568099E-8,3.1777640699610693E-9,1.5882793161370984E-10,9.890458468954037E-11,1.6773956564653117E-10,-3.243789101555137E-6
7.500000000000001E-6,7.500000000000001E-6,5.163361692351354,5.5E-8,-332.0394918660806,320.02614446362827,0.7509505237440587,-2.6991945236063346,125348.5544755667,127052.38311796506,308.7864322793931,0.36388981106435997,1.0846730556647997E-5,6.114160815402732E-8,0.0018237800835177937,-3.7213873579844406E-6,-31.25640481572873,7.206885163455468E-4,0.7509535220085493,-2.6992345825161848,125347.65322940673,127051.47605631928,308.7862274823596,0.3638917740741435,1.084677481742045E-5,6.1140898434201E-8,0.0018238071503487736,-3.7212603832870173E-6,-31.255140205760426,7.203266483983839E-4,0.7509543227670252,-2.6992451150315557,125347.41272602581,127051.23380397985,308.78617278593623,0.3638922983397525,1.0846786638319929E-5,6.114070888833936E-8,0.0018238142669132133,-3.721249248371805E-6,-31.2549982648859,7.202619592661108E-4,0.7509502610692856,-2.6991898436517188,125348.63298116013,127052.4625873803,308.78645022275373,0.3638896390922547,1.0846726679008385E-5,6.114167033209525E-8,0.0018237769213862965,-3.721339707141169E-6,-31.256061276389346,7.206469567293539E-4,0.7509563464045014,-2.699271119999652,125346.80391472555,127050.62160319515,308.786034562814,0.3638936232477495,1.0846816511513454E-5,6.114022988018271E-8,0.0018238318378376026,-3.7210896523731663E-6,-31.25360918011438,7.199234308714608E-4,1.855247678733789E-10,5.127050705055316E-8,3.1219080605596084E-9,1.5424972759845743E-10,9.940699874231292E-11,1.6823146863471853E-10,-3.1259279703403485E-6
7.525000000000001E-6,7.525000000000001E-6,5.1805728979925245,5.5E-8,-229.16163743924366,428.65708179030617,0.7463145021457516,-2.688048707419219,126766.0139506076,128462.71484358462,309.10348373646985,0.36084493684837027,1.0778280254374402E-5,6.225174706310375E-8,0.0018162491266346073,-3.600141338750973E-6,-49.40326796848876,0.008642307947695826,0.7463174282730701,-2.6880924677966465,126765.12890884158,128461.81979799365,309.1032833699513,0.36084686488490414,1.0778323466424543E-5,6.225103824282981E-8,0.0018162786944571935,-3.600584888232561E-6,-49.406271378135216,0.008642689256504354,0.7463182098882117,-2.6881041822868514,126764.89235626448,128461.5807188015,309.10322984931685,0.3608473798942583,1.0778335009048643E-5,6.225084890736437E-8,0.001816286609653278,-3.60068584583928E-6,-49.406928080701164,0.008642769172787723,0.7463142472392674,-2.6880443558287785,126766.0913438351,128462.79281312031,309.10350119033546,0.3608447688852388,1.077827649000172E-5,6.225180881190555E-8,0.0018162461863707963,-3.600142541841933E-6,-49.40330149683905,0.00864232429062639,0.7463201864099043,-2.688132923590576,126764.2948830748,128460.97614145938,309.1030945061828,0.36084868222075317,1.0778364197638785E-5,6.225037012601943E-8,0.0018163060294530918,-3.6010361233707046E-6,-49.40930368076101,0.008643089467987863,1.8127982991817016E-10,5.133355977265846E-8,3.0669056778267652E-9,1.4949275036464026E-10,9.990274428134263E-11,1.6869080664002875E-10,-3.0621511017547716E-6
7.5500000000000006E-6,7.5500000000000006E-6,5.197784103633696,5.5E-8,-125.3974748004993,537.952112818813,0.7417002705445398,-2.6738749578690815,128160.08405858841,129881.78672126807,309.41980859393465,0.35779481538569696,1.0710125838722249E-5,6.338250822219344E-8,0.0018066722688304605,-3.392486254085725E-6,-35.512918481551424,0.002932086825083502,0.7417031184857223,-2.6739220617242827,128159.2103726693,129880.90608514918,309.4196131313825,0.35779670385768775,1.071016791226456E-5,6.338180222324226E-8,0.0018067040957596505,-3.3925080671792786E-6,-35.51296568179646,0.002931966438708855,0.7417038794563368,-2.673934345589339,128158.97702318722,129880.6707794478,309.41956090350396,0.3577972084555629,1.0710179154324106E-5,6.338161358189152E-8,0.0018067123956684722,-3.3925264129663903E-6,-35.51307742732433,0.0029319487831003244,0.7417000232237779,-2.673870503948955,128160.1596951431,129881.86319906203,309.41982556900103,0.3577946513897787,1.071012218497351E-5,6.338256953285729E-8,0.0018066692594249697,-3.3924523708606104E-6,-35.512676714819236,0.002932060768273459,0.741705804375752,-2.673965573965621,128158.38621095599,129880.07556497857,309.41942879174115,0.3577984848697864,1.0710207591764487E-5,6.338113640552832E-8,0.001806733495922717,-3.392499864958154E-6,-35.51281397941011,0.0029318172389025676,1.7671501708660782E-10,5.139623664403811E-8,3.012805726505835E-9,1.445727120856906E-10,1.0039080829191846E-10,1.6911718241925264E-10,-2.943810410805177E-6
7.575E-6,7.575E-6,5.214995309274867,5.5E-8,-20.799154048723917,647.6442919017197,0.7371131346594054,-2.6565636778357473,129584.82247580194,131307.90467244814,309.73499645557774,0.3547436447853854,1.0642345416827208E-5,6.453285229512251E-8,0.0017949754579971266,-3.2432299900619912E-6,-45.32497892268725,0.007341276527867535,0.7371158990836845,-2.65661362617923,129583.9676286746,131307.04061247417,309.7348062862003,0.3547454893190358,1.0642386272537594E-5,6.453215100995034E-8,0.0017950092068778581,-3.2435688838461373E-6,-45.32740292238873,0.007341562115669831,0.7371166387643989,-2.6566260833368602,129583.73878312921,131306.80941614445,309.7347554026484,0.3547459828630002,1.0642397204353206E-5,6.453196336778508E-8,0.001795017623876257,-3.243647691988372E-6,-45.32793721496023,0.00734161955877255,0.7371128954063941,-2.6565587573431357,129584.89661014006,131307.97945364018,309.73501291373236,0.3547434851437483,1.0642341880881809E-5,6.453291298991717E-8,0.0017949721333399566,-3.2432225134471084E-6,-45.32491962660242,0.007341275110164247,0.7371185081271979,-2.656659416301269,129583.16090998461,131306.22512315598,309.7346268056398,0.3547472301679056,1.0642424831850563E-5,6.453148915123113E-8,0.001795040146149506,-3.2439052063182316E-6,-45.3297663356002,0.007341845655687962,1.7184223475778464E-10,5.145845703266123E-8,2.9596564721322014E-9,1.3950636528547803E-10,1.0087017562606972E-10,1.6951030920799954E-10,-2.862005985997197E-6
7.600000000000001E-6,7.600000000000001E-6,5.232206514916038,5.5E-8,84.54616463563293,757.4084391109076,0.7325585879841913,-2.6360063092856327,130996.64402892195,132739.05032996833,310.0486508138831,0.3516952256124183,1.057501990126003E-5,6.57016620194635E-8,0.001781085344111914,-3.035160196418474E-6,-37.25938050543391,0.004176621466044139,0.7325612636453729,-2.636059498824678,130995.80630955876,132738.20511132284,310.0484663511066,0.35169702194466573,1.0575059460934772E-5,6.570096744861647E-8,0.0017811212829896472,-3.0352604217398493E-6,-37.26022233150843,0.004176652353521604,0.7325619811534897,-2.636072795593462,130995.58169777147,132737.9784572294,310.048416885304,0.351697503649312,1.0575070069297122E-5,6.570078119340667E-8,0.0017811302672928798,-3.0352925813303954E-6,-37.26047937595308,0.004176665729787032,0.7325583573889999,-2.636001164922572,130996.71608464296,132739.12317406334,310.0486667117745,0.3516950708013531,1.057501649190767E-5,6.570172187969354E-8,0.001781081868190927,-3.0351329678524055E-6,-37.25916589011422,0.004176597443901642,0.7325637914106728,-2.636108145247199,130995.01475598407,132737.40661733638,310.04829208504344,0.35169871898125077,1.0575096833958987E-5,6.570031127841806E-8,0.0017811541521940532,-3.035336744687811E-6,-37.26087332192628,0.004176656449104144,1.6667533175883705E-10,5.152014743636125E-8,2.9075055764995563E-9,1.3431096574242586E-10,1.0133983591830281E-10,1.6987000294164586E-10,-2.742741417923821E-6
7.625000000000001E-6,7.625000000000001E-6,5.24941772055721,5.5E-8,190.53201155117014,867.1301457082399,0.7280423072879569,-2.612098364857536,132424.55579164138,134173.21102098838,310.36033660461516,0.3486540343393357,1.0508233116376356E-5,6.688757049749354E-8,0.0017649313276064435,-2.8662846163740596E-6,-42.32140693168276,0.006611370112480586,0.7280448884470337,-2.6121549911846267,132423.74057864194,134172.38708588533,310.36015827648066,0.3486557777059168,1.0508271294377193E-5,6.688688491773692E-8,0.0017649695886382613,-2.8665608482469906E-6,-42.323622169832106,0.00661163589187197,0.7280455817094058,-2.6121698634280865,132423.52157502997,134172.16578981496,310.3601103802861,0.34865624594872896,1.0508281548440083E-5,6.688670078234904E-8,0.0017649796374514099,-2.866628417876882E-6,-42.32416698565066,0.00661170230063135,0.7280420859473173,-2.612092761177999,132424.62576806472,134173.28167508502,310.3603518964516,0.3486538848399177,1.0508229842519869E-5,6.688762928810731E-8,0.0017649275413364857,-2.8662723443062533E-6,-42.32128724014137,0.006611357852008837,0.7280473294951312,-2.6122071096694284,132422.96964184163,134171.60787979965,310.3599896284484,0.3486574264320081,1.0508307399983972E-5,6.688623656114132E-8,0.0017650048038306949,-2.866829613878963E-6,-42.32573784161582,0.0066118926793734545,1.612300771935576E-10,5.1581224891564496E-8,2.856400011963105E-9,1.2900442488642286E-10,1.0179878878345506E-10,1.70196169671521E-10,-2.6479261352276555E-6
7.650000000000001E-6,7.650000000000001E-6,5.266628926198381,5.5E-8,297.05704309060417,976.7836576531432,0.7235701473713806,-2.5847375241915014,133843.5790787541,135608.12975015776,310.6696205149687,0.34562442547398464,1.0442071612106318E-5,6.808907124113089E-8,0.0017464442731023658,-2.657692627394681E-6,-37.77368520967093,0.005006656585436531,0.7235726284272003,-2.584797226258093,133842.78656626464,135607.3295969199,310.66944875738943,0.3456261112016437,1.0442108324684982E-5,6.80883970416397E-8,0.0017464846123365495,-2.6578331710425117E-6,-37.774989309124976,0.005006761272085214,0.7235732950510432,-2.584813317517457,133842.57366207143,135607.11460790088,310.6694026085445,0.3456265641309998,1.0442118188822835E-5,6.808821589544973E-8,0.0017464954848090924,-2.657875235740903E-6,-37.775371576805355,0.005006792986563369,0.7235699363105658,-2.5847311834120674,133843.64639100307,135608.19781902595,310.6696351264984,0.34562428207151763,1.0442068489005399E-5,6.808912859495487E-8,0.0017464399887919375,-2.6576685306167746E-6,-37.77346764466188,0.005006631801933281,0.7235749771269301,-2.5848524277475606,133842.03624591377,135606.57213383034,310.66928616292637,0.3456277069971202,1.0442143078761625E-5,6.808775881630353E-8,0.0017465219106402438,-2.657955468379214E-6,-37.77613348046998,0.005006844995151027,1.555239180112078E-10,5.1641610834800145E-8,2.8063859991798598E-9,1.2360531167768314E-10,1.0224604955973821E-10,1.7048881316923022E-10,-2.5286109479118926E-6
7.675E-6,7.675E-6,5.283840131839551,5.5E-8,404.0397518021929,1086.4628574916558,0.7191481348480873,-2.5538263723076686,135267.68415985783,137041.4906644119,310.9760419254848,0.34261120800839956,1.0376624674143515E-5,6.930441765413363E-8,0.0017255583596673437,-2.4769333559504505E-6,-39.88538380109344,0.006234125884901687,0.7191505102866502,-2.5538893943689067,135266.91859178772,137040.716801329,310.9758771576321,0.3426128313637341,1.0376659838684541E-5,6.930375735721104E-8,0.0017256009421411532,-2.477167809615821E-6,-39.88753255450183,0.006234392228734009,0.7191511488785571,-2.553905885368875,135266.71274864688,137040.50876367217,310.97583286302176,0.34261326777162415,1.037666929200756E-5,6.93035798501948E-8,0.0017256120847086993,-2.4772269138395586E-6,-39.888074771784886,0.006234459241326817,0.7191479347377764,-2.553819976821256,135267.7486700002,137041.5558556115,310.9760558056728,0.3426110712536983,1.0376621711832322E-5,6.930447327890587E-8,0.0017255540383927406,-2.476918641178827E-6,-39.885220515417586,0.006234106273382167,0.7191527615247836,-2.553947445753481,135266.1930385386,137039.98340344228,310.97572100483455,0.34261436983609556,1.0376693164630778E-5,6.930313159160417E-8,0.0017256401660496494,-2.477392755793062E-6,-39.88955233125898,0.006234643056629352,1.495764166567854E-10,5.170121993023302E-8,2.7575089259334617E-9,1.1813254196279095E-10,1.0268065810967494E-10,1.7074805130498227E-10,-2.426832714252629E-6
7.7E-6,7.7E-6,5.301051337480723,5.5E-8,511.4167447627424,1196.1639054637915,0.7147824616138033,-2.5192703395850473,136682.55049536502,138470.78507879283,311.2791355891429,0.3396192240282253,1.0311984173229024E-5,7.053167888481182E-8,0.0017022096889088157,-2.272643749705594E-6,-36.82640229971571,0.005307476933779753,0.7147847252738306,-2.5193372033713266,136681.8133577147,138470.04030518795,311.2789782848459,0.3396207798086478,1.0312017697376702E-5,7.05310353509982E-8,0.0017022548671427882,-2.272799080600407E-6,-36.828105020279736,0.005307672392618201,0.7147853352262368,-2.5193539895353037,136681.61471211372,138469.83962344547,311.27893589859417,0.33962119901891785,1.031202673059339E-5,7.053086194952185E-8,0.0017022662091454755,-2.2728413401296165E-6,-36.82854243456018,0.005307719859317217,0.714782272166944,-2.5192643429229364,136682.61213947015,138470.8474097141,311.2791487541703,0.33961909382447164,1.0311981367575726E-5,7.053173274280715E-8,0.0017022056371100922,-2.2726244826287713E-6,-36.826212040750534,0.005307454828169966,0.7147868736568956,-2.5193986645816704,136681.11367326078,138469.33346296044,311.2788289916113,0.33962225635703575,1.0312049514299066E-5,7.053042459614331E-8,0.0017022963949876152,-2.2729385125330736E-6,-36.82963174692918,0.005307842634763915,1.4340869039303461E-10,5.1759969542284954E-8,2.7098132766974085E-9,1.126056409881899E-10,1.0310168433460119E-10,1.7097411949087223E-10,-2.3099238354044035E-6
7.725000000000001E-6,7.725000000000001E-6,5.318262543121895,5.5E-8,619.0947247405032,1305.3568454936237,0.710479476249873,-2.480981812677019,138094.42287447417,139893.41305656658,311.5784162310434,0.3366536422068743,1.0248244497737632E-5,7.1768682372257E-8,0.0016763390626196074,-2.087757307975835E-6,-37.421898450224035,0.0059392656920636,0.7104816219965826,-2.481051979227629,138093.7179281102,139892.70021108392,311.57826685639867,0.3366551251352944,1.0248276289357191E-5,7.176805862603597E-8,0.0016763864724511008,-2.0879607129131726E-6,-37.4241007558669,0.005939559497278424,0.7104822021788798,-2.4810697771675985,138093.52727268904,139892.50746750593,311.5782264675416,0.3366555260994153,1.0248284885400785E-5,7.176788997430196E-8,0.0016763984980862152,-2.088011869432194E-6,-37.42464857403411,0.00593963252195806,0.710479297540836,-2.480975345898432,138094.4815966143,139893.47242603757,311.57842867169273,0.3366535187002133,1.0248241849964516E-5,7.176873432145681E-8,0.0016763346931746163,-2.087743423970778E-6,-37.421725581481724,0.005939242483790963,0.710483661559055,-2.481116973941088,138093.04783648282,139892.02264440848,311.5781248738367,0.3366565346753609,1.0248306507732892E-5,7.176746575297156E-8,0.0016764303877980324,-2.0881542887707385E-6,-37.42616093677884,0.005939834334199645,1.3704361132442377E-10,5.181777242292814E-8,2.6633425817325206E-9,1.0704450901427162E-10,1.0350823509437734E-10,1.711673637955237E-10,-2.2050201955129248E-6
7.75E-6,7.75E-6,5.335473748763065,5.5E-8,726.9204187450797,1413.549966364107,0.7062456721200485,-2.4388802220715644,139493.97924868853,141306.61331080995,311.8733918393266,0.3337197262847744,1.0185502351452848E-5,7.301304317220684E-8,0.0016478920419402462,-1.8912621595745804E-6,-35.090217998701064,0.005361532511869882,0.7062476948291574,-2.438953033629481,139493.30829308255,141305.93496184304,311.87325079533673,0.3337211317488809,1.0185532333218086E-5,7.301244210741395E-8,0.0016479412389388385,-1.8914147901227807E-6,-35.09217246514413,0.005361792883007865,0.7062482429825182,-2.4389724501826415,139493.12646710098,141305.75113002156,311.8732125724796,0.3337215126283641,1.0185540458263392E-5,7.301227922019654E-8,0.0016479543582315146,-1.8914567959882334E-6,-35.09270437254986,0.005361864608147471,0.7062455054705287,-2.4388726770111155,139494.03446170053,141306.66919972858,311.8734034599767,0.33371961048954657,1.0185499881276887E-5,7.301309269381023E-8,0.0016478869439264295,-1.891244475586973E-6,-35.08999020008196,0.005361499563491634,0.7062496201761096,-2.439020772208054,139492.66957423027,141305.28926783742,311.873116540664,0.3337224695584012,1.0185560871819164E-5,7.301186998050728E-8,0.0016479870082486852,-1.8915551309817147E-6,-35.093970553467216,0.005362030163979625,1.3050583719205393E-10,5.187454282885583E-8,2.61813934420083E-9,1.0146920210070475E-10,1.0389946257095316E-10,1.7132823904487381E-10,-2.0924733591158533E-6
7.775000000000001E-6,7.775000000000001E-6,5.3526849544042365,5.5E-8,834.7553829950702,1521.1263504766996,0.7020876751614362,-2.392892049590846,140883.29481718017,142707.5246221242,312.1635557126709,0.33082298824175366,1.0123856609620382E-5,7.426213056191396E-8,0.0016168189524262471,-1.7100656494051237E-6,-34.74555649242211,0.005635131391017012,0.7020895695790604,-2.3929683020451864,140882.66103255213,142706.88341788144,312.16342340525813,0.3308243114824192,1.0123884702132316E-5,7.426155526265714E-8,0.0016168704743548556,-1.7102397647761337E-6,-34.7478176833813,0.005635458394039006,0.7020900833616301,-2.392988835804255,140882.4891356438,142706.70951821827,312.1633875223819,0.33082467035637014,1.0123892321065399E-5,7.426139923746878E-8,0.0016168843485163886,-1.7102856793371756E-6,-34.74842143384399,0.005635546475247111,0.702087521721922,-2.3928842304562497,140883.3461192546,142707.57655682712,312.16356642901945,0.3308228810645267,1.0123854334249886E-5,7.426217715893958E-8,0.0016168136692271957,-1.7100514624246444E-6,-34.745341674942665,0.005635099860342052,0.7020913761675267,-2.393038562230696,140882.05656784683,142706.2719435349,312.16329723205064,0.3308255733714247,1.0123911492211313E-5,7.426100664088257E-8,0.001616917947453173,-1.7104042555615706E-6,-34.74990808380744,0.005635757279350173,1.23821670579691E-10,5.193019212888329E-8,2.5742449641313695E-9,9.589993733035215E-11,1.0427457201912901E-10,1.7145731444598974E-10,-1.9893201851205006E-6
7.8E-6,7.8E-6,5.369896160045407,5.5E-8,942.5391647900327,1628.5143810196541,0.6980122289165267,-2.342954118111321,142255.7357536359,144093.15017909,312.44839471198424,0.3279690518416465,1.0063408084212305E-5,7.551308535993848E-8,0.0015830771068319736,-1.5257662145984342E-6,-32.727363740080136,0.005223472769728232,0.6980139884710583,-2.343034577290336,142255.14187608025,144092.54926444418,312.44827164146557,0.32797028715020327,1.0063434188372923E-5,7.551253946886092E-8,0.0015831314711421188,-1.5259075789231247E-6,-32.72954975448761,0.0052238005078777405,0.6980144668214067,-2.343055227134286,142254.98039340015,144092.3859008275,312.44823818370384,0.32797062297894114,1.0063441285017264E-5,7.551239106449744E-8,0.0015831454237393826,-1.5259455533112031E-6,-32.73011188805822,0.0052238817368390755,0.6980120885456156,-2.342946747247853,142255.78309706537,144093.19811806732,312.44840453019117,0.32796895329314507,1.0063406001716332E-5,7.551312890939547E-8,0.0015830721265188195,-1.5257518376188274E-6,-32.72715519468579,0.0052234432605757775,0.6980156711638182,-2.343108274985625,142254.57383634927,144091.97460138664,312.448153947213,0.32797146849451336,1.0063459152233263E-5,7.551201742850489E-8,0.001583181266882179,-1.5260373865544353E-6,-32.73153393693701,0.005224094024299575,1.1701894357334568E-10,5.198463268124381E-8,2.5316996711026266E-9,9.035698431394826E-11,1.0463283008169336E-10,1.715552782916474E-10,-1.8838435077081871E-6
7.825E-6,7.825E-6,5.387107365686579,5.5E-8,1050.200655824584,1735.0258400057453,0.6940261758674577,-2.2890146358086083,143610.9753152097,145460.39883388186,312.72738577592844,0.3251637258084684,1.000425926916932E-5,7.676280355618948E-8,0.001546631510681492,-1.3552400965011203E-6,-31.775228145482743,0.00527119720123892,0.6940277942958949,-2.289098189671672,143610.42464792123,145459.84128978435,312.72727241847775,0.3251648676418144,1.0004283290288425E-5,7.676229079075275E-8,0.0015466879659943727,-1.3553875713512297E-6,-31.777588039320563,0.005271564648069216,0.6940282367787018,-2.289119209438288,143610.2740377369,145459.68885597153,312.72724142633183,0.32516517982155413,1.000428985772794E-5,7.676215060009317E-8,0.0015467021685393837,-1.3554253338554646E-6,-31.778176734653243,0.005271655433404021,0.6940260483613522,-2.289007069684134,143611.0186825499,145460.44275937392,312.7273947066842,0.32516363585004976,1.000425737669163E-5,7.676284395407234E-8,0.0015466263984352255,-1.3552285575713086E-6,-31.77502585478146,0.005271165880543549,0.6940293468390154,-2.28917573106584,143609.89633006745,145459.30644470017,312.7271636758975,0.32516596298916434,1.0004306333516993E-5,7.676179890392261E-8,0.0015467403588282703,-1.3555265698528274E-6,-31.779782256803855,0.0052719063662891585,1.1012684349635494E-10,5.203777525916265E-8,2.4905424655238044E-9,8.4860648866728E-11,1.0497357279891647E-10,1.7162293785730586E-10,-1.7867689861291492E-6
7.850000000000001E-6,7.850000000000001E-6,5.40431857132775,5.5E-8,1157.5695985210189,1839.8242862864802,0.69013643842105,-2.2310325286812454,144943.80587683275,146806.0708452332,313.0000014968717,0.3224129173594188,9.94651405053519E-6,7.800794997714469E-8,0.0015074544112711117,-1.1877487084177574E-6,-29.85521605627696,0.004925500423325957,0.690137911284756,-2.231118131546826,144943.30062650633,146805.55916070816,312.99989820141417,0.32241396144180756,9.946535920852564E-6,7.800747362450409E-8,0.0015075122510451527,-1.1878702864009937E-6,-29.857489884962433,0.004925863879634562,0.6901383162325343,-2.231140715172308,144943.1616952438,146805.41847888916,312.9998698014973,0.3224142485003914,9.946541933856615E-6,7.800734265723202E-8,0.0015075275102515594,-1.1879028537009617E-6,-29.858096596517953,0.0049259627248261495,0.6901363247513161,-2.2310240214551484,144943.84481118596,146806.1103350093,313.00000946888804,0.32241283678097904,9.94651236267129E-6,7.800798674035835E-8,0.0015074486631453706,-1.1877367258250615E-6,-29.85498171491713,0.004925461121530361,0.6901393279728654,-2.2311984743300592,144942.81458824762,146805.0669935358,312.9997988458316,0.32241496570052175,9.946556957023921E-6,7.800701544371532E-8,0.0015075665367094994,-1.1879839998130138E-6,-29.859617124773422,0.00492620410139466,1.031758410491654E-10,5.208953154117612E-8,2.4508110623776317E-9,7.943110859437011E-11,1.0529621378223015E-10,1.7166121736301731E-10,-1.6911937721831212E-6
7.875E-6,7.875E-6,5.421529776968921,5.5E-8,1264.4669682960623,1943.276834754761,0.6863499992205354,-2.16897884648752,146252.50664082367,148126.88752209864,313.2657089669432,0.31972266212710243,9.890277425101158E-6,7.924495366101682E-8,0.0014655262476267028,-1.0338541413545955E-6,-28.49799573565906,0.00482291283668701,0.686351322010799,-2.1690676131961,146252.04950586736,148126.42422465904,313.2656160844256,0.3197236041218368,9.890297075699703E-6,7.9244517147341E-8,0.0014655862251325002,-1.0339727599273373E-6,-28.500377472146283,0.00482330907072992,0.6863516868570617,-2.1690916383639234,146251.92341067846,148126.29644022245,313.2655904660081,0.31972386393847596,9.89030249564186E-6,7.92443967505844E-8,0.0014656024583540022,-1.0340044650547498E-6,-28.501023933444003,0.004823418509289468,0.686349900562186,-2.1689698992600386,146252.54067923932,148126.92207634062,313.26571589451146,0.3197225918692898,9.890275959490206E-6,7.924498621795465E-8,0.0014655202022027288,-1.033843937676693E-6,-28.497761891354912,0.004822873416713946,0.6863525986988773,-2.1691499588976773,146251.60820729745,148125.97707516834,313.2655264392066,0.3197245132838291,9.890316041428095E-6,7.924409585019025E-8,0.0014656418641200522,-1.0340848774603729E-6,-28.50257942843814,0.004823670807382996,9.619756906797912E-11,5.213981269216112E-8,2.4125418297929564E-9,7.408828762880559E-11,1.0560025233077086E-10,1.7167115704149547E-10,-1.6038541250686395E-6
7.9E-6,7.9E-6,5.438740982610092,5.5E-8,1370.8085733258022,2045.9823495343276,0.6826738780607586,-2.102839342378989,147533.2379134578,149419.4938366801,313.523974309197,0.31709907036531926,9.835655150961793E-6,8.047002198548207E-8,0.001420837393499317,-8.649380909275806E-7,-27.190584523503276,0.004806111633712362,0.6826750444808082,-2.102932278718134,147532.83188365842,149419.0820978347,313.52389231529327,0.3170999046590047,9.835672486243519E-6,8.046962944550646E-8,0.0014209001883230634,-8.650393115772204E-7,-27.192921137774874,0.004806498429530848,0.6826753678520604,-2.102956463980567,147532.71927796438,149418.96794990444,313.52386958383966,0.3171001359530164,9.835677292171869E-6,8.046952062058704E-8,0.0014209165297165995,-8.650666296716736E-7,-27.19352842357489,0.004806596250830353,0.6826737945337106,-2.102830700647195,147533.26693500663,149419.52332115622,313.5239801808401,0.31709901062141976,9.835653909586438E-6,8.0470050095336E-8,0.0014208315544913478,-8.64928512669394E-7,-27.19036309571311,0.0048060753117056265,0.6826761770604349,-2.103017377895237,147532.43750428627,149418.68230514714,313.52381270040553,0.31710071474602386,9.835689318587897E-6,8.046924829650616E-8,0.001420957687767052,-8.651331945941366E-7,-27.19505987498178,0.004806851003650081,8.922452700614271E-11,5.218853179951617E-8,2.3757697399610444E-9,6.885182026552022E-11,1.0588528049362021E-10,1.7165391384296123E-10,-1.5076166279725542E-6
7.925000000000001E-6,7.925000000000001E-6,5.455952188251264,5.5E-8,1476.5249586367866,2147.3846151103594,0.6791151011269415,-2.0326207519621198,148781.86804159178,150680.47106007978,313.7742619377916,0.3145482923137513,9.782753287218725E-6,8.167915414407435E-8,0.0013733923999744053,-7.455298948855216E-7,-25.190769155450425,0.004408521362194051,0.679116105112919,-2.0327165920182293,148781.51631621722,150680.11398681175,313.7741912896798,0.31454901344878194,9.782768214919457E-6,8.167880976188421E-8,0.0013734571567690739,-7.456224761881458E-7,-25.193181497638534,0.00440894163153871,0.6791163867527422,-2.032740892420312,148781.41758499847,150680.0138200007,313.77417147143694,0.3145492157421621,9.78277240246257E-6,8.167871315564544E-8,0.0013734735759596702,-7.456464193467128E-7,-25.193793605883457,0.0044090487597543415,0.6791150324892459,-2.0326121000414883,148781.89203918143,150680.49547134206,313.7742667677156,0.3145482430127725,9.78275226668343E-6,8.167917768797515E-8,0.0013733865540820867,-7.455224596242261E-7,-25.190556172718743,0.004408484029426063,0.6791170882024339,-2.0328052011453828,148781.17177267524,150679.7643458418,313.7741221121744,0.3145497195725681,9.782782831920476E-6,8.167847254950102E-8,0.0013735170278009344,-7.457095382790158E-7,-25.195404482472668,0.004409326720860918,8.229030880483208E-11,5.223559958013085E-8,2.3405282923296467E-9,6.374071246118809E-11,1.061509929805311E-10,1.716107612623587E-10,-1.4427641927394527E-6
7.95E-6,7.95E-6,5.473163393892435,5.5E-8,1581.4556254170127,2246.6305740667617,0.6756806721585191,-1.9583425998936757,149996.0922061073,151906.37496136408,314.0160413219781,0.3120765318950224,9.731677763261423E-6,8.286815300799564E-8,0.0013232044593876188,-6.09617233209292E-7,-23.60782947347343,0.00425605724910838,0.6756815098238408,-1.958440038234432,149995.79693187246,151906.0748910864,314.0159823220724,0.312077135984558,9.731690223394106E-6,8.286786031638583E-8,0.001323270296104346,-6.096933715582509E-7,-23.610149427085616,0.004256463393915055,0.6756817485603808,-1.9584655792812695,149995.7127241207,151905.98937030343,314.01596550702334,0.3120773081509126,9.731693774560203E-6,8.286777689893116E-8,0.0013232875535684253,-6.09713796819733E-7,-23.61075676841233,0.004256568999466026,0.6756806189665906,-1.958333308700219,149996.11088030177,151906.3940157091,314.0160450685731,0.31207649353461386,9.731676972040151E-6,8.286817159413637E-8,0.001323198181554202,-6.096102548269755E-7,-23.607606555352504,0.004256018052331001,0.6756823379892347,-1.9585314694197014,149995.50488925367,151905.7782241027,314.01592399143414,0.31207773322167903,9.731702542215462E-6,8.286757094565678E-8,0.0013233320739322305,-6.097652138237209E-7,-23.612325790541945,0.004256844505846402,7.542879702712018E-11,5.228093259207092E-8,2.3068494612910823E-9,5.877368538429988E-11,1.063971926850831E-10,1.7154308560663984E-10,-1.367016997392618E-6
7.975E-6,7.975E-6,5.490374599533606,5.5E-8,1685.410965445926,2343.844476659045,0.672377546458381,-1.8800414798624079,151171.65337064915,153093.72544084248,314.248784593976,0.3096899614372823,9.682533974172079E-6,8.403265219453618E-8,0.0012702982972043297,-5.074314204023267E-7,-21.633993756651762,0.0038848668633590933,0.6723782144068116,-1.8801412421845254,151171.41677336715,153093.48452042486,314.24873750739295,0.3096904449760868,9.682543913996563E-6,8.403241460190798E-8,0.0012703657041787334,-5.074972139595956E-7,-21.636321538855327,0.003885289456150076,0.6723784080682662,-1.8801680864706856,151171.34812858136,153093.41466915508,314.24872385541624,0.30969058517033865,9.682546795896755E-6,8.403234571578803E-8,0.0012703838422099226,-5.075148935418383E-7,-21.63694950137642,0.003885405064323777,0.672377509638968,-1.8800317396291253,151171.66631618698,153093.73872081612,314.2487871896314,0.3096899347822405,9.682533426257585E-6,8.403266529157306E-8,0.0012702917159656251,-5.074258913850827E-7,-21.633769311136348,0.0038848254744152655,0.6723788836160256,-1.8802345313574915,151171.1795683143,153093.24314506818,314.2486903320987,0.30969092942583376,9.682553872581796E-6,8.403217656193965E-8,0.0012704287374037105,-5.075598492965127E-7,-21.638492727291577,0.003885681423952292,6.867423753465769E-11,5.232444487512458E-8,2.27476367363153E-9,5.396885528548171E-11,1.066237967576875E-10,1.7145238188448188E-10,-1.3123596652382012E-6
8.000000000000001E-6,8.000000000000001E-6,5.507585805174777,5.5E-8,1788.268437190779,2439.460445303242,0.6692125980221791,-1.7977753049860066,152305.7380011861,154239.05004441252,314.4719728525306,0.30739473711013743,9.635426283880504E-6,8.516813545154201E-8,0.0012147130439094638,-4.02167700173095E-7,-19.89681806545923,0.0036462041309164306,0.6692130915026939,-1.7978782751527687,152305.56261306786,154238.87088943966,314.47193803770773,0.30739509564554235,9.635433630465155E-6,8.516795687889903E-8,0.0012147826183464654,-4.0221998403922044E-7,-19.899095686189867,0.0036466238095158587,0.6692132387446846,-1.7979053846732485,152305.51020110917,154238.81743391042,314.471927649926,0.30739520262257497,9.635435822498279E-6,8.516790359761116E-8,0.0012148009355900328,-4.0223428783292546E-7,-19.899694907843468,0.0036467328411617927,0.6692125779448401,-1.7977655862382043,152305.74501402385,154239.05733295123,314.4719742691034,0.30739472252197403,9.635425984983234E-6,8.516814271701963E-8,0.0012147064771879758,-4.0216297975348425E-7,-19.896602954322134,0.0036461650391572675,0.6692135985447464,-1.7979734252254524,152305.3821641593,154238.68681038238,314.4719022663569,0.30739546403163026,9.63544117894336E-6,8.516777339973807E-8,0.0012148469089361166,-4.022692939997796E-7,-19.901195677330634,0.003647008400065488,6.206106985304559E-11,5.2366055472730936E-8,2.2442997585711886E-9,4.934355845230101E-11,1.0683084292486802E-10,1.713402536436971E-10,-1.2553422538456867E-6
