% Model,pressure_envelope_c3_configured.mph
% Version,COMSOL 6.4.0.429
% Date,"Oct 8 2026, 22:06"
% Table,Table 3 - 
% Time (s),t (s),t/tauc3 (1),E0c3 (J),c3.pdet*DP (Pa),c3.idc3(c3.pAc)/c3.idc3(1) (J/m^3),c3.r1 (1),c3.U1 (m/s),c3.pLP1 (Pa),c3.pVP1 (Pa),c3.Temp1 (K),c3.fv1 (1),c3.Rg1 (m),c3.R1-c3.Rg1 (m),abs(c3.U1)/cL (1),(c3.Sspec1-S0c3)/(100[J/(kg*K)]) (1),c3.pVP1-c3.pLP1-2*sigIc3/c3.Rg1 (N/m^2),c3.gLP1-c3.gVP1 (J/kg),c3.r2 (1),c3.U2 (m/s),c3.pLP2 (Pa),c3.pVP2 (Pa),c3.Temp2 (K),c3.fv2 (1),c3.Rg2 (m),c3.R2-c3.Rg2 (m),abs(c3.U2)/cL (1),(c3.Sspec2-S0c3)/(100[J/(kg*K)]) (1),c3.pVP2-c3.pLP2-2*sigIc3/c3.Rg2 (N/m^2),c3.gLP2-c3.gVP2 (J/kg),c3.r3 (1),c3.U3 (m/s),c3.pLP3 (Pa),c3.pVP3 (Pa),c3.Temp3 (K),c3.fv3 (1),c3.Rg3 (m),c3.R3-c3.Rg3 (m),abs(c3.U3)/cL (1),(c3.Sspec3-S0c3)/(100[J/(kg*K)]) (1),c3.pVP3-c3.pLP3-2*sigIc3/c3.Rg3 (N/m^2),c3.gLP3-c3.gVP3 (J/kg),c3.En (J),c3.Ei (N*m),c3.Ep (N*m),c3.Ea (J),E0c3*c3.ediss (J),E0c3*c3.erout (J),(c3.En+c3.Ei+c3.Ep+c3.Ea+E0c3*(c3.ediss+c3.erout)-E0c3)/E0c3 (1)
0,0,0,5.5E-8,-2.8067440098186353E-27,-1.3401218117071182E-20,0.9999999999999997,-2.1038623517426437E-7,70005.82253009484,71099.74348932858,293.1499999999923,0.5000000000000819,1.7204168037467553E-5,3.100555724611383E-8,1.4215286160423268E-10,-1.2789769243681803E-15,1.374669409415219E-7,-3.9392489270539954E-11,0.9999999999999997,-2.1038623517403554E-7,70005.82253009484,71099.74348932858,293.1499999999923,0.5000000000000819,1.7204168037467553E-5,3.100555724611383E-8,1.4215286160407807E-10,-1.2789769243681803E-15,1.374669409415219E-7,-3.9392489270539954E-11,0.9999999999999997,-2.1038623517519296E-7,70005.82253009484,71099.74348932858,293.1499999999923,0.5000000000000819,1.7204168037467553E-5,3.100555724611383E-8,1.4215286160486012E-10,-1.2789769243681803E-15,1.374669409415219E-7,-3.9392489270539954E-11,2.135761520339492E-24,4.796163600021163E-8,7.038363999743544E-9,2.7801459591779307E-34,2.1569629653170242E-33,2.486423718728592E-60,-8.150285773722486E-13
2.5000000000000002E-8,2.5000000000000002E-8,0.014505220886007166,5.5E-8,-1.8911365544831454E-8,-2.559360534771863E-7,0.9999441752501222,-0.07741269248282273,70014.68115719984,71108.65657584067,293.15316999781123,0.49997502199382987,1.7203200668242556E-5,3.101077721609486E-8,5.2305873299204546E-5,-1.916328074003104E-9,-0.007053745380289911,-4.430968942870095E-7,0.9999441753649838,-0.07741253658469117,70014.68113891021,71108.65655750033,293.15316999128873,0.49997502204522565,1.7203200670232958E-5,3.101077720535109E-8,5.230576796262917E-5,-1.9163219633355768E-9,-0.007053669505921789,-4.431494176060369E-7,0.9999441751262221,-0.07741286064854667,70014.68117666131,71108.6565956238,293.1531700048472,0.49997502193838655,1.720320066609553E-5,3.101077722767888E-8,5.23059869246937E-5,-1.916337595275763E-9,-0.007053560243321044,-4.4308376345725264E-7,2.891305708455314E-13,4.796239023391533E-8,7.037219075473283E-9,1.0275941280681779E-13,1.1300416673640182E-16,1.8487854152760754E-34,2.386138964718209E-8
5.0000000000000004E-8,5.0000000000000004E-8,0.029010441772014332,5.5E-8,-5.507681871932128E-7,-6.992913359349982E-6,0.9997937258755205,-0.1301752835582171,70038.58169178224,71132.68399584203,293.16171390313303,0.49990769372681143,1.7200593573419828E-5,3.1024850950345066E-8,8.7956272674471E-5,-1.2485659084404688E-8,-0.04598330411727147,-2.878075548551351E-6,0.99979372689946,-0.13017419693093002,70038.58152888407,71132.6838322844,293.16171384498216,0.49990769418510744,1.7200593591163417E-5,3.102485085453209E-8,8.79555384668446E-5,-1.2485492675295974E-8,-0.045982834892129176,-2.878075548551351E-6,0.9997937263559044,-0.1301743045583772,70038.58161518992,71132.68391910943,293.1617138758523,0.499907693941827,1.7200593581744278E-5,3.102485090539472E-8,8.79556111880927E-5,-1.2485537439488325E-8,-0.045982914870364766,-2.8780493153135467E-6,8.173185954612394E-13,4.79644227868635E-8,7.034134098443663E-9,6.251275986560774E-13,8.030179488352086E-16,1.5297277661369994E-32,2.4458040256813917E-9
7.500000000000001E-8,7.500000000000001E-8,0.0435156626580215,5.5E-8,-8.349091133083042E-6,-9.999578585076339E-5,0.9995672960385384,-0.1819635146206373,70074.547798697,71168.86393358426,293.1745748717893,0.4998063339831729,1.7196669818901583E-5,3.1046047921179734E-8,1.229483206896198E-4,-2.2183082819537957E-8,-0.08180367839599967,-5.081233979353783E-6,0.9995673003458094,-0.18196009040639674,70074.54711201585,71168.86324515984,293.17457462712775,0.4998063359117278,1.719666989354155E-5,3.104604751777521E-8,1.2294600703134916E-4,-2.2182294827644E-8,-0.08180067156172299,-5.081050204580606E-6,0.9995672967157896,-0.18196416567116291,70074.5476913593,71168.86382533569,293.17457483331754,0.49980633428637955,1.7196669830637553E-5,3.104604785775052E-8,1.2294876058862358E-4,-2.2183122325714066E-8,-0.08180384238016813,-5.081233979353783E-6,1.5962699247646013E-12,4.7967482178371014E-8,7.029492842171942E-9,1.4260846012907432E-12,2.3942558339947206E-15,5.418879580165985E-31,-4.194093744972789E-9
1.0000000000000001E-7,1.0000000000000001E-7,0.058020883544028665,5.5E-8,-8.760036217423672E-5,-9.940985435780575E-4,0.9992651110090938,-0.23471467468222348,70122.59673028301,71217.1818630689,293.1917424803907,0.4996710058944266,1.719143328925528E-5,3.1074366127280235E-8,1.5859099640690776E-4,-3.957984716862484E-8,-0.14616060560933875,-9.00221169786164E-6,0.9992651218374863,-0.23470909554978864,70122.5950035821,71217.1801310047,293.1917418651528,0.49967101074508025,1.719143347689986E-5,3.10743651119249E-8,1.5858722672283017E-4,-3.9578005299745204E-8,-0.14615401989476595,-9.001936035701874E-6,0.9992651120644664,-0.23471358713544194,70122.5965619789,71217.18169425632,293.19174242042703,0.499671006367192,1.719143330754377E-5,3.107436602831968E-8,1.585902615780013E-4,-3.957967024348363E-8,-0.14615994949167543,-9.002434865124087E-6,2.6543096986145073E-12,4.797156525931157E-8,7.023301983933299E-9,2.4707186444064636E-12,5.211725270994136E-15,1.3842653597181324E-29,-4.575794247386054E-8
1.2500000000000002E-7,1.2500000000000002E-7,0.07252610443003583,5.5E-8,-7.135108545284645E-4,-0.0076988601635030705,0.9988866462130941,-0.28711164512130016,70182.81847115664,71277.75088488594,293.21325000610256,0.49950142680257326,1.7184874868743348E-5,3.1109880180671976E-8,1.939943548116893E-4,-5.855325795778299E-8,-0.21667194898350317,-1.3177942264519515E-5,0.9988866697850709,-0.28709972627791136,70182.81470571503,71277.74711066393,293.2132486663864,0.4995014373681672,1.7184875277224062E-5,3.110987796706995E-8,1.939863015391293E-4,-5.854869399968266E-8,-0.21665469793742886,-1.3176826485050697E-5,0.9988866542516758,-0.2871031470079442,70182.81718137219,71277.74959783076,293.2132495492561,0.4995014304059272,1.71848750080446E-5,3.110987942576911E-8,1.9398861284320555E-4,-5.85501187799764E-8,-0.21666034239319742,-1.3176918372437285E-5,3.96854240364587E-12,4.7976679523707495E-8,7.01555358325287E-9,3.7861551088955464E-12,9.634282756808824E-15,2.812117335159839E-28,-4.6568079075010855E-8
1.5000000000000002E-7,1.5000000000000002E-7,0.087031325316043,5.5E-8,-0.0047927373837311155,-0.049289829909340166,0.9984322340774014,-0.3394426086947566,70255.21225695165,71350.554157963,293.23908270823006,0.49929768390584417,1.717700028591658E-5,3.115259096523045E-8,2.2935311398294367E-4,-8.338526541251668E-8,-0.3092421880032816,-1.8554740478293752E-5,0.9984322702590387,-0.33943690135099097,70255.20648328905,71350.54835772507,293.23908065098016,0.4992977001345212,1.7177000912917198E-5,3.115258756141161E-8,2.293492576695885E-4,-8.338165102372841E-8,-0.3092287694985316,-1.8553860968495428E-5,0.9984322558581715,-0.33943205013943034,70255.20876935332,71350.55066639467,293.2390814698523,0.4992976936757518,1.7177000663361007E-5,3.1152588916159493E-8,2.2934597982393943E-4,-8.337990720974631E-8,-0.3092220823509706,-1.8553782183516887E-5,5.542083806924882E-12,4.7982820672551223E-8,7.006257837716582E-9,5.358546058860291E-12,1.600262563932574E-14,4.683126556522163E-27,-8.83134686215876E-8
1.7500000000000002E-7,1.7500000000000002E-7,0.10153654620205017,5.5E-8,-0.02750362943009894,-0.2698783733803441,0.9979020802433529,-0.3915420406601427,70339.7774303176,71435.60254117669,293.26923400602135,0.49905979673624307,1.7167813065924406E-5,3.1202517595677124E-8,2.645554328784748E-4,-1.1088413515381035E-7,-0.4123614229740724,-2.4318242594745243E-5,0.9979021183292998,-0.391545213188815,70339.77136419108,71435.59642699172,293.26923183941574,0.4990598138325001,1.716781372593273E-5,3.120251400525693E-8,2.6455757647892905E-4,-1.1088571312711792E-7,-0.41236733710957196,-2.4318203202255972E-5,0.9979021064762071,-0.39154625385763986,70339.77325294435,71435.5983298417,293.2692325137035,0.4990598085117853,1.7167813520525213E-5,3.120251512266618E-8,2.6455827963354047E-4,-1.1088537107184494E-7,-0.4123663565305833,-2.4317966932585477E-5,7.36638372455793E-12,4.7989986517628263E-8,6.995422879186324E-9,7.193882593926078E-12,2.4667323510406713E-14,6.8004878439943E-26,-1.030826076083263E-7
2.0000000000000002E-7,2.0000000000000002E-7,0.11604176708805733,5.5E-8,-0.13771965557692437,-1.288651767421672,0.9972968260776898,-0.4430003295572262,70436.46997498618,71532.84391742684,293.30367325341945,0.49878796777531487,1.7157324278419667E-5,3.125964448628729E-8,2.993245469981258E-4,-1.430852336170574E-7,-0.5336927243124592,-3.0889597496752685E-5,0.9972968648220674,-0.4429964515534971,70436.46378171419,71532.83768770527,293.3036710482666,0.49878798518426043,1.7157324949846994E-5,3.125964082503481E-8,2.9932192672533586E-4,-1.4308351623526505E-7,-0.5336862479975935,-3.088926931127389E-5,0.9972968576200202,-0.4429893855112078,70436.4649196223,71532.83884581842,293.3036714582353,0.4987879819487422,1.7157324825037912E-5,3.1259641505581735E-8,2.993171523724377E-4,-1.4308023764897372E-7,-0.533674022288551,-3.0888914920979005E-5,9.418077192809099E-12,4.799816865712929E-8,6.9830667085271205E-9,9.302622339465822E-12,3.595226715007243E-14,8.896923171210904E-25,-1.4513716658699447E-7
2.2500000000000002E-7,2.2500000000000002E-7,0.1305469879740645,5.5E-8,-0.6091024386735497,-5.421859213774077,0.9966177412253425,-0.4933437032758156,70545.13656657975,71642.13178052574,293.3423348554517,0.4984826716594213,1.7145555875092856E-5,3.1323902497352877E-8,3.3334034005122676E-4,-1.7777685940245646E-7,-0.6653190285949222,-3.7689320237177526E-5,0.9966178062303249,-0.4933115965227786,70545.12608523901,71642.12131012545,293.34233115382625,0.49848270090216884,1.7145557001624467E-5,3.132389633789869E-8,3.3331864629917475E-4,-1.777553578108382E-7,-0.6652359674615127,-3.768551346183813E-5,0.9966178040521205,-0.4933112844301063,70545.12642783044,71642.12166103323,293.3423312779025,0.49848269992267363,1.7145556963876365E-5,3.13238965442698E-8,3.333184354257475E-4,-1.7775366359273903E-7,-0.6652300677524181,-3.76850802865647E-5,1.1663575926407004E-11,4.800735023895946E-8,6.969220956304932E-9,1.1705696399845735E-11,5.014783653046025E-14,1.0441259620740404E-23,-1.7062859654451585E-7
2.5000000000000004E-7,2.5000000000000004E-7,0.14505220886007167,5.5E-8,-2.3940777253080325,-20.181696788516785,0.995866997896564,-0.5418144555039557,70665.47110031739,71763.17971021165,293.38510244098524,0.4981447800045497,1.7132545444063618E-5,3.139514193002045E-8,3.6609084831348355E-4,-2.1220022972556762E-7,-0.7854849526302132,-4.883686659695741E-5,0.9958671053339412,-0.5417874032817562,70665.45379677486,71763.16237062518,293.38509631893544,0.4981448283909797,1.7132547305975667E-5,3.139513171981754E-8,3.660725697849704E-4,-2.1217733205958212E-7,-0.7854016156468333,-4.8831195783805015E-5,0.9958670943770117,-0.5417999729962746,70665.4555873275,71763.16413880873,293.3850969431687,0.49814482345522704,1.7132547116089746E-5,3.139513276115646E-8,3.6608106283532064E-4,-2.1218667598077445E-7,-0.7854361597217121,-4.8833335455356064E-5,1.4047285717338458E-11,4.80175026463538E-8,6.9539355510804574E-9,1.4435315929475416E-11,6.748803658208077E-14,1.1050007964733691E-22,-2.1296149524202182E-7
2.75E-7,2.75E-7,0.15955742974607884,5.5E-8,-8.378466899065563,-66.42374994861053,0.9950472112653477,-0.5885338518474882,70797.17258939907,71895.63358557205,293.4318346629402,0.49777535622412195,1.711833824634747E-5,3.147317474652987E-8,3.9765800800505957E-4,-2.5260794629389237E-7,-0.9447831242882785,-5.453352679296586E-5,0.9950473347572946,-0.5885387041712958,70797.15275403268,71895.61361110343,293.4318276206394,0.49777541190863417,1.7118340386526397E-5,3.14731629727448E-8,3.976612866022269E-4,-2.5260903839807726E-7,-0.9447847759888646,-5.453462944160492E-5,0.9950473038666332,-0.5885537001060143,70797.157764941,71895.61860723268,293.4318293819949,0.4977753979774657,1.711833985117524E-5,3.1473165917986776E-8,3.976714189905502E-4,-2.526220457355066E-7,-0.9448339373702765,-5.4537386063202575E-5,1.654816888953602E-11,4.8028591225387134E-8,6.937269442666625E-9,1.74900527426429E-11,8.814970476790625E-14,1.0750107437706385E-21,-2.3564742225599974E-7
3.0000000000000004E-7,3.0000000000000004E-7,0.174062650632086,5.5E-8,-26.078586565513028,-192.518196333529,0.9941602336055226,-0.6344476532769536,70939.9622696474,72039.26614968787,293.48243425896925,0.4973751163049346,1.7102966318579082E-5,3.155788857319859E-8,4.2868084680875243E-4,-2.922442293140648E-7,-1.0900311347859315,-6.481106473188447E-5,0.9941603288164035,-0.6344818709375588,70939.94705240031,72039.25071282579,293.4824288248003,0.49737515929263026,1.7102967968664258E-5,3.1557879464084304E-8,4.287039668497019E-4,-2.9227417257970956E-7,-1.09014458437332,-6.481726060769688E-5,0.9941602859126977,-0.6344836423231693,70939.95397213445,72039.25766851044,293.48243127324514,0.4973751399190033,1.7102967225106573E-5,3.1557883568951656E-8,4.287051637318712E-4,-2.9227744946069834E-7,-1.0901564738708203,-6.481810072500593E-5,1.919728222725664E-11,4.804059179732973E-8,6.91926678940041E-9,2.0817127236510035E-11,1.1231698654530155E-13,9.580347080233487E-21,-2.6703290859799466E-7
3.25E-7,3.25E-7,0.18856787151809315,5.5E-8,-71.95835993622428,-487.9268425574457,0.9932062620877792,-0.6808906844972841,71093.93035418232,72194.12225917415,293.5368986124074,0.49694402050793524,1.7086433009105502E-5,3.164933333405705E-8,4.600612733089757E-4,-3.376284182365907E-7,-1.2667780446213328,-7.241514850875319E-5,0.9932063221788552,-0.680905620651314,71093.92072217101,72194.11249189936,293.53689517990415,0.4969440476799168,1.708643405055648E-5,3.1649327563208025E-8,4.600713653049419E-4,-3.3764699381322316E-7,-1.2668461720850246,-7.241937535695797E-5,0.9932062856592021,-0.680894921779506,71093.9265803693,72194.11842781083,293.5368972659455,0.49694403116624425,1.708643341762674E-5,3.164933107038521E-8,4.60064136337504E-4,-3.376370510466131E-7,-1.2668092600431464,-7.241717005967985E-5,2.206682896443529E-11,4.805350170840349E-8,6.899939215332992E-9,2.433605940072626E-11,1.4024694559889322E-13,7.748184984631331E-20,-2.8983409586090457E-7
3.5000000000000004E-7,3.5000000000000004E-7,0.20307309240410035,5.5E-8,-175.1845105290668,-1070.8516672996168,0.9921843382942708,-0.7281451755249002,71259.28592619453,72360.44116356496,293.5952919826521,0.49648149752867476,1.7068721632687186E-5,3.174767577068848E-8,4.919899834627704E-4,-3.852429840378591E-7,-1.4463753923566856,-8.299052160509746E-5,0.9921844341507561,-0.7280814622426512,71259.27019331427,72360.42554326507,293.5952865038824,0.49648154095674574,1.7068723294034014E-5,3.17476665270247E-8,4.919469339477373E-4,-3.851843447932879E-7,-1.4461554926733697,-8.297815611513215E-5,0.9921844118946416,-0.7280723408503688,71259.27375664076,72360.42917064061,293.59528777636444,0.4964815308772771,1.7068722908300007E-5,3.1747668673033495E-8,4.919407708448437E-4,-3.851739631954843E-7,-1.4461163611845222,-8.297584577121597E-5,2.5180133331395937E-11,4.806733405166502E-8,6.879275888432331E-9,2.8019124553342667E-11,1.7226204549741517E-13,5.766815465959221E-19,-3.3707992245311914E-7
3.75E-7,3.75E-7,0.2175783132901075,5.5E-8,-374.1696495102418,-2009.4239403361432,0.9910939387685828,-0.7753179410167272,71436.22441258856,72538.3989037167,293.657654501273,0.4959871596460229,1.704982303535976E-5,3.1853047985287464E-8,5.238634736599508E-4,-4.3735252148735525E-7,-1.6492823485125427,-9.2141762479514E-5,0.991094116947795,-0.7752664066843424,71436.1952437862,72538.36978385378,293.6576443070069,0.4959872405027466,1.704982612356573E-5,3.185303072897322E-8,5.238286531650963E-4,-4.3728690826583264E-7,-1.6490334753625575,-9.212801867874987E-5,0.9910941102811387,-0.7752541925234996,71436.19627721806,72538.37087379252,293.6576446886955,0.4959872374798549,1.7049826008019225E-5,3.185303137449703E-8,5.238204003537159E-4,-4.3727392281311953E-7,-1.648984449072941,-9.212543267267392E-5,2.8485905200033124E-11,4.8082096793436465E-8,6.857274073493227E-9,3.191359497981268E-11,2.0867025053850336E-13,4.0038359666475984E-18,-3.81066110830926E-7
4.0000000000000003E-7,4.0000000000000003E-7,0.23208353417611466,5.5E-8,-697.0293612152884,-3172.4210195280857,0.9899356049487417,-0.8218166775935731,71624.73478204414,72728.00458584452,293.7239662108531,0.4954610917470441,1.7029746513357087E-5,3.196548552237191E-8,5.552815389145764E-4,-4.908515296619953E-7,-1.8552774942020278,-1.0276688635713072E-4,0.9899357883996326,-0.8218605881880566,71624.70507172818,72727.9745099228,293.7239557026704,0.49546117513122895,1.7029749693012855E-5,3.196546767455423E-8,5.553112082351734E-4,-4.908935589753583E-7,-1.8554367600402202,-1.0277544507175662E-4,0.9899357971019075,-0.8218514253679498,71624.70361014378,72727.97308359329,293.72395520444013,0.49546117908884685,1.702974984384483E-5,3.196546682779911E-8,5.553050171405065E-4,-4.908815735404914E-7,-1.855391717101611,-1.0277249151613432E-4,3.1934912715660935E-11,4.809778457629388E-8,6.8339517825044035E-9,3.6055698813879316E-11,2.497132923794971E-13,2.543863380662638E-17,-4.234716575229893E-7
4.2500000000000006E-7,4.2500000000000006E-7,0.24658875506212186,5.5E-8,-1127.1437650391429,-4133.125332372956,0.9887098221734465,-0.8683054272349389,71824.85600355704,72929.2819234346,293.79421083954486,0.4949033436643623,1.700850038515255E-5,3.208503480528672E-8,5.866928562398236E-4,-5.479882942438508E-7,-2.0796258099881015,-1.1258066570007941E-4,0.9887100032864723,-0.8682677474685927,71824.8263131957,72929.25213659483,293.79420045558754,0.49490342615598154,1.700850352437396E-5,3.208501709831707E-8,5.866673969382383E-4,-5.479603153446533E-7,-2.0795180631639596,-1.1257542809062215E-4,0.988709935326583,-0.8683808246424239,71824.83788194148,72929.2633106549,293.7942043500531,0.49490339518472387,1.700850234642826E-5,3.208502374352771E-8,5.867438004340702E-4,-5.4808413324281E-7,-2.0799893813173185,-1.1260032974291789E-4,3.555970459702434E-11,4.811439132860639E-8,6.809328326360269E-9,4.03999374292928E-11,2.9562254455526286E-13,1.437894488186693E-16,-4.533940549517206E-7
4.5000000000000003E-7,4.5000000000000003E-7,0.261093975948129,5.5E-8,-1580.9758023581096,-4362.5765583198545,0.9874162173529346,-0.9153287178245559,72036.75168091092,73142.40192333092,293.86842200472665,0.4943135650188019,1.6986078084239344E-5,3.2211832074012915E-8,6.184653498814567E-4,-6.082790271477734E-7,-2.3159347437715496,-1.234195209747213E-4,0.9874165550337761,-0.9151497958191067,72036.69547414368,73142.34620152198,293.86840262566506,0.494313719163388,1.698608393741322E-5,3.221179888805825E-8,6.183444566345316E-4,-6.080530157248631E-7,-2.3150679953662348,-1.233761630032859E-4,0.9874163017112093,-0.9152947275810771,72036.7377508174,73142.38800230624,293.8684171630012,0.49431360352208575,1.6986079546459012E-5,3.221182378385413E-8,6.184423835007278E-4,-6.082523049144584E-7,-2.3158302974229628,-1.234153335190058E-4,3.940368186536919E-11,4.813192151417796E-8,6.783408055273747E-9,4.4891811082613453E-11,3.466816943909506E-13,7.221230950446168E-16,-5.006142332900386E-7
4.7500000000000006E-7,4.7500000000000006E-7,0.2755991968341362,5.5E-8,-1941.3376175711649,-3754.6948103645022,0.9860544205928174,-0.962339185344525,72260.60425025939,73367.54259293783,293.94663389958504,0.49369139478767277,1.6962473092159108E-5,3.2346020592911374E-8,6.502291792868412E-4,-6.721313151558661E-7,-2.5696811662460277,-1.3379751874253998E-4,0.9860548583047386,-0.9623749358309963,72260.53227183744,73367.47009717526,293.94660874547003,0.49369159497799575,1.696248067944807E-5,3.234597734489648E-8,6.502533350209434E-4,-6.721361364725454E-7,-2.569702225790479,-1.337963635705819E-4,0.9860546404248485,-0.962185597658007,72260.56730509074,73367.50618889062,293.94662127002545,0.4936914953612304,1.6962476902724506E-5,3.2345998870727724E-8,6.501254038229778E-4,-6.719263402032994E-7,-2.568890797416998,-1.3375917521329939E-4,4.343666753978859E-11,4.815038144478306E-8,6.756193174427188E-9,4.9551830317769196E-11,4.0318672061483835E-13,3.2495039422233916E-15,-5.535765026017932E-7
5.000000000000001E-7,5.000000000000001E-7,0.29010441772014334,5.5E-8,-2148.240902244727,-2965.976710455556,0.984624639344867,-1.0090655548730652,72496.49589252955,73604.79375900583,294.02884832012245,0.493036724515372,1.6937688890870015E-5,3.248769387110927E-8,6.818010505899089E-4,-7.382838755631838E-7,-2.833653370247248,-1.4450967364609824E-4,0.9846248487429075,-1.0093470290143587,72496.46283839745,73604.75893622026,294.02883626506645,0.49303682044067504,1.693769252068612E-5,3.248767306658417E-8,6.819912358205126E-4,-7.386792671582043E-7,-2.835183903732741,-1.445814381213495E-4,0.9846249978313301,-1.009024711949575,72496.43637436583,73604.73416323595,294.0288276952787,0.4930368888555949,1.6937695105069838E-5,3.248765824770888E-8,6.817734540199831E-4,-7.381973767905947E-7,-2.8333233180346724,-1.4449145356820736E-4,4.7628270849385324E-11,4.816977120409598E-8,6.727695784919653E-9,5.4393713531115336E-11,4.653957045247191E-13,1.2839302179078432E-14,-5.962108574376146E-7
5.250000000000001E-7,5.250000000000001E-7,0.3046096386061505,5.5E-8,-2260.9372174801265,-2867.467437483116,0.983126881636426,-1.0560579623998094,72744.5625137118,73854.28494855683,294.11507914052476,0.4923493436646755,1.6911725498699458E-5,3.26369719338664E-8,7.135526772971685E-4,-8.079559168550077E-7,-3.114927696560926,-1.5485690204286584E-4,0.983126900871084,-1.0560459021126747,72744.55949109324,73854.28173687491,294.115078031576,0.4923493524950715,1.6911725832134523E-5,3.263697001147092E-8,7.1354452845451E-4,-8.080037000013363E-7,-3.1150948189881547,-1.548730611773408E-4,0.9831271769638334,-1.0561867929168052,72744.51426454008,73854.23565163126,294.1150621232981,0.4923494793323784,1.691173061823965E-5,3.263694241280985E-8,7.136397249437873E-4,-8.081376770974202E-7,-3.115638570891633,-1.5488643745698027E-4,5.200213967571889E-11,4.819009085642716E-8,6.697928463897448E-9,5.936758764495484E-11,5.335637642632603E-13,4.23693762085104E-14,-6.36712986341956E-7
5.5E-7,5.5E-7,0.3191148594921577,5.5E-8,-2391.950212402626,-3448.9312273462865,0.9815607482418679,-1.103346922055501,73005.0059839544,74116.22105763048,294.20536444318793,0.4916288432952449,1.6884575866731534E-5,3.279402297410276E-8,7.455046770645277E-4,-8.809587994562662E-7,-3.4116808568483066,-1.6532676147562597E-4,0.9815610072802813,-1.1030245954348423,73004.96092477436,74116.17765690897,294.20534950845195,0.49162896268719686,1.68845803573652E-5,3.27939969124609E-8,7.452868888073259E-4,-8.80463485088967E-7,-3.409725951487644,-1.6524928682315476E-4,0.9815608929204606,-1.103428745911043,73004.98247634522,74116.19680594368,294.2053560943813,0.4916289099128679,1.6884578374844643E-5,3.279400842165321E-8,7.455599634534075E-4,-8.811089809057648E-7,-3.412259362676423,-1.6535657258032188E-4,5.6567369901339757E-11,4.821134449982812E-8,6.666898501057192E-9,6.443154049831106E-11,6.079704035351175E-13,1.1231991058784887E-13,-6.872436530257369E-7
5.75E-7,5.75E-7,0.3336200803781648,5.5E-8,-2566.6000106616166,-3741.1673139639483,0.9799262448117996,-1.150334769375953,73277.9697069511,74390.74722877293,294.29971974844983,0.49087498845400157,1.6856239956652854E-5,3.295898269440101E-8,7.772532225513195E-4,-9.566701893959363E-7,-3.7229580240373252,-1.7526867208061958E-4,0.979926814968214,-1.1502219507674105,73277.87347112491,74390.65126659513,294.29968681577344,0.4908752517900339,1.6856249841130006E-5,3.295892496202785E-8,7.771769937617638E-4,-9.564278389007086E-7,-3.722029661606939,-1.7521637471418217E-4,0.9799263850767859,-1.1502591519404235,73277.94582555204,74390.72362219916,294.299711647454,0.49087505324464936,1.685624238834745E-5,3.295896849119331E-8,7.772021296894754E-4,-9.56564073106847E-7,-3.722522131524329,-1.7525836747722678E-4,6.128174657745376E-11,4.823353362931093E-8,6.6346175874250846E-9,6.959677000538027E-11,6.888759443495053E-13,2.4072344231012945E-13,-7.394053543210329E-7
6.000000000000001E-7,6.000000000000001E-7,0.348125301264172,5.5E-8,-2701.1013187136023,-3246.5557683750003,0.9782238735860337,-1.196921538858326,73563.51923353158,74677.93206339727,294.3981325473434,0.49008776272272964,1.682672633181528E-5,3.3131943933255065E-8,8.087307694988689E-4,-1.0344789488669904E-6,-4.045961754161226,-1.8480996425296325E-4,0.9782244324502889,-1.197052806945494,73563.42624894646,74677.83756679174,294.3981002122743,0.4900880214689024,1.6826736020910432E-5,3.313188696055526E-8,8.088194641523608E-4,-1.0346905740732382E-6,-4.0468297486747815,-1.8482965452903954E-4,0.9782241518287776,-1.1968049940636565,73563.47169788023,74677.88502456828,294.3981164540684,0.49008789159253263,1.682673115574497E-5,3.313191556555923E-8,8.086520230159841E-4,-1.034273095399385E-6,-4.045144289210839,-1.847781316257624E-4,6.611862595977353E-11,4.8256654270792544E-8,6.601105902871219E-9,7.486412381172104E-11,7.764967195231967E-13,4.375702837562211E-13,-7.81992026616197E-7
6.25E-7,6.25E-7,0.36263052215017916,5.5E-8,-2744.1877085280707,-2741.869590806262,0.9764539954277016,-1.2434108037844906,73861.75612847344,74977.87413738553,294.5005990265336,0.4892670749108758,1.6796041097819947E-5,3.331302062824134E-8,8.401424349895207E-4,-1.1149787007980195E-6,-4.384131466856616,-1.936594712645956E-4,0.9764543912377338,-1.2435071854407191,73861.69009192313,74977.80689708289,294.50057609034656,0.4892672586712629,1.6796047960312276E-5,3.331297999052788E-8,8.402075577302157E-4,-1.1151706023326824E-6,-4.384877406883334,-1.9369562261317697E-4,0.976454376173407,-1.243384991008631,73861.69166269457,74977.8094629237,294.50057696760126,0.4892672517151971,1.679604769913141E-5,3.331298153510601E-8,8.401249939247507E-4,-1.1149163280776975E-6,-4.383899761475732,-1.9364156624135376E-4,7.109299042386902E-11,4.8280702585305906E-8,6.56638380700358E-9,8.019129937231561E-11,8.710430943561554E-13,7.126602424117223E-13,-8.293555919912517E-7
6.5E-7,6.5E-7,0.3771357430361863,5.5E-8,-2756.3331027884064,-2905.22763606215,0.9746166195256236,-1.2899873553014003,74172.84534510321,75290.73849671609,294.60713634796394,0.48841266052887466,1.6764184255619335E-5,3.350237019779712E-8,8.716130779063515E-4,-1.1983636291290623E-6,-4.738269817098853,-2.019130979675765E-4,0.9746169570041298,-1.289971065361732,74172.78802426576,75290.68089245519,294.607116764605,0.4884128176904468,1.6764190107027238E-5,3.3502335290532594E-8,8.716020711903595E-4,-1.1983459063458212E-6,-4.738161394931922,-2.0192539781760388E-4,0.9746170047330975,-1.2900082838727838,74172.78020871076,75290.67274399956,294.60711399389095,0.488412839908701,1.6764190934580674E-5,3.3502330354139774E-8,8.71627218832962E-4,-1.1984036058265702E-6,-4.738438877606313,-2.01914371260159E-4,7.622158822498946E-11,4.830567862605039E-8,6.530466495258531E-9,8.553503616349817E-11,9.727497783263553E-13,1.07698808889771E-12,-8.821170068106309E-7
6.750000000000001E-7,6.750000000000001E-7,0.3916409639221935,5.5E-8,-2794.5321383456094,-3135.828778951974,0.9727116435765719,-1.3366197476112067,74496.97865349984,75616.71698669963,294.7177688366422,0.48752419153518217,1.673115386457049E-5,3.370017007097773E-8,9.031214510886532E-4,-1.2846745453032328E-6,-5.109370212518797,-2.0931585518724205E-4,0.9727120465180766,-1.3365451011162122,74496.90941872133,75616.6478656964,294.7177454188481,0.48752437976541274,1.673116085133772E-5,3.370012807053395E-8,9.030710142677109E-4,-1.2845348277323866E-6,-5.108786711963376,-2.0930356845383358E-4,0.9727120183488482,-1.336613673473214,74496.91476231856,75616.65269448308,294.71774705377123,0.48752436658764153,1.6731160362898937E-5,3.370013100777316E-8,9.031173469413608E-4,-1.2846690046330878E-6,-5.109334360574167,-2.093192944130351E-4,8.150069679611369E-11,4.8331584401002654E-8,6.493366861740268E-9,9.087158126596966E-11,1.0818638343971825E-12,1.5432124116428347E-12,-9.342354355508683E-7
7.000000000000001E-7,7.000000000000001E-7,0.4061461848082007,5.5E-8,-2823.409517501561,-2855.625603676366,0.9707390997519336,-1.3831527553759067,74834.3306430162,75955.98649544976,294.83251371970135,0.48660139066545516,1.6696950306791528E-5,3.390659260912171E-8,9.345626725512883E-4,-1.3735111367907394E-6,-5.4960917358482675,-2.1578661900889529E-4,0.970739624771735,-1.3830588333653617,74834.23996873139,75955.89596378632,294.8324831561116,0.48660163668837053,1.6696959410761398E-5,3.390653744667023E-8,9.344992117333525E-4,-1.3733259746118166E-6,-5.4953345380690735,-2.1576271501544397E-4,0.9707395036947899,-1.3831183704554852,74834.26117675328,75955.91683954229,294.83249020315566,0.48660157994042263,1.669695731125736E-5,3.3906550168539277E-8,9.345394394969495E-4,-1.3734453082747678E-6,-5.495808533927402,-2.1578350795437018E-4,8.690902461030036E-11,4.835842064429195E-8,6.455100159522343E-9,9.618819015286518E-11,1.198618557721255E-12,2.1288492125875807E-12,-9.91157313418016E-7
7.25E-7,7.25E-7,0.42065140569420784,5.5E-8,-2815.7841104711915,-2680.981971221842,0.9686992384902013,-1.429439258403811,75185.0469754509,76308.69398831755,294.9513761655202,0.4856440715562671,1.6661577740435864E-5,3.4121796009699474E-8,9.658373367593317E-4,-1.4645549693170778E-6,-5.897877370592823,-2.2106390252929486E-4,0.9686999158218537,-1.429323350001345,75184.92938679256,76308.57656320231,294.951336667053,0.4856443899743374,1.6661589486118923E-5,3.4121724255248135E-8,9.65759020271179E-4,-1.4643215276066712E-6,-5.896917548348256,-2.210348659303918E-4,0.9686996872324011,-1.4294114519354688,75184.96945869167,76308.6161898095,294.951349995518,0.48564428249866376,1.6661585522123186E-5,3.4121748472086116E-8,9.658185486050465E-4,-1.4644954799791776E-6,-5.89763157267862,-2.210560132880346E-4,9.24214920696267E-11,4.838618530272163E-8,6.415686071461172E-9,1.0148782296342163E-10,1.3232185417902396E-12,2.8383127040054713E-12,-1.0505370609582908E-6
7.5E-7,7.5E-7,0.435156626580215,5.5E-8,-2821.0345712846593,-3017.8267005920584,0.9665924089849718,-1.4754886320264593,75549.19468345195,76674.97652096521,295.0743562439224,0.48465208424706346,1.662504202777691E-5,3.434593641155596E-8,9.969517783962563E-4,-1.5534138397299558E-6,-6.245375925102053,-2.461229984334068E-4,0.966593173965933,-1.4754815129385728,75549.06204216134,76674.843156265,295.0743115508637,0.48465244503394334,1.6625055294088665E-5,3.434585467946308E-8,9.969469682017383E-4,-1.5533702766390434E-6,-6.2451960098430845,-2.4611484664660566E-4,0.9665928413987946,-1.4755380648165075,75549.12014775476,76674.90113199005,295.0743309787082,0.48465228816901595,1.6625049526703266E-5,3.434589021250199E-8,9.969851789300727E-4,-1.5535007726441564E-6,-6.245718588736963,-2.4613763486058815E-4,9.803932451330616E-11,4.8414875667037636E-8,6.375145790699387E-9,1.0676749229541265E-10,1.4558567007092298E-12,3.655284018877283E-12,-1.1015406304679425E-6
7.750000000000001E-7,7.750000000000001E-7,0.4496618474662222,5.5E-8,-2859.4269346667597,-3157.8128884100356,0.9644187990117352,-1.5215141911108407,75927.12330887653,77055.0061025566,295.20146365777583,0.4836251913569034,1.6587346223202525E-5,3.457919577000936E-8,0.0010280501291289464,-1.6512956163694526E-6,-6.717023961312634,-2.3716414470698055E-4,0.9644194687079708,-1.5216533043271534,75927.00779649567,77054.88867005573,295.20142445415416,0.48362550824187167,1.6587357837716038E-5,3.457912358736931E-8,0.001028144124545374,-1.6515773631908816E-6,-6.718149631409233,-2.3721041686997069E-4,0.96441919087765,-1.521523029750837,75927.05522248376,77054.93739154932,295.20144072036834,0.4836253767975505,1.6587353019317587E-5,3.457915353201349E-8,0.001028056101182998,-1.651336669254988E-6,-6.717183711358075,-2.3717224398467351E-4,1.0377190084120678E-10,4.844449031079559E-8,6.33349835955642E-9,1.1202437318886403E-10,1.59673357494915E-12,4.5542593714296216E-12,-1.164775846269089E-6
8.000000000000001E-7,8.000000000000001E-7,0.4641670683522293,5.5E-8,-2879.125624052184,-2835.0708244208013,0.9621784064235304,-1.567570181285005,76318.85700805715,77448.99629750702,295.3327203374526,0.482563056124848,1.6548490077858915E-5,3.4821785935595966E-8,0.0010591690414087872,-1.7466422046652496E-6,-7.124588490283259,-2.5162821661695034E-4,0.9621789875641666,-1.5675575581830516,76318.75530063831,77448.89379621048,295.3326862574599,0.48256333211402536,1.6548500157131187E-5,3.482172272307549E-8,0.0010591605122858457,-1.7466687323519636E-6,-7.124689689360139,-2.5163333609157235E-4,0.9621789162091712,-1.5673996431815584,76318.76629161755,77448.90639199998,295.33269044848333,0.48256329828165617,1.6548498919557003E-5,3.482173048152459E-8,0.0010590538129605124,-1.746298509033295E-6,-7.1231699289674,-2.5158411038717077E-4,1.096044362102807E-10,4.8475029096785374E-8,6.290762476619248E-9,1.172928961755641E-10,1.7460501544482927E-12,5.497589799991443E-12,-1.226441001799205E-6
8.25E-7,8.25E-7,0.47867228923823646,5.5E-8,-2862.715486848545,-2692.4424648893028,0.9598713389888723,-1.6134492684301278,76724.73716837575,77857.14941203945,295.46814197904445,0.4814653804920513,1.6508475238968623E-5,3.5073917094849085E-8,0.0010901684246149511,-1.847710146165582E-6,-7.608244453519774,-2.4628465561704616E-4,0.9598720208163208,-1.613320067079123,76724.61576738932,77857.02842760421,295.4681019226322,0.4814657055273494,1.6508487065250313E-5,3.507384222759232E-8,0.0010900811264048127,-1.8474166924420388E-6,-7.607011219164633,-2.4625303304048884E-4,0.9598720341597847,-1.613359569943804,76724.61361364393,77857.02605847911,295.4681011377977,0.4814657118806822,1.6508487296691973E-5,3.507384076285213E-8,0.0010901078175295973,-1.8474626602937861E-6,-7.607210616305565,-2.4625396503097363E-4,1.1553565438235846E-10,4.8506490983466955E-8,6.246957546056271E-9,1.2259829458002595E-10,1.9040009685346054E-12,6.442759585114875E-12,-1.2865629226157934E-6
8.500000000000001E-7,8.500000000000001E-7,0.4931775101242437,5.5E-8,-2845.945759471155,-2801.689290638557,0.9574978720706024,-1.659121589282863,77144.83746569617,78279.64638669902,295.6077353586867,0.48033193602841595,1.6467306250538235E-5,3.533579116754505E-8,0.0011210281008667993,-1.947702726994294E-6,-8.061668373889916,-2.5312605612271E-4,0.9574985875988172,-1.6592008290009086,77144.71107869915,78279.51861375729,295.6076932307886,0.4803322783439164,1.6467318662119922E-5,3.533571183885056E-8,0.0011210816412168302,-1.947831083271012E-6,-8.06219292569267,-2.531411126369676E-4,0.9574985196115453,-1.6592769237250629,77144.72393889149,78279.53074852841,295.60769722995946,0.48033224578761247,1.6467317482808218E-5,3.5335719378121416E-8,0.0011211330565709884,-1.948025021931699E-6,-8.06300019384912,-2.5316496412131073E-4,1.2156437146008144E-10,4.853887609213713E-8,6.202102440231669E-9,1.279515779376777E-10,2.07078172232736E-12,7.36022725061375E-12,-1.3547138272299783E-6
8.750000000000001E-7,8.750000000000001E-7,0.5076827310102509,5.5E-8,-2836.4419039715985,-2762.720973523547,0.9550582155274434,-1.7047110983174567,77579.43767087288,78716.68740249607,295.75151138016247,0.4791624514091033,1.642498651025011E-5,3.5607627422843037E-8,0.0011518318231874707,-2.0517247845930343E-6,-8.565516885859097,-2.479886392308117E-4,0.9550588548331742,-1.7047429572989425,77579.32405582434,78716.5725044295,295.75147366278946,0.4791627584368529,1.642499760038403E-5,3.5607555834176374E-8,0.0011518533495263126,-2.0518505880318117E-6,-8.566026251144876,-2.480077387900792E-4,0.9550586831867638,-1.7048086148158914,77579.35533268504,78716.60334797525,295.75148378613375,0.47916267597584766,1.6424994622806063E-5,3.5607575056460864E-8,0.0011518977127134402,-2.0520031242199367E-6,-8.566667283166225,-2.4802551254765604E-4,1.276508303296581E-10,4.8572182273089555E-8,6.156219036646504E-9,1.3337716289933696E-10,2.2465634370303953E-12,8.245562634407576E-12,-1.4285629729807116E-6
9.000000000000001E-7,9.000000000000001E-7,0.522187951896258,5.5E-8,-2824.1359756157226,-2739.200256314464,0.952552502147376,-1.7502026603573466,78028.69999826975,79168.49484307662,295.8994862450572,0.47795660778344273,1.6381518068104585E-5,3.588966448431029E-8,0.0011825693651063153,-2.1560050535640585E-6,-9.060830336149593,-2.486697128460946E-4,0.9525533145483546,-1.7499328372849385,78028.55145475153,79168.34789079339,295.8994382287399,0.4779569995978065,1.63815321618934E-5,3.588957256738822E-8,0.0011823870522195531,-2.15540245307011E-6,-9.058250687566897,-2.4861746797455453E-4,0.9525529852689226,-1.7500836613024036,78028.61209564237,79168.40744992008,295.8994576886423,0.47795684077353034,1.6381526449448953E-5,3.588960982366484E-8,0.0011824889603394618,-2.1557520419435153E-6,-9.059733071800338,-2.4865306799881637E-4,1.337919280812809E-10,4.8606405822131124E-8,6.109332017556614E-9,1.3883960016990676E-10,2.431491217275613E-12,9.117231358875289E-12,-1.4892633623153234E-6
9.25E-7,9.25E-7,0.5366931727822651,5.5E-8,-2818.327013531308,-2828.7057366864606,0.94998090376432,-1.795554372230989,78492.89111589483,79635.29247525985,296.0516742756189,0.4767140930498192,1.633690364009701E-5,3.61821479440304E-8,0.0012132124136695873,-2.2630896120290346E-6,-9.591724184091845,-2.4155921185808893E-4,0.9499820365864057,-1.7953757676918358,78492.68399501513,79635.08616145882,296.0516071713092,0.4767146415714628,1.633692329401045E-5,3.618201841588763E-8,0.001213091734926916,-2.2625795450892383E-6,-9.5895312158043,-2.4151018305929028E-4,0.9499815893715674,-1.7953915309130979,78492.7652896682,79635.16761297057,296.0516336646911,0.47671442504263273,1.6336915535051015E-5,3.618206954995206E-8,0.0012131023857520932,-2.2626708290829354E-6,-9.589921477337612,-2.415223516578635E-4,1.4002403254513942E-10,4.8641545872799475E-8,6.061462123182746E-9,1.4425905160258472E-10,2.6257367243461483E-12,9.997506183827588E-12,-1.5577629433498755E-6
9.500000000000001E-7,9.500000000000001E-7,0.5511983936682724,5.5E-8,-2812.040600097327,-2725.010427838895,0.947343640028961,-1.8407432598197189,78972.20035589204,80117.30395765722,296.20808760743967,0.4754346072149018,1.6291146760192717E-5,3.6485329554367845E-8,0.0012437454458241344,-2.370744108759482E-6,-10.125080231997572,-2.364964867354047E-4,0.94734481690551,-1.8408615383476474,78971.98704521377,80117.08810454952,296.20801772604983,0.4754351793278183,1.62911671798921E-5,3.648519352660585E-8,0.0012438253637484104,-2.370998074354702E-6,-10.12617467294649,-2.3650914103257037E-4,0.9473444783190557,-1.8406945448453318,78972.04698304177,80117.1502148254,296.2080378369102,0.47543501478008754,1.629116130516353E-5,3.648523265886055E-8,0.0012437125303008999,-2.3705915646132782E-6,-10.124418809645022,-2.36479671244183E-4,1.463273105479126E-10,4.8677603579165484E-8,6.0126279324486265E-9,1.4962618055589672E-10,2.8294869808561865E-12,1.089552035303579E-11,-1.6361808761716849E-6
9.75E-7,9.75E-7,0.5657036145542794,5.5E-8,-2787.2841527125884,-2557.9351625300046,0.9446409937809371,-1.8857055346717224,79466.87130780061,80614.74969403606,296.36873504764867,0.4741178697179376,1.6244252046892505E-5,3.679946560478521E-8,0.0012741253612646773,-2.4802484381325485E-6,-10.685267275472143,-2.2578930690997367E-4,0.9446419691769137,-1.8858688266779151,79466.69425408069,80614.56951058116,296.36867699535776,0.47411834587533036,1.62442689720138E-5,3.679935160247176E-8,0.001274235693701294,-2.4806990266768025E-6,-10.687189887470367,-2.258317591525838E-4,0.9446418044459329,-1.8857925712930539,79466.72345310132,80614.5999459162,296.36868680263433,0.4741182654833819,1.624426611359475E-5,3.6799370854470164E-8,0.001274184169792604,-2.4804552465695906E-6,-10.68615743927512,-2.2580211872025302E-4,1.5265304155303908E-10,4.871457655095544E-8,5.962853006703759E-9,1.5497599359262918E-10,3.0428854214193625E-12,1.1804546146998087E-11,-1.7086477584811684E-6
1.0000000000000002E-6,1.0000000000000002E-6,0.5802088354402867,5.5E-8,-2754.5891611152883,-2565.406162886624,0.9418732913666396,-1.9304431050745023,79977.1050137767,81127.85031884849,296.5336233300456,0.4727636108323362,1.6196224861635505E-5,3.712481929285779E-8,0.0013043534493746638,-2.590288246437922E-6,-11.253874414754137,-2.1483273000910685E-4,0.9418741416361934,-1.9304533899021918,79976.94809630114,81127.69211093854,296.53357261456154,0.4727640277687899,1.619623961670365E-5,3.71247187680752E-8,0.001304360398582562,-2.590356559295515E-6,-11.254106246808306,-2.1486105777057674E-4,0.941874003961119,-1.9304938908758773,79976.97399160445,81127.71772474155,296.53358082441423,0.4727639602434085,1.619623722757209E-5,3.712473504582922E-8,0.0013043877641053226,-2.590452607194038E-6,-11.254559155211837,-2.148544549527287E-4,1.5898527952578997E-10,4.875245941848646E-8,5.91216521436507E-9,1.603155436566327E-10,3.266033221709465E-12,1.27106799397777E-11,-1.7787419012976049E-6
1.0250000000000001E-6,1.0250000000000001E-6,0.5947140563262938,5.5E-8,-2724.2343810062957,-2528.9113460791,0.939040858597422,-1.974956910009944,80503.1432513996,81656.83468324468,296.7027595985176,0.4713715501005789,1.6147070544288784E-5,3.746166616676186E-8,0.0013344303446013136,-2.7016192379392125E-6,-11.84506273947568,-1.9924485515332435E-4,0.9390417990264485,-1.9748216104582335,80502.96656472,81656.65840286497,296.70270338149965,0.47137201337047197,1.614708686524742E-5,3.7461553665648294E-8,0.0013343389259852928,-2.7012760438083205E-6,-11.843478352610646,-1.9924738863608127E-4,0.9390415933349504,-1.9748756680936326,80503.00553378824,81656.69695683462,296.702715675958,0.47137191203287426,1.6147083295511815E-5,3.746157827257883E-8,0.0013343754514146167,-2.7014262873592545E-6,-11.844151123291113,-1.9925396517805893E-4,1.6533099914136904E-10,4.879124716026696E-8,5.860591967640922E-9,1.6561858408502207E-10,3.4990283550350526E-12,1.3610483950339905E-11,-1.8504829154743747E-6
1.0500000000000001E-6,1.0500000000000001E-6,0.609219277212301,5.5E-8,-2690.5536395580534,-2456.4564730734564,0.9361439910767562,-2.019285871281793,81045.21781413432,82201.94563179651,296.8761532471851,0.4699413819141336,1.6096793897662813E-5,3.781029819316731E-8,0.0013643823454606708,-2.81353746061086E-6,-12.449107857901708,-1.8193532793020495E-4,0.9361451146650527,-2.0191664550809945,81045.00542240145,82201.73340605648,296.8760859194646,0.46994193793333455,1.609681339894212E-5,3.781016215320126E-8,0.0013643016588385098,-2.813189601482691E-6,-12.447525407953435,-1.8192180726828155E-4,0.936144822188215,-2.0192316649871174,81045.06108530847,82201.78864713709,296.8761034437065,0.4699417931860526,1.6096808322640386E-5,3.7810197565866626E-8,0.00136434571958589,-2.8133653775341827E-6,-12.448315946440061,-1.8192978839692842E-4,1.7171185736734814E-10,4.883093743851758E-8,5.808157308576599E-9,1.7082873153477582E-10,3.741993168338685E-12,1.4517020645151055E-11,-1.9209125493920558E-6
1.075E-6,1.075E-6,0.6237244980983081,5.5E-8,-2664.1510148170432,-2559.7299765662524,0.9331828654316282,-2.0635553391285026,81603.61077109787,82763.45717389915,297.0538211943885,0.46847273082923263,1.604539764595202E-5,3.8171035374419876E-8,0.0013942941480597991,-2.9267348510586542E-6,-13.07560357529178,-1.6034722124658174E-4,0.9331841113452058,-2.0635064317983014,81603.3745025984,82763.219996477,297.05374635021514,0.4684733502293431,1.6045419272210893E-5,3.817088265234322E-8,0.00139426110256642,-2.9265889770613284E-6,-13.074931615944934,-1.6033702168272157E-4,0.9331837460972829,-2.0635424190418052,81603.44407638311,82763.28952447482,297.05376828998425,0.4684731686381684,1.6045412932327542E-5,3.8170927424339794E-8,0.00139428541827149,-2.926701922092434E-6,-13.075440848598646,-1.6034472714920867E-4,1.7812817979841895E-10,4.887152995784783E-8,5.754882748345424E-9,1.7591081781364767E-10,3.995069711774945E-12,1.5443268553426003E-11,-1.9992350815186653E-6
1.1E-6,1.1E-6,0.6382297189843154,5.5E-8,-2651.8902557052133,-2602.6896008375465,0.930157657461543,-2.1076462306855444,82178.59751998671,83341.65289889269,297.23578089846995,0.4669652094350352,1.5992884484252514E-5,3.854421254939955E-8,0.0014240852910037461,-3.0404620491708557E-6,-13.717955418497695,-1.3599949574683023E-4,0.9301589747077165,-2.1075977076933112,82178.3458122394,83341.40013942863,297.235701572174,0.466965867419479,1.5992907350739087E-5,3.854404902929267E-8,0.0014240525051981833,-3.040334209885032E-6,-13.717324597405877,-1.3600546846248562E-4,0.9301585898171761,-2.107588578814539,82178.41907729818,83341.47399566347,297.2357247518565,0.4669656751690134,1.5992900669304876E-5,3.854409680822572E-8,0.001424046337036851,-3.0403137655810042E-6,-13.717225047139891,-1.3601132303620034E-4,1.8453943474314892E-10,4.8913022910896316E-8,5.700792064069533E-9,1.8088666401063203E-10,4.25837553865656E-12,1.6386205454149102E-11,-2.0790052285660177E-6
1.125E-6,1.125E-6,0.6527349398703225,5.5E-8,-2629.7276043239067,-2399.1188801736575,0.9270687414594448,-2.151397875518027,82770.4336826068,83936.78756068414,297.4220382703525,0.4654185181663675,1.5939260538297484E-5,3.8930154988776785E-8,0.0014536472131878562,-3.1543399954614415E-6,-14.378437250648858,-1.0735792426430635E-4,0.9270700941658107,-2.1513962537785902,82770.17362043353,83936.52587815614,297.4219566004534,0.4654191971395179,1.593928402253556E-5,3.892998487973952E-8,0.0014536461174179665,-3.154322655092301E-6,-14.378317966459235,-1.0736115346787756E-4,0.9270697509332231,-2.1513479744825252,82770.23895814095,83936.59228094023,297.4219773257756,0.46541902487812475,1.5939278063700474E-5,3.893002804159423E-8,0.0014536134962719765,-3.1541875262064423E-6,-14.37769430117919,-1.0736345066675312E-4,1.9092427513028164E-10,4.895541177321167E-8,5.645912666576791E-9,1.8576665616813012E-10,4.5319879688015705E-12,1.733434701962687E-11,-2.150798630768038E-6
1.15E-6,1.15E-6,0.6672401607563296,5.5E-8,-2584.1610833854406,-2232.3245665619825,0.923916586094963,-2.194840496989572,83379.35995882905,84549.10596622858,297.6125938159462,0.4638323951626845,1.588453355769104E-5,3.932919069086802E-8,0.0014830003358037647,-3.268035605401565E-6,-15.054284761874214,-7.511522393599535E-5,0.9239179170935147,-2.19487294878232,83379.10248943478,84548.84633879608,297.61251324766204,0.4638330665431944,1.588455666729242E-5,3.93290210805807E-8,0.0014830222626907568,-3.2681384487887044E-6,-15.054719096822737,-7.512078972382596E-5,0.9239176581545565,-2.194804681798483,83379.15173238744,84548.89685340681,297.6125289252226,0.46383293595524594,1.5884552171439274E-5,3.9329054075830974E-8,0.0014829761363503264,-3.267935348105766E-6,-15.053782775899663,-7.511912261293219E-5,1.9727344739979478E-10,4.899869111875201E-8,5.590273180968947E-9,1.905386829961681E-10,4.8159652303638145E-12,1.8284975572275953E-11,-2.2296196444310846E-6
1.1750000000000002E-6,1.1750000000000002E-6,0.6817453816423369,5.5E-8,-2537.8118167908,-2297.086706191858,0.9207017263488962,-2.2378579713337636,84005.61594975239,85178.84781604841,297.80744423893464,0.4622066033631282,1.5828712428789832E-5,3.9741653785959355E-8,0.0015120661968471376,-3.381247386045061E-6,-15.746712010169631,-3.8335647083442836E-5,0.9207030526505685,-2.237832949341288,84005.35642992573,85178.58691647563,297.80736374785016,0.46220727578466275,1.582873545914799E-5,3.974148246736243E-8,0.0015120492900954647,-3.3811973302988465E-6,-15.746361826399607,-3.8371969083073054E-5,0.920702808550082,-2.237878806438458,84005.40469582634,85178.63493126008,297.80737856017925,0.4622071520161603,1.582873122050262E-5,3.9741513998472214E-8,0.0015120802746205798,-3.381297225502067E-6,-15.74693132886091,-3.832958247329543E-5,2.0355500237881162E-10,4.904285408715132E-8,5.533904053724228E-9,1.9520799988094868E-10,5.1103388956288626E-12,1.9241538344476757E-11,-2.3087204471537193E-6
1.2000000000000002E-6,1.2000000000000002E-6,0.696250602528344,5.5E-8,-2511.1289203236665,-2412.96455470504,0.9174247162269468,-2.280531660430483,84649.44284764965,85826.25656132387,298.0065852382354,0.4605409073444749,1.577180635353597E-5,4.016789071638769E-8,0.0015408997705611371,-3.493811376671374E-6,-16.454804727333567,2.7392328334485683E-6,0.9174260991938175,-2.2804775709459832,84649.16940540829,85825.98216881888,298.0065010872465,0.4605416121283254,1.577183037034067E-5,4.016770958578143E-8,0.0015408632236121509,-3.493651740882342E-6,-16.45393792240634,2.7053918003616673E-6,0.9174257152326741,-2.2806258253569385,84649.24728058334,85826.05833794121,298.0065244430643,0.4605414164009876,1.5771823702412327E-5,4.016775987716328E-8,0.001540963395511445,-3.4940929444360335E-6,-16.456148458118378,2.7593037827955413E-6,2.0978075239499238E-10,4.908789361089609E-8,5.476835902738062E-9,1.9974369627015402E-10,5.41512976977842E-12,2.0200305398646235E-11,-2.374591496054969E-6
1.2250000000000001E-6,1.2250000000000001E-6,0.7107558234143512,5.5E-8,-2490.0937981940456,-2323.3117571701055,0.9140858054281827,-2.3232035218034865,85311.1574217733,86491.64394607798,298.2100311707088,0.45883490801231336,1.5713819233435935E-5,4.060830358246245E-8,0.0015697321093266802,-3.606662095307911E-6,-17.185392396175985,4.8946974629870965E-5,0.9140872764638541,-2.3231364700061827,85310.86390502354,86491.34951371198,298.2099414199126,0.45883566162090644,1.5713844782403184E-5,4.060810817037248E-8,0.0015696868040582315,-3.606466885344162E-6,-17.184360730832168,4.891774113247038E-5,0.9140867652634964,-2.3231664520988207,85310.96608646019,86491.45182976773,298.20997260802756,0.458835399724292,1.5713835903868046E-5,4.060817607860306E-8,0.001569707062228933,-3.6066012376068102E-6,-17.184902811870643,4.886952620353213E-5,2.1599161307363248E-10,4.9133806213526014E-8,5.419094708460769E-9,2.0408784042921604E-10,5.730400242588506E-12,2.1154551091585902E-11,-2.4486032035507823E-6
1.25E-6,1.25E-6,0.7252610443003583,5.5E-8,-2449.2029017657937,-2095.621180444139,0.9106851411842669,-2.3656833880596837,85990.97527825565,87175.3520158448,298.41780305779565,0.4570881425615156,1.5654753171934565E-5,4.106332650260613E-8,0.0015984347216619484,-3.7167861734133113E-6,-17.81404710747779,5.253236437852138E-5,0.9106867115898437,-2.3656131120102457,85990.65913347129,87175.03488020976,298.4177069820656,0.45708895138120365,1.5654780449798456E-5,4.1063114851444445E-8,0.0015983872378447605,-3.7165735895428045E-6,-17.812943186100256,5.251276598272625E-5,0.9106862488801063,-2.3655148742154277,85990.75068837628,87175.12833290249,298.4177352967789,0.4570887131163842,1.5654772412557197E-5,4.1063177210057456E-8,0.00159832086095637,-3.716285006163389E-6,-17.811662608268307,5.254592441872319E-5,2.2215762805675145E-10,4.918058978734676E-8,5.360704912136293E-9,2.082455196700753E-10,6.056225085806219E-12,2.210660827414598E-11,-2.5330805485077E-6
1.275E-6,1.275E-6,0.7397662651863655,5.5E-8,-2395.201481140961,-2057.8402725051305,0.9072232933994591,-2.407567742783295,86689.47069836046,87877.6473324004,298.6298960447461,0.4553003565062395,1.5594617595496408E-5,4.153335541112472E-8,0.0016267349613400643,-3.828930421576615E-6,-18.650008854780708,1.3694112426065885E-4,0.9072249302893728,-2.407545707533832,86689.1388367336,87877.31375489119,298.6297956208838,0.4553012041355916,1.559464603147069E-5,4.153313151866321E-8,0.0016267200726579945,-3.828853840843749E-6,-18.649524155525114,1.3691259961490232E-4,0.907224578423502,-2.4074891904422806,86689.20900359971,87877.38546757422,298.62981721236093,0.4553010219597579,1.55946399188753E-5,4.153317964468664E-8,0.0016266818854339734,-3.828642304171126E-6,-18.64845137482348,1.3688320859017722E-4,2.282117844376006E-10,4.9228237534500165E-8,5.301696457186792E-9,2.1225629713177907E-10,6.3926103887994426E-12,2.3061676469514818E-11,-2.6116342791194825E-6
1.3E-6,1.3E-6,0.7542714860723726,5.5E-8,-2354.755613715402,-2176.747371393548,0.9037010879205019,-2.448902735166231,87406.52350991321,88598.7510861635,298.8462899613677,0.4534714194542812,1.5533426359792248E-5,4.2018768249206496E-8,0.0016546640102474534,-3.936107531643529E-6,-19.35315063396297,1.6961059169062764E-4,0.9037027662974274,-2.4488688774725462,87406.18006965879,88598.40588628972,298.84618670278013,0.45347229337572326,1.553345551996344E-5,4.201853519568386E-8,0.0016546411334273962,-3.936024365032154E-6,-19.352635814031828,1.6958470553873894E-4,0.9037024344538308,-2.4488981556576577,87406.24833631926,88598.47413622739,298.8462071175653,0.45347212057909253,1.5533449754502506E-5,4.201858127462517E-8,0.0016546609159849039,-3.936101257266955E-6,-19.353102231415505,1.696222483325016E-4,2.341321722129539E-10,4.927673913916438E-8,5.2421039533697104E-9,2.1612233144448647E-10,6.739499362444468E-12,2.4015441820477845E-11,-2.681138646249953E-6
1.325E-6,1.325E-6,0.7687767069583797,5.5E-8,-2324.33437870669,-2118.2036022093735,0.9001192210665027,-2.489828932794332,88142.64239790925,89338.91701858376,299.0669720231828,0.45160113092453524,1.5471191054297072E-5,4.251997672255516E-8,0.0016823168464826569,-4.043668958928492E-6,-20.17988072425942,2.499447371562269E-4,0.9001209826284711,-2.4897479267876244,88142.2777489882,89338.55130412296,299.06686334118797,0.45160205333613357,1.5471221663519443E-5,4.251972832650791E-8,0.0016822621126943407,-4.043428412785488E-6,-20.17853955514306,2.4989484199267054E-4,0.9001205630462417,-2.4898397878089096,88142.36567711338,89338.63840562664,299.0668892236033,0.4516018335995349,1.5471214372780417E-5,4.251978749297223E-8,0.0016823241809519659,-4.043708240573096E-6,-20.179939424131135,2.4990808698532874E-4,2.399362037645839E-10,4.932608436005072E-8,5.181961090522248E-9,2.1981060561132788E-10,7.096833940017945E-12,2.495959113458604E-11,-2.7511813912515306E-6
1.3500000000000002E-6,1.3500000000000002E-6,0.783281927844387,5.5E-8,-2281.1399129959455,-1937.266027108194,0.8964782358415746,-2.530415284066875,88897.92907418885,90098.43726838559,299.2919390872945,0.449689203427404,1.5407920586492833E-5,4.3037432119371184E-8,0.0017097400568019427,-4.147793673467959E-6,-20.94150723139296,3.041657660993735E-4,0.8964800767602407,-2.5303854048170837,88897.54508836968,90098.0514202779,299.2918251792753,0.44969017287661933,1.5407952578733795E-5,4.3037168431191007E-8,0.0017097198681196512,-4.147685520479172E-6,-20.940833367681762,3.041329489725797E-4,0.8964795347897042,-2.530463416611751,88897.65934059989,90098.16500728633,299.29185870948777,0.4496898874381991,1.5407943160145537E-5,4.3037246063170085E-8,0.0017097725787917236,-4.147951579938081E-6,-20.942245237336238,3.0417294648898974E-4,2.456433830423344E-10,4.9376265853706164E-8,5.121298104838597E-9,2.2327958932953052E-10,7.46458579471809E-12,2.589331517348079E-11,-2.821238457727362E-6
1.3750000000000002E-6,1.3750000000000002E-6,0.7977871487303941,5.5E-8,-2227.4890915730443,-1886.054192512369,0.8927785910606232,-2.570709170057216,89672.84194657218,90877.62943424364,299.5211929333857,0.44773529926094113,1.5343622381227707E-5,4.357161734602286E-8,0.001736965655444065,-4.251298600905784E-6,-21.780758887152615,3.8780785216019353E-4,0.8927804251948565,-2.570748925084381,89672.45688705334,90877.24126883448,299.52107910979686,0.4477362707029014,1.5343654259798687E-5,4.3571350396948795E-8,0.0017369925169489061,-4.251432539916778E-6,-21.781316411733997,3.877955785505094E-4,0.8927798756708009,-2.570682773270246,89672.57150326566,90877.35757097085,299.52111321508573,0.44773597966756856,1.534364470867697E-5,4.3571430376174755E-8,0.0017369478197771934,-4.251255469682746E-6,-21.78039400107332,3.8776121245476247E-4,2.512420899050003E-10,4.942727708494913E-8,5.060143781461599E-9,2.2651487220248394E-10,7.84273523449996E-12,2.6820133880789196E-11,-2.8964066637031013E-6
1.4000000000000001E-6,1.4000000000000001E-6,0.8122923696164014,5.5E-8,-2178.152318140307,-1891.8014447314322,0.889020851004744,-2.610521071526788,90467.57365561626,91676.7967443648,299.75472890352233,0.4457391289281822,1.527830567544268E-5,4.4123020944164965E-8,0.0017638655888694513,-4.351246706164602E-6,-22.588893534945782,4.597909434451708E-4,0.8890226458890809,-2.6105366344941014,90467.19285286617,91676.41314517669,299.7546171886613,0.4457400851773154,1.527833687611481E-5,4.4122755415158577E-8,0.0017638761043879065,-4.351330617566873E-6,-22.589174426790805,4.597635214480533E-4,0.8890222349152046,-2.610409626237022,90467.27791482626,91676.50099059253,299.75464277597666,0.44573986627864526,1.5278329732113983E-5,4.412281620988788E-8,0.0017637902879979878,-4.350901206748858E-6,-22.58696695337335,4.597204916265696E-4,2.566875314261366E-10,4.947910940826052E-8,4.998529413051712E-9,2.2953890086026045E-10,8.231222346686201E-12,2.774015311428859E-11,-2.970380734541202E-6
1.4250000000000001E-6,1.4250000000000001E-6,0.8267975905024085,5.5E-8,-2130.4472179093073,-1810.5877135371018,0.8852058460953321,-2.649667865652561,91282.45133231663,92496.19237301503,299.9925254318733,0.4437005402995996,1.5211984312142292E-5,4.469211236615196E-8,0.0017903161254409197,-4.448358515674045E-6,-23.441407943608965,5.510395286130176E-4,0.88520768723057,-2.649588979988843,91282.05516008804,92495.79496760396,299.9924105036125,0.4437015270769294,1.5212016321361103E-5,4.469183543277698E-8,0.0017902628243167858,-4.448137718782163E-6,-23.440037839133765,5.509555430087687E-4,0.8852073390411249,-2.649627015133198,91282.13023771142,92495.8701228342,299.99243223803603,0.4437013404585996,1.521201026788288E-5,4.4691887805469545E-8,0.0017902885237386472,-4.448200353266429E-6,-23.44045255650167,5.509965644208137E-4,2.619489205362199E-10,4.953175079774963E-8,4.936489779025629E-9,2.323624094496876E-10,8.62993168397088E-12,2.865112311640249E-11,-3.0370625175387176E-6
1.45E-6,1.45E-6,0.8413028113884157,5.5E-8,-2076.524295979671,-1709.3735926894653,0.8813344564777513,-2.6882626722694094,92117.66290139769,93336.06353408979,300.23455750363826,0.441619405475862,1.5144672979681122E-5,4.527937271554584E-8,0.0018163936974793307,-4.541445957926271E-6,-24.28054142436895,6.388640136698598E-4,0.8813364608459198,-2.688115820473096,92117.22603352113,93335.62652055659,300.2344320149842,0.4416204862588594,1.5144707831942842E-5,4.5279066087155765E-8,0.0018162944732926325,-4.540980404783568E-6,-24.27782731969728,6.38739518599607E-4,0.8813359686218121,-2.6882783619163377,92117.33560345919,93335.73382693813,300.2344628236768,0.4416202207927658,1.5144699273071572E-5,4.527914139048203E-8,0.0018164042985921202,-4.54151107561529E-6,-24.280793163096405,6.388614539343251E-4,2.670368390481207E-10,4.9585188832470046E-8,4.874059727318412E-9,2.3495451155056606E-10,9.038733197251929E-12,2.955094002042382E-11,-3.0984799124425637E-6
1.475E-6,1.475E-6,0.8558080322744228,5.5E-8,-2020.7381887616286,-1676.7258745034587,0.8774074218727704,-2.726391918487995,92973.53491764415,94196.69271400046,300.4808083525598,0.43949551974463336,1.5076383905004716E-5,4.588532426265854E-8,0.0018421567016810778,-4.631525153513394E-6,-25.152151080930935,7.406959924445289E-4,0.8774095962185863,-2.7263027798498976,92973.05724245698,94196.21376875121,300.4806718061648,0.4394966993327029,1.5076421718637405E-5,4.588498585755978E-8,0.0018420964728715523,-4.631216329329391E-6,-25.15029021878786,7.40613398289014E-4,0.8774089450465762,-2.7263619158538934,92973.20104420542,94196.35719789877,300.48071269604446,0.43949634605175136,1.5076410394228574E-5,4.588508720375596E-8,0.001842136429631009,-4.631457427848318E-6,-25.151600465716,7.406361077446633E-4,2.7196277501250487E-10,4.9639412606981836E-8,4.8112717582459375E-9,2.372842738993875E-10,9.457514223504496E-12,3.043708930944087E-11,-3.1633150435385193E-6
1.5E-6,1.5E-6,0.87031325316043,5.5E-8,-1969.7868276100774,-1665.2908730835888,0.8734255297036787,-2.7639034741389117,93850.30703595065,95078.35714190737,300.7312578353194,0.437328702034875,1.5007130123157507E-5,4.6510503340139615E-8,0.0018675023473911565,-4.717188404583794E-6,-26.020448876337923,8.438278971745206E-4,0.873427748546528,-2.7639312219973724,93849.8167726347,95077.86330251572,300.73111806151786,0.43732991317177006,1.5007168716729246E-5,4.6510151910088174E-8,0.0018675210959441706,-4.717277462020775E-6,-26.020799889215823,8.438335679752385E-4,0.8734271101336082,-2.763853623792896,93849.95655347485,95078.00539837072,300.73115828207756,0.43732956472646156,1.500715761245902E-5,4.651025302281497E-8,0.0018674686647249298,-4.71703312271643E-6,-26.019412798420262,8.437567627623821E-4,2.7669447916720366E-10,4.9694410690922796E-8,4.74815859591629E-9,2.393642920797051E-10,9.886146641234892E-12,3.13080831132005E-11,-3.231130173945135E-6
1.5250000000000002E-6,1.5250000000000002E-6,0.8848184740464372,5.5E-8,-1919.545436164834,-1585.3224451909944,0.8693897813676091,-2.8006505294105404,94748.23280262417,95981.29067564623,300.98587172295044,0.4351188878179413,1.4936928369689777E-5,4.7155433651133454E-8,0.0018923314387909057,-4.798158698093857E-6,-26.906661466156947,9.578694765597362E-4,0.869391951398282,-2.8006917469136803,94747.74869876473,95980.8026162403,300.9857346023975,0.43512007972776723,1.493696612042342E-5,4.7155083772842983E-8,0.0018923592884551893,-4.798335132250032E-6,-26.907432658799053,9.578593032486538E-4,0.8693914195123246,-2.800620673527212,94747.86610930446,95980.92224919697,300.98576821583976,0.43511978761204084,1.4936956867521528E-5,4.715516952792732E-8,0.001892311265896765,-4.798068706008962E-6,-26.905990742124914,9.578174154611929E-4,2.811868737304305E-10,4.9750168192078954E-8,4.684756341597173E-9,2.4121880429724283E-10,1.0324442642398007E-11,3.216429644713834E-11,-3.2918037576948956E-6
1.5500000000000002E-6,1.5500000000000002E-6,0.8993236949324444,5.5E-8,-1861.1666567650304,-1452.2602481471536,0.8653012507915879,-2.836679085008483,95667.51235124268,96905.7131150695,301.24461046096684,0.4328660547937355,1.4865796621879359E-5,4.7820647236532923E-8,0.0019166750574381643,-4.8738786495050595E-6,-27.79260865755714,0.001075944543927676,0.8653034161294696,-2.8366448262443904,95667.02266059478,96905.22093593405,301.2444732190602,0.43286725169789936,1.4865834297361713E-5,4.782029172845999E-8,0.001916651909624588,-4.873810212302487E-6,-27.791888653080377,0.0010758374550645655,0.8653029276025822,-2.836655909885807,95667.1331820486,96905.33197763834,301.2445041826007,0.43286698166306353,1.4865825797309395E-5,4.7820371935066865E-8,0.0019166593985714912,-4.8738199060949226E-6,-27.792092276451967,0.0010758935723593765,2.854412098261188E-10,4.980666842795465E-8,4.621102445538969E-9,2.428266793655532E-10,1.0772179435197087E-11,3.3005232638653774E-11,-3.342277106477293E-6
1.5750000000000002E-6,1.5750000000000002E-6,0.9138289158184515,5.5E-8,-1794.634774034807,-1355.627556168227,0.8611609091979465,-2.8720874280298325,96608.4041384511,97851.8692614246,301.50744013827426,0.4305701276237189,1.4793751049709267E-5,4.850671329880076E-8,0.0019405996135336706,-4.944725360473967E-6,-28.6936376249364,0.0012036522794787174,0.861163154495934,-2.8720106424300917,96607.88998030794,97851.35342054607,301.50729738943926,0.43057137670118995,1.4793790123301324E-5,4.8506337807328333E-8,0.0019405477313716836,-4.944493780811854E-6,-28.691960314499966,0.001203508094130612,0.8611626178429722,-2.8720666213980413,96608.013635857,97851.4767083362,301.5073315055339,0.4305710781426118,1.4793780784246932E-5,4.8506427554765246E-8,0.0019405855549986765,-4.944673904674346E-6,-28.69313116283729,0.0012035930248668336,2.8948120214731707E-10,4.9863896201431035E-8,4.55723190737107E-9,2.4414594414281844E-10,1.1229151965237899E-11,3.382891051110599E-11,-3.3942260256365735E-6
1.6000000000000001E-6,1.6000000000000001E-6,0.9283341367044586,5.5E-8,-1728.9452465660756,-1330.885991063986,0.8569697119081974,-2.906801277463943,97571.14493463213,98820.0096412544,301.7743270503736,0.4282310253466564,1.4720807524480618E-5,4.921422566892958E-8,0.001964054917205367,-5.010015505320098E-6,-29.597766900501483,0.0013370762473718933,0.8569720605979887,-2.906735102806184,97570.60153495727,98819.46417682889,301.7741772611801,0.42823234039870917,1.4720848404761825E-5,4.9213825463995285E-8,0.001964010204598773,-5.009812621210586E-6,-29.596281318721594,0.0013369612036360223,0.856971453092383,-2.9067773548979403,97570.74262282863,98819.60526174483,301.7742160033088,0.428232000240453,1.4720837830781103E-5,4.9213928980144185E-8,0.001964038753309419,-5.009958132831116E-6,-29.59720259144001,0.0013370098123712815,2.932888386282316E-10,4.992183686484801E-8,4.493178457448036E-9,2.451768090442696E-10,1.1695157890789855E-11,3.463411779053951E-11,-3.4500790932674397E-6
1.6250000000000001E-6,1.6250000000000001E-6,0.9428393575904658,5.5E-8,-1670.8449262537354,-1329.279738175121,0.8527287713174769,-2.940675566864862,98555.95255242803,99810.34972970781,302.04522655775395,0.42584875934839067,1.4646984629105714E-5,4.994377375789926E-8,0.0019869429505843662,-5.069148805176838E-6,-30.508929783503845,0.0014790954289094493,0.8527312086807255,-2.940619705498334,98555.38272898288,99809.77745082504,302.04507062503683,0.42585013296700713,1.4647027060773317E-5,4.994335046899797E-8,0.001986905206417793,-5.068989255079259E-6,-30.5076629156556,0.0014789842969755718,0.852730564669301,-2.9406278130874988,98555.53314845376,99809.92866106328,302.0451118265865,0.4258497700249365,1.4647015849281769E-5,4.9943462311848356E-8,0.0019869106845185804,-5.069017108070284E-6,-30.507855670974777,0.0014789846645273386,2.968264587599584E-10,4.998047323536352E-8,4.4289778904226554E-9,2.4593995888512505E-10,1.2169949105144517E-11,3.5420127146562195E-11,-3.4978239461922824E-6
1.65E-6,1.65E-6,0.9573445784764729,5.5E-8,-1616.638305133386,-1268.944145810953,0.8484393416140477,-2.9736587878114826,99562.8824498295,100823.07091486377,302.32008387206156,0.4234234272245693,1.4572303393775747E-5,5.069594352694131E-8,0.002009228910683434,-5.1227900775074886E-6,-31.302625388578463,0.0015740048438466214,0.8484418564432158,-2.973607797711957,99562.28809416517,100822.47389713586,302.3199224769733,0.4234248538494666,1.457234718255267E-5,5.0695498267292865E-8,0.002009194457913484,-5.122649692737014E-6,-31.301406621253136,0.0015738805062992522,0.8484412092337122,-2.9736037369894524,99562.44072743009,100822.62754563117,302.319964014368,0.4234244867047336,1.457233591319463E-5,5.069561285718629E-8,0.0020091917141820625,-5.122626224931537E-6,-31.30139014850147,0.0015739088471737883,3.000827031260209E-10,5.003978579453022E-8,4.3646676521545644E-9,2.464307159971672E-10,1.265323571595062E-11,3.618524045770828E-11,-3.539236697598587E-6
1.675E-6,1.675E-6,0.9718497993624801,5.5E-8,-1557.0455193921334,-1146.371608974181,0.8441027742956813,-3.0056708100165563,100592.3985146743,101858.3297564528,302.59883665251004,0.4209551952903801,1.4496786523591041E-5,5.1471323174440194E-8,0.002030858655416592,-5.167283627827146E-6,-32.28750272558136,0.0017638697227193578,0.8441053358900072,-3.0056568319292576,100591.78707795375,101857.71482659927,302.59867173549213,0.4209566581017565,1.4496831135633226E-5,5.147086065514358E-8,0.002030849210763012,-5.167261295326853E-6,-32.28700076549785,0.0017637860390342652,0.8441046872963778,-3.005662652602897,100591.94187175596,101857.8705259088,302.5987134923159,0.4209562877193955,1.44968198399004E-5,5.147097776417398E-8,0.002030853143650606,-5.167267543839671E-6,-32.28710681017105,0.0017637970918441548,3.0304404526405223E-10,5.0099753958057165E-8,4.3002855546775935E-9,2.4664686016276013E-10,1.3144702550467278E-11,3.6927949379785865E-11,-3.58054378513392E-6
1.7000000000000002E-6,1.7000000000000002E-6,0.9863550202484874,5.5E-8,-1489.9731107846028,-1045.9668617307113,0.839720516479843,-3.0366576455136154,101644.28965862432,102916.25464437406,302.88141507338,0.4184442918590262,1.442045836942588E-5,5.2270503146839675E-8,0.0020517957064281186,-5.2055906331816005E-6,-33.12529070790379,0.001895121498431629,0.8397230790717017,-3.036670677909438,101643.67171852214,102915.6325283799,302.8812495692075,0.4184457650447339,1.4420503008138438E-5,5.227003114981867E-8,0.0020518045121009714,-5.205673468537952E-6,-33.125426688818834,0.0018950670351203652,0.839722423358028,-3.036674938561419,101643.83003754557,102915.79171356701,302.8812919176416,0.4184453880849601,1.4420491586025642E-5,5.227015192362013E-8,0.0020518073909198777,-5.20568014067635E-6,-33.12559425149152,0.0018951021494509473,3.0569006802027556E-10,5.0160355229243106E-8,4.235870213853072E-9,2.465937178796534E-10,1.364400228387785E-11,3.764794378694223E-11,-3.614998783158985E-6
1.7250000000000002E-6,1.7250000000000002E-6,1.0008602411344945,5.5E-8,-1420.6681331800796,-982.0238770938248,0.8352939832559889,-3.066716719230104,102718.93801410965,103996.97726669964,303.16774978926634,0.4158909459114401,1.4343342706441621E-5,5.309409759520544E-8,0.002072105891371692,-5.235259776412704E-6,-34.067721717179666,0.0020823958585865117,0.8352965619500079,-3.0666824261544936,102718.30820181684,103996.34412491774,303.1675827221277,0.41589243838588774,1.4343387635327516E-5,5.3093612948374174E-8,0.0020720827203746578,-5.23520588728843E-6,-34.066941193625325,0.002082275616617082,0.8352959073839599,-3.0666765721990643,102718.46777360144,103996.50484025397,303.16762513069887,0.4158920595467264,1.4343376230747889E-5,5.309373596853411E-8,0.002072078764999368,-5.235177283537951E-6,-34.06684090973704,0.002082278123845923,3.080311003461377E-10,5.0221566717050486E-8,4.171459784282333E-9,2.4624666613481E-10,1.4150774119805779E-11,3.83447946659522E-11,-3.6393345542098632E-6
1.7500000000000002E-6,1.7500000000000002E-6,1.0153654620205017,5.5E-8,-1351.7921615073851,-913.685839472014,0.8308245394577524,-3.0958246230846496,103816.29129324423,105100.6350958623,303.45777321940454,0.41329536889386415,1.4265462414623158E-5,5.394274967924375E-8,0.0020917733939761146,-5.25790588739028E-6,-34.926435738041846,0.0022401944226510817,0.8308272060941588,-3.0957372287632756,103815.63127808504,105099.97286547163,303.45759991330743,0.4132969227846815,1.4265508886102553E-5,5.394223814122891E-8,0.00209171434375897,-5.257665907407727E-6,-34.92435330021203,0.0022399770288458742,0.8308265471572988,-3.095748680097308,103815.79411751335,105100.13650626206,303.4576427387807,0.4132965388166728,1.426549740280905E-5,5.394236454356091E-8,0.00209172208114683,-5.2576853289565405E-6,-34.92461390722542,0.0022400194023259323,3.1007377782587155E-10,5.0283366017334455E-8,4.107090662118638E-9,2.455857316451492E-10,1.466466433380466E-11,3.901747404106282E-11,-3.6667763822043843E-6
1.7750000000000002E-6,1.7750000000000002E-6,1.0298706829065087,5.5E-8,-1284.9465543602275,-871.4518666991482,0.8263137309766794,-3.123753818061261,104936.56859916718,106227.3146252849,303.7514043820018,0.4106578965514011,1.4186843510228163E-5,5.4817086850439953E-8,0.0021106444716630143,-5.271233152512877E-6,-35.835181776166564,0.0024318211745474327,0.8263165098866531,-3.123685501885826,104935.87325939735,106226.61654986,303.7512232086213,0.41065952694181446,1.418689194947212E-5,5.481654260228443E-8,0.0021105983120850175,-5.271041485030992E-6,-35.83338799723697,0.002431628472351899,0.8263158156227354,-3.123722861849899,104936.04739024556,106226.79094981315,303.75126847042196,0.41065911961074525,1.4186879847742053E-5,5.4816678573208825E-8,0.002110623555303986,-5.271149067453962E-6,-35.83425049226662,0.0024317083886302715,3.1178226011988677E-10,5.034572914404273E-8,4.042799926165953E-9,2.446350326693636E-10,1.5185288098884866E-11,3.966529228794967E-11,-3.6919384586806474E-6
1.8000000000000001E-6,1.8000000000000001E-6,1.044375903792516,5.5E-8,-1223.6458846547332,-856.5658500981041,0.8217633486295908,-3.15038982532221,106079.67521913045,107377.03070464464,304.04854451344625,0.4079790267416316,1.4107516262202238E-5,5.5717705201972794E-8,0.002128641773866358,-5.275616914843795E-6,-36.68515283856004,0.0026093406292684307,0.8217661911169981,-3.150370508521835,106078.95690683929,107376.30836482931,304.04835860850324,0.4079807058908527,1.4107565821488915E-5,5.571713667920148E-8,0.0021286287219742126,-5.275594597549116E-6,-36.68449393394599,0.0026092275808142773,0.8217654554740655,-3.1503908276669277,106079.14321190827,107376.49530579444,304.0484067198868,0.4079802713177811,1.4107552995420554E-5,5.571728381391678E-8,0.0021286424511263026,-5.275657803736067E-6,-36.685070894232695,0.002609287872447963,3.131265267731994E-10,5.040862842267496E-8,3.978627165518045E-9,2.434144800298857E-10,1.5712198108293312E-11,4.028743605308469E-11,-3.7049244097093992E-6
1.825E-6,1.825E-6,1.058881124678523,5.5E-8,-1163.9032500888397,-771.494308695996,0.8171752490602054,-3.175758325781518,107245.67306018774,108549.76886729948,304.34908845613717,0.40525932237959766,1.4027512074387015E-5,5.6645200469007304E-8,0.0021457826525550796,-5.270244341915032E-6,-37.55336775252613,0.0028080709905533574,0.8171781083528085,-3.175754979789553,107244.942514474,108549.03377501914,304.34890086448644,0.4052610231273372,1.402756193897817E-5,5.664461628222341E-8,0.002145780391749698,-5.270290411800716E-6,-37.55314508069341,0.0028079789056825177,0.8171773665776536,-3.175743010557577,107245.13175726493,108549.2244777782,304.348949531403,0.40526058191294134,1.4027549002802205E-5,5.664476783462719E-8,0.002145772304430795,-5.270243191262125E-6,-37.55292237419053,0.002807970451989661,3.1410825824061503E-10,5.0472034321763975E-8,3.91461256949846E-9,2.419140563520162E-10,1.6244913468196023E-11,4.088174562829921E-11,-3.7115463352216067E-6
1.85E-6,1.85E-6,1.0733863455645303,5.5E-8,-1094.0842110811918,-598.1169019874687,0.8125512937990543,-3.1998289236523325,108434.47082763708,109745.49862877857,304.65292859550954,0.4024993751214511,1.394686242395185E-5,5.760017928404318E-8,0.00216204657003536,-5.255456454875684E-6,-38.379644627758125,0.003001239963849045,0.8125541757643124,-3.1998013636573375,108433.72530020529,109744.74902148586,304.65273892790105,0.4025011012614354,1.3946912696768226E-5,5.7599577639185184E-8,0.00216202794841712,-5.255434981989993E-6,-38.37886043638741,0.0030010844631536138,0.8125534453525015,-3.1997970887949454,108433.91395098997,109744.93900450534,304.6527869985633,0.4025006637891754,1.394689995551259E-5,5.759973012046393E-8,0.0021620250599965847,-5.255399409094252E-6,-38.37876095461297,0.003001101882487145,3.1472812360247234E-10,5.053591678568125E-8,3.85079542030818E-9,2.401266861853193E-10,1.6782944133075782E-11,4.144569597395976E-11,-3.715347558963141E-6
1.8750000000000003E-6,1.8750000000000003E-6,1.0878915664505375,5.5E-8,-1012.5607536719332,-469.31944878208037,0.807893418049406,-3.222529088463842,109646.04282447213,110964.15471267392,304.9599502355275,0.399699850093013,1.386560006240569E-5,5.8583243702407204E-8,0.0021773845192323256,-5.230525046329149E-6,-39.20405306982843,0.0032081048781416044,0.8078963514137852,-3.222485452033183,109645.27463654538,110963.38275374408,304.95975658747744,0.39970161926016223,1.3865651245324343E-5,5.858261782804808E-8,0.0021773550351575563,-5.23044889135349E-6,-39.20281374991191,0.0032079077521967037,0.8078956168849026,-3.2224956165949976,109645.46697386932,110963.57605568563,304.9598050779584,0.39970117625318585,1.3865638428870358E-5,5.858277454923156E-8,0.002177361903104728,-5.230463728764789E-6,-39.20310373830239,0.0032079594851222026,3.1498096514501395E-10,5.060024491012262E-8,3.787214471197979E-9,2.3805076588772823E-10,1.7325784932766514E-11,4.19789699089028E-11,-3.7115055452912405E-6
1.9000000000000002E-6,1.9000000000000002E-6,1.1023967873365448,5.5E-8,-933.0050298765292,-462.0905929024357,0.8032036679631384,-3.243778574237027,110880.24021750984,112205.62457861962,305.2700290235051,0.39686150994482033,1.3783759668282562E-5,5.9594980972888734E-8,0.002191742279889883,-5.195422193651211E-6,-39.990576709699326,0.003413397759952197,0.8032066547308054,-3.243748291769807,110879.44913365554,112204.82927628735,305.2698312413959,0.39686332389611134,1.3783811797220966E-5,5.9594329493714647E-8,0.0021917218187633833,-5.1953872846866035E-6,-39.98963148208304,0.003413232138453459,0.8032059079659897,-3.243755161433619,110879.64691433043,112205.02812078412,305.2698806917497,0.396862870364936,1.3783798763714908E-5,5.9594492378538345E-8,0.002191726460428121,-5.195394390540286E-6,-39.98985870888373,0.003413273737449707,3.148583499946311E-10,5.066498630400267E-8,3.723908472103275E-9,2.356864327367545E-10,1.787290656365049E-11,4.248384974205129E-11,-3.7033610358250133E-6
1.925E-6,1.925E-6,1.1169020082225518,5.5E-8,-864.5581671700056,-464.6788113636985,0.7984842389754333,-3.2634522710302716,112136.90964267035,113469.73549791174,305.5830282350893,0.3939852429755732,1.370137851996335E-5,6.06359514210808E-8,0.002205035318263697,-5.149536008133282E-6,-40.75855982886401,0.0036273345166506488,0.7984872787703852,-3.2634099997305417,112136.09475656511,113468.91648464421,305.58282632659854,0.393987102049417,1.3701431589352508E-5,6.063527342561145E-8,0.0022050067565746903,-5.149480772672632E-6,-40.757366723313,0.003627127086126336,0.7984865057883128,-3.2634387879309728,112136.30239031935,113469.12474736277,305.58287766824486,0.39398662930674383,1.3701418094467247E-5,6.063544583066873E-8,0.002205026208061468,-5.149544577136567E-6,-40.75809063299084,0.003627227454039428,3.1433914044349637E-10,5.073010618313517E-8,3.6609170188301505E-9,2.330487763784674E-10,1.8423740310460752E-11,4.2962181996311995E-11,-3.690161926308107E-6
1.95E-6,1.95E-6,1.1314072291085588,5.5E-8,-798.6832776782086,-361.1544584099383,0.7937374864038109,-3.2814534132200284,113415.7893812448,114756.2479150354,305.8987978871058,0.3910720733652193,1.3618496685428462E-5,6.170668137290431E-8,0.002217198252175695,-5.092737497705002E-6,-41.48548211073012,0.0038409488122148616,0.7937406017077228,-3.2813913833842925,113414.94381989141,114755.39859197983,305.89859033772467,0.39107399196667064,1.3618551088902301E-5,6.170597070278496E-8,0.002217156340124522,-5.092624685119063E-6,-41.48372321424176,0.0038406734896092587,0.7937397865631519,-3.2814213316185064,113415.1654485136,114755.6208220965,305.8986446435826,0.3910734899460129,1.3618536853792374E-5,6.170615665452996E-8,0.00221717657541791,-5.092701400855049E-6,-41.48456622487947,0.003840779462690236,3.1341307838985957E-10,5.079556711191119E-8,3.5982806470957444E-9,2.3014761167154847E-10,1.897767523904607E-11,4.341226213301713E-11,-3.6657010836235362E-6
1.975E-6,1.975E-6,1.145912449994566,5.5E-8,-723.8766763468847,-208.828363028749,0.788965860775746,-3.2977477404834525,114716.59840686625,116064.86961413026,306.217178857972,0.38812312638985896,1.353515589810947E-5,6.28076726632136E-8,0.0022282079327590894,-5.024884193005619E-6,-42.181931338453296,0.004059660776576379,0.7889690329344969,-3.2977304587908085,114715.72830783173,116063.99450365962,306.2169668845144,0.38812509368263415,1.3535211311111987E-5,6.28069323674376E-8,0.0022281962559397355,-5.024894271912217E-6,-42.18125027510132,0.004059525871909386,0.7889682214946588,-3.29769610691646,114715.94991319563,116064.21835977098,306.2170211097757,0.3881245904562018,1.3535197136438716E-5,6.280712173423818E-8,0.0022281730452138244,-5.024790154237735E-6,-42.18045566736305,0.004059426147211553,3.120903428001129E-10,5.086133047340276E-8,3.536039342800937E-9,2.2697616052271413E-10,1.9534083813676725E-11,4.382969841974663E-11,-3.634513455515183E-6
2.0000000000000003E-6,2.0000000000000003E-6,1.1604176708805733,5.5E-8,-642.1178817974602,-115.19988795014471,0.7841718933023479,-3.3122597724936,116038.97985693337,117395.25682543142,306.538003759793,0.38513962232180926,1.3451399307282237E-5,6.393940187901821E-8,0.002238013359792973,-4.945989039129018E-6,-42.8339767707605,0.00427801485042778,0.7841750619019727,-3.3122825467525643,116038.10153999274,117394.37229276117,306.53779139406845,0.38514160115605073,1.3451454675295403E-5,6.393864523043768E-8,0.002238028747805787,-4.946132622194455E-6,-42.83443356984708,0.004277994057492407,0.7841742955744326,-3.312253205604401,116038.31326741764,117394.58621946044,306.53784275673667,0.3851411225809549,1.34514412845126E-5,6.393882822505683E-8,0.0022380089227056763,-4.946015057214481E-6,-42.833627091479684,0.0042779397254513185,3.103678497654209E-10,5.09273567042348E-8,3.474232284792213E-9,2.2354090557856386E-10,2.0092326904043066E-11,4.421186685268834E-11,-3.6011249505378293E-6
2.025E-6,2.025E-6,1.1749228917665804,5.5E-8,-562.6730144269395,-77.75743014441416,0.7793582519040192,-3.3248756111656053,117382.52354759518,118746.99584050984,306.8610930787796,0.38212291501078094,1.3367272461675196E-5,6.510230236316337E-8,0.0022465375751118954,-4.855860212842344E-6,-43.443948334856486,0.004498258757863027,0.7793614209384221,-3.324853264337489,117381.6334739512,118746.10066656563,306.8608800659877,0.38212490795953324,1.3367327855030147E-5,6.510152786627388E-8,0.0022465224759037087,-4.855898101681077E-6,-43.44321431988624,0.0044980343149347846,0.7793606313066179,-3.3249142127403073,117381.85673447743,118746.3237135152,306.86093313922333,0.3821244113669797,1.3367314052607797E-5,6.510172084740301E-8,0.0022465636572569646,-4.856027830726361E-6,-43.444881634680996,0.004498323236958868,3.082282221137846E-10,5.099360375815242E-8,3.412899248803176E-9,2.198607492692734E-10,2.065172868335104E-11,4.4560524630851916E-11,-3.5594244935624434E-6
2.0500000000000003E-6,2.0500000000000003E-6,1.1894281126525876,5.5E-8,-487.9997402084427,-22.67371100201715,0.7745277471106846,-3.335511917578861,118746.73202648072,120119.59765354215,307.186254643792,0.37907449957586886,1.3282823418849827E-5,6.629675652531394E-8,0.0022537242686343655,-4.75456100744509E-6,-44.00181192690229,0.004716757135202698,0.7745309798400279,-3.3354458482346607,118745.8120272267,120118.67364039832,307.18603672741733,0.3790765467692457,1.3282879944247437E-5,6.629594777912157E-8,0.0022536796271855814,-4.754471669770055E-6,-43.99979632643863,0.004716379278754346,0.7745301171739187,-3.3354876296114813,118746.05825471504,120118.92021338556,307.1860948771284,0.3790760004628094,1.3282864860231387E-5,6.629616359502567E-8,0.0022537078578455955,-4.754582010377817E-6,-44.001059814800556,0.004716528609826298,3.0566954335747835E-10,5.106002697820886E-8,3.3520806026167855E-9,2.1593925596546155E-10,2.121157618856894E-11,4.4879115174888765E-11,-3.5077906901509248E-6
2.075E-6,2.075E-6,1.2039333335385947,5.5E-8,-412.09516260530637,88.44929582937115,0.7696833293128771,-3.3440604060715895,120131.03918929362,121512.49507203275,307.5132836892344,0.3759960151172631,1.3198102704103773E-5,6.752308956083575E-8,0.002259500274372696,-4.642111254895554E-6,-44.50665308415705,0.004934069094481686,0.7696866367352694,-3.3440226730909206,120130.08765602064,121511.538495461,307.51306010516055,0.375998124169473,1.3198160555255878E-5,6.752224240781311E-8,0.002259474779115487,-4.642089859174803E-6,-44.50544599861723,0.0049338561769332046,0.7696857770470494,-3.3439767464520225,120130.33337159206,121511.7871380483,307.5131182239786,0.37599757597672206,1.3198145518183266E-5,6.75224626047173E-8,0.002259443747602718,-4.641961851064025E-6,-44.50414362070683,0.004933626995217821,3.026993932043611E-10,5.112658024772943E-8,3.291816177467579E-9,2.1177493519742916E-10,2.177114001515688E-11,4.516830311989839E-11,-3.4509684755760304E-6
2.1000000000000002E-6,2.1000000000000002E-6,1.218438554424602,5.5E-8,-330.02456008455584,214.56655602611207,0.7648281218162227,-3.350390230492192,121535.09390862483,122925.03056333009,307.8419606838506,0.3728892738473949,1.3113163896769869E-5,6.878155285154687E-8,0.0022637771827649948,-4.505937608740851E-6,-45.262367297038054,0.00531107930967778,0.7648314587679297,-3.350387593257954,121534.124355871,122924.05402974164,307.84173447399695,0.3728914164589596,1.3113222284947793E-5,6.878067761556868E-8,0.0022637754008499687,-4.5060238892347114E-6,-45.26295773774223,0.0053113233378638824,0.7648306433578568,-3.350370638350335,121534.36046679452,122924.29265348469,307.84178975148404,0.37289089289690097,1.3113208017343891E-5,6.878089148531294E-8,0.0022637639448313076,-4.505950041391316E-6,-45.262006455252504,0.005311092449659327,2.9931505335951013E-10,5.1193216252276035E-8,3.2321453946304675E-9,2.0738199812032282E-10,2.232967220299274E-11,4.5425651526758626E-11,-3.381416071209856E-6
2.125E-6,2.125E-6,1.232943775310609,5.5E-8,-245.27885634496818,289.89436775084,0.7599653889811261,-3.3544367366479384,122957.25738782025,124356.45547228506,308.17205260144664,0.3697562268494006,1.3028063079295611E-5,7.007232576819859E-8,0.0022665113085459042,-4.379585596012703E-6,-45.3758238323544,0.005386858227282687,0.7599687354041583,-3.3544267959053586,122956.27229765545,124355.46462519464,308.1718251324996,0.36975839033206914,1.302812165440644E-5,7.007142683925367E-8,0.002266504591827945,-4.37965893894443E-6,-45.375085878738446,0.00538656667988846,0.7599679041643818,-3.354466159738709,122956.51963039176,124355.71074877723,308.1718816325141,0.36975785293974794,1.3028107104557241E-5,7.007165012660331E-8,0.002266531189012641,-4.379719319729247E-6,-45.377908331908884,0.0053875247169585805,2.95513224002898E-10,5.125988372099357E-8,3.1731078711236664E-9,2.027771407823855E-10,2.2886396851500367E-11,4.564924960723749E-11,-3.3163025226701644E-6
2.15E-6,2.15E-6,1.2474489961966162,5.5E-8,-164.81093452873515,324.7243159575352,0.75509849716933,-3.3561257026573275,124398.94392418361,125805.95508550473,308.50331768624727,0.366598994830876,1.2942858168900253E-5,7.139551092056037E-8,0.0022676525017954917,-4.17817879721838E-6,-47.072608616315165,0.006315677506556483,0.7551018655339208,-3.3561051748504314,124397.93957029344,125804.94604331686,308.50308811733333,0.3666011873986828,1.294291715006543E-5,7.139458410383662E-8,0.0022676386316556967,-4.178208418892382E-6,-47.07067062150554,0.006314993203737629,0.755100999328727,-3.356115059956956,124398.19776494859,125805.20552588557,308.50314715282,0.36660062355855644,1.2942901982530489E-5,7.139482244189447E-8,0.0022676453107817267,-4.178212449517105E-6,-47.071086712650185,0.006315124669164618,2.9129991964937253E-10,5.1326533408199524E-8,3.1147430888510005E-9,1.9796702259674426E-10,2.34405148029222E-11,4.5839800285267776E-11,-3.2044657302902913E-6
2.1750000000000004E-6,2.1750000000000004E-6,1.2619542170826237,5.5E-8,-88.14987707619966,397.64042862866575,0.7502309751511366,-3.3553074841028216,125854.8496545703,127272.58948535833,308.8354967914057,0.36341979590570034,1.2857609968759764E-5,7.275112410139547E-8,0.0022670996514208256,-4.0489160784318305E-6,-45.98476855251829,0.005877239869782613,0.7502343617859387,-3.355302525085072,125853.83119908776,127271.56313707387,308.8352653741023,0.36342201534545904,1.2857669292614017E-5,7.275016948585846E-8,0.002267096300733157,-4.0490598460962705E-6,-45.98590789214222,0.0058776107427434,0.7502334953379446,-3.355292250098312,125854.08791546505,127271.82571882868,308.835324583614,0.3634214475072123,1.2857654114999071E-5,7.27504137192165E-8,0.002267089358174535,-4.048921563963859E-6,-45.98177033726097,0.005876037830759628,2.8668072046903704E-10,5.139310627177472E-8,3.0570900672622927E-9,1.9296034582729126E-10,2.3991214485489122E-11,4.5998814461119125E-11,-3.1375585464112383E-6
2.2E-6,2.2E-6,1.2764594379686307,5.5E-8,-7.624341099883003,531.3826910697654,0.7453665505826118,-3.3518558933930738,127327.87712213292,128755.33152340364,309.1683159089278,0.3602211356450885,1.2772382839863026E-5,7.413905112121989E-8,0.0022647674955358606,-3.9285702204949755E-6,-46.037290605456064,0.005925923309717973,0.7453699422209282,-3.3518543112421355,127326.84325371699,128754.29174941333,309.1680835649573,0.36022337333131255,1.2772442274827673E-5,7.41380716317269E-8,0.0022647664265149563,-3.9286365253587974E-6,-46.03633947030721,0.005925551741022161,0.7453690773419821,-3.351862216809702,127327.10984706537,128754.55689602351,309.1681428111961,0.36022280272323165,1.2772427118719684E-5,7.413832140093992E-8,0.0022647717681146635,-3.928694375190389E-6,-46.039534685523904,0.005926796074760432,2.8165568768064943E-10,5.145954832209427E-8,3.0001877594398644E-9,1.8777517199066896E-10,2.45376600272475E-11,4.612621017074937E-11,-3.0761563010044788E-6
2.2250000000000003E-6,2.2250000000000003E-6,1.290964658854638,5.5E-8,79.52836006163517,650.7865642887001,0.7405090975509475,-3.3456956727439584,128815.74544841805,130253.0433715607,309.501489577932,0.3570056632767991,1.2687243777393226E-5,7.55590673621172E-8,0.0022606051842864582,-3.7207005314598975E-6,-46.081787234975764,0.00616019829982406,0.7405125123719709,-3.3456655973821987,128814.69240669448,130251.98445179538,309.5012550700336,0.3570079312804774,1.268730364290436E-5,7.555805688411696E-8,0.0022605848630960802,-3.7207818074591615E-6,-46.08066589475038,0.006159801908253826,0.7405116411141189,-3.34566699348461,128814.95888545815,130252.2546230211,309.50131490413537,0.3570073526174,1.2687288368810566E-5,7.555831469758494E-8,0.0022605858064085205,-3.7206991312643824E-6,-46.07875924959421,0.006159064599202679,2.762326043528542E-10,5.152580444554911E-8,2.944075041522411E-9,1.824253748505163E-10,2.5078996665207418E-11,4.6220894136099996E-11,-2.9571440690994113E-6
2.25E-6,2.25E-6,1.305469879740645,5.5E-8,166.8574366688423,708.1602090986597,0.735662645619592,-3.3366892513486475,130317.1566017718,131764.4650873327,309.83471285306996,0.3537761793403267,1.260226258365971E-5,7.701082074028576E-8,0.0022545197644247617,-3.587331754033585E-6,-46.07414117489293,0.006224954993143683,0.735666103876037,-3.336658820098359,130316.07812971686,131763.3804791627,309.8344747967169,0.353778491352478,1.2602323235922475E-5,7.700977212768486E-8,0.0022544992027691614,-3.5873643750505837E-6,-46.07308996156826,0.006224730169535064,0.7356652373150079,-3.3366507141490667,130316.34934104446,131763.65225759876,309.83453444794844,0.35377791201856595,1.2602308037836518E-5,7.701003488387469E-8,0.0022544937257763962,-3.5873659864193997E-6,-46.07432382863908,0.006225268317976429,2.704242386162689E-10,5.1591808803857754E-8,2.888790213062803E-9,1.7692041872008054E-10,2.561436075058429E-11,4.628316668021775E-11,-2.8872420417776144E-6
2.2750000000000002E-6,2.2750000000000002E-6,1.3199751006266522,5.5E-8,249.83213339111197,764.5794662658948,0.7308314293177626,-3.3246898889117094,131830.67470645253,133288.22731249413,310.1676700317293,0.3505357488097102,1.2517512755771815E-5,7.849379699253978E-8,0.0022464120871025063,-3.363146841621756E-6,-45.9409686960887,0.006435466848984106,0.7308348999983106,-3.3247028383221116,131829.58169255764,133287.12652256156,310.1674305659328,0.3505380842486062,1.2517573651984146E-5,7.849271856194646E-8,0.0022464208367041294,-3.363290667834917E-6,-45.94143045173655,0.006435508264203804,0.7308340339613285,-3.3247099590779525,131829.85376021898,133287.40120120606,310.16749032012405,0.3505375014880844,1.251755845658761E-5,7.849298766075626E-8,0.002246425648025644,-3.3632360032243016E-6,-45.94064459047149,0.0064352020672373555,2.642391404477885E-10,5.165750510257086E-8,2.8343710787075153E-9,1.712748058478359E-10,2.6142881229246675E-11,4.6315166814534096E-11,-2.7604433133195383E-6
2.3E-6,2.3E-6,1.3344803215126593,5.5E-8,332.3055253292789,867.1331962177411,0.7260198380892118,-3.309630266464579,133354.84719150438,134822.82611317252,310.50002518345565,0.34728758033988416,1.2433070613716093E-5,8.00073289573865E-8,0.002236236666530121,-3.194971071991404E-6,-45.72598556836374,0.006505380846377307,0.7260232817920514,-3.3096552077035617,133353.75080816197,134821.72169165817,310.49978704991844,0.34728991252668584,1.243313106309578E-5,8.00062323939506E-8,0.002236253518718623,-3.195122873194123E-6,-45.72666416835523,0.006505435966047912,0.726022400156263,-3.309669862804617,133354.03301552727,134822.00443846302,310.4998480136702,0.3472893154590735,1.243311558721755E-5,8.000651312631748E-8,0.0022362634208139306,-3.195142888330338E-6,-45.728008874310945,0.006505884943777573,2.576877401931875E-10,5.1722824044364545E-8,2.7808551825613675E-9,1.6550414027990756E-10,2.6663676817617294E-11,4.6318484456902664E-11,-2.6678422995164113E-6
2.325E-6,2.325E-6,1.3489855423986665,5.5E-8,417.25580631941705,964.4537747764653,0.7212323680205057,-3.2914323492156847,134888.0548677122,136366.66883343674,310.83143716148805,0.3440350749936072,1.2349014474104617E-5,8.155059085521773E-8,0.0022239407764970843,-2.9749518063226787E-6,-45.39428930381223,0.006647034996404955,0.7212357955039524,-3.291430009648077,134886.95053677174,136365.55749588407,310.83119964306894,0.3440374108927007,1.2349074665820688E-5,8.154947241134533E-8,0.00222393919570816,-2.9750866066535766E-6,-45.3938676127043,0.006646743002704625,0.7212349051351127,-3.291427636785144,134887.23652903983,136365.846189786,310.83126134445496,0.3440368040855556,1.2349059029618275E-5,8.154976295224023E-8,0.0022239375924223946,-2.9750382505255856E-6,-45.393095646971915,0.006646455511500449,2.507884539695014E-10,5.17877035058427E-8,2.7282794401392993E-9,1.5962042424958205E-10,2.7175864997632856E-11,4.629252942260754E-11,-2.541479612430084E-6
2.3500000000000004E-6,2.3500000000000004E-6,1.3634907632846738,5.5E-8,502.0947026820747,1035.29265050214,0.7164736994690976,-3.2699205381155023,136428.58601890638,137918.02041200415,311.1615452848542,0.34078181803417257,1.2265426020736462E-5,8.312256566014837E-8,0.002209405768996961,-2.785594952712245E-6,-44.959925385923725,0.0066959610993535534,0.7164771330772974,-3.269913935129147,136427.46774953112,137916.89498574805,311.16130685441146,0.3407841726936699,1.2265486347753018E-5,8.31214174769729E-8,0.002209401307519694,-2.7857023984267927E-6,-44.959535445634856,0.006695779239933586,0.7164762601655041,-3.2698921420654825,136427.7516342297,137917.18109666032,311.1613674701951,0.3407835740767728,1.2265471011070253E-5,8.312170937344748E-8,0.0022093865824766774,-2.7856576136287E-6,-44.95922782138291,0.006695786577836316,2.4355547721807617E-10,5.185207309052142E-8,2.6766800958261413E-9,1.5364238161894337E-10,2.7678566656576053E-11,4.623638644323682E-11,-2.436394829248879E-6
2.375E-6,2.375E-6,1.3779959841706808,5.5E-8,586.9609049744884,1133.7672545567236,0.7117487726995431,-3.2449104148108194,137974.9033813665,139474.9963077093,311.4899709611356,0.33753168159171326,1.2182391655219534E-5,8.472199808149534E-8,0.0021925070370343376,-2.567776963360302E-6,-44.75972103832987,0.006926241850749193,0.7117522050249886,-3.2449187580393866,137973.77410856972,139473.85925311747,311.48973215164443,0.3375340497818271,1.2182451988058192E-5,8.472082196772524E-8,0.002192512674350937,-2.567910916297933E-6,-44.75985204639187,0.006926166896434438,0.7117513576026155,-3.2449050230561953,137974.0523847742,139474.1399853752,311.4897911133305,0.3375334650895936,1.2182437092211984E-5,8.472111234222391E-8,0.0021925033939568885,-2.567842489611394E-6,-44.759284923356745,0.006926082963317981,2.3599757515300015E-10,5.1915864950915254E-8,2.626093354111625E-9,1.4759489380319895E-10,2.8170895783979032E-11,4.615108247085592E-11,-2.313595674381976E-6
2.4000000000000003E-6,2.4000000000000003E-6,1.392501205056688,5.5E-8,674.911443477705,1248.0277131350895,0.7070627158719467,-3.216326376268241,139524.11415476835,141035.56407495265,311.8163181456334,0.3342887333511541,1.2100001245157751E-5,8.634740524496133E-8,0.0021731934974785413,-2.3653030694958942E-6,-43.92182058568619,0.0068655786351428105,0.7070661337078519,-3.216338209068638,139522.97789921545,141034.41989200882,311.81607990013634,0.3342911057027081,1.2100061352146648E-5,8.634620525120808E-8,0.0021732014926139445,-2.365440003160302E-6,-43.92202167595224,0.006865504113989118,0.707065283671107,-3.2163553985374134,139523.2612381805,141034.7044569196,311.81613915225904,0.3342905156877484,1.2100046403172772E-5,8.634650369422412E-8,0.002173213107119874,-2.3654374169268523E-6,-43.92271730105222,0.0068657056374377134,2.2813729749466557E-10,5.197900562112022E-8,2.5765550820404764E-9,1.4149029719428524E-10,2.8651970892115078E-11,4.6038843401996854E-11,-2.197961022569556E-6
2.425E-6,2.425E-6,1.407006425942695,5.5E-8,763.203467985916,1314.956451654729,0.702420727090107,-3.184148949345898,141075.028171899,142597.59913517773,312.1401847430785,0.33105719927987354,1.2018346072434887E-5,8.799709548810611E-8,0.0021514519928012826,-2.1498164056765746E-6,-43.36830045783836,0.00697951480589154,0.7024241274909259,-3.184161096873509,141073.88606556863,142596.4490090656,312.1399472930023,0.33105957340479114,1.2018405902080731E-5,8.79958723406649E-8,0.0021514602005902085,-2.1499552977388703E-6,-43.368524730581385,0.006979443947130903,0.7024232475634178,-3.1841855797698257,141074.1822931499,142596.74662931197,312.14000873735273,0.3310589590533182,1.2018390419864504E-5,8.799618885353984E-8,0.00215147674308772,-2.1499472585162493E-6,-43.369149314788956,0.006979567956506116,2.200078382682996E-10,5.204142362924191E-8,2.52809968053576E-9,1.3533269265326309E-10,2.9120939451081496E-11,4.590110913954087E-11,-2.0747401845018974E-6
2.4500000000000003E-6,2.4500000000000003E-6,1.4215116468287023,5.5E-8,847.2501560211764,1365.4177955798473,0.6978281093991113,-3.1482546965471414,142624.7248511382,144158.85713173295,312.46115864975735,0.3278414464644844,1.193751945574802E-5,8.966914901650948E-8,0.002127199119288609,-1.9448995696791373E-6,-42.40965257361245,0.006918124323249231,0.6978314877561218,-3.1482728854353765,142623.57882688686,144157.70286513786,312.4609223440363,0.32784381875505025,1.1937578927165536E-5,8.966790416853309E-8,0.0021272114090779572,-1.9450394890441203E-6,-42.41004079685467,0.00691809283196676,0.6978305992198761,-3.1482607151919955,142623.88006574922,144158.0064450971,312.46098449433566,0.327843194821232,1.1937563285685388E-5,8.966823157224087E-8,0.0021272031859405375,-1.9450090107397955E-6,-42.40976539177541,0.006918030925731955,2.1162976693457115E-10,5.210304494795785E-8,2.480760327410723E-9,1.291417341205087E-10,2.957697745934406E-11,4.573839657879059E-11,-1.9609006948538536E-6
2.475E-6,2.475E-6,1.4360168677147094,5.5E-8,929.7508251471529,1461.375975848759,0.6932904159165935,-3.1084211820053125,144171.3265481438,145716.9366176005,312.77880917375865,0.3246461147420494,1.1857619325557901E-5,9.136134431583068E-8,0.002100284582436022,-1.7355128068174963E-6,-41.55506743005844,0.006938767755997333,0.6932937561775827,-3.1084553941596735,144170.18269991738,145715.7840266004,312.7785751643285,0.3246484734375839,1.1857678156145568E-5,9.136008370616526E-8,0.002100307698756536,-1.7356649436806038E-6,-41.55593565556933,0.006938841975198784,0.6932929095464169,-3.108409492714226,144170.47145728322,145716.0761624595,312.7786344782735,0.32464787559056957,1.1857663244793486E-5,9.136040322313402E-8,0.0021002766842663687,-1.7355896984838638E-6,-41.55455305813507,0.006938565169292588,2.0301475583312883E-10,5.216379457612895E-8,2.434570268319494E-9,1.2294827783997563E-10,3.001926941300521E-11,4.555148367630097E-11,-1.84306889359867E-6
2.5E-6,2.5E-6,1.4505220886007166,5.5E-8,1015.3602141311083,1573.8888704527196,0.688813443820813,-3.0645316725514014,145711.8980141583,147269.26973138633,313.09268674731027,0.3214760898368093,1.1778748134732734E-5,9.307114389153271E-8,0.0020706295084806764,-1.5353407769680416E-6,-40.4211708382561,0.00684651467781805,0.6888167250593089,-3.0645789584052703,145710.7638517435,147268.12650891248,313.0924565335593,0.32147841951230083,1.177880595550848E-5,9.306987583087081E-8,0.0020706614583819393,-1.5354977868753395E-6,-40.42238751959326,0.0068466541374903045,0.6888159292983572,-3.064554013666502,145711.03863878772,147268.40376044126,313.09251236519276,0.3214778545222978,1.1778791932903787E-5,9.307018335742075E-8,0.0020706446038287175,-1.535442807067966E-6,-40.42182519173048,0.006846623814453778,1.9418928000372368E-10,5.2223594421439755E-8,2.3895626603902543E-9,1.1676987404272204E-10,3.044701616807746E-11,4.534169530369991E-11,-1.728230032248125E-6
2.5250000000000004E-6,2.5250000000000004E-6,1.4650273094867239,5.5E-8,1102.960472044485,1660.1625854011802,0.6844030740325433,-3.016588695728294,147244.07480460918,148813.18466488377,313.4023351935304,0.3183364056405096,1.17010100546635E-5,9.479573504305957E-8,0.0020382356052218204,-1.336973930676777E-6,-39.29829526743288,0.006785452524013635,0.684406301909935,-3.0166154532853233,147242.9479123038,148812.04937182117,313.4021084131477,0.3183387095935077,1.1701066964770721E-5,9.479445796302483E-8,0.0020382536846522453,-1.337115097754804E-6,-39.29887326106018,0.006785424261920525,0.6844055046007805,-3.016642433168087,147243.22729670975,148812.3298000635,313.4021644287963,0.3183381405100988,1.170105290756489E-5,9.47947734071695E-8,0.0020382719143027615,-1.3370918182431525E-6,-39.29976169647534,0.006785705583496338,1.8519092907021587E-10,5.228236681689756E-8,2.3457693093564856E-9,1.1061423244205853E-10,3.0859464592061016E-11,4.511041163379268E-11,-1.6152001423459743E-6
2.55E-6,2.55E-6,1.479532530372731,5.5E-8,1189.403068206987,1732.814753994503,0.6800652374515164,-2.9645231425831247,148764.8966188735,150345.9141722576,313.7072939548417,0.31523220315197314,1.1624510389536062E-5,9.653203367099694E-8,0.00200305617742103,-1.1486390526727065E-6,-37.975364970645614,0.006646960015814329,0.6800684445055276,-2.964524907247572,148763.76597381497,150344.77578678084,313.7070683515937,0.3152345040280708,1.1624566962306404E-5,9.653073503326727E-8,0.002003057369761873,-1.1487578406388366E-6,-37.97522630701974,0.0066467926878317485,0.6800676043175746,-2.9645578343470826,148764.06311041611,150345.07402402384,313.7071274543292,0.31523390124947354,1.1624552141306264E-5,9.653107524818575E-8,0.002003079617802083,-1.1487526684561545E-6,-37.97618982877816,0.0066470090839914064,1.7605100415766925E-10,5.234003359683274E-8,2.3032205158236855E-9,1.0449689538386778E-10,3.125591571255477E-11,4.4859043743934375E-11,-1.5096062827380952E-6
2.5750000000000003E-6,2.5750000000000003E-6,1.4940377512587382,5.5E-8,1273.7724449034515,1804.570524213434,0.6758060111572407,-2.9082011633111944,150271.6536411634,151864.5683457129,314.00709212240616,0.31216880409531156,1.1549357285247529E-5,9.827663339852034E-8,0.0019650007860210774,-9.668321969513727E-7,-36.613202084708064,0.00651036491538548,0.6758091938722495,-2.908232201421503,150270.5225348586,151863.42846300264,314.0068679685895,0.31217109890634204,1.1549413458535439E-5,9.827531475628988E-8,0.001965021757717232,-9.669490330566077E-7,-36.61405289806862,0.006510506449103559,0.6758083485583823,-2.9082069241174033,150270.82226120855,151863.7312067538,314.00692750288283,0.3121704894095751,1.1549398539180021E-5,9.827566498046456E-8,0.0019650046784577047,-9.669234670184324E-7,-36.61314048853569,0.006510220926969623,1.667982047450237E-10,5.239651640851657E-8,2.261945683239001E-9,9.843731058701253E-11,3.163571880473463E-11,4.458929176766988E-11,-1.4069516362403428E-6
2.6E-6,2.6E-6,1.5085429721447452,5.5E-8,1356.6700310511221,1881.2631329600697,0.6716316306788926,-2.847537122208034,151761.80304577583,153366.13215819604,314.3012479609135,0.3091517153392844,1.147566195872074E-5,1.0002578773059593E-7,0.0019240115690594825,-7.76156919641835E-7,-35.66342724309675,0.006606335990795742,0.6716347304212871,-2.847620541205787,151760.6929453644,153365.0123277684,314.30102941545834,0.30915396110201904,1.1475716696883814E-5,1.0002447416578928E-7,0.0019240679332471534,-7.762983686632197E-7,-35.66533463858991,0.006606608622405474,0.6716339521933267,-2.847552747123292,151760.97065186745,153365.29347098852,314.301084285134,0.30915339726817925,1.1475702954203508E-5,1.0002480395210248E-7,0.0019240221264346566,-7.762356132445802E-7,-35.663861878402486,0.006606400535503099,1.5746420217823175E-10,5.245173671291009E-8,2.221973436302525E-9,9.245300086401385E-11,3.199827443416303E-11,4.4302882395881236E-11,-1.2998348200561375E-6
2.6250000000000003E-6,2.6250000000000003E-6,1.5230481930307525,5.5E-8,1439.9312537191227,1975.2364762416894,0.6675484488219746,-2.7824561105115744,153230.86082376383,154847.47115241582,314.5892708906261,0.3061865703935003,1.140353797802555E-5,1.0177542030301821E-7,0.0018800379125078206,-6.276010805095212E-7,-33.75467528501804,0.006228554428616917,0.6675514293115545,-2.7825379459101365,153229.78470971496,154846.3853279909,314.589060548597,0.3061887397873607,1.1403590638623216E-5,1.0177412896065965E-7,0.001880093206696038,-6.277275309685137E-7,-33.75676444683177,0.006228903510987038,0.6675507189367551,-2.782511175083178,153230.04083309567,154846.644123237,314.5891106821215,0.30618822272782525,1.1403578087410746E-5,1.0177443674014548E-7,0.0018800751182994446,-6.276931190996038E-7,-33.755909027641565,0.006228735999258106,1.480783782720244E-10,5.250561302166004E-8,2.1833317366168516E-9,8.656548058680366E-11,3.2343040324565515E-11,4.400120815342343E-11,-1.220625205363516E-6
2.65E-6,2.65E-6,1.5375534139167595,5.5E-8,1524.5740023021644,2067.148643664814,0.6635629276891284,-2.7128818848241054,154677.14692743463,156305.36362614794,314.87066518063415,0.3032791716743969,1.133310113879126E-5,1.0352111094730351E-7,0.001833028300556828,-4.6829847292428896E-7,-32.405559000633275,0.0061526401731555325,0.6635658242361774,-2.7129160624667796,154676.09127628192,156304.29978445935,314.87046058442434,0.30328128936835747,1.133315234383422E-5,1.035198283955596E-7,0.001833051393558635,-4.684082364292408E-7,-32.4062465725151,0.0061526406982181925,0.6635651034252732,-2.712957353570851,154676.35533616788,156304.56452891466,314.8705114978065,0.3032807623912372,1.1333139601372723E-5,1.0352014755599356E-7,0.0018330792929532778,-4.6838389749837006E-7,-32.407429122095664,0.0061529863413909425,1.3867213916984835E-10,5.2558066859477967E-8,2.1460480381650367E-9,8.079541650288338E-11,3.266953371720222E-11,4.368569695928952E-11,-1.1330183232043252E-6
2.6750000000000002E-6,2.6750000000000002E-6,1.5520586348027667,5.5E-8,1608.30477169927,2132.1390744953196,0.6596815778888045,-2.638822696656857,156096.25236050264,157736.49718948657,315.1449313885053,0.30043537734433284,1.1264468383450044E-5,1.052581286981324E-7,0.0017829883085519304,-3.394332610184847E-7,-30.495356824624423,0.005801274157079206,0.6596844357497041,-2.6388412012567914,156095.20239608132,157735.43931956124,315.14472936756243,0.3004374756973557,1.1264518931802729E-5,1.0525683607416217E-7,0.0017830008116599943,-3.3952335414255687E-7,-30.495765056492928,0.005801291576375434,0.6596836685997539,-2.6388650870127774,156095.48486312813,157735.72329094628,315.1447835963716,0.300436912433029,1.1264505362858068E-5,1.0525718305625726E-7,0.0017830169506843092,-3.395113637338909E-7,-30.4962732415529,0.005801361371879921,1.2928823165438439E-10,5.2609016992885996E-8,2.110148553192847E-9,7.515207464664339E-11,3.29773508224746E-11,4.335830910325284E-11,-1.0634126254261211E-6
2.7000000000000004E-6,2.7000000000000004E-6,1.566563855688774,5.5E-8,1689.1325297528522,2194.253402343386,0.655910877234175,-2.5603169924346276,157485.71458914736,159137.53002098753,315.4115751465526,0.2976610860324246,1.1197756371788222E-5,1.0698146000371262E-7,0.0017299439138071808,-2.1203745760089986E-7,-28.878394238723786,0.005607978417742743,0.6559136764792034,-2.56037873902861,157484.6794020335,159136.48603885592,315.411377132007,0.2976631497749546,1.1197805909930366E-5,1.0698016733556792E-7,0.0017299856344787905,-2.1211817781363608E-7,-28.879754009759154,0.005608222025870191,0.6559129356513691,-2.560318899373829,157484.952365583,159136.7623255808,315.4114295374869,0.2976626035886742,1.119779279952541E-5,1.0698050944419627E-7,0.0017299452022796142,-2.121022443191123E-7,-28.878398586368803,0.0056079063382128425,1.1997148862903889E-10,5.26583866496794E-8,2.0756574314225933E-9,6.964228593838398E-11,3.326618700494345E-11,4.302119205401921E-11,-9.957322113986649E-7
2.725E-6,2.725E-6,1.581069076574781,5.5E-8,1768.9340947487076,2279.5910604207206,0.6522572995001641,-2.4773326709514745,158841.54419189526,160505.0678655364,315.67010345308023,0.2949622108445476,1.1133081976467777E-5,1.0868580883669966E-7,0.0016738734263185638,-1.0890150150544287E-7,-26.93365342967013,0.005251935947285347,0.6522599784496274,-2.4774371144188496,158840.5474399909,160504.06153076774,315.6699138333231,0.2949641936260578,1.1133129410990277E-5,1.0868454647325082E-7,0.0016739439962289524,-1.0896872780108425E-7,-26.936033823498065,0.005252418884197141,0.6522593309797821,-2.477366878275326,158840.78725073577,160504.304743343,315.66995966272094,0.29496371439925156,1.113311794663604E-5,1.0868485157230767E-7,0.0016738965393752205,-1.089533760989525E-7,-26.93437273805239,0.005252068751644856,1.1075655555147759E-10,5.2706098717307026E-8,2.042597298321747E-9,6.428353821752368E-11,3.353583210629506E-11,4.267610714200473E-11,-9.445700714257454E-7
2.7500000000000004E-6,2.7500000000000004E-6,1.5955742974607883,5.5E-8,1849.6782885198356,2367.2263995761487,0.6487273823311932,-2.3898126147508014,160160.7976151226,161835.65976686214,315.92002165719947,0.29234475027988394,1.1070563482913723E-5,1.1036556720858013E-7,0.001614738253210001,-1.398925633111503E-8,-25.14164924554734,0.004975634052300393,0.6487299155858488,-2.3899096717991846,160159.84836051447,161834.70158495128,315.9198422567522,0.29234663218887336,1.1070608361334762E-5,1.1036434987129027E-7,0.0016148038322967462,-1.4052399137653993E-8,-25.143685013150844,0.004975988477326609,0.648729313956621,-2.389916072178604,160160.07458058064,161834.9291506477,315.91988486307145,0.2923461852598751,1.1070597703045514E-5,1.103646389763576E-7,0.001614808156877435,-1.4020016720905914E-8,-25.143976065885454,0.004976161843671889,1.0167221387852744E-10,5.275207752451675E-8,2.0109904153173307E-9,5.909961248693671E-11,3.3786156790121685E-11,4.232468396524665E-11,-8.980553651721032E-7
2.775E-6,2.775E-6,1.6100795183467953,5.5E-8,1929.9380196530099,2434.526922440613,0.645327702782999,-2.2977589050709715,161439.6593735556,163125.8026660464,316.16083428960513,0.2898147413939309,1.1010320143125475E-5,1.1201483981730388E-7,0.0015525398007236295,6.028753958275957E-8,-23.162136902246175,0.0046018632029927176,0.64533011668139,-2.2978264282602243,161438.74829408404,163124.8836145799,316.16066326679254,0.28981654094025083,1.1010362929261445E-5,1.120136576391404E-7,0.0015525854245001516,6.02300477225981E-8,-23.163466557136417,0.004602064975870235,0.6453294899531491,-2.297855836050585,161438.98585440798,163125.12223695824,316.1607076696211,0.289816073731938,1.1010351820562973E-5,1.1201396456758512E-7,0.0015526052946287737,6.025435382639444E-8,-23.16412906932942,0.004602234062872412,9.275243211663205E-11,5.2796246406709855E-8,1.9808588566150777E-9,5.410875763555341E-11,3.401711612787696E-11,4.196894417121618E-11,-8.633931599075579E-7
2.8000000000000003E-6,2.8000000000000003E-6,1.6245847392328028,5.5E-8,2007.7339028137926,2493.631501717568,0.6420647794420531,-2.2012501895366903,162674.93241688973,164371.99406344947,316.3920530353388,0.2873781947811851,1.0952470429272608E-5,1.136275034627235E-7,0.0014873312091464124,1.2311042368651215E-7,-21.27214137726037,0.004268091501216986,0.6420670991926497,-2.20131209339267,162674.05131560715,164371.10533496476,316.39188862288705,0.2873799298901688,1.0952511567590102E-5,1.1362634644945826E-7,0.0014873730360761286,1.2306643398574124E-7,-21.273314410372905,0.004268290149866516,0.6420664736463052,-2.2012817029721297,162674.2885409148,164371.34498711623,316.39193295829614,0.28737946199390774,1.0952500474189343E-5,1.1362665845038012E-7,0.0014873525020081958,1.2306239753456795E-7,-21.27262799958953,0.004268083572583237,8.404020344455642E-11,5.2838531153137145E-8,1.952223524774446E-9,4.931931952089633E-11,3.422877085896302E-11,4.1611108946426846E-11,-8.348966831291595E-7
2.825E-6,2.825E-6,1.6390899601188098,5.5E-8,2083.4380387566366,2561.289490976717,0.6389449802223791,-2.1004159172926005,163862.99960506443,165570.76945477488,316.6132027827122,0.2850410048448793,1.0897130373541274E-5,1.1519727806232452E-7,0.001419199944116622,1.680882752452817E-7,-19.290335390733162,0.0038777497595674504,0.6389471954611163,-2.100497921612013,163862.1537232288,165569.91574970837,316.61304573096413,0.28504266697333197,1.089716967799663E-5,1.1519615363115908E-7,0.0014192553524405495,1.6806579537842482E-7,-19.29192937478092,0.003878088616147579,0.6389466323214898,-2.1004413714037953,163862.36798588512,165570.1327655827,316.6130856554167,0.285042244430324,1.0897159686342961E-5,1.1519643947560696E-7,0.0014192171428404022,1.6805575569378562E-7,-19.290759700128092,0.00387780474795818,7.558085736415056E-11,5.287886041171795E-8,1.925103178575138E-9,4.473609251565469E-11,3.442130543970188E-11,4.1253173403711704E-11,-8.178360672337027E-7
2.8500000000000002E-6,2.8500000000000002E-6,1.653595181004817,5.5E-8,2158.2698111115283,2633.2057187998935,0.6359744923596795,-1.9953765174610414,165000.6508520726,166718.727888944,316.8238243222298,0.2828089264944671,1.0844413007373996E-5,1.1671777025498568E-7,0.0013482273766628658,2.0087552456971026E-7,-17.378813731371565,0.0035095381979886042,0.6359765709364441,-1.9954829832491912,164999.85322522494,166717.92238923,316.82367692473343,0.2828104906642646,1.0844449904898535E-5,1.1671669736181434E-7,0.0013482993130062102,2.008708294454209E-7,-17.380781823814914,0.003509969231345167,0.6359760664051296,-1.9954582987847431,165000.04696695588,166718.11790847365,316.8237127026424,0.28281011099685166,1.0844440948792726E-5,1.1671695778283428E-7,0.0013482826343140157,2.0088270133555852E-7,-17.38043756831985,0.0035099538728786683,6.741225150419426E-11,5.291716667336221E-8,1.899514647152881E-9,4.036987480434168E-11,3.459502629692776E-11,4.0897019843146226E-11,-8.092188419145024E-7
2.8750000000000004E-6,2.8750000000000004E-6,1.6681004018908243,5.5E-8,2232.214404026979,2698.855872555947,0.6331593602392701,-1.8862086562217124,166084.47292211288,167812.52295156848,317.02347133608953,0.280687587918472,1.0794428997341637E-5,1.1818248950003435E-7,0.0012744653082579138,2.1858950887576612E-7,-15.441914827406436,0.003111200982345963,0.6331612762216217,-1.8863265630515198,166083.73408781714,167811.7765805711,317.0233354444706,0.2806890336821009,1.0794463024486032E-5,1.18181484644073E-7,0.0012745449750348108,2.1859534314216946E-7,-15.44395555836536,0.0031116411257130494,0.6331608001921949,-1.8863125215420486,166083.91796654675,167811.96202022902,317.02336920705943,0.28068867448446727,1.0794454570379851E-5,1.1818173430044768E-7,0.0012745354875284113,2.186039547780183E-7,-15.443760110781795,0.0031116209103174697,5.956491774172188E-11,5.295338419512362E-8,1.875473925869468E-9,3.623737343796609E-11,3.475034804614349E-11,4.0544697486625734E-11,-8.098598990686143E-7
2.9E-6,2.9E-6,1.6826056227768313,5.5E-8,2304.657799289672,2760.388276028678,0.6305055141286497,-1.7729921963438797,167111.299662805,168848.8628885861,317.2117085895525,0.2786825089425465,1.0747287120166219E-5,1.195848682652554E-7,0.0011979677002323511,2.2510911819040304E-7,-13.57636782722966,0.0027285766091722508,0.6305072668320459,-1.7730996652109472,167110.62031339732,168848.17678892243,317.21158426272876,0.27868383485719306,1.0747318261498438E-5,1.1958393508032958E-7,0.001198040314331721,2.2511374965006325E-7,-13.578043996974657,0.002728907405867176,0.630506821549502,-1.7730713891366083,167110.79284378942,168848.35109492665,317.2116158484309,0.27868349800151454,1.0747310349897176E-5,1.1958417215964735E-7,0.0011980212088760866,2.251072230308182E-7,-13.577557477435676,0.002728784866690148,5.207040827410426E-11,5.298744902892431E-8,1.8529966851226342E-9,3.2352849650869385E-11,3.488778938828866E-11,4.019833738293564E-11,-8.163864882553135E-7
2.9250000000000004E-6,2.9250000000000004E-6,1.6971108436628386,5.5E-8,2375.6351318494853,2823.5700096934806,0.6280187183777033,-1.6558754632006767,168078.6179581635,169824.54344697564,317.3881162487185,0.27679906116349645,1.070309330450014E-5,1.20918327469175E-7,0.0011188347724328898,2.667964032809778E-7,-12.444681808252199,0.002739871753931311,0.6280203272364179,-1.6559662920422489,168077.99137057565,169823.91080098724,317.3880021160774,0.27680028111312494,1.0703121902283153E-5,1.2091745864539717E-7,0.0011188961432717897,2.6680375498244757E-7,-12.446042001213755,0.0027401522222021413,0.6280199167850524,-1.6559461448483221,168078.1512995696,169824.07220181925,317.3880312335995,0.27679996988133543,1.0703114606429628E-5,1.2091768029838657E-7,0.0011188825303029204,2.668052532328602E-7,-12.445768765393268,0.0027401116077498955,4.4964450581692176E-11,5.301930139895261E-8,1.832097702452179E-9,2.8724474972965544E-11,3.5007981965966153E-11,3.9859977775453685E-11,-8.002418024135815E-7
2.95E-6,2.95E-6,1.7116160645488456,5.5E-8,2445.1165668181015,2881.9252788120934,0.625704455350116,-1.5350988856379815,168981.5355748508,170736.47392691358,317.5522937117937,0.2750423264168219,1.0661948514827317E-5,1.221763921177039E-7,0.00103722897678242,2.2127652414383194E-7,-10.217423528101563,0.0020916977432534622,0.6257059269005227,-1.535197020051381,168980.96016861763,170735.89285772725,317.5521893151804,0.2750434446534644,1.0661974682510429E-5,1.221755868613042E-7,0.0010372952838185005,2.2129238089974023E-7,-10.218754259666184,0.0020919786972513066,0.6257055414981187,-1.5351828838711805,168981.111010753,170736.04504215898,317.5522166568715,0.27504315178713445,1.0661967829135738E-5,1.221757977586591E-7,0.0010372857323453922,2.2129139722437686E-7,-10.218546579761778,0.0020919311386364825,3.828375815802443E-11,5.304887965320427E-8,1.8127900622177409E-9,2.5357032203409544E-11,3.511168030412194E-11,3.953160695636967E-11,-8.401264737770836E-7
2.9750000000000003E-6,2.9750000000000003E-6,1.7261212854348529,5.5E-8,2512.2076070588205,2929.7147172265654,0.6235678411428455,-1.4109281387256571,169819.25367798738,171581.77711057864,317.7038739848364,0.27341711942698277,1.062394721925901E-5,1.233527709187715E-7,9.533298234632819E-4,2.260553206667737E-7,-8.946211561644077,0.0019539266868378036,0.6235691486728964,-1.4110560015754618,169818.7409314335,171581.2588379799,317.70378122320136,0.2734181149797427,1.0623970479086751E-5,1.2335204659843837E-7,9.534162172807175E-4,2.2609000254192325E-7,-8.947859199770164,0.0019543045038972195,0.6235688059174483,-1.4110117673218805,169818.87521846933,171581.39469649195,317.7038055396685,0.27341785400399693,1.0623964381764148E-5,1.2335223647139365E-7,9.533863292715409E-4,2.260763828587642E-7,-8.947304406004605,0.0019541726446732355,3.20611122759331E-11,5.307613608688054E-8,1.7950849923929041E-9,2.2256233896031042E-11,3.519975906586811E-11,3.92152315586141E-11,-8.469805474379664E-7
3.0E-6,3.0E-6,1.74062650632086,5.5E-8,2576.4835265191437,2977.2739399545985,0.6216136455358052,-1.2835756936794616,170587.55839147867,172357.72298076918,317.8425120332286,0.27192788595540146,1.0589177670178357E-5,1.2444141947405854E-7,8.672808741077443E-4,1.8145575992889464E-7,-7.121672795886525,0.0014588847622576395,0.6216147569113964,-1.283718611064854,170587.1213173697,172357.2809333257,317.8424331884753,0.2719287336588832,1.0589197447542452E-5,1.2444079686120825E-7,8.673774399086851E-4,1.814962854496116E-7,-7.123326706251419,0.0014592543619187381,0.6216144897885216,-1.2836581027688168,170587.2260380443,172357.38717770082,317.84245213899203,0.27192852990513183,1.058919269398548E-5,1.2444094650906184E-7,8.673365559248761E-4,1.8147456387396233E-7,-7.122600839526285,0.0014590800241762736,2.6323622382863357E-11,5.310101857336447E-8,1.7789924503834582E-9,1.9430629042436536E-11,3.527320222579212E-11,3.891282536732422E-11,-8.854042484331104E-7
3.0250000000000003E-6,3.0250000000000003E-6,1.7551317272068672,5.5E-8,2638.9639481333616,3033.581005082385,0.6198463445109065,-1.153233301144763,171285.08891032162,173061.7722100062,317.9678891123538,0.27057882805830724,1.0557722802485537E-5,1.254365472086329E-7,7.792116899626777E-4,1.6511054894863265E-7,-5.898072462201526,0.0012632547534963123,0.6198472620845106,-1.1533579519031198,171284.72685215998,173061.40610979998,317.96782401841557,0.27057952904502386,1.0557739136327309E-5,1.2543602790721382E-7,7.792959134480539E-4,1.6514199359107808E-7,-5.899356681287145,0.0012635291571996277,0.6198470544149361,-1.153335872040378,171284.80890013918,173061.48896840014,317.9678387509144,0.27057937039628177,1.0557735439575988E-5,1.2543614543737037E-7,7.79280994621877E-4,1.6514224697061762E-7,-5.899170223521878,0.001263516201049697,2.109551104679936E-11,5.3123484618920874E-8,1.764521750102022E-9,1.6888979015742996E-11,3.533309309466761E-11,3.862630354402531E-11,-9.044413794955139E-7
3.0500000000000004E-6,3.0500000000000004E-6,1.7696369480928744,5.5E-8,2700.6427828767373,3091.374262941934,0.618270072480807,-1.02017895687327,171908.66204322354,173691.55972159622,318.0797095774622,0.26937379422521,1.0529659318666481E-5,1.2633270895643278E-7,6.893101059954527E-4,1.222272743461872E-7,-4.434601849982528,8.826842864664286E-4,0.6182708238608982,-1.0202832933888588,171908.36462505316,173691.25910262376,318.0796562757311,0.2693743690464911,1.0529672697963866E-5,1.2633227982535383E-7,6.893806036411208E-4,1.2225064239146377E-7,-4.435531617548804,8.828765029988972E-4,0.6182706280540955,-1.0202895180178209,171908.44246183458,173691.33744609164,318.0796701660836,0.26937421925593047,1.0529669211371038E-5,1.2633239165394695E-7,6.893848094715006E-4,1.2225819887135003E-7,-4.435616753293971,8.829130088088277E-4,1.6401759644585087E-11,5.314349079224967E-8,1.7516813786989382E-9,1.463622163081513E-11,3.538061128208251E-11,3.835757126418483E-11,-9.393678131987569E-7
3.075E-6,3.075E-6,1.7841421689788814,5.5E-8,2761.061012595077,3139.712166293716,0.6168885100166673,-0.8847613493983112,172456.8441229044,174244.9783634563,318.17771321142584,0.2683162395121829,1.0505055647033441E-5,1.2712491168808495E-7,5.978117225664265E-4,9.703267608074385E-8,-3.3841133099233502,6.86993132887892E-4,0.6168890987892595,-0.8848807472048225,172456.610759449,174244.7422387564,318.1776714470338,0.2683166904852433,1.0505066133592086E-5,1.271245727272733E-7,5.978923967600152E-4,9.706483936611222E-8,-3.385086192291965,6.872228790371082E-4,0.6168889227608186,-0.8848480406178312,172456.68052065631,174244.81283393543,318.17768393344863,0.2683165556551893,1.050506299837055E-5,1.2712467406807387E-7,5.978702977147508E-4,9.70512704157045E-8,-3.3847868962184293,6.871318574326324E-4,1.2266358995641484E-11,5.3161002278679997E-8,1.7404783000879875E-9,1.2674629150837318E-11,3.5417031312639424E-11,3.810849233651955E-11,-9.6198975240816E-7
3.1000000000000004E-6,3.1000000000000004E-6,1.7986473898648887,5.5E-8,2818.83535720431,3175.87800190885,0.6157048526896487,-0.7473015633379716,172927.33070227935,174720.1736870872,318.26167357390034,0.2674091591524814,1.0483971327786743E-5,1.278086914269615E-7,5.049334887418727E-4,5.9557232106044465E-8,-2.278292385974737,4.0570136678752533E-4,0.6157052447784197,-0.7474533427430712,172927.1753993894,174720.01612418832,318.261645762821,0.2674094597909569,1.0483978312788096E-5,1.2780846414364246E-7,5.05036042393967E-4,5.95978150386145E-8,-2.2793563866684963,4.059636938222866E-4,0.615705143838703,-0.7473820719498756,172927.2151183212,174720.0566844681,318.26165292235424,0.2674093823896213,1.0483976514561627E-5,1.2780852265657173E-7,5.049878864526187E-4,5.957353238272845E-8,-2.2788229402356137,4.058149009438239E-4,8.708567573893002E-12,5.317598700378282E-8,1.730917878400537E-9,1.100749237554394E-11,3.544371324402944E-11,3.7880789738609336E-11,-9.91906992200336E-7
3.125E-6,3.125E-6,1.8131526107508957,5.5E-8,2873.087419746841,3206.782211072152,0.6147218432191263,-0.6081021854121038,173318.91542307127,175115.5547848578,318.3313980355231,0.2666551378006993,1.046645754320989E-5,1.283801371341147E-7,4.1087985500817825E-4,3.508697503207259E-8,-1.4857366341259421,2.470440965680609E-4,0.6147220130801802,-0.608257285275817,173318.84842953386,175115.4864138982,318.3313859878422,0.2666552681608216,1.0466460569823168E-5,1.2838003810558702E-7,4.109846522133899E-4,3.511858878368912E-8,-1.4865940878619313,2.472418394745546E-4,0.6147219937632513,-0.6082151849513746,173318.85596515992,175115.49418844067,318.3313873580114,0.2666552533346656,1.0466460225630518E-5,1.283800493676151E-7,4.109562060482261E-4,3.511539631517735E-8,-1.4864143033221353,2.4722298928736564E-4,5.743438835570476E-12,5.318841955472733E-8,1.7230044351750057E-9,9.638728108997524E-12,3.546208872767719E-11,3.767607697143552E-11,-1.0123173452288632E-6
3.1500000000000003E-6,3.1500000000000003E-6,1.827657831636903,5.5E-8,2924.3362768582415,3243.0413528074214,0.6139417538517529,-0.46750875175653805,173630.0214359804,175429.7923476816,318.3867267406779,0.2660563118886898,1.04525567573287E-5,1.2883594734923295E-7,3.1588429172739056E-4,7.2617693547272214E-9,-0.7455013576980036,5.994336527237465E-5,0.6139417152825798,-0.46764119045472424,173630.0373926152,175429.8079002186,318.3867294762294,0.26605628228115413,1.0452556069997073E-5,1.2883596993446694E-7,3.159737773342731E-4,7.278093363538574E-9,-0.7460238525350178,6.0045374027595244E-5,0.6139417318397197,-0.4676341932154738,173630.0307928254,175429.8012265175,318.38672830206207,0.26605629499569683,1.0452556365058649E-5,1.2883596023807083E-7,3.159690494699147E-4,7.284072296442901E-9,-0.7460469376826495,6.007572329735922E-5,3.3839213361129243E-12,5.319827753307821E-8,1.7167414510360764E-9,8.570616839052437E-12,3.547364983493744E-11,3.749597181939785E-11,-1.033746476639758E-6
3.175E-6,3.175E-6,1.84216305252291,5.5E-8,2973.950164551012,3286.869764948883,0.6133663383251668,-0.325891264533925,173859.833428675,175661.85213636165,318.42753722936357,0.2656143462289833,1.0442301826230343E-5,1.2917349195778764E-7,2.2019680036076012E-4,-9.470055317706283E-9,-0.26591434231545463,-3.821388241931345E-5,0.6133661149176886,-0.32601340277259433,173859.92323836862,175661.94228430282,318.4275530740053,0.26561417460107895,1.044229784449311E-5,1.2917362322834833E-7,2.2027932619769888E-4,-9.458614442792169E-9,-0.2662633212730725,-3.8142629819049034E-5,0.6133661569820361,-0.3259859094572185,173859.90627453485,175661.92531011204,318.4275500906058,0.2656142069150885,1.0442298594195587E-5,1.2917359851220306E-7,2.2026074963325573E-4,-9.46529368661686E-9,-0.2661442836106289,-3.8182942432740674E-5,1.6405045770732046E-12,5.3205544754481754E-8,1.71213125032429E-9,7.803879614129206E-12,3.5479939408061515E-11,3.734209098999442E-11,-1.0469200855319475E-6
3.2000000000000003E-6,3.2000000000000003E-6,1.8566682734089173,5.5E-8,3022.711466991154,3330.6708203886365,0.612996819839683,-0.18361141471177278,174007.47345396923,175810.99516386236,318.4537439475767,0.26533041110288835,1.0435715751230011E-5,1.293908517143494E-7,1.2406176669714378E-4,-2.419867811909171E-8,0.09964966867869407,-1.3226256959342209E-4,0.6129964110552087,-0.18374469246862535,174007.63749262987,175811.1602140684,318.4537729389958,0.265330096958017,1.043570846504521E-5,1.2939109242777225E-7,1.2415181923555767E-4,-2.418797109271509E-8,0.09940206942792429,-1.321996919614321E-4,0.6129965107397096,-0.1836924288629918,174007.59742250986,175811.11996469344,318.45376586915563,0.2653301735627147,1.0435710241824067E-5,1.293910337285923E-7,1.2411650598850797E-4,-2.4196671688514473E-8,0.09952986444432099,-1.3224664672861763E-4,5.201241702744397E-13,5.3210209729751126E-8,1.7091747880685786E-9,7.338682443097437E-12,3.548253893357915E-11,3.721596027964861E-11,-1.0577518854701405E-6
3.2250000000000005E-6,3.2250000000000005E-6,1.8711734942949245,5.5E-8,3069.894575319739,3362.831833802272,0.6128338889352911,-0.04104154921136518,174072.62750383595,175876.78650521178,318.4652990607074,0.26520518830389617,1.0432811620417091E-5,1.2948684010612974E-7,2.7730776494165662E-5,-2.889044239395844E-8,0.23493136108754697,-1.5646366819055402E-4,0.6128332737296578,-0.041192880502536444,174072.87416792454,175877.03496584945,318.4653426912141,0.2652047154573077,1.0432800654631505E-5,1.2948720271583024E-7,2.7833027366578678E-5,-2.8884337694989882E-8,0.23483182824975302,-1.5642936773474503E-4,0.6128334400914044,-0.04115279404810187,174072.80750900818,175876.9677784858,318.4653308928778,0.26520484332363115,1.0432803619961003E-5,1.294871046599149E-7,2.7805941924393154E-5,-2.8882326716939134E-8,0.23481611319925833,-1.5641574202618358E-4,2.6059926527895058E-14,5.32122670603259E-8,1.7078717275837424E-9,7.1748120996765306E-12,3.5483054532975386E-11,3.711893178432981E-11,-1.0609772153609863E-6
3.2500000000000002E-6,3.2500000000000002E-6,1.8856787151809316,5.5E-8,3113.5553618145523,3376.680039802492,0.6128776887425726,0.10143567461848986,174055.0849609176,175859.0981316093,318.46219275830924,0.2652388525327232,1.0433592330582085E-5,1.2946102722304873E-7,6.853761798546612E-5,-2.888874334416869E-8,0.22408216881899534,-1.59020096475615E-4,0.612876847957236,0.10127581817516465,174055.4217838428,175859.43766816572,318.46225238701123,0.2652382063250984,1.0433577344056748E-5,1.2946152266715127E-7,6.842960687511125E-5,-2.889241173420487E-8,0.22420488324132748,-1.5904424986956656E-4,0.6128770647186721,0.10130497343034754,174055.33495952148,175859.35013300413,318.4622370142959,0.26523837292314356,1.0433581207707606E-5,1.294613949372747E-7,6.844930637185644E-5,-2.8888985212915942E-8,0.224162003572701,-1.5902568850378884E-4,1.5823601212687014E-13,5.321171606309548E-8,1.7082206417325597E-9,7.31153696233288E-12,3.5483102954202245E-11,3.705211566327931E-11,-1.0600650913006166E-6
3.2750000000000004E-6,3.2750000000000004E-6,1.9001839360669388,5.5E-8,3152.8251093255076,3389.55768289582,0.6131278227580893,0.24345849096277453,173955.08636801297,175758.10936282584,318.44445312378105,0.26543108229472734,1.0438050721699494E-5,1.2931373928501276E-7,1.6449898038025306E-4,-2.0079104672277028E-8,0.0043563926312799595,-1.0378994068105385E-4,0.6131267609263251,0.243313283952707,173955.51137180717,175758.5379804264,318.4445284302012,0.2654302663657565,1.0438031796054847E-5,1.2931436407487495E-7,1.6440086753561283E-4,-2.0094164909778558E-8,0.004701068304484579,-1.0388159239482775E-4,0.6131270257928377,0.2433502973362363,173955.4053333904,175758.43106437236,318.44450964549554,0.2654304698931235,1.043803651692491E-5,1.293142082251376E-7,1.6442587657853805E-4,-2.0092742971655754E-8,0.004638893993160309,-1.0387165536940302E-4,9.135976490528317E-13,5.320856130365408E-8,1.7102191966474275E-9,7.747255963838854E-12,3.548429834236153E-11,3.701646836375498E-11,-1.052352354352591E-6
3.3E-6,3.3E-6,1.9146891569529458,5.5E-8,3189.8886087788605,3424.75208115245,0.6135833731494844,0.3846703042307035,173773.05269870727,175574.29643889054,318.4121444998512,0.26578107072538926,1.044616990631856E-5,1.2904604474277982E-7,2.599123677234483E-4,-6.006107753364631E-9,-0.37351942269810934,-1.896542715940086E-5,0.6135821149493504,0.3845448315210732,173773.55585365783,175574.80392722125,318.4122337354269,0.26578010427727394,1.0446147482644427E-5,1.2904678311918763E-7,2.5982758886559E-4,-6.026057235430926E-9,-0.37305338967030366,-1.9088753958840243E-5,0.6135824348686955,0.3845839062646564,173773.42793379436,175574.67488944106,318.4122110456981,0.2657803500138569,1.0446153184255529E-5,1.2904659537353358E-7,2.5985399071936244E-4,-6.021587637405901E-9,-0.373187964212093,-1.905844408156554E-5,2.285857436938351E-12,5.3202812163913326E-8,1.7138640243465994E-9,8.479432426592842E-12,3.548823925730759E-11,3.701306802869532E-11,-1.0402652826283994E-6
3.3250000000000004E-6,3.3250000000000004E-6,1.929194377838953,5.5E-8,3226.849892585121,3462.7192919284957,0.6142428851500008,0.5246876339135006,173509.78743052564,175308.439186039,318.3653689412864,0.26628751742508755,1.045792300454111E-5,1.2865975033692857E-7,3.5451867156317606E-4,1.4993620425229892E-8,-0.9407631758517709,1.1453592355792352E-4,0.6142414401689406,0.5245559404096831,173510.3645808056,175309.0213543263,318.36547142798184,0.2662864081311998,1.045789725529579E-5,1.2866059508283265E-7,3.544296894660021E-4,1.4973911675042474E-8,-0.9401760926168663,1.1440478630220241E-4,0.614241812197198,0.5245887460997881,173510.21600450118,175308.8714679771,318.36544504154733,0.2662866937331053,1.0457903884758416E-5,1.286603775918057E-7,3.544518554728298E-4,1.4980618487925313E-8,-0.9403453389620609,1.1444877435451417E-4,4.264798656788812E-12,5.319448386871576E-8,1.7191503331065635E-9,9.505102850217093E-12,3.549649452228664E-11,3.704315460347549E-11,-1.0226826347929597E-6
3.35E-6,3.35E-6,1.9436995987249601,5.5E-8,3261.8497280138404,3471.9661571990055,0.6151043590961155,0.6631418444082074,173166.32923371924,174961.6204516037,318.30426672288917,0.26694862184824236,1.0473273022874682E-5,1.2815738501196582E-7,4.4806881378932936E-4,4.015423144210217E-8,-1.6637511013830135,2.792603725083609E-4,0.6151027090064604,0.662990735263479,173166.98716576598,174962.28427282601,318.3043837625049,0.26694735602898223,1.0473243623450546E-5,1.2815834485444828E-7,4.479667130158642E-4,4.012941715814122E-8,-1.6629061550049755,2.790802852246088E-4,0.6151031281971646,0.6630228514995162,173166.81999795648,174962.11563451018,318.30435402964184,0.26694767759896393,1.0473251092115386E-5,1.2815810101416435E-7,4.4798841317534883E-4,4.01356132329056E-8,-1.6630952166449333,2.7912422075360155E-4,6.837144804270172E-12,5.318359701151943E-8,1.726071940141213E-9,1.0820513330484378E-11,3.551058939505674E-11,3.710773524394395E-11,-1.0011921017952744E-6
3.3750000000000003E-6,3.3750000000000003E-6,1.9582048196109674,5.5E-8,3292.5843815045487,3473.6493584380246,0.616165299309855,0.7997174980842618,172744.04082303683,174535.20417054827,318.2290132183624,0.26776212460870696,1.0492173754651355E-5,1.2754214199270517E-7,5.403496608677445E-4,6.956849134098775E-8,-2.55456453293732,4.8420283297900824E-4,0.6161634283846685,0.7995638461252874,172744.78531777617,174535.95545712384,318.2291459282645,0.26776069069513087,1.0492140427303597E-5,1.2754322362009231E-7,5.402458419765455E-4,6.95361494251756E-8,-2.5534702815823493,4.8395680954627096E-4,0.6161638983265768,0.7996016639700526,172744.5982953802,174535.76674734353,318.22911259396534,0.26776105086764984,1.0492148798519854E-5,1.2754295193420333E-7,5.402713945743599E-4,6.9543023641927E-8,-2.5537265340667545,4.840114959847597E-4,9.987750980826525E-12,5.3170176920158674E-8,1.7346217747385784E-9,1.2420582577203962E-11,3.553199489367147E-11,3.7207300447686186E-11,-9.759309702301028E-7
3.4000000000000005E-6,3.4000000000000005E-6,1.9727100404969748,5.5E-8,3320.5336870875403,3495.053279950516,0.6174227495879623,0.9340960376358535,172244.50757119968,174030.81628158703,318.1398165141787,0.2687253362131607,1.0514570447703202E-5,1.2681782277075917E-7,6.311459713755767E-4,1.0080202514473058E-7,-3.5884702541075058,7.177330054446429E-4,0.6174206661387007,0.9339565433645295,172245.33486829055,174031.65109048606,318.13996430644374,0.2687237411660062,1.0514533343337259E-5,1.268190185270031E-7,6.310517184895469E-4,1.0076836716166327E-7,-3.5872747509927194,7.174556613449568E-4,0.6174211939343333,0.9339985427139141,172245.12533035,174031.4396102167,318.13992686653245,0.26872414523666466,1.0514542742906413E-5,1.268187156071977E-7,6.310800964283204E-4,1.0077713980649606E-7,-3.5876169796338218,7.175301562369896E-4,1.3698178644309374E-11,5.3154253277093096E-8,1.7447919188142738E-9,1.4300207764246692E-11,3.556211755727305E-11,3.7342111403770956E-11,-9.48885873337644E-7
3.4250000000000002E-6,3.4250000000000002E-6,1.9872152613829819,5.5E-8,3347.238966234807,3512.931674175443,0.6188732753917715,1.0659362484730346,171669.60223092683,173450.347628355,318.03691903493416,0.2698351275830711,1.0540399528794926E-5,1.259888057112977E-7,7.202271949142125E-4,1.3300723523457235E-7,-4.765668692841018,9.829597750012908E-4,0.6188710006215674,1.0658119935384682,171670.50332840113,173451.25679959252,318.037080406339,0.26983338828604225,1.0540359028073263E-5,1.259901003736053E-7,7.201432388773434E-4,1.3297827408109698E-7,-4.764455652912147,9.826814331859168E-4,0.6188715854082327,1.0658486981466935,171670.27173436532,173451.02307452846,318.03703892178805,0.269833835417145,1.0540369439800143E-5,1.259897675464167E-7,7.201680392883064E-4,1.329875465216901E-7,-4.7648229550291035,9.827668758930486E-4,1.7945658296641237E-11,5.313586093532221E-8,1.7565730857331453E-9,1.645476669309488E-11,3.560228655543394E-11,3.751264638122057E-11,-9.203821500961281E-7
3.4500000000000004E-6,3.4500000000000004E-6,2.001720482268989,5.5E-8,3371.379880945342,3513.192164974067,0.6205129876259874,1.1949515014464354,171021.4234230909,172795.93832377004,317.9205960966574,0.2710879515810459,1.0569589073761441E-5,1.2505998574686864E-7,8.073996631394833E-4,1.6390272051580722E-7,-6.065202167032112,0.001271195462322794,0.6205105326400514,1.194827484561094,171022.39313670364,172796.91670907554,317.92077025906946,0.271086077223085,1.0569545377574561E-5,1.2506136982497094E-7,8.073158679466851E-4,1.638791388813843E-7,-6.063891676508092,0.0012709099663652523,0.6205111630534241,1.1948537042252103,171022.14409430613,172796.66546986552,317.92072553611223,0.27108655853753727,1.0569556598276265E-5,1.2506101440718156E-7,8.073335839359529E-4,1.638855424346275E-7,-6.0641982071852,0.001270983476786114,2.270558128891316E-11,5.311503973339864E-8,1.7699545561345374E-9,1.8877767475775545E-11,3.5653743096733955E-11,3.771958332169364E-11,-8.915506129519896E-7
3.475E-6,3.475E-6,2.016225703154996,5.5E-8,3392.595196039847,3520.6696336991013,0.6223376170589467,1.3209049724731554,170302.29593738075,172069.942046948,317.7911509899552,0.2724799049487361,1.0602060182547356E-5,1.240366819840333E-7,8.92503359779159E-4,1.9215672892869408E-7,-7.48058052460442,0.0015821804838651587,0.6223349709542444,1.3207656017864353,170303.33762183206,172070.99320895903,317.7913387150836,0.2724778879798997,1.0602013100228985E-5,1.2403815822850888E-7,8.9240919039624E-4,1.921348913924703E-7,-7.478986097954248,0.0015818463267009975,0.6223356391657645,1.320791332546914,170303.0744627706,172070.7277613297,317.79129130953027,0.2724783973167682,1.0602024989763127E-5,1.240377854359138E-7,8.924265760452122E-4,1.9213810432461286E-7,-7.479283959028862,0.0015819103201692997,2.7952716670651902E-11,5.3091833647063754E-8,1.7849246516168927E-9,2.1560426305722172E-11,3.5717635371144204E-11,3.796341968672736E-11,-8.63696092939258E-7
3.5000000000000004E-6,3.5000000000000004E-6,2.0307309240410034,5.5E-8,3412.2968468928166,3535.0683205243063,0.6243425291890422,1.4435307190782614,169514.73115215296,171274.91310322017,317.6489142046815,0.27400674425489946,1.063772729526842E-5,1.2292457786731073E-7,9.753585939717982E-4,2.1568892535128726E-7,-8.99293729179385,0.0019090033812858564,0.62433967942781,1.4433890067505164,169515.84893258443,171276.04114021562,317.6491163784272,0.27400457600589057,1.063767660747055E-5,1.2292614953564162E-7,9.752628423989975E-4,2.156693032873136E-7,-8.991110724552755,0.0019086167298496548,0.624340392656054,1.4434252631658537,169515.5691581792,171275.75881831272,317.64906577906265,0.27400511866781285,1.0637689293437129E-5,1.2292575618166058E-7,9.752873399769281E-4,2.156726570490264E-7,-8.991548384271482,0.0019087040496970076,3.365865242898822E-11,5.3066290457237E-8,1.801470777523316E-9,2.4494720000163092E-11,3.5795012758236897E-11,3.8244259256329984E-11,-8.385599266473921E-7
3.525E-6,3.525E-6,2.0452361449270104,5.5E-8,3429.9655824424303,3532.3999071471653,0.6265227093862064,1.562569503869873,168660.67844047735,170413.59797119867,317.49424373991644,0.2756638691152665,1.0676497979028457E-5,1.2172967827315575E-7,0.0010557902053174818,1.7992345362927154E-7,-9.830767828594162,0.001809229456682715,0.6265196686179886,1.5624476554023143,168661.8666095979,170414.7969239076,317.49445945903216,0.2756615601812986,1.067644391465547E-5,1.2173133447804802E-7,0.001055707875271834,1.7990711967286188E-7,-9.82891061968212,0.0018087949185314756,0.6265204385874955,1.562489754794626,168661.5658208687,170414.49333041048,317.4944048354818,0.27566214484070667,1.0676457604593238E-5,1.2173091509839352E-7,0.0010557363208071797,1.799085778486642E-7,-9.829455081332071,0.0018088931992679136,3.979131213644364E-11,5.303846031837405E-8,1.8195790099812192E-9,2.7673751668380366E-11,3.5886816572771924E-11,3.856194473943693E-11,-8.517550490935871E-7
3.5500000000000003E-6,3.5500000000000003E-6,2.0597413658130175,5.5E-8,3444.1753759391604,3522.590610185334,0.6288728265683486,1.6778436331398199,167745.177569171,169488.9360320154,317.32752602182745,0.277446432208187,1.0718274124161814E-5,1.2045821074193964E-7,0.0011336781304998782,2.3299920954400476E-7,-12.121241479908804,0.002519037243132516,0.6288696165247828,1.677732340000603,167746.42684077975,169490.19636718318,317.3277537368432,0.2774440000856483,1.071821707340519E-5,1.2045993584045996E-7,0.00113360293243284,2.3299997351955428E-7,-12.119524089638844,0.0025186650574369196,0.6288704418274393,1.6777666838144656,167746.10580265554,169489.87233537174,317.32769519132347,0.2774446253876106,1.0718231741166282E-5,1.2045949231392223E-7,0.0011336261377124768,2.330048502585669E-7,-12.12011486548272,0.0025188092296843934,4.6318186989962934E-11,5.300840464030629E-8,1.8392340821838665E-9,3.108853196420877E-11,3.599387611570323E-11,3.891632527040477E-11,-8.064939921487709E-7
3.5750000000000005E-6,3.5750000000000005E-6,2.074246586699025,5.5E-8,3455.908002948574,3526.659359468212,0.6313873068419443,1.7891972907099727,166768.7879070054,168503.9529074073,317.14916037799634,0.27934928910248513,1.0762953284035995E-5,1.1911655488366455E-7,0.0012089170883175491,2.03796228106512E-7,-13.425698018623507,0.002630382855784319,0.6313839297648236,1.7890784203738437,166770.09614398176,168505.272758234,317.1493999192832,0.2793467365104472,1.0762893290453651E-5,1.1911834395558996E-7,0.0012088367705228673,2.038113102287298E-7,-13.423831010258027,0.002630013334908199,0.6313847958605056,1.7891003142355983,166769.7605622866,168504.93426400208,317.14933848587907,0.27934739115602103,1.0762908676597077E-5,1.191178851215914E-7,0.0012088515636727015,2.038092729605978E-7,-13.424243830810155,0.002630113046450333,5.320645512748748E-11,5.297617674158236E-8,1.8604196892997872E-9,3.472800441685491E-11,3.6116908023193904E-11,3.930742043893412E-11,-8.14202025296644E-7
3.6000000000000003E-6,3.6000000000000003E-6,2.088751807585032,5.5E-8,3466.6140970102106,3532.2574258177297,0.6340603414448551,1.8964622842001644,165736.470507992,167461.83083131022,316.9595711194144,0.2813671446989837,1.0810428888667089E-5,1.1771116565841343E-7,0.0012813934352703814,2.1874858504133955E-7,-15.551179252188831,0.0031948459694604026,0.6340567909452979,1.896341861249608,165737.83913321685,167463.21164968485,316.9598229263624,0.2813644679078837,1.0810365842557533E-5,1.1771301829175219E-7,0.0012813120684118972,2.1877391858993178E-7,-15.549139107313522,0.003194444340294922,0.6340576882244681,1.8963627859985261,165737.49310132914,167462.86268852412,316.9597592899966,0.2813651443829621,1.0810381775518745E-5,1.1771255009280151E-7,0.001281326206755761,2.1876644026974645E-7,-15.549502510046068,0.003194520357908459,6.042165990366873E-11,5.2941843518063997E-8,1.883118541776705E-9,3.85808750181812E-11,3.625651568264343E-11,3.973528383162224E-11,-7.928313304962729E-7
3.6250000000000004E-6,3.6250000000000004E-6,2.103257028471039,5.5E-8,3475.4219433058092,3522.0988696436866,0.6368859005022502,1.9995013391164094,164650.06650951505,166365.82596546467,316.75919623380724,0.2834944583228311,1.0860590514465623E-5,1.1624854071619955E-7,0.0013510144183218982,1.8046842512831062E-7,-17.11132809595574,0.003413732639103273,0.6368821811891546,1.9993889453146731,164651.49281875815,166367.2648618849,316.7594599625704,0.28349166197927433,1.0860524501501556E-5,1.162504506734112E-7,0.0013509384765639683,1.8050560001370287E-7,-17.10927373763934,0.0034133224773995607,0.6368831166512652,1.999420581012161,164651.1340617804,166366.90295699734,316.7593936307911,0.28349236530150007,1.0860541104739564E-5,1.1624997028727085E-7,0.001350959852035244,1.8049239542961006E-7,-17.10977247550659,0.0034134008054138576,6.792770051295395E-11,5.290546679704808E-8,1.907312228636788E-9,4.2636142689748544E-11,3.641318776477131E-11,4.0199639239209446E-11,-8.055292444821125E-7
3.65E-6,3.65E-6,2.117762249357046,5.5E-8,3481.001959545897,3505.3283490696435,0.6398577764644293,2.0982070950985126,163513.91901041582,165219.29394271603,316.5484922677556,0.2857255698672618,1.0913324713119347E-5,1.1473514017258882E-7,0.0014177074966881841,1.605939328896966E-7,-19.122459166177578,0.003880911440774071,0.6398538986482115,2.0981010002252547,163515.39800878425,165220.78581578017,316.5487671672436,0.28572266292560144,1.0913255919999892E-5,1.1473709845636234E-7,0.0014176358109630098,1.6064763968870466E-7,-19.12045506270624,0.0038805290555501415,0.6398548822290088,2.098135877973825,163515.02301546664,165220.4074125479,316.54869744083203,0.28572340025381027,1.0913273368895023E-5,1.1473660174701618E-7,0.0014176593770093412,1.6063429924884076E-7,-19.121107714445998,0.0038806519228842262,7.568697595329085E-11,5.2867117261985173E-8,1.932981087925549E-9,4.688323116558055E-11,3.6587297122350194E-11,4.069981656173021E-11,-8.059870241603591E-7
3.6750000000000004E-6,3.6750000000000004E-6,2.1322674702430535,5.5E-8,3483.8656742825574,3495.8663630250153,0.6429696180269198,2.1924887218075013,162330.60403174898,164025.629839916,316.32792606648786,0.28805466910349325,1.0968515639831073E-5,1.1317734298963201E-7,0.001481411298518582,1.0379164407936515E-7,-20.794328119901365,0.0041427915061262865,0.6429655908922927,2.192388902734188,162332.13109408767,164027.1700455535,316.3282114623415,0.28805165966449187,1.0968444232995748E-5,1.1317934146056861E-7,0.0014813438531987757,1.0386130497863633E-7,-20.792355164225228,0.004142427314718589,0.6429666179165184,2.192414038848714,162331.74169011833,164026.77725216412,316.32813867898165,0.2880524271515214,1.096846244360309E-5,1.1317883179404427E-7,0.001481360837059942,1.0384531520912787E-7,-20.792895841309246,0.004142537567133786,8.36617096636211E-11,5.282686365065747E-8,1.9601041948401003E-9,5.131050351279082E-11,3.677910221755561E-11,4.123520001876801E-11,-8.298016307581217E-7
3.7E-6,3.7E-6,2.1467726911290606,5.5E-8,3485.1907220751327,3490.0536455260726,0.6462149762034171,2.2823018776599495,161104.10013764925,162788.27045483617,316.0979759157346,0.2904758873052185,1.1026045911820607E-5,1.1158138254905134E-7,0.0015420958632837497,5.087964311201176E-8,-22.69723538002836,0.004534723316510281,0.6462108079468124,2.2822071521403102,161105.67107860371,162789.85475495525,316.09827120074124,0.29047278272015054,1.1025972039892871E-5,1.1158341385061906E-7,0.0015420318595542636,5.096585411479282E-8,-22.695311905258905,0.004534385457532153,0.6462118680565425,2.2822274932269333,161105.27147789922,162789.45181951614,316.09819610116614,0.2904735723076158,1.1025990827691897E-5,1.115828972268219E-7,0.0015420456035317117,5.094495946877942E-8,-22.695738193833904,0.004534464376263259,9.181623600348359E-11,5.278478005942309E-8,1.988659607338516E-9,5.5903058142986424E-11,3.698875312696996E-11,4.1805510192395375E-11,-8.504685920570681E-7
3.7250000000000003E-6,3.7250000000000003E-6,2.161277912015068,5.5E-8,3484.9694972080806,3477.3783593012877,0.6495873533691836,2.367624495718708,159837.35826529883,161510.646277907,315.8591246793574,0.292983305276491,1.108579749844655E-5,1.0995330180194423E-7,0.001599746280891019,-2.938711617161971E-8,-24.37965655474318,0.004798916910829121,0.6495830462850617,2.367527894360477,159838.9710082124,161512.27269444132,315.8594296614883,0.292980108498418,1.1085721205205502E-5,1.0995536170046403E-7,0.0015996810097030252,-2.9283394979984223E-8,-24.377666483170515,0.004798587006746402,0.6495841399340894,2.3675537133012288,159838.5615011319,161511.8597155865,315.85935222078416,0.29298092022131167,1.1085740577487684E-5,1.0995483864912505E-7,0.0015996984549332626,-2.9310943432392378E-8,-24.378171570389895,0.004798664783379536,1.0011479259319829E-10,5.274093944570017E-8,2.0186245388189244E-9,6.064561281827085E-11,3.7216297927656545E-11,4.241041703638702E-11,-8.890019162006264E-7
3.7500000000000005E-6,3.7500000000000005E-6,2.175783132901075,5.5E-8,3482.3739697207943,3456.9539684523997,0.6530802025748333,2.448410996400288,158534.10197693578,160196.18987532388,315.6118622142097,0.29557098882969507,1.1147651735706181E-5,1.0829892694184389E-7,0.0016543317543245189,-1.134641490807553E-7,-26.160034557198287,0.005124737730511697,0.6530757552886778,2.4483142081989704,158535.75591169044,160197.85780208316,315.6121769577249,0.2955677001223702,1.1147572999817645E-5,1.0830101308146303E-7,0.0016542663568911962,-1.1334362696402423E-7,-26.157966735632954,0.00512440491235111,0.6530768863707843,2.448340134651844,158535.33530328926,160197.43359565223,315.6120969086916,0.2955685365440347,1.1147593024788747E-5,1.0830048250681807E-7,0.0016542838747647594,-1.1337439630665359E-7,-26.158532060948346,0.005124498441148262,1.0851852839164236E-10,5.2695418280098493E-8,2.0499750881123902E-9,6.552616889356572E-11,3.7461683177301694E-11,4.30491005524548E-11,-9.300140755265622E-7
3.7750000000000003E-6,3.7750000000000003E-6,2.190288353787082,5.5E-8,3477.0527441695376,3434.686704806742,0.6566869284116919,2.5246391966969095,157197.45930846588,158848.3161762129,315.35668326499405,0.29823297672173493,1.1211489356189088E-5,1.066238523657324E-7,0.0017058372950654794,-2.187188464120027E-7,-27.77827180390591,0.005365387645326791,0.6566823493866126,2.524554194205976,157199.1504030335,158850.0213157037,315.3570071344867,0.2982296036468746,1.1211408330328485E-5,1.0662595793420026E-7,0.0017057798609499838,-2.1858510095285056E-7,-27.776358528487663,0.005365087184799222,0.6566835118460951,2.5245715949362317,157198.72102141264,158849.58843674653,315.35692491503676,0.29823045995729774,1.12114289000569E-5,1.0662542339676078E-7,0.0017057916182001566,-2.1861756607677307E-7,-27.776776032692624,0.005365155405030464,1.1698958040227434E-10,5.264829314335913E-8,2.0826860640957164E-9,7.05318841243445E-11,3.7724755860494774E-11,4.372046155457164E-11,-9.838291540930661E-7
3.8000000000000005E-6,3.8000000000000005E-6,2.2047935746730896,5.5E-8,3469.319362401162,3413.189358204338,0.6604009483300028,2.5963489224735543,155830.95807043597,157470.40110770715,315.0940843004294,0.30096335009836467,1.1277191590846455E-5,1.0493339573467885E-7,0.0017542898124821313,-3.3127521163578423E-7,-29.412178000319727,0.005627946395151184,0.6603962561635563,2.596277969933108,155832.678530343,157472.1354711252,315.09441594209966,0.30095990761016944,1.1277108606573E-5,1.0493550970489362E-7,0.0017542418715764244,-3.3112917563471456E-7,-29.410555007505764,0.005627716110780057,0.6603974421371417,2.5962928599529804,155832.24359150114,157471.69709834235,315.0943321176873,0.30096077772083535,1.1277129581357404E-5,1.0493497538111143E-7,0.0017542519324006624,-3.3116520356202275E-7,-29.410884955084384,0.005627758313607956,1.254941420114529E-10,5.2599642569749644E-8,2.1167313088004663E-9,7.564578592199607E-11,3.800527361076097E-11,4.4423605363728654E-11,-1.0420825808678702E-6
3.825000000000001E-6,3.825000000000001E-6,2.2192987955590966,5.5E-8,3459.6339835800927,3392.4208990361863,0.6642157437448217,2.6635894265128974,154437.7295848038,156065.74988159494,314.8245585942946,0.3037562654177882,1.1344641078783444E-5,1.0323256900041166E-7,0.0017997225854816873,-4.604816395215039E-7,-30.912750918667143,0.005829214268942451,0.6642109478444469,2.663517561298399,154439.4747044686,156067.5089985423,314.8248973035261,0.3037527616073317,1.1344556304565542E-5,1.0323468504280953E-7,0.0017996740279043236,-4.603188678231618E-7,-30.911150308817014,0.0058290141894303815,0.6642121612709841,2.6635404299707677,154439.03324183048,156067.06391719778,314.82481160545115,0.3037536481203684,1.1344577753574807E-5,1.0323414965055965E-7,0.001799689479709978,-4.60362578138529E-7,-30.91163247395275,0.00582907303711977,1.339981451852784E-10,5.254954463313909E-8,2.152083876142005E-9,8.085142438627376E-11,3.8302913453521275E-11,4.5157873865937846E-11,-1.1115241436335483E-6
3.85E-6,3.85E-6,2.2338040164451036,5.5E-8,3448.251103099443,3370.5375025001463,0.6681248533117907,2.726390350471576,153020.39971664347,154637.59489404046,314.54859672637934,0.306605957289254,1.1413721751439663E-5,1.0152607833165887E-7,0.0018421556422105244,-6.258685145610343E-7,-31.697305690406438,0.005672682984339872,0.6681199456336927,2.726308127144302,153022.17117252745,154639.38072556254,314.5489430288187,0.30660238748085933,1.1413635047044431E-5,1.0152819804292404E-7,0.0018421000859083123,-6.256849691510524E-7,-31.695455967578482,0.005672457084330063,0.668121195285655,2.726335316771627,153021.72021422928,154638.9259942331,314.5488548488985,0.3066032964710539,1.1413657124764873E-5,1.0152765829098542E-7,0.0018421184572781262,-6.257370569073828E-7,-31.696039480929585,0.005672519791318109,1.4246604535920746E-10,5.249807751526262E-8,2.1887158088015766E-9,8.613460567515994E-11,3.861727360969847E-11,4.592248435666897E-11,-1.2048533648963198E-6
3.875E-6,3.875E-6,2.2483092373311107,5.5E-8,3434.8118445374853,3341.4899823404126,0.6721218722367863,2.7847994427315137,151583.99705982275,153189.10684258986,314.2666880676528,0.3095067776507762,1.1484318826588632E-5,9.981831821634581E-8,0.0018816212450888607,-7.507925172944851E-7,-33.6465321853957,0.006143683984220161,0.6721168497340875,2.784723069183083,151585.79518154517,153190.91948033744,314.26704213190925,0.30950314088128533,1.1484230140115848E-5,9.98204409832349E-8,0.0018815696413399209,-7.505985151112782E-7,-33.64467138530813,0.0061434429752011965,0.6721181319136442,2.784740885217865,151585.33620590522,153190.45673617325,314.2669517439604,0.3095040693040608,1.1484252780623463E-5,9.981989906285975E-8,0.0018815816792012601,-7.506437154347622E-7,-33.645209175948594,0.006143545404000861,1.5086535805204022E-10,5.2445323058394324E-8,2.226598134832429E-9,9.147931819613025E-11,3.894788101542677E-11,4.671631088209799E-11,-1.2716114099758457E-6
3.9E-6,3.9E-6,2.2628144582171177,5.5E-8,3418.5794491062447,3305.2502536308793,0.6762004829633685,2.8388894534452835,150129.34636754988,151723.34121857776,313.9793138692263,0.3124531469418428,1.1556319334337208E-5,9.811337436567469E-8,0.0019181685496251915,-9.237375043369412E-7,-34.551354343955154,0.006088095714801511,0.6761953659841174,2.838835451997147,150131.163312874,151725.1723595425,313.9796742129897,0.3124494591499566,1.1556229026731654E-5,9.81154899455553E-8,0.0019181320621602343,-9.235497172710438E-7,-34.54988518252571,0.006087891565982773,0.6761966658923366,2.838842023430347,150130.70158142052,151724.7071775562,313.97958267207235,0.31245039599093366,1.1556251968318828E-5,9.81149525021965E-8,0.0019181365023178021,-9.235918936667532E-7,-34.55010268384194,0.006087921980906685,1.5916538307093155E-10,5.239135707319364E-8,2.2657010560343447E-9,9.686896262788603E-11,3.9294199255057234E-11,4.7538008185361855E-11,-1.3694115051511404E-6
3.9250000000000005E-6,3.9250000000000005E-6,2.277319679103125,5.5E-8,3399.6802196556387,3272.268343338018,0.6803544863229037,2.888750863729663,148661.05539239745,150243.2695171052,313.68695017796455,0.3154396767786188,1.1629612677254064E-5,9.641500046343272E-8,0.0019518586917092317,-1.0756624186569752E-6,-36.06848902103684,0.006375925126008042,0.6803492956202526,2.8887035244790087,148662.8829325778,150245.1109116983,313.6873152940214,0.315435953984765,1.1629521115921192E-5,9.641709913503306E-8,0.0019518267057290599,-1.0754639558285817E-6,-36.067375641333,0.006375844487763516,0.6803506072180008,2.888712879756086,148662.42105035557,150244.64562203892,313.6872230357595,0.3154368946696161,1.1629544251838206E-5,9.641656883289555E-8,0.0019518330268622204,-1.0755121847694228E-6,-36.067563627555955,0.006375843975803264,1.6733546246986867E-10,5.233626059251337E-8,2.3059939299165604E-9,1.0228816127081499E-10,3.965563442203613E-11,4.838627755015075E-11,-1.453488312892323E-6
3.95E-6,3.95E-6,2.291824899989132,5.5E-8,3379.030683283271,3243.4903238383963,0.6845778189733642,2.934480652321133,147180.69052068776,148751.73129758416,313.3900616211041,0.3184611059437296,1.170409091494925E-5,9.472663414715415E-8,0.001982757197514279,-1.2564913856749626E-6,-36.943998406545916,0.006351948339130331,0.684572549681991,2.934419780595613,147182.52903151306,148753.58391174115,313.3904318057027,0.3184573456561967,1.1703998014946333E-5,9.47287169985321E-8,0.0019827160679700088,-1.2562669209614796E-6,-36.94265838788101,0.006351874487450004,0.6845738820690629,2.934439082331508,147182.0641912477,148753.11545976184,313.3903382010323,0.31845829648049345,1.170402150554185E-5,9.472819032549539E-8,0.0019827291096834515,-1.2563290259492987E-6,-36.94304276498087,0.006351884463839497,1.7534739203756094E-10,5.228010993038251E-8,2.3474452807363225E-9,1.0772031103945677E-10,4.0031541726808805E-11,4.925998393310416E-11,-1.5556389862165914E-6
3.975E-6,3.975E-6,2.3063301208751392,5.5E-8,3356.588576049134,3206.507911395788,0.6888645527792079,2.97616838571892,145691.90931989916,147251.46125314018,313.0891045926522,0.321512365181241,1.177964875218785E-5,9.305139820659736E-8,0.0020109245849452163,-1.426083958477875E-6,-38.11879497186942,0.006511342721523761,0.6888591950023991,2.9761069640664157,145693.76156957258,147253.32777892967,313.08948049135523,0.3215085613832189,1.1779554339934182E-5,9.305346824688489E-8,0.002010883083828659,-1.425847583362838E-6,-38.11732406809733,0.006511237010982995,0.6888605557267228,2.9761268863755572,145693.29127216688,147252.85373217496,313.08938502346285,0.3215095274438292,1.1779578317991786E-5,9.30529425092148E-8,0.0020108965448483495,-1.425911800083668E-6,-38.11782123381386,0.006511287418078382,1.8317546650208812E-10,5.222298371317242E-8,2.390022947243058E-9,1.1314788417137187E-10,4.0421233736741805E-11,5.015797208737703E-11,-1.6506015808162225E-6
4.000000000000001E-6,4.000000000000001E-6,2.3208353417611467,5.5E-8,3331.444361549095,3161.3979729117727,0.6932088905760092,3.013904877733318,144196.59130502987,145745.06758670247,312.7845246065659,0.3245885310969655,1.1856183444128174E-5,9.139212234822085E-8,0.0020364222146846745,-1.6123469012541137E-6,-38.88107397971066,0.0064823078301685655,0.6932034569945207,3.0138616416903017,144198.45264280695,145746.94284796523,312.7849052786548,0.3245846938176043,1.185608774385092E-5,9.139417390527877E-8,0.0020363930011420956,-1.6121230817134346E-6,-38.87996336640185,0.006482239793655253,0.693204841041206,3.013873923128758,144197.97856681453,145746.4651777592,312.78480831340744,0.32458567125553717,1.1856112120715901E-5,9.139365132518318E-8,0.002036401299411323,-1.612181354033737E-6,-38.88029385342293,0.006482268187056661,1.9079356447129955E-10,5.216495722555394E-8,2.433694051172494E-9,1.185557565124078E-10,4.0823985556427875E-11,5.107880923517104E-11,-1.75649996838034E-6
4.0250000000000004E-6,4.0250000000000004E-6,2.3353405626471537,5.5E-8,3303.706237165266,3120.461861157582,0.6976051824506222,3.0478021435365776,142697.74701351736,144235.0412699951,312.4767567829182,0.3276848756802656,1.1933595075489958E-5,8.975134461842053E-8,0.0020593257726598496,-1.7917182249505003E-6,-39.766124819585684,0.006547077715964633,0.6975996931119752,3.047768710093657,142699.6099360537,144236.91771753493,312.4771407762714,0.32768101996381305,1.1933498440668028E-5,8.975336973584983E-8,0.002059303182495714,-1.7914981091848858E-6,-39.76537050104184,0.0065470974062407095,0.6976010905405845,3.0477748304869583,142699.1356523928,144236.44002557913,312.4770430225736,0.32768200152142596,1.1933523041135184E-5,8.975285419336137E-8,0.0020593073178965934,-1.7915507206112125E-6,-39.765527724501226,0.00654709415078969,1.9817676626788463E-10,5.210610664467522E-8,2.478424892846593E-9,1.2392964627959911E-10,4.123903815911328E-11,5.2020849457907E-11,-1.857496612614485E-6
4.05E-6,4.05E-6,2.3498457835331608,5.5E-8,3274.1299601203136,3080.81341806545,0.7020479510732245,3.0779863529403273,141197.31233629244,142723.735211122,312.1662223065091,0.33079685943565634,1.201178698746878E-5,8.813132109129624E-8,0.002079720508743464,-1.9796222180445967E-6,-40.3714763884459,0.0064951660810663725,0.7020424104291264,3.0779491449703533,141199.17442471543,142725.61079685515,312.16660926452016,0.33079298917913424,1.2011689496559012E-5,8.813331803820712E-8,0.002079695368223212,-1.9793899322451127E-6,-40.37069570792255,0.006495207260002189,0.7020438154169689,3.0779534064817335,141198.70211185573,142725.1351865372,312.1665111404503,0.3307939705948106,1.2011714218156374E-5,8.813281165021019E-8,0.002079698247622793,-1.979442067323589E-6,-40.37076848294396,0.006495179129160533,2.0530473448757728E-10,5.204650551949288E-8,2.5241811296750286E-9,1.2925250714717526E-10,4.166560675322611E-11,5.298250721197661E-11,-1.96354967525285E-6
4.075E-6,4.075E-6,2.364351004419168,5.5E-8,3242.34367596243,3031.0611234710746,0.7065318970423483,3.104576874025831,139697.80189106398,141213.3717862528,311.8533288775343,0.3339201562616565,1.2090665858942061E-5,8.653403678518022E-8,0.0020976870770444806,-2.162049090941309E-6,-41.002771657402036,0.006487932607711855,0.7065263012746364,3.1045379883671163,139699.6639018419,141215.2473042622,311.85371902094965,0.3339162695437975,1.2090567444769019E-5,8.653600693031354E-8,0.0020976608029507544,-2.161807916252201E-6,-41.00193453530642,0.006487971594452802,0.7065277152815028,3.1045460945834678,139699.19331661996,141214.77337321805,311.85362043476147,0.3339172516894037,1.2090592313268477E-5,8.653550908466083E-8,0.0020976662801239646,-2.1618660842648297E-6,-41.00207869949395,0.0064879476773285205,2.1215954740475307E-10,5.1986226792015006E-8,2.5709280117452977E-9,1.345068388844929E-10,4.210288988543757E-11,5.396226762510176E-11,-2.066407998402752E-6
4.1000000000000006E-6,4.1000000000000006E-6,2.3788562253051753,5.5E-8,3207.660688820043,2977.29871515334,0.7110518856510712,3.1276813839963546,138200.66562745144,139706.0406701036,311.53847060261256,0.3370506264617668,1.217014145456717E-5,8.496122947754098E-8,0.0021132982324299694,-2.3494932254664034E-6,-41.032619925772906,0.006225852147878186,0.71104623657715,3.1276467257067813,138202.52655322698,139707.91503205438,311.53886375834196,0.33704672527399704,1.2170042149048785E-5,8.496317222624404E-8,0.0021132748146667443,-2.3492545621195403E-6,-41.03180217967679,0.006225870105410536,0.7110476669904978,3.1276612379996855,138202.0553580037,139707.44041837094,311.53876420622953,0.33704771310336656,1.2170067294403769E-5,8.496268029362161E-8,0.002113284620270058,-2.349326090751447E-6,-41.03202548192348,0.006225826904938003,2.1872198812611173E-10,5.1925340972566134E-8,2.618630286049753E-9,1.3967865773943913E-10,4.255007157147669E-11,5.4958482989857014E-11,-2.173471949624406E-6
4.125E-6,4.125E-6,2.3933614461911823,5.5E-8,3170.6872562316426,2930.173281481489,0.715602941883287,3.147412152126973,136709.22953167165,138203.7120761701,311.2220285390161,0.3401843396596261,1.2250126525562672E-5,8.341440268357958E-8,0.002126629832518225,-2.5258900232927318E-6,-41.82811814880279,0.006342006126615729,0.7155972478655678,3.1473848169258845,136711.0863759035,138205.5820894645,311.22242408028274,0.340180430440116,1.2250026475512103E-5,8.341631535030563E-8,0.00212661136278776,-2.525660275836117E-6,-41.8274966476863,0.0063420561399283315,0.7155986974216925,3.1473968417799267,136710.6138469008,138205.10602809436,311.22232338490346,0.3401814256340325,1.2250051945786722E-5,8.341582842713261E-8,0.0021266194876891397,-2.5257273921397427E-6,-41.827834696063974,0.0063420807002785295,2.249739159430373E-10,5.186391808537483E-8,2.6672520347611205E-9,1.447552484192557E-10,4.300632383815968E-11,5.59693748326018E-11,-2.273033290874521E-6
4.15E-6,4.15E-6,2.4078666670771893,5.5E-8,3132.145984879437,2881.993317124245,0.7201802631366175,3.1638946311231466,135223.78673552573,136708.2190280994,310.9043694895575,0.3433175430861453,1.2330537010783139E-5,8.189484386303683E-8,0.0021377666426507748,-2.705458938976335E-6,-41.8597078105538,0.0061317026726754875,0.7201745359593068,3.163876233327209,135225.63536218138,136710.08049923612,310.9047665561612,0.3433136344782603,1.2330436422857799E-5,8.189672289321888E-8,0.0021377542117075733,-2.705242025200505E-6,-41.859314352345336,0.0061317855162457136,0.7201759950054556,3.1638773478032456,135225.16440531478,136709.60627197835,310.9046654002068,0.34331463023214576,1.233046204847535E-5,8.189624418932493E-8,0.0021377549647319228,-2.705290346938227E-6,-41.859412721739545,0.006131790084396016,2.309013240741119E-10,5.180202545875855E-8,2.7167568119690853E-9,1.4972185093445048E-10,4.347081163348305E-11,5.6993163831722376E-11,-2.3741599745184044E-6
4.175000000000001E-6,4.175000000000001E-6,2.422371887963197,5.5E-8,3091.4130781299277,2823.0432875416677,0.7247792330812983,3.177260319323885,133747.19879485655,135221.27178041573,310.5858448281988,0.3464467145175075,1.24112922722547E-5,8.040362774492125E-8,0.002146797513056679,-2.875453407540363E-6,-42.28804979182178,0.006130313169080637,0.7247734815942519,3.1772452935757856,133749.03609049003,135223.12160680263,310.5862427688339,0.3464428130004614,1.2411191301280886E-5,8.040547084106205E-8,0.0021467873605241793,-2.8752420847411032E-6,-42.28785536025043,0.006130454532168983,0.7247749400169806,3.177243167578328,133748.57006912172,135222.6525384524,310.5861418620033,0.34644380232355243,1.241121690481455E-5,8.04050034763016E-8,0.002146785924039411,-2.8752833244993783E-6,-42.2877741624618,0.006130412053678924,2.3649311437366127E-10,5.1739729411146585E-8,2.767107878642572E-9,1.5456307912755436E-10,4.394270067686639E-11,5.802800897424349E-11,-2.4692192457769294E-6
4.2000000000000004E-6,4.2000000000000004E-6,2.436877108849204,5.5E-8,3047.74395719592,2760.0602965057756,0.7293954174593921,3.187628979476058,132280.1678815096,133744.4480536367,310.26679071734014,0.34956851990974613,1.2492314999261252E-5,7.894163984001883E-8,0.00215380336451085,-3.043842728800428E-6,-42.24604027732653,0.005937770359793149,0.7293896409655592,3.1876095954136403,132281.99366438936,133746.28628720887,310.26718954481714,0.3495646253856125,1.249221363230176E-5,7.894344792553337E-8,0.0021537902671713784,-3.0436220059470998E-6,-42.24581415823354,0.005937932804584989,0.729391101795662,3.1876149548904333,132281.53186715368,133745.82140977218,310.2670886843572,0.34956561028249516,1.249223926721777E-5,7.894299066993666E-8,0.002153793888439482,-3.0436791176668975E-6,-42.245802840948954,0.005937859451734084,2.417381874384512E-10,5.167709356417903E-8,2.8182682153384542E-9,1.5926594671426245E-10,4.4421161119583515E-11,5.907193446004561E-11,-2.563468185039204E-6
4.225E-6,4.225E-6,2.451382329735211,5.5E-8,3001.55154690499,2701.0153536953594,0.7340245497909522,3.195112008892184,130824.81125496596,132279.2107796606,309.947528931084,0.3526798299969963,1.2573530947486492E-5,7.750959094211912E-8,0.0021588594654676917,-3.202931591061997E-6,-42.395614125293605,0.005859635342801539,0.7340187449622533,3.1950922228182326,130826.62640014602,132281.0383186969,309.94792883965687,0.3526759405822401,1.2573429125444241E-5,7.751136575405683E-8,0.0021588460964988058,-3.2027095548414764E-6,-42.39534160338735,0.005859783938774399,0.7340202162775129,3.1951014259184753,130826.16641383688,132280.57510072098,309.9478274768754,0.35267692641150833,1.2573454933674096E-5,7.751091589811453E-8,0.002158852314809781,-3.2027750341967475E-6,-42.39550092879085,0.0058597508328546155,2.466264987267321E-10,5.1614180214380074E-8,2.8702004425647833E-9,1.638186591269186E-10,4.490536849010565E-11,6.012298451383327E-11,-2.6514945009491524E-6
4.25E-6,4.25E-6,2.465887550621218,5.5E-8,2953.5287111498437,2642.6240830174524,0.7386625287207471,3.1998255749891995,129381.91191233812,130826.90541136145,309.6283674285969,0.35577769724651737,1.2654868875239353E-5,7.610803517289851E-8,0.002162044307425135,-3.336187250653211E-6,-42.18113593661019,0.0056837355185308525,0.7386567023254733,3.1998155203825513,129383.71416896336,130828.72000026047,309.6287679178691,0.3557738177906786,1.2654766716096019E-5,7.610977538225622E-8,0.002162037513771994,-3.335983757182248E-6,-42.18080929597431,0.0056837891942222996,0.7386581833616425,3.1998198011399084,129383.25609663727,130828.25873974683,309.6286661155678,0.3557748039288196,1.2654792684367564E-5,7.610933302618759E-8,0.0021620404061756136,-3.336040160917264E-6,-42.18094570168046,0.0056837813443735286,2.511504622583883E-10,5.155105003735192E-8,2.9228668739565812E-9,1.6820901209705838E-10,4.5394506812168126E-11,6.117931190092705E-11,-2.7235567811269744E-6
4.2750000000000006E-6,4.2750000000000006E-6,2.4803927715072254,5.5E-8,2903.724293055662,2580.527185380889,0.7433054240845137,3.2018896284567027,127953.36389213492,129388.76179596933,309.3095976934873,0.3588593616041647,1.2736260638385835E-5,7.473737960302527E-8,0.0021634389381464205,-3.498380816893132E-6,-42.27286110568207,0.005590288041162239,0.7432995895008082,3.2018884640860903,127955.14947109147,129390.55923676687,309.30999781442785,0.35885550121843485,1.2736158375817079E-5,7.473908210876453E-8,0.0021634381514095205,-3.4982040992304065E-6,-42.27286394191515,0.005590398214835091,0.7433010728855901,3.201887383850828,127954.69561089324,129390.1022534164,309.30989608761206,0.358856482687115,1.27361843750613E-5,7.47386492587671E-8,0.00216343742152083,-3.498245221464913E-6,-42.272970599545715,0.005590429837411648,2.553038644239694E-10,5.1487759229456E-8,2.97622959198978E-9,1.7242580473617785E-10,4.588777327944877E-11,6.223897455398789E-11,-2.813846557127739E-6
4.3E-6,4.3E-6,2.4948979923932324,5.5E-8,2851.8351901630585,2514.3755410069143,0.7479494764589718,3.2014197253275247,126544.8027412727,127965.93110963471,308.99150373564754,0.36192233564320964,1.2817641179277753E-5,7.339788756783444E-8,0.0021631214360321115,-3.3292505550264197E-6,-47.1605107514265,0.00823956020148131,0.7479436395680646,3.2014178217085743,126546.56785396863,127967.70965458994,308.9919030648563,0.36191849832695844,1.2817538915333445E-5,7.339955168410422E-8,0.0021631201498030907,-3.328896341372456E-6,-47.15879314446693,0.008239219192105907,0.7479451207287582,3.201415786392548,126546.12106718414,127967.2583292901,308.99180172987366,0.36191947207772784,1.2817564865683543E-5,7.339912939568098E-8,0.0021631187745895595,-3.3290590461376724E-6,-47.16035894894253,0.00823967558651617,2.590816892132162E-10,5.142437642185124E-8,3.0302504638395548E-9,1.7645913615799966E-10,4.638438058656493E-11,6.329981476794176E-11,-2.6926106089043417E-6
4.325E-6,4.325E-6,2.5094032132792394,5.5E-8,2797.5713091775,2444.14010508956,0.7525910872873869,3.198522143947129,125138.20862992867,126559.32603501865,308.6743313635739,0.36496392892966084,1.2898948284661181E-5,7.208975057124325E-8,0.002161163610775087,-3.98510828460985E-6,-37.91627615827815,0.003130074140869965,0.7525852455983497,3.198517402256421,125139.95927520383,126561.08651094492,308.6747300381851,0.3649601130524537,1.2898845974647304E-5,7.209137806047855E-8,0.002161160406930014,-3.9850622930259765E-6,-37.9180181514439,0.003130748624805335,0.752586725459274,3.1985176216760776,125139.51484017243,126560.64053322976,308.67462904425184,0.36496107972539654,1.2898871892599424E-5,7.209096576828415E-8,0.0021611605551865387,-3.985011791485249E-6,-37.91662914743324,0.003130282135849427,2.624806843169492E-10,5.136091557267445E-8,3.0848911814865225E-9,1.802991741017458E-10,4.6883553439116874E-11,6.435968592078651E-11,-3.0936010986794884E-6
4.350000000000001E-6,4.350000000000001E-6,2.5239084341652473,5.5E-8,2740.890929917133,2372.6170250737114,0.7572268183090654,3.1933113311476293,123764.48521295581,125170.02436413147,308.35835762657524,0.36798237833391545,1.298012270635115E-5,7.0812957778301E-8,0.002157642791315966,-3.707692190744183E-6,-44.37010051357083,0.006681067529953566,0.7572209729141631,3.193310866633165,123766.21504886785,125171.76656618928,308.35875556265603,0.3679785846776467,1.2980020368365087E-5,7.081454936849615E-8,0.0021576424774548413,-3.7074239577350453E-6,-44.36916584390792,0.0066809294223304505,0.7572224547674449,3.1933134064594038,123765.7771658157,125171.32490047332,308.3586546814723,0.36797954639886105,1.2980046311848544E-5,7.081414588359109E-8,0.002157644193553651,-3.7075423553289966E-6,-44.37005052166319,0.0066811468161418475,2.6550087137029454E-10,5.129748969695196E-8,3.1401134170032907E-9,1.8393500844049823E-10,4.7384540901638635E-11,6.541664283387326E-11,-2.9058636082491345E-6
4.3750000000000005E-6,4.3750000000000005E-6,2.5384136550512544,5.5E-8,2682.257630150945,2303.9287941358416,0.7618533912483835,3.1858938474763785,122396.65153334917,123798.7008002887,308.0437935810167,0.3709752069166667,1.3061107940850764E-5,6.956751103644076E-8,0.00215263097802458,-4.117284178875025E-6,-38.86984078312594,0.0036888482341623785,0.7618475505608155,3.1859008062058067,122398.3630077911,123800.42235720482,308.0441901784468,0.3709714408670734,1.3061005721102358E-5,6.956906552070086E-8,0.0021526356798687884,-4.117217787751315E-6,-38.87103541819715,0.0036892774559902364,0.7618490343742316,3.185901035789414,122397.92777805857,123799.98499808834,308.0440894242789,0.3709723976279888,1.3061031689801549E-5,6.956867060331722E-8,0.0021526358349928474,-4.117206854061806E-6,-38.870299860956266,0.003689022388115859,2.681412739800261E-10,5.123409247898338E-8,3.1958788348294203E-9,1.873586662549794E-10,4.7886613722841826E-11,6.646878667687023E-11,-3.1517373178718023E-6
4.4E-6,4.4E-6,2.5529188759372614,5.5E-8,2622.1583593804994,2235.2890207734636,0.7664676770273393,3.1763686121704953,121056.39261367427,122446.1956188279,307.7308805249692,0.37394084000012473,1.3141850232875502E-5,6.835323542762451E-8,0.0021461950082233075,-3.99199952155982E-6,-42.26323106933796,0.005614444048987366,0.7664618479555608,3.1763777506403486,121058.08049096334,122447.89472706267,307.73127530818084,0.3739371059088914,1.3141748251113322E-5,6.835475212580751E-8,0.0021462011828651,-3.991811527583877E-6,-42.26311315332646,0.0056144963594917385,0.7664633284477435,3.1763729478202185,121057.65219240187,122447.46317773682,307.7311750388931,0.3739380543114447,1.3141774152874697E-5,6.835436690420503E-8,0.002146197937716364,-3.991878746631983E-6,-42.263541366856316,0.005614629203236632,2.704012091606318E-10,5.1170814257171236E-8,3.252148965490996E-9,1.9056411291201575E-10,4.838906186460067E-11,6.75140792092016E-11,-3.0602580239051822E-6
4.425E-6,4.425E-6,2.5674240968232684,5.5E-8,2560.411277243492,2161.148228757693,0.7710666880714435,3.1648318653299197,119728.5748509004,121113.07647556928,307.4198146823217,0.3768772895870684,1.3222298271753255E-5,6.716995025901295E-8,0.0021383999090067024,-4.252621892817388E-6,-38.851533246574945,0.003824377932986067,0.7710608709284916,3.164839192734475,119730.24174148416,121114.75329314376,307.42020761459474,0.37687358745111177,1.3222196532271798E-5,6.717143027186866E-8,0.0021384048599557264,-4.252534828310672E-6,-38.85255838561898,0.0038247739176213713,0.7710623451385225,3.164835236909043,119729.81895492811,121114.3283439666,307.42010803617245,0.376874525669692,1.322222231561394E-5,6.717105519552369E-8,0.002138402187100705,-4.252531025770168E-6,-38.85194544578485,0.003824574822644422,2.7228266415650444E-10,5.1107669249156165E-8,3.3088852656852633E-9,1.9354455558624858E-10,4.889119789233921E-11,6.855042579847008E-11,-3.211667727426629E-6
4.450000000000001E-6,4.450000000000001E-6,2.581929317709276,5.5E-8,2496.6010146454482,2083.4000329508103,0.7756475781018681,3.15138208023072,118425.66180017579,119799.97113747493,307.110804051682,0.3797831373861415,1.3302403299322326E-5,6.601735758260456E-8,0.002129312216372108,-4.2047473151285436E-6,-40.472606724368006,0.004827317893347782,0.7756417731610709,3.1513915051509414,118427.3058930993,119801.62586515657,307.1111951093691,0.37977946718383354,1.3302301805742237E-5,6.60188020003457E-8,0.002129318584561447,-4.204594280707852E-6,-40.47276643524219,0.004827444409951198,0.7756432448974607,3.151392046090453,118426.88926650699,119801.20633629795,307.1110959632462,0.3797803976974757,1.3302327537583831E-5,6.601843579091611E-8,0.002129318950061117,-4.204654701283062E-6,-40.47293194570511,0.0048274541763326795,2.737898264809465E-10,5.104472553121307E-8,3.3660492882232635E-9,1.9629286690340654E-10,4.939235945554996E-11,6.957582450404673E-11,-3.169149449552757E-6
4.475E-6,4.475E-6,2.596434538595283,5.5E-8,2430.8324984187243,2006.6002160508042,0.7802076426564617,3.136116437829741,117138.8198941958,118507.32565637506,306.80402593325465,0.3826567820680102,1.3382119022268946E-5,6.489513883750547E-8,0.0021189975931282033,-4.3814721917101456E-6,-37.84849073703049,0.0035398550971663667,0.7802018566683226,3.136133103555281,117140.44123725446,118508.95667163798,306.804414652336,0.38265314779605397,1.3382017891442876E-5,6.489654715358092E-8,0.002119008853753568,-4.381403074802393E-6,-37.84944665841044,0.0035401690520941997,0.780203327051084,3.136130814837118,117140.02914754809,118508.54218264688,306.80431586781253,0.3826540713704164,1.3382043591641598E-5,6.489618925700044E-8,0.0021190073073223768,-4.381416177494657E-6,-37.849145021064714,0.0035400646804895075,2.7492701796365474E-10,5.098200674355626E-8,3.4236027261197727E-9,1.9880345947861375E-10,4.989191014809405E-11,7.058836922445351E-11,-3.268609257300373E-6
4.5E-6,4.5E-6,2.61093975948129,5.5E-8,2363.4793553655513,1930.1378912007444,0.784744313808959,3.1191260268068937,115876.24301294709,117235.59574242307,306.4996595901943,0.3854970131139029,1.3461401581684283E-5,6.380289427758862E-8,0.0021075175856803334,-4.360800922711406E-6,-38.71862927514894,0.004161461040872894,0.7847385549367181,3.119146821334116,115877.83852257233,117237.20111256232,306.5000454230525,0.3854934195698283,1.3461300955071477E-5,6.380426572761214E-8,0.0021075316360365647,-4.360706864332542E-6,-38.71921969643745,0.004161647205897623,0.7847400173376418,3.119138095935841,115877.4333846581,117236.79344471589,306.4999474450286,0.3854943321128852,1.346132650807319E-5,6.380391745968377E-8,0.00210752574049719,-4.360730021488735E-6,-38.719095715826825,0.0041616221861140446,2.7569877506190414E-10,5.091956762861703E-8,3.481507361691424E-9,2.0107234875977376E-10,5.038924002256096E-11,7.158620876294234E-11,-3.244310624794083E-6
4.525000000000001E-6,4.525000000000001E-6,2.6254449803672975,5.5E-8,2294.716447539832,1852.5408417506414,0.7892551501748684,3.100494254558862,114632.06806629294,115985.10766043088,306.1978623513622,0.3883025384981937,1.3540209318253547E-5,6.274020553211911E-8,0.002094928550377609,-4.471926756792755E-6,-36.894605374676075,0.003346745010929908,0.7892494191808732,3.1005119730428157,114633.638597982,115986.68757069817,306.1982452473911,0.3882989857594198,1.3540109207938253E-5,6.274154117103636E-8,0.002094940522326227,-4.471864400841241E-6,-36.89550343077099,0.0033470290366359734,0.7892508706668051,3.1005055153379204,114633.24070048048,115986.28742593093,306.1981482716714,0.3882998855636164,1.3540134562830341E-5,6.274120289095458E-8,0.0020949361590121085,-4.4718672498333945E-6,-36.89514792381465,0.003346931622264293,2.7611072342789E-10,5.085743520795308E-8,3.539725067816212E-9,2.0309603877049269E-10,5.0883764364742575E-11,7.256754852990404E-11,-3.302711594240704E-6
4.5500000000000005E-6,4.5500000000000005E-6,2.6399502012533045,5.5E-8,2224.588606551525,1773.8645713426756,0.7937378291823285,3.0803014508315774,113411.27654155287,114756.17601338739,305.89878915772533,0.39107234089932896,1.3618502674223246E-5,6.1706600425374E-8,0.0020812847640753903,-4.466431945360227E-6,-37.04393635102247,0.003618184535962854,0.7937321227918858,3.0803175911260614,113412.82274595811,114757.73176741488,305.8991693396926,0.3910688265428651,1.3618403021814158E-5,6.170790220458286E-8,0.002081295669679771,-4.466344717570792E-6,-37.044499073783754,0.0036183763586574713,0.7937335690312168,3.0803168343387264,113412.4309833606,114757.33747137373,305.89907298516164,0.3910697172301907,1.3618428277928979E-5,6.170757227569199E-8,0.002081295158336977,-4.466380314482876E-6,-37.04446960956557,0.0036183437121763973,2.7616981290976514E-10,5.0795654603535806E-8,3.5982178741828557E-9,2.0487128759555883E-10,5.1374924567593596E-11,7.353064657856688E-11,-3.288193270011533E-6
4.575E-6,4.575E-6,2.6544554221393115,5.5E-8,2153.0574334067437,1693.0325822257935,0.798190144038795,3.0586269374674577,112210.58168070923,113549.02288755077,305.6025786083694,0.39380539277726834,1.369624410363744E-5,6.070159046070308E-8,0.002066639822613147,-4.532231594112091E-6,-35.65813437871384,0.0030763132343629707,0.7981844659495242,3.05864972474215,112212.10361812807,113550.55388009634,305.6029558327512,0.39380191866108294,1.3696144972551664E-5,6.070285869220983E-8,0.0020666552194203713,-4.532186949290917E-6,-35.659024821329695,0.0030765636815832664,0.7981859086067067,3.0586456742987767,112211.71694440348,113550.16489192736,305.60285998949075,0.3938028013476358,1.3696170159227038E-5,6.070253646381406E-8,0.0020666524826343084,-4.532201114386681E-6,-35.65881233709524,0.0030764952250486033,2.7588348687243715E-10,5.0734254142337446E-8,3.656948008082694E-9,2.063958495037134E-10,5.186218899527168E-11,7.447380324634875E-11,-3.3185629471585284E-6
4.6E-6,4.6E-6,2.6689606430253185,5.5E-8,2080.1038836378125,1611.2400169824132,0.802610003866936,3.035551176554786,111032.82709963081,112363.84359798313,305.30936379446985,0.39650086396389517,1.3773398094312992E-5,5.972465118746384E-8,0.002051048092266747,-4.527809898604573E-6,-35.38559582448488,0.0031535096288841657,0.8026043636797724,3.0355807002999775,111034.32231424518,112365.34769028246,305.30973743230425,0.39649743548636956,1.377329965098693E-5,5.972588490865281E-8,0.002051068040743228,-4.527778534253457E-6,-35.386484366218156,0.003153721955726496,0.802605796054247,3.0355705441686354,111033.94256838303,112364.96571114745,305.30964254371065,0.396498306181154,1.377332465152699E-5,5.97255715913147E-8,0.002051061178492321,-4.5277817935129864E-6,-35.38623740752996,0.0031536737276685045,2.752599887316844E-10,5.0673271764050185E-8,3.7158779153615045E-9,2.0766813398480093E-10,5.234505266551163E-11,7.539536662407217E-11,-3.3050651317134073E-6
4.625000000000001E-6,4.625000000000001E-6,2.683465863911326,5.5E-8,2005.9737047536205,1530.9487966868164,0.8069954318893305,3.011151125373949,109876.14998923024,111200.76333844682,305.01926453080085,0.39915795762181144,1.3849931114446598E-5,5.877524430694839E-8,0.0020345615711986143,-4.56048575287582E-6,-34.23817462740362,0.0027715743367533463,0.8069898337632444,3.0111796898107497,109877.61797298474,111202.23991261718,305.0196343187512,0.3991545767677022,1.3849833430264197E-5,5.8776443814450517E-8,0.00203458087149375,-4.560469992753724E-6,-34.239168319594455,0.002771816080869627,0.8069912529723566,3.01117157987088,109877.24576323404,111201.86557709012,305.01954057194314,0.3991554338681972,1.38498581946758E-5,5.877613971826374E-8,0.0020345753918046485,-4.560468348273617E-6,-34.238864367408496,0.0027717454321489754,2.7430845403925764E-10,5.061273516889274E-8,3.77497030607065E-9,2.0868695801392661E-10,5.2823037662759215E-11,7.629375206364201E-11,-3.314968309458874E-6
4.65E-6,4.65E-6,2.697971084797333,5.5E-8,1930.8316564095828,1449.145137223552,0.8113445547993418,2.985492561629459,108742.14852474735,110059.87735340853,304.73239422405754,0.4017760207590467,1.3925811436937838E-5,5.785281015449842E-8,0.0020172247038036887,-4.5497227259261306E-6,-33.71845218310568,0.0027436821116477716,0.8113389965118041,2.98551889521733,108743.59008974685,110061.32749384406,304.7327603233381,0.40177268562985585,1.392571447194266E-5,5.785397709907589E-8,0.002017242496768466,-4.549697301570177E-6,-33.719286898309974,0.002743884580221234,0.8113404063484831,2.9855141248346806,108743.22449506968,110060.95966955577,304.7326674634846,0.40177353157354473,1.3925739066716075E-5,5.7853681105563933E-8,0.0020172392735369462,-4.549710795771489E-6,-33.719129650747846,0.0027438395419903117,2.730377480963828E-10,5.055267689884003E-8,3.834188149013948E-9,2.0945261190070048E-10,5.329569240973909E-11,7.716750318251203E-11,-3.2981192126096766E-6
4.675E-6,4.675E-6,2.71247630568334,5.5E-8,1854.493506082375,1364.2280267022752,0.8156555927518958,2.958638403851565,107629.74167546764,108941.23029883871,304.4488561558985,0.40435444415757954,1.400100895195508E-5,5.6956782622924734E-8,0.001999080002602409,-4.5568361056780305E-6,-32.70021791754198,0.0024579480480131366,0.8156500748945645,2.9586677504896968,107631.15741870922,108942.65434201936,304.4492185416549,0.4043511545469194,1.4000912715340977E-5,5.695791800805239E-8,0.0019990998314119574,-4.556830242279375E-6,-32.70115738917298,0.002458163919103473,0.8156514753005412,2.9586596007175157,107630.79808977885,108942.29292482328,304.4491265697913,0.40435198943726935,1.4000937139739211E-5,5.695762984992893E-8,0.001999094324809132,-4.556829514541505E-6,-32.700900724049006,0.0024581061084449907,2.714571943691194E-10,5.049312312168588E-8,3.8934946491732506E-9,2.099660129130431E-10,5.3762590767650685E-11,7.801534817532899E-11,-3.292416649559705E-6
4.700000000000001E-6,4.700000000000001E-6,2.7269815265693476,5.5E-8,1777.113910302194,1282.0826286043982,0.8199268618046981,2.9306579138923903,106539.79781197786,107844.83701709782,304.1687468444341,0.4068927294364845,1.4075495214391397E-5,5.608658378138314E-8,0.001980174266143507,-4.5361166991142455E-6,-32.03630898043343,0.0023759107721867956,0.8199213893503409,2.9306911913290166,106541.18687750386,107846.23418561352,304.16910520713657,0.40688948772449335,1.4075399791777049E-5,5.608768769489492E-8,0.001980196750897984,-4.536124500873484E-6,-32.03727054613228,0.002376109499607537,0.8199227764520638,2.9306809307476964,106540.83475809512,107845.88004398045,304.1690143730113,0.406890309403508,1.4075423978527415E-5,5.608740788351713E-8,0.0019801898180727678,-4.536117421025665E-6,-32.0369951678515,0.002376059092493721,2.6957791429194754E-10,5.043410214407698E-8,3.9528533396707065E-9,2.1022732423149775E-10,5.4223332837060276E-11,7.883612550118806E-11,-3.2694434658800448E-6
4.7250000000000005E-6,4.7250000000000005E-6,2.7414867474553546,5.5E-8,1699.2281900540015,1202.576175691937,0.8241567752071005,2.9016160370206325,105471.65328162353,106770.67026617195,303.8921535631907,0.40939043505413925,1.4149243458549566E-5,5.524163140422514E-8,0.0019605513763652923,-4.522691811530421E-6,-31.08946638187126,0.0021504251156236887,0.8241513519156128,2.9016505762720426,105473.01526896821,106772.04012694018,303.8925076762708,0.4093872428465735,1.414914891438965E-5,5.524270419389582E-8,0.001960574713697326,-4.522712853258781E-6,-31.09048068703646,0.0021506288443755572,0.8241527269027674,2.901644076728074,105472.66998754989,106771.69281911023,303.89241789643404,0.409388052180689,1.4149172884522795E-5,5.524243220305126E-8,0.0019605703221135633,-4.522712709871257E-6,-31.0902537484385,0.002150576586375408,2.674110438259873E-10,5.037563797948375E-8,4.012228155382111E-9,2.1023779804301554E-10,5.4677545387476256E-11,7.962864508276816E-11,-3.251505361751144E-6
4.75E-6,4.75E-6,2.7559919683413616,5.5E-8,1620.714939569416,1117.7855088293104,0.8283438317055655,2.8715657244751376,104425.73936206716,105718.67636137854,303.619157152448,0.4118472056157683,1.4222228396336508E-5,5.442133921920055E-8,0.0019402471111318498,-4.490671286419001E-6,-30.34367622943978,0.002043356087132908,0.828338459593412,2.8716017319238025,104427.07422686301,105720.01894351823,303.61950690606557,0.4118440634552993,1.4222134764695826E-5,5.442238157434894E-8,0.0019402714404890557,-4.49069902160204E-6,-30.344670724074376,0.0020435438798856453,0.8283398249215077,2.871595008012073,104426.73502851548,105719.67772278981,303.61941801549506,0.41184486204028364,1.4222158561280646E-5,5.442211665627184E-8,0.0019402668973054547,-4.490700712693751E-6,-30.344478970723003,0.0020435015064055317,2.649662570346976E-10,5.0317755372078385E-8,4.071583335691741E-9,2.1000121108767955E-10,5.5124879594298643E-11,8.03917164995311E-11,-3.2223275210820625E-6
4.775E-6,4.775E-6,2.7704971892273687,5.5E-8,1541.0851479221665,1030.119877979046,0.8324866074387189,2.8405605278805406,103401.61266360988,104688.77128575242,303.3498312523713,0.41426273501924366,1.429442607133084E-5,5.3625123149738036E-8,0.0019192976539733383,-4.460215067609852E-6,-29.43848403619313,0.001857771389185539,0.8324812891695048,2.8405987589866246,103402.92035214587,104690.08646865621,303.3501764964047,0.41425964380080094,1.4294333397568514E-5,5.362613561893316E-8,0.0019193234858017735,-4.460256555205433E-6,-29.43952549890969,0.0018579593263336053,0.8324826402581977,2.840585890828843,103402.58807920016,104689.75234939769,303.35008878836436,0.4142604291179125,1.4294356941033516E-5,5.362587840209656E-8,0.0019193147911005697,-4.4602372582858155E-6,-29.439203301515136,0.0018579078559447237,2.622543110883561E-10,5.026047624050134E-8,4.130883387545832E-9,2.095210540605622E-10,5.5565009792025155E-11,8.112433024917126E-11,-3.1939411401782786E-6
4.800000000000001E-6,4.800000000000001E-6,2.785002410113376,5.5E-8,1460.707404164015,948.1780098033155,0.8365837601328208,2.808659427867281,102399.44164349683,103680.8472294918,303.0842432308549,0.4166367886937534,1.4365813932836554E-5,5.2852399570916056E-8,0.001897742856667082,-4.4167762149527335E-6,-28.648970467179197,0.0017421991531597833,0.8365784976605686,2.8086981582245305,102400.7221533611,103682.13508127932,303.08458386373087,0.4166337488761333,1.4365722249960596E-5,5.2853382824071194E-8,0.0018977690258273855,-4.416823018402738E-6,-28.64998938839676,0.0017423742916266062,0.8365798299966328,2.808685053219587,102400.39788728282,103681.80902577275,303.0844976234895,0.4166345184910249,1.4365745461943172E-5,5.285313388484882E-8,0.0018977601710943157,-4.416800203443927E-6,-28.649662034258654,0.0017423265755175561,2.5928816352647383E-10,5.0203822341149614E-8,4.190093252970735E-9,2.08799209427138E-10,5.599763524403808E-11,8.182572453882956E-11,-3.157693512184208E-6
4.825E-6,4.825E-6,2.799507630999383,5.5E-8,1380.2470033546106,868.3399649472453,0.8406340280141489,2.775914611200655,101418.8901690943,102694.77026029564,302.8224535846038,0.4189691837545541,1.4436370814005272E-5,5.210258844198218E-8,0.0018756179805409833,-4.372012111133472E-6,-27.77165358080515,0.001584936689753652,0.8406288219061842,2.7759535852960644,101420.1439248758,102696.03119244655,302.8227895958577,0.4189661949811144,1.4436280130888474E-5,5.210354338425537E-8,0.0018756443143892326,-4.372064813082943E-6,-27.772666246403105,0.0015851065774794837,0.8406301398136231,2.7759467573928065,101419.8265848923,102695.71199017513,302.8227045355416,0.418966951579701,1.4436303086994242E-5,5.210330164197888E-8,0.0018756397009410855,-4.37205917549477E-6,-27.77245549976442,0.0015850648734689055,2.560799764075609E-10,5.014781319186309E-8,4.249178381147504E-9,2.0783903981774426E-10,5.642248034234907E-11,8.24952629280614E-11,-3.121227158024478E-6
4.85E-6,4.85E-6,2.81401285188539,5.5E-8,1299.5298492678728,783.775548672403,0.8446362182354756,2.7423688731257023,100459.96338881369,101730.38794161536,302.5645174184383,0.42125979271945296,1.4506076730480234E-5,5.137511519065239E-8,0.0018529519413011501,-4.31778306804631E-6,-26.96276629717636,0.0014701623825874588,0.8446310707187142,2.7424106510961312,100461.19042508815,101731.62196404272,302.5648486916356,0.42125685557756465,1.450598708493063E-5,5.137604239529012E-8,0.001852980169659548,-4.31784709803651E-6,-26.963797868181018,0.0014703230683896784,0.8446323785518345,2.742403711203144,100460.87874762603,101731.30843315893,302.56476452444855,0.4212576018200242,1.450600986123898E-5,5.137580681780243E-8,0.0018529754805426647,-4.317843305017277E-6,-26.963614211661024,0.0014702866807543291,2.526401082546781E-10,5.0092467849348004E-8,4.30810458045846E-9,2.0664649985279892E-10,5.683929161784983E-11,8.3132317481756E-11,-3.079145208358512E-6
4.875000000000001E-6,4.875000000000001E-6,2.8285180727713977,5.5E-8,1218.1979492042744,698.3717971620329,0.8485892012663375,2.7080665769115324,99522.37733969674,100787.52968916924,302.3104844732898,0.42350852870964956,1.4574912781029282E-5,5.066941339546624E-8,0.0018297747141294137,-4.260874195125552E-6,-26.10752170121782,0.0013344944973914252,0.848584116530506,2.7081113777378074,99523.57723615174,100788.73635398556,302.31081076787143,0.42350564488172804,1.4574824245047848E-5,5.0670313072159994E-8,0.001829804984957978,-4.260952463539525E-6,-26.10859720532744,0.001334651402660203,0.8485854093666555,2.7080976769086984,99523.2721158805,100788.42954816944,302.3107278047805,0.42350637812161135,1.457484675605555E-5,5.067008431992488E-8,0.0018297957276410125,-4.260926800014886E-6,-26.10828837331951,0.0013346101580893333,2.4897989328728485E-10,5.0037803834117205E-8,4.366837967960393E-9,2.0522725079712454E-10,5.724783629914522E-11,8.37362765390507E-11,-3.0352909054169366E-6
4.9000000000000005E-6,4.9000000000000005E-6,2.8430232936574047,5.5E-8,1136.4906206149237,615.9504214864618,0.8524919146550569,2.673055892648893,98606.14738294268,99866.00913724325,302.0603993327862,0.42571535381112163,1.4642861213294663E-5,4.9984923875077354E-8,0.0018061188463843873,-4.195326826135215E-6,-25.4061811021661,0.0012772046728566355,0.8524868949659087,2.6731008164671866,98607.32011369633,99867.18846985784,302.0607205343376,0.42571252385964276,1.4642773825386256E-5,4.998579656962297E-8,0.0018061492003156666,-4.1954091015838915E-6,-25.407249705717277,0.0012773587033445555,0.852488167295144,2.6730861296846578,98607.02280693645,99866.88954602796,302.0606391202206,0.42571324116442755,1.4642795975403348E-5,4.998557536777009E-8,0.001806139276813958,-4.195377234594844E-6,-25.406922551626394,0.0012773209111358597,2.451125420471543E-10,4.9983837979129877E-8,4.425345132123759E-9,2.035855749263554E-10,5.7647904080377064E-11,8.430662648919325E-11,-2.986203696093743E-6
4.925E-6,4.925E-6,2.8575285145434117,5.5E-8,1054.6943584866754,533.7868825837176,0.8563433620600853,2.637379920162368,97710.68964455223,98965.62331060754,301.8143013735952,0.4278802666544604,1.470990540538621E-5,4.93210964001053E-8,0.0017820134595691677,-4.1295061858193095E-6,-24.476328866128824,0.0011146871365661504,0.8563384073881337,2.637424627581105,97711.83574177288,98966.77587581174,301.8146175155896,0.4278774898388341,1.4709819164121361E-5,4.9321943033761226E-8,0.0017820436672845304,-4.12959108132327E-6,-24.477361854209448,0.00111482943164809,0.8563396619560657,2.637414794578791,97711.54554407486,98966.48403431581,301.81453746539086,0.4278781929552908,1.4709841001194528E-5,4.932172865668997E-8,0.0017820370233640479,-4.1295729488410876E-6,-24.47710632951498,0.0011147880426820578,2.4105070654159086E-10,4.993058549490605E-8,4.48359321678986E-9,2.0172667557629902E-10,5.803930677023009E-11,8.484303925262734E-11,-2.937457515470004E-6
4.95E-6,4.95E-6,2.8720337354294188,5.5E-8,972.8473664422581,451.637389440424,0.8601426047275385,2.6010749256485104,96836.20633494826,98086.15876869005,301.5722255599859,0.43000330934277625,1.4776029718573987E-5,4.867739011432445E-8,0.0017574830578706152,-4.056018059515054E-6,-23.732064628074113,0.0010427142185962524,0.8601377166137237,2.6011219577218148,96837.32603817484,98087.28475856067,301.5725365760792,0.4300005858052151,1.4775944649890343E-5,4.867821130782184E-8,0.0017575148362985234,-4.056112094872333E-6,-23.73311089344793,0.0010428497796013403,0.8601389569903503,2.6011123143960875,96837.04195624063,98086.99903294863,301.57245765435226,0.43000127691380957,1.47759662363793E-5,4.867800292534505E-8,0.0017575083205378969,-4.056095891655787E-6,-23.73289381074983,0.0010428192465425923,2.3680556825129727E-10,4.987806115053908E-8,4.541549813636237E-9,1.9965757045293163E-10,5.842187654058007E-11,8.534538546118894E-11,-2.8842748853633826E-6
4.975000000000001E-6,4.975000000000001E-6,2.8865389563154262,5.5E-8,891.0549379992921,370.83594223327054,0.8638887555713876,2.564175816723785,95982.1645173903,97227.39083595418,301.3342028408794,0.4320845483481439,1.4841219392546154E-5,4.8053276247879886E-8,0.001732551227516071,-3.981078197199394E-6,-22.86355344839103,9.136416316763984E-4,0.8638839374073267,2.564225248808596,95983.25760061435,97228.49001997731,301.3345085484653,0.4320818792504385,1.4841135554606133E-5,4.805407229390419E-8,0.0017325846275733755,-3.981182949956974E-6,-22.864616120215032,9.137692246827811E-4,0.8638851609010696,2.5642116294348636,95982.98001420526,97228.21089900656,301.33443091898306,0.43208255702620835,1.4841156843877649E-5,4.805387014943881E-8,0.0017325754252938267,-3.981153862469E-6,-22.864331628114996,9.137358168427312E-4,2.323884306987268E-10,4.9826278395447014E-8,4.59918289072164E-9,1.9738553644157283E-10,5.87954642190986E-11,8.581361722388097E-11,-2.830277237507935E-6
5.0E-6,5.0E-6,2.9010441772014333,5.5E-8,809.3460150870343,289.23724480310034,0.8675809797583658,2.52671971289963,95148.56816129168,96389.0869126637,301.1002602651934,0.4341240851825372,1.490546055675309E-5,4.7448236854113956E-8,0.0017072430492565066,-3.900599286197348E-6,-22.10576991279504,8.384209072263005E-4,0.8675762335955864,2.5267695792361504,95149.63467859916,96390.15937434178,301.1005605685701,0.4341214709270371,1.4905377984411644E-5,4.7449008256150035E-8,0.0017072767427271287,-3.900707912265489E-6,-22.10682018957891,8.385421993439834E-4,0.8675774372037434,2.5267557122094173,95149.3641921866,96389.88740118442,301.1004844128019,0.43412213389426096,1.4905398924433247E-5,4.744881263007075E-8,0.0017072673731144711,-3.9006761265625305E-6,-22.106533111920044,8.385123095004943E-4,2.2781180353801306E-10,4.9775250140016625E-8,4.656460882714668E-9,1.9491706647351508E-10,5.915993959022328E-11,8.624765299323768E-11,-2.7729940676031448E-6
5.025E-6,5.025E-6,2.9155493980874403,5.5E-8,727.5938324275711,206.80155443219107,0.8712184958300304,2.4887431440297103,94335.00183844885,95571.0051609008,300.8704209641971,0.43612204676660515,1.4968740248955786E-5,4.6861765600119065E-8,0.00168158320542548,-3.818290294077542E-6,-21.283509104431687,7.332396514012629E-4,0.8712138224037865,2.4887935538517034,94336.04215824428,95572.05127933946,300.8707158517445,0.43611948702546116,1.4968658954189034E-5,4.6862513054275536E-8,0.0016816172661160158,-3.818402437616442E-6,-21.284538784295137,7.333525423334208E-4,0.8712150074294628,2.488781799343889,94335.7783769998,95571.78601715749,300.87064107790525,0.4361201360922005,1.4968679567843267E-5,4.686232352328779E-8,0.0016816093238810061,-3.818376660120748E-6,-21.284288278705844,7.333223899532726E-4,2.2308827813319503E-10,4.97249881098965E-8,4.7133527859373304E-9,1.9225886259717544E-10,5.951519193666477E-11,8.664744794439831E-11,-2.714973722397698E-6
5.050000000000001E-6,5.050000000000001E-6,2.9300546189734478,5.5E-8,645.912508331999,126.6703735991061,0.8748005718473235,2.4502778934711555,93541.35248361655,94772.89757083169,300.6447045191332,0.43807858869090754,1.503104634885071E-5,4.6293367692701914E-8,0.0016555931712642943,-3.7319391611845277E-6,-20.530088605136598,6.609200795093528E-4,0.8747959726495599,2.4503298231801267,93542.36682733711,94773.91754957568,300.64499393193427,0.43807608355303296,1.5030966356823247E-5,4.6294091748313524E-8,0.001655628258905491,-3.732057404022271E-6,-20.53111689460229,6.610257375463391E-4,0.8747971398566381,2.4503170585858416,93542.10941265628,94773.6586931341,300.64492048319585,0.43807671932075287,1.5030986657595639E-5,4.6293907992535325E-8,0.0016556196341796228,-3.7320291362163973E-6,-20.530867600128886,6.610002451985508E-4,2.182294131326009E-10,4.967550339547824E-8,4.769828121027115E-9,1.894187777637939E-10,5.986112871581995E-11,8.701314987428561E-11,-2.6548001482125605E-6
5.0750000000000005E-6,5.0750000000000005E-6,2.944559839859455,5.5E-8,564.6051790182303,48.60313825696283,0.8783265186097466,2.411351085446979,92767.26956192649,93994.5111047784,300.42312745094847,0.43999388530142924,1.5092367459707924E-5,4.574256137156875E-8,0.0016292912739506616,-3.643779403290637E-6,-19.746383346126095,5.738523837521825E-4,0.8783219956033357,2.4114042187469815,92768.25802004026,93995.50504061033,300.42341130131337,0.43999143510987954,1.5092288803795151E-5,4.574326248368023E-8,0.0016293271748290415,-3.643902994241444E-6,-19.747404507955252,5.739509926705466E-4,0.8783231428747219,2.4113894835186476,92768.00727484352,93995.25292541926,300.4233393019668,0.4399920566088966,1.5092308755056761E-5,4.5743084643571665E-8,0.0016293172185936808,-3.643868105598358E-6,-19.747126039315617,5.739252377860993E-4,2.1324632205814314E-10,4.96268062115528E-8,4.825856860811754E-9,1.864051860997061E-10,6.019767397411354E-11,8.734509255241143E-11,-2.5936900195636527E-6
5.1E-6,5.1E-6,2.959065060745462,5.5E-8,483.74038666316335,-29.84309859115987,0.8817956862621082,2.371989784218351,92012.57437116948,93235.5898084325,300.205703529207,0.4418681306182861,1.5152692849939371E-5,4.520887785773936E-8,0.0016026958001475343,-3.5526597176271934E-6,-19.008022618257655,5.075514606307507E-4,0.8817912412067233,2.372044125629377,92013.53708257168,93236.55784137898,300.20598174303046,0.44186573560221365,1.5152615560000951E-5,4.520955649496153E-8,0.0016027325173171465,-3.5527879015262444E-6,-19.009036344375318,5.076435717548122E-4,0.8817923677817292,2.372030285695147,92013.29308367276,93236.31249768146,300.205911231181,0.441866342607616,1.5152635148714898E-5,4.52093844968104E-8,0.0016027231660102345,-3.5527546717162296E-6,-19.008775497082524,5.076202190856804E-4,2.0815055500586925E-10,4.9578906189107874E-8,4.881409449430648E-9,1.8322618763010928E-10,6.052476790117876E-11,8.764365032992796E-11,-2.5309198981237114E-6
5.125E-6,5.125E-6,2.973570281631469,5.5E-8,403.20433379829325,-108.6278994597848,0.8852074663660068,2.3322240176720443,91276.95322170162,92495.87429763704,299.9924437034851,0.4437015356436366,1.5212012489068076E-5,4.4691861086716467E-8,0.0015758270389675975,-3.459985444607128E-6,-18.259081096714908,4.349422184830587E-4,0.8852031012617259,2.3322799114043846,91277.89027479132,92496.81651299758,299.99271619232053,0.4436991961590038,1.5211936599161785E-5,4.469251766296722E-8,0.0015758648050029627,-3.460119104659043E-6,-18.260090918793367,4.350274642632712E-4,0.8852042085618148,2.3322671927316723,91277.652590933,92496.57749919577,299.99264706965454,0.443699789619219,1.5211955850226503E-5,4.4692351107502527E-8,0.001575856211305184,-3.460089351534634E-6,-18.25985517576123,4.3500614625457956E-4,2.0295392071626497E-10,4.953181215884498E-8,4.936456870667953E-9,1.7988979038918572E-10,6.084236697658737E-11,8.79091826450262E-11,-2.4674501819730207E-6
5.150000000000001E-6,5.150000000000001E-6,2.9880755025174763,5.5E-8,322.98592836775356,-186.56337903487292,0.8885612929398657,2.292082375570769,90560.18862231141,91775.1024669265,299.78335612189744,0.4454943301475689,1.5270317066254665E-5,4.419106710715161E-8,0.0015487043078180871,-3.3652205127054915E-6,-17.54255549395907,3.760580589435847E-4,0.8885570094102562,2.2921389730143282,90561.10017003184,91776.01902878754,299.7836228215442,0.445492046347218,1.5270242603909897E-5,4.4191702075500395E-8,0.0015487425493340055,-3.365357081577258E-6,-17.54355118539661,3.7613709572070775E-4,0.8885580970252214,2.292124583923561,90560.86872479806,91775.7863070127,299.78355510474074,0.44549262621980024,1.527026151036618E-5,4.419154085194717E-8,0.001548732826975379,-3.365322914277158E-6,-17.543301786851316,3.7611740544463146E-4,1.9766785350819937E-10,4.9485532327861725E-8,4.990970668605528E-9,1.7640442830313797E-10,6.115044350374704E-11,8.814211418412652E-11,-2.4029824279560863E-6
5.1750000000000004E-6,5.1750000000000004E-6,3.0025807234034834,5.5E-8,243.1980084757418,-263.1535090029249,0.8918566366158474,2.251586791405797,89861.98711947098,91073.01087672712,299.57844655842183,0.44724675706447553,1.532759788881294E-5,4.3706064858661944E-8,0.0015213424266255385,-3.2692626754737832E-6,-16.826825498003018,3.154653870360846E-4,0.8918524352908127,2.2516435392845318,89862.87351827923,91073.90215547562,299.57870746686575,0.4472445285752353,1.5327524864306623E-5,4.3706678798675815E-8,0.0015213807697868457,-3.2694000375954604E-6,-16.82779537260012,3.1553801791162073E-4,0.8918535008942593,2.2516275582534266,89862.64867296748,91073.67609512813,299.5786412913348,0.4472450938002673,1.5327543385884832E-5,4.370652308085369E-8,0.0015213699717928559,-3.2693607421663273E-6,-16.827526684664917,3.1551908898919123E-4,1.9230320304853427E-10,4.944007423511668E-8,5.0449229132156406E-9,1.7277906775974164E-10,6.144898454295488E-11,8.834300386680742E-11,-2.338044539010008E-6
5.2E-6,5.2E-6,3.0170859442894904,5.5E-8,163.97844785463653,-338.33291360894987,0.8950929980445221,2.210756634463012,89182.11185663538,90389.3367601737,299.3777188909455,0.448959069474892,1.538384676801451E-5,4.323643669553549E-8,0.0014937544827452783,-3.171889622848312E-6,-16.136215679917314,2.644194024306046E-4,0.895088879845684,2.210814486712382,89182.97341748318,90390.20305454805,299.37797398796346,0.448956896086915,1.5383775196717735E-5,4.3237030120438485E-8,0.001493793572102961,-3.1720299092796723E-6,-16.137173704402358,2.644858768086067E-4,0.8950899232222704,2.210799786733559,89182.75512984484,90389.98357150525,299.3779093571548,0.4489574467324776,1.5383793329843982E-5,4.323687977078253E-8,0.001493783639684837,-3.1719936828267237E-6,-16.136927106597796,2.6446902193200117E-4,1.8687055397438224E-10,4.939544489938242E-8,5.0982861716188995E-9,1.6902287450779723E-10,6.173799096800942E-11,8.851252522648583E-11,-2.2724422184099886E-6
5.225000000000001E-6,5.225000000000001E-6,3.031591165175498,5.5E-8,85.40532630352271,-412.7054111603882,0.8982699088362442,2.1696151690536847,88520.28441459581,89723.81793851989,299.18117509519175,0.4506315295527541,1.543905603573549E-5,4.278177796480706E-8,0.0014659561953065438,-3.0737158046179047E-6,-15.452919057855297,2.1408716417425921E-4,0.8982658758801751,2.1696748478256698,88521.12118781234,89724.65928925663,299.181424286766,0.45062941169160187,1.5438985953806114E-5,4.278235119623114E-8,0.0014659965188011282,-3.0738610720959516E-6,-15.45387486232039,2.141479677533198E-4,0.8982668986999309,2.1696612260400094,88520.90898873277,89724.44590878663,299.1813610877906,0.4506299488145182,1.5439003727663386E-5,4.2782205815006176E-8,0.0014659873148918983,-3.0738283660980414E-6,-15.453652911587596,2.1413264871839033E-4,1.8138063868724452E-10,4.935165077081232E-8,5.1510335296885875E-9,1.6514482309600564E-10,6.201747711635882E-11,8.865140179989629E-11,-2.2065236289423543E-6
5.2500000000000006E-6,5.2500000000000006E-6,3.046096386061505,5.5E-8,7.469542328112193,-486.72550529237736,0.9013869348241133,2.1281863978698015,87876.25836957863,89076.19255202648,298.9888151018913,0.4522644103631389,1.5493218601583082E-5,4.234169611736833E-8,0.0014379637823444605,-2.9747210868436013E-6,-14.79081975905342,1.707548594254149E-4,0.9013829894402207,2.128247473261873,87877.07034519849,89077.00895316363,298.9890582814778,0.4522623485653484,1.549315004889136E-5,4.234224943280488E-8,0.0014380050495012655,-2.9748699407150524E-6,-14.791769047288199,1.7081028099852347E-4,0.9013839911107382,2.1282319688047386,87876.86419934993,89076.80168102264,298.9889965419481,0.45226287202429993,1.549316745333553E-5,4.234210895389152E-8,0.0014379945735167154,-2.9748326898015877E-6,-14.791530757107012,1.7079653718354848E-4,1.7584421007135195E-10,4.930869777759563E-8,5.203138636505759E-9,1.6115382117746525E-10,6.228747067096273E-11,8.876036537086836E-11,-2.1403383264862553E-6
5.275E-6,5.275E-6,3.060601606947512,5.5E-8,-69.83551244953995,-559.9239319862919,0.9044436728339071,2.0864891014076887,87249.76448701859,88446.1998991104,298.80063704860856,0.45385799306092217,1.5546327897060717E-5,4.191581087209235E-8,0.0014097899333835734,-2.875339301482427E-6,-14.1398520230141,1.293329711700153E-4,0.9044398164597188,2.086550762027847,87250.55182655591,88446.99152563732,298.8008741650823,0.45385598739778515,1.554626089799466E-5,4.191634465957055E-8,0.0014098315959647615,-2.875489230405037E-6,-14.140782198662919,1.2938285320984733E-4,0.9044407946044386,2.086533802762928,87250.35210505464,88446.79073397188,298.80081402199994,0.4538564961230764,1.5546277891881357E-5,4.191620926691724E-8,0.0014098201370019783,-2.8754476463177524E-6,-14.14052905781864,1.2937022517434116E-4,1.7027153688028031E-10,4.926659132028293E-8,5.254575706937245E-9,1.5705916115913303E-10,6.25480120885577E-11,8.884018208417154E-11,-2.0741921398672795E-6
5.3E-6,5.3E-6,3.075106827833519,5.5E-8,-146.46533612689163,-632.0615113540373,0.9074397450209785,2.044539356162072,86640.69934414349,87833.58194794053,298.61663759152077,0.45541256433375726,1.559837777765495E-5,4.1503754524329706E-8,0.001381445510920319,-2.7779648658565746E-6,-13.653118588146526,1.5120192684747735E-4,0.9074359781370269,2.0446010895052154,86641.4624251474,87834.34916283983,298.61686865252176,0.4554106143870741,1.5598312339995283E-5,4.150426928517786E-8,0.001381487222638659,-2.7781144943617165E-6,-13.654046322006707,1.5125644266333893E-4,0.9074369327772535,2.0445856083521323,86641.26903526105,87834.15472709366,298.6168100947412,0.45541110856255346,1.5598328923841772E-5,4.150413882871408E-8,0.0013814767624000894,-2.778076448066713E-6,-13.653809410630856,1.5124213440032008E-4,1.646724196755079E-10,4.922533627966045E-8,5.305319488932865E-9,1.528704274308599E-10,6.279915428628057E-11,8.889171439310493E-11,-2.0093749261651364E-6
5.325000000000001E-6,5.325000000000001E-6,3.0896120487195264,5.5E-8,-222.36384943828915,-703.1408726562134,0.910374797540585,2.0023541571935617,86048.38667798555,87238.0834001297,298.4368124554973,0.4569284125255481,1.5649362499784664E-5,4.110517207963469E-8,0.001352941998103758,-2.676236927499076E-6,-12.908176314737375,6.724555768755636E-5,0.910371120573607,2.0024163937982085,86049.12582140247,87238.82656554837,298.43703747157474,0.4569265178620672,1.5649298630399525E-5,4.110566830060536E-8,0.0013529840498636544,-2.6763862902612346E-6,-12.9090624968876,6.728686788903815E-5,0.9103720532269525,2.002401589681128,86048.93834907285,87238.63806276384,298.43698039670556,0.45692699843931067,1.5649314830707737E-5,4.1105542434704406E-8,0.001352974047081843,-2.6763510437888273E-6,-12.908847999556201,6.72754737820469E-5,1.5905648004110778E-10,4.9184937415850015E-8,5.355345250906062E-9,1.4859715705696252E-10,6.304096028242595E-11,8.891592050250497E-11,-1.9420974713382485E-6
5.3500000000000004E-6,5.3500000000000004E-6,3.1041172696055335,5.5E-8,-297.44976053331675,-772.705553392581,0.9132485018179766,1.9599513639442818,85473.05772182898,86659.45223146169,298.26115552212985,0.4584058332303653,1.5699276743968795E-5,4.0719719976216E-8,0.0013242914621245147,-2.5778948320009934E-6,-12.386829592367803,6.975348224358413E-5,0.9132449162837388,1.96001518383057,85473.77310387525,86660.17147927932,298.2613744368296,0.45840399398925985,1.5699214468662512E-5,4.072019797748426E-8,0.001324334583669304,-2.578046980374893E-6,-12.387719121040618,6.979488433955794E-5,0.9132458260466422,1.9599984506839776,85473.59158614592,86659.9889828594,298.2613188912377,0.4584044606637523,1.5699230269868748E-5,4.0720076692815215E-8,0.001324323277489174,-2.5780073845282913E-6,-12.38749123869411,6.97856430349475E-5,1.5343346582642843E-10,4.9145398601624985E-8,5.40462881517963E-9,1.442485930831489E-10,6.327350449755547E-11,8.891378163676511E-11,-1.877057299915225E-6
5.375E-6,5.375E-6,3.1186224904915405,5.5E-8,-371.6496814188257,-841.1354046596882,0.9160605534401512,1.917346476099813,84914.10227409362,86097.43925700463,298.08965997664643,0.45984512213553447,1.5748115595141785E-5,4.03470666687051E-8,0.0012955043757431168,-2.477487621490582E-6,-11.726635100898648,1.3621708646383013E-5,0.916057061807681,1.9174121320626443,84914.79381157327,86098.13452242318,298.08987267549657,0.4598433389494303,1.5748054956289257E-5,4.03475266294794E-8,0.001295548737880165,-2.4776428109873904E-6,-11.727508827843167,1.3653869430640952E-5,0.9160579468676152,1.9173947702189256,84914.61850963818,86097.95828581874,298.0898187605173,0.45984379095312916,1.57480703270425E-5,4.0347410037840445E-8,0.0012955370069046793,-2.4776014095095887E-6,-11.72727706230603,1.3645455126720663E-5,1.4781278896461164E-10,4.910672374633744E-8,5.453146581109774E-9,1.39834132117588E-10,6.34968724081677E-11,8.888627066566849E-11,-1.8110617591887734E-6
5.400000000000001E-6,5.400000000000001E-6,3.133127711377548,5.5E-8,-445.0016581412251,-909.4513353055088,0.9188106697740589,1.8745539783653475,84371.54909674266,85551.79934623683,297.9223176114194,0.46124657874606906,1.5795874502368053E-5,3.998689186299404E-8,0.001266590525922532,-2.3794088009765347E-6,-11.200087565581953,7.64589279356187E-6,0.918807273979558,1.874620479308386,84372.21683558967,85552.47066692232,297.92252401269315,0.46124485197797777,1.57958155331022E-5,3.998733402112801E-8,0.0012666354589921528,-2.379564701158188E-6,-11.200953674189577,7.677449751497534E-6,0.9188081348858047,1.8746045243973355,84372.04755683908,85552.30047220245,297.9224716854838,0.46124528975107537,1.5795830483067905E-5,3.998722192403561E-8,0.0012666246786468484,-2.379527093694378E-6,-11.200741990947108,7.668956676809557E-6,1.422033816714976E-10,4.906891606667236E-8,5.500875503148519E-9,1.3536341949617894E-10,6.371115938251454E-11,8.88344028147113E-11,-1.7466693495947177E-6
5.4250000000000006E-6,5.4250000000000006E-6,3.147632932263555,5.5E-8,-517.5535421877897,-976.8707700695817,0.9214985889814371,1.8315880721792246,83844.95318104998,85022.29119685298,297.75911957837354,0.46261050165923767,1.584254926161233E-5,3.9638886766445636E-8,0.0012375595082292057,-2.280672398455863E-6,-10.602112343053932,-3.041218698740522E-5,0.9214952894790831,1.8316543492720843,83845.59741592218,85022.93889577458,297.75931969029733,0.46260883092667926,1.5842491969345296E-5,3.963931153762917E-8,0.0012376042900487055,-2.2808257560313907E-6,-10.602944321274208,-3.038708845082283E-5,0.9214961269948,1.8316380875943898,83845.43389619172,85022.77448917954,297.7592688956217,0.46260925501084643,1.5842506511894674E-5,3.9639203717019766E-8,0.0012375933024286417,-2.2807885063969026E-6,-10.602740718231416,-3.039345497057866E-5,1.3661390608786196E-10,4.903197870324463E-8,5.547793071201752E-9,1.3084606439113465E-10,6.391647030039983E-11,8.875926983518831E-11,-1.6820898007042702E-6
5.45E-6,5.45E-6,3.162138153149562,5.5E-8,-589.1909519270624,-1042.0070417140018,0.924124068353054,1.788460951072905,83334.23316212992,84508.67806402282,297.6000560267295,0.4639371904579604,1.5888135987588175E-5,3.9302753529756344E-8,0.0012084195615357466,-2.183794072152523E-6,-10.086752084771433,-3.904604609061835E-5,0.9241208649754976,1.7885272039686462,83334.85433270968,84509.3025733483,297.60024989448925,0.46393557507950095,1.588808036895988E-5,3.930316138977462E-8,0.001208464327005842,-2.183945122453679E-6,-10.087559971270593,-3.9022864065429985E-5,0.9241216776751573,1.788509251666277,83334.6967307832,84509.14413437097,297.6002007100688,0.46393598490354576,1.588809447945458E-5,3.9303057914793214E-8,0.0012084521970718088,-2.1839043048998974E-6,-10.08734501513004,-3.902807542743858E-5,1.3105293229149588E-10,4.899591430191102E-8,5.593877322180763E-9,1.2629148606761046E-10,6.411291908055251E-11,8.866200427642262E-11,-1.6188034934158052E-6
5.475E-6,5.475E-6,3.176643374035569,5.5E-8,-659.7921143266407,-1105.8916470227707,0.9266868822886528,1.7451839819692467,82839.04224764567,84010.72790595256,297.445116624362,0.46522694226032446,1.5932631078786846E-5,3.897820540208188E-8,0.001179178366195437,-2.087156237138288E-6,-9.537951713021812,-6.488187098341314E-5,0.9266837760948632,1.745251708195527,82839.64054167077,84011.32940606798,297.44530421818104,0.46522538218864634,1.593257715174837E-5,3.897859665137409E-8,0.0011792241271591398,-2.0873081028582873E-6,-9.53874371356278,-6.486459604104766E-5,0.9266845629114512,1.7452339412567084,82839.48898112112,84011.17704225004,297.445256699586,0.46522577736466375,1.5932590811775025E-5,3.897849754520228E-8,0.0011792121224707488,-2.087267843648988E-6,-9.538534240050012,-6.486933483529356E-5,1.2552890676019812E-10,4.896072533791754E-8,5.639106865373338E-9,1.2170894752589582E-10,6.430062854838212E-11,8.854374111349764E-11,-1.5558683846364346E-6
5.500000000000001E-6,5.500000000000001E-6,3.1911485949215765,5.5E-8,-729.41978565693,-1169.8344207745631,0.9291868228123508,1.7017700774874192,82359.24151519532,83528.2134842901,297.2942902740378,0.4664800534934823,1.5976031227023013E-5,3.866496606830846E-8,0.0011498446469509589,-1.992222244524555E-6,-9.042753871362947,-7.318814947865349E-5,0.9291838164199395,1.7018399586379673,82359.81681936419,83528.79184649624,297.2944714698153,0.4664785494725131,1.5975979036598454E-5,3.866534079776464E-8,0.0011498918639445725,-1.992376659245565E-6,-9.043544179686933,-7.317328987710425E-5,0.9291845782513359,1.7018232787258991,82359.67104357295,83528.64528679165,297.29442555402716,0.46647893059756834,1.5975992261853136E-5,3.86652458394488E-8,0.0011498805937337157,-1.992339682885813E-6,-9.043352905053553,-7.317730669598177E-5,1.2004992951607764E-10,4.89264138911538E-8,5.683460887863419E-9,1.1710775622445827E-10,6.44797300075148E-11,8.840562530470874E-11,-1.494180545949006E-6
5.5250000000000005E-6,5.5250000000000005E-6,3.2056538158075836,5.5E-8,-798.1302836921262,-1232.5765349703775,0.9316237001523868,1.6582314721741804,81894.54384084513,83060.91210015713,297.1475653118329,0.46769681876945723,1.6018333427707006E-5,3.836276936886111E-8,0.0011204266703879597,-1.898140865108644E-6,-8.535489878717271,-9.041930938735732E-5,0.9316207955995057,1.6583020322930324,81895.09611671283,83061.46730309894,297.1477400205352,0.4676953712576488,1.6018283008870833E-5,3.83631277319128E-8,0.0011204743461439408,-1.8982944098411281E-6,-8.5362609088088,-9.040858474662627E-5,0.9316215327970072,1.6582847714145503,81894.95595221747,83061.32638794027,297.1476956780732,0.4676957386474935,1.60182958055534E-5,3.836303677625793E-8,0.0011204626833882098,-1.898257128516434E-6,-8.53607296305563,-9.041155141886748E-5,1.146236409651086E-10,4.889298186506528E-8,5.726919129712707E-9,1.1249734294862823E-10,6.465036265291611E-11,8.824883202966923E-11,-1.4332113760955081E-6
5.55E-6,5.55E-6,3.2201590366935906,5.5E-8,-865.8172340977238,-1293.1989271427594,0.93399733977592,1.6145769608033531,81444.78204872232,82608.60625995098,297.00492955204646,0.4688775302226493,1.605953492884614E-5,3.807135919261156E-8,0.0010909303789211845,-1.805772139960027E-6,-8.065266479416096,-9.699465483947733E-5,0.9339945371695705,1.614646972400654,81445.31162406292,82609.13864308107,297.00509780042404,0.4688761387261758,1.605948628306425E-5,3.8071701567550455E-8,0.001090977684054496,-1.805921626782947E-6,-8.066008459751629,-9.6985531683913E-5,0.9339952484366346,1.6146284766524344,81445.17721822557,82609.00353045302,297.00505510104233,0.4688764918716714,1.6059498628766515E-5,3.8071614676606796E-8,0.0010909651869273206,-1.8058822634259287E-6,-8.065814360408012,-9.698731693674745E-5,1.092574356899266E-10,4.886043088358558E-8,5.769461865645183E-9,1.0788703668857003E-10,6.481267303939267E-11,8.807456668242846E-11,-1.3734303440494936E-6
5.575000000000001E-6,5.575000000000001E-6,3.2346642575795985,5.5E-8,-932.4172471112346,-1353.0029244542352,0.9363075794349326,1.5708146338402307,81009.7082461805,82171.08411724887,296.8663706017682,0.4700224752363896,1.6099633180039856E-5,3.77904895673685E-8,0.001061361239081237,-1.7146772052001326E-6,-7.594861962536925,-1.079435000264084E-4,0.9363048787656557,1.5708851541454116,81010.21547234575,82171.59402892213,296.86653242259877,0.4700211392206396,1.6099586306774506E-5,3.7790816328911805E-8,0.001061408887936089,-1.7148244606346452E-6,-7.595579863432249,-1.0793785547491552E-4,0.9363055632080705,1.5708666461649763,81010.08691643091,82171.464799481,296.8664914116327,0.4700214778137046,1.6099598186071307E-5,3.7790733515943897E-8,0.0010613963825439028,-1.7147856101473735E-6,-7.5953908470442,-1.0793943070552814E-4,1.0395866916246217E-10,4.8828762393525826E-8,5.811069924464565E-9,1.0328584436732443E-10,6.496681488599708E-11,8.788405193122483E-11,-1.314575683663354E-6
5.600000000000001E-6,5.600000000000001E-6,3.2491694784656056,5.5E-8,-997.9809893878122,-1412.178078667897,0.9385542703236015,1.526954916447744,80589.14485477684,81748.13926243773,296.731875720704,0.47113193748968796,1.6138625852989917E-5,3.751992409718001E-8,0.0010317262948971245,-1.6253816848177394E-6,-7.151965111810114,-1.122552641703578E-4,0.9385516731109692,1.527027037571659,80589.62979396415,81748.62675088058,296.73203105439364,0.4711306571917785,1.613858077825722E-5,3.752023541929813E-8,0.001031775025386256,-1.6255290967137625E-6,-7.1526728797309715,-1.1225166740302939E-4,0.9385523311340026,1.527009118341128,80589.50693296755,81748.5032417443,296.7319916994121,0.47113098156513067,1.6138592198274505E-5,3.7520156543220776E-8,0.0010317629177980594,-1.6254923478697947E-6,-7.152495826672748,-1.1225258629110613E-4,9.87345108309001E-11,4.879797758466646E-8,5.851724716269418E-9,9.870258759221981E-11,6.511294891706273E-11,8.767851677514732E-11,-1.256999069059996E-6
5.625E-6,5.625E-6,3.2636746993516126,5.5E-8,-1062.478724342798,-1469.5051202549514,0.9407372786455245,1.4830081277678477,80182.87053637985,81339.57033291535,296.6014318105844,0.47220619726566415,1.6176510868985047E-5,3.725943548909627E-8,0.0010020325187620593,-1.537683522911948E-6,-6.715488282397473,-1.1848861572616443E-4,0.9407347867052165,1.4830811716983692,80183.33316763508,81340.03538324416,296.6015805795031,0.47220497307887993,1.6176467623951652E-5,3.7259731498695076E-8,0.0010020818727691683,-1.5378296659207537E-6,-6.716179401593763,-1.1848816942006124E-4,0.9407354186065643,1.4830630858650893,80183.21585833891,81339.9174563749,296.6015428549252,0.47220528350608476,1.6176478589942893E-5,3.7259656436878233E-8,0.0010020696526115468,-1.5377935697813428E-6,-6.716008296495147,-1.1848840570394259E-4,9.359173587929204E-11,4.876807746579794E-8,5.891408227020255E-9,9.414610403227564E-11,6.525124246551935E-11,8.745919330941292E-11,-1.2005726418192038E-6
5.65E-6,5.65E-6,3.2781799202376196,5.5E-8,-1125.8391608724635,-1525.5382630228721,0.9428564831913381,1.4389813266269822,79790.70604273956,80945.18145040367,296.4750255265684,0.47324553050791457,1.621328635721652E-5,3.7008805487426266E-8,9.722846801533664E-4,-1.4519086442987829E-6,-6.300981856896442,-1.2047493169120571E-4,0.9428540975250124,1.4390548145004445,79791.1464901306,80945.62419164555,296.47516770122814,0.4732443624359974,1.621324495893414E-5,3.7009086396541814E-8,9.723343341219219E-4,-1.4520521794736398E-6,-6.301651888300512,-1.2047608684895295E-4,0.9428547026201173,1.4390359427445039,79791.03477438938,80945.51189548855,296.4751316403436,0.47324465870363186,1.6213255459102747E-5,3.700901514711185E-8,9.723215829354756E-4,-1.4520154016395282E-6,-6.301480550115002,-1.2047567990691732E-4,8.853675126079874E-11,4.873906285626308E-8,5.930102992903452E-9,8.96252105912475E-11,6.538186895548984E-11,8.722731917487551E-11,-1.1454700192707768E-6
5.675000000000001E-6,5.675000000000001E-6,3.292685141123627,5.5E-8,-1188.1048260948007,-1581.188078884828,0.9449117722020078,1.3948804380327022,79412.45049504892,80564.78271136196,296.3526435150589,0.4742502070299962,1.624895060063647E-5,3.676782495367733E-8,9.424867824545286E-4,-1.3679709020664177E-6,-5.89642641930277,-1.23106484934965E-4,0.9449094938199143,1.3949548673834806,79412.86887915328,80565.20326112513,296.35277906476017,0.4742490950939391,1.624891106631892E-5,3.6768090960332376E-8,9.425370725564058E-4,-1.3681125311393317E-6,-5.897078781871869,-1.2310953036376304E-4,0.9449100713467222,1.3949357177298105,79412.7628236698,80565.09665948624,296.35274470545863,0.4742493769491874,1.624892108752161E-5,3.6768023532430464E-8,9.425241336012233E-4,-1.3680760280010418E-6,-5.89691062079487,-1.2310895279199485E-4,8.3575749003954E-11,4.8710934438365614E-8,5.967792089822432E-9,8.514853758965579E-11,6.550500752648417E-11,8.69841384957318E-11,-1.0916217478412867E-6
5.7000000000000005E-6,5.7000000000000005E-6,3.307190362009634,5.5E-8,-1249.3001468585496,-1635.3907416839165,0.9469030440432791,1.3507134718578775,79047.92950319737,80198.19000175658,296.234272357151,0.4752204910149349,1.628350204799606E-5,3.6536293452661006E-8,9.126442377418091E-4,-1.28608544571307E-6,-5.510535492779354,-1.2294696743708755E-4,0.946900874023888,1.350788464817207,79048.32591704182,80198.58845542165,296.2344012464791,0.47521943528262106,1.6283464396053544E-5,3.653654473426829E-8,9.12694908660275E-4,-1.2862244973632642E-6,-5.511168139356414,-1.2295236255965847E-4,0.9469014240734455,1.3507697230483777,79048.22543694371,80198.48745643593,296.2343685759964,0.47521970288653737,1.628347393994742E-5,3.6536481040002906E-8,9.126822453029579E-4,-1.2861896702531795E-6,-5.5110096173636975,-1.2295078732904585E-4,7.871479831905077E-11,4.868369273500516E-8,6.004459148206064E-9,8.072442310417632E-11,6.562084283938415E-11,8.67308991313411E-11,-1.039152633263459E-6
5.725E-6,5.725E-6,3.321695582895641,5.5E-8,-1309.3381359606751,-1687.6809331886188,0.9488302088424325,1.3064886785321344,78696.95848453359,79845.2246063353,296.1198985035394,0.4761566416829082,1.631693934252564E-5,3.6314018782115286E-8,8.827626206298205E-4,-1.2062371389731653E-6,-5.136462159054645,-1.228121546574812E-4,0.9488281475562292,1.3065636125542732,78697.33313694157,79845.60117908337,296.1200207383894,0.4761556418922244,1.6316903579096986E-5,3.631425558522577E-8,8.828132517258603E-4,-1.2063722246580256E-6,-5.137069849519776,-1.2281841615902067E-4,0.9488286703477125,1.306544781409877,78697.23811749043,79845.50567102326,296.1199897366811,0.4761558954633069,1.631691264955807E-5,3.6314195526107314E-8,8.828005279796465E-4,-1.206338344559299E-6,-5.136917288413997,-1.2281689345172708E-4,7.395979232705446E-11,4.8657338123565867E-8,6.040088373977954E-9,7.636095209565229E-11,6.572956491536785E-11,8.646884962858473E-11,-9.880634459281967E-7
5.750000000000001E-6,5.750000000000001E-6,3.3362008037816486,5.5E-8,-1368.1850365122314,-1739.0959156957929,0.9506931866979315,1.2622115790967545,78359.3701687071,79505.71347412137,296.00950837585333,0.47705891251890187,1.634926129116182E-5,3.610081688856716E-8,8.528456615518611E-4,-1.1285704972863186E-6,-4.779039799815791,-1.2080482261467296E-4,0.9506912348576029,1.262287531164587,78359.72320798128,79506.06830737292,296.0096239408878,0.4770579685893647,1.634922742833656E-5,3.6101039406934556E-8,8.528969805166128E-4,-1.1287032079110305E-6,-4.77963004855269,-1.208127643650414E-4,0.9506917296935418,1.2622678232597055,78359.63370124348,79505.97834891749,296.0095946425173,0.47705820789736436,1.634923601333351E-5,3.610098299329005E-8,8.52883664364666E-4,-1.1286688288691948E-6,-4.779477309661161,-1.2081066407176877E-4,6.931628950597645E-11,4.863187083543347E-8,6.074664546831345E-9,7.206610951450571E-11,6.583136882881465E-11,8.619923480443208E-11,-9.384560263874426E-7
5.775000000000001E-6,5.775000000000001E-6,3.3507060246676557,5.5E-8,-1425.8765451526185,-1789.5188049253409,0.952491905231035,1.2178869802488406,78034.99447765628,79179.48957368835,295.90308853232165,0.4779275500341729,1.6380466822335737E-5,3.5896511880715735E-8,8.228966082762437E-4,-1.0530973335676208E-6,-4.434308979623211,-1.1855951386507968E-4,0.9524900649071923,1.2179647861722367,78035.32579646296,79179.82255271502,295.9031973310915,0.4779266625552294,1.638043489577367E-5,3.5896720141885547E-8,8.229491798461059E-4,-1.0532290934861521E-6,-4.434888099808859,-1.1856905707929855E-4,0.9524905309576965,1.2179447913774002,78035.24188961193,79179.73822772237,295.90316977847834,0.47792688730404737,1.6380442980976003E-5,3.589666740089458E-8,8.229356698495947E-4,-1.0531951490122538E-6,-4.434739141707496,-1.1856627418183052E-4,6.478949214912847E-11,4.860729099445227E-8,6.108172995660372E-9,6.784780729866877E-11,6.59264542827404E-11,8.5923288853072E-11,-8.903146136922019E-7
5.8E-6,5.8E-6,3.3652112455536627,5.5E-8,-1482.3956832524084,-1838.3824493091406,0.9542263002839464,1.1735213968763587,77723.67373068495,78866.39168331337,295.80062562504804,0.4787627941920896,1.6410554998360034E-5,3.570093567515899E-8,7.929198627542964E-4,-9.799229489715345E-7,-4.1049306854479255,-1.1504605926404565E-4,0.9542245730631644,1.1735995640972927,77723.98328610092,78866.70277364113,295.8007275892468,0.4787619635307499,1.6410525035333102E-5,3.5701129752077696E-8,7.929726784441167E-4,-9.800512901847468E-7,-4.105489691120965,-1.1505641636233577E-4,0.9542250105730444,1.1735801993191963,77723.9048770346,78866.62397343495,295.8007017614026,0.4787621739397261,1.641053262505219E-5,3.5701080591722006E-8,7.929595941345921E-4,-9.800194227693737E-7,-4.105350435061382,-1.150543554331307E-4,6.03844115353654E-11,4.8583598626977974E-8,6.140599587672502E-9,6.371371374615677E-11,6.601502529464573E-11,8.564223258974777E-11,-8.436760656870809E-7
5.825E-6,5.825E-6,3.3797164664396697,5.5E-8,-1537.7365812407945,-1886.3645208902533,0.9558963167710061,1.129120865130641,77425.25082351806,78566.26414816815,295.7021063635508,0.47956487881067145,1.643952503044307E-5,3.551392765263056E-8,7.629195034666494E-4,-9.090771868613956E-7,-3.788606375817608,-1.1122727408974242E-4,0.9558947024432153,1.129198358829429,77425.53888478133,78566.55362907956,295.702201530114,0.47956410448424275,1.643949702706734E-5,3.551410780864748E-8,7.629718640739385E-4,-9.092000679800094E-7,-3.7891368067244002,-1.1123831376380622E-4,0.9558951119073528,1.1291790666866883,77425.46582257598,78566.48020392255,295.70217739168845,0.47956430088737373,1.6439504129948385E-5,3.551406211309361E-8,7.629588288423569E-4,-9.091695419272128E-7,-3.7890051324052365,-1.1123494016374025E-4,5.610594430992017E-11,4.856079366292227E-8,6.171930746600949E-9,5.967115657811736E-11,6.609729005575607E-11,8.535727849482593E-11,-7.985643304239052E-7
5.850000000000001E-6,5.850000000000001E-6,3.394221687325677,5.5E-8,-1591.9359854582542,-1933.397403029703,0.9575019069571171,1.0846894836012575,77139.57813523279,78278.95710953014,295.6075176179466,0.4803340308027285,1.646737624906809E-5,3.5335334607204845E-8,7.328982997305794E-4,-8.406358449519757E-7,-3.486757034022048,-1.0655694997296905E-4,0.9575004056427256,1.0847677893790202,77139.84491778545,78279.22518856308,295.6076060031536,0.4803333125049868,1.6467350207205988E-5,3.533550105514887E-8,7.329512090398785E-4,-8.407553369238485E-7,-3.4872679089794474,-1.0656880351689324E-4,0.9575007864746835,1.0847476111065226,77139.77724246874,78279.15718602185,295.6075835828546,0.48033349471271675,1.6467356813133124E-5,3.5335458832917976E-8,7.329375750719748E-4,-8.40724606518961E-7,-3.487136668930816,-1.0656616501591998E-4,5.1958759804773216E-11,4.8538875928831374E-8,6.202153468374965E-9,5.572722056120151E-11,6.617346076639069E-11,8.506963440028083E-11,-7.550411094401954E-7
5.8750000000000005E-6,5.8750000000000005E-6,3.4087269082116842,5.5E-8,-1644.9426341161088,-1978.3955764241584,0.9590430292844349,1.0402316358775894,76866.51113191724,78004.32662377408,295.5168464970148,0.4810704696384564,1.649410808387169E-5,3.516501064561531E-8,7.028592134308036E-4,-7.74631617872501E-7,-3.1980084974316014,-1.0161430930111237E-4,0.9590416428765229,1.0403117626068688,76866.75652488491,78004.57318156133,295.51692801187664,0.48106980792689247,1.6494084036146062E-5,3.51651633902061E-8,7.029133531127491E-4,-7.747492823284575E-7,-3.1985072306465554,-1.0162677982350488E-4,0.9590419940394805,1.0402910232289788,76866.69436644991,78004.51073092618,295.5169073649992,0.48106997553190045,1.649409012718933E-5,3.516512470147479E-8,7.028993400195803E-4,-7.747187905238207E-7,-3.198378069401315,-1.0162310428540877E-4,4.794721169836349E-11,4.851784516684948E-8,6.231255310444519E-9,5.188883959822048E-11,6.62437533353439E-11,8.478049652289974E-11,-7.131191123209444E-7
5.9E-6,5.9E-6,3.4232321290976913,5.5E-8,-1696.66919135797,-2021.8168599428843,0.9605196490395337,0.9957523887312332,76605.91307185621,77742.2344564952,295.430080310667,0.48177440773490754,1.6519720075442448E-5,3.5002816887367525E-8,6.72805668061644E-4,-7.111245882640561E-7,-2.9231009850070677,-9.612263802694088E-5,0.9605183793228431,0.9958331770716605,76606.13696152558,77742.45938512459,295.43015487194697,0.4817738031275123,1.6519698052606E-5,3.500295593623855E-8,6.72860254778149E-4,-7.112386843743934E-7,-2.9235807812697203,-9.613613244141561E-5,0.9605187005954244,0.9958126955295216,76606.08031075474,77742.4024720446,295.4301360059256,0.4817739561096287,1.65197036249779E-5,3.5002920753051346E-8,6.728464158983254E-4,-7.112097073047608E-7,-2.9234588037102185,-9.613290322363355E-5,4.407539400009944E-11,4.849770105297067E-8,6.2592243734923425E-9,4.816274916501417E-11,6.630838706281079E-11,8.449103840260464E-11,-6.728164810921395E-7
5.925000000000001E-6,5.925000000000001E-6,3.4377373499836987,5.5E-8,-1747.1560921327127,-2064.815950752495,0.9619317380897934,0.9512557691224224,76357.65127088464,77492.54804273069,295.34720659174,0.4824460503702214,1.6544211870958203E-5,3.4848621284033174E-8,6.427403845421773E-4,-6.501478330278587E-7,-2.661193851715325,-9.043999730806718E-5,0.9619305855038923,0.9513364831379623,76357.85377312852,77492.75146344252,295.3472741943725,0.48244550275810916,1.6544191880442002E-5,3.4848746782145646E-8,6.427949210391637E-4,-6.502570519728579E-7,-2.6616499066847155,-9.045300602394946E-5,0.9619308772715601,0.9513162867148531,76357.80251253024,77492.69996908933,295.3472570813095,0.4824456413816621,1.6544196940877278E-5,3.4848715013273716E-8,6.427812748073332E-4,-6.502297216570696E-7,-2.6615357120715544,-9.04493305000642E-5,4.0347232748249294E-11,4.8478443205347E-8,6.2860493015379744E-9,4.455538835396952E-11,6.636758443070872E-11,8.420240966033145E-11,-6.341440321479463E-7
5.950000000000001E-6,5.950000000000001E-6,3.4522425708697058,5.5E-8,-1796.488456624493,-2106.9496582103648,0.9632792739188881,0.9067454715625894,76121.59995949335,77255.14057375492,295.26821315456147,0.4830855952904859,1.6567583207659892E-5,3.4702298521888694E-8,6.126658591639118E-4,-5.917472924465983E-7,-2.4126363790392134,-8.443820340175989E-5,0.9632782387806786,0.906826686482485,76121.78120837064,77255.32261837188,295.2682737995979,0.4830851045231772,1.656756525477911E-5,3.470241061593517E-8,6.127207341097871E-4,-5.918522684567051E-7,-2.4130715766195863,-8.445167155457511E-5,0.9632785011237461,0.9068063170082641,76121.73527415327,77255.27648134553,295.26825842984744,0.4830852289021672,1.656756980471632E-5,3.4702382207036264E-8,6.127069709515298E-4,-5.918259432746708E-7,-2.412962419413816,-8.444863925660684E-5,3.6766486606614873E-11,4.8460071179044234E-8,6.311719296193943E-9,4.107288133777427E-11,6.64215709589304E-11,8.391574347955182E-11,-5.971341626938396E-7
5.975E-6,5.975E-6,3.466747791755713,5.5E-8,-1844.64606753436,-2147.3543610747074,0.9645622397557281,0.8622257218592076,75897.63810306527,77029.89088917142,295.19308809142,0.4836932328233491,1.6589833915279674E-5,3.4563729816130314E-8,5.825849472021673E-4,-5.359540865867984E-7,-2.1768951136375563,-7.834622803670754E-5,0.9645613228830946,0.8623075762763438,75897.79813254769,77030.0515906367,295.19314174953956,0.4836927990045809,1.658981801404949E-5,3.4563828587314146E-8,5.826402542407728E-4,-5.360549836552763E-7,-2.177310474072101,-7.835999811334204E-5,0.9645615553481413,0.8622867511447674,75897.7575583384,77030.01084614762,295.1931281449901,0.48369290899559764,1.658982204566753E-5,3.456380354470713E-8,5.826261832059239E-4,-5.360293445733078E-7,-2.1772050672805108,-7.835603381067813E-5,3.333667737594935E-11,4.8442584469565624E-8,6.336224121460268E-9,3.772109907338388E-11,6.64705750150066E-11,8.363215797649443E-11,-5.618096959363295E-7
6.0E-6,6.0E-6,3.48125301264172,5.5E-8,-1891.5555337555656,-2186.1190297132534,0.9657806241818884,0.8176997002810634,75685.65094235794,76816.68346463377,295.1218197971941,0.484269145757846,1.661096390941522E-5,3.443280277055458E-8,5.52499797487205E-4,-4.828046606064617E-7,-1.9541064731949973,-7.211695891840009E-5,0.9657798265064517,0.8177821948703691,75685.78975580474,76816.82282588896,295.1218664314538,0.484268769060831,1.6610950075833746E-5,3.4432888277402356E-8,5.525555370745737E-4,-4.829013127505277E-7,-1.9545022148574844,-7.213032205299896E-5,0.9657800284433016,0.817760926205803,75685.75461242166,76816.78754564453,295.1218546256845,0.4842688644243091,1.661095357789707E-5,3.443286663074355E-8,5.525411663552723E-4,-4.828764015485376E-7,-1.9544002100706166,-7.212717162019544E-5,3.006106627905564E-11,4.8425982525926476E-8,6.359554092118069E-9,3.450568967811838E-11,6.651482756224512E-11,8.335274825257024E-11,-5.281851539184083E-7
6.025000000000001E-6,6.025000000000001E-6,3.4957582335277273,5.5E-8,-1937.1831861799892,-2223.5684705249864,0.966934419829543,0.7731697932808668,75485.52896997174,76615.40855830631,295.0543970480907,0.484813508787703,1.6630973169121512E-5,3.4309411344412254E-8,5.224120224870722E-4,-4.323246481874321E-7,-1.7439076940784162,-6.590172240805714E-5,0.9669337427361347,0.7732535499640812,75485.64648418965,76615.52649337062,295.0544365940873,0.4848131896147174,1.6630961427056587E-5,3.4309483586907036E-8,5.224686148405954E-4,-4.324176079251174E-7,-1.7442858151173368,-6.59150461643776E-5,0.9669339137277163,0.7732321465694769,75485.61680606467,76615.49671031431,295.05442660723776,0.48481327021798976,1.663096439237015E-5,3.4309465342935436E-8,5.224541530874844E-4,-4.3239382165438654E-7,-1.7441889769761474,-6.591155442947638E-5,2.694270337215804E-11,4.841026476357528E-8,6.3817000632711766E-9,3.143203153698703E-11,6.655456192927307E-11,8.307858171305237E-11,-4.962654922640864E-7
6.0500000000000005E-6,6.0500000000000005E-6,3.5102634544137343,5.5E-8,-1981.5509446175186,-2260.0688681713423,0.9680236239006262,0.72863988898575,75297.16864886842,76425.9620405826,294.9908089721474,0.48532648882427537,1.6649861746079876E-5,3.419345563123786E-8,4.92324249314696E-4,-3.845440359384611E-7,-1.546324435781571,-5.969532026028901E-5,0.9680230689004139,0.7287244877103947,75297.26474617409,76426.05843224777,294.99084135720415,0.4853262276517845,1.6649852121599606E-5,3.419351458650298E-8,4.923814106151315E-4,-3.8463278599465413E-7,-1.5466834714090965,-5.970861776916081E-5,0.9680232089898207,0.7287032799000279,75297.24049028609,76426.03410169845,294.99083318278247,0.4853262935751911,1.6649854550945956E-5,3.419349970539787E-8,4.923670810135324E-4,-3.8461050920091113E-7,-1.5465932070715098,-5.970565109691961E-5,2.398447007678961E-11,4.83954305654222E-8,6.402653434635342E-9,2.8505182136221665E-11,6.659001364518396E-11,8.281070054444983E-11,-4.660643602355326E-7
6.075E-6,6.075E-6,3.5247686752997414,5.5E-8,-2024.7196528069437,-2295.837945061429,0.969048239415556,0.684114155855834,75120.47145854395,76248.24510187416,294.9310449780253,0.4858082456437029,1.6667629786406122E-5,3.408484157264063E-8,4.6223929449718513E-4,-3.394866480732617E-7,-1.3611071517930213,-5.360372557561277E-5,0.9690478067123478,0.6841981976916781,75120.54623286414,76248.32005015326,294.9310702047803,0.4858080423486972,1.6667622282917054E-5,3.4084887346802543E-8,4.622960795214041E-4,-3.3956966959181047E-7,-1.361441510757004,-5.3616589880789434E-5,0.9690479161077248,0.684177087293325,75120.5273290871,76248.3011018284,294.93106382698704,0.48580809374541867,1.6667624179937928E-5,3.4084875774242007E-8,4.622818157387331E-4,-3.3954883434716974E-7,-1.3613575463580219,-5.361300625850163E-5,2.1189063908199485E-11,4.8381479279017807E-8,6.422406160870243E-9,2.572988601601035E-11,6.6621420294063E-11,8.25501219999957E-11,-4.3759806694681404E-7
6.100000000000001E-6,6.100000000000001E-6,3.539273896185749,5.5E-8,-2066.703155252758,-2330.1425445154227,0.9700082737643587,0.6395944722287941,74955.39523093632,76082.16438393516,294.8750947739834,0.48625893106264334,1.6684277505665746E-5,3.3983480971521606E-8,4.321584271816176E-4,-3.001325245577391E-7,-1.2389368695430676,-3.191900526644531E-5,0.970007962936193,0.6396784567131807,74955.44888205118,76082.2180857806,294.87511288035404,0.4862587852459628,1.6684272115734122E-5,3.398351372575035E-8,4.3221517345485184E-4,-3.002102710070176E-7,-1.2392505472162156,-3.193045188254473E-5,0.9700080414933995,0.63965705149181,74955.4353219688,76082.20451343694,294.8751083042394,0.4862588220990016,1.668427347795937E-5,3.3983505447595714E-8,4.3220071046743915E-4,-3.0019046249663005E-7,-1.2391707096981008,-3.1927721508395734E-5,1.8558964746304083E-11,4.836841012120356E-8,6.440950752977036E-9,2.3110609688375364E-11,6.66490217687686E-11,8.229783493274556E-11,-4.1263060387016465E-7
6.125000000000001E-6,6.125000000000001E-6,3.553779117071756,5.5E-8,-2107.420957869459,-2362.424784784578,0.9709037363925667,0.5950817605710633,74801.70891013529,75927.63254735254,294.82294882468284,0.4866786888987368,1.669980514889801E-5,3.3889291584000435E-8,4.020822706561239E-4,-2.5810681918869705E-7,-1.0356196242571514,-3.9367588342997806E-5,0.9709035487301282,0.5951675779646526,74801.7413290517,75927.6648926762,294.82295974764884,0.48667860098218074,1.6699801894799112E-5,3.388931128819246E-8,4.02140255381522E-4,-2.581805676982185E-7,-1.0359128146308194,-3.93801638693958E-5,0.9709035958873461,0.5951456889572234,74801.73318145923,75927.6567647084,294.8229570028497,0.4866786230745551,1.6699802712513373E-5,3.388930633676989E-8,4.0212546551163746E-4,-2.581617363262012E-7,-1.0358380078225764,-3.937684276422715E-5,1.6096396649909605E-11,4.835622266810621E-8,6.458280261015607E-9,2.0651578160518997E-11,6.667305877920256E-11,8.205479917874899E-11,-3.8614745113422705E-7
6.15E-6,6.15E-6,3.568284337957763,5.5E-8,-2146.83283589907,-2393.6285421308557,0.9717346402363733,0.5505798683187486,74659.49461152118,75784.56746448959,294.7745976096312,0.4870676536955684,1.6714213015602776E-5,3.380219686775849E-8,3.72013424539695E-4,-2.2297014680816575E-7,-0.9149504915205853,-2.5149132980573086E-5,0.9717345781266972,0.5506671816858862,74659.50549708263,75784.57814500057,294.77460122141036,0.4870676246295327,1.671421193863178E-5,3.380220336769959E-8,3.7207242005803126E-4,-2.2303985687699425E-7,-0.9152280943912956,-2.5160461461837258E-5,0.9717345933116415,0.5506449838178346,74659.50283311309,75784.575533785,294.7746003383927,0.48706763173588163,1.6714212201936086E-5,3.38022017785472E-8,3.720574214985369E-4,-2.23022118177596E-7,-0.9151576023789403,-2.5157783568374725E-5,1.3803434214579705E-11,4.834491589080822E-8,6.474388269515844E-9,1.8356672080258743E-11,6.669377377378396E-11,8.182194594650086E-11,-3.6388474196663553E-7
6.175E-6,6.175E-6,3.58278955884377,5.5E-8,-2185.016096510984,-2424.3769799829997,0.9725010038352428,0.5060927426746579,74528.55278974357,75652.89236999056,294.7300322785134,0.4874259541511977,1.6727501496527252E-5,3.3722125606467854E-8,3.419545558612553E-4,-1.8757650167344763E-7,-0.7537281533811893,-2.749810448676726E-5,0.9725010679853052,0.50617954054491,74528.54210461647,75652.8813571526,294.73002854811506,0.4874259841152274,1.6727502608856336E-5,3.3722118914843196E-8,3.4201320307088515E-4,-1.8764036298080102E-7,-0.7539810488910916,-2.75092360624285E-5,0.9725010510420615,0.5061574349543579,74528.54492920537,75652.88426583401,294.7300295333738,0.48742597620106515,1.6727502315069203E-5,3.372212068223165E-8,3.4199826686105267E-4,-1.8762409212058629E-7,-0.7539167165184608,-2.7506098732033024E-5,1.1681984120907824E-11,4.833448929500539E-8,6.489268913053585E-9,1.62294363037483E-11,6.671141077632459E-11,8.160017479521332E-11,-3.415626332901288E-7
6.200000000000001E-6,6.200000000000001E-6,3.5972947797297774,5.5E-8,-2222.006836713435,-2453.635726759735,0.9732028493982929,0.4616215044455216,74408.90445771978,75532.53564761255,294.68924410713817,0.4877537102575246,1.6739671040216314E-5,3.3649012033251446E-8,3.1190642192264974E-4,-1.5730764530985654E-7,-0.6441889235663893,-1.77939080856504E-5,0.9732030391139859,0.46170782507226893,74408.8724028061,75532.50314229085,294.6892330838168,0.4877537987940645,1.6739674329734033E-5,3.3648992298434096E-8,3.11964746670452E-4,-1.5736564094481763E-7,-0.644418399935148,-1.780347756152878E-5,0.9732029903215142,0.4616860158579582,74408.88064782432,75532.5115022403,294.6892359188704,0.48775377602356135,1.673967348371177E-5,3.3648997373980877E-8,3.1195001071483664E-4,-1.5735096383195924E-7,-0.6443602895153617,-1.7801377268256147E-5,9.733737913908141E-12,4.832494195372384E-8,6.5029168778093154E-9,1.4273131060477227E-11,6.672621488205399E-11,8.139035212966944E-11,-3.2240874066102115E-7
6.2250000000000005E-6,6.2250000000000005E-6,3.6118000006157844,5.5E-8,-2257.728388666349,-2480.9264930346,0.9738402006267447,0.41716704436999774,74300.41473425318,75423.43150928443,294.6522251159683,0.4880510338505607,1.6750722115381624E-5,3.358279593111403E-8,2.818696245743228E-4,-1.2814242154490784E-7,-0.5168774504040812,-1.7596480219594923E-5,0.9738405164670804,0.41725460617487065,74300.36128666335,75423.37748614138,294.65220677492385,0.48805118110535867,1.6750727591715447E-5,3.358276316030377E-8,2.8192878795599367E-4,-1.2819552907217258E-7,-0.5170856855277179,-1.7606312241014166E-5,0.9738404359280874,0.41723265023747735,74300.37491637416,75423.39126198189,294.6522114518695,0.4880511435554892,1.6750726195255395E-5,3.358277151682928E-8,2.819139528631604E-4,-1.2818220440635741E-7,-0.5170332215864164,-1.7603634361762488E-5,7.960175810522513E-12,4.831627324568915E-8,6.515327387796322E-9,1.249072441728415E-11,6.67384322567744E-11,8.119331377830044E-11,-3.0400457530205687E-7
6.25E-6,6.25E-6,3.6263052215017915,5.5E-8,-2292.157940000081,-2507.3208474582766,0.9744130842462256,0.3727326259249605,74203.07532046718,75325.51940312872,294.6189676109209,0.4883180282490777,1.676065523754991E-5,3.352342239415008E-8,2.5184636886821653E-4,-1.0311189754474981E-7,-0.4237129742957677,-1.0790679738192921E-5,0.9744135280859646,0.37282156048489434,74203.00022381154,75325.4436014772,294.61894184985533,0.4883182349982482,1.676066293315068E-5,3.352337644832508E-8,2.5190645978709076E-4,-1.0316020080836097E-7,-0.4239024092876207,-1.079915968205114E-5,0.9744134151987327,0.3727989186719082,74203.01932414944,75325.46288103765,294.61894840198346,0.48831818241320024,1.6760660975833683E-5,3.3523388134286386E-8,2.518911612648028E-4,-1.0314791623500241E-7,-0.4238543156607193,-1.079704625794875E-5,6.3626133553313285E-12,4.8308482313360963E-8,6.526496203088371E-9,1.0884847079579207E-11,6.674830987746403E-11,8.100986445174112E-11,-2.8815975536647237E-7
6.275000000000001E-6,6.275000000000001E-6,3.640810442387799,5.5E-8,-2325.370062621954,-2533.0732608778158,0.9749215315566593,0.32832134192821233,74116.79194937112,75238.7439025222,294.5894643698086,0.4885547898793372,1.6769470996035516E-5,3.347084156763E-8,2.218387445460894E-4,-7.995505868052533E-8,-0.3255476984904817,-9.532287137403728E-6,0.9749221044816021,0.3284104065594323,74116.69506458382,75238.64618647145,294.58943113114805,0.48855505654783227,1.676948092968389E-5,3.3470782380105055E-8,2.2189892335096778E-4,-7.999776073575049E-8,-0.32571416437212974,-9.540596437318527E-6,0.9749219585297328,0.3283874500273675,74116.71974545189,75238.6710794949,294.5894395986537,0.4885549886144264,1.676947839910016E-5,3.347079745803352E-8,2.2188341218065373E-4,-7.998675442877356E-8,-0.32567136520947315,-9.538259860164544E-6,4.942191591429009E-12,4.830156846586903E-8,6.536419630356803E-9,9.457800450602059E-12,6.675609546055242E-11,8.084077249355959E-11,-2.735232369539346E-7
6.300000000000001E-6,6.300000000000001E-6,3.655315663273806,5.5E-8,-2357.3699962334335,-2557.1126529243897,0.9753655767825777,0.2839341361284797,74041.5438840728,75163.05478806201,294.5637085295589,0.4887614069161233,1.677717002540549E-5,3.342500875026753E-8,1.918473892759998E-4,-6.037658735635887E-8,-0.25158464868513875,-4.7514217982325135E-6,0.9753662789053927,0.2840232051345495,74041.42523098705,75162.93517694986,294.5636678110095,0.4887617334932725,1.6777182199019417E-5,3.3424936344939136E-8,1.9190757103685775E-4,-6.04135831849817E-8,-0.25172871817221676,-4.757867088756029E-6,0.9753660999454298,0.284000643039289,74041.4554738938,75162.96566390338,294.563678189518,0.48876165025397883,1.677717909615844E-5,3.34249547998897E-8,1.9189232637789797E-4,-6.0404179436091E-8,-0.25169213599360774,-4.756633160241108E-6,3.6998451985507144E-12,4.8295530876695115E-8,6.545094518581288E-9,8.211592686175402E-12,6.676203726978579E-11,8.068676806308868E-11,-2.6111829084967806E-7
6.3250000000000004E-6,6.3250000000000004E-6,3.669820884159813,5.5E-8,-2388.0838530826577,-2579.4039205347426,0.9757452558885623,0.2395724201768788,73977.26456233584,75098.40731948413,294.5416938096912,0.4889379592590597,1.6783752985020525E-5,3.338588443716091E-8,1.6187325687626946E-4,-4.310311993549476E-8,-0.179751398920871,-3.2989486982160088E-6,0.9757460877408988,0.2396622160037256,73977.12407834406,75098.26575018611,294.54164558343774,0.488938345947198,1.6783767407792662E-5,3.3385798784447285E-8,1.61933929732247E-4,-4.3134597262906026E-8,-0.17987312060813565,-3.305643403450631E-6,0.9757458761484434,0.2396397917110268,73977.15981243365,75098.30176014354,294.5416578504069,0.48893824758806537,1.678376373917311E-5,3.3385820571303593E-8,1.6191877818312622E-4,-4.312672871265022E-8,-0.17984235286098738,-3.3041206819461877E-6,2.636328081175356E-12,4.829036882201693E-8,6.5525182483750735E-9,7.147911369907798E-12,6.676638397263547E-11,8.054854670931133E-11,-2.5017227224838024E-7
6.35E-6,6.35E-6,3.68432610504582,5.5E-8,-2417.5187483310633,-2600.965711250623,0.9760606080320847,0.19523919141683407,73923.93098964871,75044.76186105536,294.5234143099829,0.4890845188943475,1.6789220584283808E-5,3.335343411095182E-8,1.3191837257894195E-4,-2.909332266654019E-8,-0.12646580393811746,-7.433737891915371E-8,0.9760615705841229,0.19532961223248071,73923.76852779597,75044.59818492443,294.5233585216034,0.4890849661174323,1.678923727302016E-5,3.335333512607174E-8,1.3197946772464914E-4,-2.9119236444330455E-8,-0.12656583488069373,-7.924680289761454E-8,0.9760613260764421,0.19530665883785367,73923.80979665265,75044.6397619322,294.52337269297516,0.4890848525137929,1.6789233033743714E-5,3.335336027019396E-8,1.3196395867422545E-4,-2.91126600870939E-8,-0.12654072491977786,-7.793413203671662E-8,1.7522309955790212E-12,4.828608150369527E-8,6.558688739470821E-9,6.268100185366626E-12,6.676938449817823E-11,8.042677173469483E-11,-2.412621833625919E-7
6.375000000000001E-6,6.375000000000001E-6,3.6988313259318275,5.5E-8,-2445.7430288340365,-2621.658727067355,0.9763116759658824,0.1509364470891534,73881.49634757501,75002.08384099454,294.50886457366727,0.489201150393365,1.6793573589677705E-5,3.332762814012383E-8,1.019840858710496E-4,-1.762907757552057E-8,-0.07928423212115376,1.0641414291967521E-6,0.9763127698555564,0.15102711898732313,73881.31180472815,75001.89795499903,294.50880118679544,0.48920165843890784,1.679359255543384E-5,3.33275157624128E-8,1.0204535066711022E-4,-1.7649210519721237E-8,-0.07936176158659691,1.0597833153269676E-6,0.9763124917982523,0.15100380749087308,73881.35871350774,75001.94520556337,294.50881729918626,0.4892015292982085,1.679358773450254E-5,3.332754432780951E-8,1.0202959965599533E-4,-1.7644038052821998E-8,-0.07934168602560021,1.0610041130121317E-6,1.0479564973558371E-12,4.828266817486484E-8,6.563604456806916E-9,5.5731840011444845E-12,6.677128790327097E-11,8.032207224364263E-11,-2.339578695792304E-7
6.4000000000000006E-6,6.4000000000000006E-6,3.7133365468178345,5.5E-8,-2472.743284705058,-2640.613702289243,0.976498504503473,0.10666501333219527,73849.94069887135,74970.34393079711,294.4980396092878,0.48928791003657324,1.6796812798204985E-5,3.330844189066508E-8,7.207095495418599E-5,-9.246856791378378E-9,-0.04742892884564753,2.985938891697515E-6,0.9764997303576025,0.10675628884116599,73849.73396287095,74970.13572270278,294.49796858698073,0.48928847920497653,1.6796834051853962E-5,3.330831605041228E-8,7.213262759538242E-5,-9.261276971983535E-9,-0.047483275546255754,2.982696557296549E-6,0.9764994185818833,0.10673310466070042,73849.78654254095,74970.18867692394,294.4979866503227,0.4892883344465157,1.679682864633999E-5,3.330834805573854E-8,7.211696260858136E-5,-9.257598350131958E-9,-0.04746930460896692,2.9833004049351075E-6,5.237192147823406E-13,4.828012805181383E-8,6.567264397956148E-9,5.0638773589709326E-12,6.677234321357007E-11,8.02350386797297E-11,-2.2857750847765439E-7
6.425E-6,6.425E-6,3.7278417677038416,5.5E-8,-2498.4665466382166,-2658.1131609376894,0.9766211406477954,0.06242705303387912,73829.23306584773,74949.51802936432,294.4909349311035,0.4893448460624789,1.6798939039663886E-5,3.3295855668144736E-8,4.2180441239107513E-5,-3.5397678743720465E-9,-0.02388191490877034,3.5188890876725054E-6,0.9766224994455771,0.06251908357341614,73829.00395539071,74949.28731594859,294.4908562147737,0.48934547683608565,1.679896259819846E-5,3.329571624921857E-8,4.2242624036091986E-5,-3.5483709837080824E-9,-0.023913774542734245,3.5166575571565772E-6,0.9766221540778582,0.06249595415563425,73829.06218875175,74949.34595665307,294.49087622221526,0.4893453165115152,1.6798956610289623E-5,3.3295751685468724E-8,4.2226996051104225E-5,-3.5461984282392223E-9,-0.023905759346689592,3.517156358157081E-6,1.7956659115365153E-13,4.827846038927289E-8,6.569668089351926E-9,4.7405682084407526E-12,6.677279928536083E-11,8.016621916323788E-11,-2.2487503626478338E-7
6.450000000000001E-6,6.450000000000001E-6,3.742346988589849,5.5E-8,-2522.932489339264,-2674.789983461632,0.9766796350203207,0.018225419393667175,73819.35957500202,74939.5869669852,294.48754643780194,0.4893719992512306,1.679995320145898E-5,3.328985453784051E-8,1.2314472563288632E-5,-8.062532685926271E-10,-0.013823829588545777,4.2796952470780525E-6,0.9766811274467125,0.018317645881294278,73819.10794591061,74939.33360374166,294.4874599846696,0.4893726919941932,1.6799979076780797E-5,3.3289701443963825E-8,1.2376787757631268E-5,-8.089577363534773E-10,-0.013832586595981411,4.278303777027759E-6,0.9766807483959367,0.018294334437069782,73819.17185506294,74939.39795357702,294.4874819422765,0.48937251604948084,1.679997250489173E-5,3.328974032710614E-8,1.2361036781803906E-5,-8.082697888767143E-10,-0.013830123908974201,4.278763213960701E-6,1.5370928751140854E-14,4.827766441721613E-8,6.5708155982100164E-9,4.603320254751707E-12,6.677290467179872E-11,8.011612192509067E-11,-2.230326083384619E-7
6.475000000000001E-6,6.475000000000001E-6,3.756852209475856,5.5E-8,-2546.1758036198235,-2690.264363042493,0.9766740413327533,-0.0259384612178207,73820.30220923148,74940.53659285448,294.48787046928186,0.4893694027959468,1.679985621947072E-5,3.32904283498413E-8,1.752598730933831E-5,-8.130155038088561E-10,-0.013299103473627838,4.049542127404493E-6,0.9766756676177748,-0.025846124673265615,73820.02798249744,74940.2605011123,294.48777626166634,0.48937015767988085,1.67998844156043E-5,3.329026152092219E-8,1.7463597752206496E-5,-8.098098192022008E-10,-0.013283940750852707,4.049358352631316E-6,0.9766752545754066,-0.025869681308466622,73820.09763045084,74940.33062252711,294.4878001884166,0.48936996595534854,1.679987725437643E-5,3.329030389187174E-8,1.7479514397612582E-5,-8.106179905098543E-10,-0.013288002788158337,4.049135185368868E-6,3.082272525112439E-14,4.8277739382290596E-8,6.570707530980876E-9,4.651873765520475E-12,6.677290747894398E-11,8.008522278914677E-11,-2.2290853942814717E-7
6.5000000000000004E-6,6.5000000000000004E-6,3.771357430361863,5.5E-8,-2568.1751077143285,-2704.1935107647573,0.9766044151781473,-0.07006344962606577,73832.05497892221,74952.35794580854,294.49190385417654,0.4893370817060963,1.679864905711622E-5,3.329757184297475E-8,4.7340168666260657E-5,-3.723149433199069E-9,-0.025217601069698503,3.742045606713873E-6,0.9766061758836915,-0.06997045230359525,73831.75800962032,74952.05897907993,294.4918018539062,0.4893378990755275,1.67986795838506E-5,3.329739117429622E-8,4.727733263756436E-5,-3.7139514574846545E-9,-0.025179155818932486,3.7424525487494975E-6,0.9766057285096198,-0.06999423303303424,73831.8334660404,74952.1349427928,294.491827770932,0.4893376913920117,1.6798671827375203E-5,3.329743707990748E-8,4.7293400697996115E-5,-3.7162966748383042E-9,-0.02518915286691481,3.742610061863161E-6,2.2544012379060072E-13,4.8278684524061E-8,6.5693450220994535E-9,4.8856399000346015E-12,6.677305522385209E-11,8.00739656177311E-11,-2.245995298952176E-7
6.525E-6,6.525E-6,3.78586265124787,5.5E-8,-2588.9179404268584,-2717.001601636204,0.9764708147358061,-0.11414712807743563,73854.61179942288,74975.04713048517,294.4996438828743,0.4892750532086951,1.679633271758542E-5,3.331128455769499E-8,7.712643789015921E-5,-9.400059184372367E-9,-0.04735503596543822,2.677681024465528E-6,0.9764727108286569,-0.11405344795202849,73854.29186103615,74974.72506191449,294.4995340270523,0.489275933615034,1.6796365591740275E-5,3.331108989227473E-8,7.706314050812735E-5,-9.384817900581765E-9,-0.04729219064188328,2.6791774843104577E-6,0.9764722289926432,-0.11407718784650482,73854.37316355931,74974.80690597996,294.4995619436493,0.48927570988600827,1.6796357237744608E-5,3.3311139360601435E-8,7.707918097736813E-5,-9.388679984567716E-9,-0.047307941148119426,2.6786917857180015E-6,5.985660293439144E-13,4.8280499094556336E-8,6.56672973742679E-9,5.303713898138915E-12,6.67735946977206E-11,8.008275208687404E-11,-2.2802372363069544E-7
6.550000000000001E-6,6.550000000000001E-6,3.8003678721338776,5.5E-8,-2608.429259540979,-2728.7705338143087,0.9762733016938324,-0.1581870514668417,73887.9753119593,75008.60513994028,294.51108824052534,0.4891833271636154,1.679290825984274E-5,3.333157073473684E-8,1.0688314288300115E-4,-1.792937780464854E-8,-0.08135014202571256,1.3779388439161266E-6,0.9762753338651029,-0.15809310021420578,73887.63221427106,75008.25977771616,294.5109704809325,0.4891842710495615,1.679294349346911E-5,3.333136193298721E-8,1.0681966230689579E-4,-1.7908083123074904E-8,-0.08126329032029389,1.3803016685187686E-6,0.9762748177160322,-0.1581166714356471,73887.71935676536,75008.34749573462,294.5110003905518,0.48918403131324,1.6792934544517098E-5,3.3331414966163885E-8,1.0683558880786965E-4,-1.7913423704385424E-8,-0.08128499170879877,1.380052253807662E-6,1.149366460641129E-12,4.828318233587282E-8,6.562863879693046E-9,5.904881911963973E-12,6.677477182357153E-11,8.011193648233624E-11,-2.3323192035273764E-7
6.5750000000000006E-6,6.5750000000000006E-6,3.8148730930198846,5.5E-8,-2626.7090172931084,-2739.116384721241,0.9760119407222368,-0.20218155441418162,73932.1502233424,75053.0379426631,294.5262350443907,0.4890619058669195,1.6788376789492994E-5,3.335843936815025E-8,1.3660915838796056E-4,-2.9227563231870592E-8,-0.1259579383477103,-5.301279344394061E-7,0.9760141093630418,-0.20208734195516673,73931.78381443226,75052.66913408026,294.5261093488996,0.4890629135551678,1.6788414389451605E-5,3.335821631027708E-8,1.365455013210586E-4,-2.9200229221260087E-8,-0.1258469470290038,-5.267149560950202E-7,0.9760135588116529,-0.20211119804198815,73931.87683409924,75052.7627630697,294.5261412591081,0.4890626577343605,1.6788404843975478E-5,3.335827293764155E-8,1.3656162029864065E-4,-2.920713754406279E-8,-0.12587500409244967,-5.276863390690778E-7,1.876838606054594E-12,4.8286733496729275E-8,6.557750180995073E-9,6.687608016194875E-12,6.677683151776697E-11,8.016183446256146E-11,-2.401758740753329E-7
6.6E-6,6.6E-6,3.8293783139058917,5.5E-8,-2643.737481319168,-2748.142374919111,0.9756867991400922,-0.24612866639420788,73987.14841293573,75108.3565288519,294.54508285450794,0.48891078389411186,1.678273945300399E-5,3.33919042460324E-8,1.6630315296905937E-4,-4.333559772362605E-8,-0.18211079269235597,-2.742567048130695E-6,0.9756891047030931,-0.24603408895376086,73986.75851784713,75107.9640987964,294.5449491861279,0.48891185575542,1.6782779427233804E-5,3.33916667947723E-8,1.6623924929308167E-4,-4.3302155887658956E-8,-0.18197476516229472,-2.7385764980181193E-6,0.9756885192289644,-0.2460583862802867,73986.85752801987,75108.06375216454,294.544983129819,0.48891158356756526,1.678276927618745E-5,3.33917270928828E-8,1.6625566640559913E-4,-4.331073270691377E-8,-0.18200984023769706,-2.7393247137297294E-6,2.779801932891809E-12,4.829115182196703E-8,6.551391901259105E-9,7.650037757338892E-12,6.678001755141028E-11,8.023273097995289E-11,-2.488827686605463E-7
6.625000000000001E-6,6.625000000000001E-6,3.843883534791899,5.5E-8,-2659.524471655435,-2756.1231537830195,0.9752979474014363,-0.2900260274816457,74052.98505433275,75174.57682930847,294.56763064834297,0.4887299483568886,1.6775997446118398E-5,3.3431983913281984E-8,1.9596353208219304E-4,-6.019839673854222E-8,-0.24912065189141686,-5.4576595971411734E-6,0.9753003903780921,-0.2899311360756177,74052.57148047275,75174.16058397041,294.5674889665281,0.48873108479967176,1.6776039803242387E-5,3.343173191604367E-8,1.9589941626730925E-4,-6.015885304577751E-8,-0.24895964060556253,-5.452487627621849E-6,0.9752997697659895,-0.2899552958538472,74052.6765442213,75174.26632639405,294.56752495925,0.48873079609894343,1.6776029042868096E-5,3.3431795933011664E-8,1.9591574044178865E-4,-6.01689303891817E-8,-0.24900052779571524,-5.453957825807265E-6,3.856892620994135E-12,4.8296436552094796E-8,6.543792836356068E-9,8.790009258652043E-12,6.678457240046129E-11,8.032487486293488E-11,-2.5931647442334483E-7
6.650000000000001E-6,6.650000000000001E-6,3.858388755677906,5.5E-8,-2674.085909525247,-2762.890480654533,0.9748454591465464,-0.33387159751274514,74129.6814536597,75251.71970494534,294.59387781185006,0.48851937892913655,1.6768152014723115E-5,3.347870168596826E-8,2.255889172383413E-4,-7.983038528891484E-8,-0.32752781006456644,-8.490146328199444E-6,0.9748480401372527,-0.3337761968793221,74129.24397708694,75251.27941969488,294.59372806842083,0.488520580432385,1.676819676526458E-5,3.347843496737186E-8,2.255244573508933E-4,-7.978462633673189E-8,-0.3273411462257627,-8.484383627660463E-6,0.9748473846427198,-0.3338001302363652,74129.35508229632,75251.3912387147,294.5937660987501,0.4885202752869352,1.6768185399964223E-5,3.3478502705663914E-8,2.2554062853808457E-4,-7.979610714414776E-8,-0.32738806151860445,-8.485538785407698E-6,5.1065828477253194E-12,4.830258691836237E-8,6.534957313873865E-9,1.0105045877202457E-11,6.679073710319607E-11,8.043847029078881E-11,-2.714844518711092E-7
6.6750000000000005E-6,6.6750000000000005E-6,3.872893976563913,5.5E-8,-2687.416482507661,-2768.342671316743,0.97432941118725,-0.37766305699263586,74217.26292311779,75339.81095546666,294.62382414073545,0.48827904786017906,1.6759204454568523E-5,3.3532085678890134E-8,2.5517774121124043E-4,-1.0219127858590583E-7,-0.4169658417001756,-1.1935301898802209E-5,0.9743321309531712,-0.3775671109789257,74216.80128001358,75339.34636574071,294.62366627685094,0.48828031499790736,1.6759251611850106E-5,3.3531804035095476E-8,2.5511291282359844E-4,-1.0213924880986269E-7,-0.41675265786648197,-1.1928987888154552E-5,0.9743314404825476,-0.3775913957710699,74216.91847727908,75339.46431144512,294.6237063539333,0.4882799933084842,1.6759239639968053E-5,3.353187553609084E-8,2.5512932146693916E-4,-1.0215238418709305E-7,-0.41680640133677116,-1.193104880314877E-5,6.527177299246209E-12,4.8309602151127485E-8,6.524890183201858E-9,1.1592364052028274E-11,6.679875112851542E-11,8.057367785874605E-11,-2.853696749196966E-7
6.7E-6,6.7E-6,3.8873991974499202,5.5E-8,-2699.5137594282787,-2772.613704836461,0.9737498839977687,-0.4213976704265619,74315.72842282894,75438.88127507444,294.6574698507579,0.488008920353103,1.674915611974931E-5,3.359216878453923E-8,2.847281556936229E-4,-1.2531720415154267E-7,-0.48584724747547625,-2.5368758343802256E-5,0.973752742938547,-0.42130171255351706,74315.24241091478,75438.39216536876,294.65730382719914,0.48801025355122335,1.6749205690837388E-5,3.3591872037069695E-8,2.846633192929169E-4,-1.2525978434041464E-7,-0.48561950859129865,-2.5358243732398478E-5,0.973752017043184,-0.42132627711631476,74315.3658112512,75438.51635173298,294.6573459811388,0.4880099150479703,1.6749193104559864E-5,3.359194738200222E-8,2.84679916970483E-4,-1.2527447537991065E-7,-0.4856778430594204,-2.5360777215155395E-5,8.116791438702804E-12,4.8317481535934064E-8,6.5135968197144505E-9,1.3248890354258048E-11,6.680885246123253E-11,8.073062108503248E-11,-2.9980022295336505E-7
6.725000000000001E-6,6.725000000000001E-6,3.9019044183359277,5.5E-8,-2710.3781924192467,-2775.6098271053393,0.9731069618715527,-0.4650729004611311,74425.19844483293,75548.96607787098,294.6948153646555,0.4877089539658132,1.67380084253706E-5,3.365898871002715E-8,3.14238446257521E-4,-1.5442408297872136E-7,-0.6194219638844061,-2.286684589591914E-5,0.9731099599750668,-0.46497698225909223,74424.68788936218,75548.45229061003,294.6946411648347,0.48771035347854136,1.6738060410204082E-5,3.3658676711068714E-8,3.141736366615488E-4,-1.543603293896467E-7,-0.6191616485175473,-2.285865473083959E-5,0.9731091986147049,-0.4650013224256567,74424.81754313993,75548.58276512464,294.6946854023708,0.48770999807665455,1.673804720879513E-5,3.3658755942015604E-8,3.1419008272003834E-4,-1.543765344536041E-7,-0.6192277204461334,-2.2860715645833807E-5,9.873348149449792E-12,4.83262241015111E-8,6.501083135427302E-9,1.507126428999048E-11,6.682127681459857E-11,8.090938894933162E-11,-3.1790651329455965E-7
6.750000000000001E-6,6.750000000000001E-6,3.9164096392219347,5.5E-8,-2720.00209450179,-2777.305995136877,0.9724007323442787,-0.5086868114183063,74545.6195763173,75670.10592368386,294.7358617449233,0.4873790997066038,1.6725762837525908E-5,3.37325880544433E-8,3.437073050123691E-4,-1.8372394734456067E-7,-0.7239155564229804,-3.289920047677697E-5,0.97240387010557,-0.5085901776165896,74545.0842330105,75669.56720175402,294.73567932144755,0.4873805660449375,1.6725817244849688E-5,3.37322605912179E-8,3.4364201190310113E-4,-1.8365420658028598E-7,-0.7236339888547718,-3.2887701351569376E-5,0.9724030734270757,-0.5086145280255289,74545.22015581244,75669.7039829889,294.7357256387766,0.4873801937419226,1.6725803430814926E-5,3.37323437338307E-8,3.436584648821141E-4,-1.8367178483913449E-7,-0.7237048770859928,-3.2890720518707894E-5,1.1794627159630981E-11,4.8335829224503044E-8,6.487355570098888E-9,1.7055796383527752E-11,6.683625796592671E-11,8.111003322631606E-11,-3.361938666739214E-7
6.775E-6,6.775E-6,3.9309148601079418,5.5E-8,-2728.3982453538324,-2777.9938586220565,0.9716312867120558,-0.552236185390764,74677.10719221586,75802.34608028691,294.78061019435756,0.48701930070583493,1.6712420882196847E-5,3.381301434044921E-8,3.731325576964622E-4,-2.175140014060162E-7,-0.8696591381869894,-3.4076193458076887E-5,0.9716345651514317,-0.5521388445604933,74676.54669205718,75801.78206316761,294.78041946794485,0.487020834647505,1.6712477729876642E-5,3.381267113241614E-8,3.730667868651982E-4,-2.174375174490706E-7,-0.8693456279897873,-3.406628269431167E-5,0.9716337328640183,-0.5521635897618485,74676.68898389777,75801.92524801375,294.7804678870277,0.4870204452311621,1.6712463298129846E-5,3.381275826116261E-8,3.730835065958436E-4,-2.174569296187201E-7,-0.8694250498956535,-3.406896055935249E-5,1.387822158238785E-11,4.8346295933271515E-8,6.472421082912878E-9,1.9198520104506074E-11,6.68540276301962E-11,8.133256437783749E-11,-3.572749215659084E-7
6.800000000000001E-6,6.800000000000001E-6,3.9454200809939497,5.5E-8,-2735.591194216836,-2777.5794477132486,0.9707987212908205,-0.5957172892851974,74819.65847669852,75945.7366302229,294.8290623700004,0.4866294941269497,1.6697984167059574E-5,3.3900319913773E-8,4.025116819494577E-4,-2.525243056084037E-7,-1.0040027233446835,-4.236056322781678E-5,0.9708021407296561,-0.5956202059784936,74819.07257658764,75945.1470639872,294.8288633006079,0.4866310961439436,1.6698043460855044E-5,3.389996074023275E-8,4.024460851206038E-4,-2.5244227259690887E-7,-1.0036666440241788,-4.234881470210894E-5,0.9708012725336653,-0.5956449792119497,74819.22133656703,75945.29675442893,294.8289138442978,0.48663068939240706,1.6698028406152686E-5,3.3900051933975035E-8,4.024628237918579E-4,-2.5246321158078897E-7,-1.0037523391467857,-4.2351676356133794E-5,1.6121517820185558E-11,4.8357623480818356E-8,6.45628716327882E-9,2.1495218422243335E-11,6.68748151263401E-11,8.157695059414893E-11,-3.7916254384990076E-7
6.825000000000001E-6,6.825000000000001E-6,3.9599253018799567,5.5E-8,-2741.5636698669305,-2775.624202462081,0.9699031368271533,-0.6391277340895294,74973.36746277416,76100.33236135235,294.8812201210143,0.4862096099083998,1.668245437118375E-5,3.3994562089566515E-8,4.3184306357400636E-4,-2.9115639250676394E-7,-1.1664651441888054,-4.5725487495928974E-5,0.9699066968905941,-0.6390309286503277,74972.75601201823,76099.71709913519,294.8810127078377,0.486211280167297,1.6682516104794746E-5,3.3994186789979236E-8,4.317776544934647E-4,-2.9106869490647115E-7,-1.1661019580121774,-4.57146315824275E-5,0.9699057929541904,-0.6390554354749144,74972.91126492014,76099.87331994022,294.8810653720993,0.48621085607243525,1.668250043000203E-5,3.399428208186004E-8,4.3179421315872596E-4,-2.910909131514927E-7,-1.1661940374710866,-4.571742761072528E-5,1.852174495901533E-11,4.8369810902007756E-8,6.438961830814855E-9,2.394137048776104E-11,6.689884729943969E-11,8.184312243117479E-11,-4.033090908686086E-7
6.8500000000000005E-6,6.8500000000000005E-6,3.9744305227659638,5.5E-8,-2746.283662070738,-2772.3187849419564,0.9689446375149577,-0.6824651833622387,75138.26417508791,76266.193131728,294.93708576192194,0.4857595710454154,1.6665833227924656E-5,3.409580331255552E-8,4.6112512389340454E-4,-3.31556644681541E-7,-1.3275133254201137,-5.31065722952917E-5,0.9689483385231565,-0.6823676643855837,75137.62689553498,76265.55189368284,294.93686996239416,0.4857613100591295,1.666589740711584E-5,3.4095411640153406E-8,4.6105923269296195E-4,-3.314627174688667E-7,-1.327123130910877,-5.3094285561883225E-5,0.9689473989430436,-0.6823922969993086,75137.78868150973,76265.71468509144,294.93692474765925,0.48576086857427775,1.6665881113855625E-5,3.409551107401516E-8,4.610758763508842E-4,-3.314864338221923E-7,-1.327221701016697,-5.3097449125516505E-5,2.1075975484696454E-11,4.8382857346597294E-8,6.42045362262111E-9,2.653215647489312E-11,6.692634834303095E-11,8.21309773475181E-11,-4.2860239031471E-7
6.875E-6,6.875E-6,3.988935743651971,5.5E-8,-2749.773530170848,-2768.167331253725,0.9679233322909157,-0.7257254489381719,75314.43509715515,76443.38354157082,294.9966618286573,0.48527929364427236,1.664812254729633E-5,3.4204111111327035E-8,4.903550330663324E-4,-3.750573547733893E-7,-1.5093562482486504,-5.773108368600788E-5,0.9679271752709115,-0.7256272085902059,75313.77157061224,76442.71591142773,294.99643755760866,0.4852811022796861,1.6648189190104596E-5,3.420370273041399E-8,4.902886544528418E-4,-3.749567994759673E-7,-1.5089346185898194,-5.7719505804243454E-5,0.9679261997293305,-0.725652160741475,75313.94000648397,76442.88538889229,294.99649448881013,0.4852806431581049,1.6648172272809083E-5,3.420380639742793E-8,4.903055140145101E-4,-3.749823190446477E-7,-1.509041753191923,-5.77224724622738E-5,2.378106456955832E-11,4.839676182547436E-8,6.400771596479612E-9,2.926252496219146E-11,6.695753965360823E-11,8.244037674184626E-11,-4.5585670590926384E-7
6.900000000000001E-6,6.900000000000001E-6,4.003440964537978,5.5E-8,-2752.0719639826325,-2762.943867016938,0.9668393363533102,-0.7689040523911423,75501.9325230964,76631.97279232752,295.05995110915296,0.48476868805656737,1.6629324242234444E-5,3.4319558012619775E-8,5.195297651291503E-4,-4.2059626679247233E-7,-1.6954360720337718,-6.458559791155949E-5,0.9668433216555626,-0.7688060453691447,75501.24244439843,76631.27845678337,295.05971831945004,0.4847705668845734,1.6629393354978624E-5,3.4319132644586336E-8,5.19463544168341E-4,-4.2049020237300284E-7,-1.694989357559507,-6.457350808375395E-5,0.9668423099497713,-0.7688309622363452,75501.41762658319,76631.45471958307,295.05977741519183,0.48477008992783727,1.6629375810070732E-5,3.431924062753807E-8,5.194803798894224E-4,-4.2051717471736086E-7,-1.6951027811971926,-6.457652726510332E-5,2.663366504271664E-11,4.841152338229772E-8,6.379925342083991E-9,3.2127187288130376E-11,6.69926396096138E-11,8.277114067456829E-11,-4.84418241194822E-7
6.925000000000001E-6,6.925000000000001E-6,4.017946185423985,5.5E-8,-2753.16421479706,-2756.2035807732445,0.9656927703687835,-0.8119979236738718,75700.84246648844,76832.03477646755,295.1269565921504,0.48422765820162017,1.6609440314744866E-5,3.4442221721088246E-8,5.48647245725589E-4,-4.689035078797588E-7,-1.8982483639440488,-6.984470074655746E-5,0.9656968976049314,-0.8119002352855921,75700.12563615892,76831.31353721693,295.12671527851427,0.4842296074661753,1.660951189094554E-5,3.4441779151889184E-8,5.485812400578325E-4,-4.6879218118078825E-7,-1.8977744012056519,-6.983321475217963E-5,0.9656958498430656,-0.811925031444683,75700.30761410495,76831.49663406303,295.12677653958275,0.48422911261683826,1.6609493720235657E-5,3.444189150412824E-8,5.485979942193804E-4,-4.6882042980200823E-7,-1.897895091667806,-6.983606327537473E-5,2.9630287112378454E-11,4.8427140953696695E-8,6.357924974438639E-9,3.512056111256248E-11,6.703186342090118E-11,8.312304997753168E-11,-5.147316598332039E-7
6.95E-6,6.95E-6,4.032451406309992,5.5E-8,-2753.021089524959,-2748.158115243426,0.9644837596701585,-0.8550037303504199,75911.23407615366,77043.64830134895,295.1976815786784,0.48365610142629184,1.6588472841899388E-5,3.457218529789795E-8,5.777052232097432E-4,-5.193623847787876E-7,-2.1085352401514683,-7.627571646651177E-5,0.9644880288773661,-0.8549056751625742,75910.4902090923,77042.8998723932,295.1974317097082,0.4836581215929779,1.658854688247087E-5,3.45717252537485E-8,5.776389697044421E-4,-5.192451601487847E-7,-2.108033356850001,-7.626421734130417E-5,0.964486945048693,-0.8549306052599155,75910.67905472162,77043.0898761368,295.197495144153,0.48365760873215674,1.6588528085704347E-5,3.4571842044945033E-8,5.776558143648077E-4,-5.19274958890037E-7,-2.108160785460086,-7.626718399933452E-5,3.2767261835950946E-11,4.8443613474435064E-8,6.334781123710323E-9,3.82368112471328E-11,6.707542298011068E-11,8.34958516071818E-11,-5.464397134065529E-7
6.975000000000001E-6,6.975000000000001E-6,4.046956627196,5.5E-8,-2751.6524944859675,-2739.087507248905,0.9632124354923399,-0.8979166687762058,76133.19745964013,77266.89686279117,295.2721295525254,0.4830539089188565,1.656642399716067E-5,3.4709537136754355E-8,6.067004518758147E-4,-5.723603432272739E-7,-2.3333341026705057,-8.170293489229152E-5,0.9632168472150199,-0.8978182176177099,76132.42616543754,77266.1208549248,295.27187106579476,0.48305600071501603,1.656650051182961E-5,3.470905927405391E-8,6.066339308227769E-4,-5.722370333671734E-7,-2.332800842478491,-8.169272219049617E-5,0.9632157272002868,-0.897843184657237,76132.62197496068,77266.31786106977,295.2719366883573,0.48305546966703694,1.656648108686591E-5,3.470918058940249E-8,6.066508004440791E-4,-5.722683110320759E-7,-2.3329362653144017,-8.169519004752601E-5,3.604069524389703E-11,4.846093978884387E-8,6.310504941110031E-9,4.146990210017905E-11,6.7123526662642E-11,8.388925846292034E-11,-5.797741175232818E-7
7.000000000000001E-6,7.000000000000001E-6,4.061461848082007,5.5E-8,-2749.0761776894983,-2728.839372651909,0.9618789360197829,-0.9407319360986103,76366.81505967084,77501.86852184952,295.35030415214396,0.48242096634588205,1.654329606844192E-5,3.485437095752643E-8,6.35629686553115E-4,-6.275259359256325E-7,-2.5674763657946187,-8.764564482532933E-5,0.9618834905341935,-0.940633499755792,76366.0159865511,77501.06457808454,295.3500369995491,0.4824231303943027,1.6543375062300245E-5,3.485387494570852E-8,6.355631755106702E-4,-6.273971764869657E-7,-2.5669149231462143,-8.763535336697714E-5,0.9618823344172059,-0.9406583122163119,76366.21882123369,77501.26865009479,295.3501048134148,0.48242258107420966,1.6543355010516604E-5,3.485400085237209E-8,6.355799406866972E-4,-6.274296427477566E-7,-2.5670564705735615,-8.763812313361541E-5,3.9446516862679503E-11,4.847911869976233E-8,6.285108102667231E-9,4.481355646950126E-11,6.717637912015396E-11,8.430294743007967E-11,-6.145034186257958E-7
7.0250000000000005E-6,7.0250000000000005E-6,4.075967068968014,5.5E-8,-2745.293060358056,-2717.361586677754,0.9604834060862784,-0.9834451734722912,76612.1830656371,77748.65596321602,295.4322091525299,0.48175715362568083,1.651909145278327E-5,3.500678595560566E-8,6.644899820758724E-4,-6.850525595325508E-7,-2.8149412101242888,-9.285037623385506E-5,0.9604881033877345,-0.9833467356886274,76611.35589283035,77747.82376150465,295.4319333011304,0.48175939043791527,1.6519172926066213E-5,3.500627147868634E-8,6.644234700598834E-4,-6.849184346435777E-7,-2.814351097323197,-9.284099053274986E-5,0.9604869111792493,-0.9833716814449238,76611.56583375919,77748.0349792388,295.43200331407434,0.4817588227206561,1.6519152247569043E-5,3.500640205565241E-8,6.644403253006242E-4,-6.849523917651368E-7,-2.8145004332434382,-9.284326146996591E-5,4.298049310369997E-11,4.849814892269337E-8,6.25860280180073E-9,4.8261248875182246E-11,6.723418111517022E-11,8.47365607173418E-11,-6.507580820466503E-7
7.05E-6,7.05E-6,4.090472289854021,5.5E-8,-2740.3058925955206,-2704.7379245542315,0.9590259974014138,-1.026051274600205,76869.39542759277,78007.35650318752,295.51784846719306,0.4810623451249944,1.649381266015886E-5,3.516688689793248E-8,6.932778882433818E-4,-7.447050489872708E-7,-3.0728616622243408,-9.813226726862467E-5,0.9590308375109833,-1.0259528055828069,76868.53981467529,78006.49570238365,295.5175638812558,0.4810646552466125,1.6493896613564467E-5,3.5166353620971205E-8,6.932113551235182E-4,-7.445656029858582E-7,-3.0722417224096716,-9.812410236520464E-5,0.9590296089158521,-1.0259780308304127,76868.75700034211,78006.7142037602,295.5176361193606,0.4810640688556902,1.649387530315009E-5,3.516648898498463E-8,6.932283992097383E-4,-7.446012986633833E-7,-3.072400243680704,-9.812607139281226E-5,4.663816597882672E-11,4.851802911066399E-8,6.2310017499036444E-9,5.1806276314072926E-11,6.729712931911776E-11,8.518970558806985E-11,-6.884042231593513E-7
7.075000000000001E-6,7.075000000000001E-6,4.104977510740028,5.5E-8,-2734.1126551757607,-2690.8276261286956,0.9575068693322496,-1.068544772903501,77138.55570578817,78278.07196759972,295.6072260784378,0.4803364099956785,1.6467462326905556E-5,3.533478416658796E-8,7.219897114212844E-4,-8.065633041098863E-7,-3.3434955932445973,-1.0275222365407899E-4,0.9575118521213614,-1.0684465101670888,77137.67132675476,78277.18223849918,295.60693272975385,0.48033879392256085,1.6467548758552867E-5,3.533423175460353E-8,7.219233176804654E-4,-8.064189279366474E-7,-3.342847241736308,-1.0274508264274118E-4,0.9575105870853455,-1.068471537368632,77137.8958537841,78277.408122798,295.6070072053231,0.48033818869031925,1.6467526815191626E-5,3.533437200050829E-8,7.219402279517783E-4,-8.064557475506717E-7,-3.3430128513766704,-1.0274698603041088E-4,5.0414878814984605E-11,4.8538757817721135E-8,6.2023181814638275E-9,5.544174220609407E-11,6.736541608257277E-11,8.566195246035598E-11,-7.27477291495913E-7
7.100000000000001E-6,7.100000000000001E-6,4.119482731626035,5.5E-8,-2726.701349529796,-2675.622942995423,0.9559261889211164,-1.1109205490973324,77419.76814792979,78560.90872719922,295.7003460407109,0.4795792122487925,1.6440043215898665E-5,3.5510593889833216E-8,7.506219926333327E-4,-8.704658689850931E-7,-3.625267927357754,-1.0712716732541594E-4,0.9559313142078607,-1.1108223383562803,77418.85466938303,78559.98973553552,295.70004390298493,0.47958167047287564,1.6440132122998257E-5,3.55100219970058E-8,7.505556340245137E-4,-8.70316555960926E-7,-3.624590229619571,-1.071213783774283E-4,0.9559300131321409,-1.1108470018008825,77419.08655639063,78560.22302429132,295.7001206018094,0.4795810464442238,1.644010955355609E-5,3.551016717328267E-8,7.505722985141098E-4,-8.703540798649101E-7,-3.6247600394881374,-1.0712280921154615E-4,5.430583005973158E-11,4.8560333514097684E-8,6.1725658467093074E-9,5.916050709076796E-11,6.743922925486465E-11,8.615283896890217E-11,-7.678876135792213E-7
7.125E-6,7.125E-6,4.133987952512042,5.5E-8,-2718.0785096144027,-2659.364865703969,0.9542841312043839,-1.1531727195385013,77713.14435662134,78855.97766165495,295.79721244410223,0.47879061090457653,1.641155822193999E-5,3.5694438048090166E-8,7.791707564449333E-4,-9.364264033706605E-7,-3.919474043777882,-1.1080171465494004E-4,0.954289399164205,-1.1530742138135304,77712.20136413471,78855.02899412112,295.79690146874015,0.47879314411115786,1.6411649607918787E-5,3.5693846271296446E-8,7.791041985226556E-4,-9.36271664073729E-7,-3.9187635582820803,-1.107978159780032E-4,0.9542880621720105,-1.1530990645331425,77712.44069053716,78855.26976182077,295.79698039321744,0.47879250119306416,1.641162641443628E-5,3.569399646123587E-8,7.791209895494206E-4,-9.363106448745384E-7,-3.918942883048885,-1.1079860358620408E-4,5.830601031511457E-11,4.85827545672511E-8,6.141759006193282E-9,6.295525730739032E-11,6.75187519938974E-11,8.666187553431629E-11,-8.0966190740322E-7
7.150000000000001E-6,7.150000000000001E-6,4.14849317339805,5.5E-8,-2708.2627775285723,-2641.998760073603,0.9525808804708455,-1.1952944034371673,78018.79806900669,79163.39396537101,295.8978293378597,0.47797046065487847,1.6382010393441577E-5,3.588644447864424E-8,8.076313536737617E-4,-1.0043193454123412E-6,-4.225252445013211,-1.1396674319996691E-4,0.9525862912916938,-1.195195923549445,78017.82513573224,79162.41519062703,295.8975094742193,0.47797306955808305,1.6382104261961972E-5,3.588583239485564E-8,8.075648132090844E-4,-1.0041596888754612E-6,-4.22451123507858,-1.1396457726675635E-4,0.9525849180031287,-1.1952211206716745,78018.072070066,79162.66360634993,295.8975906567835,0.47797240740979413,1.638208043774706E-5,3.588598774295466E-8,8.07581838291672E-4,-1.0042005023080947E-6,-4.224700549797944,-1.1396512860528674E-4,6.241016921731628E-11,4.860601923735263E-8,6.109912438230561E-9,6.681855151248014E-11,6.760416250507579E-11,8.718854179131246E-11,-8.527161932607043E-7
7.175000000000001E-6,7.175000000000001E-6,4.162998394284057,5.5E-8,-2697.251058119578,-2623.3114300841617,0.9508166306477235,-1.237279172890445,78336.84887559716,79483.27709541928,296.00220069214686,0.4771186120764061,1.6351402938972193E-5,3.608674698207578E-8,8.359994411421926E-4,-1.0741169253947192E-6,-4.543355536966146,-1.1632256692450937E-4,0.9508221839323575,-1.2371812176177337,78335.84566448799,79482.26787243017,296.00187192293714,0.4771212971304996,1.6351499283563122E-5,3.608611421583309E-8,8.359332551471174E-4,-1.0739533620096609E-6,-4.542585782781998,-1.1632237001890644E-4,0.9508207742461927,-1.2372062136453787,78336.1003266665,79482.52405952924,296.0019553799558,0.47712061553902524,1.635147482675274E-5,3.60862748404527E-8,8.359501443549857E-4,-1.0739951466121056E-6,-4.54278235389188,-1.1632239628056595E-4,6.661289678855311E-11,4.8630125659438466E-8,6.077041438712651E-9,7.07427538277405E-11,6.769563380734997E-11,8.773228096932277E-11,-8.970264711228267E-7
7.2000000000000005E-6,7.2000000000000005E-6,4.177503615170064,5.5E-8,-2685.0337168318265,-2603.416291989341,0.9489915849345915,-1.2791206873656331,78667.41948999702,79815.75086144931,296.1103304127591,0.47623491151769376,1.6319739220750426E-5,3.6295485519723754E-8,8.642707347065088E-4,-1.145712830066259E-6,-4.873330254611119,-1.1792816475519885E-4,0.948997280097262,-1.279023025191441,78666.38568138322,79814.71086888862,296.1099927307621,0.47623767310666665,1.6319838031688485E-5,3.629483169894233E-8,8.642047467509736E-4,-1.1455452593622794E-6,-4.872531948491087,-1.1793069823795577E-4,0.9489958344176963,-1.2790476557336923,78666.64810437012,79814.97486268665,296.1100784489679,0.47623697209786403,1.6319812949183554E-5,3.6294997665595457E-8,8.642213890092515E-4,-1.1455875426236162E-6,-4.872733528230583,-1.1792989751313598E-4,7.090861142317477E-11,4.8655071845171514E-8,6.043161812144597E-9,7.472005308836256E-11,6.779333354151687E-11,8.829250430484577E-11,-9.425513817183249E-7
7.225E-6,7.225E-6,4.192008836056071,5.5E-8,-2671.617961527972,-2582.419718762286,0.9471059567106307,-1.320811265166392,79010.63770269386,80160.9432772145,296.2222222729769,0.47531920158514096,1.6287022770221596E-5,3.651280627349642E-8,8.924400440313459E-4,-1.2190516363830283E-6,-5.2156195928496345,-1.185681250746029E-4,0.9471117936056501,-1.3207135076634193,79009.57287791123,80159.87209861648,296.2218756438069,0.4753220403271341,1.628712404543709E-5,3.651213095691615E-8,8.923739916644726E-4,-1.2188794555356708E-6,-5.214788244190913,-1.1857295575623539E-4,0.9471103121463421,-1.320738204775066,79009.84313785323,80160.14397235175,296.22196362142216,0.47532131983000997,1.6287098340828534E-5,3.651230235712639E-8,8.923906789020716E-4,-1.218922911050413E-6,-5.21499810512114,-1.1857191874753426E-4,7.52914814670755E-11,4.8680855665501334E-8,6.008289874111055E-9,7.874254848949605E-11,6.789742371088682E-11,8.886859737866701E-11,-9.892607543111403E-7
7.250000000000001E-6,7.250000000000001E-6,4.206514056942078,5.5E-8,-2657.006832618471,-2560.171828749019,0.9451599708298442,-1.36234274513803,79366.63458038511,80518.98633831623,296.33787982628724,0.4743713218477244,1.6253257310364044E-5,3.673886166283234E-8,9.205018548229933E-4,-1.2940305410324983E-6,-5.569982961969799,-1.1822386024107345E-4,0.9451659494465068,-1.3622450901450913,79365.53828547808,80517.88351655118,296.3375242063574,0.47437423844865745,1.6253361050149483E-5,3.673816437343137E-8,9.204358717196562E-4,-1.293854158745944E-6,-5.569119191504342,-1.1823165759494714E-4,0.9451644320298814,-1.3622699728983962,79365.81653205138,80518.16341913081,296.33761446512636,0.4743734981965907,1.6253334720235004E-5,3.673834134895477E-8,9.204526843908082E-4,-1.2938990755628766E-6,-5.569338971679372,-1.1822962294161243E-4,7.975548988208389E-11,4.870747483966688E-8,5.9724424545716685E-9,8.280219832793215E-11,6.800806040554525E-11,8.945991800341681E-11,-1.0370753178069079E-6
7.275000000000001E-6,7.275000000000001E-6,4.221019277828085,5.5E-8,-2641.1943954368194,-2536.6987832213413,0.9431538636336166,-1.4037074460278134,79735.54566107868,80890.01602523187,296.45730639016824,0.4733911089194917,1.621844675573759E-5,3.697381051270089E-8,9.484509770458199E-4,-1.370575530899032E-6,-5.936688596294971,-1.1672277840091283E-4,0.9431599836002378,-1.4036102034409144,79734.41749452012,80888.88115375556,296.45694175622043,0.47339410393129866,1.6218552954142526E-5,3.697309079487375E-8,9.483852725952124E-4,-1.370395734596741E-6,-5.935795217312034,-1.167333848997032E-4,0.9431584302008822,-1.4036349386778018,79734.7038500775,80889.16921055615,296.45703430918496,0.47339334372571795,1.6218525998354454E-5,3.6973273475391055E-8,9.484019855931093E-4,-1.3704414956805521E-6,-5.936022600759543,-1.1673085141694628E-4,8.429448723084888E-11,4.873492692793423E-8,5.935636887487357E-9,8.689078098689237E-11,6.812539360087493E-11,9.006579460434147E-11,-1.0859664628256136E-6
7.3E-6,7.3E-6,4.235524498714092,5.5E-8,-2624.1897046064914,-2512.1728853805093,0.9410878832222589,-1.4448968583949748,80117.51001404837,81274.17225776761,296.58050501663297,0.47237839668648274,1.6182595217019693E-5,3.721781819756735E-8,9.762816610776857E-4,-1.4485835959021643E-6,-6.31561907784976,-1.1399903524988986E-4,0.9410941439211111,-1.4448000582245462,80116.34960134249,81273.00496044471,296.5801313590561,0.4723814705614941,1.618270386384459E-5,3.7217075604212784E-8,9.762162555571258E-4,-1.448400682306783E-6,-6.314695738095907,-1.1401321226855998E-4,0.9410925548408937,-1.4448245197579639,80116.64413263343,81273.3012401044,296.5802262000236,0.4723806903585352,1.61826762872892E-5,3.721726408620105E-8,9.762327836202459E-4,-1.4484469012643331E-6,-6.31492916195657,-1.1400986490173182E-4,8.890208123979664E-11,4.876320932284027E-8,5.897891007686739E-9,9.1000016285717E-11,6.824956690924625E-11,9.068553084050214E-11,-1.135894504309555E-6
7.325000000000001E-6,7.325000000000001E-6,4.2500297196001,5.5E-8,-2606.0050179499317,-2486.487984214019,0.938962290883278,-1.4859013018333231,80512.67062830133,81671.59862622058,296.70747839045845,0.47133301710685305,1.61457070256108E-5,3.747105665253311E-8,0.0010039873661035967,-1.5279630216014085E-6,-6.706927212684377,-1.0989979486453194E-4,0.9389686916823583,-1.485804929649961,80511.47758302205,81670.39851473448,296.70709569955125,0.47133617031030745,1.6145818110428895E-5,3.7470290717732174E-8,0.0010039222497634872,-1.5277771487376413E-6,-6.70597373646433,-1.0991827747375282E-4,0.9389670671599868,-1.485829333104882,80511.7803752817,81670.70310103768,296.7071928262892,0.4713353700305097,1.614578991711154E-5,3.7470485110004635E-8,0.0010039387385843796,-1.5278241814087323E-6,-6.706215077335401,-1.0991330239562558E-4,9.357162145073466E-11,4.879231922660181E-8,5.859223160894325E-9,9.512159502871056E-11,6.838071723579704E-11,9.131840556101262E-11,-1.1867859564956507E-6
7.350000000000001E-6,7.350000000000001E-6,4.264534940486107,5.5E-8,-2586.632195158978,-2459.4883703214864,0.9367773617470952,-1.5267113512849078,80921.1737928238,82082.44225686902,296.8382287735255,0.4702548006563669,1.6107786744833455E-5,3.7733704475619956E-8,0.001031561723841154,-1.6086047088492707E-6,-7.110550286868147,-1.0433041262558618E-4,0.9367839021026688,-1.5266153028113645,80919.94769591176,82081.20891133326,296.8378370333964,0.47025803371684893,1.6107900258771065E-5,3.773291470169336E-8,0.0010314968262238949,-1.6084158923490578E-6,-7.109565230193539,-1.0435250511875438E-4,0.9367822421326931,-1.5266397747445692,80920.25888324283,82081.52193764572,296.83793645849903,0.4702572131555207,1.610787144845443E-5,3.773311514763237E-8,0.001031513361313898,-1.6084639820235225E-6,-7.109815980659732,-1.0434695245464809E-4,9.829633134867327E-11,4.882225364000791E-8,5.819652200454476E-9,9.924706459598957E-11,6.851897450637804E-11,9.196366788361422E-11,-1.2385673266424226E-6
7.3750000000000005E-6,7.3750000000000005E-6,4.279040161372114,5.5E-8,-2566.062309056953,-2431.3011801856146,0.9345333847368075,-1.5673174310849167,81343.16945758909,82506.85380174273,296.97275798901524,0.4691435764368322,1.606883916887602E-5,3.800594711820003E-8,0.0010589982642465654,-1.6904052158395188E-6,-7.526581676809883,-9.7143959678192E-5,0.9345400642571752,-1.5672215979424475,81341.90984651822,82505.58675811978,296.9723571737382,0.4691468899784976,1.6068955105720403E-5,3.800513296688205E-8,0.0010589335121232754,-1.6902134149177074E-6,-7.525563990657474,-9.717109287521453E-5,0.9345383688650389,-1.5672459694028655,81342.22955867821,82505.90835631317,296.97245890823854,0.4691460489404706,1.6068925678697332E-5,3.8005339612173886E-8,0.0010589499793262605,-1.6902622206771411E-6,-7.525822780317867,-9.716387310731989E-5,1.030692888375074E-10,4.8853009357152316E-8,5.7791974731712506E-9,1.033678619175161E-10,6.866446146611198E-11,9.262054114631686E-11,-1.2912056178835703E-6
7.4E-6,7.4E-6,4.293545382258121,5.5E-8,-2544.305197082402,-2402.0448697819916,0.9322306637637144,-1.6077084630761234,81778.81068828212,82944.98718684737,297.11106733077736,0.4679991729179978,1.602886934335407E-5,3.828797692870272E-8,0.0010862895020784618,-1.7732461799369048E-6,-7.954976141860925,-8.822579919609552E-5,0.932237481881909,-1.6076131897342671,81777.51712088719,82943.68599855123,297.1106574240252,0.4680025674983666,1.60289876938734E-5,3.828713786004374E-8,0.001086225128198829,-1.7730522637293688E-6,-7.953927807539003,-8.825719862670667E-5,0.9322357513529289,-1.6076372669471568,81777.84544214609,82944.01625522647,297.110761463591,0.46800170591225715,1.6028957654941512E-5,3.828735082455034E-8,0.0010862413965859168,-1.773101264603838E-6,-7.954192746067747,-8.824951941477366E-5,1.0788330907143617E-10,4.888458294991648E-8,5.737878819777257E-9,1.074754409172381E-10,6.881729337328735E-11,9.328823195104352E-11,-1.344636241189571E-6
7.425000000000001E-6,7.425000000000001E-6,4.308050603144129,5.5E-8,-2521.3717778587475,-2371.6351036541096,0.9298695192010173,-1.6478728058750518,82228.25356329599,83396.99929248102,297.25315745339,0.4668214188398735,1.5987882590702933E-5,3.8579993159540025E-8,0.001113427571537197,-1.8570086639613237E-6,-8.3957648952412,-7.743026252882146E-5,0.9298764748293546,-1.6477784755042735,82226.92568324808,83395.66359743792,297.2527384693578,0.46682489477603284,1.598800333664942E-5,3.8579128674905296E-8,0.0011133638348001847,-1.856813785536815E-6,-8.394689783211561,-7.746695207799803E-5,0.9298747095285778,-1.6478023399974253,82227.26268884078,83396.00258729448,297.25284480501284,0.46682401260589956,1.5987972691984956E-5,3.857934807403659E-8,0.0011133799594577197,-1.856863040643475E-6,-8.394961767495943,-7.74573301001169E-5,1.1273099287175701E-10,4.891697074564215E-8,5.695716581728713E-9,1.115612411145215E-10,6.897757763324856E-11,9.396592868191295E-11,-1.398769594672032E-6
7.450000000000001E-6,7.450000000000001E-6,4.322555824030136,5.5E-8,-2497.2619509877177,-2340.0229865409115,0.9274502880221422,-1.6877992091209173,82691.65694791377,83863.0498749134,297.3990283412432,0.4656101434756612,1.594588451239254E-5,3.8882202136279325E-8,0.0011404048710276467,-1.9415656693411167E-6,-8.848908150612715,-6.462709189491989E-5,0.9274573800530372,-1.687705472853446,82690.29438283136,83861.67930127154,297.39860029474477,0.46561370109157457,1.5946007635195057E-5,3.8881311717372776E-8,0.0011403415357117879,-1.941369458791087E-6,-8.847803790661601,-6.466926847537025E-5,0.9274555801538457,-1.6877293113547749,82690.64018856864,83862.02713918492,297.39870892919345,0.46561279820162865,1.5945976387641542E-5,3.888153769586976E-8,0.0011403576428072803,-1.9414193420175253E-6,-8.848084385135962,-6.465874074024214E-5,1.176048088710111E-10,4.8950168814355606E-8,5.6527315952832845E-9,1.1561662876952977E-10,6.914541351245927E-11,9.465279461106677E-11,-1.4535381280549961E-6
7.4750000000000004E-6,7.4750000000000004E-6,4.337061044916143,5.5E-8,-2471.9746041505814,-2307.244770216537,0.9249733242459771,-1.7274754441254514,83169.18245381046,84343.30141969296,297.548679257565,0.4643651770642459,1.5902880996467152E-5,3.919481739164064E-8,0.0011672131379226022,-2.026786852269424E-6,-9.31440095089647,-4.966763883373915E-5,0.9249805521081402,-1.7273818968388035,83167.78471081787,84341.89547772323,297.5482421304292,0.46436881697022914,1.5903006486888483E-5,3.91939004294117E-8,0.0011671499302964889,-2.0265885562764654E-6,-9.313261470437055,-4.9715788129844896E-5,0.9249787176768812,-1.727405673194616,83168.13945596048,84342.25230323424,297.5483530730419,0.464367893166073,1.590297463742493E-5,3.919413315176817E-8,0.0011671659954017675,-2.026638961325489E-6,-9.313551188218298,-4.97032782362794E-5,1.2249704080805417E-10,4.898417295634028E-8,5.6089451835044865E-9,1.1963296884028076E-10,6.932089186301111E-11,9.534797019067478E-11,-1.508880967583141E-6
7.500000000000001E-6,7.500000000000001E-6,4.35156626580215,5.5E-8,-2445.510404505872,-2273.2877797717906,0.9224390007457692,-1.7668877388550202,83660.99391652043,84837.91871672848,297.70210860964113,0.4630863519526469,1.5858878248761743E-5,3.951805962580464E-8,0.0011938430667939326,-2.1125309636715886E-6,-9.792173388071433,-3.241144601418E-5,0.9224463637940068,-1.76679488039063,83659.56051257445,84836.47691549207,297.70166238742814,0.4630900747404884,1.585900609630696E-5,3.9517115495149775E-8,0.0011937803245882636,-2.1123318269644645E-6,-9.791003947088939,-3.2465581156770895E-5,0.9224444950401169,-1.7668184302948087,83659.92430994374,84836.84284440648,297.70177563911597,0.46308912989483064,1.5858973648390105E-5,3.9517355114306E-8,0.0011937962366856815,-2.1123823189839185E-6,-9.79130043950704,-3.2451942360012254E-5,1.273997612685381E-10,4.901897868335043E-8,5.564379155999695E-9,1.236016656767823E-10,6.950409477941073E-11,9.605058000536964E-11,-1.5647076323307579E-6
7.525000000000001E-6,7.525000000000001E-6,4.366071486688157,5.5E-8,-2417.869723279591,-2238.1600637272577,0.9198477104144607,-1.8060222409480857,84167.25715432542,85347.06853877232,297.8593138502797,0.4617735034478805,1.581388281295376E-5,3.985215673938259E-8,0.0012202852979378957,-2.1986530991568998E-6,-10.282169590552712,-1.2705244309074715E-5,0.9198552072264966,-1.8059306598625473,84165.7877450405,85345.59052512108,297.85885856509276,0.4617773093332597,1.5814012993660115E-5,3.985118488987607E-8,0.0012202234188260456,-2.1984549196929494E-6,-10.280977125457412,-1.2765759102251195E-5,0.9198533045260099,-1.805953916097626,84166.16068032963,85345.96564412312,297.8589741167939,0.4617763433989252,1.5813979953633193E-5,3.985143154360704E-8,0.0012202391324983959,-2.198505219581648E-6,-10.281279845398785,-1.275019065616334E-5,1.3230488467059786E-10,4.905458120012619E-8,5.5190558065718045E-9,1.275141283255568E-10,6.96950952602824E-11,9.675973383045248E-11,-1.6209311839911848E-6
7.5500000000000006E-6,7.5500000000000006E-6,4.380576707574164,5.5E-8,-2389.0588908761,-2201.9365699463538,0.9171998662384574,-1.8448651078339366,84688.13979917973,85870.91951711243,298.0202914437678,0.46042647014522925,1.5767901571665627E-5,4.019734400234856E-8,0.0012465304782661734,-2.2850022652676215E-6,-10.784302901806313,9.600599284453892E-6,0.9172074952227798,-1.8447744557796457,84686.63405089952,85869.40495932226,298.01982713776056,0.4604303592711159,1.576803405865489E-5,4.019634388223312E-8,0.001246469226878139,-2.284804716907729E-6,-10.783083786576526,9.533035367326192E-6,0.9172055589952305,-1.844797426932224,84687.0162045969,85869.78934949976,298.0199449778281,0.46042937221980784,1.576800043361067E-5,4.01965977085205E-8,0.0012464847479271785,-2.2848547679643617E-6,-10.783392543949958,9.550034647531902E-6,1.3720415851114048E-10,4.909097538783238E-8,5.4729979075871584E-9,1.3136180275366446E-10,6.989395688756394E-11,9.747452530933513E-11,-1.6774748865530399E-6
7.575E-6,7.575E-6,4.395081928460171,5.5E-8,-2359.0883971132807,-2164.6141693192194,0.9144959023663081,-1.883401021330268,85223.81097776385,86409.6418064183,298.18503676977053,0.4590450947853231,1.5720941764845225E-5,4.055386409242359E-8,0.0012725682576555865,-2.371420240194766E-6,-11.2984706910147,3.466204488944413E-5,0.914503662509632,-1.883310832565995,85222.26842790347,86408.09024580398,298.1845634496776,0.4590490676024506,1.572107654130505E-5,4.0552835049903995E-8,0.001272507319301348,-2.3712223884331254E-6,-11.29721848055533,3.458690677859977E-5,0.9145016931041312,-1.8833336063481116,85222.65989921094,86408.48400513979,298.1846835707921,0.4590480593669448,1.572104233710735E-5,4.055309620192184E-8,0.0012725227069919672,-2.3712723002233816E-6,-11.297535018449025,3.4606203257681045E-5,1.4208913660957846E-10,4.912815578356104E-8,5.426228707944013E-9,1.351362213233436E-10,7.01007334662871E-11,9.819403367587939E-11,-1.7342439974560975E-6
7.600000000000001E-6,7.600000000000001E-6,4.409587149346179,5.5E-8,-2327.9601137383393,-2126.0975126068115,0.9117362761254342,-1.9216133280913654,85774.44073892527,86963.40653748612,298.353543967141,0.45762922563196357,1.5673011024621612E-5,4.0921966998046385E-8,0.0012983873838455172,-2.457739494445832E-6,-11.824526312564785,6.263536768358335E-5,0.911744166464762,-1.9215239929156451,85772.86091192819,86961.81749149392,298.35306163625347,0.45763328263154174,1.5673148074639756E-5,4.092090834793735E-8,0.0012983270222403007,-2.4575424431816374E-6,-11.823245289759143,6.25526291386791E-5,0.9117421640825775,-1.9215466866946271,85773.2618315785,86962.2207508097,298.35318404017676,0.45763225306541033,1.567311329457812E-5,4.092117700502286E-8,0.0012983423558747481,-2.457592451463597E-6,-11.82357026374325,6.257347457960805E-5,1.4695122279396827E-10,4.916611655963132E-8,5.378771930125073E-9,1.3882898057626644E-10,7.031546866101951E-11,9.891732579413387E-11,-1.7911348768049881E-6
7.625000000000001E-6,7.625000000000001E-6,4.424092370232186,5.5E-8,-2295.6676626506523,-2086.370306890803,0.9089214688181386,-1.9594856064582387,86340.08416359407,87532.38545478383,298.5258059277171,0.45617871694574813,1.5624117388926265E-5,4.13019101164868E-8,0.0013239767611204316,-2.5414348645824704E-6,-12.246750246420788,4.8645568973881836E-5,0.9089294877288442,-1.9593976614930886,86338.46674417355,87530.75856127469,298.52531462953,0.45618285829211896,1.5624256685125068E-5,4.130082123573461E-8,0.0013239173388466814,-2.5412411211789276E-6,-12.245485330495057,4.8569249443630724E-5,0.9089274525868264,-1.9594201402094258,86338.87723239484,87531.17145192817,298.5254393171802,0.4561818072529825,1.56242213327525E-5,4.130109758233429E-8,0.001323932527168531,-2.5412906938981905E-6,-12.24580836222276,4.858888721770427E-5,1.5178174059037283E-10,4.9204851587458236E-8,5.330651758831238E-9,1.4243170522495196E-10,7.053819633199084E-11,9.964345682499264E-11,-1.8464497859029662E-6
7.650000000000001E-6,7.650000000000001E-6,4.438597591118193,5.5E-8,-2262.212040429202,-2045.5380940450154,0.9060519864895239,-1.9970001957759933,86921.21563390792,88116.75071448162,298.7018138487443,0.4546934312787042,1.557426931490672E-5,4.169395807539298E-8,0.001349324456605401,-2.6285288734584358E-6,-12.868319898303298,1.1099987762008823E-4,0.90606013206452,-1.9969134988151258,86919.56024548864,88115.08565838824,298.70131364424446,0.4546976569992466,1.5574410825026606E-5,4.169283835459131E-8,0.0013492658775777877,-2.6283373915703125E-6,-12.867007939717041,1.1090608625607956E-4,0.9060580646789391,-1.9969354808957793,86919.98038727877,88115.50825416273,298.70144059821155,0.4546965844964326,1.5574374909090477E-5,4.169312254134828E-8,0.001349280730334986,-2.6283859938303066E-6,-12.86734061904599,1.1092960956915476E-4,1.5657172857287941E-10,4.924435404594914E-8,5.281892841938532E-9,1.4593625285564576E-10,7.076893841229133E-11,1.0037147105957607E-10,-1.9040220351583989E-6
7.675E-6,7.675E-6,4.4531028120042,5.5E-8,-2227.6067881686554,-2003.671750495233,0.9031283614574656,-2.034138507934421,87517.67604920139,88716.67407289828,298.8815578142139,0.45317323781377555,1.5523475704929685E-5,4.2098383099051765E-8,0.0013744179107665008,-2.7120678828396193E-6,-13.359334779428991,1.215311051083745E-4,0.9031366320883502,-2.0340527780277506,87515.98235081676,88714.97046863183,298.8810487461805,0.45317754809893,1.552361940192498E-5,4.209723186279009E-8,0.0013743599851538855,-2.711879138814766E-6,-13.358018271356286,1.2143686743470994E-4,0.9031345331174264,-2.0340743433641983,87516.41218194999,88715.40281619136,298.8811779402497,0.45317645421394226,1.552358293363288E-5,4.209752402664925E-8,0.001374374556327161,-2.7119265428154905E-6,-13.358349911324922,1.2146086331910055E-4,1.613121611510563E-10,4.928461711770385E-8,5.232520289743133E-9,1.4933454701320543E-10,7.100770583790782E-11,1.0110040336295279E-10,-1.9595488708169252E-6
7.7E-6,7.7E-6,4.467608032890207,5.5E-8,-2191.8632957025357,-1960.69824144574,0.9001511539540956,-2.0708806613448765,88129.88168565823,89332.32663116335,299.0650258278607,0.4516180170522268,1.5471745935485944E-5,4.251546439472688E-8,0.0013992436900978895,-2.796942438436645E-6,-13.965928773424366,1.762493398480558E-4,0.9001595480873241,-2.070796100230996,88128.14924049124,89330.58407155224,299.0645079359105,0.4516224121290069,1.547189179329065E-5,4.251428093339149E-8,0.0013991865542101324,-2.7967565364406256E-6,-13.964575775684125,1.7614104331187264E-4,0.9001574179218557,-2.0708175432989724,88128.58887606685,89331.02627443889,299.0646393601801,0.45162129680303686,1.5471854779198016E-5,4.2514581254391386E-8,0.001399201042769576,-2.796803605065179E-6,-13.964918517821843,1.7616841280343465E-4,1.659938833634577E-10,4.932563313755551E-8,5.18255966425923E-9,1.52618648191127E-10,7.125449822707126E-11,1.0182928217539451E-10,-2.0161132402607902E-6
7.725000000000001E-6,7.725000000000001E-6,4.482113253776215,5.5E-8,-2154.978908418747,-1916.5182934295633,0.8971209534050937,-2.1072062622439103,88757.81658573069,89963.8780201371,299.25220437663563,0.45002765924963634,1.541908987889576E-5,4.294548849606642E-8,0.0014237880150296692,-2.8791268907468747E-6,-14.50347233034313,2.036509094587302E-4,0.8971294691185098,-2.107123184290775,88756.04508634255,89962.0961650861,299.2516777233759,0.4500321391591526,1.5419237865065643E-5,4.294427212519372E-8,0.0014237318812775508,-2.878945608131289E-6,-14.502113618782005,2.0353868799816155E-4,0.8971273080103808,-2.107144408628092,88756.49465347796,89962.54835848178,299.2518113765032,0.4500310022583714,1.5419200309306877E-5,4.294458081019673E-8,0.0014237462220460081,-2.8789919822713726E-6,-14.502460197584469,2.0356729140758034E-4,1.7060762199614976E-10,4.936739426614022E-8,5.132036972926815E-9,1.5578078823820097E-10,7.150930307034327E-11,1.0255713327747413E-10,-2.0711700145039694E-6
7.75E-6,7.75E-6,4.496618474662221,5.5E-8,-2116.9481687255243,-1871.1859431018554,0.8940383793459555,-2.1430942044545143,89401.78502268711,90611.49610887979,299.44307781083376,0.4484020675586445,1.536551791947182E-5,4.338874889220069E-8,0.0014480366246314286,-2.961288097793613E-6,-15.109326541377868,2.573877675722258E-4,0.8940470144776166,-2.1430126280345974,89399.97415506137,90609.67466103994,299.442542474272,0.4484066322194568,1.536566799742121E-5,4.338749893600068E-8,0.001447981505428782,-2.961111553929641E-6,-15.107943817330124,2.572634562802989E-4,0.8940448229635494,-2.1430333308364453,89400.43373253739,90610.13692324323,299.44267833724064,0.44840547375790374,1.5365629909073283E-5,4.3387816158543536E-8,0.001447995493808409,-2.9611564066556185E-6,-15.108295147201716,2.5729482945635596E-4,1.7514400934533264E-10,4.9409891941682743E-8,5.0809786617394986E-9,1.5881335909128408E-10,7.177209559205893E-11,1.0328297970859392E-10,-2.1264152816118152E-6
7.775000000000001E-6,7.775000000000001E-6,4.511123695548229,5.5E-8,-2077.7800714761133,-1824.83691384584,0.8909040830116687,-2.178521889995873,90061.8478884394,91275.3461762741,299.63762858247594,0.44674115794802205,1.5311040980847008E-5,4.3845546098303416E-8,0.0014719742499972115,-3.041048657621559E-6,-15.6800563120064,2.97603665636359E-4,0.8909128354034415,-2.1784417863561383,90059.9973648253,91273.484831395,299.6370846410494,0.4467458072822525,1.531119311408163E-5,4.384426185525324E-8,0.0014719201259163095,-3.040877454338897E-6,-15.678664363058942,2.974730140721249E-4,0.8909106142039609,-2.178462011841295,90060.46698866702,91273.95720320377,299.6372226832453,0.4467446273709615,1.5311154505409842E-5,4.384458776840496E-8,0.0014719337917846588,-3.0409206111414734E-6,-15.679015866506234,2.9750611999546095E-4,1.7959356671423044E-10,4.945311724889055E-8,5.0294116088132765E-9,1.617089790354264E-10,7.204283822598781E-11,1.0400583871507178E-10,-2.180356463050562E-6
7.8E-6,7.8E-6,4.525628916434235,5.5E-8,-2037.4915131040957,-1777.4642106525203,0.8877187493601022,-2.2134654143635877,90738.24271566124,91955.59022292467,299.8358367767568,0.44504486211877425,1.5255670561297999E-5,4.431618720548183E-8,0.0014955847394348565,-3.1198103302187973E-6,-16.292136722085388,3.5428828975980764E-4,0.8877276167709831,-2.213386925904384,90736.3522368073,91953.68868894476,299.8352843148524,0.445049596004459,1.525582471190859E-5,4.431486796075684E-8,0.0014955317066921514,-3.1196449889137058E-6,-16.290726687505867,3.5414629659413777E-4,0.88772536645696,-2.213406842598468,90736.83198601767,91954.17124374626,299.8354245146909,0.44504839467585455,1.5255785592571207E-5,4.4315202745309824E-8,0.0014955451639178836,-3.1196869025507113E-6,-16.29108439974084,3.5418240856799343E-4,1.8394670836197885E-10,4.9497060593554985E-8,4.977363120367069E-9,1.6446051041924245E-10,7.232148026560704E-11,1.0472472372666535E-10,-2.2338782628358894E-6
7.825E-6,7.825E-6,4.540134137320243,5.5E-8,-1996.0877187206625,-1728.9463479737317,0.8844830985864667,-2.2479000907307185,91431.0683713779,92652.38613987563,300.0376801794906,0.4433131281872846,1.5199418759941404E-5,4.4800985786598474E-8,0.001518851412655891,-3.196121856205991E-6,-16.887474560695637,4.052505906813053E-4,0.884492078589421,-2.247823335007219,91429.13769417214,92650.4441604876,300.03711929401084,0.44331794640119476,1.5199574886809923E-5,4.479963082787784E-8,0.0015187995506805536,-3.1959633170686175E-6,-16.886058156508625,4.0510024884099494E-4,0.8844897996827545,-2.247842844561324,91429.62764916412,92650.93698339054,300.037261632753,0.4433167236618763,1.5199535265607325E-5,4.4799974678473486E-8,0.0015188127328117052,-3.1960036507427957E-6,-16.886417888770666,4.0513861863189504E-4,1.8819379426773632E-10,4.954171189814253E-8,4.9248609238864836E-9,1.6706104069154762E-10,7.260795741996022E-11,1.0543865189572507E-10,-2.286067200331224E-6
7.850000000000001E-6,7.850000000000001E-6,4.55463935820625,5.5E-8,-1953.5640966324652,-1679.2779328419158,0.8811978874213342,-2.281800236951352,92140.51944625315,93365.88703654743,300.24313397438726,0.44154592282431904,1.5142298299447438E-5,4.530026155421388E-8,0.0015417569168590217,-3.2706674637950074E-6,-17.508466419435535,4.672610676816902E-4,0.8812069774778976,-2.28172524904481,92138.54833182228,93363.90437697174,300.2425647703282,0.4415508250787579,1.5142456359542993E-5,4.529887016151451E-8,0.0015417062493546013,-3.2705161379453784E-6,-17.5070381665721,4.67100198102699E-4,0.8812046706473978,-2.281744241715731,92139.04854645465,93364.40752227322,300.2427092197999,0.44154958101495534,1.5142416247823222E-5,4.529922325716815E-8,0.0015417190822403588,-3.270554440035767E-6,-17.507399797372045,4.671410751218019E-4,1.923251695392148E-10,4.9587060409019933E-8,4.871933156571743E-9,1.6950387080991353E-10,7.290219147987352E-11,1.0614664794282175E-10,-2.3373570272723778E-6
7.875E-6,7.875E-6,4.569144579092257,5.5E-8,-1909.9251649868359,-1628.581783118005,0.8778639109375642,-2.3151386726694176,92866.70961683728,94096.24029591608,300.452170691249,0.43974323259712084,1.5084322557461105E-5,4.581434008207874E-8,0.0015642828869387958,-3.3425146079935077E-6,-18.122301577669987,5.279805974893748E-4,0.877873108363796,-2.3150656153062097,92864.69787044673,94094.21675201856,300.4515932839789,0.4397482185189533,1.5084482505247183E-5,4.581291153372857E-8,0.001564233523855547,-3.3423713912839047E-6,-18.12086963961724,5.278104734820488E-4,0.8778707743213777,-2.3150841417487493,92865.20838903663,94094.73026471997,300.45173981296284,0.43974695324205254,1.5084441915101878E-5,4.581327405277791E-8,0.001564246041722128,-3.3424076760013577E-6,-18.121232753991535,5.278535033053089E-4,1.9633113011025361E-10,4.963309479560067E-8,4.8186083553994025E-9,1.71782592996108E-10,7.320408992942424E-11,1.0684774113634212E-10,-2.387178687313686E-6
7.9E-6,7.9E-6,4.583649799978264,5.5E-8,-1865.187177368726,-1576.907671157403,0.8744820046189281,-2.3478868545360028,93609.8019802414,94843.58660910834,300.6647599202108,0.43790506636611937,1.5025505602764545E-5,4.6343552295885864E-8,0.0015864100368486506,-3.4119357880513235E-6,-18.75225724871416,5.967908891282292E-4,0.8744913064684223,-2.3478159298239687,93607.74945872778,94841.52203533208,300.6641744430524,0.4379101354297993,1.5025667388163076E-5,4.6342085888139426E-8,0.0015863621147459248,-3.4118016343143156E-6,-18.750823110112606,5.966105130479349E-4,0.8744889459169383,-2.347833955583966,93608.27032748949,94842.04596218935,300.6643230205262,0.43790884904891025,1.502562633152053E-5,4.63424580160779E-8,0.0015863742943134904,-3.4118357373813525E-6,-18.751187461264635,5.966563126360569E-4,2.0020191340230193E-10,4.96798030226352E-8,4.764915451979559E-9,1.7389114026795466E-10,7.351354551993818E-11,1.0754096285565211E-10,-2.435697079842719E-6
7.925000000000001E-6,7.925000000000001E-6,4.598155020864272,5.5E-8,-1819.3621028375655,-1524.1787585706365,0.8710530461513987,-2.380015135348718,94369.90991790849,95608.05894864706,300.8808682006996,0.43603145697310547,1.4965862226571018E-5,4.6888234052479426E-8,0.0016081183346950796,-3.478288329716861E-6,-19.379584391015214,6.668373233438274E-4,0.8710624493447946,-2.379946326957617,94367.81651247217,95605.95323206892,300.88027479704476,0.43603660856718995,1.496602579721285E-5,4.6886729081171126E-8,0.0016080718425389303,-3.4781636999525747E-6,-19.378151418969537,6.666474040404324E-4,0.871060063074375,-2.379963763596579,94368.3477553496,95606.48759983791,300.88042538608096,0.4360353012421916,1.4965984287513748E-5,4.688711099534711E-8,0.0016080836240517425,-3.4781952756191005E-6,-19.378514374441693,6.6669560584387E-4,2.0392776528206715E-10,4.972717238966841E-8,4.71088376528332E-9,1.7582375563589178E-10,7.383043585164983E-11,1.0822535040426582E-10,-2.4825068073109384E-6
7.95E-6,7.95E-6,4.6126602417502784,5.5E-8,-1772.45096670011,-1470.3434312586037,0.8675779571567442,-2.411492586712721,95147.16938901258,96389.78154963878,301.1004587904095,0.434122463440112,1.4905407972956176E-5,4.7448725587372667E-8,0.0016293868829140006,-3.541610474968593E-6,-20.016814987636508,7.433659023678985E-4,0.8675874586344074,-2.4114258789313796,95145.03498699343,96387.63457758381,301.09985760425764,0.43412769694798475,1.4905573276835984E-5,4.744718132449632E-8,0.00162934181008877,-3.541495672578776E-6,-20.01538237729369,7.431657441197004E-4,0.8675850474668714,-2.4114427696663805,95145.57662345991,96388.17940461314,301.10001016544055,0.4341263688603625,1.4905531328067151E-5,4.7447573202280205E-8,0.0016293532227475544,-3.5415246698278226E-6,-20.015745202952758,7.432161643610158E-4,2.0749900188798321E-10,4.9775189449476E-8,4.656542987896953E-9,1.77574964105856E-10,7.415462303567908E-11,1.0889995382034001E-10,-2.5276323125144146E-6
7.975E-6,7.975E-6,4.627165462636286,5.5E-8,-1724.456215311389,-1415.4746578506515,0.8640577052595889,-2.4422867101821293,95941.68296191291,97188.86871975499,301.3234915005235,0.43217817307326223,1.4844159175099322E-5,4.802537089963425E-8,0.0016501937230960332,-3.6014210591872597E-6,-20.65297778466538,8.225645225827805E-4,0.864067301752814,-2.4422224046541605,95939.50751217644,97186.68043293616,301.32288269107363,0.4321834877448152,1.4844326156594504E-5,4.8023786631088566E-8,0.0016501502734149734,-3.601317269072979E-6,-20.651553148061566,8.223542435317199E-4,0.8640648664902556,-2.442238737284342,95940.05956192236,97187.23574032426,301.3230371857251,0.4321821390699504,1.4844283782394657E-5,4.8024188657992426E-8,0.001650161308975907,-3.601343630350584E-6,-20.65191461263089,8.224078404701629E-4,2.1090598042143814E-10,4.982384001963886E-8,4.601923172618076E-9,1.7913964160640252E-10,7.448595335323033E-11,1.0956383899013068E-10,-2.5707885793339904E-6
8.000000000000001E-6,8.000000000000001E-6,4.641670683522293,5.5E-8,-1675.3920647879766,-1359.6678912562652,0.8604933062861395,-2.472363540149294,96753.5594857716,98005.42358427259,301.5499224514838,0.43019870398159893,1.4782132993939829E-5,4.8618516990908784E-8,0.0016705159055062796,-3.6576234813878728E-6,-21.294518575154825,9.07353304846481E-4,0.8605029941079706,-2.4723019185734376,96751.34303892845,98003.19402790602,301.5493062067231,0.43020409881233407,1.4782301590167723E-5,4.86168920540277E-8,0.0016704742693063768,-3.657531974425865E-6,-21.293107373288194,9.071337582380323E-4,0.8605005356618094,-2.472317553579566,96751.90549382675,98003.7598096918,301.5494625886743,0.43020272979180624,1.478225880607321E-5,4.861730440218049E-8,0.0016704848334997068,-3.6575551796147465E-6,-21.293465329797755,9.071891141747557E-4,2.1413907939714703E-10,4.987310911701236E-8,4.547054724577404E-9,1.8051308161819053E-10,7.482425685402284E-11,1.1021608552692224E-10,-2.6119093446469006E-6
