% Model,pressure_envelope_c5_configured.mph
% Version,COMSOL 6.4.0.429
% Date,"Oct 8 2026, 22:14"
% Table,Table 5 - 
% Time (s),t (s),t/tauc5 (1),E0c5 (J),c5.pdet*DP (Pa),c5.idc5(c5.pAc)/c5.idc5(1) (J/m^3),c5.r1 (1),c5.U1 (m/s),c5.pLP1 (Pa),c5.pVP1 (Pa),c5.Temp1 (K),c5.fv1 (1),c5.Rg1 (m),c5.R1-c5.Rg1 (m),abs(c5.U1)/cL (1),(c5.Sspec1-S0c5)/(100[J/(kg*K)]) (1),c5.pVP1-c5.pLP1-2*sigIc5/c5.Rg1 (N/m^2),c5.gLP1-c5.gVP1 (J/kg),c5.r2 (1),c5.U2 (m/s),c5.pLP2 (Pa),c5.pVP2 (Pa),c5.Temp2 (K),c5.fv2 (1),c5.Rg2 (m),c5.R2-c5.Rg2 (m),abs(c5.U2)/cL (1),(c5.Sspec2-S0c5)/(100[J/(kg*K)]) (1),c5.pVP2-c5.pLP2-2*sigIc5/c5.Rg2 (N/m^2),c5.gLP2-c5.gVP2 (J/kg),c5.r3 (1),c5.U3 (m/s),c5.pLP3 (Pa),c5.pVP3 (Pa),c5.Temp3 (K),c5.fv3 (1),c5.Rg3 (m),c5.R3-c5.Rg3 (m),abs(c5.U3)/cL (1),(c5.Sspec3-S0c5)/(100[J/(kg*K)]) (1),c5.pVP3-c5.pLP3-2*sigIc5/c5.Rg3 (N/m^2),c5.gLP3-c5.gVP3 (J/kg),c5.r4 (1),c5.U4 (m/s),c5.pLP4 (Pa),c5.pVP4 (Pa),c5.Temp4 (K),c5.fv4 (1),c5.Rg4 (m),c5.R4-c5.Rg4 (m),abs(c5.U4)/cL (1),(c5.Sspec4-S0c5)/(100[J/(kg*K)]) (1),c5.pVP4-c5.pLP4-2*sigIc5/c5.Rg4 (N/m^2),c5.gLP4-c5.gVP4 (J/kg),c5.r5 (1),c5.U5 (m/s),c5.pLP5 (Pa),c5.pVP5 (Pa),c5.Temp5 (K),c5.fv5 (1),c5.Rg5 (m),c5.R5-c5.Rg5 (m),abs(c5.U5)/cL (1),(c5.Sspec5-S0c5)/(100[J/(kg*K)]) (1),c5.pVP5-c5.pLP5-2*sigIc5/c5.Rg5 (N/m^2),c5.gLP5-c5.gVP5 (J/kg),c5.En (J),c5.Ei (N*m),c5.Ep (N*m),c5.Ea (J),E0c5*c5.ediss (J),E0c5*c5.erout (J),(c5.En+c5.Ei+c5.Ep+c5.Ea+E0c5*(c5.ediss+c5.erout)-E0c5)/E0c5 (1)
0,0,0,5.5E-8,-2.2022050566816186E-27,-1.0514756670211857E-20,0.9999999999999993,-2.5909475808128724E-7,69800.63755990814,71098.63213711364,293.1499999999872,0.5000000000001371,1.4499290158905854E-5,2.613038467135805E-8,1.7506402573059947E-10,-2.842170943040401E-16,-2.83480403595604E-8,7.87565568316495E-11,0.9999999999999993,-2.590947580826551E-7,69800.63755990814,71098.63213711364,293.1499999999872,0.5000000000001371,1.4499290158905854E-5,2.613038467135805E-8,1.7506402573152372E-10,-2.842170943040401E-16,-2.83480403595604E-8,7.87565568316495E-11,0.9999999999999993,-2.590947580812491E-7,69800.63755990814,71098.63213711364,293.1499999999872,0.5000000000001371,1.4499290158905854E-5,2.613038467135805E-8,1.7506402573057373E-10,-2.842170943040401E-16,-2.83480403595604E-8,7.87565568316495E-11,0.9999999999999993,-2.590947580803718E-7,69800.63755990814,71098.63213711364,293.1499999999872,0.5000000000001371,1.4499290158905854E-5,2.613038467135805E-8,1.7506402572998095E-10,-2.842170943040401E-16,-2.83480403595604E-8,7.87565568316495E-11,0.9999999999999993,-2.590947580806738E-7,69800.63755990814,71098.63213711364,293.1499999999872,0.5000000000001371,1.4499290158905854E-5,2.613038467135805E-8,1.7506402573018498E-10,-2.842170943040401E-16,-2.83480403595604E-8,7.87565568316495E-11,3.2316422345125544E-24,4.7865469393169936E-8,7.134530606828519E-9,5.728194075251987E-34,4.595016763378614E-33,9.284330581097877E-61,-2.815422012180487E-14
2.5000000000000002E-8,2.5000000000000002E-8,0.01721120564117118,5.5E-8,-3.7649067835441725E-8,-5.095218436794271E-7,0.9999208490710224,-0.09256284352054892,69813.18577810226,71111.26966212512,293.15449461899885,0.4999645839183241,1.4498134220665285E-5,2.613662238212168E-8,6.254246183820872E-5,-3.852514396385231E-9,-0.014182497611045619,-8.903681418814813E-7,0.9999208487110895,-0.0925632552394643,69813.18583509875,71111.26971959874,293.15449463943827,0.4999645837572586,1.4498134215408741E-5,2.6136622410490506E-8,6.254274002666507E-5,-3.85254793400236E-9,-0.014182491130441122,-8.904075343707518E-7,0.9999208492989271,-0.09256258282569231,69813.18574178057,71111.26962573314,293.15449460605726,0.4999645840203048,1.449813422399366E-5,2.6136622364157804E-8,6.254228569303535E-5,-3.85249151690914E-9,-0.01418226990358562,-8.903156469841633E-7,0.9999208492862719,-0.0925625973017473,69813.18574365489,71111.26962775346,293.15449460677615,0.49996458401463795,1.4498134223808843E-5,2.6136622365153915E-8,6.254229547415358E-5,-3.8524963485997434E-9,-0.014182140452021486,-8.901975263597706E-7,0.9999208490400497,-0.09256287894939828,69813.18578271124,71111.26966706995,293.1544946207581,0.4999645839044573,1.4498134220212954E-5,2.6136622384562828E-8,6.254248577662047E-5,-3.852524343983532E-9,-0.014182202267193134,-8.902368904273317E-7,4.123922833498739E-13,4.786653313021016E-8,7.132893279357046E-9,1.6309655592172894E-13,2.2692559540755535E-16,4.2809928566021575E-34,3.864240129260959E-8
5.0000000000000004E-8,5.0000000000000004E-8,0.03442241128234236,5.5E-8,-1.0875081413168189E-6,-1.380020858087345E-5,0.9997076803957562,-0.15529370373508955,69847.03325387351,71145.31776869339,293.16660083030723,0.49986917792321656,1.4495021046909052E-5,2.6153431483395785E-8,1.0492817819938484E-4,-2.5066182303135065E-8,-0.09235121531423829,-5.768070280964821E-6,0.9997076801571774,-0.15529317607569504,69847.03329157244,71145.31780681225,293.16660084385967,0.4998691778164269,1.4495021043424774E-5,2.6153431502216857E-8,1.0492782167276692E-4,-2.5066128870321336E-8,-0.09235110749045816,-5.7676633389291965E-6,0.9997076827370655,-0.15529153247256489,69847.0328809373,71145.31739463368,293.16660069733325,0.49986917897132027,1.4495021081102253E-5,2.6153431298696862E-8,1.0492671113011141E-4,-2.506564612758666E-8,-0.09234927600255105,-5.7678471137023735E-6,0.9997076827989905,-0.155291433489916,69847.03287128052,71145.31738474095,293.1666006938161,0.49986917899904715,1.4495021082006627E-5,2.6153431293811176E-8,1.0492664424994325E-4,-2.506561870063706E-8,-0.09234943093906622,-5.767939029510671E-6,0.9997076817306931,-0.1552921078423871,69847.03304128507,71145.31755541918,293.1666007544905,0.49986917852082574,1.4495021066404883E-5,2.6153431378085872E-8,1.0492709989350478E-4,-2.506581580519196E-8,-0.09235015476861008,-5.767886506191644E-6,1.1602521859311733E-12,4.786939771959343E-8,7.128484909281005E-9,9.563211814731116E-13,1.6082058545383114E-15,3.9761709501123263E-32,1.4735412757693555E-8
7.500000000000001E-8,7.500000000000001E-8,0.05163361692351354,5.5E-8,-1.58096956966968E-5,-1.8830524317580205E-4,0.9993853538612627,-0.21916066525909247,69898.20558820579,71196.83759906796,293.18491072353555,0.49972485811910766,1.4490313675131115E-5,2.617887479546143E-8,1.480815305804679E-4,-4.514948244604966E-8,-0.16665022545225838,-1.0296414359345363E-5,0.9993853519773659,-0.21916303007839033,69898.20588952568,71196.83790029856,293.1849108305557,0.499724857275304,1.4490313647617915E-5,2.617887494426818E-8,1.4808312843134482E-4,-4.515017380413156E-8,-0.1666527808115461,-1.0296847534618792E-5,0.9993853612065154,-0.21915700185687254,69898.20441752789,71196.83642455318,293.1849103062465,0.49972486140891664,1.4490313782404184E-5,2.6178874215277743E-8,1.4807905530869766E-4,-4.5147895662012164E-8,-0.16664444720572646,-1.0296230556150476E-5,0.9993853605956367,-0.2191578643978172,69898.20451532114,71196.8365222282,293.1849103409493,0.49972486113527936,1.4490313773482659E-5,2.6178874263531516E-8,1.4807963810663325E-4,-4.514818272127741E-8,-0.16664536509597383,-1.0295941791582663E-5,0.9993853572599892,-0.21915981043009586,69898.20504715081,71196.8370556022,293.1849105304486,0.49972485964130414,1.4490313724767505E-5,2.6178874527004503E-8,1.4808095299330803E-4,-4.5148937317662785E-8,-0.1666481872202894,-1.0296243715401943E-5,2.3093678473204424E-12,4.787372988942769E-8,7.12182258347E-9,2.1326920108152175E-12,4.825627934383229E-15,1.3224376966916295E-30,-1.166574971561057E-8
1.0000000000000001E-7,1.0000000000000001E-7,0.06884482256468472,5.5E-8,-1.5494201019035744E-4,-0.0017353669634808811,0.9989524194995414,-0.28396426579448913,69967.04144750244,71266.1052921677,293.2095115693241,0.4995308974231902,1.4483990896219012E-5,2.6213100035797667E-8,1.918677471584386E-4,-8.159683758890424E-8,-0.30178838777487726,-1.8416278408039943E-5,0.9989524167234468,-0.2839630815161111,69967.04188834006,71266.10573659104,293.2095117271062,0.4995308961790741,1.4483990855675422E-5,2.621310025544517E-8,1.9186694697034533E-4,-8.159679524055718E-8,-0.3017884392365886,-1.8415832101936758E-5,0.9989524351123291,-0.2839583452488263,69967.03895696424,71266.1027928124,293.20951068201833,0.4995309044206269,1.4483991124236639E-5,2.621309880047804E-8,1.918637467897475E-4,-8.159360589843345E-8,-0.3017767493140582,-1.841535953417406E-5,0.998952433003167,-0.2839592485245413,69967.03929369073,71266.10313045171,293.2095108018832,0.4995309034753097,1.4483991093433292E-5,2.6213098967358778E-8,1.9186435711117655E-4,-8.159419806474943E-8,-0.3017785998695217,-1.8415661457993338E-5,0.9989524249289121,-0.2839628114083057,69967.04058318844,71266.104423002,293.20951126075414,0.499530899856494,1.4483990975512487E-5,2.6213099606216438E-8,1.9186676446507141E-4,-8.159616157854543E-8,-0.3017861260159407,-1.841608150243701E-5,3.873595209859079E-12,4.787954893179239E-8,7.112880588912112E-9,3.6819572880398976E-12,1.0593137395463105E-14,2.851142066944594E-29,-7.879382186004771E-8
1.2500000000000002E-7,1.2500000000000002E-7,0.0860560282058559,5.5E-8,-0.001162813671809399,-0.012296040663445805,0.9984091127571906,-0.34737596493829337,70053.51432495203,71353.14407442414,293.24039723449016,0.4992873020383006,1.4476056104024226E-5,2.6256133313776658E-8,2.347134898231712E-4,-1.2080473098308177E-7,-0.448107698409558,-2.685706778038366E-5,0.9984091029120719,-0.3473850642182308,70053.51590787756,71353.14565265346,293.24039779422174,0.49928729762164076,1.4476055960239077E-5,2.6256134094436104E-8,2.3471963798529108E-4,-1.2080954562065926E-7,-0.44812530779631743,-2.6858288549647114E-5,0.9984091337849446,-0.34737545845377354,70053.51097686488,71353.1407033188,293.24039603882835,0.49928731147022626,1.4476056411128506E-5,2.625613164646684E-8,2.3471314760390105E-4,-1.2080355205057458E-7,-0.4481031359202916,-2.6857028387894388E-5,0.9984091265926156,-0.3473803850176223,70053.51213165105,71353.14185630355,293.2403964477488,0.4992873082437218,1.4476056306086599E-5,2.6256132216770736E-8,2.3471647636325832E-4,-1.2080653746693315E-7,-0.44811437102293894,-2.6857251555156836E-5,0.9984091214156535,-0.34737364322689473,70053.51294202509,71353.14268635551,293.24039674218085,0.49928730592220155,1.4476056230478586E-5,2.6256132627232737E-8,2.347119210992532E-4,-1.2080307087103393E-7,-0.4481014833761492,-2.6856477035153148E-5,5.790644190992637E-12,4.7886852698628477E-8,7.101669426256154E-9,5.662758554028623E-12,1.9681711522172516E-14,5.069841453979655E-28,-8.710288780988278E-8
1.5000000000000002E-7,1.5000000000000002E-7,0.10326723384702707,5.5E-8,-0.007212674097047199,-0.07246731778567601,0.9977581564072382,-0.4090845163556428,70157.29631170041,71457.59255408727,293.2774214680357,0.49899516588087545,1.4466549007945386E-5,2.6307814654046483E-8,2.7640845699705593E-4,-1.709311348463416E-7,-0.6359972000379912,-3.73982060182243E-5,0.9977581376823301,-0.40908618325214724,70157.29930732817,71457.59556109406,293.27742253330996,0.49899515747287576,1.4466548734469674E-5,2.630781614259508E-8,2.7640958327847785E-4,-1.7093461593731263E-7,-0.6360104138375391,-3.7398612960259925E-5,0.997758180026392,-0.40908220100515197,70157.29254557435,71457.58876103687,293.2774201242703,0.4989951764860174,1.4466549352901128E-5,2.6307812776447183E-8,2.7640689257104863E-4,-1.7092994269773954E-7,-0.6359931035767659,-3.7397720348053554E-5,0.9977581686220937,-0.4090823513289392,70157.2943657839,71457.59059246443,293.27742077308585,0.498995171365342,1.4466549186342314E-5,2.630781368303163E-8,2.764069941411751E-4,-1.7093104645482526E-7,-0.6359968636845679,-3.739849481121382E-5,0.9977581739331309,-0.4090766217206078,70157.29349793344,71457.58973969755,293.2774204710207,0.498995173750897,1.4466549263909602E-5,2.6307813260794175E-8,2.764031227841945E-4,-1.709251945669621E-7,-0.6359748047134417,-3.7397155892904266E-5,8.020029314430878E-12,4.7895604910925424E-8,7.088252404944484E-9,8.08067058201277E-12,3.271093545079953E-14,7.885017685684447E-27,-1.6860542189389342E-7
1.7500000000000002E-7,1.7500000000000002E-7,0.12047843948819825,5.5E-8,-0.03884468354419576,-0.3732838947111626,0.9970036023373532,-0.4677655860520213,70277.79905217333,71578.88809382296,293.32036401983834,0.49865616268880547,1.4455528720233252E-5,2.6367887178233045E-8,3.160578284135279E-4,-2.2357493364211224E-7,-0.8349740149026275,-4.7962224414277443E-5,0.9970035891058845,-0.46775732653634106,70277.80113296052,71578.89022314445,293.3203647732539,0.4986561567420822,1.4455528526985698E-5,2.6367888233139736E-8,3.160522476596899E-4,-2.2356690365654686E-7,-0.8349428852634446,-4.796108237314911E-5,0.9970036326966191,-0.4677599873155596,70277.79418586678,71578.883208769,293.32036229155466,0.4986561763371385,1.4455529163634978E-5,2.6367884757611088E-8,3.1605404548348625E-4,-2.235694444152614E-7,-0.834952827738789,-4.796142366103595E-5,0.9970036241358005,-0.46775641469962653,70277.7955388606,71578.8845864076,293.32036277899135,0.49865617248932975,1.4455529038602949E-5,2.6367885440150237E-8,3.160516315538017E-4,-2.2356583599503212E-7,-0.8349394438594118,-4.796024225584006E-5,0.9970036346126606,-0.4677562273151558,70277.79386612086,71578.88290055317,293.3203621825396,0.49865617719906125,1.4455529191619083E-5,2.6367884604814814E-8,3.160515049426728E-4,-2.2356557494163098E-7,-0.834938777282332,-4.796003221940737E-5,1.0469841241332399E-11,4.790575199059257E-8,7.072721385749258E-9,1.0995529698274846E-11,5.020533408010677E-14,1.0863036988795676E-25,-2.0086153622436246E-7
2.0000000000000002E-7,2.0000000000000002E-7,0.13768964512936943,5.5E-8,-0.18676611144255542,-1.7226222312326709,0.9961507572683961,-0.5233007411475697,70414.28562443855,71716.27453215391,293.36893397058196,0.49827251409094314,1.4443072673427708E-5,2.6436000698658622E-8,3.5358158185646606E-4,-2.821781527018175E-7,-1.0579179524831943,-5.92987711911519E-5,0.9961507673196155,-0.5232820692533277,70414.28394512163,71716.27291164164,293.3689333982648,0.49827251861834276,1.4443072820230132E-5,2.6435999894424555E-8,3.535689657117079E-4,-2.821590976509469E-7,-1.0578459033883973,-5.929509566726665E-5,0.9961508048364154,-0.5232864736876116,70414.2779612403,71716.26686101274,293.3689312607576,0.49827253550533385,1.444307336817875E-5,2.6435996893100526E-8,3.5357194168081867E-4,-2.821637440320046E-7,-1.0578632153085437,-5.9296355829019376E-5,0.9961507940536996,-0.5232924826362382,70414.27970628095,71716.26859985311,293.3689318749845,0.49827253065080196,1.444307321069261E-5,2.6435997755759537E-8,3.53576001781242E-4,-2.8216908589229204E-7,-1.0578836239230895,-5.929732722620429E-5,0.9961507957472782,-0.5233027507963953,70414.27947369449,71716.26832646446,293.36893177832604,0.49827253141160205,1.444307323542797E-5,2.6435997620340992E-8,3.5358293972729415E-4,-2.8217903420113543E-7,-1.0579221944992696,-5.929905998414142E-5,1.3080954649243337E-11,4.791722328298609E-8,7.055194620418301E-9,1.4414014082346614E-11,7.253236349655337E-14,1.3272085623329805E-24,-2.6537273665468015E-7
2.2500000000000002E-7,2.2500000000000002E-7,0.1549008507705406,5.5E-8,-0.8099506781272287,-7.158679308284874,0.9952035463806299,-0.5773954507984901,70566.18236641458,71869.22486718252,293.42291997882825,0.49784581174975084,1.4429238117409037E-5,2.6511920229071293E-8,3.9013206135033113E-4,-3.3816083956139663E-7,-1.2536683619739506,-7.748359692527629E-5,0.9952035706963014,-0.5773969919915025,70566.1784596337,71869.22093594562,293.4229185924144,0.4978458227118539,1.4429238472556964E-5,2.6511918276499413E-8,3.9013310269696115E-4,-3.381585767670003E-7,-1.2536607152562738,-7.748250740746698E-5,0.9952036303730458,-0.577367400311455,70566.16878184308,71869.21128832246,293.42291519021273,0.49784584961928013,1.4429239344179037E-5,2.6511913484236025E-8,3.901131083185506E-4,-3.3812939108202046E-7,-1.253551759631364,-7.747597024376773E-5,0.9952035848915017,-0.5774014996591297,70566.17620896961,71869.21864071672,293.42291778289916,0.49784582911008207,1.4429238679888047E-5,2.65119171366692E-8,3.9013614841833087E-4,-3.381656497936092E-7,-1.2536865388826754,-7.74842138753229E-5,0.9952035774720756,-0.5774022086408426,70566.17740935452,71869.21984018762,293.4229182058945,0.4978458257648283,1.4429238571521955E-5,2.6511917732475562E-8,3.901366274600288E-4,-3.3816876978676195E-7,-1.2536972483792397,-7.74848046205534E-5,1.5895071470618296E-11,4.7929967242846555E-8,7.035762377117125E-9,1.8259413131870013E-11,1.0005810028731572E-13,1.4494757570991284E-23,-2.879515186932004E-7
2.5000000000000004E-7,2.5000000000000004E-7,0.1721120564117118,5.5E-8,-3.16617342157872,-26.6500175806032,0.9941631489929464,-0.6315770083655471,70733.525453735,72037.66249852965,293.4822675593421,0.4973763942754121,1.4414042191026603E-5,2.6595637022963105E-8,4.267412218686129E-4,-4.0915670652452717E-7,-1.5341715499400834,-8.742876295286806E-5,0.9941631370154167,-0.6316176495942197,70733.52755681233,72037.66443908754,293.4822682420755,0.49737638885948326,1.4414042016081847E-5,2.6595637989063474E-8,4.267686821582566E-4,-4.0920464584814907E-7,-1.5343499164519017,-8.743994703763747E-5,0.9941632487472014,-0.6315859327030474,70733.50942532867,72037.64632617067,293.4822618663232,0.49737643931889824,1.4414043648042406E-5,2.6595628979665293E-8,4.2674725182638337E-4,-4.091602689015872E-7,-1.5341835213364448,-8.743024631030494E-5,0.9941631888736936,-0.6315699169418943,70733.51902059272,72037.65603316014,293.48226528344566,0.4973764122844062,1.4414042773526906E-5,2.659563380728553E-8,4.2673643036614484E-4,-4.0915136736430216E-7,-1.5341510123932949,-8.74282772542756E-5,0.9941631704355389,-0.6315814728959342,70733.5220298704,72037.65902206903,293.48226633550684,0.49737640395684063,1.441404250421818E-5,2.659563529406044E-8,4.2674423844319884E-4,-4.0916306204508146E-7,-1.5341957760408604,-8.743050881321324E-5,1.8978946804378676E-11,4.794396850566036E-8,7.014459178578363E-9,2.2440756852274674E-11,1.3323464052301564E-13,1.4660759586019505E-22,-3.52317526486861E-7
2.75E-7,2.75E-7,0.18932326205288297,5.5E-8,-11.102862287994913,-88.18649003196376,0.9930298175224941,-0.6854003684837324,70916.29151142482,72221.67208864221,293.54697684649625,0.4968641698589039,1.4397488486979565E-5,2.668722484641072E-8,4.63108357083603E-4,-4.789360134793697E-7,-1.791851989265524,-1.050161593809662E-4,0.9930297387521517,-0.6854380063363166,70916.30442730845,72221.68489566976,293.5469813453063,0.49686413421770526,1.4397487336426899E-5,2.6687231226727053E-8,4.6313378806507876E-4,-4.789926532566824E-7,-1.792065305986398,-1.0502784229515782E-4,0.993029853419787,-0.6854657884320592,70916.28604236688,72221.6662492866,293.5469747943762,0.49686418608394256,1.4397489011309701E-5,2.66872219395495E-8,4.6315255975139133E-4,-4.79021960160253E-7,-1.7921746821120905,-1.0503449760790318E-4,0.9930298561808133,-0.6854081309039352,70916.28529789239,72221.66580242774,293.5469746380291,0.4968641873453985,1.4397489051638958E-5,2.66872217153619E-8,4.6311360196211836E-4,-4.789417396011686E-7,-1.7918734049260365,-1.0501724892719722E-4,0.993029815311075,-0.6854230594011732,70916.29197220792,72221.6724474965,293.5469769723436,0.49686416885417745,1.4397488454678466E-5,2.668722502571743E-8,4.631236887845765E-4,-4.789640544800023E-7,-1.7919568507545591,-1.0502217151042714E-4,2.2301393736304104E-11,4.79592253581209E-8,6.991301477044568E-9,2.697643895065392E-11,1.725599549823753E-13,1.4014427057945873E-21,-4.140398398965115E-7
3.0000000000000004E-7,3.0000000000000004E-7,0.20653446769405415,5.5E-8,-34.746431362765435,-257.5102528790569,0.9918056860870357,-0.7371105970266114,71114.34112269005,72421.04208824821,293.61694112726997,0.4963098776493858,1.4379608074522193E-5,2.6786613403136794E-8,4.980477006936564E-4,-5.567043444898445E-7,-2.0968752776580004,-1.1757179694882325E-4,0.9918056106795157,-0.73706987887608,71114.35314596556,72421.05439079498,293.6169454402907,0.49630984347970797,1.4379606973059337E-5,2.6786619540051433E-8,4.980201884297838E-4,-5.566567017467605E-7,-2.0966962589561717,-1.1756195183920681E-4,0.9918056494098231,-0.7371310437412649,71114.34722198149,72421.04807027658,293.61694322390906,0.49630986101925206,1.437960753878487E-5,2.6786616388521357E-8,4.980615160413952E-4,-5.567484561197489E-7,-2.0970413022737375,-1.1758126143490699E-4,0.9918056606931587,-0.737176986984938,71114.34557352724,72421.04622836843,293.61694257785206,0.4963098661258286,1.4379607703598058E-5,2.6786615470529072E-8,4.980925587736068E-4,-5.567959516383781E-7,-2.0972197552703165,-1.175915003557293E-4,0.991805644590682,-0.7371340183005234,71114.34797848639,72421.04885659472,293.61694349960266,0.4963098588360554,1.4379607468392645E-5,2.6786616780695918E-8,4.98063525878732E-4,-5.567420818408664E-7,-2.097017895971476,-1.1757976497506206E-4,2.572833695781015E-11,4.7975709544736837E-8,6.966345663855086E-9,3.1970908870062096E-11,2.183837374256447E-13,1.2394777123882424E-20,-4.938514615993015E-7
3.25E-7,3.25E-7,0.2237456733352253,5.5E-8,-96.58558018040578,-658.7691478732243,0.9904938236027853,-0.7873253423188102,71327.26008979786,72635.41551802757,293.69200124092947,0.49571467247466766,1.4360445671933536E-5,2.689366171271331E-8,5.319765826478448E-4,-6.333040097672438E-7,-2.3888563938708103,-1.339411396372725E-4,0.9904937978621355,-0.7873062984379499,71327.26410456467,72635.41973281249,293.69200271532725,0.49571466079083365,1.436044529593418E-5,2.689366381830847E-8,5.319637151607769E-4,-6.332601277847516E-7,-2.3886906897375866,-1.3393170141284827E-4,0.9904938387951214,-0.7872446613143973,71327.25718625021,72635.41303417251,293.6920003731776,0.4957146793926349,1.4360445893852348E-5,2.6893660468974178E-8,5.319220684556738E-4,-6.331876498677502E-7,-2.388416448818134,-1.3391680244012605E-4,0.9904937418053157,-0.7873266141322106,71327.2734522186,72635.42890734477,293.6920059234314,0.4957146353213355,1.4360444477098695E-5,2.6893668404910564E-8,5.319774419812234E-4,-6.333255453228048E-7,-2.3889385388754363,-1.3394536648547728E-4,0.9904937989456063,-0.7872831498952247,71327.26388516757,72635.41955575673,293.69200265349696,0.49571466128470504,1.436044531176077E-5,2.689366372958685E-8,5.319480742535303E-4,-6.332486083238109E-7,-2.388646904047846,-1.3392961423619454E-4,2.927168521690577E-11,4.799338047474304E-8,6.939668241137058E-9,3.737997029817717E-11,2.709392027413593E-13,1.0002217257105727E-19,-5.216236737120445E-7
3.5000000000000004E-7,3.5000000000000004E-7,0.2409568789763965,5.5E-8,-237.32596836532394,-1463.296606144827,0.9890946457895036,-0.8385461599652654,71555.1898121885,72864.87505428845,293.7721501320193,0.4950784923784306,1.4340007236538232E-5,2.7008450954859253E-8,5.66585243219774E-4,-7.190961977698862E-7,-2.726926845598882,-1.4807042427378292E-4,0.9890946203188178,-0.8385657582827221,71555.19408653703,72864.87923826404,293.7721515913921,0.49507848077980693,1.4340006864470152E-5,2.700845305051702E-8,5.665984853261636E-4,-7.191287383534472E-7,-2.727051270589982,-1.480766857753224E-4,0.9890948058511664,-0.8384570050915913,71555.16312383594,72864.84876038466,293.77214096033,0.4950785652590697,1.434000957467031E-5,2.7008437785744948E-8,5.665250034402644E-4,-7.189362264625742E-7,-2.726318408619136,-1.4803806658392205E-4,0.9890946860725708,-0.8384031065500219,71555.18239842817,72864.8684417179,293.77214782694415,0.495078510749066,1.4340007824982319E-5,2.7008447639263977E-8,5.664885855067716E-4,-7.188712901040618E-7,-2.7260718008067215,-1.4802518916212648E-4,0.9890947326823206,-0.838457973594679,71555.17508990446,72864.86078173148,293.77214515404705,0.49507853195282947,1.4340008505842506E-5,2.7008443805294702E-8,5.665256578342426E-4,-7.189472530910734E-7,-2.726360950509161,-1.4804002250912163E-4,3.310714665127431E-11,4.801223314384503E-8,6.91129154118988E-9,4.300604974781232E-11,3.306365474415317E-13,7.497913034756007E-19,-5.723867048747903E-7
3.75E-7,3.75E-7,0.2581680846175677,5.5E-8,-512.6295528889129,-2787.9289083735757,0.9876058506802964,-0.8914680605241895,71798.64207901272,73109.96197681264,293.8575379840126,0.49440002145529177,1.4318259017054684E-5,2.7131295373951326E-8,6.023432841379658E-4,-8.110449320497537E-7,-3.0857137750015227,-1.652156820739492E-4,0.9876058361112087,-0.8914367335865054,71798.64429454284,73109.96438109498,293.85753882091603,0.4944000148150945,1.4318258804227182E-5,2.7131296579328338E-8,6.023221172881794E-4,-8.110006015726867E-7,-3.085544560201015,-1.6520717588264233E-4,0.9876060793118348,-0.8914766778100216,71798.60466046912,73109.92426514604,293.85752486262965,0.494400125767604,1.431826235694475E-5,2.713127645312925E-8,6.023491066283929E-4,-8.110411187089994E-7,-3.085700298641541,-1.652140018393311E-4,0.9876060621053037,-0.8914085793338054,71798.60695337715,73109.92710693025,293.85752585251225,0.4944001179385007,1.4318262105589661E-5,2.713127787611919E-8,6.023030941444631E-4,-8.109034878600597E-7,-3.0851744966612387,-1.6518659296593796E-4,0.9876060079185119,-0.8914727182553591,71798.61629601476,73109.93604146648,293.8575289601824,0.49440009319664446,1.4318261314018519E-5,2.713128236132297E-8,6.02346431253621E-4,-8.110294778873595E-7,-3.085655263656463,-1.6521209843745055E-4,3.730810430061401E-11,4.803230092100823E-8,6.881181939448258E-9,4.87751816989379E-11,3.9812852330864844E-13,5.288460845177645E-18,-6.494496761485685E-7
4.0000000000000003E-7,4.0000000000000003E-7,0.27537929025873886,5.5E-8,-967.3801634828427,-4481.364267917068,0.9860259575991489,-0.9444290024355749,72058.05302140531,73371.0989304656,293.948269546458,0.4936782907584106,1.429517924612863E-5,2.7262454882449197E-8,6.381277043483615E-4,-9.10500976374351E-7,-3.4818291348699404,-1.8100055163472462E-4,0.9860259402953103,-0.944461169181484,72058.05601214219,73371.10179553363,293.94827054021874,0.4936782828379611,1.4295178993341783E-5,2.7262456323765542E-8,6.381494386361379E-4,-9.105397124642423E-7,-3.4819780843497483,-1.810075482353568E-4,0.9860261065083606,-0.9445138433740068,72058.02915522303,73371.07426192725,293.9482609861096,0.4936783588426169,1.4295181421497458E-5,2.726244248254584E-8,6.381850293067613E-4,-9.106579507545121E-7,-3.4824311483646397,-1.8103055958818004E-4,0.9860260873430523,-0.9445833663888588,72058.03271853451,73371.07743348836,293.948262085651,0.49367835006016136,1.4295181141516472E-5,2.726244407936727E-8,6.382320043167965E-4,-9.107656360640704E-7,-3.482848683828479,-1.8104964604503948E-4,0.9860259855164971,-0.9445748442243623,72058.04943276654,73371.09429947459,293.9482679375592,0.49367830348701325,1.4295179653962948E-5,2.7262452559354613E-8,6.382262460975421E-4,-9.107622490489575E-7,-3.482833927225556,-1.8104980358657485E-4,4.174585175338819E-11,4.805360655878809E-8,6.8493230657849745E-9,5.4809449878091344E-11,4.740260589885513E-13,3.437157766777514E-17,-7.45697543623033E-7
4.2500000000000006E-7,4.2500000000000006E-7,0.29259049589991004,5.5E-8,-1585.7101021436833,-5951.12810156528,0.9843553657225781,-0.9968588649750318,72333.52391181626,73648.41223389596,294.04434317362944,0.49291316823180376,1.4270773606385558E-5,2.7402045061647535E-8,6.735532871452918E-4,-1.0130285880904922E-6,-3.8909199635529603,-1.977477769798952E-4,0.9843552954640213,-0.9968905478345992,72333.53580792224,73648.4239203171,294.044347215704,0.4929131359999119,1.4270772579959758E-5,2.7402050952363578E-8,6.735746944828373E-4,-1.0131071279317894E-6,-3.891224501627221,-1.9776216402078717E-4,0.9843554185671326,-0.9968873049970998,72333.51548326483,73648.40344039247,294.04434013104446,0.4929131924538474,1.4270774378404644E-5,2.740204063193966E-8,6.735725033764188E-4,-1.0131057688056444E-6,-3.891213572401739,-1.9776405429183797E-4,0.9843553235130257,-0.9969093780866701,72333.53144900082,73648.4192520438,294.0443456002164,0.49291314885177934,1.4270772989734339E-5,2.7402048601367728E-8,6.735874176261285E-4,-1.0131790178036226E-6,-3.8914959857540907,-1.9777795560571576E-4,0.984355231386141,-0.996905262418678,72333.54658426337,73648.4345791338,294.04435090249723,0.4929131066060752,1.4270771643829206E-5,2.7402056324756443E-8,6.735846367693771E-4,-1.0131615316311126E-6,-3.891428535028126,-1.9777510709673152E-4,4.634450209772376E-11,4.807614509286522E-8,6.815741533451382E-9,6.11656460583667E-11,5.58751082837398E-13,1.999158333306642E-16,-8.049914298157247E-7
4.5000000000000003E-7,4.5000000000000003E-7,0.3098017015410812,5.5E-8,-2251.9852187501183,-6383.41834563479,0.9825944021599072,-1.0494355414764664,72625.22267010651,73942.0513809677,294.1457623373564,0.4921044699594243,1.4245046717804479E-5,2.7550197333016117E-8,7.0907806856518E-4,-1.1218975156168653E-6,-4.332277433590207,-2.1339081089877254E-4,0.9825943416225899,-1.0493924555346312,72625.23239055648,73942.06150120121,294.1457658279679,0.49210444213277493,1.4245045833364054E-5,2.7550202443447103E-8,7.090489564423183E-4,-1.1218169360915908E-6,-4.331959677748728,-2.1337837978308016E-4,0.9825944971984062,-1.0493579415937904,72625.20632969942,73942.03550042151,294.14575686218984,0.492104513687172,1.4245048106303517E-5,2.7550189308142965E-8,7.090256362120205E-4,-1.1217481966241393E-6,-4.3316887959629184,-2.1336714317499172E-4,0.9825944371348971,-1.049293926684159,72625.21577674095,73942.04554280841,294.14576032636677,0.4921044860861485,1.4245047228785715E-5,2.755019437821622E-8,7.08982382894702E-4,-1.1216172596562047E-6,-4.331174836229366,-2.1334636335268442E-4,0.9825943959516521,-1.049240456636816,72625.22223308528,73942.05242866738,294.14576270173376,0.4921044671622122,1.4245046627105456E-5,2.7550197854522444E-8,7.089462544843352E-4,-1.1215208994030946E-6,-4.330801124602431,-2.1332882590741065E-4,5.1163333844741676E-11,4.809991094932691E-8,6.780465330439911E-9,6.775846433062742E-11,6.527099147209042E-13,1.0357937263865981E-15,-8.759336246659303E-7
4.7500000000000006E-7,4.7500000000000006E-7,0.3270129071822524,5.5E-8,-2788.636058061152,-5501.318953265426,0.9807426143031517,-1.102400583214688,72933.43244540019,74252.30856192003,294.25257670921724,0.49125163502182545,1.4217991798226994E-5,2.770711953363738E-8,7.448652589288431E-4,-1.2362097923812598E-6,-4.79886283602923,-2.2940554475781028E-4,0.9807425150266135,-1.1024855256946715,72933.44957066381,74252.32523196634,294.2525824376949,0.4912515892117293,1.4217990347748544E-5,2.770712797862024E-8,7.449226524963997E-4,-1.2363584593799715E-6,-4.799453090845645,-2.2942762413435958E-4,0.9807428386749535,-1.1023262304435952,72933.39437404388,74252.27088226803,294.25256375971344,0.4912517385317458,1.4217995076406908E-5,2.770710044850277E-8,7.448150205699968E-4,-1.2360314126169669E-6,-4.798165937867225,-2.293736333740526E-4,0.9807427528312536,-1.102417089983378,72933.4092995686,74252.28529594644,294.25256871257676,0.49125169891565656,1.4217993822188554E-5,2.7707107751014367E-8,7.448764121509311E-4,-1.2361891187140374E-6,-4.798794550084722,-2.2939579150715872E-4,0.9807429024984017,-1.1022489267398998,72933.38297107792,74252.26016815526,294.252560078774,0.4912517679984202,1.421799600889922E-5,2.7707095018615003E-8,7.447627883377701E-4,-1.2358314721439002E-6,-4.797390271000722,-2.293359067948586E-4,5.6248943549776234E-11,4.8124913138554544E-8,6.743501933104001E-9,7.452215434338424E-11,7.564146791899909E-13,4.814341538826892E-15,-9.563895921523133E-7
5.000000000000001E-7,5.000000000000001E-7,0.3442241128234236,5.5E-8,-3087.615295121669,-4178.616894265606,0.9787993119262296,-1.1557776544500267,73258.50662689442,74579.5304717461,294.364851056857,0.49035396987698876,1.4189598581136149E-5,2.7873052356356347E-8,7.809308476013694E-4,-1.357235468617546E-6,-5.299792310236171,-2.444215351715684E-4,0.9787991083137516,-1.1558184423174493,73258.54124230717,74579.56484152592,294.36486282819556,0.4903538756600162,1.4189595606124776E-5,2.7873069810857665E-8,7.809584069712496E-4,-1.3573689173540516E-6,-5.300316022113975,-2.4444518976451945E-4,0.9787995630419061,-1.155820052189588,73258.46487918698,74579.4880770376,294.3648365350772,0.49035408603860337,1.4189602250221938E-5,2.7873030831372132E-8,7.809594947226947E-4,-1.357309273117835E-6,-5.300096356279937,-2.444273241053452E-4,0.978799381018472,-1.1558461720194917,73258.49577591666,74579.51880288786,294.3648470585062,0.4903540018133184,1.4189599590651308E-5,2.787304643507258E-8,7.809771432564133E-4,-1.357416622056462E-6,-5.300515829776714,-2.4444752634167344E-4,0.9787996150217592,-1.155910740655274,73258.45690830563,74579.47929705291,294.3648335262203,0.49035411005826995,1.4189603009705583E-5,2.7873026376952918E-8,7.810207707130229E-4,-1.357490897930802E-6,-5.300834469552001,-2.4444750010843563E-4,6.158707168315611E-11,4.8151164829839096E-8,6.704853799733986E-9,8.144675984610838E-11,8.704166474069655E-13,1.9799014842196942E-14,-1.0422406437129556E-6
5.250000000000001E-7,5.250000000000001E-7,0.36143531846459476,5.5E-8,-3218.201941361218,-3774.3178727208447,0.9767642069032771,-1.2090864363095442,73600.7288436443,74924.0114257372,294.48262842616913,0.4894109436371825,1.4159862661714889E-5,2.8048215468884908E-8,8.169502948037461E-4,-1.4831295133888034E-6,-5.826354174193511,-2.5891803039712613E-4,0.9767641298797926,-1.2088989762911935,73600.7401298077,74924.0245098539,294.4826328950066,0.4894109079528602,1.4159861536262744E-5,2.804822212252522E-8,8.168236326291848E-4,-1.4827116365268012E-6,-5.824661860944616,-2.5886707197742E-4,0.9767643569764661,-1.2091632479096504,73600.70434979278,74923.98594923908,294.48261972990446,0.48941101325860237,1.4159864854559387E-5,2.8048202500569928E-8,8.170021945335475E-4,-1.4833249643686486E-6,-5.8271309904919235,-2.5894795965086814E-4,0.9767643136826801,-1.2089753910232248,73600.7099190813,74923.99330883958,294.48262224515736,0.4894109932302546,1.4159864221960372E-5,2.8048206239136188E-8,8.168752642048816E-4,-1.482897080222756E-6,-5.825400057115758,-2.588945464765402E-4,0.9767642301375091,-1.2092827716971466,73600.72690928829,74924.00746874594,294.4826270715767,0.4894109543442879,1.415986300120633E-5,2.804821346443565E-8,8.170829538494234E-4,-1.4836305088294922E-6,-5.828344943237653,-2.589959120200547E-4,6.710610826460127E-11,4.817867018370431E-8,6.66453799435221E-9,8.855908603222953E-11,9.951914443930077E-13,6.913357557691752E-14,-1.132775030676852E-6
5.5E-7,5.5E-7,0.37864652410576594,5.5E-8,-3349.6537392155383,-4458.6147844189145,0.974638065917306,-1.261571994962228,73960.22479330897,75285.88056424409,294.605892021421,0.48842249388627385,1.4128795035341725E-5,2.8232749885881374E-8,8.524135101096135E-4,-1.6125170199643434E-6,-6.375725942266399,-2.717204134228268E-4,0.9746381464263247,-1.2615695983495256,73960.21086089824,75285.86682545119,294.60588735109883,0.48842253139066893,1.4128796211787217E-5,2.823274286774415E-8,8.524118907767065E-4,-1.6124302537434687E-6,-6.375421411770276,-2.7168884334116683E-4,0.9746382190205994,-1.2614936739697127,73960.19820181167,75285.85443704751,294.605883139845,0.48842256520641325,1.412879727257768E-5,2.8232736539650786E-8,8.523605905200761E-4,-1.6123580844862319E-6,-6.375050719923365,-2.717129048761535E-4,0.9746382479372149,-1.2615900061788228,73960.19393490482,75285.84949775954,294.60588145932286,0.48842257865081473,1.41287976951232E-5,2.8232734020130956E-8,8.524256798505559E-4,-1.6125009960887837E-6,-6.375683264405325,-2.7170815295107786E-4,0.9746378999426998,-1.2615969107616376,73960.25324892967,75285.90888974316,294.60590165090787,0.48842241658010543,1.4128792610022957E-5,2.8232764353695392E-8,8.524303451092146E-4,-1.6126206050159908E-6,-6.376084717611775,-2.717602140478448E-4,7.273312414925771E-11,4.820741960779081E-8,6.622592566925056E-9,9.586003647917103E-11,1.1310815053528004E-12,1.9687898502701132E-13,-1.2128030060108288E-6
5.75E-7,5.75E-7,0.39585772974693706,5.5E-8,-3539.5079303864327,-4858.082148325911,0.9724217061962036,-1.3139087759216652,74337.12750854398,75665.26939483522,294.73462300510243,0.48738856522144036,1.4096407425400033E-5,2.8426802802717074E-8,8.877761999470711E-4,-1.745956686676209E-6,-6.9500582058115015,-2.831089819181898E-4,0.9724215963768363,-1.314135419458463,74337.1486323161,75665.28823253779,294.734629379422,0.4873885138140916,1.409640582056531E-5,2.842681246494557E-8,8.879293374719344E-4,-1.746542468907819E-6,-6.952496271684822,-2.8315948091517384E-4,0.9724220275926774,-1.3137886186174035,74337.07142668316,75665.21422707167,294.7346043256895,0.48738871546214096,1.4096412122086786E-5,2.8426774534906753E-8,8.876950125793267E-4,-1.7456234158430561E-6,-6.94869927842592,-2.8306754043683213E-4,0.9724217672293883,-1.3140348016113588,74337.11852052888,75665.2589074493,294.7346194507369,0.48738859369113025,1.409640831729795E-5,2.842679743747486E-8,8.878613524401073E-4,-1.7462985104543805E-6,-6.951473103641092,-2.83141392102948E-4,0.9724215787548578,-1.3138371260473392,74337.14842098879,75665.2912788918,294.73463041759163,0.487388505695617,1.4096405563054248E-5,2.8426814009357683E-8,8.877277878698238E-4,-1.7457683503607768E-6,-6.949262979626155,-2.8309809975723965E-4,7.853018183986072E-11,4.8237404852499E-8,6.579054177833872E-9,1.0321057048937435E-10,1.2784237692830564E-12,4.517831841488084E-13,-1.272916081108343E-6
6.000000000000001E-7,6.000000000000001E-7,0.4130689353881083,5.5E-8,-3676.8767172335624,-4118.890060222226,0.9701147264045542,-1.3668715269538023,74731.80025122142,76062.53070883983,294.86887435756006,0.4863085147243057,1.4062693736267334E-5,2.863064027617446E-8,9.235618425363529E-4,-1.8860568842171688E-6,-7.562216100543537,-2.92645062714314E-4,0.9701144079870545,-1.3668924715653719,74731.85524716643,76062.58570396152,294.8688929035668,0.48630836536299654,1.406268908285281E-5,2.8630668542605812E-8,9.235759943009269E-4,-1.886187827011554E-6,-7.56265977163639,-2.9270136379011547E-4,0.9701150819717016,-1.3669497832720363,74731.74008184634,76062.46928891577,294.86885364228624,0.4863086814641617,1.4062698932591699E-5,2.8630608714156448E-8,9.236147184270516E-4,-1.8862236360916996E-6,-7.5629721354214325,-2.92632355922251E-4,0.9701147324577009,-1.366812133012229,74731.79868153832,76062.52966631963,294.86887400696276,0.48630851757971033,1.406269382472991E-5,2.8630639738098476E-8,9.235217114947492E-4,-1.885944740109835E-6,-7.561680518994081,-2.9266420166607077E-4,0.9701147873282278,-1.3667250328480907,74731.78823856686,76062.52019637456,294.86887081549844,0.4863085433563287,1.4062694626620116E-5,2.8630634865370346E-8,9.234628600324937E-4,-1.8856701275637988E-6,-7.560631179796701,-2.925995912903545E-4,8.456799172458958E-11,4.826863242683266E-8,6.5339387709637845E-9,1.1049392385656051E-10,1.4376878728551165E-12,8.540596949851385E-13,-1.3661646284987474E-6
6.25E-7,6.25E-7,0.4302801410292795,5.5E-8,-3686.61162558608,-3360.4084313990757,0.9677167724567862,-1.4196390841226727,75144.59263753318,76478.02536675797,295.00869779653175,0.4851816983469252,1.4027648547785837E-5,2.8844539222210134E-8,9.592155973801843E-4,-2.030631599154731E-6,-8.203392887108066,-3.002354551853159E-4,0.9677165817520932,-1.4194666539232923,75144.6234286482,76478.05852836334,295.00870893653774,0.4851816086376478,1.4027645760629767E-5,2.884455631241444E-8,9.59099090488711E-4,-2.030145900135949E-6,-8.201288966745551,-3.0022429734799516E-4,0.9677169712293809,-1.419746926766515,75144.55973766917,76477.9908069079,295.0086861883311,0.4851817918766299,1.4027651452855725E-5,2.884452140785195E-8,9.59288464031429E-4,-2.0309654559014233E-6,-8.20477502576091,-3.0026967688456807E-4,0.9677168787473248,-1.4195775654582063,75144.57344377204,76478.00689707263,295.00869159609806,0.4851817484185228,1.402765010122926E-5,2.8844529693560427E-8,9.591740307150042E-4,-2.030422560324041E-6,-8.202520236473674,-3.002157123859206E-4,0.967717050032037,-1.4195316020587483,75144.5434663236,76477.97712774371,295.0086816004021,0.48518182907582225,1.4027652604565451E-5,2.8844514339844814E-8,9.591429743640191E-4,-2.0303012266253973E-6,-8.202072692291267,-3.0017908846957653E-4,9.075636296925135E-11,4.830110823718429E-8,6.4872643818003345E-9,1.177821227441838E-10,1.6093335416407997E-12,1.398573387128747E-12,-1.4725158758513037E-6
6.5E-7,6.5E-7,0.4474913466704506,5.5E-8,-3667.1021021209926,-3731.0371634317303,0.9652284674463882,-1.4718595985223903,75575.5996397574,76911.95985100351,295.1540894203793,0.4840079099489493,1.3991280706477016E-5,2.906870381430946E-8,9.944997287313448E-4,-2.1715214435857888E-6,-8.763254920045483,-3.3714636619208704E-4,0.965228550675618,-1.4717119559528917,75575.58349833096,76911.94530148972,295.1540845600338,0.4840079493545379,1.3991281922955532E-5,2.9068696275357086E-8,9.943999702384403E-4,-2.1710721782142175E-6,-8.761546055014605,-3.3703226759485005E-4,0.965228665491114,-1.4717542888937485,75575.56423579878,76911.92520726754,295.1540778406802,0.4840080035897986,1.3991283601093034E-5,2.906868588121928E-8,9.944285735768571E-4,-2.171273921192096E-6,-8.762216408705171,-3.37125231965274E-4,0.9652286233262724,-1.4718648619316377,75575.57264317303,76911.93257746105,295.1540803024189,0.48400798362262887,1.3991282984811501E-5,2.906868970069582E-8,9.945032850889443E-4,-2.171531477301869E-6,-8.76331283881018,-3.3713925144240875E-4,0.9652287306138383,-1.4719820260100243,75575.55511965112,76911.91379822079,295.15407402194205,0.48400803428851163,1.3991284552920545E-5,2.9068679988665175E-8,9.94582450006773E-4,-2.171813099494102E-6,-8.764417799028706,-3.3719462051351456E-4,9.704182990569122E-11,4.833482673117054E-8,6.439066665391481E-9,1.2508190959320227E-10,1.7936937724075636E-12,2.10415135985861E-12,-1.5457964876735667E-6
6.750000000000001E-7,6.750000000000001E-7,0.46470255231162183,5.5E-8,-3717.862643746921,-4305.808775735281,0.9626504008907624,-1.5239401704003315,76025.31681748814,77364.55844496381,295.30504765240664,0.48278690783644446,1.3953598555202752E-5,2.9303354178776436E-8,0.0010296893043245483,-2.3266889428441573E-6,-9.514388798194659,-3.227870071924599E-4,0.9626505888330035,-1.5239647659630753,76025.28395496788,77364.5253373036,295.30503663507073,0.48278699702455413,1.3953601302338472E-5,2.9303336983145327E-8,0.001029705922948024,-2.3267053302333806E-6,-9.514368399824662,-3.228238542760664E-4,0.9626508226397716,-1.523782045752889,76025.24110323732,77364.48416536293,295.3050229385782,0.4827871080591459,1.3953604719875925E-5,2.930331558732686E-8,0.0010295824633465467,-2.3261895275084045E-6,-9.512358270690356,-3.2271025447982993E-4,0.9626506781623915,-1.5237965089343681,76025.26680858768,77364.50961251114,295.30503140563405,0.4827870394769141,1.3953602608061409E-5,2.9303328807136087E-8,0.001029592235766465,-2.326309766687018E-6,-9.512820600851228,-3.227418245614899E-4,0.9626505038029384,-1.5240094561031863,76025.29995388904,77364.54030875821,295.30504161487346,0.48278695663431925,1.395360005945943E-5,2.9303344764733676E-8,0.0010297361189886393,-2.326962597436477E-6,-9.515516003135872,-3.2282242344194856E-4,1.0345447340371778E-10,4.83697812295915E-8,6.389382275715172E-9,1.322816953328709E-10,1.9910774647189728E-12,3.0187668901308244E-12,-1.645120034289749E-6
7.000000000000001E-7,7.000000000000001E-7,0.481913757952793,5.5E-8,-3773.089703439303,-3900.8398336675186,0.959982971438571,-1.5757077319024813,76493.72724388208,77836.09260148616,295.4615838370569,0.48151834472260413,1.3914607633402412E-5,2.9548741415714436E-8,0.0010646673864205954,-2.477380613470359E-6,-10.170085423579167,-3.425953883180455E-4,0.9599828652189568,-1.5760238286721773,76493.7497657879,77836.11141891875,295.46159006114755,0.48151829396516654,1.3914606080686733E-5,2.9548751246826055E-8,0.0010648809653190387,-2.47830017926276E-6,-10.173940824761303,-3.426875913277172E-4,0.9599834851390987,-1.5757568131273676,76493.63716711535,77836.00146958482,295.46155365507127,0.4815185895228427,1.3914615142632208E-5,2.954869390211446E-8,0.0010647005494103835,-2.4774665222082603E-6,-10.170410642240768,-3.4261421222936406E-4,0.9599834197922175,-1.5756474237774158,76493.64729522039,77836.01307157637,295.46155750035194,0.48151855843158625,1.3914614187399494E-5,2.9548699943897136E-8,0.0010646266376874432,-2.477125252511314E-6,-10.169029606710183,-3.4255905319469093E-4,0.9599831395210572,-1.5755622312429107,76493.69596623353,77836.06279548853,295.46157396936786,0.48151842488650465,1.391461009042072E-5,2.9548725866203768E-8,0.0010645690751641288,-2.4769694115889253E-6,-10.16837494424135,-3.425478166150242E-4,1.099780865436943E-10,4.840596936551395E-8,6.33824403554804E-9,1.393448310239087E-10,2.2018148450662048E-12,4.1660236471973365E-12,-1.7425977844595212E-6
7.25E-7,7.25E-7,0.4991249635939642,5.5E-8,-3751.692496396253,-3345.7143443393084,0.9572264697407343,-1.6274377216702918,76981.34941193298,78326.86619614199,295.62371594219843,0.4802017999537848,1.3874311886995859E-5,2.980514143210457E-8,0.0010996200822096566,-2.6376560170149334E-6,-10.946884280363065,-3.3225008955639623E-4,0.9572258895735359,-1.6276788152682682,76981.45574554004,78326.96984274386,295.62375009131046,0.48020152213256806,1.3874303405548169E-5,2.980519570725177E-8,0.0010997829832893704,-2.638510384684878E-6,-10.950400500194064,-3.3237492593229945E-4,0.9572267751128385,-1.6276329130034672,76981.29783691968,78326.81161152477,295.6236979486519,0.48020194602712873,1.3874316351214382E-5,2.980511287181547E-8,0.001099751968245586,-2.6382734746732696E-6,-10.94945742671689,-3.3232077767308965E-4,0.9572266854820994,-1.627766352816801,76981.3150941499,78326.82761824445,295.62370322075526,0.4802019030759708,1.3874315040903758E-5,2.980512125826157E-8,0.0010998421302816223,-2.6386087924379353E-6,-10.950836043630943,-3.3236697105110125E-4,0.9572266821723516,-1.6275248546120435,76981.31243697555,78326.82823187663,295.6237034297541,0.48020190160858733,1.3874314992524207E-5,2.980512156233285E-8,0.0010996789558189483,-2.6378212507438548E-6,-10.94756996707406,-3.322673644987617E-4,1.1663794302293248E-10,4.844339027161443E-8,6.285681785335103E-9,1.4623409903408857E-10,2.4262558947585832E-12,5.529088424695121E-12,-1.8283031635585925E-6
7.5E-7,7.5E-7,0.5163361692351354,5.5E-8,-3714.8891300768096,-3641.734325195955,0.9543805342670668,-1.679628978467588,77488.46474383865,78837.31544952955,295.7915019557205,0.47883652092685475,1.3832705711288114E-5,3.007290754494374E-8,0.0011348844449105323,-2.7988319631333524E-6,-11.692950250686636,-3.394653822113014E-4,0.9543799436418583,-1.6794026839126361,77488.56771602617,78837.42180042475,295.79153682989045,0.4788362370451977,1.3832697076318508E-5,3.0072963435011775E-8,0.0011347315431842137,-2.798221510431631E-6,-11.69042085337719,-3.3939038850405723E-4,0.954380659027052,-1.6796475713400423,77488.44303637666,78837.2929842229,295.79149458885456,0.47883658088997283,1.383270753528511E-5,3.007289573920012E-8,0.0011348970076621907,-2.7989757477087095E-6,-11.693528692461769,-3.394932505216275E-4,0.9543802634782959,-1.6798743077518266,77488.51694038272,78837.36417509994,295.79151792323717,0.47883639059647387,1.3832701752334587E-5,3.0072933177693856E-8,0.0011350502079404234,-2.7997502739651735E-6,-11.696810615332424,-3.3957031827469564E-4,0.9543804195393324,-1.679926169888156,77488.48930603678,78837.33607694472,295.79150871030333,0.47883646562198173,1.3832704033955343E-5,3.007291840912385E-8,0.0011350852499244298,-2.799807256792519E-6,-11.697050011111514,-3.395727467392362E-4,1.23454120576886E-10,4.8482048859253924E-8,6.2317191016904765E-9,1.5293591112071312E-10,2.6648011050981104E-12,7.070479080593899E-12,-1.9404940420598802E-6
7.750000000000001E-7,7.750000000000001E-7,0.5335473748763065,5.5E-8,-3729.555302641103,-3995.2050888002373,0.9514449821005426,-1.731588451162731,78015.60523422527,79367.86239720098,295.96499034323233,0.47742181443847953,1.3789786093722378E-5,3.0352395364306286E-8,0.001169992196731575,-2.966625328184591E-6,-12.521077389272477,-3.279192915073281E-4,0.9514448735340686,-1.7312475079423089,78015.61966604975,79367.88212913396,295.96499678919093,0.4774217621749131,1.3789784506358396E-5,3.035240575459687E-8,0.0011697618296907493,-2.96541703278308E-6,-12.51593438257305,-3.2780451030589575E-4,0.951445292436453,-1.7313532674017307,78015.54620954982,79367.80611347957,295.9649719933546,0.47742196444982093,1.3789790631211806E-5,3.0352365634486606E-8,0.001169833288784953,-2.965877135352457E-6,-12.517887359033693,-3.2784949601705193E-4,0.9514447852395107,-1.73126022163531,78015.63663908887,79367.89814123699,295.9650020091079,0.4774217194877781,1.3789783215383951E-5,3.035241421345582E-8,0.001169770420023858,-2.9656773411090853E-6,-12.517023086732479,-3.278432213846827E-4,0.9514447149518359,-1.7314759081406008,78015.65242430521,79367.9108726594,295.9650061548682,0.4774216854282356,1.3789782187688453E-5,3.0352420950918515E-8,0.0011699161541490546,-2.96641681671872E-6,-12.520178591968715,-3.279106671527643E-4,1.3032735295551903E-10,4.852194448992124E-8,6.176387364185203E-9,1.5956541346949873E-10,2.917782087446551E-12,8.744315433742279E-12,-2.059671770125731E-6
8.000000000000001E-7,8.000000000000001E-7,0.5507585805174777,5.5E-8,-3750.9973492145464,-3764.5360856354973,0.9484207006380918,-1.782737305905514,78562.915297668,79918.75165711224,296.1441676641709,0.47595748284455447,1.374556565270298E-5,3.0643876299462245E-8,0.0012045522337199418,-3.1327176613160645E-6,-13.332467471168911,-3.237218884919457E-4,0.948420900977912,-1.7827163185281958,78562.87822139625,79918.71502371186,296.14415578297763,0.4759575801047398,1.374556858215352E-5,3.0643856869060066E-8,0.0012045380530595917,-3.13253191436047E-6,-13.331732803037312,-3.2367427741064603E-4,0.9484213511980908,-1.7825725174757634,78562.79453077144,79918.63269910142,296.1441290833185,0.4759577986801398,1.3745575165456674E-5,3.0643813203341035E-8,0.0012044408901863265,-3.1320770152376556E-6,-13.329711039345739,-3.236617543933562E-4,0.9484211189920895,-1.782340942105588,78562.83314726067,79918.67518934842,296.1441428731969,0.4759576861025556,1.3745571770053185E-5,3.064383571700752E-8,0.0012042844203416134,-3.1312494195390175E-6,-13.326175490670494,-3.235841878250767E-4,0.9484208701288033,-1.782336350104337,78562.8785949359,79918.72070003633,296.14415763487784,0.47595756530837274,1.3745568131073863E-5,3.064385985244055E-8,0.0012042813176380656,-3.131324956626713E-6,-13.326474949360545,-3.2360533516850865E-4,1.3722407361196979E-10,4.856306836556766E-8,6.119730356984142E-9,1.661821377284438E-10,3.1854086240320083E-12,1.0491401237623263E-11,-2.150113566041215E-6
8.25E-7,8.25E-7,0.5679697861586489,5.5E-8,-3744.5816914986626,-3643.736832577499,0.9453085022168692,-1.8337393231092902,79130.73897596967,80490.25356258749,296.3290252652249,0.47444327517827556,1.3700055893624736E-5,3.0947644494389864E-8,0.0012390130561549257,-3.303074000058359E-6,-14.202436592121558,-3.067098945308544E-4,0.9453085839707217,-1.8339019265017056,79130.72649621537,80490.23847167478,296.3290203924511,0.47444331496858605,1.3700057089160782E-5,3.094763646743301E-8,0.0012391229233119632,-3.30364683364337E-6,-14.204927873064662,-3.0674970827249126E-4,0.9453092624656363,-1.8337771181390712,79130.6003033316,80490.1133796975,296.32898004736745,0.47444364595857313,1.3700067011238727E-5,3.0947569813458327E-8,0.0012390385933372103,-3.303162819179306E-6,-14.202832071703597,-3.0670415809197493E-4,0.9453091925824746,-1.8338163888876773,79130.61326825354,80490.12626435689,296.32898420311216,0.47444361187022627,1.370006598929138E-5,3.094757667849265E-8,0.001239065127626809,-3.3031952034434654E-6,-14.203014805689918,-3.0668625305452224E-4,0.9453090891468385,-1.8336490844116156,79130.62964909848,80490.1453535172,296.3289903656879,0.4744435615073286,1.3700064476688568E-5,3.094758683519188E-8,0.0012389520840619024,-3.3026076195596945E-6,-14.200458160169092,-3.0664637367294745E-4,1.442266455175105E-10,4.860541671496981E-8,6.061784699476507E-9,1.7275607966070751E-10,3.467944713041532E-12,1.2224116572297769E-11,-2.250892547713572E-6
8.500000000000001E-7,8.500000000000001E-7,0.5851809917998201,5.5E-8,-3736.2219380244983,-3730.4247110128654,0.9421083342462384,-1.8849614966100372,79719.47532740365,81082.81207412184,296.51960686069657,0.4728785013585869,1.3653255656118321E-5,3.1264096417305405E-8,0.0012736226328446197,-3.4758970187453996E-6,-15.089064239672325,-2.914588940541307E-4,0.9421081653015093,-1.8850915250871942,79719.50867161271,81082.84347433767,296.519616926316,0.47287841847045115,1.3653253185304542E-5,3.126411323784661E-8,0.0012737104899237799,-3.4763995066100505E-6,-15.091257685068058,-2.914979070709478E-4,0.9421089591961881,-1.885082556941625,79719.36194725758,81082.6958536672,296.5195695845932,0.4728788076401715,1.3653264795984552E-5,3.126403421191388E-8,0.0012737044303659628,-3.476340110353249E-6,-15.090981792575349,-2.9149242004677944E-4,0.9421087538309096,-1.8852057327455283,79719.40195101887,81082.73402681091,296.5195818224956,0.4728787069025407,1.365326179252184E-5,3.1264054657590077E-8,0.001273787657260492,-3.4768200154644546E-6,-15.093115637895153,-2.915132392331543E-4,0.9421088419311776,-1.8851477615677208,79719.38454659106,81082.71765271263,296.5195765736958,0.4728787501278835,1.3653263080986806E-5,3.1264045886067546E-8,0.0012737484875457573,-3.4765491749055853E-6,-15.09195522572304,-2.9148173479143225E-4,1.5132748168757744E-10,4.864899306810378E-8,6.002577977501068E-9,1.7933601968086708E-10,3.765736262520576E-12,1.3869034091333806E-11,-2.3760485972634524E-6
8.750000000000001E-7,8.750000000000001E-7,0.6023921974409913,5.5E-8,-3716.5027963172647,-3476.565754604971,0.9388202433431371,-1.9359161284172601,80329.59614332912,81696.87080895984,296.71595130027674,0.47126249593351466,1.3605165209293907E-5,3.159364008866365E-8,0.0013080514381197705,-3.651806966473714E-6,-16.0234943316334,-2.6635903930127824E-4,0.9388198405525737,-1.9360564278602697,80329.67332730036,81696.9463426064,296.71597537617697,0.4712622973893209,1.3605159317943122E-5,3.159368073712427E-8,0.0013081462350407228,-3.652317939497607E-6,-16.025743656620534,-2.6639670022632345E-4,0.9388205898589863,-1.936117753201596,80329.53486392404,81696.80579407902,296.71593056660794,0.47126266656989596,1.3605170277543521E-5,3.159360512748379E-8,0.0013081876710821596,-3.6525397240438906E-6,-16.02671449589502,-2.664058365269284E-4,0.938820347294106,-1.936039548608048,80329.578974328,81696.85129668454,296.7159450751047,0.4712625470805779,1.3605166729711385E-5,3.1593629602724415E-8,0.001308134830140573,-3.652316767670527E-6,-16.025683018159953,-2.664171781106006E-4,0.9388204114370656,-1.936126299747708,80329.56838595093,81696.8392572081,296.71594123415673,0.47126257864381993,1.3605167667885355E-5,3.159362313221771E-8,0.0013081934457754784,-3.652613983717856E-6,-16.02703872919733,-2.664149728133225E-4,1.5844409163829274E-10,4.869379566934734E-8,5.942145397615474E-9,1.859798797890284E-10,4.079050457761914E-12,1.541855170552015E-11,-2.4974444832345507E-6
9.000000000000001E-7,9.000000000000001E-7,0.6196034030821624,5.5E-8,-3669.5885926776127,-3307.4532360302137,0.9354446554669198,-1.9866313653306202,80961.46070893086,82332.81979094293,296.91807581314066,0.4695947578251168,1.3555790349007047E-5,3.1936666891665955E-8,0.001342318490088257,-3.82847857423485E-6,-16.97752658548825,-2.3918611320539185E-4,0.9354441011544906,-1.986669703527754,80961.56565343645,82332.92468075469,296.9181090474818,0.4695944832089212,1.355578224065894E-5,3.1936723618626256E-8,0.0013423443942755095,-3.828678639905547E-6,-16.978411708461408,-2.3920687988265854E-4,0.9354447944050414,-1.9866752163713755,80961.43569109747,82332.79349129504,296.91806747733654,0.46959482661315827,1.3555792381358093E-5,3.193665267526487E-8,0.0013423481191698482,-3.828735822111185E-6,-16.97860025374166,-2.3923165025507842E-4,0.9354446243705223,-1.986663910938199,80961.46712436753,82332.82567128836,296.918077675176,0.46959474240052723,1.3555789894135546E-5,3.193667007491572E-8,0.001342340480363648,-3.828619950212442E-6,-16.978108263076592,-2.3921500540780016E-4,0.9354445570685395,-1.9867319744068528,80961.48102997939,82332.8383987381,296.9180817054729,0.4695947090201816,1.35557889096566E-5,3.19366769642582E-8,0.0013423864691938195,-3.828908322134339E-6,-16.979387252107927,-2.3923451190910328E-4,1.6557008044213333E-10,4.873981801010841E-8,5.880529075549372E-9,1.926182102269417E-10,4.408073993904701E-12,1.6913185797117218E-11,-2.6066160384393337E-6
9.25E-7,9.25E-7,0.6368146087233336,5.5E-8,-3635.907012442414,-3565.2632228042953,0.9319818202304471,-2.0372999687154936,81615.53120485756,82991.09864003268,297.12600892079956,0.4678746778166458,1.3505134270177549E-5,3.229360763828071E-8,0.0013765540329158741,-4.007851389502548E-6,-17.976651354909563,-2.0326109444113172E-4,0.9319814246365145,-2.0370782787645214,81615.60251284814,82991.17420854904,297.12603272388975,0.4678744808933726,1.3505128482942559E-5,3.2293648705035E-8,0.0013764042424084604,-4.007060004056484E-6,-17.972987992433218,-2.032778705611804E-4,0.9319822429486087,-2.0369280817679662,81615.44496721948,82991.01795422974,297.12598352588344,0.46787488854898096,1.3505140454233935E-5,3.2293563740962546E-8,0.0013763027579513285,-4.006523770812009E-6,-17.970461410503958,-2.0329473856861568E-4,0.9319818998915288,-2.03714085439372,81615.5135611493,82991.08344366433,297.1260041406981,0.4678747175714969,1.3505135435562756E-5,3.229359936378695E-8,0.001376446523239,-4.007300868664743E-6,-17.974083763287354,-2.0327716170953636E-4,0.9319817597337645,-2.037156831289871,81615.54040753089,82991.1102069658,297.12601256757006,0.4678746477523314,1.3505133385160046E-5,3.229361391602813E-8,0.0013764573184391021,-4.007371710912366E-6,-17.974378416767195,-2.0329258576623488E-4,1.7271918031318024E-10,4.878705547282565E-8,5.817768667235472E-9,1.991515764828136E-10,4.753007334300907E-12,1.8401931209924318E-11,-2.7302654301796774E-6
9.500000000000001E-7,9.500000000000001E-7,0.6540258143645048,5.5E-8,-3624.930003382848,-3562.491200474832,0.9284322356154108,-2.0874449265168677,82292.1918429288,83672.11677910776,297.3397651307019,0.4661017497175751,1.3453203778353038E-5,3.266489017437701E-8,0.0014104357611600458,-4.186960912875293E-6,-18.998347082570945,-1.627440663867219E-4,0.9284321583906634,-2.0872908574960234,82292.2034981894,83672.13168547073,297.33976980095315,0.4661017111371042,1.3453202648498154E-5,3.266489830732987E-8,0.001410331660470286,-4.186263346639407E-6,-18.995213467484973,-1.627019423153797E-4,0.928433211803123,-2.087164651143261,82291.99954766186,83671.92864991356,297.3397062812554,0.46610223882932283,1.3453218060766885E-5,3.266478729758044E-8,0.0014102463859076088,-4.18572290371344E-6,-18.99269586321134,-1.6269485381315008E-4,0.9284326301896397,-2.087234684276109,82292.11243019237,83672.04074813814,297.3397413505379,0.46610194746705197,1.3453209551294883E-5,3.2664848589143694E-8,0.0014102937055919657,-4.186098312430886E-6,-18.994365020136,-1.6273439189262717E-4,0.9284324223300764,-2.0872961746659513,82292.15320869292,83672.08080779744,297.3397538821412,0.46610184332672344,1.3453206510142055E-5,3.266487049439996E-8,0.0014103352531526698,-4.186318805494693E-6,-18.99540009363568,-1.6273002065503306E-4,1.7986249760457385E-10,4.883550403140768E-8,5.753903458610248E-9,2.0554364357220062E-10,5.114044457908749E-12,1.9915475802694754E-11,-2.8517917219263274E-6
9.75E-7,9.75E-7,0.6712370200056759,5.5E-8,-3590.897510099343,-3221.3150032191174,0.9247967357569788,-2.1371309751647027,82991.81186882175,84376.23424912305,297.5593392070437,0.4642756171007741,1.3400010574980162E-5,3.3050929217414647E-8,0.001444007415651826,-4.366080738833489E-6,-20.054123257567426,-1.136208506338221E-4,0.9247966709600962,-2.137270243820869,82991.82682226364,84376.24684474674,297.55934311740407,0.4642755843940257,1.3400009626841828E-5,3.3050936153777616E-8,0.0014441015160951817,-4.366562662028173E-6,-20.05658045166797,-1.1352566782818485E-4,0.924797709277477,-2.1374119028113814,82991.62872710386,84376.04476766658,297.5592803027949,0.4642761073644233,1.3400024819933378E-5,3.305082505884208E-8,0.0014441972316293118,-4.3670516069482806E-6,-20.058969961445882,-1.1345877338442278E-4,0.9247972543255981,-2.137193882759011,82991.71260697248,84376.13332829293,297.5593078371614,0.4642758783026764,1.3400018162892514E-5,3.3050873732336783E-8,0.0014440499207831155,-4.36623054440588E-6,-20.054986937659805,-1.1353804644187449E-4,0.9247969871582836,-2.1372035245586356,82991.7645180888,84376.18531833617,297.55932399610754,0.4642757437101848,1.340001425358793E-5,3.3050902319324365E-8,0.0014440564355125917,-4.366305639678103E-6,-20.055317750860013,-1.1355071385565907E-4,1.870007043708934E-10,4.888515916868837E-8,5.6889735181992675E-9,2.117581604023484E-10,5.491360241545041E-12,2.1454054386524183E-11,-2.9642492918793046E-6
1.0000000000000002E-6,1.0000000000000002E-6,0.6884482256468472,5.5E-8,-3531.2184820552416,-3135.7606199136603,0.9210756207844354,-2.1869265450591806,83714.86992404409,85103.92977803684,297.78475866174927,0.4623956375144478,1.3345558525116652E-5,3.345221921372862E-8,0.0014776530709859328,-4.546605041895191E-6,-21.14714218357244,-5.771232541462723E-5,0.9210753654669585,-2.187014340251575,83714.92172322512,85103.97993902396,297.784774143941,0.462395508086392,1.3345554788769756E-5,3.345224696690036E-8,0.0014777123920618749,-4.547041568372378E-6,-21.149175192277426,-5.7722892528033753E-5,0.9210761015995336,-2.187228097777095,83714.7824804899,85103.83524905307,297.78472946480764,0.46239588095123396,1.3345565561408124E-5,3.3452166963760964E-8,0.0014778568228223615,-4.5479598880149295E-6,-21.153484098203535,-5.770795416992769E-5,0.9210759539376191,-2.187083740513881,83714.80819878353,85103.86428755133,297.78473843628143,0.46239580622677134,1.3345563400512196E-5,3.345218300828446E-8,0.0014777592841310008,-4.547282483855497E-6,-21.150392232297463,-5.767375871812419E-5,0.9210758021300355,-2.1869404214568227,83714.83511326276,85103.89413675219,297.7847476569581,0.46239572938296025,1.3345561178947118E-5,3.3452199504368E-8,0.0014776624469302856,-4.54673187121557E-6,-21.147692260288295,-5.77307161293561E-5,1.9413147296648248E-10,4.8936017632805806E-8,5.623017520269277E-9,2.1778083401733016E-10,5.8851354719450935E-12,2.2997521792326135E-11,-3.088775942528547E-6
1.0250000000000001E-6,1.0250000000000001E-6,0.7056594312880183,5.5E-8,-3474.7159966938675,-3152.0749862938983,0.9172689796771673,-2.23652345971694,84461.90401485599,85855.74212797887,298.0160645990615,0.4604610398772894,1.3289848377087348E-5,3.38693043014957E-8,0.0015111644998087434,-4.727782802405045E-6,-22.280375666428426,7.261499170851948E-6,0.9172686976359978,-2.236465070312376,84461.95833142952,85855.7981168915,298.0160817679103,0.46046089614208224,1.328984424917023E-5,3.386933545201664E-8,0.0015111250475083621,-4.727558022636913E-6,-22.27914318347848,7.180703391895804E-6,0.917269355858877,-2.236345904501074,84461.82656691273,85855.66747722402,298.01604171653855,0.46046123170663095,1.3289853882838484E-5,3.386926274789398E-8,0.0015110445300682933,-4.727193717286582E-6,-22.276991805202215,6.997242500972334E-6,0.9172692287837776,-2.236466249070467,84461.85395882255,85855.69268743391,298.01604944186226,0.46046116687468297,1.3289852022980797E-5,3.386927678632159E-8,0.0015111258439665317,-4.727626767220272E-6,-22.27937168475387,7.1458909758348454E-6,0.9172693097115094,-2.236336273973853,84461.83529037723,85855.67664183464,298.01604452770397,0.4604612082064711,1.32898532074327E-5,3.3869267843757695E-8,0.0015110380229553062,-4.727044323971086E-6,-22.276622627847473,7.145090243909635E-6,2.011992999046203E-10,4.898807370628785E-8,5.556077510368183E-9,2.236431792039412E-10,6.295500279361638E-12,2.4533884651866866E-11,-3.2167146215228794E-6
1.0500000000000001E-6,1.0500000000000001E-6,0.7228706369291895,5.5E-8,-3420.3202617042452,-3051.532073257061,0.9133776386478836,-2.285355120665771,85233.15601929965,86632.08241073148,298.253254097807,0.4584714070369816,1.3232891641233696E-5,3.430267522632498E-8,0.0015441588653147102,-4.903027163294383E-6,-23.287324983476083,2.246985048515171E-5,0.9133773459516663,-2.2854224906032674,85233.21540988237,86632.14109748682,298.2532719627707,0.4584712568983033,1.3232887356829867E-5,3.430270809450676E-8,0.0015442043855427483,-4.903238189228887E-6,-23.288489280115527,2.2539265280840937E-5,0.9133784009389477,-2.285076661700576,85232.99890783924,86631.92958995103,298.2532075832992,0.4584717981513329,1.3232902799437875E-5,3.4302589620428556E-8,0.0015439707173652542,-4.90180188265299E-6,-23.281835069203453,2.2619942917856406E-5,0.9133780171464813,-2.2852579162080815,85233.07877877829,86632.00652575941,298.253230998884,0.45847160121284,1.3232897181589575E-5,3.4302632721752593E-8,0.0015440931866270821,-4.902587357662469E-6,-23.28537398104868,2.253439521382461E-5,0.913378198840597,-2.2852703311851057,85233.0426287319,86631.97009146705,298.25321990652003,0.45847169439523916,1.3232899841175364E-5,3.4302612319403824E-8,0.0015441015751250715,-4.9025881463649055E-6,-23.285372386581912,2.2537637555331003E-5,2.0816781532646203E-10,4.904131724869808E-8,5.4882013711202774E-9,2.2933291558074048E-10,6.722500102205916E-12,2.6074896244147372E-11,-3.3318714199387404E-6
1.075E-6,1.075E-6,0.7400818425703607,5.5E-8,-3371.0185328886673,-3109.006476527622,0.9094027790755811,-2.3335700060831863,86029.36737072068,87433.30424118155,298.49630225146035,0.4564264910885335,1.3174705002174908E-5,3.475280739575633E-8,0.0015767364905967475,-5.081152262960132E-6,-24.558112682436786,1.377297199312011E-4,0.9094023258924822,-2.333692143594932,86029.46102849417,87433.39605075913,298.49632999625584,0.45642625714367896,1.3174698367739926E-5,3.475285915564258E-8,0.0015768190159425217,-5.08169516578505E-6,-24.560680231234073,1.377118411554079E-4,0.9094037805686049,-2.3335685842192917,86029.165063357,87433.10131711305,298.4962409177243,0.456427007934937,1.3174719663658943E-5,3.4752693019062786E-8,0.0015767355298778997,-5.081029928533098E-6,-24.557139686919072,1.375846288240723E-4,0.9094031781467699,-2.333642234302397,86029.2881552819,87433.2233716391,298.4962778058409,0.456426696999682,1.3174710844426219E-5,3.4752761821287513E-8,0.0015767852934475653,-5.081396955688433E-6,-24.559133328058124,1.3767685809540353E-4,0.9094032008622455,-2.3338145390753313,86029.28696022005,87433.21874732262,298.4962764013108,0.4564267086270234,1.3174711176967568E-5,3.4752759231775656E-8,0.0015769017155914402,-5.082097679576236E-6,-24.562526526232205,1.377014446859448E-4,2.1503728022492245E-10,4.909573675055919E-8,5.4194379554322665E-9,2.347929427431573E-10,7.16614670709936E-12,2.763908404722524E-11,-3.4516415660964647E-6
1.1E-6,1.1E-6,0.7572930482115319,5.5E-8,-3334.375725738308,-3132.286954526521,0.9053451049170832,-2.3815845189126637,86850.59044367765,88259.87024800747,298.7452139049335,0.45432578428678994,1.3115298130294758E-5,3.522025569491895E-8,0.001609178728995043,-5.253974396168814E-6,-25.685669808202874,1.93777035363496E-4,0.9053445949677307,-2.381530338010624,86850.69338234849,88259.97468552898,298.7452452411506,0.4543255194647773,1.3115290663809508E-5,3.5220314951366966E-8,0.0016091421202774486,-5.25381332664665E-6,-25.684987877933054,1.9380311842098763E-4,0.9053459881246131,-2.381726579146074,86850.41425895487,88259.6893570101,298.7451596252381,0.45432624289980245,1.3115311061882379E-5,3.5220153068095354E-8,0.0016092747156392394,-5.254608183662413E-6,-25.688961218782197,1.9390113662609565E-4,0.9053453639779513,-2.3816779350413295,86850.54006959438,88259.81718129323,298.74519797870767,0.4543259187715578,1.3115301923363446E-5,3.522022559428519E-8,0.0016092418480008984,-5.254420886444678E-6,-25.687947433669706,1.938383508885977E-4,0.9053450429099665,-2.3819067692877027,86850.61024560325,88259.88290144643,298.74521768703335,0.45432575188807367,1.3115297222400238E-5,3.5220262909991336E-8,0.0016093964657349343,-5.255428275035001E-6,-25.692917629031854,1.9388955874433123E-4,2.2181686614748258E-10,4.9151323300927144E-8,5.3498333651661255E-9,2.3997966546020797E-10,7.62646901201731E-12,2.922423202397631E-11,-3.5654775099972136E-6
1.125E-6,1.125E-6,0.7745042538527029,5.5E-8,-3285.0980331793594,-2862.848468705247,0.901204869942995,-2.4295088890210748,87697.70718101537,89112.35190115917,299.0000213161132,0.45216852985665096,1.3054674075154219E-5,3.570565668759902E-8,0.0016415600601493749,-5.428913075746777E-6,-26.984530165744218,3.104942085947471E-4,0.90120450512622,-2.4293915184502564,87697.77939336268,89112.42744246413,299.0000438161723,0.45216833922747685,1.3054668732888644E-5,3.5705699836096014E-8,0.0016414807557096327,-5.428370596973764E-6,-26.98179115537141,3.104377631260036E-4,0.9012055486036749,-2.4296057437909715,87697.56981808739,89112.21139023456,298.99997947037025,0.4521688845505273,1.3054684013257487E-5,3.570557641611281E-8,0.0016416255025614671,-5.429376002155095E-6,-26.98658069725093,3.1042470190811855E-4,0.9012050759686072,-2.42947777701678,87697.66429569066,89112.30925247332,299.00000861717524,0.4521686375641794,1.3054677092132983E-5,3.570563231749551E-8,0.0016415390385248515,-5.428822190083338E-6,-26.983960361623076,3.104396665207787E-4,0.9012046161718753,-2.429414762788238,87697.7580789805,89112.40444382727,299.000036964513,0.4521683972320382,1.3054670359006316E-5,3.570568670326691E-8,0.001641496461343404,-5.4286879259279885E-6,-26.98329583756413,3.1041610381876694E-4,2.2851775929429947E-10,4.92080699972698E-8,5.279430308889767E-9,2.4486628419641316E-10,8.103525476431304E-12,3.0809648823496064E-11,-3.6813827235040525E-6
1.15E-6,1.15E-6,0.7917154594938741,5.5E-8,-3212.3577018290534,-2704.597557216326,0.8969824435497442,-2.4770973708045334,88571.04411410661,89991.31613693715,299.2607504864567,0.44995400937594576,1.2992837545566935E-5,3.620966719861587E-8,0.001673714439732793,-5.599130097806438E-6,-28.21834226459214,3.9942843776685777E-4,0.8969821603644301,-2.477118297190468,88571.10316652484,89991.37541184117,299.26076800163725,0.4499538603622288,1.2992833398070303E-5,3.6209701309467834E-8,0.0016737285791827488,-5.599157506139818E-6,-28.218582157464198,3.994718088904392E-4,0.8969830679393004,-2.4770642461460053,88570.9140393063,89991.18544413298,299.26071186803847,0.44995433793796735,1.299284669029831E-5,3.6209591988126114E-8,0.0016736920582067604,-5.599043515189805E-6,-28.21794078014591,3.9944790488988247E-4,0.8969827902704596,-2.476964257588323,88570.96923960342,89991.24358018313,299.2607290519337,0.4499541918938615,1.2992842623598643E-5,3.6209625431109536E-8,0.0016736244983704884,-5.598559576753814E-6,-28.215458397584598,3.993896610481329E-4,0.8969826514870134,-2.476651020331782,88570.99112413009,89991.27267309662,299.2607376626132,0.4499541190479178,1.2992840591002812E-5,3.620964213902077E-8,0.0016734128515755284,-5.59718643017959E-6,-28.208476612036975,3.9925886508740405E-4,2.3511759463398835E-10,4.9265970817985285E-8,5.208270820199942E-9,2.494478222274559E-10,8.597369804711999E-12,3.2386383791341E-11,-3.8034792232724153E-6
1.1750000000000002E-6,1.1750000000000002E-6,0.8089266651350454,5.5E-8,-3146.490060506487,-2813.6037325981474,0.8926786830223371,-2.524025015186166,89471.24648409343,90897.24571169398,299.5273971667333,0.44768174406105044,1.2929800362219855E-5,3.6732918966259805E-8,0.0017054223075582203,-5.76672303722603E-6,-29.553021681733526,5.273814879380723E-4,0.8926783752747626,-2.5240358670108205,89471.31157481966,90897.31085396667,299.52741626456344,0.44768158102244804,1.292979585429117E-5,3.673295673200303E-8,0.001705429639872176,-5.766809612026691E-6,-29.55347760853647,5.273856228988905E-4,0.8926795026338609,-2.5238314000744757,89471.06990250165,90897.0722398096,299.5273463158848,0.44768217835128593,1.2929812368005416E-5,3.6732818382762585E-8,0.0017052914865368079,-5.765898666965086E-6,-29.54856044287908,5.272184918112544E-4,0.8926792949572496,-2.523849403197261,89471.11381154337,90897.11620039532,299.52735920407184,0.4476820683322106,1.292980932593024E-5,3.6732843867824034E-8,0.0017053036508089601,-5.7659327022463455E-6,-29.54885135522045,5.272702378640304E-4,0.8926794487792994,-2.523816000110165,89471.07990826941,90897.08364916606,299.5273496638203,0.4476821498607185,1.2929811579138503E-5,3.673282498952301E-8,0.0017052810811555167,-5.765609550110185E-6,-29.547245659490727,5.272755411134256E-4,2.4155377917324336E-10,4.932501530532719E-8,5.136401808395458E-9,2.5374050666956684E-10,9.107973177421694E-12,3.3964736310093686E-11,-3.925289946035775E-6
1.2000000000000002E-6,1.2000000000000002E-6,0.8261378707762166,5.5E-8,-3098.047017453208,-2817.194766133224,0.8882948907517448,-2.570098284343809,90398.57882686098,91830.54256684115,299.7999294349768,0.4453514791524121,1.2865580834418858E-5,3.727602046122076E-8,0.001736552894826898,-5.927147714572812E-6,-30.854009347668807,6.452479039857906E-4,0.8882946760597445,-2.569979400397055,90398.6218186851,91830.58855226285,299.79994281490315,0.4453513647056338,1.2865577689078794E-5,3.7276047309693544E-8,0.001736472567835848,-5.926642169953311E-6,-30.851373375640605,6.451827554165845E-4,0.8882959915863681,-2.5699615939820784,90398.34141294773,91830.30688076132,299.7998608933271,0.44535206640068575,1.2865596962191198E-5,3.727588277473108E-8,0.0017364605364743773,-5.9264718917972915E-6,-30.85044778732481,6.45185354532174E-4,0.8882956615159902,-2.5700863570974697,90398.41437845689,91830.37753723557,299.7998814379893,0.4453518902787885,1.2865592126494612E-5,3.727592406027059E-8,0.0017365448358766687,-5.927012416009347E-6,-30.853306640207848,6.452579066476005E-4,0.8882956695619996,-2.570293460493137,90398.4175715724,91830.3757851471,299.79988091880193,0.44535189445164597,1.286559224436668E-5,3.727592305987216E-8,0.0017366847706034708,-5.927936234115805E-6,-30.85823844214815,6.454143787308908E-4,2.477776993863225E-10,4.9385187532228684E-8,5.063876632443323E-9,2.577550883460328E-10,9.635193865899712E-12,3.554585514941794E-11,-4.036337824080611E-6
1.2250000000000001E-6,1.2250000000000001E-6,0.8433490764173878,5.5E-8,-3043.028929410409,-2624.6790109450867,0.8838324841319233,-2.6153758604926223,91353.52237215676,92791.5937901543,300.07830735580643,0.44296301662412296,1.280019892712666E-5,3.783959496406848E-8,0.0017671458516842042,-6.082318642626205E-6,-32.21823196376204,7.904570682200074E-4,0.8838322896392362,-2.61546584111247,91353.5657469473,92791.63591244354,300.0783195044481,0.4429629121267466,1.280019607723393E-5,3.78396197687253E-8,0.0017672066494003175,-6.082599677199596E-6,-32.219811816891706,7.905367482123893E-4,0.8838336001529208,-2.6154937195276617,91353.28485650514,92791.35202200022,300.0782376047121,0.44296361597818196,1.2800215280119387E-5,3.7839452645665526E-8,0.0017672254861673391,-6.082778169798076E-6,-32.22060608874244,7.905261942227071E-4,0.8838330119883577,-2.6156694557319446,91353.41562322118,92791.47940503589,300.07827434429447,0.44296329997442174,1.2800206661770671E-5,3.7839527656753565E-8,0.0017673442268459085,-6.083579490336888E-6,-32.224979710381604,7.906721648254234E-4,0.8838328358084833,-2.615680960402044,91353.45433417466,92791.5175637252,300.0782853506972,0.4429632053263093,1.28002040802153E-5,3.78395501253562E-8,0.0017673520002716512,-6.08375130198624E-6,-32.22582850356525,7.906559925423551E-4,2.537858844223273E-10,4.944646928361254E-8,4.990750412800063E-9,2.6147755404395414E-10,1.0178837691481814E-11,3.7110272043770414E-11,-4.141007015719884E-6
1.25E-6,1.25E-6,0.860560282058559,5.5E-8,-2968.7227507272123,-2439.8215837891776,0.8792925500418074,-2.66018357090194,92336.47692474292,93780.867326252,300.3625109772254,0.4405159764627614,1.2733669731739659E-5,3.842433845201268E-8,0.0017974213316905,-6.231380170191869E-6,-33.58102357741154,9.362608788698878E-4,0.879291972823586,-2.6605404266736823,92336.61130323271,93780.99379836768,300.362547143486,0.4405156640427029,1.2733661272305378E-5,3.842441354888144E-8,0.0017976624504551907,-6.232978541760304E-6,-33.58991182169416,9.366099350067714E-4,0.8792934736970746,-2.6602940626414813,92336.27913959841,93780.66484690062,300.36245304204937,0.44051647599692684,1.2733683268369553E-5,3.842421830331138E-8,0.001797495988271271,-6.231971009640347E-6,-33.58414661655911,9.363452188981825E-4,0.8792926303491873,-2.66041619292225,92336.46580196098,93780.84968507479,300.36250591753526,0.44051601975197124,1.2733670908677328E-5,3.8424328012809334E-8,0.0017975785087312498,-6.2325658075224055E-6,-33.587405367905376,9.364325518479433E-4,0.8792924803614572,-2.6603695528504527,92336.49700792517,93780.88256978126,300.3625153285202,0.44051593865476407,1.2733668710533061E-5,3.842434752222105E-8,0.0017975469951692247,-6.232310573750511E-6,-33.585981759805236,9.363713150811748E-4,2.595850087218059E-10,4.950884367617406E-8,4.9170760080107575E-9,2.6487754279927796E-10,1.0738716145074749E-11,3.864547813602477E-11,-4.246727509039404E-6
1.275E-6,1.275E-6,0.8777714876997301,5.5E-8,-2887.8088820624653,-2384.9563320580755,0.8746757627846369,-2.70468163976508,93348.06787278836,94798.93416302916,300.65254556837584,0.438009747590034,1.2666002257725005E-5,3.90310359960362E-8,0.0018274875944358647,-6.375975426351488E-6,-35.00112214827641,0.0011039255196845232,0.8746748427941456,-2.7047310484379126,93348.27256603305,94799.13824011665,300.65260345828045,0.4380092463308452,1.2665988772345384E-5,3.903115812687592E-8,0.0018275209786742653,-6.376393509412992E-6,-35.003320296935044,0.0011039150838350054,0.874676664706419,-2.7045967128295407,93347.86729202246,94798.7340911143,300.65248881371275,0.4380102389901288,1.2666015478249095E-5,3.903091626513051E-8,0.0018274302113713114,-6.375658119424088E-6,-34.999062379671386,0.0011037533872659822,0.8746758360838192,-2.7044599876007247,93348.04668205854,94798.91792970493,300.6525409725653,0.43800978762739085,1.2666003332161983E-5,3.9031026260505475E-8,0.0018273378294599491,-6.375120198356399E-6,-34.996038698911434,0.0011035967839152505,0.8746756180232556,-2.7045846985001667,93348.09765042746,94798.96628769455,300.65255468557757,0.4380096687658996,1.2666000135790114E-5,3.903105521098539E-8,0.0018274220935811938,-6.375634463466895E-6,-34.99902404933414,0.001103755868239631,2.651761826231676E-10,4.9572295145317714E-8,4.84290380728309E-9,2.6791015448650305E-10,1.1314652299290804E-11,4.016091185791946E-11,-4.348111496627641E-6
1.3E-6,1.3E-6,0.8949826933409012,5.5E-8,-2817.0498375842403,-2418.5749032240533,0.8699829011678653,-2.748589099552771,94388.8074166843,95846.35752965747,300.94840951792605,0.4354437640041572,1.2597207006055202E-5,3.966049912941878E-8,0.0018571547969951155,-6.513397497514007E-6,-36.431845960554256,0.0012784252863689005,0.8699822667711785,-2.748205398397673,94388.93892035578,95846.50004305539,300.9484496199808,0.43544341607243675,1.2597197705209217E-5,3.966058509673908E-8,0.0018568955394578871,-6.511690678223658E-6,-36.42193928071424,0.0012779039009114257,0.8699839091460047,-2.7485468342896957,94388.58135233473,95846.13118954824,300.94834586034926,0.43544431718250426,1.2597221783970304E-5,3.966036252069213E-8,0.0018571262393849296,-6.513153636547031E-6,-36.43036911643799,0.001278364627182782,0.8699834757804622,-2.748221740714003,94388.66934982876,95846.22855363229,300.9483732615698,0.43544407954874503,1.25972154304305E-5,3.966042124374148E-8,0.0018569065815635156,-6.511640895894288E-6,-36.421756031250425,0.001277984854210601,0.869983137430284,-2.7482417653238316,94388.74573130342,95846.30452639416,300.9483946276302,0.43544389384958837,1.2597210469895462E-5,3.966046710015029E-8,0.0018569201117052917,-6.511823343657852E-6,-36.42275304451414,0.001277992349644208,2.7056461476897E-10,4.963680941946859E-8,4.768282006205414E-9,2.705279076610795E-10,1.1906479321337406E-11,4.1665106081267983E-11,-4.44484533361436E-6
1.325E-6,1.325E-6,0.9121938989820724,5.5E-8,-2753.2182862157956,-2341.0583149982967,0.8652153252013499,-2.7915060403791814,95459.15606539407,96923.58301741933,301.25006375468763,0.43281777125729537,1.2527302958768477E-5,4.0313500529059015E-8,0.0018861527299859333,-6.641871979411462E-6,-37.89162859364319,0.0014711521078893952,0.8652152029956206,-2.7912864251528915,95459.17700963705,96923.61083981679,301.25007152508755,0.4328177038432958,1.2527301166770422E-5,4.031351743750191E-8,0.0018860043413195212,-6.640674779418987E-6,-37.88496534195019,0.0014709677018656109,0.8652163640443544,-2.791514506617934,95458.92196703897,96923.34683859105,301.24999790494184,0.4328183455547784,1.2527318192196064E-5,4.0313356732990145E-8,0.0018861584504175231,-6.641934122342264E-6,-37.89188222240114,0.0014711558490425602,0.8652162197270512,-2.7914972385478505,95458.95340192998,96923.37965756454,301.2500070579687,0.4328182658055999,1.2527316075952008E-5,4.031337670752629E-8,0.0018861467828026016,-6.641669385913929E-6,-37.89075192683299,0.0014712723367322766,0.865216038824944,-2.7912933930499544,95458.98881898273,96923.42081427692,301.2500185430975,0.43281816590503003,1.2527313423237722E-5,4.0313401742626896E-8,0.0018860090493580772,-6.640763979675057E-6,-37.88533038951118,0.0014709487991977355,2.757038840758309E-10,4.9702370413222055E-8,4.693260076613177E-9,2.727518430692404E-10,1.2513986570147085E-11,4.314957446629943E-11,-4.549490604634124E-6
1.3500000000000002E-6,1.3500000000000002E-6,0.9294051046232437,5.5E-8,-2676.5982144718373,-2114.2054201836104,0.8603748803778642,-2.8332656919726853,96559.42385604381,98030.95206672668,301.5574371204177,0.4301317854492422,1.2456316181523272E-5,4.0990781095151895E-8,0.001914368710792355,-6.759331798065205E-6,-39.35187021264824,0.0016738104828988298,0.8603747906279126,-2.833448330527776,96559.44928095455,98030.97270435999,301.55744281477143,0.4301317353766867,1.2456314865169706E-5,4.0990793792926246E-8,0.0019144921152214702,-6.7600701382275475E-6,-39.3568171562722,0.001674283390888931,0.8603760087604885,-2.833154730300498,96559.16314984072,98030.69231823657,301.5573653458866,0.43013241398331925,1.245633273135042E-5,4.0990621500155037E-8,0.0019142937366895256,-6.7588807577578795E-6,-39.34890510272817,0.0016735855280272105,0.8603755888045116,-2.83349510780334,96559.26853669873,98030.78894599056,301.5573920307674,0.43013217990056146,1.2456326571908337E-5,4.099068090506421E-8,0.0019145237214887433,-6.7604052237868475E-6,-39.358411310314295,0.0016742311853974456,0.860375644301486,-2.8334191445399304,96559.25332463952,98030.77618552816,301.5573885096614,0.43013221086676423,1.2456327385877235E-5,4.0990673053058625E-8,0.0019144723949594124,-6.759942118890194E-6,-39.355860983891716,0.0016741905709150018,2.805008922106466E-10,4.976895444593265E-8,4.617895251059967E-9,2.7465356493282067E-10,1.3136809475228887E-11,4.4603533093845686E-11,-4.645514451746375E-6
1.3750000000000002E-6,1.3750000000000002E-6,0.9466163102644148,5.5E-8,-2584.975959247142,-1978.5542545434428,0.8554634625636135,-2.8739770198941565,97689.81959439698,99168.79546195109,301.8704534107134,0.42738585977983057,1.2384273446446439E-5,4.169310695477653E-8,0.001941876364793349,-6.867003570931729E-6,-40.69341957716301,0.0018314615405219392,0.855463023589638,-2.8742054396795322,97689.92747855473,99168.89776826708,301.87048141557835,0.42738561329164915,1.2384267006692947E-5,4.169317042666697E-8,0.0019420307024861703,-6.8681351929456014E-6,-40.69978763893232,0.0018315967077224826,0.8554647055739216,-2.8739506789096936,97689.53085153004,99168.50566791501,301.87037404964735,0.4273865573815247,1.2384291681403723E-5,4.169292724495793E-8,0.001941858566830874,-6.866822462967548E-6,-40.6922331452115,0.0018314173686628799,0.8554638964271416,-2.8740701771361157,97689.72208958269,99168.69429084694,301.8704256978565,0.4273861031996741,1.2384279811219417E-5,4.1693044232002035E-8,0.001941939308875754,-6.8675502902237895E-6,-40.6963048486582,0.001831462209991308,0.8554638736483737,-2.874238094356585,97689.73154739333,99168.6995774328,301.8704271373961,0.427386090330738,1.2384279477050713E-5,4.169304752952332E-8,0.001942052766457152,-6.868275451665795E-6,-40.700517079103065,0.0018316245760305883,2.8493163171771327E-10,4.983653134803902E-8,4.542250560135846E-9,2.7622653426897454E-10,1.3774451214598695E-11,4.602589909827744E-11,-4.719555010459734E-6
1.4000000000000001E-6,1.4000000000000001E-6,0.963827515905586,5.5E-8,-2497.703665891737,-1991.8906920288168,0.8504826650867011,-2.9138844387471767,98851.09118934695,100337.51586180252,302.1890537530975,0.42457989241485383,1.2311197053907532E-5,4.242132149914334E-8,0.0019688408369913355,-6.9626380836496084E-6,-42.2650169054325,0.0021000228193572834,0.8504819851484073,-2.913936635770523,98851.25280318022,100337.67642159162,302.1890973192638,0.42457950786929627,1.2311187076988972E-5,4.242142202804251E-8,0.001968876105250353,-6.962943800772337E-6,-42.267309791354364,0.0021002715207059097,0.8504838125741039,-2.9140227881861622,98850.82587243096,100337.24485846939,302.18898020532515,0.42458054125718775,1.231121389129378E-5,4.242115184998737E-8,0.0019689343163420015,-6.96327610612002E-6,-42.26861261575459,0.0021001450434814384,0.850483059146096,-2.913835668840021,98850.99774702922,100337.42281047418,302.18902850461217,0.42458011528372835,1.2311202836047888E-5,4.242126323721704E-8,0.0019688078843513655,-6.9624381376343085E-6,-42.26390794409372,0.002100020784695289,0.8504828141690045,-2.9139304330962226,98851.05850607433,100337.4806450135,302.18904419247826,0.42457997668661385,1.2311199241430472E-5,4.242129945935452E-8,0.0019688719142542045,-6.962968834045569E-6,-42.267278795683296,0.002100229383509289,2.8905069728312716E-10,4.990507323252196E-8,4.466384954535988E-9,2.773833580541335E-10,1.4426441912697091E-11,4.7418033163567436E-11,-4.786955064281948E-6
1.4250000000000001E-6,1.4250000000000001E-6,0.9810387215467572,5.5E-8,-2419.3338420537216,-1929.241615956915,0.84543376751798,-2.953111192235364,100043.34199049801,101537.59219231881,302.51319774641166,0.421713606489486,1.223710466076762E-5,4.3176354171936944E-8,0.0019953454001590295,-7.0491522626525695E-6,-43.69529441551322,0.0023110288486992703,0.8454330914165968,-2.9530531513454674,100043.50067372248,101537.75394836496,302.51324123840584,0.42171322120799726,1.2237094737847433E-5,4.317645643520214E-8,0.001995306183341532,-7.048883336153722E-6,-43.6934686962486,0.0023108411084540315,0.8454348302854684,-2.9530760976101806,100043.08937626416,101537.33794221729,302.51312939063985,0.42171421216315896,1.2237120258662119E-5,4.317619342214619E-8,0.0019953216875744466,-7.049124704110455E-6,-43.69496995992404,0.0023109866983757055,0.8454342634211808,-2.9530407443891558,100043.22197803391,101537.47356553318,302.5131658572195,0.42171388913993757,1.2237111938980092E-5,4.317627916200426E-8,0.001995297800262943,-7.048824797379894E-6,-43.692994020067545,0.0023108254743725576,0.8454340066576993,-2.952958830926284,100043.28072498688,101537.53500380115,302.5131823792979,0.4217137428490671,1.2237108170547426E-5,4.3176317997121495E-8,0.0019952424533285704,-7.048477835951417E-6,-43.69077631700543,0.0023106661537631856,2.928902526566308E-10,4.997455744732936E-8,4.390349925360384E-9,2.7806389009703436E-10,1.509240425989236E-11,4.8778883686574455E-11,-4.858120184006444E-6
1.45E-6,1.45E-6,0.9982499271879284,5.5E-8,-2332.46682041059,-1717.6899939959674,0.8403182526488452,-2.991301861012705,101267.2732240194,102769.46055141352,302.8428301456317,0.41878685219379935,1.2162016863608908E-5,4.395914655954208E-8,0.002021149906089666,-7.122374835120127E-6,-45.25338174624471,0.0025902876985043344,0.8403176866755335,-2.991231150260851,101267.4074175771,102769.59775080731,302.84286669040927,0.4187865271573676,1.2162008554993887E-5,4.395923417419577E-8,0.002021102128554629,-7.1220206834254896E-6,-45.25143306193445,0.00259026458211703,0.8403195030454527,-2.9911158951991172,101266.96677585124,102769.15749415483,302.84274944194755,0.41878757047143655,1.2162035219719271E-5,4.3958952985749086E-8,0.002021024253512917,-7.121532843541445E-6,-45.247655290789,0.0025898715378977477,0.8403188600571073,-2.991242697364559,101267.1253922814,102769.31333015612,302.8427909391078,0.41878720109981804,1.2162025780501724E-5,4.395905252717555E-8,0.002021109930651729,-7.122100439715951E-6,-45.25163672086387,0.0025902141618763252,0.8403187014235491,-2.9912075042148016,101267.16222416585,102769.35178899794,302.8428011846306,0.41878711001052343,1.216202345172627E-5,4.395907708348401E-8,0.0020210861514964877,-7.121878680749205E-6,-45.25030606609198,0.0025901664720209827,2.9639665939592E-10,5.004496047300605E-8,4.314196830238376E-9,2.7829532984644135E-10,1.577193214035787E-11,5.010756866773885E-11,-4.931031002058808E-6
1.475E-6,1.475E-6,1.0154611328290994,5.5E-8,-2231.1637465298786,-1554.47110282774,0.8351384118609155,-3.0278661778188747,102522.8924692403,104033.35960864856,303.17784142936426,0.41579995468624903,1.2085966088763796E-5,4.477055561120203E-8,0.0020458555255532937,-7.180453002177955E-6,-46.71081904196785,0.0028428077666116103,0.835137915459805,-3.0278553249413713,102523.01285122031,104033.48153851311,303.1778735958944,0.41579966732282225,1.2085958799646837E-5,4.477063429327157E-8,0.0020458481925279535,-7.180360618548321E-6,-46.710210301153666,0.0028427472518212926,0.8351397969284367,-3.0278915844290033,102522.55488446564,104033.019405628,303.17775168268116,0.4158007565139896,1.2085986426992176E-5,4.477033607104653E-8,0.002045872692181759,-7.180485370099632E-6,-46.710816877775414,0.0028428084229542294,0.8351390538977826,-3.0278840793106663,102522.73618091759,104033.20190842675,303.17779982703405,0.41580032636155545,1.2085975516385223E-5,4.477045384527392E-8,0.0020458676211558557,-7.180514949993721E-6,-46.71101627005078,0.0028427784018424107,0.8351388771790635,-3.0279412722505943,102522.78088809505,104033.24530611352,303.17781127238976,0.41580022403081474,1.2085972921459423E-5,4.477048185736161E-8,0.0020459062650341853,-7.1807600853901475E-6,-46.71266009527335,0.0028428900588503003,2.9945786412920703E-10,5.0116248893156866E-8,4.237986073661586E-9,2.781666532334687E-10,1.646442181944492E-11,5.140132882394373E-11,-4.99573046338227E-6
1.5E-6,1.5E-6,1.0326723384702707,5.5E-8,-2131.441817220946,-1537.05653944322,0.8298970249780772,-3.062816900419713,103810.45687487065,105329.397193348,303.5180872959748,0.4127535536312416,1.2008991904346754E-5,4.561139132342636E-8,0.002069470878661968,-7.221509521855296E-6,-48.21870285464797,0.003138393441202758,0.8298965271709108,-3.062830350648756,103810.5804392347,105329.52110822254,303.51811966970274,0.4127532631404675,1.200898459266522E-5,4.561147214651906E-8,0.002069479966654565,-7.221563283508203E-6,-48.21930651040475,0.0031384972352259677,0.8298982954091934,-3.062928944571445,103810.14665574208,105329.08093313928,303.5180046610739,0.4127542949063418,1.2009010564153888E-5,4.5611185062528243E-8,0.0020695465841698954,-7.222086858291732E-6,-48.222308856162726,0.003138598298863815,0.8298976184047228,-3.0628569258087115,103810.31164608832,105329.24946805897,303.518048697895,0.41275389989235006,1.200900062046463E-5,4.561129497714031E-8,0.002069497922843724,-7.221720932193421E-6,-48.22006191925675,0.003138491420030254,0.82989739220295,-3.0628590279532615,103810.3678831358,105329.30577370124,303.51806340796134,0.412753767892226,1.2008997298063034E-5,4.561133170285921E-8,0.0020694993432116633,-7.2217656864381755E-6,-48.22042689337695,0.0031385236727070054,3.020348048302534E-10,5.018838019643909E-8,4.1617857428825855E-9,2.7769895730599615E-10,1.7169083113808696E-11,5.265452747060542E-11,-5.030690139278542E-6
1.5250000000000002E-6,1.5250000000000002E-6,1.049883544111442,5.5E-8,-2040.5340902330815,-1478.9973455892166,0.8245964455430176,-3.0966441319191778,105130.05725749012,106657.77013727576,303.8634477437116,0.4096480742994563,1.1931127589960678E-5,4.648256029062521E-8,0.0020923271161616065,-7.248091991272077E-6,-49.67365456303855,0.0034258114306104925,0.8245959441015618,-3.096635112029336,105130.18252423096,106657.89665225375,303.863480476435,0.40964777934442986,1.193112022288837E-5,4.648264371491035E-8,0.0020923210216414433,-7.248046777732498E-6,-49.67338030992369,0.003425776946368808,0.8245976841617884,-3.096571013841875,105129.74522366544,106657.45764211741,303.8633668974569,0.409648802904288,1.193114578748745E-5,4.648235422239151E-8,0.002092277712055321,-7.247867395108187E-6,-49.67171004782608,0.003425585228687078,0.8245970488986901,-3.0965935578336103,105129.90472830045,106657.61791681939,303.8634083634085,0.4096484292240945,1.1931136454335893E-5,4.648245991029223E-8,0.002092292944482169,-7.2479133949343576E-6,-49.67217389224675,0.0034256427243013476,0.8245968647169455,-3.0965416136942188,105129.9491726585,106657.66439373378,303.86342039114777,0.40964832090853687,1.1931133748377604E-5,4.6482490551283886E-8,0.0020922578470906885,-7.247672154306884E-6,-49.670499083888444,0.0034255084365997224,3.042196236521478E-10,5.026131447733847E-8,4.085658658831657E-9,2.76779878482311E-10,1.7885171495812502E-11,5.386450847497877E-11,-5.0487586295712945E-6
1.5500000000000002E-6,1.5500000000000002E-6,1.067094749752613,5.5E-8,-1945.2565297053904,-1294.7535383809663,0.8192385537961019,-3.1294178372199855,106482.08254728938,108018.78250824202,304.2138305325797,0.4064836962947643,1.1852399437281507E-5,4.738508211888494E-8,0.0021144715116351255,-7.25968934489174E-6,-51.16417572183286,0.0037441522284460405,0.8192380059752997,-3.1294791631068417,106482.22342732285,108018.92260415196,304.2138664184625,0.406483371424049,1.1852391386524158E-5,4.738517554869934E-8,0.0021145129480451635,-7.259917883573053E-6,-51.16603840482867,0.003744353804393974,0.8192399017497033,-3.1293596402539485,106481.73806561393,108018.43778364579,304.21374222669306,0.40648449563549244,1.185241924676329E-5,4.738485223003495E-8,0.002114432189360776,-7.259404549557757E-6,-51.16176477381077,0.0037439158400855987,0.819239235116,-3.1293756928237064,106481.90806048801,108018.60826993287,304.2137858998543,0.40648410032597804,1.1852409449936791E-5,4.738496592164485E-8,0.0021144430356916937,-7.259486021240491E-6,-51.16258583685658,0.00374402239074767,0.8192390874193309,-3.1293839889550323,106481.9456444198,108018.64604283705,304.213795576285,0.4064840127445921,1.1852407279391554E-5,4.7384991110651346E-8,0.002114448641185833,-7.259486705777363E-6,-51.16268765163795,0.0037440612856118882,3.0607149755819403E-10,5.033502034551091E-8,4.0096567248728245E-9,2.7532777081618114E-10,1.861210306257675E-11,5.503213294669506E-11,-5.080458774937036E-6
1.5750000000000002E-6,1.5750000000000002E-6,1.0843059553937842,5.5E-8,-1840.9466003079554,-1161.7816429170487,0.81382552147821,-3.160724722819602,107866.66855259541,109412.65324439674,304.56912140043545,0.40326079925345265,1.1772837981803802E-5,4.8319966763234106E-8,0.0021356248127159475,-7.254446784230595E-6,-52.61031384542116,0.004063143304304351,0.8138248620496592,-3.1607949466779113,107866.84068395259,109412.8242004409,304.5691647548887,0.4032604050086017,1.1772828287993997E-5,4.832008209602117E-8,0.002135672261268859,-7.254767006088514E-6,-52.61280545012619,0.004063352664475328,0.813826886862468,-3.1607637277821192,107866.31843373066,109412.29924265594,304.5690316136733,0.40326161547724276,1.1772858053382873E-5,4.8319727964713896E-8,0.0021356511674203507,-7.254642427056979E-6,-52.611471272323115,0.004063225557162653,0.8138262155029998,-3.1607523092416887,107866.49075607934,109412.47330429575,304.56907576126457,0.4032612141376558,1.17728481841871E-5,4.831984538187625E-8,0.0021356434521903303,-7.2545715433136594E-6,-52.61107208341923,0.004063194774693191,0.8138260205076164,-3.160800001731516,107866.54253840605,109412.52385271425,304.56908857876465,0.40326109754747075,1.1772845317692544E-5,4.8319879486485574E-8,0.0021356756768456187,-7.2547817310919525E-6,-52.6126952229381,0.004063343344410608,3.0749211670522834E-10,5.0409463524445323E-8,3.933833027360516E-9,2.734252744586931E-10,1.9349232668543358E-11,5.615546288151384E-11,-5.115663276081338E-6
1.6000000000000001E-6,1.6000000000000001E-6,1.1015171610349554,5.5E-8,-1736.5382308714188,-1086.2832986424985,0.8083602888995772,-3.1900809801752246,109283.8439958978,110839.38435807654,304.92915200715765,0.39998026147032345,1.1692485023508868E-5,4.928812348506941E-8,0.0021554601217400166,-7.229462968041389E-6,-54.04048929642249,0.004402493406502117,0.8083596402704968,-3.1899997206020876,109284.01083165612,110839.5548625257,304.9291948213977,0.3999798705676791,1.1692475485519897E-5,4.928823986386932E-8,0.002155405216623032,-7.22914256328977E-6,-54.0381336007988,0.004402262872718055,0.8083616961519525,-3.189996239595646,109283.474367213,110839.01446750121,304.92905913989745,0.39998110964995726,1.1692505716936624E-5,4.928787098987567E-8,0.0021554028645916525,-7.229192671474039E-6,-54.037902546472424,0.0044021630561301706,0.8083609675635787,-3.1900728038201502,109283.66684936888,110839.20596923308,304.9291072176524,0.3999806705024847,1.1692495003157393E-5,4.928800171657345E-8,0.0021554545971757774,-7.229474078940257E-6,-54.040357819381825,0.004402446491131862,0.8083607449225313,-3.1900582794717245,109283.72462318139,110839.26449220035,304.9291219120189,0.3999805363194051,1.1692491729255583E-5,4.9288041663540015E-8,0.002155444783426841,-7.229433877853353E-6,-54.040059347445094,0.004402403369420327,3.0836073186832385E-10,5.048459580050116E-8,3.858252660943353E-9,2.711833075110534E-10,2.0095636211849626E-11,5.72301185690207E-11,-5.122625368100088E-6
1.6250000000000001E-6,1.6250000000000001E-6,1.1187283666761265,5.5E-8,-1630.4066567424193,-930.6258989592591,0.8028463904800682,-3.217276795486671,110733.37587469924,112298.79114988113,305.2937104355074,0.3966433737746438,1.1611391077749124E-5,5.0290375866878604E-8,0.002173835672626129,-7.183674876785063E-6,-55.406887639298475,0.004744683227587032,0.8028458498159948,-3.2172288223268937,110733.51687048622,112298.9352506486,305.2937462529582,0.396643045261407,1.1611383124820473E-5,5.029047542249118E-8,0.002173803258328982,-7.183395395315984E-6,-55.40489280071006,0.004744540774982653,0.8028479259804782,-3.2172086594536466,110732.967000343,112298.3819365927,305.29360873776335,0.3966443068549242,1.1611413664281136E-5,5.0290093124065474E-8,0.0021737896347659774,-7.1833755521311105E-6,-55.404073746789436,0.0047443830558489,0.8028470800346812,-3.2172708467213353,110733.19311476,112298.60737848438,305.2936647630204,0.39664379278751666,1.1611401220792399E-5,5.0290248894346046E-8,0.0021738316531900916,-7.18365508831198E-6,-55.40648324104791,0.004744612736388376,0.8028468848901703,-3.2172519220303437,110733.24395426209,112298.65938942097,305.29367769085525,0.3966436742158877,1.1611398350303353E-5,5.0290284827303095E-8,0.0021738188662367187,-7.183551174421154E-6,-55.40571249456457,0.004744547167758739,3.08690132885122E-10,5.056036107767334E-8,3.782985707024354E-9,2.6857776741513427E-10,2.0850233765282383E-11,5.825450424015685E-11,-5.101399938367316E-6
1.65E-6,1.65E-6,1.1359395723172978,5.5E-8,-1519.6359119804195,-807.7384581670494,0.7972872314763699,-3.2426692294963138,112215.10850831402,113790.68441615025,305.6625883895536,0.39325141522031987,1.1529604748016728E-5,5.1327583201943286E-8,0.0021909927226326444,-7.1181756906923965E-6,-56.7437086048551,0.00510207108227867,0.7972866356598148,-3.2427813750187147,112215.27214550927,113790.84541073842,305.6626279859296,0.39325105015244005,1.1529595980895554E-5,5.132769583708796E-8,0.0021910684966342667,-7.118594418642488E-6,-56.747592430095665,0.005102570545892249,0.7972887147535606,-3.2427973370761523,112214.7149112237,113790.28357372138,305.6624897787176,0.39325232392443416,1.1529626573640151E-5,5.1327302803497125E-8,0.002191079281808211,-7.1187130872374384E-6,-56.747863956664105,0.005102521044532793,0.7972878832300073,-3.24271907066108,112214.93539320215,113790.5082857942,305.6625450601887,0.3932518145071877,1.1529614338220046E-5,5.1327459994299384E-8,0.002191026399095324,-7.118396551675233E-6,-56.745366103963306,0.005102235679883549,0.7972876632688347,-3.242766541153096,112214.99598100124,113790.56772031679,305.66255967772616,0.39325167973126907,1.1529611101609422E-5,5.1327501576388515E-8,0.002191058473752092,-7.1185725111888585E-6,-56.746977607426516,0.005102439763060573,3.085595038448416E-10,5.063670723720377E-8,3.7080952750039467E-9,2.655177214980726E-10,2.1612025991214777E-11,5.922905948753849E-11,-5.075944920358932E-6
1.675E-6,1.675E-6,1.1531507779584689,5.5E-8,-1414.6408006230747,-788.8626118975992,0.7916857189289742,-3.2664926908726004,113728.93334061767,115314.97108045008,306.0356059458501,0.389805424514218,1.1447167292229881E-5,5.240071355774246E-8,0.0022070896559950003,-7.0341352993352755E-6,-58.03712336756348,0.005465800545696453,0.791685026188714,-3.266497374968964,113729.1223169271,115315.16089993807,306.0356521568692,0.38980499658742784,1.144715709539478E-5,5.240084804923572E-8,0.002207092820924976,-7.034205379312652E-6,-58.03774468888241,0.005465802107790907,0.7916870629275539,-3.2665313607873205,113728.56963332638,115314.60279474712,306.03551628133994,0.38980625470561947,1.14471870753013E-5,5.2400452630903244E-8,0.0022071157843157573,-7.034422122274009E-6,-58.038860482916334,0.0054658394536879484,0.7916863524400093,-3.2664661646306876,113728.76030253757,115314.79748981707,306.0355636855566,0.3898058158498841,1.144717661723591E-5,5.2400590565919165E-8,0.0022070717328585726,-7.034087651192067E-6,-58.03633663756591,0.005465633860922026,0.7916861003386056,-3.2664581391676055,113728.82878524756,115314.86656958012,306.0355805033484,0.38980566012172874,1.1447172906413238E-5,5.2400639509681755E-8,0.0022070663102483823,-7.034081692154359E-6,-58.03627254275966,0.005465594519746375,3.0796916160832227E-10,5.0713585413090825E-8,3.6336385659973106E-9,2.6199620403883585E-10,2.2380080677437905E-11,6.015265718148592E-11,-5.05304374169882E-6
1.7000000000000002E-6,1.7000000000000002E-6,1.1703619835996402,5.5E-8,-1314.1809402523927,-663.0977464167943,0.7860450835238113,-3.2881411194051053,115274.62156524608,116871.43290583076,306.4125570937603,0.38630670306142983,1.1364124713314096E-5,5.3510691080545553E-8,0.002221716972571017,-6.92913424572339E-6,-59.27748937603451,0.0058388508620375035,0.7860444704085432,-3.288041523986469,115274.78688795377,116871.60328112179,306.41259814830767,0.3863063212272689,1.1364115685271426E-5,5.351081336610431E-8,0.002221649678369236,-6.928708997548938E-6,-59.27375244637892,0.005838402159966449,0.7860465208131042,-3.2879928506978064,115274.21972829182,116871.03355188767,306.41246088784226,0.38630759827654565,1.1364145877212767E-5,5.3510404413298335E-8,0.0022216167910120315,-6.928615717072262E-6,-59.27192216509184,0.005838042431697943,0.786045823347651,-3.288042857293801,115274.41388933973,116871.22734746945,306.4125075756135,0.3863071638691206,1.1364135607124825E-5,5.351054352221722E-8,0.0022216505792525686,-6.928760981139703E-6,-59.27378428233533,0.0058383782428386155,0.7860456333099064,-3.287977624856734,115274.46386442104,116871.28016018857,306.4125203039168,0.3863070455281592,1.1364132808844117E-5,5.351058142476473E-8,0.002221606503281577,-6.928489688533546E-6,-59.271354436036745,0.0058380881919077865,3.06849534615604E-10,5.0790940745173604E-8,3.559675902913988E-9,2.5808176380646865E-10,2.315334994174751E-11,6.102285608543799E-11,-5.015408420950751E-6
1.7250000000000002E-6,1.7250000000000002E-6,1.1875731892408115,5.5E-8,-1200.8813934812963,-409.96711353202585,0.7803694841870207,-3.307124285513028,116851.61595394732,118459.5471188341,306.7931685906657,0.3827572049444266,1.1280536675076294E-5,5.465826211461635E-8,0.002234543436157451,-6.801206099282809E-6,-60.42917488159583,0.0062126490283027636,0.7803688973617049,-3.307190370709163,116851.7822810205,118459.71246404505,306.79320800718557,0.3827568364256559,1.1280528030911461E-5,5.465838239495166E-8,0.002234588088317002,-6.801375950686861E-6,-60.4314351930077,0.006213092348367866,0.7803710929368645,-3.3070695219395145,116851.16373999334,118459.09383020972,306.79306052650406,0.38275821520952735,1.1280560372585491E-5,5.465793237345E-8,0.002234506433742915,-6.800979575842803E-6,-60.42674476295019,0.0062124230495363975,0.7803703121369073,-3.3071182339234033,116851.38404610215,118459.31382961373,306.79311297314166,0.3827577248775106,1.12805488710996E-5,5.465809241160264E-8,0.002234539347245543,-6.801165518481867E-6,-60.428752500453356,0.0062126695061905934,0.780370138613152,-3.3071622662739824,116851.43404693216,118459.36272001921,306.7931246268465,0.3827576159030448,1.12805463150275E-5,5.4658127978182363E-8,0.002234569098833772,-6.801286872644141E-6,-60.430240960288074,0.006212952954317785,3.0516807762096566E-10,5.0868709835434876E-8,3.486272690047755E-9,2.538086265929111E-10,2.3930623439654912E-11,6.183765919420381E-11,-4.954321266145463E-6
1.7500000000000002E-6,1.7500000000000002E-6,1.2047843948819825,5.5E-8,-1076.1455560766897,-276.4726679279395,0.7746632737405249,-3.3237067648119867,118459.2926459813,120078.67518275885,307.17714825772873,0.3791590989767606,1.119646570944513E-5,5.584412130027553E-8,0.002245747814062153,-6.6515739688099985E-6,-61.50502974479309,0.006590823030862225,0.7746625574894844,-3.3237949996061844,118459.49940022435,120078.87982820415,307.17719652831283,0.3791586454595526,1.1196455154681525E-5,5.584427221630176E-8,0.0022458074321663407,-6.651918557452063E-6,-61.50872309502097,0.006591298629857079,0.7746648893848639,-3.3237554638897575,118458.83651368585,120078.21353755215,307.1770393495003,0.3791601219126058,1.11964895177773E-5,5.5843780881577865E-8,0.0022457807188444308,-6.651808583484354E-6,-61.50696839917214,0.006591104838133077,0.7746640485770951,-3.3237758667573845,118459.0756444506,120078.45377992258,307.1770960228409,0.3791595895495652,1.1196477127531685E-5,5.584395804075495E-8,0.0022457945045658003,-6.65186347589497E-6,-61.50771689334533,0.006591184780663895,0.7746637765944531,-3.323848641892558,118459.15570123146,120078.53148540849,307.1771143488828,0.3791594173258388,1.1196473119562188E-5,5.58440153479955E-8,0.0022458436769544313,-6.652150731270013E-6,-61.51066989020751,0.00659156215142076,3.029455219697462E-10,5.094682590672945E-8,3.4134941548140407E-9,2.491591288305893E-10,2.4710634486982396E-11,6.259626382018496E-11,-4.879806345760425E-6
1.7750000000000002E-6,1.7750000000000002E-6,1.2219956005231536,5.5E-8,-960.0050561883537,-280.22309387986394,0.7689305387201609,-3.3379488282317475,120097.01804437337,121728.18914692306,307.5642159619082,0.37551448298980455,1.1111970442477724E-5,5.706900123200269E-8,0.002255370829886316,-6.481166508365277E-6,-62.49790938871274,0.0069691198088719375,0.7689298305750997,-3.3378522792599727,120097.21790350445,121728.39433630534,307.5642638623812,0.3755140309505865,1.111196000294553E-5,5.7069154659374885E-8,0.002255305594094576,-6.48083547787337E-6,-62.49417031604685,0.006968447740277384,0.7689321164044318,-3.337945624405518,120096.56426909902,121727.73201990388,307.56410926052274,0.37551549011694096,1.111199370082415E-5,5.706865941309688E-8,0.0022553686651388635,-6.481244918177254E-6,-62.4977161404795,0.006968948739732639,0.7689312356974058,-3.337971393643365,120096.81848480078,121727.98719737877,307.5641688216443,0.37551492790403845,1.1111980717371666E-5,5.7068850225652255E-8,0.0022553860767860574,-6.481306437962076E-6,-62.498733278734335,0.006969108861078155,0.7689309496613378,-3.337916107490069,120096.89858534318,121728.07007864711,307.56418817076195,0.3755147453161123,1.1111976500604721E-5,5.706891219841804E-8,0.0022553487212770736,-6.48113285038221E-6,-62.496595264811276,0.006968685454452839,3.001954246756166E-10,5.1025221478939933E-8,3.3414027954094815E-9,2.4412547680351845E-10,2.549211565657976E-11,6.329887379783322E-11,-4.796994855327234E-6
1.8000000000000001E-6,1.8000000000000001E-6,1.2392068061643249,5.5E-8,-855.4421173449095,-205.70686867111672,0.7631756722694645,-3.349429745525339,121763.9940595414,123407.3056775797,307.9540650906765,0.37182574860016376,1.1027114040449635E-5,5.833354789160104E-8,0.00226312820643604,-6.289107441688202E-6,-63.39060078018997,0.007344854947241686,0.7631750994309582,-3.349365011627215,121764.15837454305,123407.4739892506,307.9541039664014,0.3718253799400706,1.1027105592074367E-5,5.833367554666258E-8,0.0022630844673156856,-6.288807058467682E-6,-63.38791169440174,0.00734460977702156,0.763177239804232,-3.349442890950787,121763.53732854959,123406.84512516507,307.9539587277887,0.37182675745073807,1.102713715886869E-5,5.833319857426322E-8,0.0022631370884802614,-6.289206934724234E-6,-63.39084409779025,0.007344826566992424,0.7631763830079977,-3.3493907649444057,121763.78515796456,123407.09686078604,307.9540168680833,0.3718262060300878,1.1027124522610181E-5,5.833338950714809E-8,0.0022631018682056797,-6.289010899962478E-6,-63.3888936405649,0.007344506534330719,0.7631761886878149,-3.349336777253582,121763.83955186278,123407.15395915249,307.95403005872464,0.3718260809779324,1.1027121656724237E-5,5.833343281071649E-8,0.002263065390036204,-6.28878510440245E-6,-63.38663273406769,0.007344243235920089,2.9690699134803716E-10,5.110382617486126E-8,3.2700604041543962E-9,2.387293659761259E-10,2.6273757459401078E-11,6.394473289949005E-11,-4.701332750840466E-6
1.825E-6,1.825E-6,1.256418011805496,5.5E-8,-746.1523217955943,-5.279416874393092,0.7574036320726721,-3.357906099363922,123459.1810126243,125114.99991532022,308.34634464176713,0.3680957587826813,1.094196803031818E-5,5.963824677021581E-8,0.0022688554725431905,-6.075333153177098E-6,-64.16418881497589,0.007712929451365369,0.7574030283302917,-3.358006873657739,123459.36385739622,125115.17977116906,308.346385730807,0.36809536704357104,1.0941959122289724E-5,5.963838518669711E-8,0.0022689235632822563,-6.07561090788522E-6,-64.16857800451112,0.0077138329069939005,0.7574051536470334,-3.3579472063027924,123458.73284265642,125114.54661883233,308.34624106408154,0.3680967460354919,1.0941990480670529E-5,5.963789792535297E-8,0.002268883247501887,-6.075541352998926E-6,-64.16578634027542,0.007713107385853846,0.7574044159507003,-3.3578594694931594,123458.94738523752,125114.76639386648,308.34629128718376,0.36809626740141255,1.0941979596192336E-5,5.963806705407326E-8,0.0022688239658737565,-6.075198295292239E-6,-64.1622648281002,0.007712639006626887,0.7574042231394597,-3.3579115391805994,123459.00667227842,125114.8238318402,308.3463044079997,0.36809614229571147,1.0941976751323893E-5,5.963811125815965E-8,0.0022688591480949996,-6.07533825984774E-6,-64.16456108325633,0.007713144534847061,2.9306313068553984E-10,5.118256436197496E-8,3.1995300552618113E-9,2.3300476367164353E-10,2.7054165154350526E-11,6.453094953284493E-11,-4.592249433608523E-6
1.85E-6,1.85E-6,1.2736292174466672,5.5E-8,-623.8436160402647,193.30920326334146,0.7516196572886289,-3.3632989458519655,125181.87333640778,126850.07865774549,308.74067836227323,0.36432768636803037,1.0856608146874658E-5,6.098346406206388E-8,0.0022724992877378144,-5.8177965685501935E-6,-65.30110584395311,0.00833363000980114,0.7516189068504668,-3.363371638154968,125182.10321701449,126850.3053290991,308.7407295973327,0.3643271955149556,1.0856597069399636E-5,6.098364110718967E-8,0.002272548404158762,-5.818008379634421E-6,-65.30608387174993,0.008334932324842725,0.7516212064943849,-3.363227491476251,125181.4037854462,126849.61071628066,308.74057258493144,0.364328699689728,1.0856631015232778E-5,6.098309856905814E-8,0.0022724510077542235,-5.817631193849593E-6,-65.29584489715307,0.008332066247241698,0.751620479017956,-3.3633010408004953,125181.62819103389,126849.83045363628,308.74062225207757,0.3643282238646954,1.0856620276706304E-5,6.098327019446734E-8,0.0022725007032435777,-5.817836072452565E-6,-65.30222777567428,0.008334105818825321,0.7516202175830635,-3.363330842440094,125181.70896238119,126849.9094211244,308.740640100613,0.36432805286654457,1.0856616417577096E-5,6.098333187191678E-8,0.0022725208394865502,-5.817924699584864E-6,-65.30464783217758,0.008334793337731128,2.88656073278281E-10,5.1261355687166797E-8,3.1298761026697965E-9,2.269800005580791E-10,2.783185727741107E-11,6.50552606006661E-11,-4.4548808903371295E-6
1.8750000000000003E-6,1.8750000000000003E-6,1.2908404230878385,5.5E-8,-494.48201120537874,336.03422151892033,0.7458291776397757,-3.3654667682941057,126929.28604418205,128611.1887959684,309.1366693401788,0.3605249323593714,1.0771113004369733E-5,6.236945451837058E-8,0.0022739640326311524,-5.57676577969346E-6,-65.36329141317697,0.008452892387857958,0.745828400106424,-3.3654252611439626,126929.51543394882,128611.4268907105,309.1367225973116,0.3605244196578112,1.0771101521557988E-5,6.236964333119636E-8,0.0022739359872594343,-5.576622313441248E-6,-65.35644915606122,0.0084503054002667,0.7458308797891674,-3.365358319121332,126928.76290020619,128610.6675519048,309.13655276963965,0.3605260546673059,1.0771138142129687E-5,6.236904119415801E-8,0.002273890756163062,-5.576523232235786E-6,-65.35731371880206,0.008451444640421357,0.7458299642515273,-3.365505971341792,126929.04977014226,128610.94791320633,309.13661546218964,0.36052545101917244,1.0771124621248926E-5,6.236926350567319E-8,0.0022739905211768864,-5.5769132379168695E-6,-65.36601567312505,0.008453648100761768,0.7458297056848885,-3.365472308203063,126929.1239232138,128611.02708908376,309.1366331745385,0.3605252805138743,1.0771120802669284E-5,6.236932629614933E-8,0.0022739677758128805,-5.57680884512024E-6,-65.36161230763946,0.008452067247034734,2.8370476684203097E-10,5.134011343741826E-8,3.061162217433837E-9,2.2065790603915491E-10,2.860531264446305E-11,6.551854334893924E-11,-4.323932242225769E-6
1.9000000000000002E-6,1.9000000000000002E-6,1.3080516287290096,5.5E-8,-365.3542284461386,448.38837373374736,0.740037842554768,-3.3642938301017073,128703.10590427596,130396.83234938527,309.53390266471695,0.35669123960174154,1.0685564552715847E-5,6.379632855374646E-8,0.002273171506825478,-5.182657167353E-6,-67.52818090076221,0.00982086483551825,0.7400371562408024,-3.364228076305595,128703.30407141687,130397.04540359031,309.533949822074,0.35669078345861505,1.068555441214647E-5,6.379650012414765E-8,0.0022731270785848615,-5.182113907551411E-6,-67.51496526368783,0.009816420411425497,0.7400395918265957,-3.364345600967464,128702.58685742714,130396.28932558744,309.53378248713597,0.3566924022053424,1.068559039891241E-5,6.379589126612478E-8,0.0022732064871401783,-5.183412233265017E-6,-67.54789774513438,0.00982768625696906,0.7400385999174812,-3.3642896211879405,128702.86964872482,130396.59723927274,309.5338506438204,0.3566917429361641,1.0685575743048523E-5,6.379613923298382E-8,0.002273168662964825,-5.182595574808602E-6,-67.52519101074586,0.009819805511654067,0.7400383669077136,-3.36429229582171,128702.94211888364,130396.66957341597,309.5338666485992,0.3566915880815857,1.0685572300237445E-5,6.379619747919597E-8,0.002273170470149804,-5.1826082045636215E-6,-67.52589448874119,0.009819989195705148,2.7823566123399017E-10,5.141875737043526E-8,2.993449600110866E-9,2.1403572552074545E-10,2.9373012281730244E-11,6.592325142344726E-11,-4.09779989034705E-6
1.925E-6,1.925E-6,1.3252628343701807,5.5E-8,-240.36769314564094,537.4861996787243,0.7342515730313492,-3.3595830772256585,130494.45070847632,132205.26337668617,309.9319284112957,0.3528305140994299,1.0600048838597363E-5,6.526404446608797E-8,0.0022699885656930125,-5.0843356046925694E-6,-64.65084960638592,0.008373969260901504,0.7342509729654065,-3.359548429825591,130494.64506228783,132205.4521954878,309.9319697431238,0.35283011217931837,1.0600039967949669E-5,6.526419890361133E-8,0.0022699651552875615,-5.084440525280343E-6,-64.65787041362682,0.008377053729958561,0.7342531813365252,-3.3596977263759626,130493.94629882833,132204.75732209804,309.93181762477934,0.35283159139775333,1.0600072613842475E-5,6.526363053001946E-8,0.0022700660313351097,-5.084299125996949E-6,-64.64851230208183,0.00837264703241658,0.7342523755848391,-3.35953423358555,130494.19750869954,132205.01084610602,309.9318731294559,0.35283105165775924,1.0600060702578567E-5,6.526383791183355E-8,0.0022699555632334795,-5.0843141569600905E-6,-64.64819324512018,0.008373109045123783,0.7342521143392181,-3.359565214426936,130494.28180582903,132205.0930509485,309.93189112330623,0.3528308766797735,1.060005684064044E-5,6.526390514744882E-8,0.0022699764962344163,-5.084364487260018E-6,-64.65093238928921,0.008374090054189764,2.7224518424858316E-10,5.14971824694787E-8,2.926798572815792E-9,2.0714579194708025E-10,3.013340365483156E-11,6.627111032065147E-11,-4.063046079431797E-6
1.95E-6,1.95E-6,1.3424740400113517,5.5E-8,-120.19875641450314,631.7066031567723,0.7284767500576309,-3.3509964415634914,132311.54730204813,134034.5757002609,310.3302759917377,0.3489473815130094,1.0514658859927189E-5,6.67722908782927E-8,0.002264186784840197,-4.669181197698436E-6,-66.85373212676745,0.009829470813187413,0.7284761469863744,-3.3510340273728487,132311.7341417561,134034.76801490906,310.33031765051277,0.3489469744172515,1.0514649940232999E-5,6.677245070886467E-8,0.00226421218065733,-4.669036296149898E-6,-66.84977556345962,0.009827773852464361,0.7284782846090375,-3.3509692944521587,132311.06509011588,134034.08633385997,310.3301699885672,0.3489484173589611,1.0514681556622776E-5,6.677188418723241E-8,0.0022641684421974046,-4.66956700606147E-6,-66.85702300627145,0.009830168518533355,0.7284775982519619,-3.350991148877391,132311.27920960303,134034.3052228868,310.3302174063019,0.3489479540799055,1.0514671405098728E-5,6.67720660861128E-8,0.0022641832087009397,-4.669139966892999E-6,-66.85398152748189,0.00982983911329427,0.7284773203918533,-3.3509801215838175,132311.36548543177,134034.3938266906,310.3302365992498,0.3489477665059899,1.0514667295422921E-5,6.677213972699121E-8,0.002264175757826904,-4.669126482497177E-6,-66.85235313009798,0.009829110953660347,2.6572073702592626E-10,5.1575314125142287E-8,2.8612711222218617E-9,2.0003661300881412E-10,3.088485030412613E-11,6.656213924124365E-11,-3.825691922604137E-6
1.975E-6,1.975E-6,1.359685245652523,5.5E-8,0.30204498220642967,781.9319358312969,0.722720226867667,-3.33831935899405,134143.0490950394,135882.48310356654,310.72841812025155,0.34504665738886353,1.042949471755796E-5,6.83205130444413E-8,0.0022556211885094934,-4.428248137031687E-6,-65.06376530237299,0.009193890061624188,0.7227195145756568,-3.3384093143747853,134143.28610106788,135882.71327225302,310.72846743865387,0.3450461729098455,1.0429484176821326E-5,6.832070744007649E-8,0.002255681969172152,-4.428566178233951E-6,-65.07242639091601,0.009196476195981518,0.7227218528143563,-3.3382379141369634,134142.5197326949,135881.95770655118,310.72830552985306,0.34504776334206794,1.042951877887008E-5,6.832006929176442E-8,0.002255566158200651,-4.4279026116100795E-6,-65.05563692552778,0.009191757617557528,0.7227210314962464,-3.3383756022587505,134142.79376959565,135882.22309848713,310.72836239260823,0.3450472046971037,1.042950662473014E-5,6.832029344075833E-8,0.002255659190715372,-4.42844476594928E-6,-65.06638477675733,0.009194341454701771,0.7227207894249116,-3.3383443368180608,134142.8705823711,135882.30132170726,310.72837915912754,0.345047040042022,1.0429503042474883E-5,6.83203595080746E-8,0.0022556380654176087,-4.4283515360632465E-6,-65.06559412808178,0.009194402678360802,2.586805550991994E-10,5.1653033983669466E-8,2.7969298551191575E-9,1.9273254816074835E-10,3.1625659562736115E-11,6.679421101561284E-11,-3.6943158743008955E-6
2.0000000000000003E-6,2.0000000000000003E-6,1.3768964512936943,5.5E-8,128.1518603021584,974.2102989531639,0.7169890536680052,-3.321538420500557,135993.20544691052,137746.58740330112,311.12582070494955,0.3411336724783363,1.034465962969841E-5,6.990789997082419E-8,0.00224428271655443,-4.035794674734916E-6,-65.91424799777792,0.010055203595882745,0.7169882608853133,-3.321543825226182,135993.45900711208,137746.8469391325,311.12587574641606,0.3411331291573745,1.0344647891362716E-5,6.990812280451823E-8,0.002244286368396069,-4.035694829838121E-6,-65.91033676974894,0.010053510153142042,0.7169907436359595,-3.321544545064922,135992.66066777083,137746.03414525877,311.1257033733073,0.3411348306440472,1.0344684652199322E-5,6.990742496515402E-8,0.002244286854773596,-4.036038976664713E-6,-65.91832625000939,0.010056562408905734,0.7169897877168022,-3.321565452795428,135992.96797816578,137746.34709226296,311.1257697414646,0.3411341755365714,1.0344670498388058E-5,6.99076936486534E-8,0.0022443009816185324,-4.035880864279306E-6,-65.91517883680126,0.010055309437703386,0.7169895782901338,-3.3215584690242066,135993.03546636834,137746.4156538132,311.12578428168956,0.34113403201216025,1.0344667397513144E-5,6.990775251313353E-8,0.0022442962628541935,-4.035849005816772E-6,-65.91465083330263,0.010055157415621352,2.511633247283475E-10,5.173024999080165E-8,2.7338351992149058E-9,1.8524193938473048E-10,3.235414951207667E-11,6.696468109930457E-11,-3.467550163401876E-6
2.025E-6,2.025E-6,1.3941076569348654,5.5E-8,263.55496037586107,1142.090653942203,0.7112904011225039,-3.3005314701077006,137854.78268569615,139624.25566176255,311.5219263856817,0.3372138471812194,1.0260258779394259E-5,7.153342551984158E-8,0.0022300888311538518,-3.7435841312571937E-6,-64.78875208769614,0.009870499959149015,0.7112896904362721,-3.3004300056699174,137855.01553414282,139624.49133446073,311.5219758463051,0.33721335653413603,1.0260248250653392E-5,7.153363124431712E-8,0.0022300202741012956,-3.74342601176636E-6,-64.78781009731051,0.009870991192229894,0.7112920708257172,-3.300550591670681,137854.23127690956,139623.70197041865,311.5218101930059,0.3372149999072211,1.026028351586232E-5,7.153294219313657E-8,0.0022301017511288388,-3.743584945539169E-6,-64.78661243224951,0.009869592302919727,0.7112911668310521,-3.3004679225168494,137854.5283043561,139624.0017412358,311.5218731030967,0.3372143757981589,1.0260270123279974E-5,7.153320387280343E-8,0.0022300458935924656,-3.743530199784573E-6,-64.78626329118129,0.009869919450352427,0.7112909460400729,-3.3004882390898436,137854.60198073476,139624.0749590629,311.5218884668202,0.3372142233732576,1.0260266852286878E-5,7.153326778407357E-8,0.002230059621006651,-3.743553728980942E-6,-64.78730660832412,0.009870215303351415,2.431982300113464E-10,5.18068484766737E-8,2.6720449969195378E-9,1.7758359418650955E-10,3.306866538631936E-11,6.707411773057476E-11,-3.3076198547913656E-6
2.0500000000000003E-6,2.0500000000000003E-6,1.4113188625760367,5.5E-8,399.22930812864115,1248.8014698613033,0.7056318725483816,-3.274917833105893,139727.80291182428,141512.6182910272,311.91614997394686,0.33329317543488685,1.0176403995702792E-5,7.319570201433293E-8,0.0022127823196661438,-3.3567584203808566E-6,-64.56088454871224,0.010311023439669498,0.7056312854193862,-3.2748734840941496,139727.9943215368,141512.8154633145,311.9161909287645,0.33329276714691697,1.0176395292374026E-5,7.319587704752847E-8,0.0022127523541176685,-3.356558500513529E-6,-64.55670364692196,0.010309919825800762,0.7056335289533642,-3.2749137952147622,139727.25299694017,141512.06202359765,311.91603444446156,0.33329432725643926,1.0176428549472266E-5,7.319520822382165E-8,0.002212779591361326,-3.356940119516594E-6,-64.56277490407092,0.010311582761744376,0.7056327455636618,-3.2748550837726467,139727.50932998568,141512.3251074294,311.9160890894412,0.33329378249870995,1.0176416936868623E-5,7.319544176258914E-8,0.0022127399214680044,-3.3566568420440037E-6,-64.55813448947242,0.010310561978315036,0.7056324823503998,-3.27488428502577,139727.59807419553,141512.41350210743,311.9161074455552,0.33329359947077425,1.017641303512006E-5,7.31955202278284E-8,0.002212759652044439,-3.3567027084302483E-6,-64.5591930915723,0.010310696909215267,2.3479687505505445E-10,5.188272753384852E-8,2.6116164422259116E-9,1.697945285767471E-10,3.376754527552149E-11,6.712716068742986E-11,-3.0893514694118364E-6
2.075E-6,2.075E-6,1.4285300682172077,5.5E-8,528.5344583251168,1325.3441369331013,0.7000216743904661,-3.244372384924456,141607.09407888865,143408.4247066659,312.3078531968836,0.3293781576386551,1.0093216296811823E-5,7.489291332877916E-8,0.0021921435033273352,-3.0311576598762714E-6,-63.28808706639029,0.010206518938730369,0.7000210700813865,-3.2444371150537274,141607.30252088982,143408.6301887016,312.3078954290186,0.32937773446639107,1.0093207333458061E-5,7.489309883902009E-8,0.002192187239901167,-3.031254430680974E-6,-63.29270292146816,0.010207905948220741,0.7000232979819719,-3.2444136713140996,141606.54640937754,143407.87266063536,312.3077397202739,0.32937929463569265,1.009324037858051E-5,7.489241490950557E-8,0.0021921713995365537,-3.031232924683991E-6,-63.28801473539511,0.010206239730564448,0.7000225525069578,-3.244428227237643,141606.80032577808,143408.12613566392,312.30779182062986,0.32937877259132414,1.0093229321395183E-5,7.489264375674729E-8,0.002192181234620029,-3.03128139833575E-6,-63.29049880202888,0.010207070305909838,0.7000222585398697,-3.2444351346912987,141606.89984131636,143408.22608955225,312.3078123660819,0.3293785667291208,1.009322496115636E-5,7.489273399998816E-8,0.002192185901818445,-3.031284521739508E-6,-63.290865959877465,0.010207149355835554,2.2596999263406112E-10,5.195776735447671E-8,2.5526075528761835E-9,1.619175343766712E-10,3.444909198141531E-11,6.712851745838782E-11,-2.9082944830784862E-6
2.1000000000000002E-6,2.1000000000000002E-6,1.445741273858379,5.5E-8,653.9268830382535,1452.7834110965275,0.6944683212063905,-3.208861218989297,143490.63954433234,145308.19314427164,312.6963766434456,0.32547574068810353,1.0010821573778633E-5,7.662284593625686E-8,0.0021681494722900654,-2.6565065171268996E-6,-62.4119814366818,0.010423096739401672,0.6944676235232091,-3.2089067963122018,143490.87830367236,145308.4332682357,312.6964255000314,0.32547524873958433,1.0010811219107451E-5,7.662306646582308E-8,0.0021681802677785147,-2.656517191041985E-6,-62.41256135289905,0.01042290247511346,0.6944698761286061,-3.208900962474102,143490.1115052036,145307.65798801367,312.6962677493842,0.32547683711293496,1.0010844651173173E-5,7.662235444081185E-8,0.002168176325996015,-2.656708439161548E-6,-62.41476479498283,0.010423687789057112,0.6944690705956458,-3.208956758373141,143490.38760880372,145307.93523326513,312.69632415923337,0.3254762691252725,1.0010832695851291E-5,7.662260905768252E-8,0.002168214025927798,-2.6566801064120684E-6,-62.4158682657644,0.010423816169691236,0.6944687824895055,-3.2089428109464255,143490.48527638215,145308.03438942795,312.6963443357508,0.3254760659698374,1.0010828419920528E-5,7.662270012559636E-8,0.0021682046019908282,-2.6566502940283953E-6,-62.41518267124184,0.010423636870001474,2.167541751993646E-10,5.203185330152231E-8,2.4950759388459235E-9,1.5397742529918867E-10,3.5111610765117007E-11,6.707950631543987E-11,-2.6916736847058773E-6
2.125E-6,2.125E-6,1.46295247949955,5.5E-8,784.8655572688825,1652.5999386613057,0.6889803917143755,-3.168348884191278,145373.7153572027,147208.24795665874,313.08104910010866,0.3215930415093917,9.929346990004285E-6,7.838294592558703E-8,0.002140776273102215,-2.3211156438662786E-6,-60.85891208501516,0.01030956064886368,0.6889796772221208,-3.1683226730610494,145373.9618894047,147208.4967967245,313.0810992268565,0.32159253431309426,9.92933637920063E-6,7.838317842876694E-8,0.0021407585628790875,-2.321091485271154E-6,-60.858629696715525,0.010309590499304022,0.6889819336706625,-3.1683245152470954,145373.18057245092,147207.7109227199,313.08094092285023,0.32159413606933074,9.929369889328952E-6,7.838244416444829E-8,0.0021407598075993887,-2.321143308989804E-6,-60.856790079738175,0.010308842780659688,0.6889810747268243,-3.1683318952120474,145373.47845405925,147208.01007351567,313.0810011817707,0.32159352634187194,9.929357133303466E-6,7.838272366946104E-8,0.0021407647940621943,-2.321172449342157E-6,-60.85795585424512,0.010309103374964934,0.6889808155314994,-3.1683121359397677,145373.56726269313,147208.1003444196,313.08101936715104,0.321593342345193,9.9293532840373E-6,7.838280801453028E-8,0.0021407514432025456,-2.3211315266280507E-6,-60.85722836105856,0.010309000171645266,2.0720330376042912E-10,5.210486286586432E-8,2.4390763878675735E-9,1.459872993968331E-10,3.5753476576540237E-11,6.697912221241146E-11,-2.5008058527529016E-6
2.15E-6,2.15E-6,1.4801636851407214,5.5E-8,923.4230959931448,1820.7987101320668,0.6835667554434064,-3.122534204707076,147253.23277104984,149104.6766140396,313.4611787964459,0.31773757746493647,9.848924381486913E-6,8.017021093716978E-8,0.0021098204085858623,-1.9654635494248394E-6,-59.42472204623209,0.01034445150790475,0.6835660990486265,-3.12249210975064,147253.45969404213,149104.9078787068,313.4612249268857,0.3177371084664718,9.848914627227526E-6,8.017043078633645E-8,0.00210979196604773,-1.9653658112872564E-6,-59.42227287504852,0.010343847055736433,0.6835683398347822,-3.1225081015774894,147252.67863044917,149104.1183784014,313.46106745407695,0.31773870947694527,9.848947926093097E-6,8.01696802820245E-8,0.0021098027713361413,-1.9655480896574317E-6,-59.42424901738468,0.010344389496651729,0.6835675242481201,-3.1224499930924083,147252.96040959514,149104.40572905316,313.4611247724179,0.31773812673453705,9.848935806187786E-6,8.016995344807815E-8,0.002109763508846222,-1.965423052894266E-6,-59.42102898298572,0.010343595282705564,0.6835673156121843,-3.12241127126114,147253.03173240134,149104.47923448615,313.461139435944,0.3177379776565472,9.848932705782884E-6,8.017002332827258E-8,0.002109737345446716,-1.965370882857087E-6,-59.419447889346884,0.010343261086177336,1.973546959023717E-10,5.217667776164358E-8,2.384661106645854E-9,1.3797930170042935E-10,3.63731398443574E-11,6.682747379149155E-11,-2.30037221675862E-6
2.1750000000000004E-6,2.1750000000000004E-6,1.4973748907818927,5.5E-8,1059.7123518414342,1898.5032829266179,0.6782368209638059,-3.0710874821003893,149124.35215535923,150993.2152631252,313.83603193699224,0.31391738456424484,9.769693974721123E-6,8.198107791704963E-8,0.00207505910952729,-1.63989384716956E-6,-57.50224704415882,0.010162083623953322,0.678236229004226,-3.071054742162526,149124.56072680376,150993.42618917493,313.83607360173625,0.3139169589450493,9.76968517224826E-6,8.198128192807069E-8,0.0020750369879476527,-1.6398389894334287E-6,-57.501628091475595,0.010162136551400636,0.6782384094813815,-3.0711086575078768,149123.7912906225,150992.64924415425,313.8359201331669,0.3139185266981169,9.769717596063096E-6,8.198053046090251E-8,0.002075073417235052,-1.639955630849954E-6,-57.502743688796954,0.010162169197911908,0.6782376693011503,-3.071077860404904,149124.0523032391,150992.91298298567,313.8359722297847,0.31391799450960955,9.769706589542972E-6,8.19807855518897E-8,0.002075052608381692,-1.6399049670212663E-6,-57.50218770576157,0.010162234582764995,0.6782375033974753,-3.0710660474554023,149124.1106198709,150992.97209750593,313.83598390724717,0.31391787522466374,9.76970412254598E-6,8.198084272823317E-8,0.0020750446266590557,-1.63987531635712E-6,-57.50187625284366,0.010162272335577427,1.8723478313177857E-10,5.224717240402228E-8,2.331881800173289E-9,1.2999814754593146E-10,3.6969091552308606E-11,6.662732304253508E-11,-2.117282397794291E-6
2.2E-6,2.2E-6,1.5145860964230637,5.5E-8,1188.7499317218044,1992.06204408129,0.6730003722612629,-3.0139006926309473,150983.66132583737,152869.3265965252,314.2048487536524,0.3101409479229286,9.691802003332917E-6,8.381142974594783E-8,0.0020364193869128024,-1.2938795613592903E-6,-56.18207550515967,0.010349212827378551,0.672999815062974,-3.0138927705726424,150983.85964208381,152869.52731838412,314.20488802585504,0.31014054486095616,9.691793712263858E-6,8.381162727553546E-8,0.0020364140341707043,-1.2938308719867564E-6,-56.18133109091082,0.010349025861614791,0.6730019048013943,-3.013945021686868,150983.11560505294,152868.7745245679,314.20474073761324,0.3101420565198107,9.691824807412944E-6,8.381088645583061E-8,0.0020364493389776134,-1.2940171546915736E-6,-56.18385766825054,0.010349477084020009,0.6730011755098503,-3.013963528228264,150983.3763546025,152869.03724378956,314.2047921382765,0.31014152898201536,9.691813955613047E-6,8.381114498935113E-8,0.002036461843397476,-1.2939680951262744E-6,-56.18406225262652,0.010349505726821917,0.6730009604201254,-3.0140321356649746,150983.45555382434,152869.11473452224,314.2048072955278,0.3101413734141303,9.691810755098576E-6,8.381122123511336E-8,0.0020365081997736315,-1.2940049718679347E-6,-56.18641199481476,0.010349967988958042,1.7688649280918878E-10,5.2316221498999376E-8,2.2807896528871733E-9,1.2207443239397674E-10,3.75398765089584E-11,6.638245770488739E-11,-1.9197944808210105E-6
2.2250000000000003E-6,2.2250000000000003E-6,1.531797302064235,5.5E-8,1318.8170492544637,2170.7113061042346,0.667867329743962,-2.9509267051003976,152824.5110754448,154728.25874112593,314.5668572369067,0.30641696063558405,9.615397177371145E-6,8.565665447586266E-8,0.0019938693953381065,-1.0051690722434614E-6,-53.52977724042171,0.009899511261579619,0.6678667540581175,-2.95095606153676,152824.72034165985,154728.46833372768,314.5668978607667,0.3064165417764735,9.615388605450096E-6,8.565686431791952E-8,0.001993889230768081,-1.0051599871019334E-6,-53.53119572626861,0.009899906301058081,0.6678687854284547,-2.9509717866841796,152823.98702911183,154727.72878310742,314.56675451128655,0.3064180198112854,9.615418852414705E-6,8.565612386173919E-8,0.0019938998558676887,-1.0052521696479744E-6,-53.53127683797925,0.00989975313694913,0.6678680399957501,-2.9509728941211244,152824.25666599802,154728.00017013284,314.56680711431613,0.30641747743531567,9.615407752974785E-6,8.565639557813661E-8,0.001993900604135895,-1.0052318059194932E-6,-53.53178605529274,0.009899921410067236,0.66786772156405,-2.951026095347682,152824.3738296375,154728.11610848657,314.5668295834029,0.3064172457643242,9.615403011552682E-6,8.56565116458823E-8,0.0019939365509105958,-1.0052499145274397E-6,-53.53397648710779,0.009900366922323656,1.6636215657903171E-10,5.238369409484491E-8,2.23143394111807E-9,1.1423300083442085E-10,3.808414275247214E-11,6.609584105120486E-11,-1.7604149072575803E-6
2.25E-6,2.25E-6,1.5490085077054059,5.5E-8,1455.369531843701,2342.800117911565,0.6628478005656784,-2.881996670957269,154643.97571117975,156565.0728412697,314.92127504796264,0.3027544302637403,9.5406314672965E-6,8.751159230518356E-8,0.0019472950479441007,-7.072014702202978E-7,-51.51863067091108,0.009818251292301738,0.662847183460509,-2.8820162196728276,154644.20130138448,156565.299816721,314.9213186431007,0.30275397873899806,9.540622272398003E-6,8.751182349157453E-8,0.0019473082565356944,-7.071763101862416E-7,-51.51914655836549,0.00981831279162293,0.6628491920122708,-2.8820264345075812,154643.4693464894,156564.56106875883,314.92117674735067,0.3027554483835062,9.540652199923373E-6,8.751107102522765E-8,0.0019473151584510685,-7.073006067059851E-7,-51.519751834111275,0.0098183841098205,0.6628484643214335,-2.8820043264103687,154643.7336469191,156564.82871044654,314.921228156196,0.30275491592868464,9.540641357291584E-6,8.751134364157893E-8,0.0019473002205475465,-7.072495832005643E-7,-51.51865238554433,0.009818131916716766,0.6628481451386923,-2.8819524644831644,154643.84809959403,156564.94609749896,314.92125070600235,0.30275468236481956,9.540636601448804E-6,8.751146322081321E-8,0.0019472651787048407,-7.072309196587412E-7,-51.516701321961364,0.009817629355183044,1.5571004411934554E-10,5.2449463640004953E-8,2.183861948796108E-9,1.0650619947178876E-10,3.8600656559485216E-11,6.576978654708236E-11,-1.594990931608517E-6
2.2750000000000002E-6,2.2750000000000002E-6,1.5662197133465772,5.5E-8,1592.0841896879854,2446.0732247998944,0.6579521522456953,-2.806973873823332,156435.45668461375,158374.58323326768,315.26730092516726,0.29916263712104063,9.467661211085875E-6,8.937049783459465E-8,0.0018966039687995488,-4.5496789510934834E-7,-48.69278501247163,0.009355352855322963,0.657951541536314,-2.806947043209699,156435.6808343404,158374.81006670403,315.267344110644,0.29916218785670246,9.467652105252136E-6,8.937073285774163E-8,0.0018965858400065534,-4.5494472715290614E-7,-48.69201315506575,0.009355204416863216,0.6579535178422605,-2.806974261715533,156434.95363836482,158374.0760060302,315.26720435974,0.2991636416901286,9.467681572474794E-6,8.936997231007871E-8,0.0018966042308888736,-4.5502712694656114E-7,-48.692690956264414,0.00935526120363761,0.6579528223590574,-2.8069586846316157,156435.2094541661,158374.33432877174,315.26725353971096,0.2991631300692376,9.467671202644586E-6,8.937023995428053E-8,0.0018965937058321727,-4.5499692745920584E-7,-48.692361246713745,0.009355258827696389,0.6579526064766322,-2.806888866267382,156435.2864635904,158374.41450249392,315.26726880718195,0.29916297123271873,9.467667983778177E-6,8.937032303767557E-8,0.0018965465312617447,-4.549720351576525E-7,-48.68987277715951,0.009354776100792606,1.449861387026355E-10,5.251339906923964E-8,2.1381189311758638E-9,9.892017416111652E-11,3.908831902859408E-11,6.540726832912188E-11,-1.4563520551262149E-6
2.3E-6,2.3E-6,1.5834309189877482,5.5E-8,1723.4597546301557,2541.833898579829,0.6531909178880183,-2.725803498108057,158194.75390060776,160151.4335134983,315.60412572778847,0.29565111945603145,9.396645731725023E-6,9.122704584365988E-8,0.0018417591203432817,-2.128868473505463E-7,-46.16273504002379,0.00907149820250197,0.6531903704510484,-2.725756307586904,158194.95562482925,160151.63876691082,315.6041644715324,0.29565071466287735,9.396637563687836E-6,9.122726212863897E-8,0.0018417272348560162,-2.128587701122342E-7,-46.160946821845755,0.0090711058540478,0.653192282331442,-2.7258039206842075,158194.24664990584,160150.921913295,315.6040291644336,0.2956521283192988,9.39666608990088E-6,9.12265067823411E-8,0.0018417594058677078,-2.1295777600016663E-7,-46.162745319791384,0.009071447388521392,0.6531916277989495,-2.7257724120068683,158194.48876696962,160151.1673252447,315.60407548720536,0.2956516443482052,9.396656323948046E-6,9.122676537546056E-8,0.001841738116220857,-2.129201152456517E-7,-46.16153198510597,0.009071184720198744,0.6531914743135464,-2.725769291354404,158194.54573917444,160151.22487485618,315.6040863499758,0.2956515308612793,9.396654033869131E-6,9.122682601434935E-8,0.0018417360076718944,-2.1289917256694935E-7,-46.16144269493748,0.009071247269673677,1.3425025378778118E-10,5.257537358088009E-8,2.0942475043001475E-9,9.149725631978017E-11,3.954619587958635E-11,6.501231533565949E-11,-1.3253363084095902E-6
2.325E-6,2.325E-6,1.6006421246289195,5.5E-8,1852.5606799021398,2677.4826889797405,0.6485748015170316,-2.6383439313283694,159915.57147505347,161890.0802271541,315.9309303413191,0.2922296124229466,9.327747420938936E-6,9.307432506307425E-8,0.0017826648184651145,-1.1801135002542652E-8,-43.12735560022793,0.008551430576801522,0.648574326203361,-2.638307100351994,159915.7486695291,161890.26005417889,315.93096400362276,0.2922292592525296,9.327740324145458E-6,9.307451772559532E-8,0.0017826399326702662,-1.1781537523347652E-8,-43.1262581224114,0.00855125840502069,0.6485761204870499,-2.6383958280578472,159915.07844409003,161889.58120996784,315.93083693160406,0.292230592433913,9.327767114155501E-6,9.307379044070956E-8,0.0017826998838228697,-1.1839425582138574E-8,-43.12908209568673,0.00855182146824518,0.6485755296351967,-2.6383529867230724,159915.29875027112,161889.80474828166,315.93087877620775,0.2922301534162872,9.327758292291123E-6,9.307402993344103E-8,0.0017826709369750489,-1.1823223786677773E-8,-43.127758167904176,0.008551570889721916,0.64857535745559,-2.6383786718935536,159915.36433154976,161889.86989792465,315.93089096966594,0.2922300255001143,9.327755721522464E-6,9.307409972090399E-8,0.0017826882918199687,-1.1804645225765854E-8,-43.128745871892534,0.008551831602119364,1.2355082813160758E-10,5.263525847288026E-8,2.052288435161686E-9,8.427280487176302E-11,3.997351616409824E-11,6.458874420356648E-11,-1.2217924913614839E-6
2.3500000000000004E-6,2.3500000000000004E-6,1.6178533302700908,5.5E-8,1983.2115356837598,2821.932721192459,0.6441147221937906,-2.544483832802169,161592.87264695778,163584.80673394765,316.24688528944745,0.2889081023799364,9.261132410093984E-6,9.490480808023711E-8,0.0017192458329744384,1.6748705050417812E-7,-40.21480869890024,0.008108878367409034,0.6441142881241466,-2.5444726124168593,161593.0364954392,163584.97237814596,316.24691604782623,0.28890777837850834,9.261125924672692E-6,9.490498845740417E-8,0.0017192382516330131,1.6751124235270254E-7,-40.21443606403773,0.008108842150477358,0.6441159326431737,-2.544558782017283,161592.41720219297,163584.34482876904,316.2467995164633,0.28890900591236435,9.261150495382383E-6,9.490430507817477E-8,0.0017192964743360018,1.6745451020483415E-7,-40.21730070738772,0.008109390472213818,0.6441153657253271,-2.544572921866515,161592.6321396583,163584.56117416828,316.24683968823643,0.2889085827616936,9.261142025083746E-6,9.490454065667721E-8,0.001719306028288186,1.6749531070558987E-7,-40.21775138597968,0.008109577726770567,0.6441151595763579,-2.5445868861720844,161592.71054034607,163584.63984533856,316.2468542955759,0.2889084288936906,9.261138945019986E-6,9.49046263199635E-8,0.0017193154636297868,1.67502621195581E-7,-40.21815675357652,0.008109641273904344,1.1293697144808375E-10,5.2692926187541674E-8,2.012281713345051E-9,7.728388246371698E-11,4.036966743695006E-11,6.413945014090977E-11,-1.12959315658413E-6
2.375E-6,2.375E-6,1.6350645359112619,5.5E-8,2114.1638157840453,2943.073160386525,0.6398216004948079,-2.444331484035981,163220.47528366247,165229.80328878798,316.55116511542184,0.2856966239182726,9.196967374557334E-6,9.67104454944063E-8,0.0016515753270513387,3.0815471660616825E-7,-36.99870601016028,0.007517742460777299,0.6398211671856104,-2.4443419521317074,163220.6410037207,165229.97000138045,316.55119583311796,0.285696299090451,9.196960896110308E-6,9.671062994311335E-8,0.0016515824000889914,3.081798230653021E-7,-36.999154932429065,0.007517896241836297,0.6398227331820436,-2.4443477820930495,163220.0436223978,165229.36750634422,316.55108481769,0.2856974730504463,9.196984309473394E-6,9.670996333678972E-8,0.0016515863392520605,3.0810590757823773E-7,-36.99905917464912,0.007517689966505259,0.6398221206021772,-2.44438769254497,163220.27867707284,165229.6031969938,316.55112824375175,0.2856970138446557,9.196975150736984E-6,9.671022409302464E-8,0.0016516133057736285,3.0814962201475285E-7,-37.00046101497264,0.007518052136333608,0.6398218943543493,-2.444396875891062,163220.36525191157,165229.69024427678,316.5511442825217,0.28569684423984154,9.19697176808465E-6,9.67103204005115E-8,0.001651619510737204,3.081586643816081E-7,-37.00074121040666,0.007518112926845788,1.0247309581576703E-10,5.274824925771688E-8,1.9742654902969736E-9,7.055212865842415E-11,4.073423458496406E-11,6.366749007616217E-11,-1.0600518331896E-6
2.4000000000000003E-6,2.4000000000000003E-6,1.6522757415524332,5.5E-8,2243.2343966914245,3057.6141060335726,0.6357061858116555,-2.337981943343347,164793.69821204708,166819.26702172597,316.84296315940094,0.28260514057634545,9.135416936801803E-6,9.848275426593606E-8,0.0015797175292860453,4.6308961728414037E-7,-34.545154488859225,0.007346352878641937,0.6357057424328033,-2.337983587857618,164793.86859984172,166819.4389256177,316.842994601291,0.28260480684092887,9.135410303370278E-6,9.848294743317356E-8,0.0015797186404443366,4.6310354932188604E-7,-34.54513428790915,0.007346327399432084,0.635707310955677,-2.337973382677796,164793.26564663605,166818.83078777607,316.842883370521,0.282605987479921,9.135433770181786E-6,9.848226407603817E-8,0.001579711745052565,4.6304734794944126E-7,-34.54502696484087,0.0073463336084387265,0.6357067163653921,-2.337914003095583,164793.49243895864,166819.061305461,316.84292553574807,0.2826055399028436,9.135424874459543E-6,9.848252312434127E-8,0.0015796716237132318,4.630365799584979E-7,-34.543307657849255,0.00734589942464936,0.635706479729266,-2.3379170286549655,164793.58348533374,166819.15305309222,316.8429423166462,0.2826053617861334,9.135421334125448E-6,9.848262621918954E-8,0.0015796736680101118,4.6304683678499717E-7,-34.543404775997715,0.007345923184232106,9.222649119374773E-11,5.280110675647637E-8,1.938274618927782E-9,6.40939671017826E-11,4.106704217139038E-11,6.317703624237373E-11,-9.834161192912096E-7
2.425E-6,2.425E-6,1.6694869471936042,5.5E-8,2370.7761705917083,3180.205938848968,0.6317791851544879,-2.225388979860797,166304.69150976316,168347.33654706166,317.1214783557091,0.27964356037509913,9.076645550006899E-6,1.0021280504057805E-7,0.0015036412026086467,5.154514850858049E-7,-30.808189040795696,0.00645717825614156,0.6317787585350668,-2.2253678531956185,166304.85614786454,168347.50315305582,317.12150861621507,0.27964323802569063,9.076639163130657E-6,1.0021299509031587E-7,0.0015036269278348774,5.154546580854458E-7,-30.80768015601734,0.0064570855149668205,0.6317802569044558,-2.225458523040295,166304.2783761849,168346.91800460147,317.12140233545466,0.27964437018424254,9.076661595066426E-6,1.0021232760005068E-7,0.0015036881912434425,5.154512707861158E-7,-30.809932623530585,0.006457540032272391,0.6317798104901151,-2.2253442156015133,166304.44799157995,168347.09231989257,317.12143400041873,0.2796440328393276,9.076654911836765E-6,1.00212526473678E-7,0.001503610956487509,5.154027115850113E-7,-30.806759428633086,0.006456858525439202,0.6317795927261785,-2.225319525799282,166304.53161922784,168347.17735912924,317.1214494466181,0.2796438682933491,9.076651651714256E-6,1.0021262348342633E-7,0.001503594274188704,5.153950375813566E-7,-30.80609257534161,0.0064567026965960395,8.225559926357709E-11,5.285137584800276E-8,1.904341061618071E-9,5.793289978704915E-11,4.13681600059384E-11,6.267290280400293E-11,-9.732457927684524E-7
2.4500000000000003E-6,2.4500000000000003E-6,1.6866981528347755,5.5E-8,2496.3121650958087,3285.55529833473,0.628051274244405,-2.106631193253218,167749.8515177078,169808.16308037838,317.3859226702201,0.2768218249722847,9.020817641558631E-6,1.0189123977090069E-7,0.001423399454900823,5.892560460551977E-7,-27.97382162728354,0.006049853937838634,0.6280508935727088,-2.1065987492682683,167749.9989503009,169808.31275199328,317.38594967529315,0.27682153631783823,9.020811938921806E-6,1.018914129912509E-7,0.0014233775332893705,5.892455568812238E-7,-27.972901480991368,0.006049639116895378,0.6280521942776176,-2.1067391703800054,167749.49598025487,169807.80135107462,317.3858574024987,0.2768225226239323,9.020831424079276E-6,1.0189082111958272E-7,0.0014234724124189226,5.893014576940914E-7,-27.97682593694708,0.0060505404197215285,0.6280518500773433,-2.1067329483380335,167749.6298288434,169807.9366873202,317.38588182051745,0.2768222616332258,9.020826267803301E-6,1.0189097774182258E-7,0.001423468208336509,5.893132954781777E-7,-27.97653079225165,0.006050537531848477,0.6280516918767749,-2.1066881549717147,167749.69027680054,169807.99888134107,317.3858930434175,0.27682214166100255,9.02082389788421E-6,1.0189104973112736E-7,0.0014234379425484558,5.892900026083225E-7,-27.97533282954555,0.006050268654519186,7.261495675614902E-11,5.2898945413085185E-8,1.872494957102981E-9,5.20949989716913E-11,4.163789271426642E-11,6.215964892239166E-11,-9.478626788335017E-7
2.475E-6,2.475E-6,1.7039093584759466,5.5E-8,2617.819028757558,3375.661239680343,0.6245328563398205,-1.9819482364398844,169121.8766744847,171195.95959854018,317.63552951483695,0.27414959925403976,8.96809393338217E-6,1.0350844823522114E-7,0.0013391542138107327,5.947042095044708E-7,-24.46779807129724,0.005243438056140803,0.6245325360958667,-1.9819104650812787,169122.00136080757,171196.08630853097,317.6355522344303,0.27414935562539317,8.968089133017783E-6,1.035085969215026E-7,0.0013391286926224856,5.946893705299772E-7,-24.466897698214325,0.005243252967488843,0.6245336518110323,-1.9819860503510423,169121.56560376653,171195.64484504925,317.6354730802068,0.2741502043947824,8.968105857261026E-6,1.0350807891024513E-7,0.0013391797637507042,5.946987616312072E-7,-24.468690637869713,0.005243550855198009,0.6245332585174552,-1.9820508823159464,169121.7215969554,171195.80048369267,317.63550098253603,0.27414990523850596,8.968099961912616E-6,1.0350826150405167E-7,0.0013392235691323962,5.947650824111861E-7,-24.470424703094523,0.005244001185019442,0.6245331508330133,-1.982036324395456,169121.76345050105,171195.84309021768,317.63550862224446,0.2741498233153692,8.968098347753846E-6,1.0350831150101673E-7,0.0013392137326996324,5.94760383449966E-7,-24.470049439454215,0.005243942258573497,6.336126928425408E-11,5.2943700320262374E-8,1.842764722770333E-9,4.6602352275924705E-11,4.187678853598967E-11,6.164144981900358E-11,-9.654009476770957E-7
2.5E-6,2.5E-6,1.721120564117118,5.5E-8,2736.8992280230873,3494.7283695153524,0.6212339932064052,-1.8515001899157726,170416.44051618705,172505.10194639472,317.86956591920887,0.27163628834265935,8.918630352064633E-6,1.0505465522419734E-7,0.0012510136418349815,6.025243524732105E-7,-21.52805596643657,0.004712090407849701,0.6212337358579887,-1.8514647508913353,170416.54116640324,172505.2043669929,317.86958417640443,0.2716360919737593,8.918626492199893E-6,1.0505477699496166E-7,0.0012509896965481996,6.025057479064345E-7,-21.527198846819374,0.004711897968206813,0.6212347590983093,-1.8514957245515866,170416.13829327328,172504.79710904654,317.86951158383,0.2716368727106121,8.918641839358637E-6,1.0505429283219109E-7,0.001251010624697018,6.024962580397642E-7,-21.52795245706693,0.004712038688069242,0.6212343274786452,-1.851477014990586,170416.3080853079,172504.9688954735,317.8695422042296,0.27163654338058263,8.918635365673655E-6,1.0505449706003734E-7,0.0012509979831017471,6.02485071681258E-7,-21.527489765916016,0.004711868826575483,0.6212342096564871,-1.8515035420894035,170416.35521457397,172505.015796583,317.8695505631718,0.271636453493745,8.918633598509884E-6,1.050545528074125E-7,0.0012510159068171646,6.025124366715318E-7,-21.528136041276866,0.004712046551048843,5.455122663150913E-11,5.2985535907425215E-8,1.8151766761642905E-9,4.1474178008604056E-11,4.208565420675732E-11,6.11224279894682E-11,-9.805377119571981E-7
2.5250000000000004E-6,2.5250000000000004E-6,1.7383317697582892,5.5E-8,2857.1464389629286,3630.387953954663,0.6181644720152949,-1.7154432447569872,171627.22875756287,173730.0822910325,318.08732206178786,0.2692910035831196,8.872578941586387E-6,1.0651997953414523E-7,0.0011590832734844508,5.650203095797223E-7,-18.28848441530772,0.003968496636446162,0.618164266306366,-1.7154186111615475,171627.309830556,173730.16460267818,318.0873366545082,0.26929084619143445,8.872575854503184E-6,1.0652007860864648E-7,0.0011590666291632077,5.650095272358158E-7,-18.28798378316378,0.003968402280634109,0.618165209066753,-1.7154804596671187,171626.93724913857,173729.78736031582,318.087269776489,0.26929156749735733,8.872590002546885E-6,1.065196245560371E-7,0.0011591084186939992,5.650348094832225E-7,-18.289262398865503,0.003968685597499189,0.6181648722691334,-1.7153879470211522,171627.06873175787,173729.92211257207,318.08729366790607,0.2692913097862823,8.872584948206755E-6,1.0651978676910438E-7,0.0011590459101494272,5.649629905235542E-7,-18.287201086204277,0.003968173033285893,0.6181647148895555,-1.7154080364085467,171627.13159699837,173729.9850939684,318.08730483227015,0.2692911893863414,8.872582586406992E-6,1.0651986256431284E-7,0.0011590594840598287,5.649806853114115E-7,-18.28764955845827,0.003968270303289501,4.6240203657696954E-11,5.302434898654539E-8,1.789754822039242E-9,3.672723849460741E-11,4.2265562033500314E-11,6.0606894260317E-11,-1.023508531741519E-6
2.55E-6,2.55E-6,1.7555429753994602,5.5E-8,2976.6192270775764,3725.1692780986355,0.6153336444392541,-1.5741257268826772,172749.73321899923,174865.62307255258,318.28812638786366,0.2671224724392169,8.830085369427443E-6,1.0789459066474079E-7,0.001063598464109917,5.239699099490736E-7,-15.459868745009317,0.0033949397906098966,0.6153334709447986,-1.5741129461045864,172749.80209932587,174865.69283659913,318.2881386939288,0.2671223393706084,8.830082764407971E-6,1.0789467560428486E-7,0.0010635898284490448,5.239657050992719E-7,-15.459613808277027,0.003394890591209787,0.6153342849104668,-1.574201219925605,172749.4795869453,174865.3655392468,318.288080959351,0.2671229636859672,8.830094986104716E-6,1.0789427710117867E-7,0.001063649472922706,5.240212787782639E-7,-15.461448787128575,0.0033953331499105843,0.6153340817964528,-1.5741373372486094,172749.55923416253,174865.44720352953,318.28809536617166,0.26712280788258574,8.830091936344888E-6,1.0789437654453396E-7,0.0010636063089517632,5.239817052427043E-7,-15.460167851862934,0.003395064180722329,0.6153339119601083,-1.5741316689128861,172749.62677382948,174865.5154973984,318.28810741263385,0.26712267762135633,8.830089386252505E-6,1.078944596925915E-7,0.0010636024789951934,5.239759227038122E-7,-15.460029174269039,0.0033950129597428713,3.848320739415272E-11,5.3060046461899025E-8,1.7665204566977025E-9,3.237384532323598E-11,4.241785540001279E-11,6.009948081496997E-11,-1.0671358345456007E-6
2.5750000000000003E-6,2.5750000000000003E-6,1.7727541810406315,5.5E-8,3090.100613391445,3786.5331263749217,0.6127501918503474,-1.4279807850164314,173778.58839582073,175906.76813625582,318.47135859200563,0.26513880540209317,8.791285293674923E-6,1.0916893110899853E-7,9.648518817678591E-4,4.5554647996937093E-7,-12.576630370031125,0.0027249854173874155,0.6127500279645585,-1.4279823495650263,173778.654053703,175906.8343314046,318.47137021488743,0.26513867943024044,8.791282831717013E-6,1.091690125569017E-7,9.648529388952881E-4,4.555529453398322E-7,-12.576692612416537,0.0027250182083093932,0.6127506932606198,-1.4280670561621716,173778.3892757954,175906.5656300267,318.4713230323792,0.2651391908444099,8.791292826065538E-6,1.0916868191345383E-7,9.649101730825483E-4,4.5560074212858126E-7,-12.578182371123603,0.0027253402493556678,0.6127505529031804,-1.4280581785340347,173778.44538024117,175906.62232076642,318.47133298678244,0.2651390829559057,8.791290717559719E-6,1.0916875166843815E-7,9.649041746851586E-4,4.5560849642356516E-7,-12.57810951638021,0.002725378934201217,0.612750410579417,-1.4280318258665947,173778.50183732822,175906.67980079714,318.4713430801741,0.26513897354816784,8.791288579513655E-6,1.0916882240198779E-7,9.648863688287802E-4,4.5558797836520174E-7,-12.577607205474123,0.002725246103580048,3.133158986195004E-11,5.3092540959099466E-8,1.745491815031174E-9,2.8424573317165036E-11,4.254414755203252E-11,5.960490382520215E-11,-1.1274784183938124E-6
2.6E-6,2.6E-6,1.7899653866818024,5.5E-8,3197.484468408126,3867.840819458132,0.6104221119370503,-1.2773707800661356,174709.66582791554,176848.92526605737,318.6364521442183,0.2633474974051553,8.756304053767334E-6,1.1033383121689045E-7,8.630883649095511E-4,3.8547841512581727E-7,-10.04920674274581,0.0021765482085811527,0.6104219511993905,-1.2773659151749155,174709.73032005722,176848.99044439747,318.63646354178167,0.26334737360878735,8.756301638010035E-6,1.1033391219208485E-7,8.630850778208888E-4,3.85476217275027E-7,-10.04911351248893,0.0021765193294527307,0.6104224601848558,-1.2774624789540714,174709.52741813663,176848.78406758388,318.63642745112827,0.2633477656406751,8.756309287654682E-6,1.1033365577537082E-7,8.631503236176158E-4,3.855366115601555E-7,-10.050710736318706,0.0021769016752841708,0.6104223185212889,-1.2774733424546094,174709.58454248347,176848.8415146844,318.6364374964014,0.26334765653992676,8.75630715856664E-6,1.103337271405292E-7,8.63157663820682E-4,3.855504500904772E-7,-10.05091058474909,0.0021769644216647066,0.610422234478406,-1.2774319098519726,174709.61761433643,176848.87558654763,318.63644345543264,0.2633475918005512,8.756305895467963E-6,1.1033376948098895E-7,8.631296688189005E-4,3.8552077853637455E-7,-10.050220612528847,0.0021767926699567397,2.482835245512577E-11,5.312175455737568E-8,1.7266846919548353E-9,2.489310004572632E-11,4.264630357619039E-11,5.912765367310525E-11,-1.1880167151000287E-6
2.6250000000000003E-6,2.6250000000000003E-6,1.8071765923229737,5.5E-8,3303.3268582024148,3980.336401492172,0.608356795859556,-1.1226367903202688,175538.51023568437,177687.83956999,318.7828862326624,0.2617554539906048,8.725257712967276E-6,1.1138058743593344E-7,7.585383718380195E-4,3.0282804772241437E-7,-7.627012328139244,0.0016041917215261492,0.6083566821178472,-1.1225874494222097,175538.55531785727,177687.8858434652,318.78289429594827,0.2617553662268274,8.725256002822958E-6,1.1138064543409707E-7,7.585050333933849E-4,3.027892500995222E-7,-7.626243787844942,0.001603972227428585,0.6083570129459307,-1.1226980797747832,175538.42351948295,177687.75124505212,318.7828708423979,0.26175562148365084,8.725260976930794E-6,1.1138047674330128E-7,7.585797836316102E-4,3.0285728129797463E-7,-7.627814185949774,0.0016043418533513432,0.6083568823810984,-1.1226749126315543,175538.47577493495,177687.80436840237,318.7828800985738,0.26175552074824227,8.725259013846927E-6,1.1138054331807161E-7,7.585641301564556E-4,3.028375395786043E-7,-7.627431578115193,0.0016042213882201395,0.6083568413930287,-1.1226655987559437,175538.49222808785,177687.82104591702,318.7828830045378,0.261755489125199,8.725258397578312E-6,1.1138056421773714E-7,7.585578369972592E-4,3.028383169123572E-7,-7.627359563064147,0.0016042380331100503,1.9010776248018193E-11,5.314761447513577E-8,1.7101135688647814E-9,2.1793611586847163E-11,4.272641635289317E-11,5.86721363301541E-11,-1.2548269371684713E-6
2.65E-6,2.65E-6,1.8243877979641447,5.5E-8,3409.8033583859687,4088.715279707019,0.6065609714649494,-0.9642075597852298,176261.54009002334,178419.64190971083,318.9101901752357,0.26036895234113233,8.69825209612125E-6,1.1230109972788382E-7,6.514915944494796E-4,2.241980008932387E-7,-5.551267395630475,0.0011338102303852793,0.6065609670253891,-0.9641294141114025,176261.5408622281,178419.64370971624,318.91019048933225,0.26036894889232104,8.698252029343832E-6,1.1230110201882165E-7,6.514387933185152E-4,2.2414656811520217E-7,-5.550256205590813,0.0011335452648495448,0.6065611298453892,-0.9642145487430773,176261.47602707508,178419.5772705402,318.91017894850125,0.2603690747072011,8.69825447827462E-6,1.1230101811700813E-7,6.514963167182955E-4,2.241873164621211E-7,-5.551251067682188,0.0011337522622056895,0.6065610797831067,-0.9641440506315271,176261.4952985737,178419.59769077032,318.9101824964126,0.2603690360107135,8.698253725299521E-6,1.1230104391640012E-7,6.514486828591399E-4,2.2413611247884546E-7,-5.550289635431909,0.00113347842290068,0.6065610196278023,-0.9641758914602896,176261.52010169864,178419.6222472277,318.9101867608095,0.26036898954287974,8.698252820522888E-6,1.1230107491193774E-7,6.514701969326281E-4,2.2416519087187226E-7,-5.5507613622626195,0.0011336308256773009,1.3916454087767637E-11,5.3170056092436656E-8,1.695791436453074E-9,1.9133945495018184E-11,4.278679615671479E-11,5.824286910540334E-11,-1.316477552126749E-6
2.6750000000000002E-6,2.6750000000000002E-6,1.841599003605316,5.5E-8,3513.727434668809,4158.468015333334,0.6050405295298285,-0.8026271484358746,176875.26154649723,179040.9264628254,319.0179538059793,0.25919348687209764,8.675380064361734E-6,1.1308807296767644E-7,5.423156408350504E-4,1.455504491332249E-7,-3.692490537757294,6.876687719454821E-4,0.6050406300187425,-0.8025826358364215,176875.22044379648,179040.88534385373,319.01794668418995,0.25919356459913434,8.675381576249023E-6,1.130880207241259E-7,5.422855647543389E-4,1.4553710443010458E-7,-3.6921287476088764,6.876221716538566E-4,0.605040663431207,-0.8026474975798223,176875.20750685447,179040.8716801856,319.0179443163788,0.25919359045664614,8.675382078952474E-6,1.1308800335077204E-7,5.423293902566367E-4,1.455614119549864E-7,-3.6927297682163953,6.877371760083406E-4,0.6050407222856852,-0.8025905305666836,176875.18310505102,179040.8475936314,319.0179401450797,0.2591936359737382,8.675382964435484E-6,1.1308797275380915E-7,5.42290899031543E-4,1.4553641719317057E-7,-3.6921930960620557,6.876273830016544E-4,0.6050406408833607,-0.8025844928847257,176875.21594879238,179040.88089732087,319.0179459139305,0.25919357300172263,8.675381739710493E-6,1.1308801507580359E-7,5.422868195167066E-4,1.4552513903254293E-7,-3.6920394013654914,6.875516804711879E-4,9.581345836146876E-12,5.318902397796614E-8,1.683728315908541E-9,1.6916484713073223E-11,4.2829964781116E-11,5.784421404658329E-11,-1.376304516339086E-6
2.7000000000000004E-6,2.7000000000000004E-6,1.8588102092464873,5.5E-8,3610.7726610968525,4201.711831196704,0.6038003659674737,-0.6385082464794195,177376.99382414873,179548.83386318656,319.10583844211936,0.258233647729155,8.656719035478783E-6,1.1373520456460387E-7,4.314244908644726E-4,7.78015740365845E-8,-2.193786348885169,3.3900990672464104E-4,0.6038004950052006,-0.6385196352963434,177376.9416443685,179548.78096357296,319.1058292988224,0.2582337476502134,8.656720977385629E-6,1.1373513698500852E-7,4.314321860110428E-4,7.78221745179053E-8,-2.1940184951454285,3.3912584308382066E-4,0.6038003859186152,-0.6386196926435489,177376.9868746818,179548.82569766892,319.1058370293864,0.2582336631991907,8.656719335729918E-6,1.137351941121902E-7,4.3149979232672225E-4,7.787134421732844E-8,-2.1949269950564485,3.393778654867674E-4,0.6038005092637978,-0.6386018137244646,177376.9367164091,179548.7751284005,319.10582828923924,0.2582337587070449,8.656721191967954E-6,1.1373512951480304E-7,4.314877119759896E-4,7.787542429582573E-8,-2.1948718184053178,3.3940619323402643E-4,0.6038004693419492,-0.6385590134329022,177376.95250521318,179548.7914900652,319.1058311177041,0.25823372778646286,8.656720591177275E-6,1.1373515042384183E-7,4.3145879286006906E-4,7.784734108895463E-8,-2.1944498392799687,3.392691226622446E-4,6.033085948852801E-12,5.320447439261242E-8,1.6739307349175285E-9,1.514450048456285E-11,4.285863071414164E-11,5.748013278277791E-11,-1.4276825404655559E-6
2.725E-6,2.725E-6,1.8760214148876584,5.5E-8,3701.404204871879,4263.983658371585,0.6028443114938047,-0.47247646234234025,177764.41991245185,179941.08705448618,319.1735804237739,0.2574930536118995,8.64232982606166E-6,1.1423732068911759E-7,3.1924085293401366E-4,1.9801310600087164E-8,-0.9863818159983566,4.569291979805712E-5,0.602844411807739,-0.4724991315321765,177764.3792668446,179941.04586593356,319.1735733164825,0.2574931313487744,8.642331335996923E-6,1.1423726785593556E-7,3.192561699541733E-4,1.9812252531892228E-8,-0.9865442950699617,4.5745427200927224E-5,0.6028441096372811,-0.472623981270942,177764.50299833092,179941.16995246004,319.17359472647826,0.2574928972110557,8.642326787701559E-6,1.1423742699832375E-7,3.1934052788577165E-4,1.9857549631296935E-8,-0.9873353131351905,4.5953842231938324E-5,0.6028442708781794,-0.47259851254820506,177764.43721676254,179941.1037419262,319.1735833021017,0.25749302215394465,8.642329214714119E-6,1.1423734207761939E-7,3.1932331928932777E-4,1.984816762501396E-8,-0.98715273115522,4.5903697639460006E-5,0.6028442612429054,-0.4726051047602654,177764.4413310585,179941.10770074272,319.17358398510305,0.25749301469102304,8.642329069683638E-6,1.1423734715169233E-7,3.1932777348666583E-4,1.9864421147985924E-8,-0.9873447547010983,4.600413114985713E-5,3.2906474234094723E-12,5.321637289403048E-8,1.6664028513734958E-9,1.3822458818422487E-11,4.2875649281440184E-11,5.715460112896677E-11,-1.4708717052507098E-6
2.7500000000000004E-6,2.7500000000000004E-6,1.8932326205288297,5.5E-8,3789.636811965658,4350.29351984592,0.6021751578506824,-0.30511412276984784,178035.9490461756,180215.99257135543,319.2209888805009,0.2569743721401255,8.632256963551508E-6,1.1459044512465159E-7,2.06158191060708E-4,-2.179669749580171E-8,-0.15107276424214433,-1.5084411512589213E-4,0.6021752638515592,-0.3050854612146458,178035.90560199288,180215.9489947107,319.2209813703724,0.2569744543184715,8.632258559306565E-6,1.1459038907690668E-7,2.0613882514503094E-4,-2.181839462878088E-8,-0.1508021965541957,-1.5096473777020947E-4,0.6021747785884375,-0.3051740421311522,178036.10345836254,180216.14847160602,319.2210157492488,0.25697407809353584,8.632251254070385E-6,1.145906456621701E-7,2.0619867711564336E-4,-2.1812133184084813E-8,-0.15102670910846427,-1.5095459070835204E-4,0.6021749918922286,-0.3051386663283306,178036.0164289243,180216.060788018,319.22100063739293,0.25697424346696823,8.632254465182998E-6,1.1459053287682616E-7,2.061747745461693E-4,-2.1822431079954186E-8,-0.15086984771460266,-1.5100184737093514E-4,0.6021749624622721,-0.305156249124294,178036.0284860542,180216.07288678762,319.22100272252095,0.2569742206513531,8.632254022139486E-6,1.1459054843784292E-7,2.0618665481371217E-4,-2.1814878579107246E-8,-0.15094010473330854,-1.5097392650886832E-4,1.3680671840822089E-12,5.3224693872990034E-8,1.6611473582088202E-9,1.2952256848247036E-11,4.2883987552368174E-11,5.687189375572833E-11,-1.5011538313156467E-6
2.775E-6,2.775E-6,1.9104438261700007,5.5E-8,3876.719176449232,4425.0919679636,0.6017947690020569,-0.1369173512564383,178190.4040955816,180372.39871995666,319.2479369061753,0.2566793997069805,8.626530294917628E-6,1.1479180576215767E-7,9.251172382191778E-5,-4.762618289078091E-8,0.3527177689020391,-2.7477916694351734E-4,0.6017949741797015,-0.1368305321806626,178190.32016077355,180372.31432252485,319.24792237042425,0.2566795588239475,8.626533383940922E-6,1.1479169703043728E-7,9.245306228423149E-5,-4.765321676813983E-8,0.3530363561117156,-2.7491718270766796E-4,0.6017943485786681,-0.1369043151536866,178190.5751990289,180372.57164402833,319.24796668939894,0.2566790736472354,8.626523965288888E-6,1.147920285643692E-7,9.250291564438283E-5,-4.765204252521471E-8,0.35293763454001237,-2.7491493801790057E-4,0.601794610753962,-0.13688271673378485,178190.46836848097,180372.46380694443,319.24794811636957,0.2566792769747722,8.626527912433989E-6,1.1479188962566836E-7,9.24883221174222E-5,-4.7649322425513674E-8,0.3529293291112481,-2.748963241288038E-4,0.601794612856865,-0.13682914397800755,178190.46718282552,180372.46293764244,319.2479479668584,0.2566792785993342,8.626527944092931E-6,1.1479188851227574E-7,9.245212430946457E-5,-4.767755655166184E-8,0.3532536890911615,-2.750514966578521E-4,2.748250928880003E-13,5.3229420510918344E-8,1.6581652822345444E-9,1.2533161897666498E-11,4.288669498052398E-11,5.663597926687718E-11,-1.5190110756821373E-6
2.8000000000000003E-6,2.8000000000000003E-6,1.927655031811172,5.5E-8,3960.2504792941777,4475.614457617471,0.6017041257372575,0.03158576227501635,178227.21366698816,180409.68295009885,319.25435817339763,0.25660909726574416,8.625165614134492E-6,1.1483985500463961E-7,2.1341731266902942E-5,-5.4360330068448095E-8,0.4821953313344238,-3.035923195398027E-4,0.6017044644031257,0.03165513118917574,178227.07575830404,180409.54363198543,319.2543341819474,0.25660935993501405,8.625170712969151E-6,1.14839675434141E-7,2.1388602154848474E-5,-5.435284421650977E-8,0.4820758001428658,-3.035411116911746E-4,0.6017036745845877,0.03153860487039478,178227.3977726921,180409.8685470534,319.25439013409385,0.2566087473583802,8.625158821738533E-6,1.148400942183415E-7,2.130986815567215E-5,-5.4340854802603644E-8,0.48196824602337074,-3.034721300991805E-4,0.6017039942481175,0.031583125026075125,178227.2674020404,180409.73704360097,319.25436748852536,0.2566089952861583,8.625163634480533E-6,1.1483992472354373E-7,2.1339949341942653E-5,-5.434788860725348E-8,0.4820529699159124,-3.0351791650673476E-4,0.6017040757926763,0.03162356641461208,178227.2342889481,180409.70349920125,319.25436171187613,0.25660905853346966,8.625164862187156E-6,1.148398814859304E-7,2.136727460446762E-5,-5.434230232026494E-8,0.48193224677834223,-3.03471329345939E-4,1.4640397889339844E-14,5.32305460087789E-8,1.6574555356138299E-9,1.2563296409373634E-11,4.2886871015429455E-11,5.644991698187534E-11,-1.5223782311333574E-6
2.825E-6,2.825E-6,1.944866237452343,5.5E-8,4037.8104856197133,4510.030285444801,0.6019031168533155,0.19965607132352248,178146.34470376486,180327.83835664406,319.2402612881748,0.25676342584891493,8.628161493341616E-6,1.1473440544269511E-7,1.3490275089427195E-4,-4.317528478736676E-8,0.2641969257570054,-2.5199305127898697E-4,0.6019035083225355,0.19964841280499543,178146.18546351537,180327.67737045538,319.24023355572075,0.2567637294281894,8.628167386921646E-6,1.1473419811771355E-7,1.348975762195915E-4,-4.314917262604467E-8,0.26394090322355623,-2.5184399578392913E-4,0.6019025158942536,0.19952858649262162,178146.5894826908,180328.08549793292,319.2403038625192,0.2567629598196793,8.628152445886157E-6,1.147347237150506E-7,1.3481661249501462E-4,-4.316402154813659E-8,0.26427205784284524,-2.519263536555627E-4,0.6019029348245442,0.19959973913459064,178146.4188974443,180327.91321582498,319.24027418400664,0.2567632846911231,8.628158752893648E-6,1.147345018462084E-7,1.3486468860445314E-4,-4.316396029935277E-8,0.2641696321766176,-2.519284540198896E-4,0.6019030066722375,0.1995483345079313,178146.3898166178,180327.88367166556,319.2402690946536,0.25676334041106574,8.628159834563171E-6,1.1473446379464408E-7,1.3482995574860224E-4,-4.313851093229459E-8,0.2639797492388425,-2.5178122325542063E-4,5.846925664786019E-13,5.322807414484445E-8,1.6590144081796417E-9,1.3039502938122407E-11,4.288762842156194E-11,5.631644819677317E-11,-1.5122700539686646E-6
2.8500000000000002E-6,2.8500000000000002E-6,1.9620774430935144,5.5E-8,4108.9135289433425,4541.910710179602,0.6023902998061078,0.36648250880086325,177948.51231484787,180127.57287748958,319.20574681952746,0.2571411628655353,8.63549567694069E-6,1.1447675911458958E-7,2.4762331675734E-4,-1.3646180292425925E-8,-0.31636070675904193,-1.1007887138703154E-4,0.6023906613480009,0.36645429923841705,177948.36502235997,180127.42431161058,319.2057212051062,0.2571414431237867,8.635501119413173E-6,1.1447656819014793E-7,2.476042562421737E-4,-1.3646130980760062E-8,-0.31626055870037817,-1.1007880573288276E-4,0.6023895042341822,0.36638244889711963,177948.8355921804,180127.8997872551,319.20580318373305,0.2571405461430757,8.635483700791055E-6,1.1447717924743425E-7,2.4755570871427E-4,-1.3679240709052465E-8,-0.3157507499959138,-1.1025716031554111E-4,0.6023900075510861,0.36641028799209946,177948.63100161526,180127.69296775787,319.20576752513426,0.25714093631009705,8.635491277476885E-6,1.1447691345129908E-7,2.475745189135807E-4,-1.3657234205766145E-8,-0.31606751788604015,-1.10132573354349E-4,0.6023900137553971,0.36638339647128965,177948.62817815054,180127.6904148973,319.2057670853399,0.2571409411144007,8.63549137087261E-6,1.1447691017580065E-7,2.475563489670876E-4,-1.3673331409336243E-8,-0.31577334302846793,-1.1023060471870849E-4,1.9746491583021983E-12,5.3222020297795143E-8,1.6628350507660057E-9,1.3957175664731081E-11,4.289205286442406E-11,5.623891242878523E-11,-1.4883876838929014E-6
2.8750000000000004E-6,2.8750000000000004E-6,1.9792886487346857,5.5E-8,4175.724471609582,4593.069325473228,0.6031630473814602,0.5314962783840089,177635.03138592571,179810.2452344464,319.1509969767051,0.2577400168276057,8.647127311651142E-6,1.1406960791016048E-7,3.5911910701622225E-4,3.1562376818783375E-8,-1.231498206424476,1.0952776676731446E-4,0.6031634170284753,0.5315331534738817,177634.88106761043,179810.0935290459,319.1509707850288,0.2577403031962785,8.647132875246942E-6,1.1406941359270813E-7,3.591440226174877E-4,3.155079284056228E-8,-1.2314849590225094,1.0945592345024124E-4,0.6031621305406752,0.5314556878397264,177635.40371698572,179810.621504692,319.1510619389327,0.25773930653285737,8.647113512181492E-6,1.1407008988183808E-7,3.590916809727881E-4,3.152987503085569E-8,-1.2310322944626932,1.0935124993238787E-4,0.60316265196801,0.5314482485472061,177635.19173894913,179810.40750896515,319.15102499340367,0.25773971048899913,8.647121360240198E-6,1.14069815774453E-7,3.590866544237879E-4,3.153843152858826E-8,-1.2310746570665287,1.0939960924361003E-4,0.6031626976236513,0.5315209128693665,177635.17331067368,179810.38877260877,319.15102175803196,0.257739745860918,8.647122047408614E-6,1.1406979177342546E-7,3.5913575193876116E-4,3.152756136159951E-8,-1.2312097803855977,1.0932602015145676E-4,4.168185480891801E-12,5.321241034113399E-8,1.6689080025166064E-9,1.5309692320474494E-11,4.290316342573267E-11,5.6220755066272E-11,-1.452001018929737E-6
2.9E-6,2.9E-6,1.9964998543758568,5.5E-8,4240.781955538663,4651.805112587871,0.6042179154552659,0.6943195128263656,177207.7304702719,179377.709214183,319.0762499995265,0.25855691654845725,8.663002526339603E-6,1.13516795611722E-7,4.6913480596376053E-4,9.055846845740234E-8,-2.4782007542471547,4.0840716553702805E-4,0.604218384112623,0.6943984744111571,177207.54081750454,179377.51721226898,319.0762167885232,0.25855727932957023,8.66300957862629E-6,1.1351655077023666E-7,4.6918815838591695E-4,9.057661415567963E-8,-2.4787813712805473,4.085019544959323E-4,0.6042169224063354,0.6942724448020622,177208.13322729288,179378.1160614937,319.0763203710369,0.2585561478581587,8.662987583086667E-6,1.135173144113215E-7,4.691030032446366E-4,9.054458686819089E-8,-2.4778578523032593,4.083317649019591E-4,0.604217474538662,0.6943145759261041,177207.90924005638,179377.88985463837,319.0762812444344,0.25855657524672343,8.662995891492222E-6,1.1351702596000605E-7,4.691314702203406E-4,9.05424609243255E-8,-2.4779939327386273,4.0831109009786815E-4,0.6042176231063369,0.694363495431283,177207.84955915355,179377.82899371642,319.0762707166721,0.25855669025876576,8.662998127118293E-6,1.1351694834189121E-7,4.6916452394005605E-4,9.057303913095894E-8,-2.478613313949154,4.0848520467307026E-4,7.1456290047655785E-12,5.319927846514931E-8,1.6772225432591097E-9,1.708790234586204E-11,4.292388214554188E-11,5.6264327200483065E-11,-1.4045617260419027E-6
2.9250000000000004E-6,2.9250000000000004E-6,2.013711060017028,5.5E-8,4302.5387231691475,4678.2701074403585,0.6055506938091021,0.8544435075992481,176668.8754662377,178832.28574511595,318.9817970417423,0.2595880536150013,8.68305525652522E-6,1.1282323150695017E-7,5.773266943238163E-4,1.5967968138852485E-7,-4.029573108972272,7.759758526617588E-4,0.6055512655103737,0.8544851123341742,176668.64453933018,178832.05203907934,318.9817565227709,0.2595884956894377,8.683063857069407E-6,1.1282293516416079E-7,5.773548056311988E-4,1.5971167414363662E-7,-4.030205396534711,7.761643279877717E-4,0.6055495976712534,0.8543705914915253,176669.31874381067,178832.7338427441,318.9818747305029,0.25958720602298563,8.683038766474976E-6,1.1282379969396948E-7,5.77277426683463E-4,1.5965650703719803E-7,-4.028869261608179,7.75836025411536E-4,0.605550249734982,0.8544454012543305,176669.05536582653,178832.4672845095,318.98182851553474,0.25958771023890775,8.68304857597591E-6,1.1282346169291391E-7,5.773279738204936E-4,1.5968101024554926E-7,-4.029600885484797,7.759757476719642E-4,0.6055504063521567,0.8544057552266371,176668.99182173255,178832.40325813572,318.98181741565685,0.2595878313402683,8.683050932088496E-6,1.1282338051065722E-7,5.77301185963944E-4,1.596904351686135E-7,-4.029495038344066,7.760418282032333E-4,1.0882103733411413E-11,5.318266664567457E-8,1.6877668331379746E-9,1.9282111601027492E-11,4.295700697309842E-11,5.637108921049478E-11,-1.3492667168039119E-6
2.95E-6,2.95E-6,2.030922265658199,5.5E-8,4357.514663797543,4681.7695109961505,0.607156143655781,1.011180470713168,176021.30126139158,178176.86201308257,318.8680014973752,0.26082868461062075,8.707203371614754E-6,1.1199495060205116E-7,6.832300477791675E-4,2.3543017960037105E-7,-5.868032820078952,0.0012084641898013615,0.6071567501197379,1.011178895034278,176021.0563813205,178176.61474719553,318.86795850709115,0.26082915294838943,8.707212492170906E-6,1.1199463918991715E-7,6.832289831312689E-4,2.354392282200024E-7,-5.86815460117532,0.0012085347597690088,0.6071549282536763,1.0111143853324185,176021.79136779814,178177.35754768542,318.86808765346285,0.260827746012568,8.707185093287863E-6,1.1199557470224218E-7,6.831853954948774E-4,2.3539768776004166E-7,-5.86714194572869,0.0012082505371608931,0.6071556636143457,1.0111372584962834,176021.4948342999,178177.05773204062,318.86803552624,0.26082831389731304,8.707196152313704E-6,1.1199519709937411E-7,6.832008503353267E-4,2.3542437702417373E-7,-5.867678851850087,0.0012084269620800114,0.607155768844999,1.0111155458163965,176021.45187823687,178177.01482246057,318.8680280664997,0.2608283951528819,8.707197734866698E-6,1.1199514306587355E-7,6.831861796056733E-4,2.354031676077284E-7,-5.867239523947319,0.0012083051448712467,1.5343917147286004E-11,5.316262678644467E-8,1.700526421658703E-9,2.1883981619333192E-11,4.300517595879952E-11,5.65428528190554E-11,-1.2884427664178021E-6
2.9750000000000003E-6,2.9750000000000003E-6,2.04813347129937,5.5E-8,4406.386675526939,4703.989558634252,0.6090279099543395,1.1639177373448533,175268.40946601072,177414.9153167436,318.7353059962116,0.26227307031841457,8.735347451427157E-6,1.1103906343550475E-7,7.864309036113874E-4,3.131331492056688E-7,-7.95910955043928,0.0016939652816745365,0.6090285200692805,1.1639229657157817,175268.16376734705,177414.66733538377,318.7352627391712,0.2622735407523753,8.735356623474809E-6,1.1103875356395088E-7,7.864344362944471E-4,3.131282339552399E-7,-7.959130077338614,0.0016939623018856764,0.6090265837778839,1.163855377606566,175268.94265648758,177415.45433277125,318.7354000214974,0.26227204774331075,8.73532751459751E-6,1.1103973699441881E-7,7.863887686530853E-4,3.131052106652987E-7,-7.958201182299035,0.001693755238875383,0.6090273370914822,1.163852457444811,175268.63925803025,177415.14814756587,318.7353466118541,0.2622726285920323,8.735338839397816E-6,1.1103935439092911E-7,7.863867955708182E-4,3.1310359830172276E-7,-7.95819479987631,0.0016937747059841968,0.6090274585887006,1.1638932788282368,175268.590712881,177415.09876866918,318.7353379975716,0.26227272227986737,8.735340665904808E-6,1.1103929268212928E-7,7.864143775866464E-4,3.1310847660392936E-7,-7.958578061259686,0.001693805120964953,2.049075880544093E-11,5.313922177334953E-8,1.7154833111368469E-9,2.4884199119381753E-11,4.3070830160349285E-11,5.6781787101885976E-11,-1.2243695739435404E-6
3.0E-6,3.0E-6,2.0653446769405415,5.5E-8,4452.301630035038,4739.274044848428,0.6111587719604313,1.312261564719563,174414.07827962236,176550.3970703002,318.58421555196355,0.26391467876845054,8.767374662177257E-6,1.0996351944421978E-7,8.866632194051102E-4,3.884213082017141E-7,-10.275911290359545,0.0022248827367548074,0.6111594103758656,1.3122893009151937,174413.8224604997,176550.13851786713,318.58417028054356,0.2639151701591464,8.76738425566594E-6,1.0996319920820136E-7,8.866819600778336E-4,3.884258592279366E-7,-10.276295743771243,0.0022249485416523385,0.6111573276043003,1.312186698679811,174414.65673119036,176550.9820187211,318.58431797409605,0.2639135670354472,8.767352957787149E-6,1.0996424395410871E-7,8.866126342431155E-4,3.8839191262241003E-7,-10.274728530465836,0.002224628180840682,0.6111581181315999,1.3122321895157099,174414.34000690217,176550.66186215388,318.5842619160411,0.2639141755088476,8.767364837068938E-6,1.0996384741379809E-7,8.866433712943985E-4,3.8839735225337793E-7,-10.27525228828381,0.002224700234080501,0.6111582969896822,1.3122591217814499,174414.26880645388,176550.58943110023,318.5842492330407,0.26391431318470726,8.767367524776811E-6,1.099637576947876E-7,8.866615687712499E-4,3.884190915925956E-7,-10.275824836823176,0.0022248457846671954,2.628151725901972E-11,5.311252358851955E-8,1.7326169112786813E-9,2.826870105296114E-11,4.315619367395367E-11,5.7089299990660675E-11,-1.1597859123712459E-6
3.0250000000000003E-6,3.0250000000000003E-6,2.0825558825817128,5.5E-8,4495.2545280816175,4755.449508863583,0.6135409138245145,1.4559163205212537,173462.5248004468,175587.60793974233,318.4152792541088,0.26574640353709783,8.803162934308891E-6,1.0877685968285312E-7,9.837272435954418E-4,4.566143788053978E-7,-12.784822531235022,0.0027900640205302807,0.6135416061789407,1.4559514594338705,173462.2486950305,175587.3286767211,318.4152301499373,0.265746935377226,8.803173333556886E-6,1.0877651717406608E-7,9.837509861039665E-4,4.5662699250215155E-7,-12.785454658324397,0.002790198032528224,0.6135393503302538,1.4558523159177394,173463.14849306297,175588.23858224752,318.4153901424478,0.26574520252251527,8.803139450429736E-6,1.0877763315035363E-7,9.836839972417158E-4,4.5658832661388263E-7,-12.783575770429252,0.002789779495969924,0.6135402286119823,1.4559097513453447,173462.798519676,175587.88432682326,318.41532785172006,0.2657458771903446,8.803152642333054E-6,1.0877719865849972E-7,9.837228049630708E-4,4.5661360474014147E-7,-12.784654111971577,0.002790011106185375,0.6135404268670078,1.455905030724849,173462.71928153106,175587.80435846065,318.41531379089673,0.2657460294796434,8.803155620147735E-6,1.0877710058143906E-7,9.837196153546276E-4,4.566161834418381E-7,-12.784661159184907,0.0027900379112111295,3.267459258467165E-11,5.3082610735851966E-8,1.7519053783028195E-9,3.201965041224439E-11,4.3263267960054253E-11,5.74659448271357E-11,-1.0987283837464595E-6
3.0500000000000004E-6,3.0500000000000004E-6,2.099767088222884,5.5E-8,4533.089713947541,4754.663001079616,0.616165963179288,1.594532164038969,172418.28428908795,174531.16700661252,318.22908840740973,0.26776060405136326,8.842581650879633E-6,1.0748808893784358E-7,0.0010773865973236277,5.134200083034557E-7,-15.454994587804322,0.003380774380900675,0.6161667189034066,1.5945706187213413,172417.98432303625,174530.86355430004,318.2290348014935,0.2677611832617637,8.84259299629521E-6,1.0748772073290262E-7,0.0010774125802171224,5.134330476153082E-7,-15.45575010253333,0.003380936550001934,0.6161643111925168,1.5944933478056493,172418.9407914033,174531.8303518104,318.229205588096,0.2677593379291189,8.842556850190514E-6,1.0748889382437786E-7,0.0010773603701389523,5.134139026097273E-7,-15.454121046798718,0.0033805706258931423,0.616165248214529,1.5945045645323523,172418.5683476032,174531.45409556452,318.229139122248,0.267760056084395,8.842570917369029E-6,1.0748843728464935E-7,0.0010773679490083462,5.134190729449983E-7,-15.454547623166945,0.0033806965911367115,0.6161654502310476,1.594513125256762,172418.48804349967,174531.37297684344,318.2291247925147,0.2677602109143031,8.842573950170911E-6,1.0748833885765566E-7,0.001077373733281596,5.134173628107419E-7,-15.454632268373643,0.003380703600896595,3.9622678109798445E-11,5.30495680149697E-8,1.7733254737527017E-9,3.6120227124758975E-11,4.339381987900019E-11,5.791233310288435E-11,-1.0446011119364962E-6
3.075E-6,3.075E-6,2.116978293864055,5.5E-8,4565.624582073142,4758.126662466073,0.6190249123757366,1.7277198055764034,171286.21569659104,173386.02650639843,318.02628291312044,0.2699490573721117,8.885490574062307E-6,1.0610660514630785E-7,0.0011673782470110834,5.545520491523348E-7,-18.248946503377738,0.0039856860792042426,0.619025728391304,1.7277515945332518,171285.89330788446,173385.7004664255,318.0262250246567,0.26994968122541596,8.88550281809141E-6,1.0610621408649013E-7,0.0011673997260359809,5.545597912259836E-7,-18.249679129560718,0.003985847421404287,0.6190231864581226,1.7276732288815317,171286.89818081923,173386.71610610842,318.02640535052666,0.2699477378966242,8.88546467726588E-6,1.0610743226356573E-7,0.0011673467762713051,5.545567802300866E-7,-18.248004132869482,0.00398550059679792,0.6190241418912388,1.727682485094779,171286.51998036532,173386.33435382103,318.02633757164494,0.2699484683256426,8.885479013209E-6,1.0610697438826108E-7,0.0011673530304694452,5.545435391240971E-7,-18.248138652249963,0.00398551989326279,0.6190243611512374,1.7276944141559565,171286.4334460712,173386.24674883,318.0263220172384,0.2699486359539421,8.885482303129738E-6,1.0610686931121172E-7,0.0011673610906459166,5.545472654944206E-7,-18.24842511961924,0.003985580578671488,4.707109275963064E-11,5.301348778760936E-8,1.7968514005303449E-9,4.0556123918714045E-11,4.354935935226157E-11,5.84292501021165E-11,-9.99740501488261E-7
3.1000000000000004E-6,3.1000000000000004E-6,2.134189499505226,5.5E-8,4594.192238896098,4765.396715694244,0.6221081360801559,1.8551496964840049,170071.4848151124,172157.44585257862,317.80755073925786,0.27230298668837666,8.931740219119848E-6,1.0464208102538165E-7,0.0012534795246513545,5.762963377264896E-7,-21.131145948693757,0.004594986950735347,0.6221089831523801,1.8551542217229053,170071.15141581808,172157.10922814804,317.80749064438425,0.27230363249454786,8.93175292199391E-6,1.0464168223160764E-7,0.0012534825822452062,5.762868936187715E-7,-21.131374346586654,0.004595046704196193,0.6221063095028772,1.8550792712950428,170072.20266780784,172158.1717223448,317.80768032459787,0.27230159409109916,8.931712827371358E-6,1.046429409707431E-7,0.001253431940064218,5.762968135059054E-7,-21.129590901563006,0.0045946828146838925,0.6221073140493746,1.8551269572472826,170071.80798084548,172157.77252272854,317.8076090576152,0.2723023599673141,8.931727891769628E-6,1.0464246803280402E-7,0.001253464160302218,5.762964543976068E-7,-21.130549688432893,0.004594854960259909,0.6221075375830397,1.855120094806166,170071.7198572257,172157.6836895821,317.80759319922885,0.2723025303868821,8.931731243927983E-6,1.0464236279494038E-7,0.0012534595235176797,5.762913328055674E-7,-21.130468403509894,0.004594847359783216,5.4962286882583675E-11,5.2974470199446586E-8,1.8224542897738872E-9,4.5312040612526815E-11,4.3731124350979516E-11,5.901692361055313E-11,-9.660967797086748E-7
3.125E-6,3.125E-6,2.151400705146397,5.5E-8,4618.896539204398,4762.354976246197,0.6254055394283135,1.9766055194000185,168779.48352114498,170850.91247107254,317.5736179823459,0.27481319106152724,8.981174181078494E-6,1.031042894005243E-7,0.0013355442698648773,5.754156734383287E-7,-24.065427594912762,0.005198327903030986,0.6254063863795788,1.9766004479982255,168779.1517497701,170850.57786138562,317.57355789628406,0.2748138348316465,8.981186874663795E-6,1.0310389813853168E-7,0.0013355408432420442,5.753926078000404E-7,-24.065304234177347,0.005198293379351071,0.6254036009348264,1.9765453702889724,168780.2410078454,170851.67830847163,317.5737555068583,0.274811717576589,8.981145128116658E-6,1.0310518492924012E-7,0.00133550362857363,5.75425621462955E-7,-24.063855577294817,0.005198005665022265,0.6254046791990804,1.9765841696997197,168779.81985532094,170851.25232165508,317.5736790104542,0.27481253718846316,8.981161288487478E-6,1.031046868001668E-7,0.0013355298443917026,5.75424515574241E-7,-24.064919301775717,0.005198229333473137,0.6254049028214705,1.9765905706151847,168779.73235219764,170851.16397454217,317.5736631457518,0.27481270716616746,8.981164640003463E-6,1.0310458349344171E-7,0.0013355341693345843,5.754193921347905E-7,-24.064981311173597,0.005198229858535797,6.324059580467667E-11,5.2932621609904396E-8,1.850102822087475E-9,5.036800542134495E-11,4.3940084822860664E-11,5.967485827077894E-11,-9.458852449245684E-7
3.1500000000000003E-6,3.1500000000000003E-6,2.1686119107875683,5.5E-8,4639.034505383339,4751.959312989873,0.6289067495881708,2.0919807799225327,167415.74019165206,169472.04620695603,317.3252356994133,0.27747020841589143,9.033632098475844E-6,1.0150292198654828E-7,0.0014135005269746842,5.494465219157974E-7,-27.0199154891734,0.005787227965413422,0.6289076160287866,2.0920080581267158,167415.403594468,169471.7060575447,317.32517423506494,0.27747086486748085,9.033645076229532E-6,1.0150252964718057E-7,0.001413518958193727,5.494306263642556E-7,-27.020474805971844,0.005787313198027277,0.6289047302817277,2.091947056373925,167416.52499395714,169472.83895572583,317.3253789464683,0.2774686785076419,9.033601852816897E-6,1.0150383637020226E-7,0.0014134777407931924,5.494803366445922E-7,-27.018944267167626,0.005787037862319266,0.628905843151301,2.091948464820646,167416.09210678068,169472.40205693402,317.32530000101667,0.2774695216575902,9.033618521646103E-6,1.0150333243955972E-7,0.0014134786924463823,5.494564894092946E-7,-27.019111717494525,0.005787076297735894,0.6289061008182902,2.0919817227838546,167415.99263044837,169472.30090608794,317.3252817222702,0.2774697168862399,9.033622381046021E-6,1.0150321576102026E-7,0.0014135011640431451,5.494625968083256E-7,-27.01989617856134,0.005787226390168598,7.185269660861634E-11,5.2888052645877545E-8,1.8797641226591717E-9,5.5699377447616123E-11,4.4176957779626494E-11,6.040243320738087E-11,-9.412076372206687E-7
3.175E-6,3.175E-6,2.1858231164287396,5.5E-8,4654.9945633990565,4745.167836192772,0.6326012353538967,2.2011990930817564,165985.04861274632,168026.5265737508,317.0631706301392,0.2802644113954331,9.088951520059945E-6,9.984745984187513E-8,0.0014872966845147003,4.4407906329979596E-7,-29.1679169565773,0.005899003981255646,0.6326021658556467,2.2012466917197946,165984.6900717597,168026.16373669863,317.06310463116296,0.2802651139183784,9.088965448575723E-6,9.98470472553317E-8,0.001487328845756618,4.440581786013809E-7,-29.16903983107204,0.005899157591670701,0.6325991542610895,2.2011614806916837,165985.85195713546,168027.3380810027,317.06331823749366,0.2802628402011758,9.088920368546456E-6,9.984838260714881E-8,0.0014872712707376242,4.4411985186343375E-7,-29.166851059168494,0.005898786049272076,0.6326002747806558,2.201168285238755,165985.41903963793,168026.90113936344,317.0632387616701,0.2802636861720744,9.088937141407864E-6,9.984788576366991E-8,0.0014872758684045641,4.440952166362422E-7,-29.167053986730934,0.005898842166573104,0.6326005757808482,2.20118600053264,165985.30329194837,168026.78376975452,317.0632174122597,0.28026391342884527,9.08894164702792E-6,9.984775229799115E-8,0.0014872878381977297,4.440951236972524E-7,-29.16764943252747,0.005898967147345502,8.074326764701869E-11,5.28408755338754E-8,1.911403913156675E-9,6.128140632078346E-11,4.444221622685426E-11,6.119928066493507E-11,-9.887656061621754E-7
3.2000000000000003E-6,3.2000000000000003E-6,2.203034322069911,5.5E-8,4667.239092816033,4733.055541201339,0.6364782840840404,2.304126754916529,164495.36899055773,166520.11769824315,316.7882120035369,0.28318606433560306,9.146967632370257E-6,9.81471108048422E-8,0.0015568424019706277,4.0922377976926326E-7,-32.763766000157375,0.0068320087574988975,0.6364792711691356,2.304145447377177,164494.99103860935,166519.73554955356,316.7881420089464,0.2831868067750627,9.146982398368961E-6,9.814668263225895E-8,0.0015568550320116063,4.092133309541168E-7,-32.76464129335454,0.006832252667550165,0.6364761239478508,2.3040724626610336,164496.19663447962,166520.95399921914,316.7883651804999,0.2831844395869822,9.146935318463956E-6,9.814804782455891E-8,0.001556805718014212,4.092863453308837E-7,-32.76237763911695,0.006831814283202675,0.6364772832848549,2.304110727430445,164495.7524855492,166520.5051592154,316.788282970704,0.28318531158430343,9.146952661218028E-6,9.814754492802163E-8,0.0015568315725881384,4.092439809255666E-7,-32.76316762535407,0.006831867919515844,0.6364775851459956,2.3040939693977984,164495.63644703047,166520.3882909182,316.78826156603674,0.2831855386245468,9.146957176817636E-6,9.81474139884289E-8,0.001556820249593107,4.0924502059169754E-7,-32.76298166519291,0.006831906814340982,8.985127196261963E-11,5.279121376627888E-8,1.9449857527066746E-9,6.709365658048184E-11,4.473608780012865E-11,6.20649648243078E-11,-9.909063073561325E-7
3.2250000000000005E-6,3.2250000000000005E-6,2.220245527711082,5.5E-8,4675.034538406784,4708.550251694311,0.6405269513641931,2.400626868185385,162949.7748292916,164958.598833854,316.50116453530217,0.28622518637131034,9.20751254494763E-6,9.641079311271056E-8,0.001622045181206341,2.7102716444460383E-7,-35.15909164603113,0.007083063225650221,0.6405279476160571,2.400618498904043,162949.39519260867,164958.21605005497,316.5010939149872,0.28622593269055885,9.207527438325818E-6,9.641037071181321E-8,0.0016220395262865157,2.7099526505480754E-7,-35.158932574512846,0.007083032508830911,0.6405247051478682,2.4005807674086728,162950.6288875661,164959.46187442943,316.5013237615232,0.2862235036425751,9.20747896532435E-6,9.641174549923633E-8,0.001622014032032887,2.710889825152663E-7,-35.157563739793886,0.007082761964397832,0.6405259309964249,2.400620291706193,162950.1632595158,164958.9908818461,316.5012368653448,0.28622442198035575,9.207497291047503E-6,9.641122574189159E-8,0.0016220407376393196,2.7105960029416567E-7,-35.15886010925283,0.007083028242561795,0.640526205215669,2.4006043920980638,162950.05822301147,164958.88551633173,316.50121742713577,0.2862246273985325,9.207501390463234E-6,9.641110947600456E-8,0.001622029994660854,2.710425978591502E-7,-35.15827908409915,0.00708288204884866,9.91131081257396E-11,5.273918379327058E-8,1.9804703156712957E-9,7.31175423984766E-11,4.5058550137930526E-11,6.299845117960235E-11,-1.0588948432139937E-6
3.2500000000000002E-6,3.2500000000000002E-6,2.237456733352253,5.5E-8,4678.418796040984,4687.819815570863,0.6447361897023953,2.49071479046526,161355.96352107602,163347.7788517449,316.2028514890769,0.2893718085421588,9.270417283243782E-6,9.464701184709168E-8,0.0016829153989630136,1.607179602558517E-7,-38.2982472837607,0.0077733507916377675,0.6447371863156265,2.4907230686013633,161355.58705103662,163347.39898660543,316.2027808745221,0.2893725519622637,9.270432172171486E-6,9.464659914569058E-8,0.0016829209922982185,1.6067964111243783E-7,-38.298381887041614,0.007773341930999322,0.6447338789496095,2.4906859564393695,161356.8357701241,163348.65960792592,316.2030152165519,0.28937008483339405,9.270382761685868E-6,9.464796874901965E-8,0.0016828959165130874,1.6079933487844755E-7,-38.29729999870142,0.007773203967758491,0.6447351483280848,2.4906972061643593,161356.35658366763,163348.175776731,316.2029252753309,0.2893710317279549,9.270401725603679E-6,9.46474430873911E-8,0.0016829035176786212,1.6075718690444773E-7,-38.297791837253044,0.007773296932157336,0.6447354225064632,2.49071286915437,161356.25327532552,163348.0712731022,316.20290584826665,0.2893712362537406,9.270405821699748E-6,9.464732954757288E-8,0.0016829141007799798,1.607423297400601E-7,-38.298090123925476,0.007773315650979384,1.0847262545759132E-10,5.2684915983738706E-8,2.0178159166284023E-9,7.932717732067906E-11,4.540935117428296E-11,6.399805263972687E-11,-1.1071461929651714E-6
3.2750000000000004E-6,3.2750000000000004E-6,2.2546679389934243,5.5E-8,4678.539163294069,4670.658345675167,0.6490950765346173,2.5745218877996536,159718.04201828514,161693.32261330946,315.89408758500525,0.29261604286678145,9.335515208380734E-6,9.286375105002566E-8,0.001739541816080847,-1.9723394331094823E-8,-40.67670137693244,0.008049437156842032,0.6490961071260893,2.5745532748843583,159717.6566683882,161692.93309074687,315.894014603344,0.29261680818699853,9.335530594680083E-6,9.286333452521609E-8,0.0017395630235705123,-1.9772615615920587E-8,-40.67755145452679,0.008049538233592557,0.6490927160484083,2.574493169521229,159718.92567864122,161694.21479099322,315.8942547424544,0.2926142899711154,9.335479967302781E-6,9.286470507310547E-8,0.0017395224118386683,-1.9631469854175522E-8,-40.67579421052892,0.00804930814609861,0.6490939916568914,2.57448885158254,159718.44760456024,161693.73265422633,315.8941644109047,0.29261523723156707,9.335499011607614E-6,9.286418951793863E-8,0.001739519494312527,-1.9675554625564474E-8,-40.67574435246593,0.008049298392847959,0.6490943100410299,2.5745248406032917,159718.32933307716,161693.61232147584,315.8941418638533,0.29261547367392715,9.335503764952245E-6,9.286406083681356E-8,0.0017395438112184404,-1.969541969515376E-8,-40.67677915610534,0.008049461402094948,1.1788159571639965E-10,5.26285332596653E-8,2.056979772818581E-9,8.568942258246487E-11,4.5788047407238226E-11,6.506186953598028E-11,-1.2005868007449472E-6
3.3E-6,3.3E-6,2.2718791446345956,5.5E-8,4674.7926784555975,4635.207565019042,0.6535928622264299,2.652119672750232,158042.60038154706,160000.771311458,315.5756829832072,0.2959482243739929,9.40264276036062E-6,9.106842775860164E-8,0.0017919727518582648,-1.9401564586019048E-7,-43.394000253251534,0.00854859004402897,0.6535939356627352,2.65213853762105,158042.2023842649,160000.36914786862,315.5756070195527,0.2959490177390506,9.402658775625143E-6,9.106800460783957E-8,0.0017919854983926011,-1.9406007936595415E-7,-43.39475735541646,0.008548733783072748,0.6535904456536799,2.6520832082590817,158043.49697721066,160001.67668855385,315.5758539963377,0.295946438315334,9.4026067059993E-6,9.106938038445318E-8,0.0017919481136885688,-1.9390587056022923E-7,-43.39289383574419,0.00854846113838903,0.6535917275679336,2.6520945293122806,158043.02097442411,160001.1964124456,315.5757632795075,0.29594738575818436,9.402625831681165E-6,9.106887504622484E-8,0.0017919557630488383,-1.9396605566157632E-7,-43.39309580105464,0.00854843088097823,0.6535920921877487,2.652112715461926,158042.88629753992,160001.05980974992,315.57573747629215,0.2959476552510814,9.402631271673417E-6,9.10687313101259E-8,0.001791968050987788,-1.939794816507856E-7,-43.39386358379852,0.008548604286659156,1.272876366191095E-10,5.257016488012722E-8,2.0979180511048055E-9,9.217620249803581E-11,4.619402154522483E-11,6.618818301655422E-11,-1.291365255560225E-6
3.3250000000000004E-6,3.3250000000000004E-6,2.289090350275767,5.5E-8,4665.698064542624,4589.434908096635,0.6582188588135853,2.7235074207072274,156334.13719205972,158275.53332487296,315.2484446206673,0.2993587752255843,9.471637792558367E-6,8.926794142244053E-8,0.0018402077166940725,-4.166448248099641E-7,-45.58863288233874,0.00878555504129963,0.6582199427536012,2.7235007104586035,156333.7380590246,158275.1309278701,315.2483679760006,0.29935957236923944,9.471653953765605E-6,8.926752489977734E-8,0.0018402031827422997,-4.16686763458074E-7,-45.588506515835434,0.008785519034319123,0.6582163778656176,2.723468991877549,156335.04917036367,158276.45433725018,315.24862004832613,0.29935695068427354,9.471600802386307E-6,8.926889478192255E-8,0.0018401817512686141,-4.165259629473894E-7,-45.587358733698466,0.008785381793074976,0.658217694906304,2.7234986266881513,156334.5652767696,158275.9654073056,315.24852692019897,0.29935791926669963,9.471620439060437E-6,8.926838867763592E-8,0.0018402017747892914,-4.165940667633095E-7,-45.588275628099154,0.008785506078112348,0.6582180582180102,2.7234789895023175,156334.43107008512,158275.83053096713,315.24850123114476,0.2993581864470675,9.471625855924897E-6,8.926824906849665E-8,0.0018401885064204847,-4.1659880906763646E-7,-45.58780891468882,0.008785441704020513,1.3663105713380945E-10,5.250993691062288E-8,2.1405846443882288E-9,9.876766281798285E-11,4.6626475272681335E-11,6.737552394434662E-11,-1.4131967287057179E-6
3.35E-6,3.35E-6,2.3063015559169378,5.5E-8,4652.224640328733,4556.691430525048,0.6629624415544013,2.788757502208198,154598.51630394268,156522.8995506459,314.91317980715456,0.30283827440230204,9.542339604222296E-6,8.746866395211834E-8,0.0018842956096001339,-6.424370462809748E-7,-47.87940381830754,0.009122431309350532,0.6629635215197016,2.788759084478998,154598.1224563172,156522.50243007837,314.9131035144981,0.30283906450471604,9.542355695506851E-6,8.746825961772224E-8,0.0018842966787020255,-6.424852853115226E-7,-47.879350931766794,0.009122379379505219,0.6629599021376866,2.788727866058153,154599.44124758348,156523.83333370203,314.91335920174424,0.3028364165506269,9.542301767368317E-6,8.746961471038081E-8,0.0018842755851744277,-6.423091653573466E-7,-47.878384760764675,0.009122317801455893,0.6629612622466385,2.788748632939084,154598.94606100165,156523.33320070375,314.91326311799054,0.3028374116167302,9.54232203274999E-6,8.746910548321923E-8,0.0018842896168507323,-6.423808325450864E-7,-47.87914259358263,0.009122420282807298,0.6629615890132744,2.7887252246617917,154598.8260581127,156523.21303969485,314.9132400347752,0.30283765067146956,9.542326901512348E-6,8.746898314366721E-8,0.0018842738004471566,-6.423820384782175E-7,-47.87829440805149,0.009122253479887377,1.4585873818507764E-10,5.244798025668991E-8,2.1849309100110945E-9,1.054388573286734E-10,4.7084439300556836E-11,6.862236925099103E-11,-1.5350769763905938E-6
3.3750000000000003E-6,3.3750000000000003E-6,2.323512761558109,5.5E-8,4636.081948572235,4526.140299934362,0.6678132154256904,2.8480647158388632,152840.28721806913,154747.949711076,314.57068033051485,0.30637755511479803,9.61459140978387E-6,8.567638883281315E-8,0.0019243680512424752,-9.009475195398409E-7,-49.778982961475094,0.009284826910317179,0.6678143242526052,2.8480966052002326,152839.88778146883,154747.54598382133,314.57060208103525,0.3063783619579119,9.614607920260467E-6,8.567598453346559E-8,0.0019243895981082653,-9.010220844629658E-7,-49.77991224200355,0.009284930047982698,0.6678106409172828,2.848053489567735,152841.2163648531,154748.8871063594,314.57086201050464,0.3063756817724515,9.61455307524544E-6,8.567732755393276E-8,0.0019243604659241451,-9.008238477292707E-7,-49.778539049007804,0.009284814662947838,0.667812020632343,2.848055465968515,152840.71832006736,154748.38474225474,314.5707646458018,0.3063766857227351,9.614573619262163E-6,8.567682447868847E-8,0.0019243618013300777,-9.008859167636274E-7,-49.77867577259349,0.00928481273331272,0.6678123407321362,2.8480707743315055,152840.60303379083,154748.26819242394,314.57074205629635,0.30637691864519717,9.614578385561784E-6,8.567670776317941E-8,0.0019243721448185848,-9.009136063298229E-7,-49.77896894943342,0.009284816382574945,1.5493009752718007E-10,5.238442230563017E-8,2.2309069128445134E-9,1.1215507909032521E-10,4.7566814770291556E-11,6.99265237414484E-11,-1.6775708375790212E-6
3.4000000000000005E-6,3.4000000000000005E-6,2.3407239671992803,5.5E-8,4616.514393266814,4477.513259121859,0.6727611349252697,2.901641947437628,151063.92309430847,152955.5136420658,314.2217153029908,0.3099678255134757,9.688242107071253E-6,8.389630309258662E-8,0.0019605688834038026,-1.189549858366945E-6,-50.9703205619669,0.009134291919451698,0.6727622907610199,2.9016653368724716,151063.51082190347,152955.09706473837,314.2216338335121,0.30996866184122945,9.688259306349348E-6,8.389589281484324E-8,0.001960584687075994,-1.1896294427060639E-6,-50.97117691398148,0.009134388782484848,0.6727585420675907,2.9016321675515897,151064.8494887383,152956.44814707522,314.22189805940326,0.3099659494074932,9.688203524350243E-6,8.38972234653988E-8,0.001960562275372696,-1.1894269485424047E-6,-50.969946120871555,0.009134275117077095,0.6727599264935961,2.9016353697508372,151064.35477906038,152955.94917830944,314.2218004788623,0.30996695113255956,9.68822412514397E-6,8.389673204161108E-8,0.001960564439020836,-1.189489127568777E-6,-50.9700745801706,0.009134278569433718,0.672760288408557,2.9016691690723535,151064.22629063524,152955.8187402023,314.2217749679153,0.3099672130074288,9.688229510579071E-6,8.389660357351819E-8,0.001960587276400239,-1.1895503736525371E-6,-50.970944441060965,0.009134305807663168,1.6380470237040807E-10,5.231938951998983E-8,2.278462038745487E-9,1.1888512186192735E-10,4.8072402056508565E-11,7.128492521498559E-11,-1.8416320156627538E-6
3.4250000000000002E-6,3.4250000000000002E-6,2.357935172840451,5.5E-8,4591.821299894497,4416.426033314262,0.6777964590768757,2.9496307503031525,149275.68223344543,151150.1897081538,313.86703369314375,0.3136006596262789,9.763145583412822E-6,8.213302762632589E-8,0.001992993750204833,-1.450239343228077E-6,-53.14994258697266,0.009534641232193053,0.6777976173783328,2.9496104223607738,149275.27233960942,151149.7766001266,313.8669521601543,0.3136014928613609,9.763162808363719E-6,8.213262749120913E-8,0.001992980015108631,-1.4502581744579856E-6,-53.149755851115515,0.009534723537541367,0.6777938268287379,2.949595016348695,149276.61245429437,151151.12850334472,313.8672189814253,0.31359876608562104,9.763106439580838E-6,8.213393694713349E-8,0.00199296960564101,-1.4500699150232777E-6,-53.149096922188164,0.009534685981634539,0.6777952256262666,2.9496085343229357,149276.11795694684,151150.62961898788,313.8671205179305,0.3135997723274576,9.763127240924819E-6,8.213345372551309E-8,0.001992978739407389,-1.4501558716517593E-6,-53.149376843182836,0.009534631636455515,0.6777956231326651,2.9496165096098363,149275.97810162246,151150.48785065272,313.867092536825,0.3136000582850205,9.763133152193425E-6,8.213331640451304E-8,0.001992984128114754,-1.4501711731895738E-6,-53.15012271612136,0.009534874745781963,1.7243719560398977E-10,5.22530089525289E-8,2.327544268517127E-9,1.2560588867913942E-10,4.859990398312738E-11,7.269445974202546E-11,-1.9878353761889504E-6
3.4500000000000004E-6,3.4500000000000004E-6,2.375146378481623,5.5E-8,4561.921008507848,4356.509467045009,0.6829096598192986,2.99213611711624,147477.79684779074,149336.3444453708,313.5073671828494,0.31726787708301485,9.839159316872918E-6,8.039068527365357E-8,0.002021713592646108,-1.7518617671896664E-6,-54.217446047805424,0.009416998838986501,0.6829107833591356,2.99211525638475,147477.4026999425,149335.94803104035,313.50728821199624,0.31726868045378415,9.83917601438921E-6,8.039030764599285E-8,0.0020216994975572637,-1.7518904516578004E-6,-54.216466483257136,0.009416750925254291,0.6829069636054567,2.9920970182135167,147478.738899642,149337.29573525512,313.50755669746866,0.31726594916342793,9.839119247006677E-6,8.039159149996522E-8,0.0020216871744685922,-1.7516857698751666E-6,-54.21599776070934,0.00941683122221093,0.6829083823306232,2.9921068676983618,147478.2428693428,149336.79517327642,313.50745697696505,0.31726696361741485,9.83914033143624E-6,8.039111465008239E-8,0.00202169382952592,-1.7517633146724165E-6,-54.21643053291518,0.009416881642437147,0.6829087761237761,2.9920942630545047,147478.1046332015,149336.65623226867,313.5074292984373,0.3172672451937613,9.839146183804404E-6,8.03909822930715E-8,0.0020216853128746655,-1.7517655433607614E-6,-54.21599767597104,0.00941680159490943,1.8078619298839755E-10,5.218540207693978E-8,2.378099769505646E-9,1.322925966640334E-10,4.914792983166919E-11,7.415268519726238E-11,-2.159070422094555E-6
3.475E-6,3.475E-6,2.3923575841227938,5.5E-8,4528.046701598349,4302.0652705371685,0.6880914629986716,3.0293466786420606,145675.97175087515,147518.13333490363,313.14343048294756,0.3209616632241951,9.916144971430132E-6,7.867290107087934E-8,0.0020468558639473384,-2.0364011275830764E-6,-55.75338738664004,0.009592299409320049,0.6880925927744068,3.029374446744196,145675.58131632474,147517.73910642034,313.14335119752576,0.32096246606954854,9.91616175127652E-6,7.867253169216417E-8,0.0020468746261785107,-2.036497079416222E-6,-55.75396972187605,0.009592267301030688,0.6880887335602499,3.0293467731335824,145676.9161705594,147519.08575940065,313.1436220265326,0.3209597236189261,9.91610443279499E-6,7.867379346509721E-8,0.002046855927792961,-2.0362725244638113E-6,-55.75314155653541,0.009592293200313406,0.6880901618033634,3.029347946163997,145676.4218721416,147518.58737958627,313.14352179676547,0.32096073856282487,9.916125645594648E-6,7.867332649730045E-8,0.002046856720381079,-2.036342949907066E-6,-55.75316287400915,0.009592244184659648,0.6880905389480862,3.029340963556611,145676.29107979266,147518.4557763958,313.14349533035164,0.32096100656935017,9.916131247087884E-6,7.867320318977104E-8,0.0020468520024031155,-2.0363478232354737E-6,-55.75290160603595,0.009592200813528962,1.8881921625001052E-10,5.21166926711877E-8,2.4300734814555838E-9,1.3891480292794916E-10,4.9715022016922015E-11,7.56572648719082E-11,-2.3189325443121772E-6
3.5000000000000004E-6,3.5000000000000004E-6,2.409568789763965,5.5E-8,4491.095717445675,4246.620705189564,0.6933329876083676,3.061531497236302,143872.8519260998,145699.4175729607,312.77590730414727,0.32467460108121315,9.993970424027838E-6,7.698279771851648E-8,0.002068602362997501,-2.3422966697239647E-6,-56.56980396576887,0.0094539849274895,0.693334173651896,3.0615699055049714,143872.4473879142,145699.00836572153,312.77582421197053,0.32467543856335235,9.993988028960146E-6,7.698242056724064E-8,0.002068628314530386,-2.3424210920097723E-6,-56.57115577780655,0.009454129506650588,0.6933302709129616,3.0615468112795434,143873.78224382387,145700.35489115168,312.77609762529784,0.32467268279626266,9.993930098995E-6,7.698366160809362E-8,0.002068612710324016,-2.3421962487191197E-6,-56.57040186086374,0.009454157703117971,0.6933317029423213,3.06154989093116,143873.29222297756,145699.86080994984,312.7759973022382,0.32467369396853973,9.993951355200677E-6,7.698320623109571E-8,0.0020686147911697025,-2.3422680122564545E-6,-56.570456946159766,0.009454114765219401,0.6933320758824446,3.0615520655469863,143873.16453049393,145699.73213715083,312.77597117519474,0.32467395730421933,9.993956890904879E-6,7.698308763902412E-8,0.0020686162605047203,-2.342293824568742E-6,-56.570394181123675,0.009454047923270537,1.965070383464966E-10,5.204699810812551E-8,2.483409612835384E-9,1.4544331851939465E-10,5.029968073715855E-11,7.72051316788021E-11,-2.492904677443892E-6
3.525E-6,3.525E-6,2.426779995405136,5.5E-8,4450.4268382107175,4177.241709821658,0.6986257706621726,3.0889088784599084,142072.9031345587,143883.7826443971,312.4054506230481,0.3283997447553214,1.0072510105108059E-5,7.532301634073128E-8,0.002087100593553992,-2.635024792709828E-6,-57.57232625910797,0.009466895725182667,0.6986269833801033,3.0889019161906006,142072.49297707464,143883.3690358332,312.40536582115993,0.3284005954949514,1.0072528095371528E-5,7.53226413152066E-8,0.002087095889317973,-2.635068491514403E-6,-57.572440148888745,0.009466959692332466,0.6986230502027752,3.0888896467240565,142073.82323125837,143884.71048911966,312.40564085879123,0.32839783631346,1.0072469747997617E-5,7.532385763435439E-8,0.002087087599137876,-2.6348599895698046E-6,-57.572064515064994,0.00946704069815496,0.6986244915463395,3.0888974278307364,142073.33578421504,143884.21890146792,312.405540068849,0.32839884743825615,1.0072491129851615E-5,7.532341190177695E-8,0.0020870928566423894,-2.6349442920547972E-6,-57.57223876363264,0.009466991761229337,0.6986248757148605,3.088908265559328,142073.20618305972,143884.0878768151,312.405513204368,0.3283991169397473,1.0072496828864078E-5,7.532329309864E-8,0.002087100179431978,-2.634979765332446E-6,-57.57260509025991,0.009467037088285224,2.0382100770745604E-10,5.19764352921765E-8,2.538051545466201E-9,1.5185286084981403E-10,5.0900373715668816E-11,7.879271482475057E-11,-2.658277447424633E-6
3.5500000000000003E-6,3.5500000000000003E-6,2.443991201046307,5.5E-8,4404.636837654877,4094.8463854259353,0.7039616623892484,3.1116239428195738,140278.75872005057,142074.55932385093,312.03268748438416,0.33213050386614595,1.0151643401804594E-5,7.369579095496697E-8,0.0021024486100132255,-2.935495542146782E-6,-58.08642267403593,0.00928708696051217,0.7039628425026364,3.1115924372300827,140278.3629667003,142074.16153856585,312.0326051261819,0.33213132621710617,1.0151660898329561E-5,7.36954360732495E-8,0.0021024273224527585,-2.9354883645282824E-6,-58.08525940947834,0.009286876550191892,0.7039588960864914,3.1115893451471552,140279.68253309166,142075.49177496988,312.0328805470048,0.33212857617685015,1.0151602388203436E-5,7.36966228452284E-8,0.0021024252332075373,-2.9352944261518133E-6,-58.08527450567658,0.009287036080820599,0.7039603489244829,3.1115950084501076,140279.19693621973,142075.00205909574,312.03277915296,0.3321295885821293,1.0151623928188837E-5,7.369618594263741E-8,0.0021024290597635863,-2.93537416425238E-6,-58.085459865231996,0.009287013450148152,0.7039607538675026,3.111608427607064,140279.06198172786,142074.86556304467,312.03275089111685,0.3321298707659895,1.015162993193217E-5,7.36960641669603E-8,0.0021024381267615295,-2.9354212372822984E-6,-58.085905020875316,0.009287051426127846,2.1073553682948725E-10,5.1905116164937046E-8,2.593941730940305E-9,1.5811898147172272E-10,5.151554510445997E-11,8.041647903353474E-11,-2.8283942444037397E-6
3.5750000000000005E-6,3.5750000000000005E-6,2.4612024066874785,5.5E-8,4353.709306518466,4014.926773591292,0.7093327923237517,3.129854747545563,138493.61507569382,140274.85088591202,311.65822242077513,0.33586064915971103,1.0231254127273121E-5,7.2102986579297E-8,0.00211476672131457,-3.2208466652150493E-6,-58.22587902203645,0.009007128121297114,0.7093339411646317,3.1298494305400295,138493.2349431267,140274.46824262317,311.6581424106895,0.33586144428281095,1.0231271150618232E-5,7.21026506311054E-8,0.002114763128743263,-3.220884331653906E-6,-58.225329147422144,0.009006941142402525,0.7093299921833249,3.129849622911707,138494.5397363312,140275.7835274734,311.6584174362655,0.33585871114312227,1.0231212635218372E-5,7.210380541676716E-8,0.0021147632587241263,-3.220702212161086E-6,-58.22535792200961,0.009007059192185807,0.7093314510180868,3.1298509152133245,138494.0578023698,140275.29763297297,311.65831583601624,0.3358597208229906,1.0231234252011161E-5,7.210337881239765E-8,0.002114764131900895,-3.220772739069844E-6,-58.22543198725589,0.00900703569512018,0.7093318656248347,3.129848946297566,138493.9210494282,140275.1595409733,311.65828696092467,0.33586000777996955,1.023124039559093E-5,7.210325757000232E-8,0.0021147628015524096,-3.2207861426059026E-6,-58.22566649679425,0.009007141313773559,2.1722834168567739E-10,5.183315098352717E-8,2.6510217819831716E-9,1.6421800435294834E-10,5.2143626540038996E-11,8.207283201432917E-11,-2.989634484774809E-6
3.6000000000000003E-6,3.6000000000000003E-6,2.4784136123286498,5.5E-8,4298.894643299283,3939.698770412936,0.7147316466633641,3.1438380503988146,136721.1679275326,138487.50542855737,311.2826298730962,0.3395843536295432,1.0311231635268763E-5,7.054610832004163E-8,0.002124214898918118,-3.5059772130807686E-6,-58.856681950197526,0.008973081778307801,0.7147328104862459,3.1438610120896753,136720.78819447945,138487.1224664837,311.28254899543106,0.3395851535491344,1.0311248871233922E-5,7.054577737168053E-8,0.002124230413574105,-3.5060976868805937E-6,-58.85686003248361,0.008972854329329039,0.7147288525833202,3.1438506274673523,136722.08028708812,138488.42483168253,311.28282403751075,0.3395824331818351,1.0311190255539086E-5,7.054690286204882E-8,0.0021242233969374002,-3.5058879920768507E-6,-58.85696304822727,0.008973122445283366,0.7147303100803627,3.143847784091858,136721.60438957065,138487.94523515302,311.2827227536956,0.3395834349591417,1.0311211840760874E-5,7.054648839774515E-8,0.002124221475737742,-3.5059484235944183E-6,-58.85684123106398,0.008973058307489623,0.7147307155812119,3.1438389143373144,136721.47173075294,138487.8118037753,311.28269457540904,0.3395837136706899,1.0311217846141649E-5,7.0546373087335E-8,0.0021242154826603475,-3.5059432421746808E-6,-58.856550773377194,0.00897302543783951,2.2328039729831325E-10,5.176064526779757E-8,2.709232586910912E-9,1.7012743282733357E-10,5.278305065030116E-11,8.375798686774346E-11,-3.150502687701206E-6
3.6250000000000004E-6,3.6250000000000004E-6,2.495624817969821,5.5E-8,4240.657728974719,3858.4310797636494,0.720151110079255,3.1538010172368263,134962.788723129,136715.10604989878,310.90645294733815,0.3432962081115226,1.0391471404724085E-5,6.9026324101067E-8,0.0021309466332681258,-3.7761309708628234E-6,-58.783263993925175,0.008684209491150341,0.7201523071913836,3.153817165184808,134962.40355552308,136714.7169472329,310.90636994868777,0.34329702513644916,1.03914891243319E-5,6.902599305035891E-8,0.0021309575440437893,-3.7762232996385594E-6,-58.784110758097995,0.00868436681648177,0.7201483268310496,3.1538012758253484,134963.6866570586,136716.01070764902,310.90664591400076,0.34329430855915577,1.039143020718525E-5,6.902709378924033E-8,0.0021309468079901005,-3.7760013883314515E-6,-58.78372040598083,0.008684483737354753,0.720149775961015,3.1537943929597785,134963.2191076297,136715.53968733302,310.9065454441194,0.34329529758517596,1.0391451657155814E-5,6.9026693040848E-8,0.0021309421574052557,-3.776050735240233E-6,-58.783452815575174,0.008684400053667218,0.7201501795501195,3.1538008316239545,134963.08893349807,136715.4085055081,310.90651746231873,0.3432955730313339,1.039145763106687E-5,6.902658143126033E-8,0.0021309465078540235,-3.776084903535093E-6,-58.7834193292033,0.008684311906847597,2.2887776088340826E-10,5.168770184153577E-8,2.768514545751394E-9,1.758239117609706E-10,5.3432261867507157E-11,8.546811157392547E-11,-3.301211400471663E-6
3.65E-6,3.65E-6,2.512836023610992,5.5E-8,4178.451225126897,3768.6713524278657,0.725584432176175,3.15994038689551,133221.5274767815,134959.99756861845,310.5302043156843,0.3469912167672952,1.0471874515321597E-5,6.75445019100278E-8,0.0021350948560104797,-4.001261061432615E-6,-58.724858547937174,0.008514786862861001,0.7255856346290773,3.159930513098179,133221.14543777416,134959.61155875132,310.5301211490663,0.3469920315913696,1.047189230486527E-5,6.754417850044628E-8,0.002135088184525797,-4.001296688187495E-6,-58.72577635129073,0.008515236352550914,0.7255816447026909,3.159934974707295,133222.41569573656,134960.89241220395,310.53039710992243,0.34698932789525777,1.0471833276378423E-5,6.754525162859302E-8,0.0021350911991265507,-4.0011190618827186E-6,-58.72531141943841,0.008515129158666923,0.7255830859762753,3.1599325945021257,133221.95636712332,134960.42972984147,310.5302974253308,0.3469903045454703,1.047185459912949E-5,6.754486398245699E-8,0.002135089590879815,-4.001176064889478E-6,-58.72500571263572,0.008514990578490256,0.7255835003210817,3.1599390140519703,133221.82426921843,134960.29671455055,310.53026876690546,0.3469905853149546,1.0471860729103848E-5,6.754475254066146E-8,0.0021350939284134935,-4.001217384228539E-6,-58.72487106214703,0.008514828593121138,2.3401099840662025E-10,5.161441994622133E-8,2.828807891528859E-9,1.8128388311409353E-10,5.4089729223646776E-11,8.719922026741659E-11,-3.4242043278414094E-6
3.6750000000000004E-6,3.6750000000000004E-6,2.530047229252163,5.5E-8,4111.707332436767,3671.702596425456,0.7310251847120741,3.1624336845201393,131499.61288340617,133224.29312845157,310.1543666075924,0.35066472512624136,1.0552346981225699E-5,6.610125466339683E-8,0.0021367795165676616,-4.279314438093706E-6,-58.809251033888586,0.00831607263448575,0.7310263632830839,3.1624154880442847,131499.24168040897,133223.91950116688,310.1542852985618,0.3506655179969328,1.0552364408796195E-5,6.610094633245697E-8,0.002136767221651544,-4.2793049551903555E-6,-58.80872983090035,0.008316047457171294,0.7310223930249019,3.1624341522956074,131500.49065392948,133225.17814908587,310.1545592087322,0.35066284704933676,1.0552305700442577E-5,6.610198501631554E-8,0.0021367798326321673,-4.279189410993922E-6,-58.808977961386745,0.008316033358937602,0.731023839559474,3.1624426195087176,131500.03535444106,133224.7195659817,310.15445941050103,0.3506638201852691,1.0552327090404338E-5,6.610160657754623E-8,0.0021367855537221063,-4.279275901382107E-6,-58.80864636306546,0.008315759401511968,0.7310242513191061,3.1624332464240203,131499.9064823323,133224.58903244807,310.15443100326564,0.35066409719826036,1.0552333179110098E-5,6.610149885360362E-8,0.0021367792205567704,-4.279269751350512E-6,-58.80927871095241,0.008316121098815188,2.386696901036966E-10,5.1540890394834386E-8,2.8900526283926597E-9,1.864893704899057E-10,5.475395435617298E-11,8.894700021782925E-11,-3.581120097207126E-6
3.7E-6,3.7E-6,2.5472584348933345,5.5E-8,4040.091499025511,3568.266543141905,0.7364672396061248,3.161452028494471,129799.71082127684,131509.91901400124,309.7794028240654,0.3543124725980383,1.0632799406565528E-5,6.46969652808849E-8,0.002136116235469237,-4.377072121144466E-6,-59.78663934015026,0.008886161470840648,0.7364683995796025,3.1614484272966603,129799.34900673575,131509.555901224,309.7793230058857,0.35431324725388974,1.0632816550892344E-5,6.469667005665336E-8,0.002136113802227473,-4.377085668494374E-6,-59.78508364106074,0.008885572167059763,0.7364644467255835,3.16145032837501,129800.57837115899,131510.7932859961,309.7795950063944,0.354310607433739,1.063275812797685E-5,6.469767610517272E-8,0.002136115086739872,-4.376941020609592E-6,-59.78678871720376,0.00888631682714447,0.7364659042336058,3.1614548619866865,129800.12551928828,131510.3370328131,309.7794947129022,0.3543115807995082,1.0632779669849737E-5,6.46973051492568E-8,0.002136118149991004,-4.3770126369224725E-6,-59.786604029123964,0.00888613477083311,0.7364663076174441,3.161454086894896,129799.9999587072,131510.21075873025,309.779466955699,0.3543118501886057,1.0632785631835607E-5,6.469720248327825E-8,0.002136117626280335,-4.377026333202139E-6,-59.786325062501874,0.008886050470181317,2.428426063652257E-10,5.146721206175705E-8,2.952188151614241E-9,1.9142736574065525E-10,5.542346496814398E-11,9.070710798069327E-11,-3.6225740727684992E-6
3.7250000000000003E-6,3.7250000000000003E-6,2.5644696405345058,5.5E-8,3964.1480165724633,3468.8910322147067,0.7419047841114315,3.157190335138161,128118.97190973326,129818.54028076772,309.4057347408201,0.3579304014646268,1.0713147167562671E-5,6.333182494773852E-8,0.00213323671293119,-4.813477606404604E-6,-57.151639027877536,0.0072003519683079276,0.741905944332622,3.157194437312634,128118.61651455075,129818.18168654323,309.40565511817766,0.3579311705840197,1.071316430758546E-5,6.333153762566707E-8,0.002133239484670699,-4.813559703507053E-6,-57.15202748839624,0.00720038563868286,0.7419019880696794,3.1571882477871456,128119.82948823652,129819.40446681966,309.40592662331477,0.35792854793996615,1.071310586145025E-5,6.333251737785377E-8,0.0021332353025588823,-4.813358842881144E-6,-57.1518047973309,0.007200518416794921,0.7419034375130991,3.1571744331362237,128119.38543395018,129818.95648206398,309.40582715380026,0.3579295087978334,1.0713127274177002E-5,6.333215842632594E-8,0.0021332259683352864,-4.8133869441358E-6,-57.15222403138637,0.007200806931891179,0.7419038533479955,3.157189787902163,128119.25775190681,129818.82795591895,309.40579861551277,0.3579297844540359,1.0713133417333315E-5,6.333205544676056E-8,0.002133236343177137,-4.813447511082813E-6,-57.1520607876414,0.007200541323143739,2.4652653902674846E-10,5.139345403773265E-8,3.0151534611463027E-9,1.9608051211382775E-10,5.6096821100074216E-11,9.247539788219104E-11,-3.876927240087523E-6
3.7500000000000005E-6,3.7500000000000005E-6,2.581680846175677,5.5E-8,3885.328042676812,3376.9320632077884,0.7473323490753035,3.1498533960061246,126466.3371889843,128151.7151380191,309.03377726322293,0.3615150711180539,1.0793310847233534E-5,6.20058089047035E-8,0.0021282793216257597,-4.849932397803514E-6,-58.29461505369795,0.007982195576545337,0.7473335109625987,3.149851331654802,126465.98505364363,128151.3605977546,309.0336977483609,0.36151583562666767,1.079332800416411E-5,6.200552887571448E-8,0.002128277926793785,-4.849961938333536E-6,-58.29424825883393,0.007982062194599848,0.7473295615861725,3.1498652575862005,126467.18122095296,128152.56572047636,309.03396802833686,0.36151323697412474,1.0793269685955654E-5,6.200648073069488E-8,0.002128287336206892,-4.849847574206478E-6,-58.294714245239675,0.007982190785249088,0.7473309845565537,3.1498480225584795,126466.7494717954,128152.13151125035,309.03387064695977,0.3615141732776033,1.0793290698156491E-5,6.200613777306508E-8,0.0021282756909178917,-4.849840732390476E-6,-58.293779747661574,0.007981959201316613,0.7473314158765657,3.1498510519516367,126466.61954618587,128151.99989711397,309.03384112835533,0.3615144570835233,1.0793297067215799E-5,6.200603381832083E-8,0.00212827773780516,-4.849879431390036E-6,-58.29443934196479,0.007982184549994997,2.497255219900703E-10,5.131972466474459E-8,3.0788878944173875E-9,2.0042835636293693E-10,5.6772638731306805E-11,9.424755711040293E-11,-3.879393514517259E-6
3.7750000000000003E-6,3.7750000000000003E-6,2.598892051816848,5.5E-8,3803.622708626443,3271.923122863647,0.7527447861466714,3.13960969059076,124835.62485041836,126510.69739701787,308.6638925784769,0.3650630682396189,1.0873215820151517E-5,6.071876061398579E-8,0.0021213578990478105,-5.179395442098667E-6,-55.78613507225623,0.0065760353951702655,0.7527459445567024,3.1396075608702736,124835.2786455307,126510.34843210361,308.6638135265725,0.36506382476856447,1.087323291832079E-5,6.071848883757439E-8,0.0021213564600474823,-5.179441021709863E-6,-55.78617332191038,0.006576028214787755,0.7527420259688232,3.1396297481809263,124836.45099942654,126511.52888876165,308.66408093605935,0.3650612656301303,1.0873175079832014E-5,6.071940818946962E-8,0.002121371451473599,-5.179360083928941E-6,-55.78727763052416,0.0065763602060116,0.7527434328222045,3.1396281123241963,124836.0303484344,126511.10507863948,308.66398492995626,0.365062184413503,1.0873195845037257E-5,6.071907812123166E-8,0.0021213703461649973,-5.17941225297136E-6,-55.78713122178806,0.006576288428384203,0.7527438562295157,3.1396157206152524,124835.90311380402,126510.97752986362,308.6639560370684,0.36506246093221834,1.08732020945434E-5,6.071897878434502E-8,0.002121361973388684,-5.179382353475148E-6,-55.78645053318883,0.006576121297300119,2.5243944159535615E-10,5.124607837885581E-8,3.143331104323218E-9,2.044588790081797E-10,5.744958780480633E-11,9.601884223586992E-11,-4.068475941186938E-6
3.8000000000000005E-6,3.8000000000000005E-6,2.616103257458019,5.5E-8,3717.0477869608276,3146.570708139625,0.7581372267069474,3.1266151492258216,123234.71548095995,124896.67293200974,308.29643989697223,0.3685715538431666,1.0952791685758138E-5,5.947036190161615E-8,0.0021125778035309606,-5.231666337550678E-6,-56.32593641493645,0.00706773859668175,0.7581383818548646,3.1266135637909596,123234.37433815155,124896.32940607582,308.29636129762986,0.36857230258027185,1.0952808728646428E-5,5.9470098022614695E-8,0.0021125767322911887,-5.231698482646152E-6,-56.32564584163583,0.0070676234085524925,0.7581344897561714,3.126622315581619,123235.52344451602,124897.48686888651,308.29662612671683,0.3685697798158784,1.0952751305168919E-5,5.9470987129807716E-8,0.002112582645663256,-5.231587298055729E-6,-56.32629805918532,0.007067865717125699,0.7581358994131262,3.1266274288668288,123235.10742959629,124897.06765189994,308.2965302090345,0.36857069352122107,1.0952772103051587E-5,5.947066510723079E-8,0.0021125861005856952,-5.2316553910714E-6,-56.32623731843137,0.0070677518285506835,0.7581363081809147,3.1266225381651283,123234.98676060901,124896.94608978245,308.29650239564666,0.36857095847604854,1.0952778133954372E-5,5.947057172847893E-8,0.002112582796057519,-5.2316544476127545E-6,-56.326184312563555,0.007067786811610688,2.546667865316604E-10,5.1172609924462375E-8,3.208422513761543E-9,2.081653708296855E-10,5.812638480548564E-11,9.778448063083827E-11,-4.082526880336113E-6
3.825000000000001E-6,3.825000000000001E-6,2.6333144630991905,5.5E-8,3625.3839086879675,3028.4920771901834,0.7635050744456356,3.111030360021695,121659.0348825896,123310.58637649685,307.9317370324331,0.3720377423757678,1.1031972091326137E-5,5.826020215195452E-8,0.0021020475405551992,-5.461143770588706E-6,-54.39915972042104,0.006118715844266376,0.7635062169765796,3.1110174308460548,121658.70175487325,123310.25096186723,307.93165952348767,0.3720384773615128,1.103198894126532E-5,5.825994795521728E-8,0.0021020388046257125,-5.461148335967892E-6,-54.39884101425514,0.006118674324028461,0.7635023394819304,3.1110253615634074,121659.83180336586,123311.3892917137,307.93192257413887,0.37203598298807716,1.1031931756332568E-5,5.826081064753368E-8,0.0021020441632185185,-5.461030097109188E-6,-54.399402583515666,0.006118927606650004,0.7635037495821743,3.111020900508557,121659.42096543989,123310.97532260726,307.9318269123781,0.3720368901010778,1.103195255236265E-5,5.826049691650298E-8,0.0021020411489922684,-5.4610714589387045E-6,-54.39931791160325,0.006118900578456987,0.7635041577355979,3.1110252009106403,121659.30196596845,123310.85549873911,307.9317992227703,0.37203715266243137,1.1031958571771621E-5,5.826040610765586E-8,0.0021020440546693515,-5.461098544117249E-6,-54.399211482412056,0.006118798346527399,2.564128502069446E-10,5.1099375050048375E-8,3.2741014662627854E-9,2.115373283729967E-10,5.88017957857541E-11,9.954009528376203E-11,-4.207527988790461E-6
3.85E-6,3.85E-6,2.6505256687403613,5.5E-8,3531.200788433597,2928.734076711634,0.7688440001717747,3.093005330149013,120113.6115176768,121753.29593987197,307.57009160869524,0.3754593013950161,1.1110694681416123E-5,5.7087753485062515E-8,0.0020898684663169004,-5.524221759571902E-6,-54.17906155968876,0.006250980474796108,0.7688451171354045,3.0929883519354666,120113.28956978091,121752.97223925243,307.5700160647621,0.3754600145122304,1.1110711147885058E-5,5.7087511382581874E-8,0.002089856994550991,-5.524194415471584E-6,-54.17830391743337,0.00625083579062391,0.768841265799568,3.093010736120771,120114.39797641204,121754.08837979243,307.57027654719957,0.3754575556579486,1.1110654370827488E-5,5.708834616747337E-8,0.002089872119000521,-5.524138714179117E-6,-54.17922588415263,0.006251059905380885,0.7688426607319268,3.092997482991257,120113.99627166138,121753.6841192828,307.5701822023528,0.3754584462439329,1.1110674935162852E-5,5.7088043811249814E-8,0.002089863164183282,-5.524137992694022E-6,-54.178646522768986,0.006250930592756276,0.768843074686233,3.0930000284826638,120113.87745017078,121753.56415225472,307.5701542043042,0.37545871052913976,1.1110681037748894E-5,5.708795408559181E-8,0.002089864884109908,-5.524165146084669E-6,-54.17886169729263,0.006250983612112293,2.576871150514128E-10,5.102645313138633E-8,3.3403077525304465E-9,2.1456324528413348E-10,5.947464727010465E-11,1.0128153123377538E-10,-4.228677160050737E-6
3.875E-6,3.875E-6,2.6677368743815326,5.5E-8,3435.3795885735963,2818.061149466996,0.7741499269563368,3.0726830256611635,118595.99044585878,120225.47535702428,307.21177891136585,0.3788340151077231,1.1188900834152394E-5,5.595241866798538E-8,0.0020761371795007862,-5.680395709362074E-6,-52.53911236994418,0.005567706310511511,0.7741510270970355,3.072680274581634,118595.67794074588,120225.1606184486,307.21170473331904,0.378834712176183,1.1188917046538157E-5,5.595218628852987E-8,0.002076135320663266,-5.6804208966809716E-6,-52.53890863327865,0.005567633942170858,0.7741472173590644,3.072706443700233,118596.76061563482,120226.25054584646,307.21196160744586,0.37883229825061165,1.1188860903766937E-5,5.5952991013558687E-8,0.0020761530025001575,-5.680390017488435E-6,-52.540096067791865,0.0055679267497446006,0.7741485887587475,3.0726922752587225,118596.37077607153,120225.85820167785,307.2118691402278,0.3788331671994105,1.1188881113604444E-5,5.5952701333181494E-8,0.0020761434292288663,-5.680384876001199E-6,-52.53956251825343,0.005567829663544188,0.77414900648187,3.072694035493696,118596.2521203248,120225.7386946746,307.2118409746187,0.3788334318758237,1.1188887269443544E-5,5.595261309810666E-8,0.0020761446185768215,-5.680403056089745E-6,-52.539488366626074,0.0055677718660120945,2.584969476624325E-10,5.0953898939483955E-8,3.4069815940445497E-9,2.1723723010116006E-10,6.014382662459498E-11,1.0300446407299486E-10,-4.3090547329534115E-6
3.9E-6,3.9E-6,2.6849480800227035,5.5E-8,3335.7225988725154,2684.335938596126,0.7794190330311469,3.050216800259102,117109.11989705682,118727.70210714333,306.85705945637915,0.3821600186111566,1.1266535715326384E-5,5.485351911933058E-8,0.002060957297472366,-5.7339413970680654E-6,-51.85140637985046,0.00550269029622541,0.7794201366930207,3.050223814158046,117108.81067426207,118727.39040165111,306.8569852728405,0.38216071262704654,1.1266551973733337E-5,5.4853291865232474E-8,0.0020609620365932744,-5.734001223061114E-6,-51.85147852708337,0.0055026313435284635,0.7794163640900303,3.050240882130023,117109.86880665047,118728.4558904427,306.8572388481317,0.38215834028391754,1.1266496398269415E-5,5.4854068684174695E-8,0.002060973569006772,-5.7339477061191245E-6,-51.852362040360504,0.005502875082925129,0.7794177148673453,3.0502310455152566,117109.48976549116,118728.07439237092,306.8571480560132,0.3821591897017442,1.1266516297018966E-5,5.4853790543186534E-8,0.0020609669226454436,-5.73395156337142E-6,-51.851868648109075,0.005502752871930028,0.779418136155208,3.050233445982238,117109.37182867742,118727.95540832005,306.85711973873373,0.38215945462132794,1.1266522503150134E-5,5.485370379539314E-8,0.0020609685445825933,-5.733975448833917E-6,-51.85199573015757,0.005502774137429611,2.588508463408026E-10,5.0881779555152975E-8,3.474063448139255E-9,2.1955563146463291E-10,6.080827716465662E-11,1.0470438536392906E-10,-4.324661340874765E-6
3.9250000000000005E-6,3.9250000000000005E-6,2.702159285663875,5.5E-8,3231.4426980308485,2554.8627173707255,0.7846477546177856,3.0257534649426066,115651.65646166218,117260.40358602018,306.5061659401557,0.3854356086176998,1.1343548291879814E-5,5.3790322517107325E-8,0.0020444280168531127,-5.833245332667048E-6,-50.345737570578194,0.00497872417903622,0.784648861739231,3.0257506865622004,115651.35009346357,117260.09489599844,306.50609176042246,0.38543629956155717,1.1343564595584821E-5,5.3790100216688286E-8,0.0020444261395690545,-5.8332747551048675E-6,-50.34567483810383,0.004978693829755798,0.7846451156866419,3.0257643336680675,115652.38724258538,117261.13938120949,306.5063427540592,0.38543396168036775,1.1343509430415928E-5,5.379085239634501E-8,0.0020444353605865322,-5.833210357337748E-6,-50.34640715193882,0.004978924324156253,0.7846464550394865,3.0257608849010613,115652.01647227728,117260.76593773515,306.5062530143481,0.3854347975608132,1.134352915401295E-5,5.379058346264903E-8,0.002044433030338555,-5.8332378749526015E-6,-50.346195555356644,0.004978853058474897,0.784646875199519,3.0257572693165278,115651.90005759898,117260.64878758442,306.50622486287256,0.38543505977979176,1.134353534137927E-5,5.379049909749663E-8,0.0020444305873760322,-5.8332383125048185E-6,-50.34602606895055,0.00497880662879524,2.587614756176917E-10,5.081014673673039E-8,3.5414942189739967E-9,2.215133460958237E-10,6.146700196606858E-11,1.06376917710549E-10,-4.369143736192722E-6
3.95E-6,3.95E-6,2.719370491305046,5.5E-8,3124.727365899125,2442.38691638512,0.7898327534765934,2.9994084794999165,114225.28666780684,115823.91814848899,306.1593155727539,0.3886593525449666,1.1419890857293894E-5,5.276204604518022E-8,0.002026627351013457,-5.8669498022823065E-6,-49.370259017462786,0.004810716638580459,0.7898338415154238,2.999389072104022,114224.98880124111,115823.61863944276,306.1592429065472,0.3886600264762061,1.1419906874626779E-5,5.2761832933874344E-8,0.0020266142379081233,-5.8669082014262135E-6,-49.36959004368964,0.004810619145446893,0.7898301284273577,2.999413580505203,114226.00402941312,115824.6407653505,306.1594908942367,0.3886577265978341,1.1419852213184155E-5,5.276256021082171E-8,0.0020266307976386506,-5.866891222297E-6,-49.37058050340329,0.004810840293533403,0.7898314609605922,2.9994092258527867,114225.6398022282,115824.27394859915,306.15940189728343,0.3886585519658761,1.1419871829792467E-5,5.2762299208129E-8,0.0020266278553059368,-5.866914276140278E-6,-49.37033918744601,0.004810760771057687,0.7898318687329976,2.999398412325141,114225.52810845974,115824.16169939224,306.15937466388954,0.3886588045419755,1.1419877832728139E-5,5.2762219338131324E-8,0.0020266205488683386,-5.866885815919432E-6,-49.37002834124746,0.004810736499507584,2.5824132280882713E-10,5.0739057732003984E-8,3.6092154050426496E-9,2.2310788770012044E-10,6.21190654779771E-11,1.0801804534146533E-10,-4.373484090629958E-6
3.975E-6,3.975E-6,2.7365816969462173,5.5E-8,3016.816578075694,2325.346910188654,0.7949708756433708,2.971280188480625,112829.24251037465,114418.47967543059,305.8167057344571,0.3918299507770902,1.1495518406662522E-5,5.176788195326944E-8,0.0020076217489733953,-5.919889466809991E-6,-47.92258139728915,0.004387009614440274,0.7949719278437005,2.971257740825196,112828.957958906,114418.19369893905,305.81663568910005,0.3918305976255641,1.1495533891423002E-5,5.176768084507434E-8,0.002007606581638646,-5.919829064708893E-6,-47.92180112664187,0.004386905649768735,0.7949682670720651,2.971294093811984,112829.94664128804,114419.18866531525,305.8168793920901,0.3918283471474419,1.1495480017484395E-5,5.176838053616269E-8,0.0020076311444675566,-5.919868306136778E-6,-47.92318972421435,0.004387164826345824,0.7949695831621515,2.9712794230105963,112829.59119898576,114418.83096240784,305.8167917780309,0.39182915622238895,1.149549938579491E-5,5.1768128987626525E-8,0.0020076212317639165,-5.919850819964268E-6,-47.92269193466632,0.004387083164195005,0.794969977227812,2.971274126062042,112829.48465142534,114418.72385890243,305.8167655447186,0.39182939847694115,1.1495505185083071E-5,5.1768053668906284E-8,0.002007617652744623,-5.919837010992523E-6,-47.92242195885842,0.004387027729498172,2.5730165404294713E-10,5.066855995697301E-8,3.6771689187153176E-9,2.2434037114824181E-10,6.276358877107476E-11,1.0962405677166748E-10,-4.390065049935279E-6
4.000000000000001E-6,4.000000000000001E-6,2.7537929025873886,5.5E-8,2906.35396904972,2191.5112721257146,0.8000591524345743,2.941485171872129,111464.4514591007,113044.24756127632,305.47851972109487,0.3949463092187307,1.157038865241673E-5,5.080699643341572E-8,0.001987489980994682,-5.928957594534268E-6,-46.769829649758094,0.004170612452387701,0.8000601798972121,2.9414786882351787,111464.1774758127,113043.97182167612,305.47845154371083,0.39494693614014165,1.1570403768443735E-5,5.0806804733318896E-8,0.0019874856001589046,-5.928952395777287E-6,-46.769460952744566,0.004170527797315415,0.8000565767520034,2.941509536735354,111465.13825893789,113044.93879827757,305.4786906306863,0.39494473762197085,1.1570350758978831E-5,5.080747699878485E-8,0.001987506443740104,-5.928984380005886E-6,-46.77071956492637,0.004170769803968355,0.8000578643811181,2.9414909871728714,111464.79467514386,113044.59323704822,305.4786051905704,0.394945523293936,1.1570369702577132E-5,5.080723675488084E-8,0.00198749391025194,-5.928943043329582E-6,-46.770033894969174,0.004170661323660951,0.800058262339127,2.9415007571124363,111464.68894251088,113044.48643527766,305.4785787829064,0.3949457661103226,1.1570375557334488E-5,5.080716250496202E-8,0.001987500511562457,-5.928989255181705E-6,-46.77027996812808,0.004170666941952561,2.5595690840115743E-10,5.059870293852013E-8,3.745297129712231E-9,2.2521109854996314E-10,6.33997489608097E-11,1.1119132625980551E-10,-4.3790835619496325E-6
4.0250000000000004E-6,4.0250000000000004E-6,2.77100410822856,5.5E-8,2792.4343228973053,2056.689342353059,0.8050948299623288,2.910156684156817,110130.41430242338,111701.28614457778,305.1449209269592,0.3980074905424541,1.1644462447487428E-5,4.987853517519341E-8,0.0019663220838897415,-5.943024583103807E-6,-45.3470331154349,0.003814469863436365,0.8050958580258796,2.910164003303377,110130.14408441701,111701.01369254939,305.14485293136306,0.39800811316851703,1.1644477567852904E-5,4.987834786513791E-8,0.0019663270292590387,-5.943079222276993E-6,-45.34716847568052,0.0038144404067788074,0.8050922957378857,2.910180638474768,110131.08167842003,111701.95774887543,305.1450885356594,0.3980059557209062,1.1644425175079166E-5,4.987899690766757E-8,0.0019663382692397084,-5.943059504858184E-6,-45.34797813719547,0.003814644424321223,0.8050935596438166,2.910171492161311,110130.74890191114,111701.62279560935,305.14500494313296,0.3980067211897439,1.1644443764127049E-5,4.987876662495742E-8,0.001966332089298183,-5.943051006482847E-6,-45.34757477404219,0.003814563431641105,0.805093974351215,2.910181449562321,110130.64012896761,111701.51289052551,305.1449775138608,0.39800697234663124,1.1644449863485282E-5,4.987869106608978E-8,0.0019663388172718385,-5.9431047880309505E-6,-45.347860338190685,0.0038145669102576107,2.5422405267326346E-10,5.0529529250144826E-8,3.813543165171945E-9,2.257200546973196E-10,6.402678322938828E-11,1.12716243409047E-10,-4.371830440238752E-6
4.05E-6,4.05E-6,2.7882153138697308,5.5E-8,2676.346463471362,1933.855591766453,0.8100753612856613,2.877402489029024,108827.56077583792,110389.5860715154,304.81605681701825,0.40101274712795426,1.1717703668321866E-5,4.898162634261797E-8,0.0019441908709655568,-5.926545195507061E-6,-44.09144295270039,0.0035816002866750907,0.8100763933876779,2.8774001587356928,108827.29263703327,110389.31594650475,304.8159887791203,0.4010133675917781,1.1717718843739033E-5,4.898144264128705E-8,0.0019441892964430357,-5.926566046667858E-6,-44.09134910439525,0.0035815601972677413,0.8100728628013601,2.8774200807460755,108828.21036327287,110390.23998353441,304.81622152007566,0.40101124511625247,1.1717666932083593E-5,4.898207104569632E-8,0.0019442027572608618,-5.926558521878178E-6,-44.09215372998824,0.003581741387212567,0.8100741154018539,2.8774162265384677,108827.88483874242,110389.91214733395,304.81613894666,0.4010119981396881,1.1717685349582383E-5,4.898184809585034E-8,0.0019442001530665322,-5.926572997623225E-6,-44.09194094701479,0.0035816770787633345,0.81007453067001,2.877407080305579,108827.77677229671,110389.80346262085,304.8161115720953,0.4010122477879277,1.1717691455440232E-5,4.8981774182606786E-8,0.0019441939731794451,-5.926552345272285E-6,-44.0917222973419,0.0035816598694591306,2.5211815809026685E-10,5.046108142625568E-8,3.881850898260689E-9,2.2587104023891494E-10,6.464398662999545E-11,1.1419544102025322E-10,-4.346354621916605E-6
4.075E-6,4.075E-6,2.8054265195109016,5.5E-8,2559.395681605439,1812.8684530145028,0.8149983578653404,2.8432986894863985,107555.49847516662,109109.07223297509,304.49206011611614,0.4039614508490927,1.1790078493576882E-5,4.811539674203301E-8,0.0019211477631664855,-5.9076063529062145E-6,-42.68363863320701,0.003274979864779759,0.8149993699343504,2.8432777190068013,107555.23823955118,109108.8106160223,304.49199362007494,0.4039620548215235,1.179009337034621E-5,4.811522070069547E-8,0.0019211335939235143,-5.907547684955716E-6,-42.68300580898017,0.003274907181396891,0.8149958890921283,2.8433155258353224,107556.13240832256,109109.71041107102,304.4922223251499,0.4039599775684546,1.1790042204181433E-5,4.8115826168350375E-8,0.0019211591390779206,-5.907618519245262E-6,-42.68430692549191,0.0032751160033672733,0.8149971274686941,2.843302997065918,107555.81433918116,109109.39029058456,304.49214095872935,0.40396071659189364,1.179006040752971E-5,4.811561076048237E-8,0.0019211506736931878,-5.90759919035122E-6,-42.683893709914855,0.00327504875450213,0.8149975209007595,2.8432864939324425,107555.71289166728,109109.28859036924,304.49211510984213,0.4039609513844686,1.179006619073093E-5,4.811554232546845E-8,0.001921139522927326,-5.907538562013315E-6,-42.68336342238035,0.0032749940024001667,2.4965400770078814E-10,5.039339723877955E-8,3.9501647611577865E-9,2.2566973005181934E-10,6.525070677239083E-11,1.15625992238512E-10,-4.319332711949492E-6
4.1000000000000006E-6,4.1000000000000006E-6,2.8226377251520733,5.5E-8,2441.0448260270055,1680.8103864275035,0.8198615711768815,2.807931335854575,106314.35449449539,107859.6202877816,304.1730520512159,0.40685310205113534,1.1861555132904432E-5,4.727897595774187E-8,0.0018972509026044426,-5.866289692590954E-6,-41.372703026353065,0.003043845224740771,0.8198625458606709,2.807908607556405,106314.10678392784,107859.37141097411,304.1729882228532,0.40685367948959983,1.1861569456345287E-5,4.7278810208823647E-8,0.0018972355456462196,-5.866213642349294E-6,-41.37195332061492,0.0030437586268940997,0.8198591341476011,2.8079513781544714,106314.97271156436,107860.24256949709,304.17321164676736,0.4068516582776318,1.1861519319599995E-5,4.727939038700379E-8,0.0018972644446989672,-5.866318898739565E-6,-41.37342889325396,0.0030439725420836616,0.8198603450016062,2.80793181775625,106314.66526431018,107859.93338559542,304.1731323515089,0.4068523756305968,1.1861537113676298E-5,4.7279184474341245E-8,0.0018972512282136823,-5.86626437680593E-6,-41.372785338970516,0.003043887978899651,0.8198607238315184,2.8079311375923393,106314.56918064208,107859.83665342741,304.1731075427207,0.40685260006101526,1.1861542680761972E-5,4.727912005245762E-8,0.0018972507686434725,-5.8662633244921384E-6,-41.372689166270675,0.003043866096436254,2.468496529582387E-10,5.032651351098462E-8,4.018429905759585E-9,2.2512001848411794E-10,6.584634482862548E-11,1.1700524936072406E-10,-4.278502256110072E-6
4.125E-6,4.125E-6,2.839848930793244,5.5E-8,2320.416385858741,1544.7184633884588,0.8246629110290912,2.7713986360705696,105103.77278507386,106641.05043586703,303.8591401137051,0.40968731551238,1.1932104091976307E-5,4.647149741184917E-8,0.0018725666459936282,-5.819057638234426E-6,-39.979793068338495,0.002776408759647353,0.8246638573143342,2.77138828214541,105103.53552570482,106640.81172989508,303.85907834811115,0.4096878720856726,1.1932117994551538E-5,4.647134002772689E-8,0.0018725596500982502,-5.819029715752322E-6,-39.97940194719263,0.0027763499250941237,0.824660509408093,2.7714197777496654,105104.37470977912,106641.65626239951,303.8592968723298,0.40968590295895574,1.1932068807985953E-5,4.647189684721846E-8,0.001872580930911936,-5.819096605392815E-6,-39.980555305440475,0.0027765371533921,0.8246616911046104,2.7714053229709794,105104.07840400851,106641.35817097209,303.85921974101797,0.4096865979961002,1.193208616916413E-5,4.64717003079106E-8,0.0018725711641695807,-5.8190577821903845E-6,-39.98004604684047,0.002776465165732711,0.8246620772025142,2.7714146604365775,105103.98198424518,106641.2607731991,303.8591945384943,0.409686825080513,1.1932091841613696E-5,4.6471636092769084E-8,0.0018725774732679576,-5.819104407152054E-6,-39.98027423602707,0.0027764638267937514,2.437233278609151E-10,5.0260463189304346E-8,4.086592410650702E-9,2.2422714881991863E-10,6.643035706032115E-11,1.1833064453755064E-10,-4.234941204517356E-6
4.15E-6,4.15E-6,2.8570601364344155,5.5E-8,2198.168158556304,1417.215355660163,0.82940043853437,2.7337785663742395,103923.67330669095,105453.13725644485,303.5504198002867,0.4124638255142757,1.2001698068024945E-5,4.56921007141487E-8,0.0018471476799825943,-5.754954353278663E-6,-38.647486921916425,0.0025572959274638984,0.8294013750067237,2.7337776102815496,103923.44159494952,105452.90385061922,303.55035887530335,0.41246437238458405,1.200171182307012E-5,4.569194832373965E-8,0.00184714703397402,-5.754967013871237E-6,-38.64738380885569,0.0025572582533970323,0.8293980758789106,2.733802653348489,103924.25844563493,105453.72612289958,303.55057350819067,0.4124624457855317,1.2001663364986913E-5,4.5692485188034534E-8,0.0018471639549651952,-5.755007756675923E-6,-38.64829363523313,0.0025574171933278045,0.8293992373449199,2.733793667821701,103923.97085679734,105453.43663919116,303.5504979461334,0.41246312405066654,1.2001680424774464E-5,4.5692296182715434E-8,0.0018471578836633115,-5.754991956905542E-6,-38.64795950775988,0.002557358437535795,0.8293996314706632,2.733793845790966,103923.87340194361,105453.33840690425,303.55047230492016,0.41246335420742486,1.2001686213752389E-5,4.569223204695954E-8,0.001847158003912815,-5.755005080345654E-6,-38.647980565899616,0.0025573522022807604,2.4029039194679644E-10,5.0195277861692725E-8,4.15459908616863E-9,2.230005808998071E-10,6.700224926419372E-11,1.1959984494871575E-10,-4.18154689341755E-6
4.175000000000001E-6,4.175000000000001E-6,2.874271342075587,5.5E-8,2075.4300681106556,1293.6394944888102,0.8340723434079775,2.695142177765586,102773.69370255778,104295.61593770399,303.24697563225243,0.4151824563570902,1.2070311613610542E-5,4.493993815729065E-8,0.0018210420120037742,-5.683657737023396E-6,-37.2752903574808,0.002322977329956538,0.8340732767574981,2.6951396278856112,102773.46548682277,104295.38606241807,303.2469151096209,0.41518299755884175,1.2070325319568521E-5,4.493978949361142E-8,0.0018210402891118995,-5.68366620925076E-6,-37.2751794262183,0.0023229443027954766,0.8340700257828365,2.6951704263485508,102774.26102481586,104296.18674634304,303.2471259157457,0.41518111247107325,1.2070277579976733E-5,4.494030731126426E-8,0.001821061098884156,-5.683732561578836E-6,-37.27620032591199,0.0023231002760575603,0.8340711694386373,2.6951588065378056,102773.98114814438,104295.90507420087,303.24705175655527,0.4151817756247808,1.2070294374221432E-5,4.4940125148029974E-8,0.0018210532476606795,-5.683706664427746E-6,-37.27582636992088,0.0023230456289703993,0.8340715570401229,2.695150925901302,102773.88618809995,104295.8096121735,303.24702662329275,0.41518200037864944,1.2070300066033635E-5,4.494006341040731E-8,0.001821047922906285,-5.6836815940641825E-6,-37.275593104182235,0.0023230201628764158,2.365672637158995E-10,5.013098638350405E-8,4.222397340155315E-9,2.2144971171798082E-10,6.756157257269207E-11,1.2081093523172074E-10,-4.123510951736693E-6
4.2000000000000004E-6,4.2000000000000004E-6,2.891482547716758,5.5E-8,1952.1312520016452,1164.1144454959974,0.8386769493984453,2.6555740751335364,101653.6190576718,103168.1863398236,302.94888161850236,0.4178431293246,1.2137921215751645E-5,4.4214174465206056E-8,0.0017943068075226597,-5.599337245740798E-6,-35.9453357400464,0.0021213476538742837,0.8386778679527168,2.65555952929202,101653.39678087345,103167.96275478894,302.94882225083757,0.41784365823728653,1.2137934701403254E-5,4.421403120068255E-8,0.001794296979251365,-5.599296478493443E-6,-35.94492130494518,0.00212129937331057,0.8386746766759129,2.6555981325801827,101654.16879607447,103168.73954606446,302.94902850922637,0.4178418206692131,1.2137887849028075E-5,4.421452893821489E-8,0.0017943230625541776,-5.599401108042912E-6,-35.946130218869484,0.0021214567905264436,0.8386757971000327,2.655582724313575,101653.89769831471,103168.466822258,302.9489560941602,0.41784246582212925,1.2137904298410943E-5,4.421435418687465E-8,0.0017943126515632263,-5.599356597372207E-6,-35.94565499297187,0.0021213980609880723,0.8386761736166691,2.6555776193766905,101653.80658696473,103168.37517411917,302.9489317592494,0.4178426826246344,1.2137909826198131E-5,4.4214295462171894E-8,0.0017943092022815476,-5.59933986707506E-6,-35.945485653994865,0.002121378370709248,2.3257373898363074E-10,5.006761595239752E-8,4.289935482159906E-9,2.195814432769387E-10,6.810792658973687E-11,1.2196228326106696E-10,-4.057696931013058E-6
4.225E-6,4.225E-6,2.908693753357929,5.5E-8,1827.750201380922,1032.0755072587988,0.8432127126288822,2.6151439815959634,100563.06309551904,102070.51475558018,302.6562012134764,0.4204458509471119,1.2204505269937246E-5,4.3513988687795847E-8,0.0017669891767540292,-5.5078732395941185E-6,-34.60183442653829,0.0019162570437346593,0.8432135981978577,2.6151201013582286,100562.85100614636,102070.30168926387,302.6561441646314,0.4204463573574196,1.220451826850134E-5,4.351385338549046E-8,0.0017669730414582626,-5.507789170167144E-6,-34.6011689881625,0.0019161983404499816,0.8432104756092869,2.6151613803927143,100563.59777438384,102071.05298650164,302.65634532734293,0.4204445717297434,1.2204472434500714E-5,4.351433047394181E-8,0.00176700093269778,-5.507910839384067E-6,-34.60243117679488,0.0019163509269841672,0.8432115689370361,2.615145270589734,100563.33626070907,102070.78993054855,302.65627489332144,0.4204451969423647,1.2204488482592267E-5,4.3514163427738414E-8,0.0017669900476957661,-5.507861134503855E-6,-34.601945751758194,0.0019162955841737217,0.843211939104939,2.6151430544046166,100563.24780035974,102070.7008674286,302.65625104621176,0.4204454086188164,1.2204493915993287E-5,4.351410687117912E-8,0.0017669885502733895,-5.507857712672149E-6,-34.601862004222085,0.001916279936965526,2.283289630342865E-10,5.000519112609444E-8,4.357162930209384E-9,2.1740420303799832E-10,6.864096051204406E-11,1.2305245621234843E-10,-3.9883799909776745E-6
4.25E-6,4.25E-6,2.9259049589991,5.5E-8,1702.5253091718325,903.7278245931259,0.8476781878519325,2.5738966646130264,99501.72057196492,101002.2459941945,302.36899005615004,0.42299069439350045,1.227004358440764E-5,4.283857975913222E-8,0.0017391193679817745,-5.406179010094547E-6,-33.291460370239065,0.001734674696878491,0.8476790396403762,2.5738810645048447,99501.51904931068,101002.04338901956,302.3689353601798,0.4229911781699079,1.227005608453073E-5,4.283845222139999E-8,0.0017391088273681383,-5.406122167244121E-6,-33.29098031455737,0.001734627007023093,0.8476759864104586,2.573920419852138,99502.24087597386,101002.76963079229,302.36913141945246,0.4229894440833864,1.2270011277922213E-5,4.283890938134804E-8,0.0017391354188190122,-5.406240383365457E-6,-33.29216626445441,0.0017347661516602386,0.8476770520125859,2.5739043176132252,99501.98889277346,101002.51616616477,302.36906299331764,0.4229900492957178,1.2270026915794562E-5,4.2838749828030286E-8,0.001739124538927855,-5.4061895671964066E-6,-33.29169287142372,0.0017347140774361947,0.8476774179921497,2.5739016879351633,99501.90242788223,101002.42911383708,302.36903949220914,0.4229902571534087,1.2270032286599756E-5,4.283869502991139E-8,0.0017391227621183535,-5.406184621676857E-6,-33.29160892882578,0.0017347012525010808,2.2384927609391636E-10,4.99437348660611E-8,4.424029989928803E-9,2.1492988545893527E-10,6.916036732673612E-11,1.2408038164442894E-10,-3.913336110669112E-6
4.2750000000000006E-6,4.2750000000000006E-6,2.9431161646402715,5.5E-8,1577.012052713459,777.7164229448816,0.8520720176348917,2.5318888806908513,98469.19084494155,99963.00717952316,302.0872966444744,0.42547778635842953,1.2334517220996232E-5,4.218716856491701E-8,0.0017107357301965212,-5.29788449043167E-6,-31.98314851156806,0.0015559319507674196,0.8520728543842161,2.5318870434919862,98468.99545696998,99962.8103851475,302.0872430853102,0.4254782583971245,1.2334529497961579E-5,4.2187045735397086E-8,0.0017107344888459366,-5.297885711286199E-6,-31.983036236943235,0.0015559049225779553,0.8520698659995515,2.531923042531984,98469.69393672973,99963.51321908737,302.0874343655129,0.4254765725322575,1.233448565173881E-5,4.2187484414167044E-8,0.001710758812521611,-5.2979929715490924E-6,-31.984105913108806,0.0015560305990645062,0.852070905312101,2.5319085663379357,98469.45096490838,99963.26878431837,302.08736784143747,0.42547715885104986,1.2334500900756866E-5,4.218733184796647E-8,0.0017107490313094161,-5.297947080720178E-6,-31.983682525542918,0.0015559846288266677,0.8520712679151229,2.531907233475347,98469.36628419366,99963.18350377039,302.0873446317292,0.42547736340832076,1.2334506220946418E-5,4.218727861979943E-8,0.0017107481307265858,-5.29794609064993E-6,-31.983624241402822,0.001555972368346037,2.1915074617564937E-10,4.988326831394956E-8,4.4904876504957425E-9,2.1217120913150328E-10,6.966587870496737E-11,1.2504530834130444E-10,-3.834421841445868E-6
4.3E-6,4.3E-6,2.9603273702814428,5.5E-8,1451.4830005053277,652.4852943244242,0.8563929570521885,2.4891948127631007,97465.25541569384,98952.40482149772,301.8111611226897,0.42790732174461704,1.2397908857744772E-5,4.155899399593325E-8,0.0016818883870020952,-5.180120982544168E-6,-30.848525616905135,0.0014610464792093047,0.856393786672625,2.489188631885252,97465.06376236021,98952.21186367127,301.81110818894126,0.42790778666614127,1.2397921027774947E-5,4.155887455148902E-8,0.0016818842107332785,-5.180111055693715E-6,-30.848340014684936,0.001461012743197987,0.8563908594997645,2.4892237230342387,97465.74035447954,98952.89268161495,301.81129495528495,0.4279061462594922,1.239787808791658E-5,4.15592959930521E-8,0.0016819079209690801,-5.1802159353542265E-6,-30.849371747454825,0.0014611367394476993,0.8563918758503289,2.4892115224620883,97465.5054241482,98952.65629265459,301.8112301076727,0.4279067158298387,1.2397892997166293E-5,4.155914966270809E-8,0.0016818996773392489,-5.180178830812565E-6,-30.849004883514,0.0014610910448737968,0.8563922369715291,2.489211160179287,97465.42204890499,98952.57230049625,301.81120706623017,0.4279069182026356,1.239789829459621E-5,4.155909767009106E-8,0.001681899432553572,-5.18018235752038E-6,-30.848973180810617,0.001461079427609313,2.142511055508524E-10,4.9823811237231984E-8,4.556487705487774E-9,2.0913989516025964E-10,7.015726553000396E-11,1.2594655263547997E-10,-3.749789157263869E-6
4.325E-6,4.325E-6,2.9775385759226136,5.5E-8,1326.0304936138741,527.7154994955608,0.8606398717709022,2.445869262106569,96489.073328844,97970.02564620206,301.54061557034254,0.43027955164391657,1.2460202759966099E-5,4.095331407663018E-8,0.0016526143662882224,-5.059722122240373E-6,-29.45649079291684,0.0012484233922815946,0.860640678890193,2.44584929799124,96488.88862502578,97969.83996982321,301.5405642357091,0.43028000101490144,1.2460214597733546E-5,4.0953200056310506E-8,0.0016526008770211082,-5.059653860541857E-6,-29.456028396868987,0.0012483998033276933,0.8606378154255105,2.4458881854336196,96489.54333164862,97970.49871071584,301.54074636117855,0.43027840676749435,1.2460172600187143E-5,4.0953604573989286E-8,0.0016526271523200132,-5.059775451314863E-6,-29.457085019939996,0.0012485057895350593,0.8606388082426479,2.4458731177617565,96489.31630402766,97970.27031247082,301.540683214915,0.4302789595245506,1.2460187161528101E-5,4.095346431947359E-8,0.0016526169714606463,-5.059727848788498E-6,-29.456690531596223,0.0012484696775638682,0.8606391656657059,2.445869239023113,96489.23461851568,97970.18808696518,301.5406604815541,0.43027915852099136,1.2460192403741022E-5,4.0953413826782506E-8,0.0016526143506912926,-5.059718074704733E-6,-29.456595070025514,0.001248459714282113,2.0916904759030115E-10,4.9765381377183045E-8,4.621982983362042E-9,2.0584713170456016E-10,7.063433831287715E-11,1.2678360434416839E-10,-3.6639546001057513E-6
4.350000000000001E-6,4.350000000000001E-6,2.9947497815637854,5.5E-8,1200.6000150569896,401.90244913712337,0.8648117041458772,2.401946300475389,95540.71869774134,97015.44901716617,301.27568631683374,0.4325947745914073,1.2521384284221665E-5,4.0369409504885804E-8,0.0016229366895103982,-4.930948835095705E-6,-28.298385134233058,0.0011444781215130817,0.86481247839319,2.40192782270805,95540.54335414611,97015.27281333001,301.2756372265901,0.4325952028950772,1.2521395637853448E-5,4.036930214092711E-8,0.001622924204532466,-4.9308796815239474E-6,-28.297882521142128,0.001144435314847314,0.8648096864802141,2.401972084843182,95541.17499680292,97015.9082041616,301.2758142468116,0.4325936584544417,1.2521354696990936E-5,4.036968929334119E-8,0.0016229541113805283,-4.931025354721897E-6,-28.299048769534693,0.0011445430600529605,0.8648106489568865,2.4019518882264648,95540.95713865345,97015.68916133684,301.2757532216801,0.4325941908839356,1.2521368810835925E-5,4.0369555826783206E-8,0.0016229404650178816,-4.930955700075401E-6,-28.298539255920787,0.0011445027737417846,0.8648109968227651,2.4019446277604275,95540.8784014946,97015.6099932851,301.2757311655046,0.4325943833185604,1.2521373911972493E-5,4.036950758839408E-8,0.0016229355592975862,-4.9309307500777776E-6,-28.298357822688786,0.0011444893843526316,2.0392258428298073E-10,4.9707995250943456E-8,4.686927418251455E-9,2.0230477047653897E-10,7.109694718919365E-11,1.2755647961707065E-10,-3.5736225329771656E-6
4.3750000000000005E-6,4.3750000000000005E-6,3.011960987204956,5.5E-8,1075.1795226743493,276.95033408197685,0.8689074651401517,2.357471207934916,94619.39908075136,96088.24692475711,301.01639472540455,0.43485331483577955,1.2581439758973845E-5,3.980658564052344E-8,0.0015928859513073756,-4.799331926079731E-6,-27.006395297539257,9.77891536593667E-4,0.8689082164883868,2.3574630709558315,94619.2309609424,96088.07773453955,301.01634723314675,0.43485372784402354,1.2581450774935993E-5,3.980648332746456E-8,0.0015928804533485348,-4.799304662412851E-6,-27.006155978513107,9.778657554555537E-4,0.8689055008166027,2.357507484292107,94619.83888991678,96088.68925524238,301.01651888817554,0.4348522350591302,1.2581410958859196E-5,3.980685312953866E-8,0.0015929104623595316,-4.79945463936815E-6,-27.007298138436454,9.779628154031883E-4,0.8689064308761564,2.3574898926150447,94619.63062094548,96088.47982235036,301.01646010018595,0.43485274630812254,1.258142459501522E-5,3.9806726479664665E-8,0.0015928985760912465,-4.7993919572775216E-6,-27.006840800108648,9.77926467149004E-4,0.8689067688482417,2.3574855743586034,94619.5549784012,96088.40371691949,301.0164387372203,0.4348529320885531,1.2581429550224707E-5,3.980668045684776E-8,0.0015928956583504076,-4.799376666824173E-6,-27.00671454219264,9.779135240712833E-4,1.9852782772199168E-10,4.9651667585652056E-8,4.751275902561735E-9,1.9852657718043236E-10,7.154497779352366E-11,1.2826560787890671E-10,-3.4822038428944325E-6
4.4E-6,4.4E-6,3.0291721928461275,5.5E-8,950.1148390111792,155.92732650866552,0.8729262523366462,2.312499581129682,93724.96159702705,95187.98374193795,300.76275612529554,0.4370555426998215,1.2640356750384287E-5,3.926416833430805E-8,0.0015624997169795148,-4.661887034558276E-6,-25.85988363057436,8.770104932729339E-4,0.8729269877978795,2.312489455499097,93724.79872117632,95187.8198459002,300.76270977894353,0.43705594446735885,1.2640367531655313E-5,3.926406994698769E-8,0.0015624928753372276,-4.661856814038856E-6,-25.859633914589494,8.76985486618409E-4,0.872924344232372,2.3125288690434784,93725.38428538198,95188.40895978014,300.76287636742654,0.4370545003361179,1.2640328779106402E-5,3.9264423595169394E-8,0.0015625195061104583,-4.661988504039983E-6,-25.860648830792115,8.770759700134079E-4,0.8729252496114659,2.312517785086286,93725.18378149814,95188.20719691787,300.7628193133141,0.4370549949276545,1.2640342051237772E-5,3.9264302475890305E-8,0.0015625120169501933,-4.661952015254656E-6,-25.860344506464116,8.770442292824754E-4,0.872925584580033,2.3125186234501496,93725.10970274048,95188.13254898542,300.7627982042855,0.43705517791209453,1.2640346961608066E-5,3.9264257664901414E-8,0.0015625125834122632,-4.661957759850566E-6,-25.860335297547863,8.77034764823037E-4,1.9300028644009455E-10,4.9596412208981446E-8,4.814984139241419E-9,1.9452732082459263E-10,7.19783471768483E-11,1.289113893712703E-10,-3.3874175332971162E-6
4.425E-6,4.425E-6,3.0463833984872983,5.5E-8,825.7794220387245,36.883668395978965,0.8768672417951009,2.2670673686980525,92856.75910329324,94314.21731415187,300.5147805668883,0.43920185846404647,1.2698123942537316E-5,3.8741505423138956E-8,0.0015318022761473327,-4.5220341522167476E-6,-24.650491589535477,7.443892324143775E-4,0.8768679532742695,2.2670496056804272,92856.60298850726,94314.06037748566,300.5147358672593,0.4392022447661737,1.2698134370614E-5,3.8741411880584476E-8,0.0015317902741083967,-4.521972398094931E-6,-24.65009631906969,7.44368098180459E-4,0.8768653771968681,2.2670885235581446,92857.16776063418,94314.62860804754,300.51489771476855,0.43920084607878274,1.2698096613312844E-5,3.8741750574133527E-8,0.0015318165699717194,-4.522100429227294E-6,-24.651044873624187,7.444452971991922E-4,0.8768662607494601,2.2670743938659825,92856.97404949064,94314.4337138275,300.5148422036943,0.4392013258065501,1.2698109563452624E-5,3.874163440732394E-8,0.0015318070228824206,-4.522055441640305E-6,-24.650716421492007,7.444203168009977E-4,0.8768665960398423,2.267074024759567,92856.90065008869,94314.3597548654,300.5148211379675,0.43920150785085327,1.2698114477769147E-5,3.8741590324607204E-8,0.0015318067734861939,-4.522058644482741E-6,-24.650702387847787,7.444140027832447E-4,1.8735625777229505E-10,4.954224157208416E-8,4.878008701996781E-9,1.9032122891089313E-10,7.239700328850087E-11,1.2949420477333713E-10,-3.2914758914543E-6
4.450000000000001E-6,4.450000000000001E-6,3.06359460412847,5.5E-8,702.1752256349323,-82.6889864271394,0.8807296617399085,2.2211989155194507,92014.51254180323,93466.50720400733,300.27247457382344,0.4412926833571035,1.2754730753034654E-5,3.823796894003165E-8,0.0015008100780536829,-4.378189032081536E-6,-23.536288970407668,6.526476814237014E-4,0.8807303451674378,2.221183927797728,92014.36409477728,93466.35796072647,300.27243176379346,0.44129305220792536,1.2754740768452121E-5,3.823788059483745E-8,0.001500799951214681,-4.3781343448756615E-6,-23.535926592720898,6.526231867152177E-4,0.8807278417433592,2.2212293751420047,92014.90758639105,93466.90464800272,300.27258857981184,0.44129170109564914,1.2754704081551378E-5,3.823820420804061E-8,0.001500830658879733,-4.378287091100219E-6,-23.536975059683755,6.526960932546899E-4,0.8807286939790353,2.2212071112492917,92014.72243453773,93466.71854076361,300.2725351957153,0.441292161055941,1.2754716570800538E-5,3.82380940404774E-8,0.001500815615708981,-4.378209661410892E-6,-23.536485622122882,6.526694063637706E-4,0.8807290231025924,2.2212003437498047,92014.6509773967,93466.64666814543,300.2725145792383,0.4412923386860769,1.275472139400389E-5,3.823805149520339E-8,0.0015008110430741923,-4.378188107523329E-6,-23.53634312598706,6.526608739090278E-4,1.816122569154765E-10,4.9489167100491834E-8,4.940307172269513E-9,1.8592208427473843E-10,7.280092514705349E-11,1.300148138383928E-10,-3.193582963513378E-6
4.475E-6,4.475E-6,3.080805809769641,5.5E-8,579.22396729262,-201.38909394803815,0.8845127998135027,2.1749386000539577,91197.66663492801,92644.41270626169,300.03584085263043,0.4433284566423743,1.2810167439659557E-5,3.77529538085012E-8,0.001469553108144566,-4.232563521355815E-6,-22.399440514539947,5.462840899888022E-4,0.8845134616237598,2.1749285193801002,91197.52440290137,92644.26959899244,300.035799517422,0.44332881172789385,1.2810177136879788E-5,3.775286966057549E-8,0.001469546296878446,-4.232529458647605E-6,-22.39920362361272,5.462665787696608E-4,0.8845110385355268,2.174976521626061,91198.0453703685,92644.79355805356,300.0359508574699,0.44332751164509704,1.2810141632411644E-5,3.775317775312131E-8,0.0014695787308284195,-4.232694665375903E-6,-22.400283896440897,5.463343133236265E-4,0.8845118544492132,2.1749564160356907,91197.86985498498,92644.61712827306,300.03589989784564,0.4433279494178533,1.2810153587643913E-5,3.77530740102742E-8,0.0014695651459700613,-4.2326217194954555E-6,-22.399827192654584,5.463086634556191E-4,0.8845121707901924,2.174948234273909,91197.8017999678,92644.54872415792,300.03588014012985,0.44332811914840015,1.2810158222852113E-5,3.7753033787832195E-8,0.0014695596177526412,-4.23259219488159E-6,-22.399644696656424,5.462990677287394E-4,1.7578459721946347E-10,4.9437198924314385E-8,5.001838209762735E-9,1.813435050269613E-10,7.319012216352681E-11,1.3047441700667943E-10,-3.0949910227155894E-6
4.5E-6,4.5E-6,3.0980170154108118,5.5E-8,457.0704627877236,-317.64203107908025,0.8882160230621262,2.12833474819849,90405.8709813598,91847.49004725974,299.8048771460308,0.4453096489229787,1.2864425394299255E-5,3.7285874221813206E-8,0.0014380640190530339,-4.084533816524072E-6,-21.33006887757574,4.6630362130883896E-4,0.8882166641493753,2.128320857735069,90405.7344627217,91847.35275251794,299.80483722050417,0.44530999091299617,1.286443478657022E-5,3.7285794012744856E-8,0.0014380546336047765,-4.084487924842506E-6,-21.32977688812275,4.66286976458008E-4,0.8882143193226243,2.1283638641314857,90406.23368462188,91847.85492054166,299.80498325174676,0.44530874005873455,1.2864400433603662E-5,3.72860873846441E-8,0.0014380836919807335,-4.084635064316445E-6,-21.330737406503886,4.663477275350658E-4,0.8882151068430391,2.1283509853922125,90406.06604135511,91847.68626469513,299.80493420638356,0.4453091601635328,1.2864411971199419E-5,3.7285988854097245E-8,0.0014380749901298732,-4.084590539434885E-6,-21.330437920965778,4.663263176389876E-4,0.8882154148328466,2.128349388877456,90406.00053587502,91847.62030513799,299.80491502511273,0.4453093244598517,1.2864416483414848E-5,3.728595032014596E-8,0.0014380739114036865,-4.084584629566734E-6,-21.33037886565421,4.6631844152500435E-4,1.698890236277156E-10,4.9386346171988545E-8,5.062561561375226E-9,1.7659952137226965E-10,7.356463257813684E-11,1.308743419579468E-10,-2.9954018211802235E-6
4.525000000000001E-6,4.525000000000001E-6,3.1152282210519835,5.5E-8,335.93309476715706,-431.7310419673345,0.8918387556614179,2.081405717320067,89638.61984953223,91075.29732331958,299.5795777793447,0.44723674566934823,1.2917496816959005E-5,3.6836166083700745E-8,0.0014063552144054506,-3.935500783995849E-6,-20.26114726899732,3.8103125892163803E-4,0.8918393701458251,2.081388623813723,89638.49015474418,91075.1669638032,299.5795396190742,0.4472370716232673,1.2917505818284829E-5,3.6836090402309795E-8,0.001406343664739002,-3.935441175428878E-6,-20.260796756504533,3.810162024215913E-4,0.8918370980324996,2.08143002232753,89638.96930401279,91075.64898391628,299.57968072191846,0.44723586638753227,1.2917472535043795E-5,3.683637024176673E-8,0.0014063716367077907,-3.935579346858731E-6,-20.261679866636086,3.810683554092975E-4,0.8918378615734898,2.081415176762038,89638.80827726249,91075.48700136952,299.579633304484,0.4472362714062947,1.291748371983782E-5,3.6836276201727774E-8,0.001406361605920296,-3.935531024836791E-6,-20.261374148911727,3.810513430089202E-4,0.8918381696280328,2.0814169407625402,89638.74345500706,91075.42164786314,299.57961417312754,0.4472364348093352,1.2917488232400267E-5,3.6836238261067164E-8,0.0014063627978125272,-3.935540086672518E-6,-20.261396436113046,3.8104630229796044E-4,1.6393937609084522E-10,4.933661699546655E-8,5.1224379188657755E-9,1.7170601262127227E-10,7.392452018772712E-11,1.3121590485187906E-10,-2.8958530174615337E-6
4.5500000000000005E-6,4.5500000000000005E-6,3.1324394266931543,5.5E-8,215.92771114999263,-544.3649709433132,0.8953804476965923,2.0341627304109897,88895.53431095215,90327.40200703469,299.35993568770533,0.4491102318756264,1.2969374259476924E-5,3.640328981252795E-8,0.0013744342773047227,-3.785172795858216E-6,-19.24317661418536,3.135158000233673E-4,0.8953810355369487,2.034148800778899,88895.41142276193,90327.27844728522,299.35989928329815,0.44911054197558914,1.2969382869404289E-5,3.640321851355164E-8,0.0013744248653911478,-3.785123999193729E-6,-19.242884830816138,3.135017017825703E-4,0.8953788391461,2.0341953375478483,88895.87043374496,90327.74011441287,299.3600353043594,0.4491093833284973,1.2969350699503204E-5,3.640348491388049E-8,0.0013744563091539516,-3.785279180448242E-6,-19.2438281001846,3.135488271830411E-4,0.8953795729351895,2.03417557905903,88895.71700702605,90327.5858768904,299.3599898615468,0.44910977042172523,1.2969361447100012E-5,3.640339591219002E-8,0.001374442958823669,-3.7852120155434935E-6,-19.243436378620345,3.1353211669937764E-4,0.8953798781738604,2.034170651225842,88895.6532591198,90327.52171740952,299.3599709581543,0.4491099314411923,1.2969365917842461E-5,3.6403358889801216E-8,0.0013744396292066502,-3.7851985247527865E-6,-19.243347732246548,3.135270497338638E-4,1.5794860664755528E-10,4.928801890975318E-8,5.18142873915642E-9,1.6667955186954652E-10,7.42698709058461E-11,1.3150055674747442E-10,-2.7957258178963973E-6
4.575E-6,4.575E-6,3.1496506323343256,5.5E-8,97.08246817524156,-655.80949002338,0.8988405924233974,1.9866444739419917,88176.15275593853,89603.37716338373,299.1459414394543,0.4509305987319561,1.3020050879215424E-5,3.5986727372512364E-8,0.0013423273472581024,-3.634575528934647E-6,-18.238453997476427,2.4561386032928567E-4,0.8988411568033082,1.98663121567439,88176.03585444116,89603.25960236523,299.14590658315933,0.4509308948499488,1.3020059144510636E-5,3.598665993285194E-8,0.0013423183889691825,-3.634531393288398E-6,-18.23819592083487,2.4560259749151214E-4,0.8988390429091492,1.9866806105730366,88176.47371661695,89603.69992995016,299.1460371380456,0.4509297857337619,1.3020028186711793E-5,3.598691253005047E-8,0.0013423517639007004,-3.6346974060563754E-6,-18.239167395199047,2.456450759815709E-4,0.8988397439364818,1.9866622165702505,88176.32846629126,89603.55390481188,299.1459938424765,0.45093015354970223,1.3020038453197326E-5,3.598682876133632E-8,0.0013423393355204395,-3.6346339346948753E-6,-18.238802437778077,2.456302820199596E-4,0.8988400368775016,1.9866527596209942,88176.26774276316,89603.49288498166,299.14597575050624,0.4509303072510413,1.3020042743293555E-5,3.598679375661388E-8,0.001342332945689861,-3.6346016354116275E-6,-18.2386224602933,2.4562416490425676E-4,1.5193167542806437E-10,4.924055861446238E-8,5.2394964102590315E-9,1.6153425752552318E-10,7.460079361589262E-11,1.3172999978374781E-10,-2.695435006698468E-6
4.6E-6,4.6E-6,3.1668618379754965,5.5E-8,-20.52868989805943,-765.1227409247492,0.9022187514794587,1.9388922600398963,87480.08120918962,88902.79676702837,298.9375817650335,0.45269835728108687,1.306952080919961E-5,3.5585978340712106E-8,0.0013100623378647948,-3.4837955568889356E-6,-17.27602829137686,1.9021699356613908E-4,0.9022192908192166,1.9388764311954376,87479.97042778395,88902.68541021079,298.93754854447815,0.45269863877093136,1.3069528706854882E-5,3.5585914822238246E-8,0.00131005164269962,-3.483742870713513E-6,-17.27573354511469,1.9020662335123006E-4,0.9022172604243438,1.93892410040355,87480.38728117033,88903.10462539097,298.9376736071933,0.4526975790801475,1.3069498975393754E-5,3.558615394397098E-8,0.0013100838516240203,-3.4839017712329226E-6,-17.27664754850457,1.9024360169694887E-4,0.9022179298934462,1.9389058871524165,87480.24979407708,88902.96640026485,298.93763237119987,0.4526979284866838,1.3069508778558371E-5,3.558607509960654E-8,0.0013100715453732545,-3.4838411615112366E-6,-17.276305472066497,1.9023085552305474E-4,0.9022182120122112,1.938902650156337,87480.19192036749,88902.9081509286,298.93761499382913,0.4526980757270476,1.306951290967746E-5,3.5586041874222495E-8,0.001310069358213741,-3.483828855337379E-6,-17.27622593392084,1.9022589357220454E-4,1.4590421325448295E-10,4.919424186172169E-8,5.296604577232131E-9,1.5628302922212897E-10,7.491742258189292E-11,1.3190613504700264E-10,-2.5956534668410444E-6
4.625000000000001E-6,4.625000000000001E-6,3.184073043616668,5.5E-8,-136.71726874236674,-871.4982909028084,0.9055145338838564,1.8909200137288253,86806.88039333654,88225.24027736511,298.7348409614376,0.4544140254606137,1.3117778851175784E-5,3.520056180853691E-8,0.001277648657924882,-3.3335133909417893E-6,-16.334221849964933,1.368689265675016E-4,0.9055150472281538,1.8909055664703642,86806.77586796526,88225.13519788194,298.7348094248546,0.45441429200387834,1.3117786367326625E-5,3.520050219949788E-8,0.0012776388962637596,-3.333464657799823E-6,-16.3339539193978,1.368603547362568E-4,0.9055130977051893,1.890951848256427,86807.1726624531,88225.53425907162,298.7349291917565,0.4544132797583501,1.3117757823308531E-5,3.520072857667294E-8,0.001277670167740829,-3.333616224665548E-6,-16.334809085766892,1.368918985633627E-4,0.9055137338383196,1.8909313276623745,86807.04309787086,88225.40404497784,298.7348901119174,0.4544136100588513,1.3117767137277413E-5,3.520065470903025E-8,0.0012776563024745773,-3.333548298343203E-6,-16.334439924115713,1.368814758393455E-4,0.9055140136732142,1.890932012819834,86806.98626627923,88225.34676283077,298.7348729200581,0.45441375535334144,1.3117771234491016E-5,3.520062221495412E-8,0.0012776567654188067,-3.333552301967302E-6,-16.334442365820223,1.368773671330814E-4,1.398787960398545E-10,4.914907356912919E-8,5.352718015414687E-9,1.5094143024415046E-10,7.521991453423857E-11,1.320309410866406E-10,-2.496973658887965E-6
4.65E-6,4.65E-6,3.201284249257839,5.5E-8,-251.3818887530718,-976.5441023737613,0.9087275688541809,1.8427368243172868,86156.15988223128,87570.29850342365,298.5377026332658,0.45607811407627175,1.3164820078495524E-5,3.483001865398007E-8,0.0012450924488630315,-3.1838261392636013E-6,-15.428960269843628,9.270162272656535E-5,0.9087280585810685,1.8427238637402308,86156.06102420538,87570.19909803079,298.53767262462554,0.45607836707908683,1.3164827248075703E-5,3.4829962562795924E-8,0.0012450836917163722,-3.1837840766968385E-6,-15.428729092640651,9.269423231472729E-5,0.9087261882467498,1.8427696022506703,86156.43851153932,87570.57874197529,298.53778723206057,0.4560774008272322,1.3164799866462676E-5,3.4830176783286364E-8,0.0012451145961153178,-3.1839317661308543E-6,-15.429545853907939,9.272136551885524E-5,0.9087267924348003,1.84275290227576,86156.31652882403,87570.45610281148,298.5377502097038,0.4560777129642146,1.3164808711749683E-5,3.4830107581799104E-8,0.0012451033123484865,-3.183875789574131E-6,-15.42924179055126,9.271192730864186E-5,0.908727068410894,1.8427478299861249,86156.26086735257,87570.40008439818,298.5377332987182,0.4560778555379171,1.3164812752027656E-5,3.4830075972647095E-8,0.00124509988512576,-3.1838618754420623E-6,-15.429159998061778,9.270875061417883E-5,1.3386619494916311E-10,4.910505821935951E-8,5.40780225035631E-9,1.4552653524063835E-10,7.550844336105172E-11,1.3210642350244634E-10,-2.3987860160600067E-6
4.675E-6,4.675E-6,3.2184954548990103,5.5E-8,-364.65164779811954,-1081.6681111410794,0.9118575154130928,1.794368154238831,85527.67665425148,86937.57156806548,298.34614905602166,0.45769113137577144,1.321063997771835E-5,3.447390947826991E-8,0.0012124109150262372,-3.038384564177932E-6,-14.714342947415389,1.1700075263121335E-4,0.9118579797572101,1.7943516783626579,85527.58363244329,86937.47808505534,298.3461206742929,0.45769137009250604,1.3210646774991434E-5,3.447385699876818E-8,0.0012123997826774715,-3.0383325618288383E-6,-14.71407114527733,1.1699480617011204E-4,0.9118561890991557,1.7943985002953569,85527.94212336719,86937.83858739176,298.34623012426465,0.45769044953133026,1.3210620562552343E-5,3.4474059376569114E-8,0.0012124314191184844,-3.038481451937969E-6,-14.714886432983576,1.1702270072788679E-4,0.9118567672219547,1.7943849769657658,85527.82639501792,86937.7221970866,298.3461947876957,0.45769074673860305,1.3210629025367926E-5,3.447399403776724E-8,0.0012124222817336255,-3.038438217544126E-6,-14.714635773509372,1.1700944260439883E-4,0.9118570324991777,1.794377509590032,85527.77328794889,86937.66879047788,298.3461785732496,0.4576908831156203,1.3210632908612477E-5,3.4473964056441455E-8,0.0012124172362094812,-3.0384141656725205E-6,-14.714516551214047,1.170099020484372E-4,1.2787901625030403E-10,4.906219970743227E-8,5.4618236279751875E-9,1.4005308194271188E-10,7.578320089602324E-11,1.3213469753591872E-10,-2.303053956277169E-6
4.700000000000001E-6,4.700000000000001E-6,3.2357066605401816,5.5E-8,-476.5579220602346,-1184.4019628389526,0.9149040754129104,1.7458386297013972,84920.57005298193,86326.6661269619,298.1601609660901,0.4592535872817091,1.3255234639834054E-5,3.4131812571157715E-8,0.0011796206957441872,-2.888478637004255E-6,-13.720361667487623,2.528536345636212E-5,0.9149045103723563,1.7458208909694626,84920.48357702556,86326.57925659737,298.16013444566505,0.4592538098266894,1.3255241006329263E-5,3.413176404482143E-8,0.0011796087101145017,-2.8884218019697985E-6,-13.720074137506572,2.5281491033979364E-5,0.9149028044896474,1.7458725359578873,84920.82244205008,86326.91995898678,298.16023845827254,0.4592529370273774,1.3255216037348287E-5,3.4131954362052265E-8,0.0011796436053769508,-2.8885827899216564E-6,-13.720911293530207,2.5298004615592617E-5,0.914903353320262,1.7458521439032124,84920.71338353516,86326.81034556606,298.1602049946513,0.4592532178332706,1.3255224070574418E-5,3.413189313140423E-8,0.00117962982696163,-2.8885209167128778E-6,-13.720605729339013,2.529729576394857E-5,0.9149036098056191,1.745849342322861,84920.66248831512,86326.75911930851,298.16018935572794,0.45925334905963194,1.3255227824746864E-5,3.413186451663566E-8,0.001179627934001933,-2.888511082801415E-6,-13.720534643252222,2.528949841718031E-5,1.2193058109960752E-10,4.902050164925996E-8,5.514749649972687E-9,1.3453437370613086E-10,7.604439682948153E-11,1.321180647394067E-10,-2.20517077691544E-6
4.7250000000000005E-6,4.7250000000000005E-6,3.252917866181353,5.5E-8,-586.7622855865897,-1282.122144864249,0.9178669864893828,1.6971651383094999,84335.0013988069,85737.19734918993,297.97971697274625,0.46076599410520214,1.3298600658435344E-5,3.380332338885407E-8,0.001146733201560473,-2.744736990933916E-6,-12.990540540165284,3.055236864923927E-5,0.9178673943776882,1.6971513744555589,84334.92096827453,85737.11651584487,297.97969216215847,0.4607662018294528,1.3298606628122854E-5,3.3803278450513774E-8,0.0011467239016591615,-2.744692974943064E-6,-12.990308081701642,3.054521452128256E-5,0.9178657791226268,1.6972051101477343,84335.23941625418,85737.4366200505,297.97979041334264,0.46076537923270594,1.3298582987905656E-5,3.380345640865977E-8,0.00114676020955928,-2.744859614978168E-6,-12.9911675599119,3.056279137325646E-5,0.9178662889009538,1.69718001928772,84335.1387932851,85737.33559504934,297.9797594055124,0.46076563885002064,1.3298590448814562E-5,3.3803400244337715E-8,0.0011467432562754865,-2.744780971113414E-6,-12.990775628796655,3.055843325228125E-5,0.9178665406587245,1.6971774271624462,84335.0892542176,85737.28570217865,297.9797440914609,0.460765767059396,1.3298594133438953E-5,3.380337250744087E-8,0.0011467415048394907,-2.7447745722497532E-6,-12.990737327781517,3.055722557832041E-5,1.160323772668758E-10,4.897996637751086E-8,5.566548963511567E-9,1.2898496477224408E-10,7.629225961979185E-11,1.3205892037281866E-10,-2.111580833617548E-6
4.75E-6,4.75E-6,3.2701290718225238,5.5E-8,-694.9823374068162,-1377.5072281655562,0.9207460142497923,1.6483632323150041,83770.18828540487,85168.7898461656,297.80479537567976,0.4622288563723144,1.3340735015427538E-5,3.348805537324015E-8,0.001113758940753381,-2.599712768187601E-6,-12.115313402212678,-2.8266077869432138E-5,0.9207463987700149,1.648349922561972,83770.11305036274,85168.71421730166,297.8047720409433,0.4622290513121135,1.334074064259696E-5,3.3488013521758964E-8,0.001113749947677008,-2.5996729492305805E-6,-12.11511217887437,-2.8269083919951754E-5,0.9207448708644441,1.6483977784845099,83770.41195194736,85169.01473224444,297.8048647626576,0.46222827671243444,1.3340718282827242E-5,3.3488179820511687E-8,0.0011137822827598039,-2.599819506059475E-6,-12.115863257963838,-2.8253935532518426E-5,0.9207453435921297,1.6483796867065006,83770.31941339294,85168.92175439876,297.80483607515816,0.46222851637227197,1.3340725200848021E-5,3.3488128368166156E-8,0.0011137700585854733,-2.599761945418777E-6,-12.115571001212402,-2.8260262666890412E-5,0.9207455879355572,1.6483736653674708,83770.27164247031,85168.8736956921,297.80482124693816,0.4622286402458263,1.3340728776633622E-5,3.348810177360674E-8,0.001113765990113156,-2.599744631339718E-6,-12.115480663111839,-2.826199541061669E-5,1.1019445959046007E-10,4.894059642883764E-8,5.6171911137209E-9,1.2342037902533565E-10,7.652703295977619E-11,1.319596234627909E-10,-2.01749823815059E-6
4.775E-6,4.775E-6,3.2873402774636946,5.5E-8,-801.4356084466012,-1474.2746229017944,0.9235409479117239,1.59944486689178,83226.0758469738,84621.0789704063,297.6353733860573,0.4636426733815915,1.3381635018561306E-5,3.318563907043E-8,0.0010807059911430946,-2.459444676503608E-6,-11.401996262909961,-3.066939454043904E-5,0.9235413063387126,1.5994278761263638,83226.00617539152,84621.00898943156,297.6353516843659,0.46364285429826263,1.3381640263418697E-5,3.318560051578231E-8,0.0010806945108961918,-2.4593947809137264E-6,-11.40175442292525,-3.067051032701329E-5,0.9235398578479763,1.5994722161868429,83226.28742670747,84621.29180213841,297.6354393875396,0.46364212317931847,1.338161906767301E-5,3.318575632437249E-8,0.0010807244703965155,-2.459525666438367E-6,-11.402420699196227,-3.0658105444558714E-5,0.9235403036081132,1.5994590747005069,83226.20087424546,84621.20476888621,297.63541239763623,0.4636423481746337,1.3381625590475257E-5,3.318570837557546E-8,0.001080715591013856,-2.459486633767938E-6,-11.402215943881629,-3.066386813799227E-5,0.9235405387431738,1.5994543198216085,83226.15525131136,84621.15885937537,297.63539816055714,0.46364246685706106,1.3381629031203445E-5,3.318568308302596E-8,0.0010807123782578436,-2.4594721199378003E-6,-11.402140900877384,-3.066540397611561E-5,1.0442726128882327E-10,4.890239354612842E-8,5.666646512187184E-9,1.1785520833640228E-10,7.674897400075171E-11,1.3182254378016198E-10,-1.9264414228016028E-6
4.800000000000001E-6,4.800000000000001E-6,3.3045514831048663,5.5E-8,-906.4049123342187,-1570.0910349215635,0.9262515959756658,1.5504204224473888,82702.08092374964,84093.71114947564,297.4714282453559,0.4650079331380119,1.3421298238418664E-5,3.289572228745977E-8,0.001047581366518506,-2.3198375670574477E-6,-10.618622759277514,-6.802033077946135E-5,0.9262519256429524,1.5504039158593372,82702.01728355669,84093.64724037403,297.4714083290645,0.4650080988308527,1.3421303062033853E-5,3.2895687228249394E-8,0.001047570213418471,-2.3197887300341335E-6,-10.618387699813638,-6.802149906093291E-5,0.9262505594272941,1.5504550664770735,82702.2807601984,84093.91209616477,297.4714908677623,0.46500741216966707,1.3421283071883646E-5,3.289583252146594E-8,0.0010476047746466714,-2.3199345535829254E-6,-10.619097110783741,-6.801725909610923E-5,0.9262509773690863,1.5504359970399377,82702.20012401025,84093.83107376189,297.47146561833404,0.46500762222900455,1.3421289187111035E-5,3.289578807437257E-8,0.0010475918898918497,-2.319881163828086E-6,-10.618844409239045,-6.801653712074085E-5,0.9262512056450201,1.550432818565739,82702.1561668435,84093.78681949776,297.4714518269589,0.46500773695849823,1.3421292527191386E-5,3.289576379795768E-8,0.001047589742274148,-2.319872328797601E-6,-10.61879253672123,-6.80193331419332E-5,9.87413917900784E-11,4.886535938611038E-8,5.714886584708751E-9,1.123031153737318E-10,7.695835429753555E-11,1.316501771712989E-10,-1.8361917859355778E-6
4.825E-6,4.825E-6,3.321762688746037,5.5E-8,-1009.674428817245,-1660.901085215165,0.9288777920553195,1.5013085840473015,82198.03604668211,83586.34289391553,297.3129362944775,0.4663251180130274,1.3459722594778756E-5,3.2617968414232434E-8,0.0010143976919238524,-2.1843735463278337E-6,-9.938909131624541,-7.222781519544696E-5,0.9288780953261763,1.501294430548697,82197.97792386141,83586.28450614068,297.31291801206305,0.4663252698098415,1.3459727031814134E-5,3.261793651558828E-8,0.0010143881287491196,-2.1843330110016267E-6,-9.93871315027559,-7.22294429209569E-5,0.9288768220364347,1.5013513438993311,82198.22189995351,83586.52964915473,297.3129947714148,0.466324632488174,1.3459708402817751E-5,3.261807044300164E-8,0.0010144265837157642,-2.184493718431213E-6,-9.939481478758125,-7.222726387112743E-5,0.9288772030412202,1.5013274105526444,82198.14880704296,83586.4562958436,297.31297180317625,0.466324823196023,1.3459713977147621E-5,3.261803036786883E-8,0.0010144104125355705,-2.1844257946668224E-6,-9.939162796362325,-7.222642374671295E-5,0.9288774238389299,1.5013219398288666,82198.10656285234,83586.41378584682,297.31295849229383,0.4663249337103831,1.345971720755112E-5,3.2618007143958444E-8,0.0010144067161005855,-2.184411369796635E-6,-9.939093015908384,-7.222651563409954E-5,9.31466908708274E-11,4.882949493739034E-8,5.761883804451934E-9,1.0677781115267751E-10,7.71554590085183E-11,1.3144511291214785E-10,-1.7488038828487588E-6
4.85E-6,4.85E-6,3.3389738943872085,5.5E-8,-1110.875292044457,-1748.176615010215,0.9314194008325783,1.4521269824237362,81713.47728218757,83098.63931953885,297.1598731111181,0.46759470549198945,1.34969064441541E-5,3.235205538582111E-8,9.81166880016038E-4,-2.0508546869280054E-6,-9.231565202838283,-9.514263972221215E-5,0.9314196775431872,1.45211034138242,81713.4245713697,83098.58640024909,297.1598564646993,0.46759484344289093,1.349691049228916E-5,3.2352026588721924E-8,9.811556360692026E-4,-2.05080951900527E-6,-9.231355453574906,-9.514181273573286E-5,0.9314184983231566,1.4521628565264877,81713.64900498651,83098.81192084655,297.15992740536075,0.4675942555624634,1.3496893240901707E-5,3.2352149309318494E-8,9.81191119274654E-4,-2.0509557502634833E-6,-9.232050751006,-9.513959429341412E-5,0.931418841294046,1.4521425040173213,81713.58366200599,83098.74632956169,297.15990677285714,0.4675944265471244,1.3496898258391013E-5,3.235211361641397E-8,9.81177367579271E-4,-2.050898130079304E-6,-9.231780687217224,-9.513960742424388E-5,0.9314190526694222,1.4521369676901628,81713.54347929366,83098.70590462233,297.15989405653204,0.4675945319232615,1.3496901350704868E-5,3.2352091618790453E-8,9.811736268176775E-4,-2.0508827205389935E-6,-9.231703440531646,-9.514076258199111E-5,8.765231379408292E-11,4.8794801045482527E-8,5.807611623025527E-9,1.0129304709804882E-10,7.73405855894073E-11,1.31209927354945E-10,-1.662866462923937E-6
4.875000000000001E-6,4.875000000000001E-6,3.35618510002838,5.5E-8,-1210.005310139054,-1834.8441532796703,0.9338763055391738,1.4028796232961485,81248.18087137396,82630.27658952557,297.01221395301116,0.46881716341688107,1.3532848397450666E-5,3.209767618804779E-8,9.478916373622624E-4,-1.9212719489303255E-6,-8.594508123686865,-9.833971091666172E-5,0.9338765519740431,1.4028610357866098,81248.1341864724,82630.22976402061,297.0121991579792,0.4688172858013407,1.35328520024054E-5,3.2097650803425813E-8,9.478790782341958E-4,-1.9212218494146784E-6,-8.594278267458094,-9.833830634420337E-5,0.9338754592311656,1.4029089486182516,81248.34078809405,82630.43740093953,297.01226476393737,0.46881674313654226,1.3532836017295378E-5,3.209776336360638E-8,9.479114517690889E-4,-1.921350358031759E-6,-8.594885665810352,-9.833729556874005E-5,0.933875770192624,1.4028921549897087,81248.2819542855,82630.37831397199,297.01224609463094,0.46881689756381456,1.3532840566172661E-5,3.209773133228129E-8,9.479001047227761E-4,-1.9213049411348495E-6,-8.594671363072848,-9.83376631182864E-5,0.9338759742839766,1.4028892169644707,81248.24343825644,82630.33953318473,297.0122338411239,0.4688169989149483,1.3532843551708125E-5,3.209771030954187E-8,9.478981195705883E-4,-1.9212969225179676E-6,-8.594629315288557,-9.833904145750694E-5,8.226711767059207E-11,4.8761278125793344E-8,5.852044449142538E-9,9.586221141237424E-11,7.751404281154236E-11,1.3094717680026508E-10,-1.57957035173408E-6
4.9000000000000005E-6,4.9000000000000005E-6,3.373396305669551,5.5E-8,-1307.2308782026826,-1920.307754311518,0.9362483968304945,1.3535708607321018,80801.76333290423,82180.9437111542,296.86993470819004,0.46999294329006486,1.3567547157721355E-5,3.185453949155017E-8,9.145749059000687E-4,-1.7944275317915982E-6,-7.953182534401321,-1.1127491143270163E-4,0.9362486146966922,1.35355618369593,80801.72233745422,82180.90257131122,296.8699216537285,0.46999305108267525,1.3567550344540582E-5,3.185451727046581E-8,9.145649889837365E-4,-1.794388134470637E-6,-7.953001109986417,-1.1127411069367099E-4,0.9362476071742598,1.3536072114953575,80801.91169007891,82181.09282423147,296.869982025054,0.46999255260254236,1.3567535607092299E-5,3.185462003171184E-8,9.145994672265929E-4,-1.7945195877189236E-6,-7.953607558529711,-1.1127703798763378E-4,0.9362478874278706,1.3535883826460808,80801.85896855124,82181.03990355632,296.86996523230687,0.4699926912621408,1.3567539706478167E-5,3.185459144739919E-8,9.145867450311357E-4,-1.7944712125483875E-6,-7.953387587981979,-1.1127538398625347E-4,0.936248085678806,1.3535845942462181,80801.82178278925,82181.00246684045,296.8699533526869,0.46999278934604466,1.3567542606376677E-5,3.185457122709813E-8,9.145841853014987E-4,-1.7944621711762921E-6,-7.953342058634689,-1.112757909282891E-4,7.699952090141482E-11,4.8728926431961646E-8,5.895157654108724E-9,9.049839899915905E-11,7.767615014859647E-11,1.3065944003237702E-10,-1.4982517833402042E-6
4.925E-6,4.925E-6,3.390607511310722,5.5E-8,-1402.6044762522738,-2003.8621306246953,0.9385355832078471,1.304217041585301,80373.98165689781,81750.34041773145,296.733011093747,0.4711224864319299,1.3601001673366175E-5,3.162236783931751E-8,8.812277308008791E-4,-1.6715198206895821E-6,-7.362854086371499,-1.1232000579752821E-4,0.9385357777028042,1.3042046237682554,80373.9452963969,81750.30391127215,296.73299946156834,0.471122582314685,1.3601004518136783E-5,3.1622348189754023E-8,8.812193403839564E-4,-1.6714884895918658E-6,-7.3627106271223965,-1.1231906066200281E-4,0.9385348608834894,1.3042590407968966,80374.11664060698,81750.47599757985,296.7330542940889,0.47112213033937206,1.3600991108325586E-5,3.1622440814839685E-8,8.812561086465518E-4,-1.6716253124116065E-6,-7.363332800797252,-1.123246133261091E-4,0.9385351064714521,1.3042375628114222,80374.07066689295,81750.42990136941,296.73303960644273,0.4711222514123568,1.3600994700405623E-5,3.162241600324397E-8,8.812415964942042E-4,-1.6715712314407938E-6,-7.36308985020878,-1.1232156788310022E-4,0.9385352957207944,1.304230889826149,80374.03535206153,81750.39437904576,296.73302828772023,0.47112234470715003,1.3600997468451452E-5,3.16223968836978E-8,8.812370877203709E-4,-1.6715550651724698E-6,-7.363015730247298,-1.123211872027241E-4,7.185743277456948E-11,4.869774591143676E-8,5.936927549210383E-9,8.521448741803945E-11,7.782723692399569E-11,1.3034930608826446E-10,-1.4195663270734054E-6
4.95E-6,4.95E-6,3.407818716951893,5.5E-8,-1496.1012320813677,-2085.2851935952117,0.9407377991881387,1.2548322959059928,79964.50423830074,81338.17539211777,296.60141833535744,0.47220622736361145,1.3633211258112801E-5,3.140089633421135E-8,8.47859659395941E-4,-1.5519534908037258E-6,-6.781304792132914,-1.1823772220509454E-4,0.9407379683784035,1.2548153808887006,79964.47273804877,81338.14381916197,296.6014082352085,0.4722063104846157,1.363321373261021E-5,3.1400879396550904E-8,8.478482303302032E-4,-1.551913215394052E-6,-6.781126936855344,-1.1823516246067811E-4,0.9407371444233776,1.254868918186275,79964.62586850383,81338.29758121016,296.6014574240417,0.47220590569539117,1.3633201681831048E-5,3.140096188245398E-8,8.478844041799156E-4,-1.5520440346961095E-6,-6.781715565135983,-1.182408463904494E-4,0.9407373537105529,1.2548481731872314,79964.58689563592,81338.25852565406,296.60144493024603,0.4722060085157624,1.3633204742767113E-5,3.140094093062308E-8,8.478703872886699E-4,-1.5519929387153298E-6,-6.781488313015188,-1.182379716055948E-4,0.9407375316531595,1.2548416597302978,79964.55387804657,81338.2253185966,296.6014343071252,0.4722060959329168,1.3633207345272015E-5,3.140092311691542E-8,8.478659863042553E-4,-1.5519769186767008E-6,-6.78141426016532,-1.182376171868782E-4,6.684865058864494E-11,4.866773634979776E-8,5.977331406207501E-9,8.002272603776106E-11,7.796764184874414E-11,1.3001935599315686E-10,-1.3430822988486085E-6
4.975000000000001E-6,4.975000000000001E-6,3.4250299225930645,5.5E-8,-1587.5518707479553,-2162.781266647608,0.9428549943707197,1.2054200185519468,79573.08345232034,80944.1682004928,296.4751317333071,0.4732445889525115,1.3664175431684301E-5,3.118987316253696E-8,8.144729855080722E-4,-1.4364258555588095E-6,-6.239488777865063,-1.1688741538762315E-4,0.942855131228151,1.2053993105128662,79573.05804450852,80944.14280358993,296.475123577931,0.47324465596720033,1.3664177433177358E-5,3.1189859581224236E-8,8.144589935897745E-4,-1.4363771910552715E-6,-6.239276122059437,-1.1688297851719653E-4,0.9428543996017212,1.2054530215956658,79573.1933006529,80944.27857694062,296.4751671782289,0.4732442977324867,1.3664166733392268E-5,3.118993218473971E-8,8.144952848619364E-4,-1.4365032868113303E-6,-6.239837435315167,-1.1689065772202412E-4,0.9428545745877149,1.2054339154486668,79573.16088499941,80944.24610390548,296.47515675044644,0.4732443834151349,1.3664169292502414E-5,3.1189914819742666E-8,8.144823753031533E-4,-1.4364579769221565E-6,-6.2396368629990775,-1.1688791420283451E-4,0.942854743470709,1.2054298908221963,79573.12974639301,80944.21476246124,296.4751466857359,0.47324446610446463,1.3664171762358031E-5,3.118989806063676E-8,8.144796559609434E-4,-1.4364482885298457E-6,-6.239590743665758,-1.1688818987920513E-4,6.198078603249644E-11,4.863889723660077E-8,6.016347526376131E-9,7.493474513739809E-11,7.809771286314635E-11,1.296721809497078E-10,-1.2693098246192494E-6
5.0E-6,5.0E-6,3.442241128234236,5.5E-8,-1676.7586929146173,-2237.3414509399727,0.9448871242569052,1.1559835049035843,79199.42884686877,80568.05074382952,296.35412730535774,0.47423797764018294,1.369389378602955E-5,3.098906001330426E-8,7.81069935745665E-4,-1.3246259078414369E-6,-5.7132844030904835,-1.178324437489664E-4,0.9448872281010866,1.1559657714662868,79199.4096514925,80568.03157617434,296.3541211277472,0.47423802832739104,1.3693895304628951E-5,3.098904979430915E-8,7.81057953693437E-4,-1.3245847090104235E-6,-5.713104273604131,-1.178295821091524E-4,0.9448865900422361,1.1560207935377322,79199.52703965298,80568.14935346232,296.3541590877246,0.47423771690410527,1.3693885973767174E-5,3.098911258295062E-8,7.81095130768738E-4,-1.3247092491042168E-6,-5.713651602728078,-1.1783819331867562E-4,0.9448867316442069,1.1560011366487564,79199.50091666002,80568.1232160668,296.35415066371473,0.47423778601956673,1.3693888044529928E-5,3.0989098648372644E-8,7.810818490869975E-4,-1.3246647969822334E-6,-5.713458180907082,-1.1783476720950148E-4,0.9448868947044715,1.1559984196550726,79199.47102704017,80568.09311652809,296.3541409623158,0.4742378656021503,1.3693890429094733E-5,3.098908260248542E-8,7.810800132804544E-4,-1.3246587833748435E-6,-5.713428781894663,-1.1783497723172331E-4,5.726056622522971E-11,4.86112278934631E-8,6.053955199372123E-9,6.996226574693894E-11,7.821780621294179E-11,1.29310371755809E-10,-1.1981313429500108E-6
5.025E-6,5.025E-6,3.4594523338754066,5.5E-8,-1763.8760870898852,-2312.4667413090638,0.9468341545258457,1.106531295095362,78843.30269131812,80209.56625289997,296.23838148014494,0.47518678597943564,1.372236604841472E-5,3.0798231095569695E-8,7.476562804698393E-4,-1.2169924012539469E-6,-5.220039249092224,-1.1429465197920763E-4,0.9468342319139776,1.1065183015641935,78843.28846674802,80209.55204149851,296.23837688379274,0.4751868236372278,1.3722367180064458E-5,3.079822354099295E-8,7.476475010568875E-4,-1.2169634466374646E-6,-5.219912977586773,-1.142923416495023E-4,0.9468336868733498,1.1065714183603221,78843.38826966299,80209.65213424634,296.23840925726597,0.4751865584279804,1.3722359209914186E-5,3.079827674693216E-8,7.476833907840015E-4,-1.2170796388488725E-6,-5.220419722722227,-1.1430153044500457E-4,0.9468337932688066,1.106550163867208,78843.36868771592,80209.63259616203,296.2384029381804,0.47518661020200137,1.3722360765739258E-5,3.0798266360612466E-8,7.476690296400054E-4,-1.2170333900485275E-6,-5.220220362690952,-1.1429736922252687E-4,0.9468339502208714,1.1065458159118662,78843.34005293854,80209.60377234411,296.23839361534067,0.4751866865691437,1.3722363060855233E-5,3.079825103938565E-8,7.47666091832342E-4,-1.217024469468697E-6,-5.220180017438224,-1.1429684415986685E-4,5.2694010614468393E-11,4.858472753021266E-8,6.090134571219034E-9,6.511700137742022E-11,7.832828504508206E-11,1.2893647064074466E-10,-1.1296525562133623E-6
5.050000000000001E-6,5.050000000000001E-6,3.4766635395165784,5.5E-8,-1849.1390883850718,-2386.1659411988494,0.9486960663807225,1.0570729507370393,78504.44621590356,79868.46807208679,296.127870836385,0.47609139515364424,1.3749592160058054E-5,3.061717215939149E-8,7.142384802277293E-4,-1.113398699743584E-6,-4.746015686544752,-1.1175629936133191E-4,0.9486961207681932,1.0570592936889178,78504.4362358759,79868.45813354346,296.1278676112635,0.4760914215426891,1.3749592955327693E-5,3.0617166890638186E-8,7.142292524925121E-4,-1.113370522034529E-6,-4.7458950333518715,-1.1175363461290999E-4,0.9486956660967348,1.0571111516674063,78504.51913076728,79868.54122203465,296.1278945751227,0.4760912009526128,1.3749586306988387E-5,3.061721093580087E-8,7.142642916671665E-4,-1.1134788242372906E-6,-4.746363274024816,-1.1176315159389105E-4,0.9486957361216327,1.0570901136788273,78504.50624734751,79868.5284261864,296.12789042286096,0.4760912349301877,1.3749587330913164E-5,3.061720415211559E-8,7.142500768100185E-4,-1.1134345839991512E-6,-4.746173771014583,-1.1175868846180492E-4,0.9486958831279162,1.0570829054890567,78504.47953242002,79868.50156107607,296.1278817044214,0.47609130624932605,1.3749589480481982E-5,3.061718991138772E-8,7.142452064115248E-4,-1.1134200146045714E-6,-4.746109964788957,-1.1175788770856343E-4,4.8287403794528384E-11,4.855939527613988E-8,6.1248666795542765E-9,6.040965271961072E-11,7.842951918655533E-11,1.2855296494574084E-10,-1.0637028983231892E-6
5.0750000000000005E-6,5.0750000000000005E-6,3.493874745157749,5.5E-8,-1932.3285125392708,-2454.545355810504,0.9504728558234907,1.0076161188869375,78182.63402833384,79544.51961651162,296.0225721224738,0.47695217489516606,1.3775572265980178E-5,3.044568011086503E-8,6.808217019506334E-4,-1.0141228962368133E-6,-4.300849425058914,-1.0645851169499565E-4,0.950472882564936,1.0075976730470868,78182.62905063998,79544.51475333956,296.0225705394836,0.4769521878372445,1.377557265698277E-5,3.0445677539012116E-8,6.808092385453289E-4,-1.0140866019980877E-6,-4.3006961257490275,-1.0645457365399125E-4,0.9504725203870475,1.007653237582377,78182.69487308148,79544.58062957831,296.0225919858909,0.47695201260970965,1.3775567361366866E-5,3.044571236877482E-8,6.808467821502548E-4,-1.0141969627852632E-6,-4.30116751909236,-1.0646594149932298E-4,0.9504725554175191,1.007633607879905,78182.68838515559,79544.57425873673,296.02258991207816,0.4769520295622592,1.3775567873568196E-5,3.044570899977412E-8,6.808335188377737E-4,-1.0141574219346695E-6,-4.300999637409632,-1.0646179340767503E-4,0.9504726901124727,1.0076264628276248,78182.66401750222,79544.54975841429,296.0225819356193,0.4769520947259502,1.3775569843022144E-5,3.044569604667354E-8,6.808286910997465E-4,-1.014143031312642E-6,-4.3009369866360885,-1.0646012630388668E-4,4.4047060953563724E-11,4.853523004032433E-8,6.1581336205538716E-9,5.58500320815043E-11,7.852188562487078E-11,1.2816232631983488E-10,-1.0006207641155585E-6
5.1E-6,5.1E-6,3.5110859507989205,5.5E-8,-2013.2206259897575,-2520.9255116938216,0.952164528609672,0.9581645118607955,77877.63386087268,79237.49508345057,295.9224625900788,0.4777694810480165,1.3800306641640755E-5,3.028356309169654E-8,6.47408453959997E-4,-9.191136740582806E-7,-3.8765905525003745,-1.015637840424688E-4,0.9521645221943366,0.9581443667418339,77877.63485245337,79237.49624629825,295.9224629701587,0.4777694779584042,1.3800306547842916E-5,3.0283563704089505E-8,6.47394842393131E-4,-9.190750822085648E-7,-3.876428554554195,-1.01558900865939E-4,0.9521642579425997,0.9582026437607757,77877.6827909737,79237.54409632369,295.92247859523644,0.47776935044521157,1.38003026842386E-5,3.02835889407992E-8,6.474342187572809E-4,-9.191861322221939E-7,-3.876898848564906,-1.0157114822106905E-4,0.9521642589466919,0.9581827616862865,77877.68245234441,79237.54391557157,295.9224785365398,0.4777693509352379,1.3800302698919614E-5,3.0283588844645713E-8,6.474207849231665E-4,-9.191482602943779E-7,-3.87673952061823,-1.0156671133643158E-4,0.9521643838797417,0.9581785437634405,77877.65997178924,79237.52129175501,295.92247114851233,0.4777694112144965,1.380030452555582E-5,3.028357691352766E-8,6.474179349752977E-4,-9.191399124119925E-7,-3.8767022748661475,-1.0156667195815317E-4,3.997829413547879E-11,4.85122305757654E-8,6.189918515587009E-9,5.1448105753884764E-11,7.860576771964832E-11,1.2776701741193948E-10,-9.404295753749507E-7
5.125E-6,5.125E-6,3.5282971564400913,5.5E-8,-2092.0775349450173,-2588.3766094863527,0.9537710951300526,0.9087197601526501,77589.23807455927,78947.1801766567,295.8275202827233,0.4785436533507191,1.3823795618525233E-5,3.0130640546979266E-8,6.139998379409798E-4,-8.285428354781743E-7,-3.4784888421106643,-9.500826014630093E-5,0.9537710567809056,0.908702754559602,77589.24480359022,78947.18709285112,295.8275225481034,0.47854363489938884,1.3823795057849688E-5,3.01306441850349E-8,6.139883476754068E-4,-8.285113914041631E-7,-3.478356896124069,-9.50048734154052E-5,0.9537708905382235,0.9087584250816929,77589.27496672228,78947.21706765375,295.8275323641992,0.4785435548782071,1.382379262733226E-5,3.013065995759306E-8,6.140259628930357E-4,-8.286129160239853E-7,-3.4787845923272016,-9.501624127494779E-5,0.9537708559884551,0.9087369973356315,77589.28098618287,78947.2232989388,295.8275344053286,0.4785435382564559,1.3823792122204794E-5,3.01306632351447E-8,6.140114846862375E-4,-8.285741232327836E-7,-3.4786225147879577,-9.501160748470738E-5,0.9537709745096853,0.9087338054151972,77589.25975958353,78947.20192677267,295.8275274058318,0.47854359529699264,1.3823793855019945E-5,3.01306519907044E-8,6.140093279832414E-4,-8.285684774023139E-7,-3.4785974271992472,-9.50108329931254E-5,3.608570184678149E-11,4.849039560572767E-8,6.220205328515372E-9,4.721378888701781E-11,7.868155372701628E-11,1.2736945341775034E-10,-8.830523345204338E-7
5.150000000000001E-6,5.150000000000001E-6,3.545508362081263,5.5E-8,-2168.9917442096885,-2652.042591320674,0.9552925718106248,0.8592871790273459,77317.24011393014,78673.37162924501,295.7377239704803,0.4792750162232916,1.3846039605002323E-5,2.998674270244538E-8,5.805994452887472E-4,-7.424062191319081E-7,-3.1019216023985337,-8.863540949732851E-5,0.9552925060666114,0.859272389165831,77317.25172189716,78673.38343783448,295.7377278486963,0.4792749846628543,1.384603864384451E-5,2.998674890081565E-8,5.80589452139075E-4,-7.423806053452608E-7,-3.101815334588764,-8.863189151497863E-5,0.9552924337701612,0.8593258489758562,77317.26498529362,78673.39641993739,295.73773211127957,0.47927494993914405,1.3846037586891188E-5,2.998675571779441E-8,5.806255736323353E-4,-7.424726904048385E-7,-3.1022003867972217,-8.864310183298585E-5,0.9552923621573711,0.8593041847073777,77317.27759008453,78673.40928291994,295.73773633586364,0.47927491556280166,1.3846036539933682E-5,2.998676246940763E-8,5.80610935613093E-4,-7.424352696716597E-7,-3.102044972578824,-8.863820552562629E-5,0.9552924736266359,0.8592992039603287,77317.25769500234,78673.38926286022,295.7377297612578,0.47927496908130945,1.3846038169581358E-5,2.9986751959682015E-8,5.806075702434653E-4,-7.424270395972599E-7,-3.102009971335974,-8.8637641070477E-5,3.237406026621684E-11,4.846972383783025E-8,6.2489788776020436E-9,4.315604314633074E-11,7.874963651234831E-11,1.269719797759569E-10,-8.284521246316663E-7
5.1750000000000004E-6,5.1750000000000004E-6,3.562719567722434,5.5E-8,-2243.582223796941,-2710.2697531794456,0.9567289858006,0.8098739797736783,77061.45083301888,78415.87616539079,295.6530528656225,0.47996388123771094,1.3867039155232165E-5,2.985170975167014E-8,5.472121484957286E-4,-6.608279770148329E-7,-2.7497494406443366,-8.133312519476021E-5,0.9567288935147588,0.809857960543905,77061.4671071149,78415.89267840602,295.65305830280533,0.4799638370346693,1.3867037806091668E-5,2.9851718401513E-8,5.472013246918278E-4,-6.608020875376042E-7,-2.7496425626034124,-8.132990912201876E-5,0.9567289147113799,0.8099131023449191,77061.463713312,78415.88888326772,295.65305705247414,0.4799638471750554,1.3867038115967652E-5,2.985171641536473E-8,5.472385826654859E-4,-6.608914814876244E-7,-2.750013570247802,-8.13412638507316E-5,0.9567288067656686,0.809892538392708,77061.48273532401,78415.90819845468,295.6530634123471,0.47996379547174317,1.3867036537893197E-5,2.9851726532968304E-8,5.472246881031811E-4,-6.608578253519681E-7,-2.7498748423934103,-8.133674820953729E-5,0.9567289084582706,0.8098861402365056,77061.46464217076,78415.89000334736,295.6530574216426,0.47996384418618804,1.386703802455281E-5,2.985171700116594E-8,5.472203650246659E-4,-6.608475678149261E-7,-2.749831296189541,-8.133554054268188E-5,2.884804032787684E-11,4.845021386299914E-8,6.276224975450398E-9,3.92830946007342E-11,7.881041383423895E-11,1.2657688726819298E-10,-7.768276258289463E-7
5.2E-6,5.2E-6,3.5799307733636048,5.5E-8,-2315.854335246903,-2769.3016173464293,0.958080374015842,0.7604843419376288,76821.68539439155,78174.51048698113,295.5734866908612,0.48061054676796683,1.388679495550999E-5,2.9725391617870935E-8,5.138407715794789E-4,-5.838218983456045E-7,-2.419228385473616,-7.418964956684704E-5,0.9580802531090483,0.7604670842436345,76821.70667097581,78174.53204415707,295.57349380609793,0.48061048897831204,1.3886793188017851E-5,2.972540288798311E-8,5.138291109754288E-4,-5.837954671505941E-7,-2.4191202874526425,-7.41860003046213E-5,0.9580803708548525,0.7605241544215557,76821.6862038076,78174.51104884116,295.57348687578127,0.4806105452479841,1.388679490930021E-5,2.9725391912948415E-8,5.138676719064566E-4,-5.8388272819343E-7,-2.4194804512248993,-7.419757818638573E-5,0.9580802278460575,0.7605039895459996,76821.71137063875,78174.53654670193,295.5734952916918,0.4806104768942065,1.3886792818707005E-5,2.9725405243263253E-8,5.138540469905403E-4,-5.838518096368262E-7,-2.419353447434787,-7.419349572046485E-5,0.9580803184034236,0.7604974381679204,76821.69531266105,78174.52040153931,295.57348996301863,0.4806105201822166,1.3886794142532186E-5,2.972539680190739E-8,5.1384962038373E-4,-5.838418334747075E-7,-2.4193114371760203,-7.419223554450127E-5,2.5511688065348396E-11,4.843186417694324E-8,6.301930423921953E-9,3.560294889030078E-11,7.88642878413483E-11,1.2618642563972022E-10,-7.281581471668279E-7
5.225000000000001E-6,5.225000000000001E-6,3.5971419790047765,5.5E-8,-2386.28193047079,-2829.5329305444566,0.9593467802654884,0.7111220314881382,76597.77342409523,77949.10160925161,295.49900584435295,0.4812152967979205,1.3905307782578686E-5,2.960764790430169E-8,4.804878591136069E-4,-5.11468160482309E-7,-2.1118317254249632,-6.662047009342587E-5,0.9593466293170833,0.7111043766945074,76597.79992931089,77949.12843287332,295.4990147179359,0.481215224792189,1.3905305575991699E-5,2.9607661902224182E-8,4.804759301989915E-4,-5.114428053332176E-7,-2.111728092300609,-6.661672894381354E-5,0.959346845752323,0.7111619984921387,76597.76211466963,77949.08997090414,295.49900199384786,0.48121532802968997,1.3905308739874972E-5,2.9607641831827625E-8,4.8051486384603965E-4,-5.115254815279968E-7,-2.1120674711501124,-6.662809678914527E-5,0.9593466672388063,0.7111409178594054,76597.79345961218,77949.12169286564,295.4990124878633,0.48121524287483863,1.3905306130336954E-5,2.960765838594478E-8,4.805006201752739E-4,-5.114952799090133E-7,-2.1119444453806864,-6.662373867527549E-5,0.9593467470835554,0.7111350136748719,76597.77934949759,77949.10750502009,295.49900779453867,0.481215280965802,1.390530729751992E-5,2.9607650981536813E-8,4.804966308613999E-4,-5.114867897759723E-7,-2.1119085713505683,-6.662280667057985E-5,2.236868127350284E-11,4.841467323223125E-8,6.3260829449039E-9,3.212315160924564E-11,7.89116643348249E-11,1.2580279249147024E-10,-6.824210147524215E-7
5.2500000000000006E-6,5.2500000000000006E-6,3.6143531846459473,5.5E-8,-2454.790706134095,-2883.890916397305,0.9605282544237272,0.6617903667356236,76389.55161632692,77739.48682650363,295.42959145360294,0.48177840066679745,1.3922578491819011E-5,2.9498347673765084E-8,4.471556531997457E-4,-4.437856482297775E-7,-1.8258886067287676,-5.927864771138047E-5,0.9605280723193551,0.6617718267311314,76389.58351677052,77739.51908583786,295.4296021479839,0.48177831395990356,1.3922575829870394E-5,2.9498364479794918E-8,4.471431261696834E-4,-4.4376088609965336E-7,-1.8257881681763592,-5.927486716927888E-5,0.9605283880441862,0.6618295829944052,76389.52834934065,77739.46315502227,295.42958360590796,0.4817784642835099,1.392258044504367E-5,2.949833534246462E-8,4.471821506718954E-4,-4.438381616012066E-7,-1.8261034607455713,-5.92864319344244E-5,0.9605281726495744,0.661807796459859,76389.56608171202,77739.50131162284,295.4295962553107,0.48177836172584465,1.3922577296468045E-5,2.9498355220771046E-8,4.4716743004044525E-4,-4.438089962377489E-7,-1.8259849308058165,-5.928182440584351E-5,0.9605282434871434,0.6618032270513927,76389.55360836693,77739.48876336952,295.42959209553914,0.4817783954566926,1.3922578331951086E-5,2.9498348683209823E-8,4.4716434260229235E-4,-4.438028111053427E-7,-1.8259593026368748,-5.928101055019397E-5,1.9422421678804752E-11,4.839863945455334E-8,6.348671173304154E-9,2.8850697971691603E-11,7.895295236550549E-11,1.2542811783935996E-10,-6.396779481708244E-7
5.275E-6,5.275E-6,3.6315643902871186,5.5E-8,-2520.834019964439,-2932.634280826326,0.9616248486458198,0.6124887153849269,76196.86974158196,77545.51420928391,295.3652255938973,0.48230011144949086,1.3938607962220017E-5,2.9397369514310118E-8,4.138437266114371E-4,-3.80824524199852E-7,-1.56209890863488,-5.186991776895411E-5,0.9616246352649724,0.6124708805600746,76196.90703944988,77545.55189993778,295.3652381133755,0.48230001002529727,1.3938604843168695E-5,2.9397389119089276E-8,4.1383167605410444E-4,-3.8080224200598424E-7,-1.562008259348886,-5.186666230372339E-5,0.9616250495661381,0.6125276903519175,76196.83473243039,77545.47871885679,295.3652138050187,0.48230020694682235,1.3938610899131872E-5,2.939735105457551E-8,4.138700610485929E-4,-3.8087286284849143E-7,-1.5622956911538495,-5.1876586198318364E-5,0.9616247971820086,0.6125064790942688,76196.87884826478,77545.52329886197,295.36522861289524,0.4823000869836497,1.3938607209957988E-5,2.9397374242837664E-8,4.1385572911774917E-4,-3.8084641019509035E-7,-1.5621888835953541,-5.1872923819473726E-5,0.9616248603798014,0.6125021914001612,76196.86775270547,77545.51213621476,295.3652249051671,0.4823001170245849,1.3938608133739009E-5,2.9397368436337025E-8,4.138528320271359E-4,-3.808411572947534E-7,-1.562166486567321,-5.187237248094334E-5,1.6675864983469146E-11,4.838376127076306E-8,6.369684621923954E-9,2.5792218302051828E-11,7.89885637549062E-11,1.25064463117087E-10,-5.999482814303263E-7
5.3E-6,5.3E-6,3.6487755959282895,5.5E-8,-2584.477108615127,-2982.936924674403,0.962636617020697,0.5632198208023569,76019.58641584744,77367.04249114289,295.30589130945674,0.4827806659492569,1.3953397091566899E-5,2.9304601305212168E-8,3.8055393297456544E-4,-3.226032737302376E-7,-1.3194147516633166,-4.479474114305049E-5,0.962636375030639,0.5632044005798466,76019.62863231121,77367.08512121202,295.3059054952825,0.48278055110889895,1.3953393554417506E-5,2.9304623447244638E-8,3.8054351390530173E-4,-3.2258544720775715E-7,-1.3193430574210652,-4.479166945259294E-5,0.9626368863087108,0.5632602716270677,76019.53954388593,77366.99505144176,295.3058755229197,0.4827807937403345,1.3953401027728125E-5,2.9304576665633596E-8,3.805812646128836E-4,-3.2264935740045075E-7,-1.319602010717972,-4.480163273967719E-5,0.9626365977146538,0.563239417378067,76019.58987948569,77367.04589152218,295.30589244078595,0.4827806567837195,1.3953396809371838E-5,2.9304603071877256E-8,3.8056717390409935E-4,-3.226254962385156E-7,-1.3195052884007055,-4.479798347745145E-5,0.9626366521694361,0.5632335633043516,76019.5803373816,77367.03629881801,295.3058892487513,0.4827806826277065,1.3953397605333122E-5,2.9304598089205944E-8,3.805632184488862E-4,-3.2261896350860295E-7,-1.3194789485751244,-4.4796946454539466E-5,1.4131814906444302E-11,4.837003711996868E-8,6.38911367631504E-9,2.2953677107715658E-11,7.901891276201034E-11,1.2471382485004744E-10,-5.631652738692739E-7
5.325000000000001E-6,5.325000000000001E-6,3.665986801569461,5.5E-8,-2646.267995910053,-3034.542387396437,0.9635636245055914,0.5139935844249925,75857.57051780711,77203.93933635298,295.25157208609374,0.4832202891046416,1.3966946927282185E-5,2.921993915506133E-8,3.4729296244931927E-4,-2.6916662051235105E-7,-1.098176065393318,-3.791686110332648E-5,0.9635633555048309,0.5139776691438273,75857.61734474746,77203.98660906714,295.25158784296787,0.4832201616320228,1.3966942995412052E-5,2.9219963676019713E-8,3.4728220888096436E-4,-2.6915007396155487E-7,-1.0981096204905043,-3.791434073718847E-5,0.9635639641552314,0.5140349165969383,75857.511482258,77203.87964762084,295.25155219053,0.48322045005255465,1.3966951891796858E-5,2.9219908194246972E-8,3.473208895925259E-4,-2.6920980062072885E-7,-1.0983502949964077,-3.792329326302024E-5,0.9635636389880102,0.5140132831633276,75857.56807661054,77203.93679074565,295.2515712374275,0.48322029596454685,1.3966947138965425E-5,2.9219937835045184E-8,3.473062724076538E-4,-2.691872084881197E-7,-1.098260053928243,-3.791980151390817E-5,0.9635636823742235,0.5140062589512537,75857.5604834192,77203.929166571,295.2515686962324,0.4832203165256496,1.3966947773123389E-5,2.9219933880075558E-8,3.473015263184147E-4,-2.691799305409859E-7,-1.0982298565925248,-3.791893514915046E-5,1.1793013999549542E-11,4.8357465373770315E-8,6.406949711860585E-9,2.0340235470618688E-11,7.904441611603504E-11,1.2437813152636162E-10,-5.294046643102618E-7
5.3500000000000004E-6,5.3500000000000004E-6,3.683198007210632,5.5E-8,-2706.1826952600577,-3080.827181381001,0.9644059471871983,0.4648132483550241,75710.69860035568,77056.08115934426,295.2022518373335,0.4836191942355875,1.3979258670454457E-5,2.9143287166522727E-8,3.1406300564528654E-4,-2.20529318539775E-7,-0.8977011926378964,-3.148752563220114E-5,0.9644056481240971,0.46479424258142993,75710.750547246,77056.1335985302,295.20226934269294,0.4836190527053298,1.397925429926893E-5,2.9143314334735204E-8,3.1405016390637157E-4,-2.2051146601143045E-7,-0.8976298666023013,-3.1484230788692E-5,0.9644063569452135,0.4648534057659552,75710.62748178399,77056.00931005918,295.202227852324,0.4836193881495582,1.397926465958603E-5,2.9143249942441827E-8,3.140901390310508E-4,-2.2056740334619462E-7,-0.8978551196398712,-3.149313079120475E-5,0.9644059946675544,0.4648318948842487,75710.6904127897,77056.07283349731,295.20224905785585,0.48361921670321567,1.3979259364439815E-5,2.9143282853303905E-8,3.1407560465151937E-4,-2.205469914429159E-7,-0.8977726389678082,-3.149012474068513E-5,0.9644060264480022,0.4648254146190108,75710.68486059186,77056.06726118631,295.20224719776246,0.4836192317443779,1.3979259828951316E-5,2.914327996617347E-8,3.140712260939262E-4,-2.2054082023714728E-7,-0.8977480170985928,-3.148889081217021E-5,9.6616582449507E-12,4.8346044332532544E-8,6.423185108244229E-9,1.795673902866968E-11,7.906549263753841E-11,1.24059238967711E-10,-4.987335337922456E-7
5.375E-6,5.375E-6,3.7004092128518034,5.5E-8,-2763.7259639653007,-3121.758447228056,0.965163658885175,0.4156728592988208,75578.85884760591,76923.3553408213,295.15791568593966,0.48397757684250653,1.3990333480232206E-5,2.9074558452672723E-8,2.8086004006677083E-4,-1.7670608798425746E-7,-0.718045565392913,-2.5448727129173676E-5,0.9651633271855219,0.4156538838770984,75578.91636237375,76923.41338656752,295.15793508918637,0.4839774200541856,1.3990328632114692E-5,2.9074588493231522E-8,2.808472188358773E-4,-1.766899049471249E-7,-0.717980748918535,-2.544646932278738E-5,0.9651641377128796,0.4157129340270019,75578.77586416453,76923.27154821288,295.15788767604784,0.48397780317381855,1.3990340478771133E-5,2.9074515087523334E-8,2.808871175858121E-4,-1.7674004112677722E-7,-0.7181818012600161,-2.5454056640228373E-5,0.9651637391611234,0.41569229284922865,75578.8449783617,76923.3412926023,295.1579109898625,0.48397761478559087,1.399033465354426E-5,2.9074551182529644E-8,2.8087317084407343E-4,-1.7672246485744836E-7,-0.7181117225518392,-2.5451260611930593E-5,0.9651637609559165,0.4156871666921367,75578.84117696938,76923.33747877796,295.1579097150416,0.48397762508839826,1.3990334972096688E-5,2.907454920863625E-8,2.8086970722441667E-4,-1.7671808905106445E-7,-0.7180935247615707,-2.5450919324043753E-5,7.739392920483618E-12,4.833577235055038E-8,6.437813075426078E-9,1.5807780543134267E-11,7.908256240319923E-11,1.2375892855383973E-10,-4.7108368894394055E-7
5.400000000000001E-6,5.400000000000001E-6,3.7176204184929746,5.5E-8,-2818.88560126478,-3163.1154415424153,0.9658368303864923,0.36657461382165646,75461.94981011456,76805.66021647953,295.11855000521126,0.484295614397754,1.4000172462831086E-5,2.9013675008376954E-8,2.476855498794976E-4,-1.377062412188934E-7,-0.5587481733011828,-1.996140083804221E-5,0.9658364682912979,0.3665582588358872,75462.01250500079,76805.72346885594,295.1185711743768,0.4842954434229066,1.4000167170542142E-5,2.9013707712346152E-8,2.476744992134373E-4,-1.376938828911989E-7,-0.5586988385446148,-1.995877548210956E-5,0.9658373795933061,0.3666163111199749,75461.85476794526,76805.56427839254,295.11851789673665,0.48429587372126887,1.4000180489894494E-5,2.901362540490614E-8,2.4771372372971276E-4,-1.3773741002864881E-7,-0.55887334851991,-1.9966205272226034E-5,0.9658369445097169,0.3665945331169851,75461.93009447701,76805.64028063933,295.1185433330343,0.48429566828300014,1.4000174130826294E-5,2.901366470100073E-8,2.476990088628278E-4,-1.3772115835308797E-7,-0.5588082183371625,-1.9963514276355454E-5,0.9658369581541953,0.36659019879012794,75461.92771733332,76805.63789726724,295.1185425354036,0.484295674726235,1.4000174330250458E-5,2.901366346862539E-8,2.4769608026359996E-4,-1.3771789852512484E-7,-0.5587952984330968,-1.996277916305189E-5,6.027817056071921E-12,4.832664786487875E-8,6.450827616298536E-9,1.3897196863330546E-11,7.90960464259427E-11,1.2347890567609075E-10,-4.464145687985739E-7
5.4250000000000006E-6,5.4250000000000006E-6,3.734831624134146,5.5E-8,-2872.0797399238654,-3205.126019844321,0.9664255430640069,0.3175287475190916,75359.87890032202,76702.90256993427,295.0841416186805,0.48457347292162367,1.4008776870755502E-5,2.8960566304195317E-8,2.1454645102641324E-4,-1.0354849166560598E-7,-0.41981397183076297,-1.5008639380198474E-5,0.9664251527043028,0.3175123065776444,75359.94639476172,76702.97065392265,295.0841644288923,0.4845732887715595,1.4008771165443879E-5,2.8960601476955543E-8,2.1453534228219216E-4,-1.0353782471383966E-7,-0.4197715634954875,-1.5007628618946E-5,0.966426163612616,0.31756999078494474,75359.77164522893,76702.79433777486,295.0841053574875,0.48457376566035526,1.400878594039841E-5,2.8960510390803386E-8,2.1457431809793564E-4,-1.0357534890204079E-7,-0.41992125881643005,-1.5013220647119851E-5,0.9664256901169747,0.31754711428405547,75359.85350641816,76702.87692171652,295.08413302567266,0.4845735422918499,1.4008779020011614E-5,2.8960553054284234E-8,2.145588610027402E-4,-1.0356045720527618E-7,-0.4198621718260256,-1.5010857808306355E-5,0.9664256950971776,0.3175414089532864,75359.85262996962,76702.87605320688,295.0841327347275,0.4845735446417959,1.4008779092799913E-5,2.896055260552618E-8,2.1455500604951786E-4,-1.0355682178442294E-7,-0.4198472525217767,-1.5010253974878651E-5,4.528451644629381E-12,4.831866927514275E-8,6.462223699985365E-9,1.2228043448889756E-11,7.910636677374384E-11,1.2322079917117052E-10,-4.247969717146949E-7
5.45E-6,5.45E-6,3.752042829775317,5.5E-8,-2923.3313031398347,-3242.883911090923,0.9669298881135358,0.26853663488110846,75272.56162373799,76614.9976627896,295.0546778433006,0.4848113067316356,1.4016148091794105E-5,2.8915169209071576E-8,1.814436722169652E-4,-7.423457844879523E-8,-0.3009152631334473,-1.0693987348986411E-5,0.9669294678657867,0.26851834599720087,75272.63419474954,76615.07086227884,295.05470238951295,0.48481110863951216,1.4016141949730334E-5,2.891520699755594E-8,1.8143131486297355E-4,-7.422452625860388E-8,-0.30087519101402904,-1.0691624510172915E-5,0.9669305784227431,0.26857644958022614,75272.4424391461,76614.87742354581,295.05463752301756,0.48481163212147094,1.4016158180897758E-5,2.8915107136960684E-8,1.8147057404069333E-4,-7.425653890891226E-8,-0.30100338682541405,-1.0697269047454938E-5,0.9669300673353086,0.26855560371069426,75272.53069913226,76614.96644548183,295.0546673750473,0.4848113912104113,1.4016150711181207E-5,2.8915153093592128E-8,1.8145648899371234E-4,-7.42449932999989E-8,-0.30095702981066097,-1.0695391907233898E-5,0.9669300604947711,0.268547572258428,75272.53186401725,76614.96763709413,295.0546677746703,0.48481138798662443,1.4016150611204455E-5,2.891515370866002E-8,1.814510623367757E-4,-7.424060711969105E-8,-0.3009398801948464,-1.0694525542476185E-5,3.242360099021919E-12,4.831183491579261E-8,6.4719973053590384E-9,1.080296828008941E-11,7.911394626493481E-11,1.2298616051181073E-10,-4.0624895453372747E-7
5.475E-6,5.475E-6,3.7692540354164876,5.5E-8,-2972.3094532800183,-3276.373400071445,0.9673499546952288,0.2195943704632256,75199.92410515873,76541.8711993769,295.030147178639,0.48500925296654135,1.4022287475837323E-5,2.887742892124798E-8,1.483745746373146E-4,-4.976406373202735E-8,-0.20196900920859662,-7.014766850943488E-6,0.9673495032444505,0.2195763659272341,75200.00198854697,76541.9497468112,295.03017353798884,0.4850090403068705,1.4022280877799657E-5,2.8877469446504268E-8,1.483624094102933E-4,-4.975591238576272E-8,-0.2019364973550637,-7.01351979159881E-6,0.9673507149112492,0.2196357458273673,75199.79297387424,76541.73893028559,295.03010279101034,0.4850096110715813,1.4022298586536627E-5,2.8877360679345712E-8,1.4840253096443738E-4,-4.978275029543511E-8,-0.20204335167363752,-7.017746654014445E-6,0.9673501686992578,0.21961581539424427,75199.88720866492,76541.8339649191,295.030134683253,0.4850093537740069,1.402229060354622E-5,2.887740971087108E-8,1.4838906445557046E-4,-4.9773721428891804E-8,-0.20200760330271805,-7.016302689066833E-6,0.9673501489841829,0.2196088330071869,75199.89059824529,76541.83739519701,295.03013583442817,0.4850093444874811,1.402229031540673E-5,2.887741148060751E-8,1.4838434662647762E-4,-4.9770556103112544E-8,-0.20199448513676543,-7.01586949958255E-6,2.1701985631572113E-12,4.830614315945062E-8,6.480145274570426E-9,9.624210994163524E-12,7.911920786064526E-11,1.2277645866687265E-10,-3.907253475393188E-7
5.500000000000001E-6,5.500000000000001E-6,3.7864652410576594,5.5E-8,-3019.028826466011,-3309.775842837885,0.9676858323076819,0.1707061327822544,75141.90218977931,76483.45881170605,295.01053916407335,0.4851674328244122,1.4027196369702562E-5,2.8847298628062955E-8,1.1534198160963135E-4,-3.013505519788851E-8,-0.12274891671086152,-4.035168231553143E-6,0.9676853505753747,0.17068895961880093,75141.98523388425,76483.5425535764,295.01056728348226,0.4851672060201977,1.4027189329153425E-5,2.8847341812848537E-8,1.1533037812081144E-4,-3.012898929455332E-8,-0.12272456913865426,-4.033999928765297E-6,0.9676866651772372,0.17074920554660586,75141.75863294062,76483.31403005845,295.0104905482223,0.4851678249462963,1.4027208542145281E-5,2.8847223965893198E-8,1.1537108482878774E-4,-3.015025242802949E-8,-0.1228094515374778,-4.037780470866892E-6,0.967686082097041,0.1707263331069642,75141.85914528073,76483.41538953687,295.0105245834433,0.48516755042697,1.4027200020390296E-5,2.8847276235816952E-8,1.1535563047767851E-4,-3.01421961523829E-8,-0.12277740483568778,-4.036139614527201E-6,0.9676860532281008,0.1707226718818581,75141.86411825726,76483.42040798569,295.0105262685804,0.4851675368353534,1.4027199598468863E-5,2.8847278823753328E-8,1.1535315667693116E-4,-3.0140889748508926E-8,-0.1227722886499123,-4.03616586197586E-6,1.3124513252888858E-12,4.8301592450608035E-8,6.4866652651846095E-9,8.693379732928978E-12,7.912257435139419E-11,1.2259307691801965E-10,-3.7821599499893876E-7
5.5250000000000005E-6,5.5250000000000005E-6,3.80367644669883,5.5E-8,-3063.758654681408,-3342.52964375965,0.9679376188040176,0.12187762250318167,75098.44026786865,76439.70457887766,294.9958439068737,0.48528595544470615,1.4030876234397443E-5,2.8824738679653517E-8,8.234974493458221E-5,-1.5344332382483115E-8,-0.06317884951431552,-1.7580793638671821E-6,0.9679371069153124,0.12185977107092358,75098.52845973847,76439.79350391917,294.99587378016724,0.48528571453802183,1.403086875315731E-5,2.882478452107154E-8,8.233768315602945E-5,-1.5339786756385366E-8,-0.06316087183040509,-1.7575280395476511E-6,0.9679385245065248,0.12191922203089112,75098.28423768799,76439.54724093156,294.9957910510019,0.48528638168844385,1.403088947121581E-5,2.8824657571090387E-8,8.237785272357507E-5,-1.5354873852402306E-8,-0.0632211992201519,-1.7600352606450542E-6,0.9679379014863527,0.12189562587382168,75098.39157388778,76439.6554714448,294.9958274097944,0.48528608848118204,1.4030880365792371E-5,2.8824713364522124E-8,8.236190937420383E-5,-1.5348881845511642E-8,-0.0631973474228289,-1.759195143336001E-6,0.9679378654614156,0.12189104256130127,75098.3977767461,76439.6617296923,294.9958295121873,0.485286071527147,1.4030879839288863E-5,2.8824716590669026E-8,8.235881254141978E-5,-1.5347708028912165E-8,-0.06319229103155521,-1.758788215511231E-6,6.693925001013655E-13,4.829818123744002E-8,6.491555847241332E-9,8.011455871038097E-12,7.912446822192533E-11,1.2243731807672235E-10,-3.6873907022104163E-7
5.55E-6,5.55E-6,3.8208876523400015,5.5E-8,-3106.4395656275838,-3371.1321043857656,0.9681054161632029,0.07310796686432364,75069.49168406628,76410.56168705801,294.98605232549505,0.485364916010809,1.403332858340711E-5,2.8809716878252603E-8,4.939727490832678E-5,-5.3808885525086225E-9,-0.02308751372106599,-2.1879837674987357E-7,0.9681048736624521,0.07309022350274998,75069.5851166166,76410.6558882958,294.98608398075294,0.48536466076465284,1.4033320654805692E-5,2.8809765428121156E-8,4.938528615050674E-5,-5.37815125767338E-9,-0.023076522364590346,-2.183783180953469E-7,0.9681063927664086,0.07314872521678427,75069.32349323246,76410.39210744364,294.9859953401,0.48536537550104353,1.4033342856377975E-5,2.8809629479654994E-8,4.942481433566505E-5,-5.387216504004755E-9,-0.023112301191076767,-2.1996666532686504E-7,0.9681057320465553,0.07312848006487362,75069.43728727712,76410.50683626896,294.9860338934821,0.4853650646333101,1.4033333200014844E-5,2.8809688609054843E-8,4.941113517896866E-5,-5.384130332686254E-9,-0.023100328283362614,-2.192972061720866E-7,0.9681056846886407,0.07311990339825263,75069.44543905703,76410.51505964062,294.9860366568641,0.4853650423516521,1.403333250788305E-5,2.8809692847223158E-8,4.9405340133954475E-5,-5.382746195436994E-9,-0.023094879980135374,-2.1934971528025926E-7,2.4097429670648966E-13,4.829590794930837E-8,6.4948165349984996E-9,7.578897370845168E-12,7.912531135717632E-11,1.223104069439008E-10,-3.622859001417066E-7
5.575000000000001E-6,5.575000000000001E-6,3.8380988579811732,5.5E-8,-3146.8684604297846,-3396.92298442535,0.9681893264972188,0.024398042457626612,75055.01954722797,76395.99305360227,294.9811563781847,0.48540439396252727,1.4034554924416641E-5,2.8802208758255433E-8,1.6485163822720684E-5,-2.330718018583866E-10,-0.0023992639960397355,5.843418477979867E-7,0.9681887543303874,0.024381311025965642,75055.11807518831,76396.09238412284,294.9811897620751,0.48540412479385797,1.4034546562265395E-5,2.880225994565414E-8,1.6473858801328137E-5,-2.321426961771067E-10,-0.0023956924117101153,5.840661856382212E-7,0.9681903744626533,0.024440191279867032,75054.83908968564,76395.81112285396,294.98109523317333,0.4854048869639305,1.4034570240308445E-5,2.880211500510315E-8,1.6513642756666914E-5,-2.354825312522735E-10,-0.0024090662845992483,5.840005457002917E-7,0.9681896792011179,0.024420362752430366,75054.9588139559,76395.9318228085,294.9811357991674,0.48540455988741427,1.4034560079142762E-5,2.880217720459594E-8,1.650024510299349E-5,-2.343293203921348E-10,-0.0024042612799348717,5.840924188760255E-7,0.9681896177003791,0.02441242625481639,75054.96940345876,76395.94249958055,294.9811393875193,0.4854045309552344,1.4034559180316683E-5,2.8802182706581458E-8,1.649488260460567E-5,-2.3394278514388137E-10,-0.00240287321184951,5.842236987518845E-7,2.686207611012479E-14,4.829477104055178E-8,6.496447722289073E-9,7.39563301054639E-12,7.912552468030668E-11,1.2221348131564775E-10,-3.5883775534647333E-7
5.600000000000001E-6,5.600000000000001E-6,3.855310063622344,5.5E-8,-3185.16656862893,-3422.7102787760227,0.9681894572624251,-0.024246776835903837,75054.99563756642,76395.97036184042,294.98114875465353,0.48540445553176786,1.4034556835537244E-5,2.8802197057266067E-8,1.6382957321556646E-5,1.1471186667222355E-10,-9.987602643377613E-4,6.370198946115124E-7,0.9681888553375019,-0.024264591053213488,75055.09929616147,76396.07485840846,294.9811838747908,0.485404172363564,1.4034548038474988E-5,2.880225090687747E-8,1.639499395487398E-5,1.1402136124161188E-10,-0.0010013306791734067,6.370330254412693E-7,0.9681905777172904,-0.024204657880139153,75054.80267931242,76395.77584685915,294.9810833802319,0.48540498263537374,1.4034573210853533E-5,2.880209681909571E-8,1.635449856766159E-5,1.1651465570139407E-10,-9.908584318054636E-4,6.371380436576146E-7,0.968189845399885,-0.024227865338548687,75054.9287933366,76395.90297972888,294.9811261082589,0.4854046381261996,1.4034562508120698E-5,2.880216233364506E-8,1.6370179282803166E-5,1.1564679880393669E-10,-9.94637432086165E-4,6.373611967092074E-7,0.9681897735881839,-0.024231918271505462,75054.94116132293,76395.91544650044,294.98113029820513,0.4854046043432753,1.4034561458601115E-5,2.880216875807148E-8,1.6372917751017202E-5,1.1536897659425449E-10,-9.961317712168238E-4,6.373611967092074E-7,2.647764780983079E-14,4.829476900066289E-8,6.4964506654304294E-9,7.46103058813706E-12,7.912552787342492E-11,1.2214758644538475E-10,-3.583882167934713E-7
5.625E-6,5.625E-6,3.872521269263515,5.5E-8,-3221.495486108732,-3446.5218150296287,0.9681059216254922,-0.07282511674547183,75069.40038594743,76410.47394677765,294.9860228502854,0.4853651539907166,1.4033335970702018E-5,2.8809671635666545E-8,4.920615996315664E-5,-4.318435742334259E-9,-0.01882370979933512,-5.047274953540182E-8,0.9681052877221891,-0.07284447420338282,75069.50958386659,76410.58401909746,294.98605983882015,0.4853648557390751,1.4033326706260292E-5,2.8809728365330575E-8,4.9219239326610014E-5,-4.321121025441243E-9,-0.018834663886082126,-5.106345213334862E-8,0.9681071140489403,-0.07278361459263963,75069.19497355908,76410.26689235205,294.98595327192226,0.48536571502553355,1.4033353397866774E-5,2.8809564922960992E-8,4.917811796799975E-5,-4.312601333822386E-9,-0.018800326290829616,-4.9593239737077965E-8,0.9681063415798054,-0.07280712702190521,75069.32804107116,76410.40102513769,294.98599834579016,0.485365351579261,1.403334210829776E-5,2.8809634052931566E-8,4.919400474453055E-5,-4.315963479939455E-9,-0.01881393588200808,-5.010518577819312E-8,0.9681062622090849,-0.07281178241446692,75069.34171414662,76410.41480720755,294.98600297710004,0.48536531423532925,1.4033340948301592E-5,2.880964115600756E-8,4.919715028004522E-5,-4.316505197721199E-9,-0.01881579615155715,-5.031523642173852E-8,2.3897081999953246E-13,4.829590032220018E-8,6.494827525950084E-9,7.773906802239248E-12,7.912573910507226E-11,1.2211368402554363E-10,-3.6092903421335016E-7
5.65E-6,5.65E-6,3.889732474904686,5.5E-8,-3255.7099208927125,-3466.336355946029,0.96793883326544,-0.12133784659119062,75098.22366184989,76439.49365464089,294.9957730648197,0.48528652727546606,1.4030893983732165E-5,2.8824629907824422E-8,8.19850314805342E-5,-1.3510569658592432E-8,-0.05580026398774862,-1.4749594043905745E-6,0.967938167578311,-0.12135546853991802,75098.33839156877,76439.6092968346,294.99581191341235,0.48528621398668825,1.4030884254732268E-5,2.8824689522221784E-8,8.199693820264732E-5,-1.3514900558675437E-8,-0.05581786300308522,-1.4753269681477832E-6,0.9679400984334795,-0.12129484576801604,75098.0056057742,76439.27387211096,294.99569923143395,0.4852871226941101,1.4030912474129387E-5,2.8824516608434817E-8,8.19559768702811E-5,-1.3500428224233475E-8,-0.055759075049991225,-1.4735548319322334E-6,0.9679392879835289,-0.12131548421327883,75098.14528350224,76439.41466185369,294.9957465281436,0.4852867412771294,1.4030900629425006E-5,2.8824589186454596E-8,8.196992176572893E-5,-1.3505485156883879E-8,-0.05577938870442267,-1.4740142688651758E-6,0.9679391977047446,-0.12132350249161207,75098.16084799118,76439.43034488984,294.99575179666533,0.48528669878958824,1.4030899310002961E-5,2.882459727118926E-8,8.197533952135951E-5,-1.3507253555644638E-8,-0.055786975535511374,-1.4744212109008004E-6,6.63222346381674E-13,4.829816350153097E-8,6.49158136556445E-9,8.332523648364977E-12,7.912657472503277E-11,1.2211265797299666E-10,-3.6644021462062525E-7
5.675000000000001E-6,5.675000000000001E-6,3.9069436805458575,5.5E-8,-3287.7038506493386,-3484.417356957627,0.9676883090563387,-0.16978045508444445,75141.46432465794,76483.0283434658,295.01039464113137,0.4851685993098268,1.4027232567563802E-5,2.884707658264488E-8,1.147165237057057E-4,-2.7436644955969314E-8,-0.1118897757578452,-3.616001563955251E-6,0.9676876149466799,-0.16979584367877107,75141.5840352249,76483.14900278658,295.0104351569829,0.4851682725154383,1.40272224231063E-5,2.8847138805448015E-8,1.1472692140457505E-4,-2.744188194014896E-8,-0.11191131912437413,-3.6168023029858887E-6,0.9676896486210754,-0.16973697236622262,75141.23327784773,76482.79548335691,295.0103164495894,0.48516922999117496,1.40272521453885E-5,2.8846956499092266E-8,1.1468714349069096E-4,-2.742201402838873E-8,-0.11183049844385096,-3.6140062746881085E-6,0.9676888028072334,-0.16975737721440556,75141.37915325802,76482.94251340364,295.01036582050193,0.48516883177353054,1.4027239783764945E-5,2.8847032320890786E-8,1.1470093055027403E-4,-2.7428790474459675E-8,-0.11185822358152109,-3.6146495006050827E-6,0.9676886992049653,-0.16976490349807496,75141.39702804126,76482.96052282992,295.01037186782986,0.48516878299622523,1.4027238269611122E-5,2.8847041608200477E-8,1.1470601587707768E-4,-2.7431447620074323E-8,-0.11186840610707804,-3.6150695592596094E-6,1.297868681561482E-12,4.8301557064759916E-8,6.486716104127583E-9,9.134589506649225E-12,7.912844898980035E-11,1.2214530391264726E-10,-3.749094880692793E-7
5.7000000000000005E-6,5.7000000000000005E-6,3.924154886187029,5.5E-8,-3317.638544997403,-3502.050616682837,0.9673544741758078,-0.21814769151466565,75199.12927473645,76541.08496935389,295.02988336219863,0.4850113824660455,1.4022353528914806E-5,2.887702319981341E-8,1.4739708886126057E-4,-4.606641837767711E-8,-0.1870463419988937,-6.453725177379965E-6,0.9673537520044372,-0.21816485757218002,75199.25394185704,76541.21061715996,295.02992552789374,0.4850110422804653,1.4022342974245993E-5,2.887708802576394E-8,1.4740868754877027E-4,-4.607364417097415E-8,-0.18707589226642085,-6.454657182075607E-6,0.9673558867925874,-0.2181062628679093,75198.885401908,76540.83919441883,295.0298008833487,0.48501204789186364,1.402237417457109E-5,2.8876896396321522E-8,1.4736909653237116E-4,-4.6048342028370826E-8,-0.18697236257980876,-6.451165432963535E-6,0.9673550041034712,-0.21812870054176953,75199.03778162516,76540.99276952803,295.029852421183,0.4850116320936643,1.402236127390601E-5,2.8876975630778517E-8,1.4738425712281726E-4,-4.605791829703776E-8,-0.18701174890952643,-6.452517496313703E-6,0.9673548893827094,-0.2181340859252368,75199.05759087154,76541.01272927162,295.0298591193998,0.48501157805326134,1.402235959724078E-5,2.8876985928698464E-8,1.473878958954303E-4,-4.606034892162825E-8,-0.18702173274505185,-6.453029456565673E-6,2.141265370720835E-12,4.830607955249306E-8,6.4802365360541246E-9,1.0177301836467592E-11,7.913177377890918E-11,1.2221232245276893E-10,-3.863275263683464E-7
5.725E-6,5.725E-6,3.9413660918281996,5.5E-8,-3345.595273738614,-3517.15626787018,0.9669374581539822,-0.2664397140061142,75271.23415264551,76613.67925326232,295.0542357763575,0.48481487575686527,1.4016258730534116E-5,2.8914488490077898E-8,1.80026833787915E-4,-6.936803529811187E-8,-0.2812546695010951,-9.956691414458874E-6,0.966936703968615,-0.26645976176320474,75271.3645015144,76613.81061524317,295.05427982672006,0.4848145202564972,1.4016247707860318E-5,2.8914556304248857E-8,1.8004037956973292E-4,-6.937849605037627E-8,-0.2812975059571272,-9.958122248576728E-6,0.9669389418882743,-0.26639854269384705,75270.97770914291,76613.42082120325,295.05414911469654,0.48481557514365614,1.4016280415811186E-5,2.8914355077575864E-8,1.7999901533368045E-4,-6.934632409638653E-8,-0.2811658279599669,-9.953580345722912E-6,0.9669380205215943,-0.266421084589117,75271.13694889528,76613.58130180583,295.05420292971417,0.4848151408401091,1.401626694972653E-5,2.8914437923730524E-8,1.8001424634399798E-4,-6.935831052601316E-8,-0.28121499590452004,-9.95533933689785E-6,0.9669378958559559,-0.26642721435379235,75271.15850093684,76613.6030156423,295.0542102111396,0.48481508207633045,1.4016265127696159E-5,2.8914449133274762E-8,1.8001838807688673E-4,-6.936142824542913E-8,-0.28122774727012256,-9.955418107665537E-6,3.19147878848812E-12,4.831172948809015E-8,6.472148369497761E-9,1.1457339616692557E-11,7.913695825846545E-11,1.223143291116704E-10,-4.0066612332068293E-7
5.750000000000001E-6,5.750000000000001E-6,3.9585772974693714,5.5E-8,-3371.4452468251666,-3529.024862469878,0.9664373906611715,-0.31465631258806137,75357.80403791992,76700.83640444526,295.08344943804644,0.484579062893678,1.4008950029615845E-5,2.895949877510068E-8,2.12605616613555E-4,-9.730740615054856E-8,-0.39451130728161843,-1.4090494801166642E-5,0.9664366029733987,-0.314675252155548,75357.9403618065,76700.97378264845,295.08349546461517,0.4845786913080055,1.4008938517149408E-5,2.8959569745380776E-8,2.126184136186135E-4,-9.731945311841628E-8,-0.3945610112775739,-1.409161058063546E-5,0.9664389470146754,-0.3146131114690273,75357.53467084895,76700.56496653578,295.08335849655964,0.4845797970906082,1.400897277653104E-5,2.8959358549063925E-8,2.125764266682617E-4,-9.728056099334026E-8,-0.39440077120320893,-1.4086871786389565E-5,0.9664379877649525,-0.3146345900650848,75357.70068139124,76700.73226571591,295.08341454787404,0.48457934457312846,1.4008958756598003E-5,2.8959444976468804E-8,2.125909392331654E-4,-9.729404553127096E-8,-0.3944566104671594,-1.4088184485672173E-5,0.966437851926556,-0.3146414662414124,75357.72419947982,76700.75595675469,295.083422485205,0.48457928049217186,1.4008956771249228E-5,2.8959457215408795E-8,2.1259558529825164E-4,-9.729835838356848E-8,-0.39447405055375384,-1.4089234625203062E-5,4.446349926040553E-12,4.8318505392205254E-8,6.462458198310008E-9,1.2970808057600611E-11,7.914440859230273E-11,1.2245185839943022E-10,-4.1790017029494464E-7
5.775000000000001E-6,5.775000000000001E-6,3.975788503110542,5.5E-8,-3395.138382763131,-3539.2167826736254,0.965854406034175,-0.3627922863026346,75458.87266394327,76802.5903320731,295.1175226382406,0.4843039144546114,1.4000429343916398E-5,2.9012087596983282E-8,2.4512992317745583E-4,-1.2984464234477855E-7,-0.5268216420392946,-1.880988708080622E-5,0.9658535884891108,-0.36280804350094137,75459.01436951716,76802.7331368138,295.1175704329626,0.4843035284291909,1.4000417394895832E-5,2.9012161431678083E-8,2.451405699330685E-4,-1.298562054330432E-7,-0.5268697556714415,-1.881156732963518E-5,0.9658560370277154,-0.36274871925723845,75458.58993001629,76802.30543931559,295.1174272885346,0.48430468457091835,1.4000453182082221E-5,2.9011940298238358E-8,2.451004859846206E-4,-1.298131840599126E-7,-0.5266916664345445,-1.8805988418080233E-5,0.9658550407055557,-0.3627703020364668,75458.7626281447,76802.47947121286,295.11748553469226,0.4843042141321252,1.400043862010387E-5,2.9012030278223084E-8,2.4511506894355867E-4,-1.2982865939648037E-7,-0.5267560556171702,-1.8807996823966278E-5,0.9658548939679978,-0.3627761072223823,75458.78807127241,76802.50510247753,295.1174941131102,0.48430414484588785,1.4000436475426907E-5,2.901204353044826E-8,2.4511899136647454E-4,-1.2983297025925822E-7,-0.5267738385493885,-1.8808246238677384E-5,5.903472753709454E-12,4.832640580325234E-8,6.451173464895755E-9,1.4713285554720563E-11,7.915452769856291E-11,1.2262535449577684E-10,-4.380245297475452E-7
5.8E-6,5.8E-6,3.9929997087517135,5.5E-8,-3416.774165882999,-3548.16506338049,0.9651886474017036,-0.4108425323351207,75574.48170214352,76918.9829286371,295.15645415740795,0.483989389866281,1.3990698712003123E-5,2.907229539309385E-8,2.775963056318383E-4,-1.6693474307771795E-7,-0.6781950212048287,-2.4066994640747907E-5,0.9651878028031101,-0.41085816286267346,75574.62835735736,76919.13071795482,295.1565035614318,0.4839889906475592,1.3990686367369122E-5,2.9072371877333122E-8,2.776068667991037E-4,-1.6694731471034175E-7,-0.6782478317641107,-2.4068346704098076E-5,0.9651903525591384,-0.4107999163853317,75574.1855836224,76918.68455851336,295.1563544160554,0.4839901958474872,1.3990723634545013E-5,2.9072140980037888E-8,2.775675110711701E-4,-1.6689991539919903E-7,-0.6780503724708069,-2.4062570886940193E-5,0.9651893190479904,-0.410821559187019,75574.36504963605,76918.86540324558,295.1564148702246,0.4839897073358572,1.3990708528769973E-5,2.907223457101724E-8,2.775821345858237E-4,-1.669175544805057E-7,-0.678124042207628,-2.4064592423655995E-5,0.9651891615472721,-0.4108282215663215,75574.39240940612,76918.89296283817,295.1564240830251,0.4839896328892459,1.3990706226743062E-5,2.9072248833757807E-8,2.7758663619346046E-4,-1.669228298339931E-7,-0.6781455549803468,-2.4065563806630053E-5,7.56011964366763E-12,4.833542925065577E-8,6.438302489960741E-9,1.667989513927703E-11,7.91677149118373E-11,1.2283517390678342E-10,-4.6101421673320137E-7
5.825E-6,5.825E-6,4.010210914392884,5.5E-8,-3436.406017765076,-3554.9810203739016,0.9644402639837191,-0.458805075660345,75704.68125617583,77050.06454892638,295.20024341680266,0.4836354361633232,1.397976025372445E-5,2.914016979770237E-8,3.100034295002331E-4,-2.0853110314078548E-7,-0.8486639087871026,-2.980352110171225E-5,0.9644393901573437,-0.45882339159881397,75704.83330020227,77050.21775427516,295.20029456267184,0.48363502264089364,1.3979747481657103E-5,2.91402491694651E-8,3.100158051343338E-4,-2.0854744519738233E-7,-0.8487325203457203,-2.9805293223716944E-5,0.9644420424986627,-0.4587624638886928,75704.37177711385,77049.75272849255,295.20013931888485,0.4836362778121963,1.397978624894793E-5,2.9140008251722665E-8,3.099746377626303E-4,-2.0849241508358318E-7,-0.848501980527999,-2.9799176104461367E-5,0.9644409721887338,-0.4587835857716212,75704.55800502146,77049.94038190413,295.2002019650435,0.48363577130897273,1.3979770605027929E-5,2.914010546989361E-8,3.099889093051495E-4,-2.0851163640145387E-7,-0.8485829609237499,-2.9801381415950345E-5,0.9644408016934731,-0.4587920307920871,75704.58768879647,77049.97027411901,295.2002119442033,0.483635690624665,1.3979768113026105E-5,2.9140120956354533E-8,3.0999461540005883E-4,-2.0851920950804015E-7,-0.848614497134804,-2.9801880231161704E-5,9.413296355891983E-12,4.834557423152654E-8,6.423854496179739E-9,1.8865238678117463E-11,7.91843656153928E-11,1.2308159629963635E-10,-4.868244488365628E-7
5.850000000000001E-6,5.850000000000001E-6,4.027422120034056,5.5E-8,-3453.9876325944533,-3559.2732195872377,0.9636094085308368,-0.5066778396042183,75849.53031414443,77195.89447569224,295.24889062178437,0.483241986803774,1.3967616132710534E-5,2.9215765947578282E-8,3.4234989162447183E-4,-2.5458399221633954E-7,-1.038274285583384,-3.5956798853931105E-5,0.9636085022172457,-0.5066973087789062,75849.68836852383,77196.05372508446,295.24894370625606,0.48324155734433777,1.396760288552354E-5,2.9215848548518598E-8,3.423630464722339E-4,-2.546034930617225E-7,-1.0383571793665851,-3.595861036842507E-5,0.9636112601779689,-0.5066354567602402,75849.20739248651,77195.56912192571,295.2487821675439,0.4832428642108667,1.396764319742104E-5,2.921559719036664E-8,3.423212545677299E-4,-2.5454145259118376E-7,-1.0380955702801202,-3.595175816428764E-5,0.9636101530034935,-0.5066571535143977,75849.40046464844,77195.76366397657,295.2488470167554,0.48324233957467283,1.3967627014339606E-5,2.9215698096929002E-8,3.4233591453675517E-4,-2.5456303859527907E-7,-1.038186796999753,-3.5953871574179175E-5,0.9636099696920756,-0.5066636563655875,75849.43244451101,77195.7958736576,295.2488577535831,0.48324225271170873,1.3967624334957321E-5,2.9215714803778055E-8,3.423403083551267E-4,-2.545699489076014E-7,-1.0382154479386827,-3.5955039862756166E-5,1.145979921548427E-11,4.835683922611436E-8,6.40783957564616E-9,2.1263365676353417E-11,7.920487097818542E-11,1.233648133568441E-10,-5.154365931375475E-7
5.8750000000000005E-6,5.8750000000000005E-6,4.0446333256752265,5.5E-8,-3469.475962005171,-3561.39266190114,0.9626962387783885,-0.5544571045427067,76009.09651810145,77356.54069112035,295.30239667015513,0.482808962375492,1.3954268577537388E-5,2.92991464387393E-8,3.746331787450721E-4,-3.0503843873930236E-7,-1.2470819491418297,-4.24551159596831E-5,0.9626953004056296,-0.5544749150137069,76009.26055567483,77356.70597084526,295.3024516746706,0.48280851708365685,1.3954254861437624E-5,2.9299232279553534E-8,3.7464521284709927E-4,-3.050581426577992E-7,-1.2471654709654558,-4.2457229369574634E-5,0.9626981628577194,-0.5544153198475802,76008.76014672253,77356.20179598445,295.3022838867941,0.48280987541950426,1.3954296701609491E-5,2.929897042807621E-8,3.7460494584295957E-4,-3.0499265847083733E-7,-1.2468874974636037,-4.245050843110221E-5,0.9626970177129098,-0.5544377539897106,76008.9603316028,77356.40349440245,295.3023510115383,0.4828093320083518,1.3954279963144336E-5,2.9299075183288623E-8,3.7462010404710176E-4,-3.0501712700470307E-7,-1.2469917412386167,-4.245306816130778E-5,0.9626968252520108,-0.5544418597718905,76008.99397841125,77356.43739326835,295.30236229298055,0.4828092406787673,1.3954277149962907E-5,2.929909278922249E-8,3.7462287822425034E-4,-3.0502177096991543E-7,-1.2470115796431855,-4.245342258002438E-5,1.3696127636214163E-11,4.836922269791646E-8,6.390268678635529E-9,2.386788752344428E-11,7.922961766497842E-11,1.2368491458399565E-10,-5.468370795426912E-7
5.9E-6,5.9E-6,4.061844531316398,5.5E-8,-3482.895397050449,-3561.83472955876,0.9617009194961591,-0.6021384037695194,76183.45582978796,77532.07954683201,295.36076302486583,0.4823362715859286,1.3939719911586646E-5,2.9390381239967643E-8,4.0685027281724286E-4,-3.598343000987825E-7,-1.475145728419875,-4.922118145600507E-5,0.9616999519033153,-0.6021545340205888,76183.62541684763,77532.25042073806,295.36081978970526,0.48233581170664247,1.3939705768020748E-5,2.939047011289386E-8,4.06861171635533E-4,-3.5985347835776337E-7,-1.4752287253299983,-4.9222717294128415E-5,0.9617029164565352,-0.6020955244890448,76183.10578553025,77531.7268914873,295.36064587145336,0.48233722070432017,1.3939749101694715E-5,2.9390197821169644E-8,4.068213003304357E-4,-3.5978366895506043E-7,-1.474929681926369,-4.921612760711014E-5,0.9617017336428936,-0.6021168870163041,76183.31310058496,77531.93577162453,295.3607152622982,0.4823366585358738,1.3939731812189117E-5,2.9390306461198718E-8,4.0683573447047573E-4,-3.5980914006472633E-7,-1.4750391289630898,-4.921850357675339E-5,0.9617015319405063,-0.6021234559916334,76183.34846571262,77531.97139143782,295.36072709530697,0.48233656267008335,1.393972886385092E-5,2.9390324987396614E-8,4.068401729673199E-4,-3.598164627760525E-7,-1.475069997286937,-4.9219435581449034E-5,1.6118456901787472E-11,4.838272306465385E-8,6.371153642783688E-9,2.6671987071665994E-11,7.925898742910357E-11,1.2404190736775032E-10,-5.809780391400247E-7
5.925000000000001E-6,5.925000000000001E-6,4.07905573695757,5.5E-8,-3494.2976567572596,-3560.535098557233,0.9606236237299839,-0.6497165925454604,76372.69235476536,77722.5955777574,295.423991633188,0.48182381187296924,1.3923972571082985E-5,2.9489547690118167E-8,4.3899769766585163E-4,-4.189061534987104E-7,-1.7225363896586714,-5.616902761573783E-5,0.9606226282320699,-0.6497328677318778,76372.86733342313,77722.7718792449,295.4240500880082,0.4818233379258944,1.392395801921918E-5,2.9489639528071357E-8,4.390086944134309E-4,-4.1892671859500296E-7,-1.7226261377250012,-5.617048468309349E-5,0.9606256956297395,-0.6496723789667758,76372.32812307561,77722.22864865496,295.42386997333375,0.48182479828433605,1.3924002857436724E-5,2.948935655165501E-8,4.3896782362619986E-4,-4.1884981683892874E-7,-1.7222938564000287,-5.6164091915889E-5,0.9606244769095399,-0.6496927267105538,76372.54233955762,77722.44448140688,295.4239415354519,0.48182421806494524,1.3923985042583248E-5,2.9489468981705902E-8,4.3898157210172555E-4,-4.188757331746729E-7,-1.7224069019341641,-5.616616596171298E-5,0.9606242614125858,-0.649702215878251,76372.58024813232,77722.48264532196,295.4239541891091,0.4818241154679671,1.392398189251911E-5,2.9489488861960504E-8,4.3898798370152096E-4,-4.1888772670972687E-7,-1.7224573436294577,-5.616720297041411E-5,1.8722737768867453E-11,4.839733869106335E-8,6.350507190002358E-9,2.966830601078891E-11,7.929335676544013E-11,1.2443573859200732E-10,-6.178144942394145E-7
5.950000000000001E-6,5.950000000000001E-6,4.09626694259874,5.5E-8,-3503.6820514007736,-3556.935634076389,0.9594645332161555,-0.6971867003646762,76576.89829818351,77928.18146447363,295.4920848936099,0.4812714696252836,1.3907029111029286E-5,2.9596730582389676E-8,4.710720948409975E-4,-4.821837666213468E-7,-1.9893299236425719,-6.320611011290111E-5,0.9594635087843675,-0.6972040444217821,76577.07892460501,77928.36344488028,295.49214510595715,0.4812709810100174,1.3907014135772016E-5,2.959682553711918E-8,4.710838137985014E-4,-4.822072246213338E-7,-1.9894331602652073,-6.320755404942702E-5,0.9594666801044375,-0.6971437396745593,76576.51972443663,77927.80009238613,295.4919587077256,0.48127249360879,1.3907060494478609E-5,2.9596531588222788E-8,4.710430673476752E-4,-4.821248232644848E-7,-1.9890743939749882,-6.320045244478933E-5,0.9594654254861683,-0.6971650827648933,76576.7409357422,77928.0229620019,295.492032449463,0.4812718952051773,1.390704215433084E-5,2.9596647878009697E-8,4.7105748835465764E-4,-4.821536353460942E-7,-1.989200730812854,-6.320301216078406E-5,0.9594651954486784,-0.6971725528176578,76576.78151776503,77928.06382564557,295.4920459701104,0.48127178548539,1.3907038791617426E-5,2.959666920014138E-8,4.710625356876066E-4,-4.821644171215667E-7,-1.9892463301184762,-6.320436423834508E-5,2.150468491527735E-11,4.8413067899027035E-8,6.328342898099884E-9,3.284899547116747E-11,7.933309664661125E-11,1.2486627285032792E-10,-6.573270854456458E-7
5.975E-6,5.975E-6,4.113478148239912,5.5E-8,-3511.013508133743,-3551.1068422637804,0.9582238371886436,-0.7445449778093235,76796.17422967603,78148.93828527367,295.5650457165409,0.48067911963617266,1.388889218763494E-5,2.9712022410377823E-8,5.030709309522456E-4,-5.495937521970973E-7,-2.275622567271739,-7.02310896514291E-5,0.9582227821741867,-0.7445631768437544,76796.3608674369,78149.12631186421,295.5651077909885,0.4806786154478905,1.388887676482055E-5,2.9712120696101662E-8,5.030832275971313E-4,-5.496200394361495E-7,-2.2757384327503587,-7.023279613349587E-5,0.9582260564187165,-0.744503884636236,76795.78161835844,78148.54277189822,295.5649151427794,0.4806801801975884,1.388892462962837E-5,2.9711815667041926E-8,5.03043165294754E-4,-5.495338990613163E-7,-2.275359499707747,-7.022744037499251E-5,0.9582247644035503,-0.7445260146021837,76796.01018142198,78148.77303591484,295.56499116163286,0.48067956274943613,1.3888905742200926E-5,2.9711936030847247E-8,5.030581179744485E-4,-5.495659453913504E-7,-2.2755012514760438,-7.02290681147133E-5,0.9582245238650743,-0.744530724024935,76796.05273790142,78148.8159049359,295.5650053142886,0.48067944779688265,1.3888902225869823E-5,2.9711958439429127E-8,5.03061300016848E-4,-5.495730316340541E-7,-2.2755317725082023,-7.022958006075442E-5,2.4459673658082087E-11,4.8429908951482315E-8,6.304675208710114E-9,3.620585487437966E-11,7.937857214543776E-11,1.2533326775907092E-10,-6.99479465540224E-7
6.0E-6,6.0E-6,4.130689353881083,5.5E-8,-3516.3042655542395,-3543.569721139056,0.9569017317568517,-0.7917872155871141,77030.62922691832,78384.9756751016,295.6428775513297,0.48004662482374816,1.3869564549067986E-5,2.983552357760735E-8,5.349913618831852E-4,-6.210578260379407E-7,-2.5815168886085758,-7.713725804592286E-5,0.9569006454909443,-0.7918053437079657,77030.82206947834,78385.16994675278,295.64294153540686,0.4800461046165123,1.3869548668853762E-5,2.9835625322705226E-8,5.350036106134904E-4,-6.210857280564142E-7,-2.5816414389714737,-7.713895141137073E-5,0.9569040222497458,-0.7917455325638296,77030.22258157606,78384.56603718647,295.64274263522145,0.48004772172701815,1.38695980339781E-5,2.9835309040033515E-8,5.349631976782633E-4,-6.209939301982103E-7,-2.5812334753416053,-7.713316247759394E-5,0.9569026931011888,-0.7917665734007386,77030.45853391146,78384.80374552042,295.6428209256484,0.48004708520692846,1.3869578603042759E-5,2.983543353361912E-8,5.349774144599585E-4,-6.210264284334243E-7,-2.5813784945910356,-7.713510524354206E-5,0.9569024434330831,-0.7917724237760007,77030.5028665904,78384.84839682626,295.64283563173456,0.48004696564207483,1.3869574953123479E-5,2.9835456918665665E-8,5.349813674162166E-4,-6.210350940705212E-7,-2.5814169566795044,-7.713599786995928E-5,2.7582767619874783E-11,4.844786002456616E-8,6.279519450387052E-9,3.973028832615636E-11,7.943014197382266E-11,1.2583639547679693E-10,-7.442118207621834E-7
6.025000000000001E-6,6.025000000000001E-6,4.147900559522254,5.5E-8,-3519.5853331761646,-3534.0974482218658,0.9554984222294803,-0.8389069445718151,77280.38050778379,78636.41146314309,295.7255842392583,0.4793738373604992,1.384904906926186E-5,2.99673423458563E-8,5.668290166025779E-4,-6.964893843530718E-7,-2.907113664607323,-8.380785195072349E-5,0.9554973060648658,-0.8389235757686909,77280.5793879639,78636.6118212378,295.7256500618006,0.4793733016505694,1.38490327513542E-5,2.996744749309589E-8,5.668402538977641E-4,-6.965165329120282E-7,-2.9072369467203316,-8.380871832969206E-5,0.9555007858060942,-0.8388636986332828,77279.95931135761,78635.98718957891,295.72544485467205,0.47937497177208094,1.384908362386318E-5,2.996711968883978E-8,5.667997963738397E-4,-6.964192979808104E-7,-2.906800140487803,-8.380451772893593E-5,0.955499421124799,-0.8388839321420587,77280.20246940471,78636.2321564443,295.7255253326162,0.47937431678745895,1.3849063672736121E-5,2.996724824617776E-8,5.668134676635532E-4,-6.964520126473417E-7,-2.9069490197832693,-8.380539723873426E-5,0.9554991596209553,-0.8388918479182013,77280.2490911201,78636.27909755998,295.7255407539071,0.479374191276446,1.3849059849648192E-5,2.996727288080288E-8,5.668188161609468E-4,-6.964647822371717E-7,-2.907004759341362,-8.380614546865672E-5,3.086880286713328E-11,4.846691920203844E-8,6.252891829002493E-9,4.341320729351167E-11,7.948815812110228E-11,1.2637526941912594E-10,-7.914774218438838E-7
6.0500000000000005E-6,6.0500000000000005E-6,4.1651117651634255,5.5E-8,-3520.842251406554,-3522.336952304918,0.9540141257055275,-0.8858969034968216,77545.55301915159,78903.371257562,295.8131698491079,0.47866059994511145,1.3827348785620682E-5,3.010759476524869E-8,5.985789888492038E-4,-7.757942788089167E-7,-3.252512880047334,-9.01182318955307E-5,0.9540129820678142,-0.8859121857199292,77545.75758718839,78903.57735140286,295.813237375632,0.4786600497629621,1.3827332065409868E-5,3.0107703157327505E-8,5.985893146756279E-4,-7.75820284530937E-7,-3.2526329025220093,-9.011903263456134E-5,0.9540165637280777,-0.885853618356178,77545.11684171257,78902.93190648968,295.8130258956886,0.4786617728304012,1.3827384429993677E-5,3.010736369509097E-8,5.985497421325528E-4,-7.757201852598428E-7,-3.25217793124898,-9.011522584501108E-5,0.9540151635178941,-0.88587465389449,77545.36731842981,78903.1842353649,295.81310857140556,0.4786610992180623,1.382736395864355E-5,3.010749640345113E-8,5.985639553341149E-4,-7.757557554555206E-7,-3.252340827201124,-9.011614471887697E-5,0.9540148884928576,-0.8858824774329204,77545.4165441355,78903.23379695717,295.8131248102101,0.4786609669080124,1.3827359937722925E-5,3.010752246976183E-8,5.9856924150873E-4,-7.757694213239575E-7,-3.252400732115575,-9.011739176401079E-5,3.431235527976316E-11,4.848708447647737E-8,6.224809407804683E-9,4.724509727620088E-11,7.955296553851124E-11,1.2694942952897677E-10,-8.412380817968313E-7
6.075E-6,6.075E-6,4.182322970804596,5.5E-8,-3520.067749621431,-3508.7074105797888,0.9524490708097817,-0.932750946477365,77826.27954202428,79185.98853894974,295.905638679577,0.4779067457165405,1.3804466894969884E-5,3.025640488155567E-8,6.302371259982196E-4,-8.588741461323934E-7,-3.6178264274722096,-9.593639424565481E-5,0.9524478999262896,-0.9327672927114947,77826.48986079369,79186.20041415027,295.90570790527806,0.4779061810344889,1.3804449775705936E-5,3.025651657037311E-8,6.302481707510099E-4,-8.589028800543019E-7,-3.617960694072508,-9.593632861992774E-5,0.9524515824899423,-0.9327086353558439,77825.82832694745,79185.53404481329,295.9054901829478,0.4779079570232637,1.3804503617764174E-5,3.0256165297869796E-8,6.302085374025972E-4,-8.587982499363989E-7,-3.6174787597628892,-9.593432019983084E-5,0.9524501457118929,-0.9327301079881927,77826.08641786309,79185.7940327896,295.9055751288086,0.47790726411038353,1.3804482610907996E-5,3.025630234865278E-8,6.30223045937968E-4,-8.588365358264128E-7,-3.6176563247806826,-9.59347140110367E-5,0.9524498579102718,-0.9327371274396148,77826.13813755519,79185.84611106302,295.9055921442707,0.47790712531175983,1.380447840301558E-5,3.025632980148696E-8,6.302277888105505E-4,-8.588493278693932E-7,-3.617713313396507,-9.593517344796965E-5,3.790767713432855E-11,4.850835373329466E-8,6.195290110486281E-9,5.12161162843402E-11,7.962490172330494E-11,1.2755832192159762E-10,-8.934391908187294E-7
6.100000000000001E-6,6.100000000000001E-6,4.199534176445768,5.5E-8,-3517.2960678402656,-3493.36418902088,0.9508034965690645,-0.9794631536663252,78122.70094263766,79484.40491316027,296.00299531185726,0.4771120977554253,1.3780406736928968E-5,3.04139050403752E-8,6.617994281529224E-4,-9.456255089901333E-7,-4.0031787131167675,-1.0112110720683631E-4,0.950802295944336,-0.9794813727189685,78122.91756108258,79484.62311350508,296.00306639341665,0.47711151722480544,1.3780389182047617E-5,3.041402034263011E-8,6.618117383236274E-4,-9.456592229639683E-7,-4.003336591877996,-1.0112126471994998E-4,0.9508060803410638,-0.9794216955881827,78122.23475681103,79483.93534348957,296.00284234304064,0.47711334706767383,1.3780444515435059E-5,3.041365690916466E-8,6.617714159379613E-4,-9.455479047915106E-7,-4.002818528758098,-1.0111982076921322E-4,0.9508046075817713,-0.9794420506701612,78122.50045801395,79484.2029996677,296.0029295358842,0.4771126349567461,1.3780422981551662E-5,3.041379834447817E-8,6.617851693717305E-4,-9.455859944296208E-7,-4.002997660608116,-1.0112001767481615E-4,0.9508043080581249,-0.9794486486612597,78122.55451532325,79484.25743445833,296.0029472687281,0.47711249012970364,1.3780418602080076E-5,3.0413827109137685E-8,6.617896274738241E-4,-9.455984820760932E-7,-4.003054205912122,-1.011209496795118E-4,4.164871134370255E-11,4.853072472799187E-8,6.164352732182305E-9,5.531608076366634E-11,7.970429624315495E-11,1.282013105040398E-10,-9.480176592727524E-7
6.125000000000001E-6,6.125000000000001E-6,4.2167453820869385,5.5E-8,-3512.5305213290817,-3475.7904829640815,0.9490776534603381,-1.026026153984433,78434.9660194122,79798.7699750691,296.10524453313695,0.47627646963417125,1.3755171809023112E-5,3.05802359997468E-8,6.932609148543467E-4,-1.0359363241718712E-6,-4.4086891066126555,-1.0552302656208212E-4,0.9490764221140526,-1.026043672501081,78435.18919456241,79798.99477796763,296.10531753847334,0.4762758726264304,1.3755153804105668E-5,3.0580355094559546E-8,6.932727516899196E-4,-1.0359706294593707E-6,-4.408852291060612,-1.0552218644477307E-4,0.949080308236973,-1.0259851071103934,78434.4848327714,79798.28530375549,296.1050871343494,0.47627775677688405,1.375521062753601E-5,3.0579979233919666E-8,6.932331804799956E-4,-1.0358563905299435E-6,-4.408312553182213,-1.0552302656208212E-4,0.9490788011178684,-1.026004665143447,78434.75797087266,79798.56045190175,296.10517648987775,0.4762770260665713,1.3755188590231411E-5,3.058012499971453E-8,6.932463953671939E-4,-1.0358942016353013E-6,-4.408494527102448,-1.0552208142655672E-4,0.9490784905360194,-1.0260109181339707,78434.8142771157,79798.61715347486,296.1051949038862,0.47627687548343817,1.375518404886039E-5,3.05801550387673E-8,6.93250620360791E-4,-1.0359065582576932E-6,-4.40855092154311,-1.0552202891744855E-4,4.552911491727113E-11,4.855419506986338E-8,6.132016939994939E-9,5.953444049904033E-11,7.979147028631091E-11,1.288776941719373E-10,-1.0049139477211045E-6
6.15E-6,6.15E-6,4.23395658772811,5.5E-8,-3505.737986790089,-3455.9931847274747,0.9472718056669408,-1.0724313791415068,78763.23114328411,80129.24094744031,296.21239118685526,0.47539966656638427,1.3728765799450455E-5,3.075554693561659E-8,7.246157967172344E-4,-1.129685363139288E-6,-4.8344709171879,-1.0898335678177773E-4,0.9472705460312011,-1.0724467359566427,78763.46051944012,80129.47201111741,296.2124659818456,0.47539905410194216,1.3728747379971199E-5,3.075566967602187E-8,7.246261729436775E-4,-1.1297164716950192E-6,-4.834622619811853,-1.0898267417758234E-4,0.9472745316341495,-1.0723897138376342,78762.73468222821,80128.74090757305,296.2122293242109,0.4754009919939003,1.3728805660889974E-5,3.075528131619282E-8,7.245876444848879E-4,-1.1296011906836158E-6,-4.834069496945176,-1.0898511578716352E-4,0.9472729900690807,-1.0724101642152564,78763.0154075034,80129.02368548576,296.21232085943103,0.4754002424514357,1.37287831187987E-5,3.075543152654743E-8,7.246014623076057E-4,-1.129642062522862E-6,-4.834267722203094,-1.0898336989839663E-4,0.9472726683333433,-1.0724168593799448,78763.07401845978,80129.08270327568,296.21233996341357,0.4754000860155727,1.3728778414101673E-5,3.075546287668354E-8,7.246059860675303E-4,-1.129655618257175E-6,-4.834330660907426,-1.0898390810609726E-4,4.954225413157949E-11,4.857876220811471E-8,6.0983032688076496E-9,6.386030436643134E-11,7.988673622056077E-11,1.2958670498381274E-10,-1.0640613683213746E-6
6.175E-6,6.175E-6,4.251167793369281,5.5E-8,-3496.9271261388662,-3434.4834904519994,0.9453862321675229,-1.118670193563762,79107.6601096342,80475.98252390316,296.32444009007696,0.4744814860113534,1.3701192602774585E-5,3.093999556661879E-8,7.558582388944337E-4,-1.22674403144174E-6,-5.280639540301308,-1.1133515054950749E-4,0.9453849461753799,-1.11868543024058,79107.89545322595,80476.21959613847,296.32451656981567,0.4744808588703771,1.3701173796910777E-5,3.0940121853733984E-8,7.558685339463378E-4,-1.2267754186723324E-6,-5.280796267463529,-1.1133286648146168E-4,0.9453890307088711,-1.1186275238126613,79107.1478735401,80475.46661709376,296.32427365760475,0.47448285077726865,1.3701233527585012E-5,3.0939720746182744E-8,7.558294079815279E-4,-1.2266545452632727E-6,-5.280207380892989,-1.1133772341054282E-4,0.9453874533392482,-1.1186486928213235,79107.43656319719,80475.75740248199,296.32436746565634,0.4744820815423796,1.3701210460728551E-5,3.0939875645516935E-8,7.558437113657591E-4,-1.2266986890097087E-6,-5.280424190662416,-1.1133588566281105E-4,0.9453871191206248,-1.1186564998047501,79107.49776219671,80475.81901506093,296.32438734192397,0.4744819185528937,1.3701205573241699E-5,3.093990846631061E-8,7.558489863545609E-4,-1.2267151518585706E-6,-5.280500601568292,-1.1133563624809995E-4,5.368122112513367E-11,4.860442341856104E-8,6.063233114891427E-9,6.828245209887353E-11,7.999039715281362E-11,1.3032750004096752E-10,-1.1253841771976466E-6
6.200000000000001E-6,6.200000000000001E-6,4.268378999010452,5.5E-8,-3486.1386997436643,-3411.219106434838,0.9434212269412854,-1.1647338092619974,79468.4241369757,80839.1668690862,296.44139600174697,0.4735217178641173,1.3672456322684458E-5,3.1133748375317366E-8,7.869823035554037E-4,-1.3269763475420859E-6,-5.747311509166593,-1.1240178608318274E-4,0.9434199135584822,-1.164750396736865,79468.6657582486,80839.4102461607,296.44147423782533,0.4735210753781128,1.3672437115218388E-5,3.113387840383638E-8,7.869935113086926E-4,-1.3270118007824295E-6,-5.747489443712311,-1.1239938388030168E-4,0.9434240982945677,-1.1646918428027413,79467.89584202197,80838.63479482761,296.4412249604489,0.47352312248193373,1.3672498314567938E-5,3.1133464105793416E-8,7.8695394783969E-4,-1.3268849178871279E-6,-5.746863246534986,-1.1240618357533094E-4,0.9434224855539598,-1.1647117993374645,79468.19253160692,80838.93364241868,296.4413210285734,0.47352233355825496,1.3672474729168413E-5,3.1133623769759086E-8,7.869674319847733E-4,-1.3269282125349947E-6,-5.74707971677185,-1.1240328254302767E-4,0.9434221379374365,-1.1647195810937894,79468.25651628875,80838.99805715262,296.4413417353495,0.4735221635090956,1.3672469645477424E-5,3.1133658184558655E-8,7.869726899282361E-4,-1.3269455376985206E-6,-5.747161469813818,-1.1240333505213584E-4,5.793883144127299E-11,4.863117579071651E-8,6.026828727603296E-9,7.278936227691273E-11,8.010274648975873E-11,1.310991567249734E-10,-1.1888135868524005E-6
6.2250000000000005E-6,6.2250000000000005E-6,4.285590204651624,5.5E-8,-3473.37679423892,-3385.80987889047,0.9413770998778075,-1.210612533559835,79845.70172679647,81218.97348487028,296.56326354753526,0.4725201450030296,1.3642561285046132E-5,3.133698077212042E-8,8.179814415944832E-4,-1.4302370156826783E-6,-6.23459757136925,-1.1199758405666671E-4,0.941375757962589,-1.2106291256992183,79845.94993613019,81219.22349037243,296.563343618675,0.4725194864411669,1.3642541659180959E-5,3.133711475440966E-8,8.179926524994718E-4,-1.4302740287064353E-6,-6.234785930921134,-1.1199398728933829E-4,0.9413800417823889,-1.2105725119362654,79845.15753953798,81218.42539670583,296.5630880066237,0.47252158877627914,1.3642604311176579E-5,3.1336687042915574E-8,8.17954399956936E-4,-1.4301471652800047E-6,-6.234147781587353,-1.1200380617992778E-4,0.9413783958668108,-1.210591095453971,79845.4619579849,81218.7320368638,296.5631862171004,0.4725207810265602,1.3642580239227635E-5,3.133685137590981E-8,8.179669563878182E-4,-1.4301883835798891E-6,-6.234360163004567,-1.11999579331723E-4,0.9413780358786381,-1.210597697228226,79845.52856566478,81218.79910398561,296.56320769721424,0.47252060435753157,1.3642574974305574E-5,3.1336887318370566E-8,8.179714170460986E-4,-1.4302036227320515E-6,-6.234433097357851,-1.1199914612802786E-4,6.230755442461754E-11,4.865901620515859E-8,5.989113212899668E-9,7.736929849001794E-11,8.022406741338745E-11,1.3190067623206297E-10,-1.2542796665342723E-6
6.25E-6,6.25E-6,4.302801410292794,5.5E-8,-3458.614189293085,-3358.218921420747,0.9392541782451378,-1.2562958590445328,80239.67841605414,81615.58896433313,296.69004710940027,0.47147654413110696,1.3611512059110077E-5,3.1549877212589194E-8,8.488485534084681E-4,-1.5363708750726347E-6,-6.742599899645711,-1.0992720373792508E-4,0.9392528086752197,-1.2563114059351261,80239.93315397223,81615.84555130437,296.69012897426626,0.4714758697456303,1.3611492027578349E-5,3.155001516529286E-8,8.488590580642744E-4,-1.5364064854850313E-6,-6.742785646232278,-1.0992306877710689E-4,0.9392571888599224,-1.2562560671570158,80239.11839139252,81615.02493358053,296.6898671530523,0.47147802657494,1.3611556092803523E-5,3.154957396498374E-8,8.488216669979836E-4,-1.5362794476914132E-6,-6.7421330762554135,-1.0993565743433464E-4,0.9392555104845235,-1.2562751786351916,80239.43056335897,81615.33937246611,296.68996747627114,0.47147720013532995,1.3611531544639271E-5,3.154974302073723E-8,8.488345801589132E-4,-1.5363227143438963E-6,-6.742359740346046,-1.0993017039595543E-4,0.9392551393770467,-1.2562814798747135,80239.49961053173,81615.40889844317,296.68998965877614,0.4714770173993198,1.3611526116766801E-5,3.15497804010398E-8,8.488388377531848E-4,-1.5363373591981146E-6,-6.742432296278594,-1.0992963220246565E-4,6.677950328683746E-11,4.868794130184034E-8,5.9501105472103615E-9,8.201032034687124E-11,8.035463226180408E-11,1.327310024200837E-10,-1.3216842492154597E-6
6.275000000000001E-6,6.275000000000001E-6,4.320012615933966,5.5E-8,-3441.8400291069565,-3328.6587503349356,0.9370528077959003,-1.3017728110937326,80650.54658976915,82029.20680129447,296.82175073443346,0.47039068646521237,1.3579313473417452E-5,3.177263135783562E-8,8.795762237119814E-4,-1.6452134811117959E-6,-7.271414314351887,-1.0598570872843993E-4,0.9370514116930156,-1.301788082332088,80650.80777278864,82029.4698782253,296.82183433701533,0.4703899966267286,1.3579293052518384E-5,3.177277327538362E-8,8.795865421162757E-4,-1.6452490922347352E-6,-7.271604603551168,-1.059802873442095E-4,0.937055888101664,-1.301731628738046,80649.97024608315,82028.62636280447,296.8215662777141,0.47039220849466273,1.3579358529272507E-5,3.1772318239401174E-8,8.795483977959771E-4,-1.6451161562258676E-6,-7.270910643810112,-1.0599684030410117E-4,0.9370541760024659,-1.3017517119649002,80650.29055884782,82028.94898244081,296.8216688027379,0.47039136252038044,1.3579333486274328E-5,3.177249227671636E-8,8.795619675438515E-4,-1.6451631827862912E-6,-7.271159697883377,-1.0599026374791265E-4,0.9370537933031642,-1.3017588724029203,80650.36218589544,82029.02109643827,296.8216917196833,0.4703911734215632,1.3579327888503886E-5,3.1772531178859314E-8,8.795668056776489E-4,-1.6451802672179384E-6,-7.271244066135068,-1.0598900357194907E-4,7.134654761289532E-11,4.8717947460038674E-8,5.909845573423077E-9,8.670018341817568E-11,8.049470199428276E-11,1.3358903297833963E-10,-1.3909188101230842E-6
6.300000000000001E-6,6.300000000000001E-6,4.337223821575137,5.5E-8,-3423.076283719906,-3297.3470824459837,0.9347733538479023,-1.3470316351898506,81078.50527873766,82460.02719275224,296.9583780429755,0.46926233843846216,1.3545970631325845E-5,3.200544624505545E-8,9.101565102634125E-4,-1.756590091730459E-6,-7.821124754283119,-9.996002395951109E-5,0.934771931293352,-1.3470471020142174,81078.77301941377,82460.29686594066,296.95846338958773,0.4692616330017452,1.3545949822137354E-5,3.2005592230457155E-8,9.101669608204172E-4,-1.7566271070279527E-6,-7.821326540527252,-9.995368370141477E-5,0.9347765049071524,-1.346990570662376,81077.91213876597,82459.4298516365,296.9581889948625,0.4692639010278154,1.3546016725151676E-5,3.20051228799889E-8,9.101287639610648E-4,-1.7564899737010364E-6,-7.820598299267658,-9.997296703545544E-5,0.9347747587619312,-1.3470100711149935,81078.24078668284,82459.760865147,296.9582937551126,0.4692630351281497,1.3545991182467303E-5,3.2005302070693196E-8,9.101419399425632E-4,-1.756537072452602E-6,-7.8208524792351,-9.996543224133347E-5,0.9347743634411568,-1.3470175898770098,81078.31522778788,82459.83580534677,296.95831747231506,0.4692628390902108,1.354598539969846E-5,3.200534263903974E-8,9.101470201871688E-4,-1.756555809464544E-6,-7.820946492880012,-9.996385699651E-5,7.600033915489595E-11,4.8749030791480766E-8,5.868343977611441E-9,9.142636355930723E-11,8.064452577735459E-11,1.3447359786173575E-10,-1.4619009909442593E-6
6.3250000000000004E-6,6.3250000000000004E-6,4.354435027216308,5.5E-8,-3402.357652967404,-3264.287466161541,0.9324162026889461,-1.392059715820735,81523.75988765775,82908.25676608848,297.09993211483646,0.4680912625917032,1.3511488931270638E-5,3.224853443164245E-8,9.405808890680643E-4,-1.8703149288512578E-6,-8.391802878368026,-9.162518144023579E-5,0.9324147537815904,-1.3920748795703914,81524.03428603726,82908.53314256393,297.10001921102696,0.4680905414153383,1.3511467735122664E-5,3.224868459094808E-8,9.405911348448591E-4,-1.8703521483587339E-6,-8.392009879944226,-9.161756786824071E-5,0.9324194228896702,-1.3920204254231194,81523.14997224206,82907.6425228031,297.09973854395827,0.46809286540449013,1.3511536039766724E-5,3.224820070530805E-8,9.405543415021078E-4,-1.8702169914774913E-6,-8.39127438747164,-9.164059236610456E-5,0.9324176442101998,-1.3920387289141416,81523.48681805027,82907.98180001545,297.09984546303457,0.4680919800923609,1.3511510019366116E-5,3.22483850385967E-8,9.405667087257713E-4,-1.8702619311739E-6,-8.391525392264384,-9.163167923986748E-5,0.9324172363443292,-1.3920457938536321,81523.56409402394,82908.05959907026,297.09986998033924,0.4680917770815239,1.351150405267343E-5,3.2248427307987E-8,9.405714823335353E-4,-1.870280024292015E-6,-8.39161741109774,-9.163011714008462E-5,8.073217200570377E-11,4.878118711879982E-8,5.825632284116959E-9,9.617624482972136E-11,8.080434044036647E-11,1.3538343975538653E-10,-1.5345464008479755E-6
6.35E-6,6.35E-6,4.371646232857479,5.5E-8,-3379.684120330416,-3229.070026725781,0.9299817628653021,-1.4368438010602196,81986.5219232815,83374.10831116806,297.24641537974054,0.46687721844041,1.3475874085319782E-5,3.250211815603825E-8,9.708404061217699E-4,-1.9861914587693264E-6,-8.983502930533405,-8.07489408884976E-5,0.929980288262776,-1.4368584943270883,81986.80298136022,83374.3913946738,297.2465041976128,0.4668764816569989,1.3475852511712202E-5,3.250227254179265E-8,9.708503340047894E-4,-1.98622811410587E-6,-8.983713284199894,-8.07399752389415E-5,0.9299850502221794,-1.4368050785653423,81985.89528742344,83373.47723265592,297.2462173772118,0.4668788609605627,1.3475922179732415E-5,3.2501773984523844E-8,9.7081424227388E-4,-1.986093406856071E-6,-8.982961346232969,-8.076786980382167E-5,0.9299832403201872,-1.436823044141621,81986.24024860766,83373.82468168157,297.24632639048104,0.4668779566496405,1.3475895700656869E-5,3.250196347249079E-8,9.70826381176771E-4,-1.98613810979964E-6,-8.983217645047262,-8.075693513376336E-5,0.9299828203861834,-1.4368299941348113,81986.32032127582,83373.90529691745,297.2463516836534,0.46687774682969635,1.347588955697355E-5,3.250200743780368E-8,9.708310771181157E-4,-1.9861561506218095E-6,-8.983311775135235,-8.07547692005528E-5,8.553293929284965E-11,4.8814411934222116E-8,5.781737874764012E-9,1.0093716395598428E-10,8.097436972591628E-11,1.363172379961358E-10,-1.608728054435475E-6
6.375000000000001E-6,6.375000000000001E-6,4.3888574384986505,5.5E-8,-3355.0133916882373,-3191.513164795063,0.9274704667755677,-1.4813694359285696,82467.00864916254,83857.80043495234,297.3978294865431,0.46561996353030305,1.3439132142192384E-5,3.276642947060135E-8,0.0010009252945463309,-2.1040106005898454E-6,-9.596260169975949,-6.708836362179227E-5,0.9274689670534358,-1.4813839291056636,82467.29639038333,83858.09024694654,297.39792000313554,0.46561921122925304,1.3439110199420945E-5,3.276658814737723E-8,0.0010009350872335564,-2.104047332238679E-6,-9.596475886846747,-6.707855786913797E-5,0.9274738214287489,-1.4813299649618878,82466.36492736377,83857.15217377059,297.39762701528986,0.4656216463111374,1.343918122487325E-5,3.276607453797042E-8,0.0010008986249742486,-2.1039085909535515E-6,-9.595685044979973,-6.711071866050133E-5,0.9274719805058148,-1.481348046532927,82466.71813424677,83857.50791770371,297.3977381249485,0.46562072285908973,1.3439154289918821E-5,3.276626931259355E-8,0.0010009108422519776,-2.103954484766746E-6,-9.595954663313023,-6.709830065432243E-5,0.9274715483844823,-1.4813552574618376,82466.80108069233,83857.59142176356,297.39776420567824,0.46562050609486466,1.3439147967454857E-5,3.2766315032477594E-8,0.0010009157145012416,-2.10397362749859E-6,-9.596055862247795,-6.709553088768416E-5,9.039327047961289E-11,4.884870036744897E-8,5.7366889930961575E-9,1.0569626742027034E-10,8.115482360854337E-11,1.3727364094121153E-10,-1.6843091862057055E-6
6.4000000000000006E-6,6.4000000000000006E-6,4.406068644139822,5.5E-8,-3328.3382058116295,-3152.1938251318243,0.9248827728302906,-1.525620844787854,82965.44259550837,84359.55708304982,297.55417513501106,0.46431925481938074,1.3401269518554426E-5,3.3041710315343E-8,0.0010308248951269284,-2.2235498228440066E-6,-10.230076527143638,-5.0392700543966384E-5,0.9248812482146651,-1.5256352783379654,82965.7371141589,84359.85371509113,297.55426734851915,0.4643184869120671,1.3401247209797925E-5,3.304187338871623E-8,0.0010308346475256522,-2.2235869946030106E-6,-10.230300917343357,-5.0380952004047685E-5,0.9248861950080236,-1.5255818269321775,82964.78142950442,84358.8912627226,297.55396815181103,0.4643209784730306,1.3401319593158723E-5,3.304134428179133E-8,0.0010307985317109308,-2.2234467692783256E-6,-10.229483456842217,-5.04182191392033E-5,0.9248843230508226,-1.5255998117285392,82965.14304642256,84359.25547105169,297.554081373306,0.4643200356239342,1.3401292201970728E-5,3.3041544504201734E-8,0.0010308106836003643,-2.223493242325958E-6,-10.229762405075007,-5.040391086907903E-5,0.9248838787064032,-1.5256068125617808,82965.2289199832,84359.34192280336,297.5541082484427,0.4643198118193472,1.3401285700154313E-5,3.304159203105947E-8,0.0010308154138930952,-2.223512323951127E-6,-10.22986554979866,-5.0400944203943254E-5,9.530359087162664E-11,4.888404717100185E-8,5.690514723518364E-9,1.1044049567111975E-10,8.134589778798057E-11,1.3825125643277954E-10,-1.7611766596282796E-6
6.425E-6,6.425E-6,4.423279849780993,5.5E-8,-3299.7148432352624,-3111.410671135185,0.9222191665700178,-1.5695822583829802,83482.0512782679,84879.60723527313,297.71545196684,0.4629748495847915,1.336229301507659E-5,3.3328212700210394E-8,0.001060528552961473,-2.344576121231512E-6,-10.884942978443178,-3.0401029164295323E-5,0.9222176171401592,-1.5695966595681572,83482.35269738558,84879.91081113661,297.7155458844973,0.4629740659043305,1.3362270341359889E-5,3.332838029661251E-8,0.001060538283491998,-2.3446137592486592E-6,-10.885176140129488,-3.0387679153420777E-5,0.9222226545581284,-1.569544797631437,83481.37267560165,84878.9238475921,297.71524054548945,0.46297661375671617,1.3362344056850306E-5,3.3327835420651414E-8,0.0010605032416428628,-2.3444759359847468E-6,-10.88434799990955,-3.0429488184324782E-5,0.9222207518733423,-1.5695625200047985,83481.74281310923,84879.29663255221,297.715355875144,0.46297565140972685,1.336231621374975E-5,3.332804122452782E-8,0.0010605152162194585,-2.344522345794076E-6,-10.884635308920451,-3.0413473425028315E-5,0.9222202957549718,-1.569569198172532,83481.83157697681,84879.3859979457,297.71538352227014,0.46297542071102676,1.3362309539102265E-5,3.332809056086308E-8,0.001060519728494954,-2.3445407602196155E-6,-10.884737316341898,-3.0409876664805324E-5,1.0025402778508095E-10,4.892044669933923E-8,5.643244977037635E-9,1.1515674169666803E-10,8.154777312590663E-11,1.3924862438827736E-10,-1.8392114038888568E-6
6.450000000000001E-6,6.450000000000001E-6,4.440491055422164,5.5E-8,-3269.1656617646136,-3068.5111446831215,0.9194801608671487,-1.6132376993524353,84017.0670431639,85418.18475787749,297.8816585092113,0.46158650590713307,1.3322209819082E-5,3.362619898936957E-8,0.0010900254725354293,-2.466846275694934E-6,-11.560831532039174,-6.843750213647581E-6,0.9194785870032847,-1.6132516973221416,84017.37542540648,85418.49534602508,297.88175412016693,0.461585706434745,1.33221867858289E-5,3.3626371207966105E-8,0.0010900349306230685,-2.4668833027874372E-6,-11.561068062571394,-6.829166281363541E-6,0.9194837130217993,-1.6132006177529212,84016.37096266099,85417.48377671068,297.88144271945004,0.46158831028283803,1.332226180430927E-5,3.3625810302236826E-8,0.0010900004174006224,-2.46674621450893E-6,-11.560219737443731,-6.8770530390338536E-6,0.9194817802990675,-1.6132178044416225,84016.74965631649,85417.8651791138,297.88156013047046,0.461587328526851,1.3322233519215416E-5,3.362602178561653E-8,0.0010900120300281234,-2.4667916878229334E-6,-11.560510305914477,-6.8589773647431684E-6,0.919481312381361,-1.6132248284038078,84016.8413796248,85417.95751775891,297.8815885558811,0.46158709083927957,1.3322226671312898E-5,3.3626072986667714E-8,0.0010900167759485188,-2.4668112757808557E-6,-11.56062111407391,-6.854579865489541E-6,1.052343521283987E-10,4.895789287129214E-8,5.594910496552125E-9,1.198319418631256E-10,8.176061490075686E-11,1.4026421847788016E-10,-1.9182688286585833E-6
6.475000000000001E-6,6.475000000000001E-6,4.457702261063336,5.5E-8,-3236.6423155167126,-3023.200567214574,0.9166662983910259,-1.6565685508697834,84570.72641730048,85975.52778785907,298.0527919781463,0.46015398434350907,1.3281027540311308E-5,3.3935941942586355E-8,0.0011193030749120157,-2.590099374941701E-6,-12.257659164560891,2.055426201508226E-5,0.9166647013060192,-1.6565815428724955,84571.04166035361,85975.84529401394,298.05288922090944,0.4601531694825362,1.3281004165127479E-5,3.3936118795051116E-8,0.0011193118532922266,-2.590133790221216E-6,-12.257890152498021,2.0570368668870742E-5,0.916669914830355,-1.656530934173095,84570.01246481908,85974.80883258792,298.05257178256727,0.46015582951059375,1.3281080471073905E-5,3.393554148211577E-8,0.0011192776582250642,-2.589996423836283E-6,-12.257014370500201,2.0516469810161198E-5,0.916667953186961,-1.6565473557098152,84570.39967063669,85975.19881068771,298.0526912220795,0.46015482865070845,1.3281051760160135E-5,3.3935758700631894E-8,0.0011192887538579832,-2.5900400403600087E-6,-12.257305467497872,2.053651451916494E-5,0.9166674728583156,-1.6565547582094897,84570.49453192328,85975.2943008413,298.05272046790833,0.46015458357792005,1.3281044729996017E-5,3.393581188917643E-8,0.0011192937555469524,-2.5900612085649755E-6,-12.257426702587964,2.0541673364959934E-5,1.1023401673478773E-10,4.89963791289065E-8,5.5455428639496E-9,1.2445304872995214E-10,8.198457200877684E-11,1.4129646900029418E-10,-1.998194001745398E-6
6.5000000000000004E-6,6.5000000000000004E-6,4.474913466704506,5.5E-8,-3202.1297970790333,-2976.1386048385484,0.9137781556642558,-1.6995540659009187,85143.14263246728,86551.87773922084,298.2288480729351,0.4586770502001141,1.3238754269950424E-5,3.425772460726184E-8,0.0011483473418249452,-2.7110751780412557E-6,-12.848798819636158,3.64085070003739E-6,0.9137765366577723,-1.6995665362463765,85143.46462335627,86552.20205054937,298.2289468803334,0.45867622040107175,1.3238730571710652E-5,3.425790609699821E-8,0.0011483557677340382,-2.7111078637176436E-6,-12.849023113223211,3.6558940763598002E-6,0.9137818362478468,-1.6995171241210165,85142.41050876315,86551.14046898787,298.22862344920816,0.45867893662752957,1.3238808144561874E-5,3.425731202031691E-8,0.001148322381162849,-2.710973248696291E-6,-12.8481602899044,3.6069702886720734E-6,0.9137798466727721,-1.6995331534157954,85142.80620499287,86551.5390070524,298.22874487189495,0.45867791690403725,1.3238779022120235E-5,3.425753504729371E-8,0.0011483332117674292,-2.7110156322862623E-6,-12.848445618543792,3.625439774168626E-6,0.9137793539147142,-1.699540203397484,85142.90425431007,86551.6377129893,298.228774944493,0.45867766434725177,1.3238771809364764E-5,3.425759028474657E-8,0.0011483379752685703,-2.711036130165212E-6,-12.848563505581069,3.6300998047522626E-6,1.1524226879940443E-10,4.903589850738577E-8,5.495174489730025E-9,1.290069532296897E-10,8.221977718111641E-11,1.4234377616344223E-10,-2.076863828208928E-6
6.525E-6,6.525E-6,4.492124672345677,5.5E-8,-3165.676845022889,-2927.5316419179867,0.9108163451822612,-1.7421731751749892,85734.88845933584,87147.4787471725,298.40982036137586,0.45715547647026583,1.3195398611556606E-5,3.459184017973245E-8,0.0011771440372803981,-2.8372978617596802E-6,-13.664466113502385,6.914585336659229E-5,0.9108147041139545,-1.7421863284807748,85735.2174013821,87147.81003967149,298.4099207538627,0.4571546314461324,1.3195374588054497E-5,3.459202647454612E-8,0.0011771529246491722,-2.8373326892960903E-6,-13.66471230052639,6.916476916529746E-5,0.9108200879097197,-1.7421378994495778,85734.1381679013,87146.72318577529,298.40959140056566,0.45715740368179514,1.3195453401118277E-5,3.4591415308377106E-8,0.0011771202023307958,-2.837200005529894E-6,-13.663814046027255,6.910178652930199E-5,0.9108180707069846,-1.7421539712591931,85734.54250087833,87147.13040703928,298.40971480275374,0.45715636498311246,1.3195423871409934E-5,3.4591644298670834E-8,0.0011771310616616169,-2.8372428499778835E-6,-13.664117525587926,6.912533609693128E-5,0.9108175661731072,-1.7421606011997643,85734.64367261679,87147.2322595048,298.4097456674336,0.45715610518668953,1.3195416485568775E-5,3.459170157308208E-8,0.0011771355413511921,-2.837262160397813E-6,-13.664235111395783,6.913112503781349E-5,1.202480096514434E-10,4.907644313910171E-8,5.443838607557855E-9,1.334806467905414E-10,8.246634384481272E-11,1.4340450820383765E-10,-2.1589972692491104E-6
6.550000000000001E-6,6.550000000000001E-6,4.509335877986849,5.5E-8,-3127.2989201244745,-2876.805946164537,0.9077815144495479,-1.7844062464621264,86345.85034585495,87762.57743899028,298.59570112095315,0.4555890414341936,1.315096966631557E-5,3.4938592749535744E-8,0.0012056798962581936,-2.959962285871143E-6,-14.346088350665468,8.028263569315186E-5,0.9077798505303236,-1.784419660574999,86346.18653947556,87762.9160256113,298.5958031590564,0.4555881805570959,1.315094530583969E-5,3.493878409893213E-8,0.0012056889598479723,-2.959998426064203E-6,-14.346346233740178,8.030222095811723E-5,0.9077853172061695,-1.784371782200594,86345.08194899959,87761.80363180279,298.5954679216362,0.4555910088944101,1.315102534026371E-5,3.49381554405502E-8,0.001205656609594996,-2.9598671680730606E-6,-14.345440334338264,8.023904142362426E-5,0.9077832726365727,-1.7843875193513168,86345.49503637775,87762.21967212405,298.59559330240796,0.45558995108307476,1.3150995406910242E-5,3.4938390560792566E-8,0.0012056672428049438,-2.9599091531906653E-6,-14.345744683682142,8.026209217604219E-5,0.9077827565788951,-1.7843942740159964,86345.59934538114,87762.32468246052,298.59562494888377,0.45558968408540934,1.3150987851609757E-5,3.4938449906485666E-8,0.001205671806767565,-2.9599288824044834E-6,-14.345865506847304,8.02685505831846E-5,1.252399966301359E-10,4.91180051278007E-8,5.391569262418634E-9,1.3786109991066164E-10,8.272436729480457E-11,1.4447699081323017E-10,-2.239184215221296E-6
6.5750000000000006E-6,6.5750000000000006E-6,4.52654708362802,5.5E-8,-3086.9666043770703,-2823.933013104882,0.9046743474207429,-1.826230637299299,86976.5429030514,88397.42255586685,298.7864802182543,0.4539775329589801,1.3105477054274123E-5,3.529829699845286E-8,0.0012339396197968235,-3.0851412748234E-6,-15.16116600100031,1.396970413196641E-4,0.9046726616894833,-1.8262425891421359,86976.88627243771,88397.76838283778,298.78658385069735,0.4539766565414433,1.3105452371867805E-5,3.529849344930168E-8,0.001233947695366308,-3.0851730751635387E-6,-15.161413011536297,1.3971877938701027E-4,0.9046782095419137,-1.8261961227900978,86975.75611382238,88396.63024999788,298.7862427904744,0.4539795408835508,1.3105533603284941E-5,3.529784692183138E-8,0.0012339162991824985,-3.085045525352825E-6,-15.16048627457576,1.3964462580418058E-4,0.9046761387048693,-1.8262109146854852,86976.17792259746,88397.05507715668,298.78637009740703,0.4539784642543547,1.3105503282179684E-5,3.529808824814185E-8,0.001233926293706409,-3.085084606198052E-6,-15.160790323880292,1.396722315689658E-4,0.9046756108370411,-1.826217885932421,86976.28549665304,88397.16336798848,298.78640254847676,0.4539781898136211,1.3105495553161661E-5,3.5298149763967246E-8,0.0012339310040083925,-3.0851052852653995E-6,-15.160920456735084,1.3967951697679837E-4,1.3020666454010192E-10,4.9160575469317715E-8,5.338401299925911E-9,1.4213547486275196E-10,8.299392397853061E-11,1.45559499346459E-10,-2.3212368822852177E-6
6.6E-6,6.6E-6,4.543758289269191,5.5E-8,-3044.684714845295,-2769.3643019615856,0.901495570089269,-1.8676201037209106,87627.01299014928,89052.2633185986,298.9821455065145,0.4523207497327721,1.3058930995558777E-5,3.567127815974928E-8,0.0012619054754871017,-3.207691945590341E-6,-15.908982860342121,1.7115667238343235E-4,0.9014938650339605,-1.8676305961185982,87627.36317498055,89052.61603122437,298.98225059225956,0.45231985884704157,1.305890602748313E-5,3.56714795899897E-8,0.0012619125649449988,-3.2077183685430556E-6,-15.909210501457665,1.7117967063029482E-4,0.9014994912629548,-1.8675859874172616,87626.2074979393,89051.45218040181,298.9819038384435,0.45232279852849194,1.3058988415486195E-5,3.56708149291432E-8,0.0012618824239305822,-3.2075972872291915E-6,-15.90829211872665,1.7110234034234395E-4,0.9014973955126698,-1.8676001377318974,87626.63793932187,89051.88570896006,298.98203300298945,0.4523217035117868,1.3058957726250085E-5,3.567106251101052E-8,0.0012618919849539847,-3.2076338221997957E-6,-15.908591728186593,1.711303924238905E-4,0.9014968556719646,-1.8676070820591357,87626.74887205522,89051.99738086351,298.9820662740792,0.4523214214462141,1.305894982106219E-5,3.567112628563392E-8,0.0012618966770669836,-3.207654598611498E-6,-15.908724956868355,1.7113833417070623E-4,1.351361553021713E-10,4.920414487467816E-8,5.284370370928265E-9,1.4629115123480175E-10,8.327506997904571E-11,1.466502724032006E-10,-2.4019177156026388E-6
6.625000000000001E-6,6.625000000000001E-6,4.5609694949103625,5.5E-8,-3000.4786215514573,-2712.950684947774,0.8982459539893511,-1.9085479398755336,88297.65679263532,89727.3484213352,299.1826819281299,0.45061850574091183,1.3011342361701497E-5,3.605787156054494E-8,0.00128955941883482,-3.3308675111243247E-6,-16.73868393227349,2.3205308653118095E-4,0.8982442305718009,-1.9085587626961922,88298.0137790536,89727.70797413925,299.182788419218,0.4506176006722328,1.3011317121871473E-5,3.605807802587954E-8,0.0012895667315514813,-3.330894335675794E-6,-16.738923385061526,2.320788282901276E-4,0.8982499329097059,-1.9085149465490412,88296.83246468556,89726.51831504646,299.1824360691771,0.45062059530227777,1.3011400633861758E-5,3.60573948917459E-8,0.0012895371260466494,-3.3307765365009344E-6,-16.73798436613106,2.3199161347875474E-4,0.8982478127853877,-1.908529113573094,88297.27163715706,89726.96062743608,299.1825670725785,0.4506194819055153,1.3011369584177755E-5,3.6057648878420664E-8,0.0012895466983601986,-3.3308128344344823E-6,-16.73829612176155,2.320238661575047E-4,0.8982472611681943,-1.9085358552177931,88297.38595569316,89727.07570901609,299.1826011570722,0.4506191922182133,1.3011361505622952E-5,3.605771496151208E-8,0.001289551253525536,-3.3308330324643976E-6,-16.738431142372974,2.3203294993834334E-4,1.4001641235753367E-10,4.924870306980425E-8,5.229512925628092E-9,1.5031563394268388E-10,8.356784051055795E-11,1.4774753683131934E-10,-2.483289555751452E-6
6.650000000000001E-6,6.650000000000001E-6,4.578180700551534,5.5E-8,-2954.3416424319817,-2654.437378062782,0.8949263163133424,-1.9489877989010023,88988.60777742117,90422.92544896764,299.3880718819815,0.4488706299257146,1.2962722676972313E-5,3.6458422993397425E-8,0.0013168836479060825,-3.451593460113145E-6,-17.537811980377,2.799704433549266E-4,0.8949245735693059,-1.9489994387859966,88988.97193256383,90423.29220048207,299.38817984942966,0.44886970994703085,1.2962697151089982E-5,3.6458634785698516E-8,0.0013168915126932409,-3.4516229904113517E-6,-17.5380745731959,2.7999779971565886E-4,0.8949303508825845,-1.948956126570442,88987.764653995,90422.07640159706,299.38782193100803,0.4488727597307637,1.2962781771094645E-5,3.6457932686021155E-8,0.0013168622476827311,-3.4515075590491054E-6,-17.537117274001503,2.7990547856049375E-4,0.8949282067716016,-1.9489698436582936,88988.21266282952,90422.52761425356,299.3879547637983,0.4488716278811134,1.2962750366415601E-5,3.645819325134332E-8,0.0013168715159853335,-3.4515421833702933E-6,-17.537430826538866,2.799390045424843E-4,0.8949276437827224,-1.9489763166223801,88988.33035018097,90422.64609129043,299.3879896421413,0.44887133068428436,1.2962742120347092E-5,3.645826166962157E-8,0.0013168758896097163,-3.4515614832741903E-6,-17.537564716861425,2.799484427526977E-4,1.4483519185364572E-10,4.929423924995614E-8,5.173866198593433E-9,1.5419661510675811E-10,8.387224896345232E-11,1.4884950677833872E-10,-2.563431786084322E-6
6.6750000000000005E-6,6.6750000000000005E-6,4.595391906192704,5.5E-8,-2906.2742293006145,-2594.1613735551823,0.8915375211384546,-1.9889115774720711,89700.19299876825,91139.24017802547,299.5982947223939,0.4470769688451672,1.291308413632526E-5,3.687328858916065E-8,0.0013438591739676157,-3.57152839839614E-6,-18.38930929304297,3.4702637053030116E-4,0.8915357589838601,-1.9889225148300869,89700.56447737021,91139.61430919873,299.5984041831977,0.44707603368569465,1.2913058322973775E-5,3.687350590409623E-8,0.001343866564074383,-3.5715556734317033E-6,-18.389570153972272,3.47056496654119E-4,0.8915416092707471,-1.988881011026896,89699.33109533935,91138.37221498738,299.59804077838726,0.4470791383723527,1.2913144022322236E-5,3.687278443297018E-8,0.0013438385209641188,-3.5714470566006186E-6,-18.388609894748015,3.469550129615584E-4,0.8915394426879524,-1.9888934146467498,89699.78780760634,91138.83220763593,299.5981753609615,0.44707798859397446,1.2913112284610122E-5,3.687305161884925E-8,0.0013438469017883444,-3.571476799493212E-6,-18.388911568700905,3.4699159749962405E-4,0.8915388684660576,-1.988899988772619,89699.9089125279,91138.95412219991,299.59821102996676,0.44707768385943436,1.2913103872981309E-5,3.6873122433155E-8,0.0013438513437652832,-3.571496300338595E-6,-18.38905130206558,3.470024008969119E-4,1.4958006966916533E-10,4.93407416664665E-8,5.117468195075226E-9,1.579220345589021E-10,8.418828621093232E-11,1.499543616655998E-10,-2.643388248736652E-6
6.7E-6,6.7E-6,4.6126031118338755,5.5E-8,-2856.303618301879,-2532.1700277677446,0.8880804834030761,-2.0282882770381336,90432.59003221783,91876.53510950619,299.8133266795295,0.44523738912493344,1.2862439663391604E-5,3.7302834581428356E-8,0.001370465052052793,-3.6887431501497757E-6,-19.229910701245217,4.096727647713294E-4,0.8880787038996594,-2.028297503642365,90432.96853966646,91876.91634585003,299.8134375170778,0.4452364396543316,1.2862413592583369E-5,3.7303057354176684E-8,0.0013704712862448413,-3.6887638674443226E-6,-19.2301475133836,4.097037047614549E-4,0.8880846236363802,-2.0282583066196715,90431.7092398317,91875.64812411788,299.81306880353696,0.4452395981786161,1.286250032032319E-5,3.730231627973346E-8,0.0013704448017700483,-3.6886650211442887E-6,-19.229203668208356,4.095966815356178E-4,0.8880824362748218,-2.0282700342225626,90432.17450002057,91876.11673413085,299.8132050443652,0.4452384310985599,1.2862468274149594E-5,3.730259010680992E-8,0.0013704527258260558,-3.6886913338207704E-6,-19.22949925163084,4.096349856901327E-4,0.8880818504348964,-2.028276960025114,90432.29918172944,91876.24224172808,299.8132415334483,0.44523811851766204,1.2862459691238811E-5,3.730266344630724E-8,0.0013704574054223743,-3.6887120511153173E-6,-19.229649714041898,4.096468129866082E-4,1.5423844181758129E-10,4.938819785935226E-8,5.0603576794298696E-9,1.6148014256672153E-10,8.451591971353644E-11,1.5106024879168335E-10,-2.721969606458991E-6
6.725000000000001E-6,6.725000000000001E-6,4.629814317475047,5.5E-8,-2804.425019332451,-2468.0241669379975,0.8845561732638058,-2.067084719087872,91186.08069312954,92635.04791810682,300.03314030062455,0.4433517815571387,1.2810802974314254E-5,3.774743675988278E-8,0.001396678864248562,-3.8039730897310166E-6,-20.105403626419957,4.85910912182419E-4,0.8845543785719077,-2.067093125623797,91186.46594079104,92635.4359551543,300.0332523909667,0.44335081871159376,1.2810776677510416E-5,3.7747664909154106E-8,0.0013966845443404033,-3.80398980183827E-6,-20.105629819877777,4.859441887532512E-4,0.8845603646764956,-2.067055215902429,91185.18078095307,92634.14168531488,300.0328785205924,0.4433540302286379,1.281086438917067E-5,3.7746903935459024E-8,0.0013966589296638035,-3.8038976741461284E-6,-20.104681556731293,4.8582829177235E-4,0.8845581568383294,-2.0670672748172674,91185.6547426103,92634.61904511554,300.03301641409655,0.4433528457382315,1.2810832038727378E-5,3.774718460089336E-8,0.0013966670775792348,-3.8039243295884263E-6,-20.104993158527577,4.8587069150940465E-4,0.8845575594442673,-2.0670737877862657,91185.78305101275,92634.74820860745,300.0330537249463,0.4433525252380485,1.2810823285384755E-5,3.774726054353468E-8,0.0013966714782339632,-3.803943780837926E-6,-20.105141850529662,4.858834114287447E-4,1.587974867596912E-10,4.9436594393321044E-8,5.002574169908958E-9,1.6485956683464427E-10,8.485509261946252E-11,1.5216530976714858E-10,-2.7996507100123538E-6
6.750000000000001E-6,6.750000000000001E-6,4.647025523116218,5.5E-8,-2750.6198798137707,-2401.9500053601655,0.8809656191697399,-2.105266338171281,91960.85887553325,93415.01000823281,300.2577042996777,0.44142006367352327,1.2758188622710057E-5,3.820748016330958E-8,0.0014224772555211358,-3.915924896915613E-6,-20.979903261108348,5.627063994992909E-4,0.8809638096805864,-2.105275116725363,91961.25095954404,93415.4049178308,300.2578176284631,0.4414190874510722,1.2758162105451374E-5,3.8207713831070014E-8,0.0014224831869765965,-3.915942037906462E-6,-20.98014366655866,5.627424589640384E-4,0.8809698602691952,-2.1052380919262643,91959.93975808496,93414.08442325593,300.2574386796973,0.4414223517468307,1.2758250774129078E-5,3.820693249744388E-8,0.0014224581702204488,-3.91585519608384E-6,-20.979184735069566,5.626188565202028E-4,0.8809676322171628,-2.10524954157219,91960.42254681056,93414.57067636677,300.25757822269355,0.4414211497161551,1.2758218123022637E-5,3.8207220211122376E-8,0.001422465906467696,-3.9158792945670485E-6,-20.979495518537078,5.626629627446533E-4,0.8809670242813323,-2.105255277345,91960.55433046515,93414.70335328266,300.2576162975886,0.44142082173372676,1.2758209213994279E-5,3.820729871587912E-8,0.0014224697819898648,-3.915895705119965E-6,-20.979632335490578,5.626761683590331E-4,1.6324421338273713E-10,4.9485916957319314E-8,4.9441579347923715E-9,1.6804932522805043E-10,8.520572277153425E-11,1.5326768759597223E-10,-2.875616545859016E-6
6.775E-6,6.775E-6,4.664236728757389,5.5E-8,-2694.924365452752,-2334.4508797212297,0.8773099100805636,-2.142797384579154,92757.17176689481,94216.64521652662,300.48698320234,0.439442182715105,1.2704612032267552E-5,3.8683358700550594E-8,0.0014478360706615906,-4.0248087142913396E-6,-21.87835805821419,6.501706968524701E-4,0.8773080854826862,-2.142806174057121,92757.57090703299,94217.04722607811,300.4870977991838,0.4394411927343289,1.2704585289790474E-5,3.8683598126137766E-8,0.0014478420094980547,-4.024825454393976E-6,-21.878606811762438,6.50209132277979E-4,0.8773141982294158,-2.1427709554711782,92756.23360072738,94215.70042653664,300.48671387923224,0.43944450934820045,1.270467488212082E-5,3.8682796012714816E-8,0.0014478182131562015,-4.024747332067591E-6,-21.877653653592006,6.500771549013962E-4,0.8773119520665359,-2.142780560094125,92756.72493260675,94216.19531344643,300.4868549527931,0.43944329064511284,1.2704641960921908E-5,3.8683090751188217E-8,0.0014478247027663006,-4.0247638655444005E-6,-21.87793719150477,6.501235320719445E-4,0.8773113338829345,-2.142786714236068,92756.86022553784,94216.3315151389,300.4868937785118,0.43944295523420773,1.2704632900427314E-5,3.868317186899756E-8,0.0014478288609703163,-4.024781162712543E-6,-21.878084875316517,6.501385360646594E-4,1.6756560361527462E-10,4.9536150196714795E-8,4.885149974275018E-9,1.7103875927278656E-10,8.556770188858028E-11,1.543655147865226E-10,-2.9499899460486814E-6
6.800000000000001E-6,6.800000000000001E-6,4.681447934398561,5.5E-8,-2637.371915601161,-2265.06862589163,0.8735901980090457,-2.179640347275493,93575.21187603462,95040.16831402542,300.7209371537581,0.4374181183509767,1.2650089534081874E-5,3.9175474746411525E-8,0.001472729964375333,-4.129683968585596E-6,-22.780067691249997,7.411124418421622E-4,0.8735883592936525,-2.179647975221748,93575.61799166916,95040.5773661481,300.7210529663707,0.4374171149367592,1.2650062580708735E-5,3.917572000520459E-8,0.0014727351183930729,-4.129695812764567E-6,-22.780301109725542,7.411521505726881E-4,0.8735945306126682,-2.179615129380228,93574.25479881784,95039.2044645237,300.7206642632464,0.4374204827089527,1.2650153044872278E-5,3.917489684567428E-8,0.0014727129252569107,-4.129629332965123E-6,-22.779370713081107,7.410137672927419E-4,0.8735922685935394,-2.1796239288267314,93574.75438889801,95039.70768214727,300.7208067375107,0.43741924829983303,1.265011988637709E-5,3.9175198561737436E-8,0.0014727188708288726,-4.129641189933864E-6,-22.779642805146295,7.410622972674474E-4,0.8735916391391833,-2.1796308759239467,93574.89350413186,95039.84771300397,300.72084638367494,0.43741890479669854,1.2650110659328378E-5,3.917528252121357E-8,0.0014727235648134775,-4.129661353857728E-6,-22.779812341522756,7.410790996384975E-4,1.7174861379562752E-10,4.9587277758260094E-8,4.82559199396329E-9,1.738176023493568E-10,8.59408948290893E-11,1.5545691495266413E-10,-3.022215452363052E-6
6.825000000000001E-6,6.825000000000001E-6,4.698659140039732,5.5E-8,-2577.9283226592124,-2193.376824323371,0.8698077018493381,-2.215755028535345,94415.19469399663,95885.78315192081,300.95952149749115,0.435347886638703,1.259463842298629E-5,3.9684238417775724E-8,0.0014971317760373952,-4.230451713596039E-6,-23.698187546471672,8.412199853786717E-4,0.8698058510202796,-2.2157614705760467,94415.60749355135,95886.19895794304,300.9596384088974,0.43534687067878186,1.2594611287884332E-5,3.9684489449306695E-8,0.001497136128767599,-4.230457943918964E-6,-23.698400520957648,8.412612430763744E-4,0.869812077253126,-2.2157305131969074,94414.21863501194,95884.80018569155,300.95924511751303,0.43535028838474277,1.2594702571002894E-5,3.968364498123958E-8,0.001497115211619532,-4.230401927429739E-6,-23.697484009928075,8.411141041850811E-4,0.8698097997373295,-2.215739714148907,94414.72662219363,95885.31184521323,300.959388980918,0.43534903821481874,1.2594669180229936E-5,3.968395387945942E-8,0.0014971214284789911,-4.230413966155311E-6,-23.697773277121314,8.411669397663246E-4,0.8698091589824991,-2.215745920569393,94414.86961805914,95885.45579525217,300.95942945511354,0.43534868649026826,1.2594659786090685E-5,3.968404078533458E-8,0.0014971256220063466,-4.230431634795196E-6,-23.697933663572485,8.411841359432515E-4,1.757800654075804E-10,4.963928216443031E-8,4.765526392350155E-9,1.763761513537072E-10,8.632513868975949E-11,1.5654001441535226E-10,-3.092242784252602E-6
6.8500000000000005E-6,6.8500000000000005E-6,4.715870345680902,5.5E-8,-2516.5844391809765,-2120.074235011628,0.8659637120012099,-2.2510985290218346,95277.29711097038,96753.68048484401,301.2026864030246,0.433231544275838,1.2538277025612835E-5,4.021006668192922E-8,0.0015210125196093477,-4.3263563048867585E-6,-24.620309611354514,9.465293592834101E-4,0.8659618504037938,-2.251104590995109,95277.71646378534,96754.1028945049,301.2028043366489,0.43323051631201104,1.2538249728298619E-5,4.0210323510792546E-8,0.0015210166155372358,-4.326359787540923E-6,-24.6205206353452,9.46573321112254E-4,0.8659681285077824,-2.2510752716157274,95276.30204082633,96752.67835744428,301.2024066153067,0.4332339830387698,1.253834178652794E-5,4.020945738212277E-8,0.0015209968051457618,-4.326313446227914E-6,-24.619614137537383,9.464187918046818E-4,0.865965835842447,-2.251083697639636,95276.8185152062,96753.19857368492,301.2025518568712,0.43323271704934274,1.253830816830599E-5,4.020977367590925E-8,0.0015210024984051594,-4.32632184100612E-6,-24.619896808137355,9.464731369739354E-4,0.8659651853217472,-2.251088832524977,95276.9651190619,96753.34618001357,301.20259306753303,0.43323235783546676,1.2538298629473422E-5,4.0209863421740186E-8,0.0015210059679222818,-4.326334908029139E-6,-24.620036259431117,9.464905300538007E-4,1.7964669122409722E-10,4.969214479451869E-8,4.704996257414532E-9,1.7870529160468164E-10,8.672024176809302E-11,1.5761294625984806E-10,-3.159585637482683E-6
6.875E-6,6.875E-6,4.733081551322074,5.5E-8,-2453.404171226205,-2045.4736292373223,0.8620595943120247,-2.285626065301999,96161.69966796652,97644.03583111605,301.4503764487355,0.4310691928766352,1.2481024758615356E-5,4.075338239237465E-8,0.0015443419360148642,-4.417117329893472E-6,-25.552841477989205,0.0010602311500882422,0.8620577226561098,-2.285631697531479,96162.12556067511,97644.46483275089,301.45049536750906,0.4310681531105021,1.2480997309287922E-5,4.075364513052945E-8,0.0015443457415753239,-4.417118201445192E-6,-25.553048836329026,0.0010602765952523185,0.8620640493299154,-2.2856045687915922,96160.68576214583,97643.01470731925,301.45009339306796,0.43107166777661376,1.248109009499886E-5,4.0752757017260136E-8,0.0015443274113456705,-4.417083779770792E-6,-25.552165911674138,0.0010601147280322465,0.8620617438357684,-2.2856110561386376,96161.21035934561,97643.54314312493,301.4502398760391,0.4310703870076536,1.2481056283093704E-5,4.075308065037026E-8,0.0015443317946882687,-4.417083543870604E-6,-25.55241224313295,0.001060170110223524,0.862061084038227,-2.2856166803478812,96161.36057381597,97643.69437357553,301.45028179700915,0.43107002046844567,1.2481046606637347E-5,4.0753173269965454E-8,0.0015443355948296495,-4.417097537725567E-6,-25.552565314307685,0.0010601898530104847,1.833353095286819E-10,4.974584578685455E-8,4.64404534847651E-9,1.8079639407190175E-10,8.712598270229319E-11,1.5867385508432663E-10,-3.2240596678453123E-6
6.900000000000001E-6,6.900000000000001E-6,4.750292756963246,5.5E-8,-2388.40838904531,-1968.793667903951,0.8580967932774815,-2.3192910334137813,97068.55131336999,98557.00735861229,301.70253030481126,0.4288609828340392,1.2422902176127147E-5,4.131461332331872E-8,0.0015670885360903927,-4.5020848844501415E-6,-26.48786505959356,0.0011801228032015665,0.8580949127138813,-2.3192957565519836,97068.98361910695,98557.44283529911,301.70265014300355,0.42885993172072895,1.242287459145113E-5,4.1314882022184976E-8,0.0015670917273999888,-4.50208117754869E-6,-26.488058004029426,0.001180170059871255,0.8581012839887068,-2.3192710582429648,97067.5187970679,98555.96746722318,301.7022441373285,0.4288634928425332,1.2422968047229519E-5,4.1313971690033586E-8,0.0015670750393533546,-4.502060214832682E-6,-26.48720736209657,0.0011800011697857826,0.85809896802155,-2.319276719962643,97068.05118285128,98556.50376317278,301.70239172099514,0.42886219837544326,1.2422934075928688E-5,4.1314302593947476E-8,0.0015670788648396237,-4.5020547550223E-6,-26.487439884087507,0.001180059387376975,0.8580982980368035,-2.319282943497443,97068.20530185038,98556.65890791999,301.70243441506983,0.42886182389689653,1.2422924248390755E-5,4.131439832168094E-8,0.0015670830699307048,-4.5020708843424015E-6,-26.487612576063384,0.0011800812698403718,1.8683285950064248E-10,4.9800364016008035E-8,4.582718065816243E-9,1.8264135378163755E-10,8.754210977728955E-11,1.5972090459143548E-10,-3.2852822675502854E-6
6.925000000000001E-6,6.925000000000001E-6,4.767503962604416,5.5E-8,-2321.555973800438,-1889.9799626809645,0.8540768357101763,-2.35204438958155,97997.99179574475,99492.73354260433,301.9590803353645,0.4266071177289153,1.2363931024241671E-5,4.189419097635187E-8,0.001589219182149696,-4.58087688812725E-6,-27.427857864034877,0.0013079605996084709,0.8540749475577118,-2.352048478191361,97998.43035608296,99493.17533123489,301.95920101556476,0.4266060558296821,1.2363903323347623E-5,4.189446566180305E-8,0.0015892219447238927,-4.580869287167389E-6,-27.428039939580003,0.0013080095758950527,0.8540813595819992,-2.3520258298291736,97996.94084148448,99491.67506002559,301.9587911960388,0.4266096619513562,1.236399739349887E-5,4.1893532859864875E-8,0.0015892066417764687,-4.580860742180448E-6,-27.427215259883724,0.0013078332297582485,0.8540790338296953,-2.3520315365832687,97997.48105379353,99492.21923185728,301.9589398446625,0.42660835395382657,1.2363963272628314E-5,4.189387120012665E-8,0.0015892104976913978,-4.580853848636935E-6,-27.427456451213402,0.0013078949915992233,0.8540783538004895,-2.3520370011261873,97997.63909609309,99492.37834295354,301.9589833079295,0.42660797150437474,1.2363953295989689E-5,4.189397012855537E-8,0.0015892141899501266,-4.580866982877296E-6,-27.427615910241457,0.0013079167165406247,1.9012633226701708E-10,4.985567701024996E-8,4.5210594287944106E-9,1.8423274737254722E-10,8.796834013522974E-11,1.6075227506074924E-10,-3.343020365375522E-6
6.95E-6,6.95E-6,4.7847151682455875,5.5E-8,-2252.8655319406525,-1809.8391992126383,0.8500013349543001,-2.383834621377172,98950.00269838644,100451.33034874688,302.2199522150421,0.42430785818390104,1.230413430355872E-5,4.249254925453339E-8,0.0016106990684980893,-4.653761134534307E-6,-28.239528905204224,0.0013850653555713688,0.8499994402268378,-2.383838175310862,98950.44741289882,100451.77834973013,302.2200736783728,0.4243067859018341,1.230410650110534E-5,4.249282999470991E-8,0.0016107014698046366,-4.653750281988778E-6,-28.239698656066366,0.0013851136886424698,0.850005889284415,-2.383817783370301,98948.93355806248,100450.25350501054,302.21966025668075,0.42431043560442877,1.230420113192058E-5,4.249187445288816E-8,0.0016106876914664197,-4.6537546803904205E-6,-28.238924710465426,0.0013849396003240422,0.8500035547221063,-2.3838223344172547,98949.48150495205,100450.80549705602,302.2198099155547,0.424309114415521,1.2304166875517874E-5,4.2492220356274933E-8,0.001610690766498145,-4.653742287530349E-6,-28.23913804562426,0.001384998920570757,0.8500028657351397,-2.383827266564988,98949.6433036056,100450.9684037067,302.21985408334245,0.4243087244975718,1.2304156765607034E-5,4.249232244167507E-8,0.0016106940990303974,-4.653752560273006E-6,-28.239286838942007,0.0013850210918247008,1.932028413431137E-10,4.991176087029781E-8,4.459115059254821E-9,1.8556386112060826E-10,8.84043593810656E-11,1.6176616172179923E-10,-3.3972160142811037E-6
6.975000000000001E-6,6.975000000000001E-6,4.801926373886759,5.5E-8,-2182.398038968761,-1728.2045976807613,0.8458719959746642,-2.4146067921413357,99925.01099552501,101432.88917577335,302.48506433147895,0.4219635317530434,1.2243536345278604E-5,4.3110122288452557E-8,0.0016314910757711726,-4.718094359645875E-6,-29.2594137652884,0.0015634780269748738,0.8458700962178498,-2.414609092683556,99925.46162326464,101433.3431556798,302.4851864840607,0.4219624498065138,1.2243508463730167E-5,4.311040907023049E-8,0.0016314926301915918,-4.718077491219219E-6,-29.259562047410327,0.0015635287360064032,0.845876577787662,-2.4145916961254144,99923.92395788958,101431.79428225775,302.48476972665924,0.4219661411712056,1.2243603589686503E-5,4.3109430641199035E-8,0.0016314808757604152,-4.718098292926243E-6,-29.25882736728954,0.0015633432273259862,0.8458742370053686,-2.4145943730469166,99924.47918927332,101432.3536466297,302.48492023630223,0.4219648080615062,1.2243569235488564E-5,4.310978399192479E-8,0.0016314826844911598,-4.718076887826328E-6,-29.259007405628154,0.0015634060524424287,0.845873539137109,-2.4145997526672294,99924.64483083742,101432.52041258395,302.4849651081229,0.4219644106124399,1.2243558993311701E-5,4.310988933883376E-8,0.0016314863193697495,-4.718088029420642E-6,-29.259168882828817,0.0015634301270899265,1.9604960122849557E-10,4.9968590317186877E-8,4.3969311669127135E-9,1.866287518956686E-10,8.884981947675733E-11,1.6276079122131045E-10,-3.4464014214332977E-6
7.000000000000001E-6,7.000000000000001E-6,4.81913757952793,5.5E-8,-2110.150101393316,-1644.459354282926,0.8416906201560931,-2.444303766254387,100922.70766449491,102437.47197004194,302.7543275291478,0.4195745299056217,1.2182162881987908E-5,4.374734336365962E-8,0.0016515565988205318,-4.775671996526398E-6,-30.117353179320617,0.001678264423972342,0.8416887175033867,-2.444304824985531,100923.16381176992,102437.93154182124,302.7544502379255,0.41957343936802993,1.2182134952443378E-5,4.374763607748033E-8,0.0016515573141794126,-4.775648775705577E-6,-30.117470569881334,0.0016783141878703445,0.8416952265940206,-2.4442902487510416,100921.60304650801,102436.35932950633,302.7540304453231,0.4195771701550606,1.2182230501103733E-5,4.374663469593971E-8,0.0016515474653723255,-4.7756856281466754E-6,-30.116800653713426,0.0016781293617863513,0.8416928818167337,-2.444292195905333,100922.16519656761,102436.92568679605,302.75418166775023,0.4195758262150344,1.2182196081502202E-5,4.3746995421296833E-8,0.001651548781017117,-4.775659191835757E-6,-30.116958311144117,0.0016781906641877842,0.8416921749211601,-2.444297322225079,100922.33478619263,102437.09643035421,302.75422725745153,0.41957542104558126,1.2182185704795598E-5,4.374710417241428E-8,0.0016515522447466749,-4.775669214183153E-6,-30.117120294567485,0.001678216287804013,1.9865421093719116E-10,5.002613838230277E-8,4.334554519048757E-9,1.874220722393288E-10,8.930433909710927E-11,1.6373443597849701E-10,-3.491643570052007E-6
7.0250000000000005E-6,7.0250000000000005E-6,4.836348785169101,5.5E-8,-2036.1090317156004,-1559.074320204822,0.8374591094770819,-2.4728658085644892,101943.39520083286,103465.11021352846,303.0276444266356,0.41714132324381925,1.2120041111309563E-5,4.4404641894728685E-8,0.0016708552760570873,-4.8243223052679695E-6,-31.085000700274577,0.001852300064532103,0.8374572052573893,-2.4728665591540437,101943.85668725532,103465.57516957472,303.0277676089214,0.4171402247499918,1.2120013153067334E-5,4.440494054511533E-8,0.0016708557832121917,-4.824296140242268E-6,-31.085113049394977,0.001852352165009924,0.8374637375421399,-2.472854188727741,101942.27335200435,103463.98018299909,303.02734504272365,0.41714399304275523,1.2120109061737898E-5,4.440391605766279E-8,0.0016708474248160411,-4.82434696991163E-6,-31.084476751253533,0.0018521580188606002,0.8374613896679164,-2.472855843508629,101942.8423716376,103464.55346025112,303.0274969240888,0.417142638625147,1.2120074589653365E-5,4.44042842817162E-8,0.0016708485429112359,-4.824317706493275E-6,-31.084635603079732,0.0018522242963391333,0.83746067476173,-2.4728600278895994,101943.0157259696,103464.72801811484,303.02754317031383,0.41714222621484803,1.212006409321865E-5,4.4404396403425076E-8,0.0016708513701956752,-4.824323412151443E-6,-31.08477685129037,0.0018522492242321609,2.0100454410526728E-10,5.0084376634747017E-8,4.272032404738333E-9,1.8793926541690222E-10,8.976750313411043E-11,1.646854053876314E-10,-3.531681286191968E-6
7.05E-6,7.05E-6,4.853559990810272,5.5E-8,-1960.3272335456386,-1472.4727361618638,0.8331794708502805,-2.5002307028489272,102986.86111820822,104515.79986808976,303.3049091691738,0.41466445901094484,1.2057199760460308E-5,4.5082441915157204E-8,0.0016893450694925184,-4.864784396119149E-6,-31.954357464769828,0.0019935724856812997,0.8331775657416336,-2.500230994081745,102987.32788175916,104516.27015021928,303.3050327834291,0.41466335283599726,1.2057171783266375E-5,4.508274660481084E-8,0.0016893452662714494,-4.864755276372535E-6,-31.95446074792767,0.0019936253737702636,0.833184116904285,-2.500221415296,102985.72259747666,104514.65298558383,303.30460770824897,0.41466715666802345,1.205726798939476E-5,4.5081698868987296E-8,0.001689338794118919,-4.864821798236108E-6,-31.953886552195172,0.001993430755054232,0.8331817675380051,-2.500221512642104,102986.29819521327,104515.23292760433,303.30476014799774,0.41466579255025915,1.2057233488128056E-5,4.508207460246551E-8,0.0016893388598933135,-4.864785225038304E-6,-31.95400867302851,0.0019934950503780746,0.8331810452944607,-2.5002258361918193,102986.47525331531,104515.41121386667,303.3048070108169,0.4146653731896652,1.2057222881727741E-5,4.508219011156248E-8,0.0016893417812106886,-4.864790317498091E-6,-31.954153582715435,0.0019935217766498814,2.030887691402424E-10,5.014327487684228E-8,4.209412612068093E-9,1.8817666382698285E-10,9.023886174231236E-11,1.656120382799498E-10,-3.566874548027217E-6
7.075000000000001E-6,7.075000000000001E-6,4.870771196451444,5.5E-8,-1882.835166589631,-1384.0350140942205,0.8288538208152127,-2.5263332905115434,104053.21318919625,105589.49913854657,303.586006794997,0.41214457324620807,1.199366915768542E-5,4.5781158806344974E-8,0.0017069819530483401,-4.895697643263475E-6,-32.875226647296586,0.002170306980873171,0.8288519165524104,-2.5263320288323463,104053.684876258,105589.97441828731,303.5861307301937,0.4121434602946018,1.1993641186808673E-5,4.578146946506181E-8,0.001706981100562396,-4.895661423063302E-6,-32.875293475308126,0.0021703588975751087,0.8288584810494262,-2.52632610584154,104052.0585932727,105588.33601446015,303.5857034943572,0.4121472969233869,1.1993737609799876E-5,4.578039855367144E-8,0.001706977098541581,-4.895747258899519E-6,-32.87479910312163,0.0021701612334292797,0.8288561331711811,-2.5263242750618082,104052.64014965379,105588.92200839095,303.58585630094547,0.4121459247088567,1.1993703122859295E-5,4.578078157535656E-8,0.0017069758615282488,-4.8957013635231305E-6,-32.87487352597259,0.0021702251874549106,0.8288554029689622,-2.5263292025637893,104052.82115850366,105589.1042555326,303.5859038241804,0.41214549793990995,1.1993692397242326E-5,4.5780900698014665E-8,0.0017069791909214793,-4.895708088241691E-6,-32.8750384862974,0.002170254355321255,2.0489547396082733E-10,5.0202801244168095E-8,4.146743401937005E-9,1.8813142646966052E-10,9.071792997362721E-11,1.6651272049826938E-10,-3.596418045720915E-6
7.100000000000001E-6,7.100000000000001E-6,4.887982402092614,5.5E-8,-1803.61086261893,-1293.6957625242408,0.8244843911434727,-2.5511048283035693,105142.24913109097,106686.12349655521,303.870812807643,0.40958239303817773,1.1929481316318945E-5,4.650119665521217E-8,0.0017237194785834928,-4.917256136849347E-6,-33.72984891640499,0.00233104408277085,0.8244824903037732,-2.5511021038726795,105142.72518508736,106686.60321668143,303.87093689622634,0.4095812747336344,1.1929453389417005E-5,4.650151306112887E-8,0.0017237176377518106,-4.917212689434791E-6,-33.72987596486678,0.002331094634280051,0.8244890622618506,-2.5510993680726415,105141.07896827957,106684.94464498483,303.87050787439136,0.40958514114786476,1.1929549943801261E-5,4.6500419131741824E-8,0.0017237157892382713,-4.9173163579041554E-6,-33.72946214397234,0.002330897626476869,0.8244867181684897,-2.5510967844165733,105141.66604488365,106685.53622349004,303.8706608984575,0.4095837620767325,1.1929515504679317E-5,4.6500809311826043E-8,0.0017237140435247117,-4.9172654186691036E-6,-33.72951457628005,0.0023309612785846756,0.8244859801349659,-2.551100976850529,105141.85101917695,106685.72248097122,303.8707090774319,0.40958332787567736,1.1929504661583555E-5,4.650093216028054E-8,0.0017237168762503573,-4.917269079243169E-6,-33.72966531755105,0.0023309905908466266,2.0641373768904904E-10,5.0262922017294176E-8,4.084073474057242E-9,1.878015587978523E-10,9.120418732300962E-11,1.6738590362448644E-10,-3.6203857124957353E-6
7.125E-6,7.125E-6,4.905193607733786,5.5E-8,-1722.6898142044274,-1202.2763857061805,0.8200735345313468,-2.574473531350268,106253.92012772468,107805.54225060453,304.1591925364891,0.4069787469635355,1.186467002129308E-5,4.724294443252899E-8,0.0017395091428042352,-4.928558833086072E-6,-34.599825663549154,0.0025134812240119597,0.8200716388588596,-2.574470241698859,106254.40020645036,107806.02604242026,304.1593166634064,0.40697762427091494,1.186464216380153E-5,4.7243266483989736E-8,0.0017395069200667967,-4.928511645374556E-6,-34.599836930624406,0.002513532248087813,0.8200782131687586,-2.5744702454777686,106252.73496532271,107804.34823377233,304.1588861852006,0.4069815178293533,1.1864738775300143E-5,4.7242149601443E-8,0.0017395069226201138,-4.928631070981737E-6,-34.59948822559045,0.0025133329430853113,0.8200758740808323,-2.57446701992998,106253.32735594903,107804.94518215288,304.1590393460202,0.4069801325374176,1.1864704401690226E-5,4.7242546975542366E-8,0.0017395047431959325,-4.928576196761014E-6,-34.5995259384415,0.002513397894751801,0.820075129787694,-2.574470096480496,106253.51596414552,107805.13513015222,304.1590880811931,0.40697969173767223,1.186469346407476E-5,4.724267342016672E-8,0.001739506821946281,-4.928574659714968E-6,-34.59964840981365,0.0025134258286940714,2.076331733806183E-10,5.032360164760017E-8,4.0214519324036526E-9,1.8718596592562394E-10,9.169707751574776E-11,1.6823010060454033E-10,-3.638228539134228E-6
7.150000000000001E-6,7.150000000000001E-6,4.922404813374957,5.5E-8,-1640.1500460307414,-1109.6336417730233,0.8156237291140105,-2.5963654123096065,107387.97762536092,108947.57388664185,304.4510007232865,0.40433456911831367,1.1799270898085302E-5,4.800677261640854E-8,0.0017543009542632477,-4.9295484204492365E-6,-35.41754614456727,0.002688660384078556,0.8156218397482885,-2.5963613814189723,107388.4614959069,108948.06151975543,304.4511248117777,0.40433344266846066,1.1799243126567835E-5,4.8007100302203707E-8,0.0017542982306884948,-4.929497353174384E-6,-35.41753771216486,0.0026887111456170842,0.8156284109411337,-2.59636498561143,107386.77832665184,108946.36554858148,304.45069323495136,0.40433736043855273,1.1799339715582659E-5,4.800596062692871E-8,0.001754300665953669,-4.929635171464497E-6,-35.41728286867078,0.0026885150173132644,0.8156260790192708,-2.5963598992563655,107387.37552853092,108946.96739581542,304.45084638888665,0.40433597014368683,1.179930543900395E-5,4.8006365059904195E-8,0.001754297229227274,-4.929572051821651E-6,-35.41727094734392,0.002688576227826811,0.8156253292648357,-2.5963631511423317,107387.5676704853,108947.16090057157,304.4508956302593,0.4043355231363198,1.179929441847206E-5,4.800649509332075E-8,0.0017542994264475214,-4.929569908682652E-6,-35.41739788287259,0.002688606550856232,2.0854402338324031E-10,5.038480262866436E-8,3.958928248377764E-9,1.8628446983303102E-10,9.219600834122014E-11,1.6904387862848503E-10,-3.6498685799560834E-6
7.175000000000001E-6,7.175000000000001E-6,4.939616019016128,5.5E-8,-1555.9911309849801,-1014.9698086281992,0.8111375828044293,-2.6167036665728354,108544.22981487408,110111.98228986212,304.74608100637374,0.4016509076169526,1.1733321479937754E-5,4.879302899727285E-8,0.0017680430179546184,-4.919615637106745E-6,-36.22641813096516,0.002877189855114537,0.8111357016350648,-2.616698179845843,108544.71701969834,110112.47332486349,304.746204929175,0.4016497785108233,1.1733293821994705E-5,4.879336216418942E-8,0.0017680393107066506,-4.919558110429989E-6,-36.22636888336365,0.002877237256178944,0.8111422631221603,-2.6167058544614603,108543.01735324817,110110.76061454133,304.7457726901467,0.4016537168042849,1.1733390292422212E-5,4.879220009613648E-8,0.0017680444962577435,-4.919716105433736E-6,-36.22622501588694,0.002877045118437671,0.811139941553225,-2.6166989019490074,108543.61860479933,110111.36659871477,304.74592562401386,0.40165232337304174,1.1733356159501234E-5,4.879261125200739E-8,0.0017680397986141942,-4.919644314469451E-6,-36.226158421206264,0.002877103769214351,0.8111391858668601,-2.6167025495418375,108543.8144797192,110111.56385068898,304.7459754045826,0.401651869798667,1.1733345049003924E-5,4.879274508706875E-8,0.0017680422632039442,-4.9196429738174175E-6,-36.226300196368356,0.002877136140033265,2.0913722802873136E-10,5.044648548440669E-8,3.896552220447334E-9,1.8509782412492117E-10,9.270035169962006E-11,1.6982587027210936E-10,-3.6549276472633387E-6
7.2000000000000005E-6,7.2000000000000005E-6,4.9568272246572995,5.5E-8,-1470.1878139122273,-918.7225928380511,0.8066178390847043,-2.6354075724168284,109722.34227310929,111298.47164771531,305.0442653955863,0.3989289308385023,1.1666861296490254E-5,4.960203416657569E-8,0.0017806807921735327,-4.898614751880359E-6,-36.986571639227805,0.003062538164700257,0.8066159685141365,-2.635400737485165,109722.83222095517,111298.96548903095,305.0443889898915,0.39892780051604093,1.1666833787282784E-5,4.9602372549892144E-8,0.001780676173976463,-4.898551020602327E-6,-36.98648173281231,0.0030625835704833904,0.806622513850322,-2.6354118407350198,109721.11749104988,111297.23749457298,305.04395652128557,0.39893175563163336,1.1666930045071818E-5,4.960118852155121E-8,0.0017806836761723106,-4.898726606086257E-6,-36.9864372710374,0.0030623957646032096,0.8066202049767633,-2.635404029478419,109721.72225084873,111297.84704350894,305.0441090751118,0.39893036046657665,1.1666896090049485E-5,4.9601606184463047E-8,0.001780678398296229,-4.898650017395312E-6,-36.986342875771015,0.0030624531420766488,0.8066194436314715,-2.63540697168409,109721.92182530109,111298.04804083373,305.04415937894123,0.39892990041143966,1.1666884893464569E-5,4.960174390883712E-8,0.001780680386273034,-4.898645556750125E-6,-36.98646808887952,0.0030624845940145917,2.094044293135972E-10,5.050860867205291E-8,3.834373937212718E-9,1.8362779940585544E-10,9.320944369338693E-11,1.7057478701738415E-10,-3.653296439274767E-6
7.225E-6,7.225E-6,4.97403843029847,5.5E-8,-1382.8108212217508,-821.7468585930143,0.8020673832845355,-2.6523930063887153,110921.97818814461,112506.68161263554,305.3453736518338,0.3961699365884722,1.159993197031569E-5,5.0434076178728106E-8,0.001792157436749132,-4.86613912556777E-6,-37.719883521609745,0.0032556940242702836,0.8020655253646498,-2.652385138848569,110922.4703632183,112507.17773213051,305.34549677613035,0.3961688063128159,1.159990463987472E-5,5.043441955202238E-8,0.0017921521208436276,-4.866070664633071E-6,-37.71976167868047,0.00325573626648179,0.8020720485348998,-2.652399785798996,110920.74197457581,112505.43586469836,305.3450644875574,0.3961727747094119,1.1600000597238908E-5,5.043321397899186E-8,0.001792162017431754,-4.866263277136796E-6,-37.719819449121815,0.003255554577716424,0.8020697541358852,-2.6523907886271867,110921.34979040161,112506.04853011672,305.3452165368136,0.39617137890823984,1.15999668460956E-5,5.043363801171851E-8,0.0017921559382616126,-4.866181451887996E-6,-37.719690414677416,0.0032556093035651656,0.802068988365238,-2.6523929817850993,110921.55279997838,112506.25301135106,305.34526728386504,0.39617091304774793,1.159995558143013E-5,5.0433779536497334E-8,0.001792157420125067,-4.866173254498563E-6,-37.7197942804587,0.0032556398628766914,2.0933807264846472E-10,5.0571128544308465E-8,3.772443741418655E-9,1.8187717829551574E-10,9.372258485519729E-11,1.7128942067675176E-10,-3.644687217334064E-6
7.250000000000001E-6,7.250000000000001E-6,4.991249635939642,5.5E-8,-1293.9483215359155,-723.5810854039631,0.7974892474511267,-2.6675735905507727,112142.68511647088,113736.18221309756,305.64921281038653,0.39337535874546004,1.1532577293042031E-5,5.1289405166503216E-8,0.0018024145882099816,-4.822060477351897E-6,-38.40178614557317,0.0034469370126331,0.7974874041462473,-2.667564479396912,112143.17898712218,113736.6800824763,305.64933532733966,0.39337422975919795,1.1532550170134504E-5,5.128975329546736E-8,0.0018024084320249405,-4.821986897951547E-6,-38.401625410761426,0.003446976248794087,0.7974938982422907,-2.667583606872521,112141.43868329223,113734.92606443258,305.6489036929883,0.3933782072495913,1.1532645726080657E-5,5.128852682539372E-8,0.0018024213559949466,-4.8221991541197445E-6,-38.40181818181691,0.0034468049827491853,0.7974916211928919,-2.6675724522514788,112142.04876255877,113735.5410796854,305.64905503872654,0.3933768126127959,1.1532612220943055E-5,5.128895686287924E-8,0.001802413819088837,-4.8221088584909925E-6,-38.40162324389462,0.003446853066408906,0.7974908516366599,-2.6675746500229223,112142.2551170694,113735.74893158261,305.64910618740464,0.39337634127566234,1.1532600897477703E-5,5.1289102200331236E-8,0.001802415304069542,-4.822099628540855E-6,-38.401728158018386,0.0034468854897369283,2.0893158468762015E-10,5.0633999281189354E-8,3.7108121825723685E-9,1.7984967149636612E-10,9.423904071294625E-11,1.7196864497671922E-10,-3.628988447776313E-6
7.275000000000001E-6,7.275000000000001E-6,5.0084608415808125,5.5E-8,-1203.596730758702,-623.5766177010618,0.7928866145011675,-2.6808603980507475,113383.97108849749,114986.46913562366,305.95557672165626,0.39054677494011103,1.1464843291573999E-5,5.216822742865304E-8,0.0018113921608450996,-4.7661548637734085E-6,-39.042052582969745,0.0036417971577247243,0.7928847880384999,-2.6808499372078423,113384.46603030311,114986.96813093123,305.9556984747735,0.39054564868054126,1.1464816408861428E-5,5.216858000286981E-8,0.0018113850927080014,-4.766075976050388E-6,-39.041848165828014,0.0036418315894568565,0.7928912454373265,-2.6808734604660662,113382.71579923257,114985.20396107137,305.9552680223471,0.3905496305246669,1.146491145179596E-5,5.216733350191031E-8,0.0018114009868013961,-4.766307135355419E-6,-39.04217872495951,0.0036416722688485947,0.7928889890608128,-2.6808605806142833,113383.32723490814,114985.82040342793,305.9554184333643,0.39054823917445164,1.146487824142401E-5,5.2167769056096004E-8,0.00181139228419884,-4.766209756041917E-6,-39.041927073373245,0.0036417153380519096,0.7928882159775429,-2.680862490493458,113383.5369105958,114986.03160994624,305.9554699669547,0.3905477624649747,1.1464866862833006E-5,5.21679182874889E-8,0.001811393574657742,-4.766198912591335E-6,-39.04202542487883,0.0036417470919083428,2.0817942350143553E-10,5.069717286262812E-8,3.649529962535155E-9,1.7754995181655444E-10,9.475804266187698E-11,1.7261142384700993E-10,-3.6060547245221795E-6
7.3E-6,7.3E-6,5.025672047221984,5.5E-8,-1111.7489910393394,-522.3207900149484,0.7882628234200075,-2.692161007806278,114645.23896052402,116256.95833298581,306.26424555732535,0.38768591395010343,1.1396778310142187E-5,5.307069890097516E-8,0.0018190277079772148,-4.698378994589802E-6,-39.624497520455634,0.0038342306334691045,0.7882610159913932,-2.6921493484722863,114645.73434004116,116257.45781293599,306.26436639070124,0.38768479186891974,1.1396751699796236E-5,5.307105558620027E-8,0.001819019830048842,-4.698295574030453E-6,-39.6242528204325,0.0038342608646146914,0.788267429617763,-2.692176695289969,114643.97609280607,116255.6854293919,306.26393761749296,0.38768877354326703,1.1396846126093429E-5,5.3069789909236466E-8,0.0018190383076283575,-4.6985426644141624E-6,-39.62470721695695,0.0038341132531556354,0.7882651962585371,-2.6921628232462473,114644.58822074156,116256.30260781999,306.26408692547847,0.38768738704616557,1.1396813244880625E-5,5.307023064006063E-8,0.0018190289346258427,-4.698441324819669E-6,-39.62442102687692,0.003834152686216896,0.7882644205855306,-2.6921639259082637,114644.80099491803,116256.5169615763,306.26413878153534,0.3876869054960665,1.139680182483164E-5,5.307038371242268E-8,0.0018190296796677457,-4.698426955940249E-6,-39.62449615424157,0.00383418272045688,2.0707704819295497E-10,5.0760599013774E-8,3.588647889203911E-9,1.7498377266397057E-10,9.527878890355018E-11,1.732168161680719E-10,-3.575838064478691E-6
7.325000000000001E-6,7.325000000000001E-6,5.042883252863155,5.5E-8,-1018.4834798648928,-420.4098557965032,0.7836213750218165,-2.701379780923762,115925.82597537016,117546.98052920566,306.57498526744837,0.3847946642762816,1.1328433101281823E-5,5.399691784629981E-8,0.0018252566087322715,-4.618682311559041E-6,-40.151986242890416,0.004026611562427007,0.7836195888617039,-2.701366729705305,115926.32111079992,117547.47981315086,306.57510502063485,0.38479354788841064,1.1328406796134347E-5,5.399727826698257E-8,0.0018252477903414222,-4.618594225860307E-6,-40.15169536730832,0.004026636083388269,0.7836259515999704,-2.7013985042041577,115924.55689124274,117545.70125346558,306.57467843232996,0.3847975247249644,1.1328500501475885E-5,5.3995994374575235E-8,0.001825269259597404,-4.618857813198929E-6,-40.152293724530864,0.004026504486688509,0.7836237435567579,-2.7013829715938265,115925.16898740717,117546.31845937084,306.57482647024483,0.3847961446598185,1.1328467983178541E-5,5.399643991567918E-8,0.0018252587645904233,-4.6187510010042845E-6,-40.15195272548749,0.004026536726243535,0.7836229661797799,-2.7013838381715765,115925.38467288336,117546.53575671946,306.574878588907,0.38479565878314936,1.1328456534589969E-5,5.399659677672473E-8,0.00182525935011593,-4.618734891579379E-6,-40.15201977166748,0.00402656686549463,2.0562101892513652E-10,5.082422516535061E-8,3.528216834428042E-9,1.7215795436371734E-10,9.580044553157663E-11,1.737839769787215E-10,-3.538262221686339E-6
7.350000000000001E-6,7.350000000000001E-6,5.060094458504326,5.5E-8,-923.8813535336383,-317.44352849440594,0.7789659367284262,-2.708418743816816,117224.96479743572,118855.77572654001,306.88754712910486,0.38187508160451855,1.1259860902913375E-5,5.494691718858081E-8,0.001830012664741092,-4.527156108338204E-6,-40.61291549493444,0.004214828995049658,0.7789641744576076,-2.7084040367491364,117225.45886648288,118856.2739960416,306.88766561399694,0.38187397270549533,1.1259834941523484E-5,5.4947280853719934E-8,0.0018300027275332002,-4.527062829851048E-6,-40.61256878138147,0.004214845705533321,0.7789704780040578,-2.708441039301095,117223.69115167616,118854.49172477574,306.88724180181856,0.3818779391673632,1.1259927803982744E-5,5.494598005756566E-8,0.0018300277292574965,-4.527344464975158E-6,-40.61334070395219,0.004214735820649906,0.7789682987478291,-2.7084231244758157,117224.3021281461,118855.10788735014,306.88738832199243,0.38187656789109353,1.125989569966401E-5,5.494642976310539E-8,0.0018300156246458213,-4.527230151012418E-6,-40.61292015029494,0.004214757309309647,0.778967519809196,-2.708424073554801,117224.520732416,118855.32812439368,306.8874406926441,0.3818760777486422,1.1259884224511895E-5,5.494659050399722E-8,0.001830016265915406,-4.527213601335234E-6,-40.61299074973044,0.004214789076293357,2.0380916256063514E-10,5.0887996416951886E-8,3.4682876821643076E-9,1.690802916447375E-10,9.632214802273875E-11,1.7431216432407295E-10,-3.493351484092983E-6
7.3750000000000005E-6,7.3750000000000005E-6,5.077305664145498,5.5E-8,-827.965152515406,-213.15989790697304,0.7743003467494843,-2.713177416482263,118542.05102914677,120182.48883487367,307.20166745888923,0.37892939931671205,1.119111750758866E-5,5.5920655985266005E-8,0.001833227984109637,-4.414493384672369E-6,-41.253051976823826,0.004527435865547602,0.7742986110184209,-2.7131612788428185,118542.54315267317,120182.98522998732,307.2017844835036,0.37892829976324993,1.1191091928996376E-5,5.5921022353903907E-8,0.0018332170802992018,-4.414395614418254E-6,-41.252624097156286,0.004527433135162795,0.7743048467691377,-2.71320306746893,118540.77466641006,120181.20190274455,307.20136406517344,0.37893224998634106,1.1191183822091827E-5,5.59197061600188E-8,0.0018332453158573852,-4.414694151506637E-6,-41.253656338236624,0.004527383856959943,0.7743026998754953,-2.7131833642285845,118541.38336280017,120181.81587821433,307.20150881036767,0.3789308899773039,1.1191152184413654E-5,5.592015930517298E-8,0.0018332320028571518,-4.414574099769198E-6,-41.253131414178824,0.004527379420082411,0.7743019199833661,-2.7131835362538914,118541.6047115624,120182.03891433841,307.20156139075584,0.3789303959305797,1.1191140691539372E-5,5.5920323918299647E-8,0.0018332321190904673,-4.4145543580498274E-6,-41.25317107928322,0.004527405332488854,2.0164060551938518E-10,5.0951855844595354E-8,3.408911271885998E-9,1.657595689380417E-10,9.684300269844609E-11,1.7480074810971217E-10,-3.435604601188531E-6
7.4E-6,7.4E-6,5.094516869786669,5.5E-8,-730.7647784311725,-107.97047019894958,0.7696286173365491,-2.7155540130895433,119875.4032334777,121526.16006603849,307.5170667528705,0.3759600207329952,1.1122261316854502E-5,5.691801233074005E-8,0.0018348337926280699,-4.305605999661566E-6,-41.345111805550914,0.004594685426923206,0.7696269104376788,-2.715536646122403,119875.89268779593,121526.65379665447,307.5171821475677,0.375958932197122,1.1122236154869263E-5,5.6918380892063345E-8,0.0018348220581908127,-4.305505588604319E-6,-41.34466357290512,0.004594685269402987,0.7696330705144813,-2.7155827942051456,119874.12579357953,121524.87196910978,307.5167656981039,0.37596286063652995,1.1122326962672626E-5,5.691705079483714E-8,0.001834853239327801,-4.30581554667242E-6,-41.34578176981381,0.004594631002994731,0.7696309586285285,-2.7155618156608856,119874.73139432052,121525.48283830081,307.5169084715155,0.3759615138374741,1.1122295830642509E-5,5.6917506793350555E-8,0.0018348390646357336,-4.305692881985124E-6,-41.345249595320865,0.004594635873054642,0.769630179373098,-2.715560901395705,119874.95504191495,121525.70824032724,307.5169611523638,0.3759610168855889,1.1122284343371592E-5,5.6917675051427704E-8,0.0018348384468889899,-4.305669440469728E-6,-41.34524278750837,0.004594652439138258,1.9911602318819583E-10,5.101574299712557E-8,3.3501383301950475E-9,1.6220544071535738E-10,9.736209030413452E-11,1.7524921265201933E-10,-3.3801058123068846E-6
7.425000000000001E-6,7.425000000000001E-6,5.11172807542784,5.5E-8,-632.3481827932033,-2.058945954111928,0.7649549361054571,-2.715446535847554,121250.19009194839,122885.77448723375,307.8334427202296,0.37296971497333414,1.1053353394459227E-5,5.793874935778054E-8,0.0018347611728699688,-4.2253682023840616E-6,-67.0663142661856,0.01567301600835691,0.764953260404567,-2.715427654584612,121250.67351454769,122886.2647250445,307.8335563160618,0.3729686392465843,1.1053328684018581E-5,5.7939119538292014E-8,0.001834748415259873,-4.224932209950794E-6,-67.06330544197431,0.015672549007447856,0.7649593367020324,-2.7154788494039015,121248.91923922629,122884.48707510236,307.8331444068117,0.3729725399581764,1.1053418287100123E-5,5.793777723278502E-8,0.0018347830063539874,-4.2264007588244115E-6,-67.07287771783513,0.01567395572035224,0.7649572625311025,-2.715456012013897,121249.51785740924,122885.09388043654,307.8332850139005,0.37297120843527765,1.1053387700697451E-5,5.7938235430419585E-8,0.0018347675756850655,-4.225895123255441E-6,-67.06940203206705,0.015673428952887036,0.7649564849714512,-2.7154549422713585,121249.74262372477,122885.32135963607,307.83333772400624,0.3729707092798867,1.1053376234547856E-5,5.793840719908238E-8,0.001834766852886053,-4.2257108992771465E-6,-67.06845537647769,0.015673300795420175,1.9623780659485326E-10,5.1079595094094016E-8,3.292019381643883E-9,1.5842840616886754E-10,9.787847088945523E-11,1.7565715721704193E-10,-3.3396980343303478E-6
7.450000000000001E-6,7.450000000000001E-6,5.1289392810690115,5.5E-8,-532.778923474768,104.6895180925889,0.7602836772169229,-2.712740409856249,122569.42835292596,124259.98399033064,308.15051329268283,0.36996066715952575,1.0984457509465583E-5,5.898263452754238E-8,0.0018329327093623304,-3.996361681686267E-6,-22.774309366224543,-0.003159805923715453,0.76028203559837,-2.712719688757466,122569.91150557055,124260.46966899079,308.15062485724707,0.3699596062800726,1.0984433293198686E-5,5.8983005594587335E-8,0.0018329187086199095,-3.996503117491557E-6,-22.775560555573293,-0.003159509571894148,0.760288018663806,-2.712776824885981,122568.1506557763,124258.69956711432,308.15021824821633,0.36996347276362773,1.0984521552121813E-5,5.8981653213057615E-8,0.0018329573141121493,-3.995982255844411E-6,-22.771046267660722,-0.0031604961992499625,0.7602859858937521,-2.7127515564849145,122568.7487604649,124259.30096438348,308.1503563956371,0.369962159116757,1.098449156580955E-5,5.8982112685417474E-8,0.0018329402408681856,-3.9961341607863684E-6,-22.77243084006477,-0.0031601654025763537,0.7602852100973048,-2.7127505808391508,122568.97721202749,124259.53048369235,308.15040911817937,0.369961657764739,1.0984480121683115E-5,5.898228804219993E-8,0.0018329395816480748,-3.996228938802915E-6,-22.77314811259953,-0.003160027176818403,1.930082925675767E-10,5.1143353957230074E-8,3.2346047888557474E-9,1.5444105608981855E-10,9.839117353494567E-11,1.7602430167610409E-10,-3.207819013290974E-6
7.4750000000000004E-6,7.4750000000000004E-6,5.146150486710182,5.5E-8,-432.1165094566582,212.09425973883032,0.7556194002641151,-2.7073342124568964,123979.50006520833,125647.7605839577,308.46790545456093,0.36693681363717223,1.0915640450086576E-5,6.00491096353014E-8,0.0018292798732816868,-3.929133489180004E-6,-55.87102314752997,0.011085008198200796,0.7556177956978966,-2.7073118726201844,123979.9743767235,125648.24065669393,308.46801478928745,0.36693576994265253,1.0915616771956495E-5,6.004948076626855E-8,0.0018292647787974219,-3.928837339230995E-6,-55.86900190854112,0.011084725708336407,0.7556236758344419,-2.7073743570754636,123978.23510659015,125646.48138092509,308.46761412111186,0.36693959468723225,1.0915703543454702E-5,6.004812072423553E-8,0.0018293069980239618,-3.929826455646434E-6,-55.875301986617615,0.011085552949452904,0.7556216882446338,-2.707347115345378,123978.82277533517,125647.07604443892,308.46774955425485,0.3669383018592557,1.0915674213162966E-5,6.004858043814039E-8,0.0018292885914495797,-3.929479162536609E-6,-55.8729399127667,0.011085230527704937,0.7556209148623837,-2.70734529850692,123979.05180063481,125647.3074321553,308.46780225150644,0.3669377988128478,1.0915662800582359E-5,6.00487593163234E-8,0.001829287363856027,-3.929362481898124E-6,-55.872380110282165,0.011085163160700517,1.8943348908305243E-10,5.1206942122209706E-8,3.1779446450937384E-9,1.502552713868226E-10,9.88992160486531E-11,1.7635049380614669E-10,-3.1774976704427995E-6
7.500000000000001E-6,7.500000000000001E-6,5.163361692351354,5.5E-8,-330.43513168962556,320.0066440181925,0.7509668475738677,-2.6991176612635357,125343.60855072248,127047.44463591049,308.785317277392,0.3639004980269232,1.0846971530981843E-5,6.11377443130395E-8,0.001823728149502389,-3.7214830273057944E-6,-31.210415694289395,7.012043422207626E-4,0.7509652827553819,-2.69909381384208,125344.07861833514,127047.9180244154,308.7854241626606,0.36389947353959423,1.0846948430952729E-5,6.113811469557172E-8,0.0018237120363797836,-3.72151182801872E-6,-31.210789815899943,7.013531613466739E-4,0.7509710510487652,-2.6991612928799658,125342.34561151656,127046.17301075168,308.78503015922786,0.36390325003268625,1.0847033583143705E-5,6.113674939180731E-8,0.0018237576303243013,-3.7213825967796765E-6,-31.20917604075271,7.00826407005195E-4,0.7509691118142892,-2.6991323449389926,125342.92807057807,127046.75966247948,308.78516261902945,0.3639019804235825,1.0847004955952249E-5,6.113720838696744E-8,0.0018237380709047247,-3.721406066574673E-6,-31.209562447152393,7.009947720177934E-4,0.7509683424972778,-2.699129434673726,125343.15932800839,127046.9923937232,308.7852151667897,0.36390147675134843,1.0846993599209044E-5,6.113739047705026E-8,0.0018237361045092743,-3.7214432862242576E-6,-31.2099052123981,7.010731918413171E-4,1.85519971052779E-10,5.127030112603054E-8,3.122088651660813E-9,1.4588465927862984E-10,9.940160150461832E-11,1.7663571199666114E-10,-3.0596086539167864E-6
7.525000000000001E-6,7.525000000000001E-6,5.1805728979925245,5.5E-8,-227.796737058218,428.5957681909947,0.7463309498635573,-2.687981609620807,126761.0516683318,128457.6840210465,309.10235752395084,0.36085577456317575,1.077852314855821E-5,6.224776289740626E-8,0.001816203790284329,-3.6005685456075297E-6,-49.43245974686829,0.008655326845023126,0.7463294275672341,-2.6879560476195166,126761.5121452208,128458.14964552116,309.10246176213377,0.36085477153391116,1.0778500667831401E-5,6.224813162992846E-8,0.0018161865186618355,-3.6003518312099915E-6,-49.43095392987834,0.008655138605952573,0.7463350747564528,-2.688029284701255,126759.80296138469,128456.42235154612,309.102075077304,0.3608584924162727,1.0778584063484655E-5,6.224676377496519E-8,0.0018162360031765234,-3.6010709918343766E-6,-49.43555445395623,0.008655670702921725,0.7463331871810863,-2.687998209233115,126760.37401543252,128456.99969795163,309.1022043271918,0.3608572487130381,1.0778556188456723E-5,6.22472209768922E-8,0.0018162150062385914,-3.600814322481938E-6,-49.433777666778724,0.008655453427252269,0.7463324231592149,-2.687994956208029,126760.6055118189,128457.23338729104,309.102256642238,0.3608567453065705,1.0778544905658009E-5,6.224740603662002E-8,0.0018162128082486683,-3.600733119526467E-6,-49.433412459289684,0.00865542059700175,1.8127628809577655E-10,5.1333351858442405E-8,3.0670861010720927E-9,1.413435966415423E-10,9.989732167243016E-11,1.7688006547696684E-10,-2.9957927051079716E-6
7.5500000000000006E-6,7.5500000000000006E-6,5.197784103633696,5.5E-8,-124.25228135338718,537.7289971343337,0.7417168259384765,-2.673816942168872,128154.97864748458,129876.66749804746,309.4186723596209,0.3578057929518065,1.0710370416658955E-5,6.337840434468239E-8,0.0018066330690330215,-3.3927253400634074E-6,-35.48660349305078,0.002920957249386902,0.7417153491117583,-2.6737896654284934,128155.431500689,129877.12414563548,309.4187737183641,0.3578048136879626,1.0710348599053889E-5,6.337877042059587E-8,0.001806614638803036,-3.3926909664216964E-6,-35.48638857839319,0.0029209936501501943,0.741720864902686,-2.673869116452882,128153.73970337147,129875.41862391868,309.4183951555893,0.35780847112411773,1.0710430085477268E-5,6.337740318007198E-8,0.0018066683219276228,-3.39278493967754E-6,-35.486744118187744,0.0029208257445816344,0.7417190327824479,-2.6738357503330135,128154.3014584516,129875.9851265315,309.41852089900874,0.35780725627715737,1.0710403019023074E-5,6.337785731732198E-8,0.0018066457772520361,-3.3927356712126765E-6,-35.4864371508138,0.0029208619747009834,0.7417182745889763,-2.6738322349298214,128154.53420291039,129876.21956446818,309.41857293526846,0.35780675353011493,1.071039181800547E-5,6.337804525589625E-8,0.001806643401979609,-3.392741932799481E-6,-35.4865813361514,0.0029209085093810927,1.7671268869674537E-10,5.1396026939005546E-8,3.0129858039438407E-9,1.3664715173577814E-10,1.0038536349512951E-10,1.7708379769372553E-10,-2.8773714406305384E-6
7.575E-6,7.575E-6,5.214995309274867,5.5E-8,-19.889311452747325,646.929259317978,0.7371297817817042,-2.6565150911488598,129579.67589309257,131302.7015479577,309.7338513106408,0.35475475250108085,1.0642591446225263E-5,6.452862934929729E-8,0.001794942629154635,-3.2436861087603577E-6,-45.34063966881922,0.007348209750702495,0.7371283533042878,-2.656486183887527,129580.11758644886,131303.1480232434,309.7339495772469,0.3547537993819112,1.064257033463726E-5,6.4528991702091E-8,0.001794923097221302,-3.2435151472043344E-6,-45.33936563452244,0.007348059500742465,0.7371337273530939,-2.6565714489518855,129578.45498582143,131301.46835622538,309.73357989254345,0.3547573850868318,1.0642649758143156E-5,6.45276285151246E-8,0.0017949807087512739,-3.244082890461186E-6,-45.34323511151638,0.007348479704418764,0.7371319544082204,-2.6565360477304156,129579.0032389127,131302.0224907551,309.73370185508344,0.3547562021349463,1.0642623555650127E-5,6.452807823826568E-8,0.0017949567890070376,-3.2438777171250876E-6,-45.34170742581773,0.007348302321261713,0.737131203009172,-2.6565316748048224,129579.23597096284,131302.25734111932,309.7337535438383,0.35475570078241964,1.064261245066294E-5,6.452826883828016E-8,0.0017949538343275827,-3.2438168445025894E-6,-45.34143430021095,0.007348282670363915,1.7184115486649064E-10,5.145824574749841E-8,2.9598360253482372E-9,1.318113155108805E-10,1.0086471194173135E-10,1.7724729173449376E-10,-2.795510904822807E-6
7.600000000000001E-6,7.600000000000001E-6,5.232206514916038,5.5E-8,85.18130565184754,756.1688530373402,0.7325753092027485,-2.63596877395617,130991.38860425864,132733.76828589817,310.04749805373143,0.3517064513320735,1.0575267124451644E-5,6.569732155939409E-8,0.0017810599824028175,-3.035509082707222E-6,-37.24439579726868,0.004170202605791928,0.7325739320832211,-2.6359380055534807,130991.81959162839,132734.20329195395,310.0475929934682,0.3517055268080996,1.0575246763753589E-5,6.569767901717593E-8,0.001781039192941541,-3.0354413239308543E-6,-37.24380345100417,0.004170164144113642,0.7325791544268137,-2.6360290241370703,130990.18455595542,132732.5536599642,310.0472329624448,0.35170903279886406,1.0575323976036272E-5,6.569632347139709E-8,0.001781100691984507,-3.0356549252985587E-6,-37.24540639734323,0.004170230749764414,0.7325774442103173,-2.6359915356877854,130990.71977844826,132733.09388064808,310.04735086600255,0.3517078846576656,1.0575298690511267E-5,6.569676738257247E-8,0.0017810753619512064,-3.0355678296700715E-6,-37.2446632622125,0.004170180736451812,0.7325767010325466,-2.6359863505928076,130990.95266774998,132733.32863470766,310.04740210058225,0.3517073857294392,1.0575287702638114E-5,6.569696028606764E-8,0.0017810718585086539,-3.0355549097293987E-6,-37.24464755336794,0.0041701990221696406,1.6667553670277877E-10,5.151993479966231E-8,2.9076844200815206E-9,1.2685262446566758E-10,1.0133435684371537E-10,1.773710725586518E-10,-2.6761760973845E-6
7.625000000000001E-6,7.625000000000001E-6,5.24941772055721,5.5E-8,190.88609939054572,865.7749950342161,0.7280590838909998,-2.6120715576109115,132419.559171127,134167.85659068817,310.35917751126095,0.34866536770133705,1.0508481259771589E-5,6.688311431675188E-8,0.0017649132146019672,-2.8661878452851397E-6,-42.63692525671945,0.006750588929449464,0.7280577614315638,-2.6120388088572013,132419.97679139592,134168.2787201778,310.359268877332,0.34866447450302557,1.0508461699261097E-5,6.688346554778446E-8,0.0017648910870656765,-2.8660437160965558E-6,-42.635749691400406,0.006750458304139784,0.7280628217366464,-2.612136078199704,132418.3778251553,134166.6634774501,310.35891927327606,0.3486678922607753,1.0508536546269955E-5,6.688212159832882E-8,0.0017649568095943946,-2.8665214648526673E-6,-42.63927023212341,0.006750810484462022,0.7280611780393098,-2.6120962712550293,132418.8969337316,134167.18814165998,310.3590328327177,0.34866678210105884,1.0508512234334466E-5,6.688255813875902E-8,0.0017649299130101548,-2.866347655157142E-6,-42.637857987283496,0.006750655942028061,0.7280604441798217,-2.612090625183747,132419.12910203545,134167.42238814445,310.359083532721,0.34866628644885933,1.0508501379814197E-5,6.688275304134342E-8,0.0017649260980971261,-2.8662974133908394E-6,-42.63762970659309,0.0067506467007234505,1.6123142787801288E-10,5.1581011154463265E-8,2.8565779663695294E-9,1.2178834869808019E-10,1.0179329708656396E-10,1.7745580656288686E-10,-2.581798939352055E-6
7.650000000000001E-6,7.650000000000001E-6,5.266628926198381,5.5E-8,297.17190521784534,975.5616062601669,0.723586959909698,-2.584722547025815,133837.9618376199,135602.707149098,310.6684566900811,0.34563584681203174,1.0442320389493245E-5,6.80845030436701E-8,0.001746434153395821,-2.6585187251271237E-6,-37.53610663814402,0.004901747895573294,0.7235856951916172,-2.5846881925967105,133838.3656342066,135603.11501343542,310.6685442432346,0.3456349875295071,1.0442301675284262E-5,6.808484669066104E-8,0.0017464109409437232,-2.658435036124729E-6,-37.535268852617264,0.004901661415871672,0.723590582665262,-2.5847917619042793,133836.80438005025,135601.53883793778,310.66820589784106,0.34563830819740327,1.0442373995897244E-5,6.808351868776446E-8,0.0017464809202055941,-2.658708787350861E-6,-37.53770813470169,0.004901885740650869,0.723589009376098,-2.584749749222794,133837.3066977745,135602.04621076593,310.66831481241303,0.345637239268806,1.0442350715726725E-5,6.808394617154051E-8,0.0017464525332586446,-2.6586036278786196E-6,-37.53667101531687,0.004901777693532949,0.7235882858539767,-2.5847433886219555,133837.53807573076,135602.2795410168,310.66836489921013,0.34563674769081787,1.0442340009672059E-5,6.808414276312216E-8,0.0017464482355553754,-2.65858079714576E-6,-37.53656651223014,0.004901781277155237,1.5552655729582285E-10,5.1641396190026984E-8,2.8065628804911876E-9,1.166360507769614E-10,1.0224054940634546E-10,1.7750230280274648E-10,-2.463076362876288E-6
7.675E-6,7.675E-6,5.283840131839551,5.5E-8,403.9386255434721,1084.955732645248,0.7191649626636418,-2.5538236054489225,135262.4218959529,137036.0090782682,310.97487469507047,0.3426227090993336,1.037687378284662E-5,6.929974004878807E-8,0.0017255564901681908,-2.477204960200652E-6,-40.061166295261955,0.006311276978649971,0.7191637583808363,-2.553787733863359,135262.8099259886,137036.40139238263,310.97495822750386,0.34262188611815275,1.0376855955405604E-5,6.93000747756022E-8,0.0017255322526103778,-2.4770813487862144E-6,-40.059998064838055,0.006311136180030985,0.7191684623716429,-2.553897379829319,135261.29327266515,137034.86900010664,310.9746319476398,0.3426251007172432,1.037692559029811E-5,6.929876732779306E-8,0.001725606337722513,-2.4774966696838873E-6,-40.06356641599814,0.006311534396232332,0.7191669632114503,-2.5538532523533837,135261.77633754563,137035.357371343,310.97473593337537,0.34262407622742064,1.037690339768592E-5,6.929918400772486E-8,0.0017255765218603945,-2.477345783091778E-6,-40.062138808129475,0.00631136328770765,0.7191662514065793,-2.5538459968141747,135262.00613454077,137035.5892515688,310.97478530528116,0.3426235897971074,1.0376892860579386E-5,6.929938184916122E-8,0.001725571619469037,-2.4773017678114683E-6,-40.06189722233489,0.006311348034302,1.4958027940234096E-10,5.170100470167373E-8,2.7576845410819252E-9,1.1141396119808113E-10,1.0267515352253916E-10,1.7751151498079792E-10,-2.3608752833913584E-6
7.7E-6,7.7E-6,5.301051337480723,5.5E-8,511.05361451614084,1193.8740392652448,0.7147992827250835,-2.5192808749053732,136676.9281242256,138465.2504802735,311.2779667219507,0.3396307838787784,1.031223328866887E-5,7.052689716032137E-8,0.0017022168073684955,-2.2732982287720915E-6,-36.694541182262356,0.005249081513227338,0.7147981418960625,-2.5192430174923914,136677.29945866688,138465.6258151452,311.27804599921865,0.33962999981886655,1.031221639334755E-5,7.052722146034289E-8,0.0017021912280353996,-2.273210421037675E-6,-36.69353082163866,0.0052489559417381315,0.7148026517846698,-2.5193589208096245,136675.8305635337,138464.1420588863,311.27773260471264,0.33963309932978314,1.0312283183376598E-5,7.052593945992086E-8,0.0017022695410875842,-2.273504284886485E-6,-36.69657175885186,0.00524930869966056,0.7148012304974398,-2.519312559068004,136676.29319628316,138464.609661699,311.2778313711402,0.3396321225230772,1.0312262134563598E-5,7.052634347819071E-8,0.0017022382155864892,-2.273394756144853E-6,-36.69532680004636,0.005249154078455831,0.7148005317020972,-2.5193046927541314,136676.5210889696,138464.83956552303,311.27787993027005,0.3396316422629669,1.0312251785625529E-5,7.052654212003594E-8,0.0017022329005095481,-2.2733665798568836E-6,-36.695147166819424,0.0052491441282995766,1.4341371783449311E-10,5.175975396762703E-8,2.709987436554193E-9,1.0614073507091069E-10,1.0309617896203566E-10,1.774845410572947E-10,-2.2440526190216396E-6
7.725000000000001E-6,7.725000000000001E-6,5.318262543121895,5.5E-8,618.4197964548424,1302.6306483544804,0.7104962676610228,-2.481005799826817,138088.98792735624,139887.83506511184,311.577247322659,0.33666524730133096,1.0248493281042555E-5,7.176380137580668E-8,0.0016763552701532546,-2.088206229586831E-6,-37.52036368120707,0.005982045330071628,0.7104951937858328,-2.4809658527097787,138089.34059502947,139888.19180847547,311.5773220794735,0.3366645051587085,1.0248477370413929E-5,7.176411351568599E-8,0.0016763282788579586,-2.088097937189559E-6,-37.51913892760717,0.005981881835126046,0.7104994986053224,-2.4810882451515996,138087.92569941914,139886.7617446098,311.57702240572036,0.33666748016048437,1.0248541150984074E-5,7.176286225899055E-8,0.0016764109764537836,-2.0884635056006574E-6,-37.52287875168645,0.005982351527023866,0.7104981590233834,-2.4810396614100676,138088.36566713065,139887.206753118,311.5771156592619,0.3366665543946885,1.0248521303627328E-5,7.176325162472205E-8,0.001676378149601397,-2.0883314863340275E-6,-37.521394260313855,0.005982154965536779,0.7104974743269339,-2.481031147335758,138088.59104751758,139887.43420951944,311.57716332283053,0.3366660812115402,1.0248511159107526E-5,7.176345064064921E-8,0.0016763723968484853,-2.0882923142551135E-6,-37.52113597474795,0.0059821333456113734,1.3704976091362939E-10,5.181755680625245E-8,2.6635150996937223E-9,1.0083533499595164E-10,1.0350273273198349E-10,1.774226222903087E-10,-2.1389658537352114E-6
7.75E-6,7.75E-6,5.335473748763065,5.5E-8,725.9664127891056,1411.0877874274242,0.7062624108244754,-2.438917479281823,139488.33792188036,141300.99960614883,311.87222468767123,0.3337313563757812,1.0185750461930822E-5,7.300806941538784E-8,0.0016479172157309616,-1.891844249115593E-6,-35.01758790097756,0.005329058161976263,0.7062614070671717,-2.43887594022437,139488.67069532652,141301.3362213336,311.8722946797765,0.3337306589355833,1.0185735583682554E-5,7.300836766669661E-8,0.00164788914880025,-1.8917592190348387E-6,-35.01644505739182,0.005328899012027932,0.7062654957913065,-2.439004661212354,139487.31402752546,141299.96505061933,311.87200957459606,0.3337334998917787,1.0185796189011734E-5,7.300715277506192E-8,0.0016479761224407797,-1.8920479978135063E-6,-35.01995429154749,0.005329366826799742,0.7062642417177165,-2.4389538816196112,139487.72981085966,141300.38560794832,311.87209702114706,0.33373262852790275,1.018577760044222E-5,7.300752539828766E-8,0.0016479418119051427,-1.8919426518948512E-6,-35.01855221019741,0.005329171157939072,0.7062635724987976,-2.4389444134777296,139487.9521951721,141300.6100332352,311.8721436849816,0.3337321635379254,1.018576768091029E-5,7.300772424398492E-8,0.0016479354145119795,-1.8919126647176654E-6,-35.018310615588916,0.0053291476739900645,1.3051306916431098E-10,5.18743274485301E-8,2.6183100330764615E-9,9.551688868255025E-11,1.0389396691017112E-10,1.7732714349647748E-10,-2.0263661805298076E-6
7.775000000000001E-6,7.775000000000001E-6,5.3526849544042365,5.5E-8,833.5839441603595,1518.7025994998548,0.7021043372188402,-2.3929438402051484,140877.7566278332,142701.88523100698,312.16239204553676,0.3308346267971263,1.0124103692814194E-5,7.425707075901753E-8,0.0016168539460845598,-1.7105862740152133E-6,-34.80138915314774,0.005658921960417729,0.7021034062766676,-2.3929007684847927,140878.06791819233,142702.20031662192,312.1624570630386,0.3308339765507294,1.0124089887800277E-5,7.425735344637372E-8,0.0016168248435708059,-1.7104934302381025E-6,-34.80012869845086,0.005658739431510185,0.7021072681041383,-2.3930357089208374,140876.77530706197,142700.89325049028,312.162187353143,0.3308366739582633,1.012414715513003E-5,7.425618078469994E-8,0.0016169160195411063,-1.7108124917797342E-6,-34.804068631111704,0.005659288462140921,0.7021061034186677,-2.3929826182055396,140877.16477789736,142701.2874461096,312.1622686952673,0.33083586044922253,1.012412988392379E-5,7.425653444468081E-8,0.0016168801474361755,-1.7106981873382665E-6,-34.80251506542277,0.005659063034698875,0.7021054511663037,-2.3929723661634874,140877.38346642462,142701.5082061243,312.1623142479614,0.3308354048659804,1.012412021162531E-5,7.425673250327271E-8,0.0016168732203807347,-1.7106626337692887E-6,-34.802219542608555,0.005659030532598308,1.2382994977958145E-10,5.1929977298054375E-8,2.5744136347652356E-9,9.020462917139035E-11,1.0426908680652226E-10,1.7719963134128636E-10,-1.923092392892916E-6
7.8E-6,7.8E-6,5.369896160045407,5.5E-8,941.1290876164632,1625.3261658626523,0.6980287882725198,-2.3430216609751757,142250.08689058994,144087.49487017363,312.4472365208329,0.32798067698331873,1.0063653752992923E-5,7.550794818905096E-8,0.0015831227439021458,-1.5263116502239881E-6,-32.68815666334331,0.005205510221003351,0.6980279331062124,-2.3429766829361487,142250.3753413008,144087.78691257857,312.44729633463584,0.32798007661797396,1.0063641066053622E-5,7.550821347810308E-8,0.0015830923533352356,-1.5262348563283012E-6,-32.68692254501343,0.005205322086936803,0.6980315573451251,-2.3431178286959926,142249.15149702935,144086.54922394294,312.4470428427855,0.32798262098602204,1.0063694833946891E-5,7.550708917918997E-8,0.001583187722091887,-1.5265005173148438E-6,-32.69077542416653,0.00520588928509369,0.6980304858546909,-2.3430626196426605,142249.51294026518,144086.91513975526,312.4471177870706,0.32798186875406676,1.0063678937705452E-5,7.550742157146442E-8,0.0015831504186774733,-1.52640514045288E-6,-32.6892567752152,0.005205658134372015,0.698029851734332,-2.343051800726299,142249.72746263575,144087.1316940152,312.44716213907026,0.32798142357702925,1.006366953012681E-5,7.550761828521702E-8,0.0015831431085988508,-1.5263759246408882E-6,-32.68897305856012,0.005205624700266753,1.170281969718037E-10,5.19844187113372E-8,2.531866134016468E-9,8.491788537925593E-11,1.0462735897721522E-10,1.770417496050416E-10,-1.81752205481246E-6
7.825E-6,7.825E-6,5.387107365686579,5.5E-8,1048.4833672508792,1731.1681191040261,0.6940426058473764,-2.2890974450179766,143605.3937681536,145454.73889612066,312.72623502097787,0.325175317476153,1.0004503126841026E-5,7.675759825232474E-8,0.0015466874628499842,-1.355774074056626E-6,-31.80776502447975,0.005284553327385311,0.6940418296635088,-2.2890506391447882,143605.65767319623,145455.0062802,312.72628938617663,0.3251747698722903,1.000449160654575E-5,7.675784415050401E-8,0.001546655837259992,-1.3556959019922488E-6,-31.806452158493585,0.005284347248931454,0.6940452057159269,-2.2891978957745427,143604.50821665084,145453.84328045583,312.72605292429046,0.3251771516921616,1.0004541714664699E-5,7.675677461270462E-8,0.001546755334982799,-1.35596776743796E-6,-31.810573522262985,0.005284974817499233,0.6940442308101659,-2.289140867660918,143604.83973641723,145454.1791195708,312.7261212081682,0.32517646389076843,1.0004527244898588E-5,7.675708346264528E-8,0.0015467168024735933,-1.3558717883199734E-6,-31.8089749156793,0.005284725118514189,0.6940436160504728,-2.2891291939346323,143605.04947379683,145454.39089548413,312.72616426589553,0.32517603017751734,1.0004518120499772E-5,7.675727821838805E-8,0.0015467089148206974,-1.3558404256741597E-6,-31.808652041567484,0.005284682928788698,1.1013697415651044E-10,5.203756247235587E-8,2.490706535304647E-9,7.96759846513358E-11,1.0496811932448431E-10,1.7685529558621796E-10,-1.7203385626853922E-6
7.850000000000001E-6,7.850000000000001E-6,5.40431857132775,5.5E-8,1155.5496199968757,1836.0822871607722,0.6901527130770893,-2.2311302102320676,144938.17762461424,146800.4168908695,312.9988601538999,0.32242445372940365,9.946755710034578E-6,7.80026867009305E-8,0.0015075204123189646,-1.1882586640865612E-6,-29.8349485577005,0.0049156921441237955,0.6901520187324869,-2.2310819128206387,144938.41558455353,146800.65810342834,312.99890885000246,0.32242396153077224,9.94674539984055E-6,7.800291124760637E-8,0.001507487778932864,-1.1881930440438283E-6,-29.83365714771344,0.004915482061988996,0.690155136022717,-2.23123534479474,144937.3455526481,146799.57516905712,312.99869022910843,0.3224261712643339,9.946791687895461E-6,7.800190314424437E-8,0.0015075914491856353,-1.1884239772541605E-6,-29.83775471151739,0.004916135398531196,0.6901542610951289,-2.2311762010198786,144937.64543972322,146799.87911398758,312.99875158983764,0.32242555105825965,9.946778696261781E-6,7.800218608676246E-8,0.0015075514871755937,-1.18834280556257E-6,-29.83616811314232,0.004915875972585582,0.6901536673156408,-2.2311634950240826,144937.84970628362,146800.0853912264,312.99879323200196,0.32242513015244745,9.946769879343076E-6,7.800237810869114E-8,0.0015075429020432992,-1.1883157021941316E-6,-29.83583458482417,0.004915828781548726,1.0318677381853142E-10,5.208932026260677E-8,2.4509725568786977E-9,7.449807189368783E-11,1.0529078128193175E-10,1.7664219849405834E-10,-1.6246368423232997E-6
7.875E-6,7.875E-6,5.421529776968921,5.5E-8,1262.204896774653,1939.659887585144,0.6863660929088032,-2.1690914551582856,146247.47278716625,148121.25365689653,313.26457924647707,0.31973412885153,9.89051650415656E-6,7.923964219580229E-8,0.0014656023345664092,-1.0151327710161694E-6,-29.05200983579084,0.005104373059651834,0.6863654830098068,-2.1690416264025654,146247.68333628017,148121.46726223195,313.2646220719443,0.3197336945325735,9.89050744386969E-6,7.923984344326147E-8,0.0014655686664882199,-1.0150689516308375E-6,-29.050696721193162,0.005104160063353902,0.6863683309378467,-2.1692012038101818,146246.69822361213,148120.46982926008,313.2644221007343,0.31973572257341587,9.890549750940492E-6,7.923890372491473E-8,0.0014656764890609336,-1.0152961696974217E-6,-29.054877602928855,0.0051048162221718485,0.6863675598412644,-2.169139693056595,146246.9644620047,148120.739889748,313.2644762449684,0.31973517346468927,9.890538296003748E-6,7.923915815952254E-8,0.0014656349277409426,-1.0152171867616744E-6,-29.053259306443806,0.005104554564667296,0.6863669885845426,-2.169126222599493,146247.16255682317,148120.9399623943,313.26451635589916,0.3197347666697949,9.890529809765577E-6,7.923934665357086E-8,0.0014656258260807385,-1.0151892986698385E-6,-29.052914137094604,0.005104508305606714,9.6209123818044E-11,5.2139603916862434E-8,2.412700577707469E-9,6.940309436020637E-11,1.0559484317145306E-10,1.7640451532872277E-10,-1.5259773032429985E-6
7.9E-6,7.9E-6,5.438740982610092,5.5E-8,1368.3096377385812,2041.8299391606583,0.682689762057624,-2.10297034733799,147527.26601516147,149413.88479873654,313.5228575542716,0.31711042660896693,9.835891217286515E-6,8.046467739514171E-8,0.0014209259103635068,-8.797148684891454E-7,-26.781800494416302,0.004596326966094466,0.6826892393905031,-2.102918811143883,147527.4476799873,149414.06929035825,313.5228942954812,0.3171100527707669,9.835883449445296E-6,8.04648532766255E-8,0.0014208910886107317,-8.796619401607586E-7,-26.780484797357303,0.004596101840547817,0.6826918078002784,-2.103084050233916,147526.55271662382,149413.16268694692,313.5227137503106,0.31711188981027283,9.835921620958979E-6,8.046398899505675E-8,0.0014210027366445379,-8.798523468556141E-7,-26.78469926202456,0.004596809732333895,0.6826911441169038,-2.1030207339838776,147526.78344379953,149413.3969537891,313.5227604042576,0.31711141511154545,9.835911757346758E-6,8.046421232715515E-8,0.0014209599553945118,-8.797866065890503E-7,-26.78307837883176,0.004596531928768854,0.6826905965726847,-2.103006649680602,147526.97478108088,149413.59022836483,313.5227988929586,0.3171110234878679,9.835903619786711E-6,8.046439657715335E-8,0.0014209504389733796,-8.79762953189811E-7,-26.782724099113466,0.004596478043026764,8.923680956667331E-11,5.218832401510394E-8,2.37592556090398E-9,6.440948098249211E-11,1.0587989821642083E-10,1.7614442308234022E-10,-1.451129893670358E-6
7.925000000000001E-6,7.925000000000001E-6,5.455952188251264,5.5E-8,1473.7423578761736,2142.639749009921,0.6791307447885109,-2.0327690723227003,148776.66292125903,150674.9088979535,313.7731613385271,0.3145595318233544,9.782985884229594E-6,8.167378789634158E-8,0.001373492616434257,-7.353559563227919E-7,-25.502071469277325,0.004565739207436081,0.6791303121243977,-2.0327160181944297,148776.81420912844,150675.06277187163,313.7731917842976,0.31455922105621803,9.782979451202615E-6,8.167393629512142E-8,0.0013734567690502904,-7.353071629268015E-7,-25.50075042606977,0.004565511390893562,0.6791325915802124,-2.032886555284516,148776.01442751373,150674.25209432954,313.7730313864837,0.3145608582857374,9.783013343075938E-6,8.16731544761183E-8,0.0013735719968138622,-7.354843091889052E-7,-25.50498179461124,0.004566223863946561,0.6791320380995998,-2.032821811354717,148776.20803879245,150674.44893523026,313.7730703337752,0.31456046074183935,9.783005113701776E-6,8.167334431161947E-8,0.0013735282509153492,-7.354242079316009E-7,-25.503370407279135,0.004565946887368,0.6791315154419537,-2.032806978775567,148776.39203063567,150674.63481732793,313.7731071107573,0.31456008534526486,9.782997342617186E-6,8.167352357409965E-8,0.0013735182289024103,-7.354012869598137E-7,-25.50300827135993,0.004565892292788476,8.230315364905154E-11,5.2235395201852327E-8,2.3406809964621305E-9,5.953543115735731E-11,1.061456407321776E-10,1.7586421123557347E-10,-1.3702711161767098E-6
7.95E-6,7.95E-6,5.473163393892435,5.5E-8,1578.3795625526761,2241.774726896044,0.6756960466131212,-1.9585070986772426,149990.40272004073,151900.86625661358,314.01495836183886,0.31208761633649157,9.731906455074406E-6,8.286278161373643E-8,0.001323315607214353,-6.17946842424999E-7,-23.38160331615086,0.004139360199332032,0.6756957062885991,-1.9584528481019539,149990.52231837882,151900.98816356817,314.01498233245746,0.3120873709098098,9.731901392812514E-6,8.286290051882396E-8,0.001323278951420239,-6.179073540124592E-7,-23.38030063160022,0.004139127132077647,0.6756976875819678,-1.9586287831321414,149989.8226730873,151900.27843989784,314.0148427845764,0.3120887997005146,9.731930864162416E-6,8.286220828832218E-8,0.001323397826440636,-6.18053485652581E-7,-23.384522715576168,0.004139871700289177,0.6756972471030042,-1.9585622220057364,149989.97755263417,151900.43622269944,314.01487380942433,0.3120884820482571,9.7319243121239E-6,8.286236218465078E-8,0.0013233528527065786,-6.180045166104265E-7,-23.38292142288742,0.004139584642274485,0.675696750775776,-1.9585464594420803,149990.15350324684,151900.61401509744,314.01490876635137,0.31208812413228837,9.731916929355176E-6,8.286253559165826E-8,0.0013233422023257299,-6.179849597742759E-7,-23.382546676923084,0.004139522906655202,7.544205671835444E-11,5.2280730443496753E-8,2.3069988708002262E-9,5.47986402798438E-11,1.0639187287349506E-10,1.755662759554501E-10,-1.3061795614960214E-6
7.975E-6,7.975E-6,5.490374599533606,5.5E-8,1682.0715402009334,2338.934277363437,0.6723926230807293,-1.8802230624775425,151166.43733848515,153088.28833564252,314.2477219232882,0.309700877064927,9.682758331278595E-6,8.402728936800676E-8,0.0012704209881605017,-5.019385876892102E-7,-21.810029598306983,0.003972927841800811,0.6723923771853337,-1.88016758537064,151166.52400500013,153088.37702292635,314.2477392579169,0.3097006990565849,9.682754672084552E-6,8.402737682801934E-8,0.001270383503628811,-5.019043017284731E-7,-21.80874335522867,0.003972694971452029,0.6723940510951579,-1.880348843041119,151165.92945734388,153087.77327911856,314.2476212588769,0.3097019107921415,9.682779581694795E-6,8.40267814619235E-8,0.0012705059750277832,-5.02033396259094E-7,-21.812939304452584,0.003973442112538805,0.6723937268252808,-1.8802803632091776,151166.04385436795,153087.8902337786,314.24764411846394,0.3097016760482879,9.68277475620327E-6,8.402689679711275E-8,0.0012704597048710659,-5.019908134329399E-7,-21.811350306026952,0.0039731543456582585,0.6723932584274106,-1.8802636699925723,151166.2110160797,153088.05917736294,314.2476771364355,0.3097013369840458,9.682767785931854E-6,8.402706339248455E-8,0.001270448425670657,-5.019726680188796E-7,-21.810967601754783,0.003973091061084233,6.868781996437599E-11,5.232424644529359E-8,2.274909616394698E-9,5.021614911053574E-11,1.066185116143202E-10,1.7525311282538998E-10,-1.2426326745076594E-6
8.000000000000001E-6,8.000000000000001E-6,5.507585805174777,5.5E-8,1784.674890135249,2434.2053647094,0.6692273465448296,-1.797974974722079,152300.30314288836,154233.69485330238,314.4709323449001,0.3074054504748245,9.635645848798263E-6,8.516279902767838E-8,0.0012148479558932966,-4.0689599458687556E-7,-19.772643623246495,0.003581458096590495,0.6692271972959666,-1.7979181461016027,152300.3556109192,154233.74903352978,314.4709428748582,0.3074053420355029,9.635643626891277E-6,8.516285303216298E-8,0.0012148095581767586,-4.0686938035605635E-7,-19.77138181172836,0.0035812234147272193,0.6692285551374203,-1.7981041777317082,152299.87089165644,154233.25608551322,314.4708470822077,0.30740632853117467,9.635663841419064E-6,8.516236172252312E-8,0.001214935255224127,-4.069721019561712E-7,-19.77551304769804,0.0035819830394245855,0.6692283499234102,-1.7980343034793596,152299.94321490556,154233.33058263647,314.4708615604958,0.3074061794312715,9.635660786345038E-6,8.516243597674995E-8,0.0012148880428914592,-4.069389012784086E-7,-19.773958440972365,0.0035816935792070126,0.6692279108471964,-1.798016920634481,152300.10091109303,154233.48998724224,314.4708925354037,0.30740586044340173,9.635654249708681E-6,8.516259484644944E-8,0.0012148762977260007,-4.069237699866335E-7,-19.773575008495982,0.003581626645399183,6.20748733834871E-11,5.236586027229406E-8,2.244442061679017E-9,4.580433024541706E-11,1.0682559429612558E-10,1.7492730657079018E-10,-1.1920278381779455E-6
