% Model,pressure_envelope_cU_configured.mph
% Version,COMSOL 6.4.0.429
% Date,"Oct 8 2026, 22:17"
% Table,Table 4 - 
% Time (s),t (s),t/taucU (1),E0cU (J),cU.pdet*DP (Pa),cU.idcU(cU.pAc)/cU.idcU(1) (J/m^3),cU.r1 (1),cU.U1 (m/s),cU.pLP1 (Pa),cU.pVP1 (Pa),cU.Temp1 (K),cU.fv1 (1),cU.Rg1 (m),cU.R1-cU.Rg1 (m),abs(cU.U1)/cL (1),(cU.Sspec1-S0cU)/(100[J/(kg*K)]) (1),cU.pVP1-cU.pLP1-2*sigIcU/cU.Rg1 (N/m^2),cU.gLP1-cU.gVP1 (J/kg),cU.En (J),cU.Ei (N*m),cU.Ep (N*m),cU.Ea (J),E0cU*cU.ediss (J),E0cU*cU.erout (J),(cU.En+cU.Ei+cU.Ep+cU.Ea+E0cU*(cU.ediss+cU.erout)-E0cU)/E0cU (1),100*cU.Vb1/cU.ipcU(1) (1)
0,0,0,5.5E-8,-5.558042584053581E-23,-2.6537703740034905E-16,0.9999999999999963,-4.977398552119252E-7,67533.09770720282,71086.35152459225,293.15000000000015,0.49999999999999867,5.296553797556492E-6,9.543710714607846E-9,3.363107129810305E-10,-7.105427357601002E-16,3.3243395591853186E-8,1.3130829756846651E-11,2.3254557395084027E-23,4.683177553210897E-8,8.168224467685901E-9,1.3719829483028466E-35,1.2389426077705432E-31,3.1986000014454027E-55,-3.72911067715906E-12,0.0018675257828910433
2.5000000000000002E-8,2.5000000000000002E-8,0.047115606075896876,5.5E-8,-5.68763456848448E-5,-7.697332810933695E-4,0.9994492847464339,-0.23400733115852232,67619.77728090154,71174.3140642396,293.1812779685351,0.49975344479814865,5.293615781679725E-6,9.559577756680037E-9,1.5811306159359617E-4,-1.8683070521774425E-7,-0.6891295687137244,-4.288559796350455E-5,5.131501457840683E-12,4.683875213413455E-8,8.15578780082598E-9,3.1653335656713853E-13,1.0577713035418082E-14,2.580290074470989E-32,-2.6409309630831167E-8,0.0018644420569644468
5.0000000000000004E-8,5.0000000000000004E-8,0.09423121215179375,5.5E-8,-0.0012391569568970127,-0.015383960202011434,0.9979105776858994,-0.4197894486654512,67864.90816801791,71420.74391843416,293.26873716198,0.4990633341977973,5.285406734735723E-6,9.604095000820787E-9,2.836415193685481E-4,-1.3241210916703494E-6,-4.911973370989017,-2.948411063812273E-4,1.6437704306636977E-11,4.685823145154307E-8,8.121106003336054E-9,4.062050094041948E-12,8.096981999115591E-14,1.9776831801163118E-31,-1.487652730970877E-6,0.0018558440748184394
7.500000000000001E-8,7.500000000000001E-8,0.14134681822769063,5.5E-8,-0.014614517017791538,-0.16886801423189846,0.9956699673327059,-0.5321355172959426,68220.54376541087,71781.398802133,293.39631378799567,0.4980555580072157,5.2734525304077176E-6,9.66940231673935E-9,3.595510251999612E-4,-2.1199917327408003E-6,-7.964421020275495,-4.4145783678573025E-4,2.6235779371163913E-11,4.688664060993413E-8,8.070778385552601E-9,1.599721581738891E-11,2.312364905229673E-13,1.0984939799865475E-29,-2.1231424399103905E-6,0.001843371332083402
1.0000000000000001E-7,1.0000000000000001E-7,0.1884624243035875,5.5E-8,-0.12131841588802576,-1.3124829050240385,0.9930695468401274,-0.5724035732806162,68634.22574242449,72202.65818677588,293.5446931842693,0.49688154602996276,5.259577923536599E-6,9.745924491729971E-9,3.867591711355515E-4,-2.5924787830433617E-6,-9.801450764136462,-5.265210227491934E-4,3.011944219735146E-11,4.691965069707871E-8,8.012628196953445E-9,3.701342366253906E-11,4.3279715612467604E-13,1.034334839324157E-28,-2.826235487932482E-6,0.0018289658597502605
1.2500000000000002E-7,1.2500000000000002E-7,0.23557803037948438,5.5E-8,-0.7810035749551217,-7.918603689288542,0.9903936891850498,-0.5638555958982682,69060.42650524432,72639.17730805947,293.6977338455883,0.4956685398711192,5.245299994438676E-6,9.825491953557218E-9,3.809835107420731E-4,-2.4378187171691934E-6,-9.223196756635843,-5.066763721117695E-4,2.8990963467943015E-11,4.695366602404243E-8,7.95308127397675E-9,6.347039264974353E-11,6.46228712865273E-13,2.3499141140281553E-27,-2.6384936411779916E-6,0.0018142210405896894
1.5000000000000002E-7,1.5000000000000002E-7,0.28269363645538126,5.5E-8,-4.084062613691001,-38.69977030282001,0.9877929138202186,-0.540165372789907,69477.38584074803,73066.40767183255,293.84681743971026,0.49448465886812243,5.231421877839046E-6,9.903640870283338E-9,3.6497660323642363E-4,-2.2496413650685555E-6,-8.470483523836265,-4.960540180434236E-4,2.6396993868819046E-11,4.698675417950994E-8,7.895486566775035E-9,9.038917191663597E-11,8.472886652806417E-13,3.003468369518041E-26,-2.2872593505963436E-6,0.001799966097906591
1.7500000000000002E-7,1.7500000000000002E-7,0.32980924253127814,5.5E-8,-17.767181929604885,-156.32473140364422,0.9852624501040621,-0.5336991227508963,69886.35430954583,73484.90423964262,293.99218739437947,0.49332809818149825,5.217918174160715E-6,9.980457329546272E-9,3.606075153722272E-4,-2.1657200616687076E-6,-8.25250946563574,-4.506982745908772E-4,2.5571255405149887E-11,4.701896900998629E-8,7.839714520270158E-9,1.1460561942063935E-10,1.0371106907184146E-12,3.730041776618962E-25,-1.8633495826070608E-6,0.0017861683957531775
2.0000000000000002E-7,2.0000000000000002E-7,0.376924848607175,5.5E-8,-65.09137210070108,-526.1951206335553,0.9826710143366456,-0.5658794653948285,70310.0417476512,73916.3736198188,294.1413778260188,0.4921388047274466,5.2040882873565545E-6,1.0059933265374093E-8,3.8235099013164084E-4,-2.5445199011642215E-6,-10.05566025062899,-3.92670629054237E-4,2.8521712023469956E-11,4.705196979526027E-8,7.782869492448194E-9,1.353001803584501E-10,1.2353541479867245E-12,4.9135378294621606E-24,-1.881195665990982E-6,0.0017721115010623332
2.2500000000000002E-7,2.2500000000000002E-7,0.42404045468307183,5.5E-8,-202.00505815014506,-1477.9315915360119,0.979824063371062,-0.6421687255414157,70780.8440136286,74393.78241757826,294.30565109012895,0.49082656484138265,5.188893820537105E-6,1.0148200660170336E-8,4.3389778752798356E-4,-3.3978065577855433E-6,-14.038876932896983,-2.864059221963089E-4,3.6412114136575926E-11,4.7088238832652916E-8,7.720734732004619E-9,1.530034079231025E-10,1.4735934344428087E-12,5.729883496566714E-23,-2.4967245142531734E-6,0.0017567538316840756
2.5000000000000004E-7,2.5000000000000004E-7,0.47115606075896876,5.5E-8,-532.56827830097,-3455.7397295054006,0.9765380845525342,-0.7523992039031372,71330.60019232029,74949.27050299493,294.49574442906453,0.4893045518227522,5.17135495674461E-6,1.0251340431442816E-8,5.083778404750927E-4,-4.83304256675865E-6,-20.60801336584609,-1.6250393687755604E-4,4.9484308784814114E-11,4.7130122949470774E-8,7.649427321758975E-9,1.6896711088254095E-10,1.789507306031105E-12,6.0607691149605E-22,-3.796396295626929E-6,0.0017391384709754246
2.75E-7,2.75E-7,0.5182716668348656,5.5E-8,-1195.518278304307,-6703.8254854260285,0.9727028733739117,-0.8755570646451861,71978.78717754186,75603.713447934,294.71828063707477,0.48751811905714665,5.150882838101953E-6,1.0373454595517937E-8,5.915926112467474E-4,-6.623709572863845E-6,-28.816319283024768,-2.2523171764987637E-5,6.62236046222961E-11,4.717905278352183E-8,7.566754062653317E-9,1.8544224643953793E-10,2.2179560779171374E-12,5.8772379627660886E-21,-5.624485076710694E-6,0.0017187282000614718
3.0000000000000004E-7,3.0000000000000004E-7,0.5653872729107625,5.5E-8,-2294.292502786421,-10775.121414448911,0.968315015550053,-0.9872416622083519,72727.12771235536,76360.62359302239,294.97377716542576,0.48546100360121175,5.127458391236405E-6,1.0515499995240574E-8,6.670551771678053E-4,-8.399433646388843E-6,-36.93858490877756,7.479391797460266E-5,8.306159477499923E-11,4.723510537043333E-8,7.472895428083114E-9,2.0573949538497687E-10,2.7764883356116697E-12,5.381691104544957E-20,-7.665871530065969E-6,0.001695573442798368
3.25E-7,3.25E-7,0.6125028789866593,5.5E-8,-3794.7862016798767,-14432.281960292468,0.9634739633059899,-1.0681004728630148,73559.30414508414,77205.94613344558,295.2567768416893,0.4831749484465496,5.1016116270412305E-6,1.0675168940782007E-8,7.216895086912263E-4,-9.602594946755971E-6,-42.38833692715343,5.8240497452288764E-5,9.577397025090761E-11,4.729704837553453E-8,7.370240114351344E-9,2.329708082688603E-10,3.4538303520745733E-12,4.735893387641699E-19,-9.325468521733645E-6,0.0016702695163553227
3.5000000000000004E-7,3.5000000000000004E-7,0.6596184850625563,5.5E-8,-5488.698341243383,-16440.535321787516,0.9583407365374278,-1.111281661961896,74449.06770268476,78114.16616412223,295.55813550369544,0.4807319036630886,5.074201455316917E-6,1.0847938899037388E-8,7.508659878120919E-4,-9.977872761766094E-6,-43.85952253846199,-1.4100463336319535E-4,1.0202614634301871E-10,4.7362844778958976E-8,7.262412995349514E-9,2.679483759499734E-10,4.212652089527198E-12,3.802035827981656E-18,-1.0091772853747878E-5,0.001643714756712584
3.75E-7,3.75E-7,0.7067340911384531,5.5E-8,-7094.212330468051,-16600.256588162385,0.9530708122909847,-1.1259724564719555,75372.4778924309,79059.45147320675,295.8688829381325,0.4782032194304353,5.046057547505368E-6,1.1029114797756728E-8,7.607922003188889E-4,-9.774232435120211E-6,-42.67076489835608,-4.125995015584749E-4,1.0302304793052608E-10,4.7430501875716937E-8,7.152805478980548E-9,3.081134477478997E-10,5.00920581393406E-12,2.735892302518106E-17,-9.943935477030129E-6,0.0016167471904822914
4.0000000000000003E-7,4.0000000000000003E-7,0.75384969721435,5.5E-8,-8409.887570893521,-15659.605133648629,0.9477468384930144,-1.1339649247761057,76320.03540520977,80027.84096781953,296.18420632924716,0.47562714240182075,5.017620969410631E-6,1.1216168788983437E-8,7.66192516740612E-4,-9.759644974707271E-6,-42.975956108777154,-4.149206966417296E-4,1.0274948174935746E-10,4.749893610884058E-8,7.0431906830854545E-9,3.487779720557562E-10,5.8180102885478354E-12,1.8392544600411942E-16,-9.592000997491178E-6,0.0015898041981752891
4.2500000000000006E-7,4.2500000000000006E-7,0.8009653032902468,5.5E-8,-9363.399911586954,-14253.559143497489,0.9423439190077634,-1.1592476730226629,77301.24814609566,81024.53751414582,296.50561860835774,0.4729905338449015,4.988758480105767E-6,1.1410240475767704E-8,7.832754547450425E-4,-1.0703775424900641E-5,-49.19231753366557,2.87517490946243E-4,1.0555629527757447E-10,4.756844300384145E-8,6.933092351168275E-9,3.8570680958313335E-10,6.645460116755372E-12,1.1701667896120741E-15,-1.0089269927697181E-5,0.0015627694165923013
4.5000000000000003E-7,4.5000000000000003E-7,0.8480809093661437,5.5E-8,-9952.922921764564,-12567.810010844487,0.9367470808043621,-1.2161843191350172,78340.07548061838,82072.02212285259,296.84006307944804,0.47023534697512154,4.958855440191872E-6,1.1615911144398614E-8,8.217461615777144E-4,-1.2944091376709822E-5,-63.28397640060348,0.0018849860324081646,1.1412196309960884E-10,4.7640494855996184E-8,6.820249081071511E-9,4.169268125730094E-10,7.526430990662903E-12,6.753042755069849E-15,-1.2256422295888484E-5,0.001535089324471837
4.7500000000000006E-7,4.7500000000000006E-7,0.8951965154420406,5.5E-8,-10215.726242935334,-10941.379466565742,0.9308095262618585,-1.3039445245545773,79464.21637288181,83200.23191922937,297.1965405735464,0.46728564616280716,4.927126703594175E-6,1.183940437889376E-8,8.810435976720117E-4,-1.6210894362984617E-5,-83.65484821961672,0.004174447370473899,1.287075701288149E-10,4.771700158099766E-8,6.701871368839051E-9,4.429793312010376E-10,8.509793914510422E-12,3.4438478830092966E-14,-1.6289389820028375E-5,0.0015060835481157818
5.000000000000001E-7,5.000000000000001E-7,0.9423121215179375,5.5E-8,-10245.984039511226,-9895.77193406941,0.924416779831586,-1.409576133288084,80694.65746942526,84434.7736855588,297.5822885200416,0.46407884123013016,4.892959252920007E-6,1.2086319148382688E-8,9.524163062757325E-4,-1.9818958068356097E-5,-106.22687138934543,0.006667192039870429,1.473275455615592E-10,4.779947793180797E-8,6.575946207225385E-9,4.662542723743445E-10,9.640721802405053E-12,1.5735640071114103E-13,-2.174481504780515E-5,0.0014752650937030016
5.250000000000001E-7,5.250000000000001E-7,0.9894277275938343,5.5E-8,-10175.252031591757,-9616.559949495784,0.9175263341743337,-1.5153988527952873,82039.38833046552,85788.86376346585,298.0003373568456,0.4605862038036222,4.8561241971035426E-6,1.2359998432023257E-8,0.0010239181437805996,-2.2919245373316245E-5,-126.04323911791062,0.00881811844373459,1.664995084846347E-10,4.788851947411023E-8,6.441980256292397E-9,4.89886413600718E-10,1.0944977836216766E-11,6.478584964039349E-13,-2.766383962556033E-5,0.001442521251824175
5.5E-7,5.5E-7,1.0365433336697312,5.5E-8,-10127.573970857631,-10072.526723271458,0.9101736011392217,-1.6059529460248774,83492.89997317178,87261.09143326594,298.4490355155338,0.45681752109894985,4.816808900744191E-6,1.2660976354784623E-8,0.001085103341908701,-2.480542386265938E-5,-138.9595994158608,0.010188157425545796,1.8253316680654853E-10,4.798370898026925E-8,6.301030055080931E-9,5.161839556030632E-10,1.241986735353108E-11,2.3183779551951475E-12,-3.282903511777128E-5,0.0014081188468957361
5.75E-7,5.75E-7,1.083658939745628,5.5E-8,-10206.101353038384,-11255.171969538944,0.9024494593213674,-1.6731078180594385,85041.32843903016,88838.58022933839,298.92328485763153,0.4528115980980304,4.775497349101114E-6,1.2987478344613048E-8,0.0011304782554455665,-2.5261917484726838E-5,-143.6989890995842,0.010657092928287426,1.9311677175803163E-10,4.8083889083017074E-8,6.155172109521158E-9,5.449525181494886E-10,1.4036389349359238E-11,6.832204851213913E-12,-3.6380424612158396E-5,0.0013725724374411016
6.000000000000001E-7,6.000000000000001E-7,1.130774545821525,5.5E-8,-10470.689144950047,-12791.034046014967,0.8944596947158243,-1.718650180731648,86671.41712637644,90504.22568667406,299.4169307838603,0.44861676089380137,4.732753567625875E-6,1.3336789754706235E-8,0.0011612501221159785,-2.4844583443979217E-5,-143.734847484503,0.010678264900608525,1.9840873575202744E-10,4.818767496862474E-8,6.006665010315319E-9,5.733125444348735E-10,1.575340451111896E-11,1.606574119494471E-11,-3.853809394502318E-5,0.001336438361049182
6.25E-7,6.25E-7,1.1778901518974219,5.5E-8,-10882.714690752404,-13818.529827769087,0.8862815931969896,-1.7529217187980652,88378.55906171179,92245.48976708221,299.9254280473581,0.44426845123848846,4.688989500186101E-6,1.3707053103003056E-8,0.0011844065667554495,-2.4726241865522524E-5,-146.72724785234414,0.011316704864434257,2.007907671179777E-10,4.829402302991697E-8,5.857129968633941E-9,5.979971253455052E-10,1.7537501026791285E-11,3.0296338150254373E-11,-4.045945106483124E-5,0.0013001150795066863
6.5E-7,6.5E-7,1.2250057579733187,5.5E-8,-11291.145329624505,-13570.220055714155,0.8779353104896065,-1.7898930769551213,90169.93017932498,94061.17780003799,300.4476956815062,0.43977305144105333,4.6443115817435096E-6,1.4098781668622529E-8,0.0012093872141588657,-2.6121152858138432E-5,-161.02141179122873,0.013835742068172507,2.0349102132839207E-10,4.840262522458571E-8,5.707077814174585E-9,6.176369540033199E-10,1.937806329532796E-11,4.7386715006823175E-11,-4.371286556075965E-5,0.0012637295953019608
6.750000000000001E-7,6.750000000000001E-7,1.2721213640492157,5.5E-8,-11505.455479240187,-11965.407584281205,0.8693804905153233,-1.8413385546144354,92062.39605354295,95963.48090698644,300.98645364053107,0.4351042137266687,4.598502177515092E-6,1.4515476947788629E-8,0.0012441476720367807,-2.967497184371837E-5,-191.55211257178325,0.01909475744520428,2.0912237781140831E-10,4.851397738041886E-8,5.555935556444098E-9,6.32516343655032E-10,2.1290973189386305E-11,6.440849263352428E-11,-4.997956086727902E-5,0.0012271461146440268
7.000000000000001E-7,7.000000000000001E-7,1.3192369701251125,5.5E-8,-11414.52507829776,-9795.193328201596,0.8605332317283345,-1.9139812309386801,93954.58696340914,97976.10638364733,301.54759157030554,0.43021191408871284,4.551109930354891E-6,1.4963306303317785E-8,0.001293230561445054,-1.9505609947998437E-5,-113.73555887684961,0.0035310649235045233,2.191199164238621E-10,4.862968699522918E-8,5.402433286530633E-9,6.434390945723744E-10,2.332199860441136E-11,7.950022702562043E-11,-4.542693843496447E-5,0.0011900618839317282
7.25E-7,7.25E-7,1.3663525762010094,5.5E-8,-11064.733454834646,-8217.76058225257,0.8513013689765124,-2.0046751561770275,96116.82989278654,100125.20124851739,302.13670173028,0.42503308345691854,4.501638194593129E-6,1.544987812093574E-8,0.0013545102406601537,-2.7739418670904572E-5,-172.32891080867375,0.011496556737698338,2.3272422792504124E-10,4.8749887641887116E-8,5.245272820239797E-9,6.517165359224887E-10,2.5513026833295506E-11,9.209018813536961E-11,-5.082834648885129E-5,0.0011521701027983706
7.5E-7,7.5E-7,1.4134681822769062,5.5E-8,-10618.056264911324,-7765.373532950955,0.8416232828071335,-2.103512172406537,98366.27306200098,102434.04626304845,302.7588114436733,0.41952609998320384,4.449753084219118E-6,1.5982119586772306E-8,0.001421292008382795,-2.4695448749980643E-5,-161.67496018745624,0.010372210613610378,2.475978628854735E-10,4.887634776919331E-8,5.083789936542607E-9,6.592483994917129E-10,2.7893797773441597E-11,1.0237936567721269E-10,-4.987033520447586E-5,0.0011133195373950373
7.750000000000001E-7,7.750000000000001E-7,1.4605837883528032,5.5E-8,-10223.850094268757,-8053.3062864554595,0.831488139085682,-2.198812272424419,100823.24182618827,104913.74426287666,303.41479984832154,0.41367022778341495,4.395391965959499E-6,1.6565177000027287E-8,0.001485683967854337,-2.9295627492587072E-5,-191.25449096519787,0.011963727098827759,2.6088440097371156E-10,4.9008562507125155E-8,4.918236706339925E-9,6.678816673947719E-10,3.0474848618393976E-11,1.1103170656759002E-10,-5.3239326917367E-5,0.001073580913713258
8.000000000000001E-7,8.000000000000001E-7,1.5076993944287,5.5E-8,-9942.330956935173,-8529.505272046108,0.8209342674593865,-2.281336071601397,103428.78447153508,107565.05557474267,304.10298532272174,0.40747694379498917,4.338755460145722E-6,1.720181087490459E-8,0.0015414432916225655,-2.812540967397581E-5,-201.37829254054213,0.015654340724014393,2.702759137942072E-10,4.914644450566054E-8,4.749668668523009E-9,6.784801685496371E-10,3.323888954316791E-11,1.189760431709916E-10,-5.301474106272246E-5,0.0010332175145384551
8.25E-7,8.25E-7,1.5548150005045969,5.5E-8,-9774.540073388604,-9051.484696674172,0.8100297241497031,-2.3476782808282843,106221.22473124613,110379.70342725176,304.8191949623501,0.4009733460599718,4.2802035608728474E-6,1.789314006343384E-8,0.0015862691086677596,-3.0942286813484546E-5,-238.50844078420778,0.023398824805476615,2.749689864488856E-10,4.928873971189188E-8,4.579552382810012E-9,6.903095637718714E-10,3.6150885012498285E-11,1.2723051884538232E-10,-5.54172948994669E-5,9.925890351403378E-4
8.500000000000001E-7,8.500000000000001E-7,1.6019306065804937,5.5E-8,-9705.609256957787,-9552.632958835498,0.7988429626462278,-2.401077207634952,109126.39434701143,113348.61590035324,305.5594533127176,0.3941912317916552,4.22009864579173E-6,1.8640007805337842E-8,0.0016223494646182106,-2.9072921651476236E-5,-237.3898395736769,0.023421987491239804,2.7586728369473826E-10,4.9434791576550586E-8,4.409263113972916E-9,7.010631335223913E-10,3.9174000284353314E-11,1.3682453425207985E-10,-5.484286768969551E-5,9.520304678298815E-4
8.750000000000001E-7,8.750000000000001E-7,1.6490462126563905,5.5E-8,-9685.596094652157,-9590.977929468243,0.7874170869195827,-2.4490910711058866,112205.60384657071,116467.52535634152,306.32098516522746,0.3871474489523022,4.158667046976127E-6,1.9444795897973665E-8,0.0016547912642607342,-2.9997347317447522E-5,-263.56701513635016,0.029679895701850256,2.7487048435001144E-10,4.95837279285957E-8,4.239701886728272E-9,7.077003917748523E-10,4.2283469077354856E-11,1.4864142520595782E-10,-5.5898441233824786E-5,9.117612077488972E-4
9.000000000000001E-7,9.000000000000001E-7,1.6961618187322873,5.5E-8,-9609.280569041404,-8741.407800363986,0.7757575040415566,-2.500197521131562,115400.41162222449,119742.30426504595,307.10372974696355,0.3798379626735702,4.095932239360173E-6,2.0312719857353744E-8,0.0016893226494132175,-2.7780424118049042E-5,-252.9099320716914,0.025671301532167234,2.73924171539323E-10,4.9735607002089385E-8,4.0711651677445174E-9,7.079357321408478E-10,4.547471507803161E-11,1.628822332917638E-10,-5.474505665696665E-5,8.718556016242563E-4
9.25E-7,9.25E-7,1.7432774248081842,5.5E-8,-9374.943448410777,-7261.535120670077,0.7638362083865567,-2.560141277946412,118811.22606705992,123188.3219158662,307.9095782707634,0.3722366415227589,4.031737105599248E-6,2.1252296447920207E-8,0.0017298251878016297,-2.8308343699308127E-5,-290.8672418086653,0.03666440839933216,2.741778562351648E-10,4.9890514629794345E-8,3.903476038598473E-9,7.016213090346103E-10,4.876054404392394E-11,1.7840405301839405E-10,-5.537398681979847E-5,8.322759228032746E-4
9.500000000000001E-7,9.500000000000001E-7,1.7903930308840812,5.5E-8,-8963.185063262139,-5829.026016173816,0.7516081379643987,-2.6304201559876317,122370.73245111652,126827.53465195827,308.741855049605,0.3643055737116397,3.965831213147042E-6,2.2274854902149625E-8,0.0017773109162078592,-2.6330931328715225E-5,-288.73511239796517,0.03441836840546131,2.757582312412168E-10,5.0049115375082336E-8,3.736269794896302E-9,6.907184397982502E-10,5.216352787434964E-11,1.929834747272891E-10,-5.438466145925245E-5,7.929412800749823E-4
9.75E-7,9.75E-7,1.8375086369599778,5.5E-8,-8433.141373222465,-4812.809625833638,0.7390315331682457,-2.708135605081169,126178.99337950133,130682.5049953455,309.60345480054525,0.35600682517613946,3.897980000014173E-6,2.3393376663640326E-8,0.0018298213547845738,-2.5928820442970845E-5,-324.63013961162596,0.04454490432890168,2.778648215464658E-10,5.021169531163248E-8,3.5692947653287015E-9,6.77598271711767E-10,5.570447931102291E-11,2.048524851353243E-10,-5.436118789519062E-5,7.537989262131912E-4
1.0000000000000002E-6,1.0000000000000002E-6,1.884624243035875,5.5E-8,-7864.33529488178,-4237.984373501051,0.7260856632082424,-2.787239308685593,130191.91967872361,134771.01218194343,310.49600272094625,0.347315129984023,3.828060219614396E-6,2.4621108726242304E-8,0.0018832698031659412,-2.3620935753143613E-5,-337.2355899405793,0.047456377571720054,2.791360805697856E-10,5.037849831567651E-8,3.4026317157732846E-9,6.634861843281995E-10,5.939216587985898E-11,2.1392136858636495E-10,-5.3348530654529824E-5,7.148751341256655E-4
1.0250000000000001E-6,1.0250000000000001E-6,1.9317398491117719,5.5E-8,-7324.345973431464,-4071.7657650105457,0.7127811547592092,-2.8604496303670737,134461.49829250772,139101.40866443593,311.41874343845865,0.33822600530742924,3.7561160786565323E-6,2.597023055391852E-8,0.0019327362367345092,-2.162500149879065E-5,-370.58440669200354,0.05794743944349534,2.7812571290721277E-10,5.054914659335393E-8,3.236778635395844E-9,6.484471971991548E-10,6.321718530987473E-11,2.213894430694228E-10,-5.264059571929037E-5,6.76293530490232E-4
1.0500000000000001E-6,1.0500000000000001E-6,1.9788554551876687,5.5E-8,-6856.855961773257,-4156.32397881641,0.6991605825441756,-2.9214621682084947,138951.21335418444,143670.97130482885,312.3686595951517,0.32875844015211975,3.6823631632113114E-6,2.745106170772269E-8,0.001973960924465199,-1.799014109366226E-5,-391.0904816942002,0.065658646021717,2.738011558147665E-10,5.0722973767279725E-8,3.0725927763158397E-9,6.32030413808642E-10,6.715091824130609E-11,2.2864574383366027E-10,-5.100408556483567E-5,6.382596842154122E-4
1.075E-6,1.075E-6,2.0259710612635655,5.5E-8,-6465.801449524722,-4189.76652676537,0.6852890069929679,-2.9670172002146766,143657.57060904027,148467.17414384612,313.34088398667313,0.3189501027288007,3.6071381885059694E-6,2.9072103945007118E-8,0.002004741351496403,-1.4029867231357685E-5,-407.82896056383834,0.07221444256688869,2.659288114088923E-10,5.089890407604418E-8,2.9111147527512178E-9,6.135775750982424E-10,7.115154035274484E-11,2.3662454927901646E-10,-4.906718301285769E-5,6.010185852739976E-4
1.1E-6,1.1E-6,2.0730866673394623,5.5E-8,-6114.464526166901,-3921.177951705297,0.6712381846547602,-2.9975326556246253,148579.16219256693,153472.21050120788,314.32989943331336,0.30884807267835657,3.5308142211562542E-6,3.08410378967977E-8,0.002025359902449071,-8.779759764792062E-6,-437.1669961554917,0.08672252990697871,2.5507142594494814E-10,5.1075852671172085E-8,2.7533466076749796E-9,5.923040356894292E-10,7.517322432169956E-11,2.4569224722492345E-10,-4.654159948979962E-5,5.648024460852394E-4
1.125E-6,1.125E-6,2.120202273415359,5.5E-8,-5743.010894223009,-3211.245117884119,0.6570761732043171,-3.01420637905908,154199.8039315437,158666.83247139785,315.3299254932204,0.29850341793132373,3.453744821104074E-6,3.2765424279675316E-8,0.0020366259317966756,-1.1311100617064086E-5,-982.1291063623685,0.3073556106351987,2.4193414193561923E-10,5.125244178474376E-8,2.6001278820249525E-9,5.675026620973973E-10,7.916820928543758E-11,2.5574451460874004E-10,-5.601464189266426E-5,5.298022078770245E-4
1.15E-6,1.15E-6,2.167317879491256,5.5E-8,-5292.533376680695,-2091.4251780872128,0.6428509944769415,-3.024237260907569,159125.82801823367,164034.2465565866,316.3379893503008,0.28795127237644336,3.3761741521348995E-6,3.485590784881056E-8,0.0020434035546672766,2.550890308228304E-5,-665.9384562645937,0.23231928483284037,2.2806925654854405E-10,5.142949204462344E-8,2.451978257717373E-9,5.389790411004906E-10,8.311398246393211E-11,2.662208976148147E-10,-3.902763511656092E-5,4.961323737090384E-4
1.1750000000000002E-6,1.1750000000000002E-6,2.2144334855671532,5.5E-8,-4735.518055596227,-843.2860310544413,0.628586870916455,-3.0307490321245463,164532.955717184,169561.9887467615,317.3493666476391,0.27721333946960625,3.2982168542885625E-6,3.7126375213179235E-8,0.002047803400084153,1.9914168713057735E-5,-677.0805558676184,0.21136276748302407,2.1414106948488848E-10,5.1603674278152456E-8,2.3091035830831706E-9,5.073706224853732E-10,8.699665783576056E-11,2.761643248E-10,-4.635389378825108E-5,4.6383393980328877E-4
1.2000000000000002E-6,1.2000000000000002E-6,2.26154909164305,5.5E-8,-4086.8272947612695,283.04937092750697,0.6143026419874317,-3.0327808589581475,170109.92065919138,175245.23365875505,318.3633226013673,0.2663192657950963,3.2199569270212383E-6,3.959279095263795E-8,0.0020491762560528024,4.67417704869888E-5,-709.4856814578998,0.2712717477260753,2.0013974531501082E-10,5.177713894545797E-8,2.1716187171019343E-9,4.739254353523874E-10,9.080412229516764E-11,2.84657670513549E-10,-3.11884357086683E-5,4.3292608670278686E-4
1.2250000000000001E-6,1.2250000000000001E-6,2.308664697718947,5.5E-8,-3373.7204661574933,1336.6264878040631,0.6000276367620747,-3.026883370811669,175638.4243963964,181063.5770416738,319.3755464802358,0.25529562136681067,3.1415341676740712E-6,4.227098064298163E-8,0.0020451914667646413,6.0593346902777514E-5,-565.5509395045547,0.22289068126548273,1.8578442494218506E-10,5.1947751471945926E-8,2.039703090423829E-9,4.398095156909884E-10,9.452269566211128E-11,2.9133945609489524E-10,-1.9806277092137907E-5,4.034413130270155E-4
1.25E-6,1.25E-6,2.3557803037948437,5.5E-8,-2613.526458950023,2356.1357663985405,0.5858103340572447,-3.0083341965488235,181313.42236412058,186993.05452616996,320.38177827660303,0.2441972279274981,3.0631937438295176E-6,4.517301003110023E-8,0.0020326582409113674,8.366525314215778E-5,-464.2821880993506,0.21743686842404486,1.70776239072576E-10,5.211551425012941E-8,1.913657777585108E-9,4.057220124924121E-10,9.812972302756639E-11,2.9645621674843153E-10,4.658528281829858E-6,3.754375371536421E-4
1.275E-6,1.275E-6,2.4028959098707405,5.5E-8,-1834.2978072019264,3121.316152050432,0.5717206020818794,-2.97277404004132,186931.95124229923,192993.94836722384,321.3756428529909,0.23309369017088855,2.985299682326945E-6,4.830557980697892E-8,0.002008631108136027,1.1183816752975417E-4,-242.22757700896636,0.1681899930073314,1.5501708196884156E-10,5.2279303494096277E-8,1.7938919837214128E-9,3.7197145746833536E-10,1.0159489062014664E-10,3.005545036460039E-10,4.242566401837517E-5,3.489941390486666E-4
1.3E-6,1.3E-6,2.4500115159466374,5.5E-8,-1082.4502384505627,3537.730574060319,0.5578464250023262,-2.9168629613735853,192504.74729089937,199015.68388054153,322.3495031444419,0.2220732728631122,2.9083198389415266E-6,5.1667686761268064E-8,0.0019708533522794494,1.3966360053402127E-4,39.84639247544783,0.09657777960069325,1.3863735908383616E-10,5.2437801804593965E-8,1.6808643495103278E-9,3.3867083324459523E-10,1.0488221171870072E-10,3.042016430088535E-10,9.196729382322509E-5,3.2419817742842627E-4
1.325E-6,1.325E-6,2.497127122022534,5.5E-8,-382.0013538671402,3914.373131058885,0.5442890553791734,-2.8383132368977533,197987.97373019348,204998.9590880914,323.2951277707255,0.2112379926428174,2.8328018388689134E-6,5.524896165775958E-8,0.0019177792141201035,1.689661129988451E-4,367.3861686533537,0.011741299355662704,1.2193088998973174E-10,5.2589884404682206E-8,1.575023605164323E-9,3.0594015407774624E-10,1.0795460421129537E-10,3.078158465660968E-10,1.5544553984342787E-4,3.011309616550949E-4
1.3500000000000002E-6,1.3500000000000002E-6,2.5442427280984314,5.5E-8,295.6458518361593,4622.736714595526,0.5312360599412488,-2.70328819761692,204832.34678016018,210824.10609824967,324.1926458857363,0.200745933305154,2.75978605960723E-6,5.900427435079682E-8,0.0018265460794708917,-4.46559072581465E-5,-827.6098625340401,0.13798052243862458,1.0283753579986119E-10,5.272487666483993E-8,1.4773343234653083E-9,2.7397222674893105E-10,1.1071124669005188E-10,3.115342202286544E-10,2.3022141322300085E-5,2.7998144284410655E-4
1.3750000000000002E-6,1.3750000000000002E-6,2.5913583341743283,5.5E-8,1006.9286406985763,5732.887209379437,0.518920426914236,-2.5248129604441885,209314.25337936587,216413.71083023242,325.0406460409917,0.19084435685115084,2.6905872687548365E-6,6.285511548577655E-8,0.00170595470300283,1.1516679019962339E-4,104.70198667764635,0.04340318165191093,8.361131891414775E-11,5.286230117070927E-8,1.388877701703207E-9,2.438052596238079E-10,1.1310218864796721E-10,3.151612960872493E-10,1.2470792155711547E-4,2.6095697324491165E-4
1.4000000000000001E-6,1.4000000000000001E-6,2.638473940250225,5.5E-8,1792.0079856355987,7061.518142049892,0.5075299302963067,-2.310731748947357,214923.59638323344,221608.32984788888,325.8106420519815,0.1816618985903982,2.626292502514188E-6,6.671079600405974E-8,0.0015613052357752414,-9.037043578246085E-6,-481.26193836358743,0.08032180001782763,6.552219197624542E-11,5.2977243990310847E-8,1.3102138027720306E-9,2.1613018082418605E-10,1.1510430464864445E-10,3.1828408565730694E-10,4.542829435014647E-5,2.4414710707108123E-4
1.4250000000000001E-6,1.4250000000000001E-6,2.685589546326122,5.5E-8,2656.287897558877,8392.611616507582,0.4972247662240135,-2.0639712624302495,219008.65739760664,226356.90113125075,326.50494424651623,0.1733711526253167,2.5678551249345953E-6,7.046796817733255E-8,0.0013945751773177361,7.574234152485815E-5,19.169823962634837,0.04109498476418594,4.915525476306575E-11,5.3086083044792114E-8,1.2416042105296157E-9,1.9146979334753134E-10,1.1670701238602108E-10,3.205003818663041E-10,1.003581397210223E-4,2.2957514277934822E-4
1.45E-6,1.45E-6,2.7327051524020187,5.5E-8,3579.77574191258,9603.68694014312,0.4881433126399972,-1.7912478949964192,223326.33177884904,230547.61333735345,327.1067885858816,0.1660686635294591,2.5161256630927225E-6,7.401035178557649E-8,0.0012103026317543373,3.208273254529104E-7,-258.4720468330852,0.04047025150521222,3.503142803603799E-11,5.317486354287305E-8,1.1831229455469493E-9,1.7028754931743644E-10,1.1792866683220115E-10,3.2161040732392524E-10,5.171890781075539E-5,2.1722441607524288E-4
1.475E-6,1.475E-6,2.7798207584779155,5.5E-8,4533.880012150851,10659.823396029953,0.48039719861781055,-1.497082854672408,226502.04691377224,234142.421263117,327.6177267383716,0.15986121106597423,2.4718162832288235E-6,7.721809533756674E-8,0.0010115424693732486,4.268648058655345E-5,26.539887741373605,0.01772077397549765,2.3323703559981056E-11,5.325304058554836E-8,1.1346854116718875E-9,1.528525384394074E-10,1.188021423905158E-10,3.21672102497605E-10,7.957243832272625E-5,2.0704655318027422E-4
1.5E-6,1.5E-6,2.8269363645538124,5.5E-8,5491.170525653803,11555.415354215509,0.4740810538540963,-1.1842291651211438,229456.9924273648,237070.79442413984,328.028617966605,0.15480928352224366,2.435550651371095E-6,7.996964720267146E-8,8.001548412980701E-4,-3.3145364487552343E-6,-113.40334358825385,0.010754608076013028,1.4025997579621118E-11,5.331294799029426E-8,1.0961611818612378E-9,1.393226368776478E-10,1.1937496217012614E-10,3.209161787779964E-10,4.9980864743355595E-5,1.9898686278117654E-4
1.5250000000000002E-6,1.5250000000000002E-6,2.8740519706297096,5.5E-8,6429.005126251511,12306.74084084136,0.46928047524239147,-0.8537347802661801,231459.21253448245,239303.854589768,328.3400243960846,0.15098302040954387,2.4079000981733593E-6,8.214786219058051E-8,5.768478245041758E-4,1.9576004287955584E-5,28.703173819108088,0.0072885210465756245,7.070463294929486E-12,5.335996811102776E-8,1.0674583115056729E-9,1.2977099726367166E-10,1.1970215432070969E-10,3.19608461853364E-10,6.506362302005578E-5,1.9300300135902189E-4
1.5500000000000002E-6,1.5500000000000002E-6,2.9211675767056065,5.5E-8,7334.397712120691,12984.520027045366,0.4660719204800135,-0.5083949447470838,232951.37039782116,240792.20897828953,328.5458970407278,0.14842881513566336,2.3893756654482736E-6,8.364739048586116E-8,3.4351009780208365E-4,-8.05597855276119E-6,-35.695977135043904,-0.004103273759710646,2.4562113686133265E-12,5.3389567715602367E-8,1.0485499670184001E-9,1.2421545408380998E-10,1.1984750180641138E-10,3.1795871592499795E-10,4.7192105538035035E-5,1.8907121822701303E-4
1.5750000000000002E-6,1.5750000000000002E-6,2.9682831827815033,5.5E-8,8206.545082032831,13660.426880738154,0.4645127782781681,-0.15351698127345448,233574.9579511322,241518.3073279523,328.6462826988743,0.14719092892027452,2.3803609315551055E-6,8.438916382677717E-8,1.037276900496314E-4,5.91080507803099E-6,36.98536684418286,-0.0036515488734494284,2.2172278145869602E-13,5.340485082990489E-8,1.0394411000847292E-9,1.226157051524534E-10,1.1988212834196178E-10,3.160956251153991E-10,5.64929341979942E-5,1.871800689211367E-4
1.6000000000000001E-6,1.6000000000000001E-6,3.0153987888574,5.5E-8,9048.055112981094,14308.851218258202,0.46463004552694515,0.2033063313717055,233568.8054765441,241462.4681161021,328.6384486202821,0.1472833395005495,2.3810392753745783E-6,8.433305146384193E-8,1.3736914281871994E-4,-6.6532265275043305E-6,-10.44889469600912,-0.006355639465709828,3.8915996482943694E-13,5.3403289732828734E-8,1.0401244030017624E-9,1.2490194547221273E-10,1.1988292513828917E-10,3.140775440075158E-10,4.8467462060632345E-5,1.8732186674381735E-4
1.6250000000000001E-6,1.6250000000000001E-6,3.062514394933297,5.5E-8,9856.761551503783,14893.100571453935,0.4664124828307752,0.5534170893818376,232750.90154329906,240635.30495884223,328.5243637013959,0.14870026039023965,2.3913435643772498E-6,8.348654859767242E-8,3.73930465798539E-4,5.596126586340233E-6,14.350663461487784,-6.500548261101358E-4,2.9168903293393385E-12,5.338682185005458E-8,1.0505465023430724E-9,1.3097662005085737E-10,1.1992786261976263E-10,3.119256858141769E-10,5.664384021421578E-5,1.894859885521476E-4
1.65E-6,1.65E-6,3.1096300010091937,5.5E-8,10636.136527127184,15521.735044574485,0.46980783695498757,0.8880590025845471,231283.16146500924,239057.01876203372,328.3055783026277,0.15140204501042243,2.4109414195853456E-6,8.190477344775799E-8,6.000398666111804E-4,3.592460232226813E-6,-32.222040745912636,0.004490264937885513,7.67624591259469E-12,5.335434446578321E-8,1.0705871965238745E-9,1.4067407467730236E-10,1.2009039093789243E-10,3.0968120163534117E-10,5.551955400383696E-5,1.936544038008805E-4
1.675E-6,1.675E-6,3.1567456070850906,5.5E-8,11404.90001094559,16305.631952165355,0.47472271688331963,1.1985259170088916,229082.22846814556,236774.1687270295,327.98735358492263,0.15532235696209507,2.4392406745769847E-6,7.968435059729337E-8,8.098148087897916E-4,1.3965119567274087E-5,-23.57555558722015,0.006203301265486516,1.4425117421287024E-11,5.330735371017291E-8,1.1000353735742227E-9,1.5372556810758908E-10,1.2043331429946552E-10,3.0746187822816743E-10,6.245385097535647E-5,1.9979593587213473E-4
1.7000000000000002E-6,1.7000000000000002E-6,3.2038612131609874,5.5E-8,12178.006501749533,17121.374585924234,0.48102654522258514,1.4777141593884027,226331.0986967057,233847.95261908107,327.57587877757476,0.1603636363312277,2.475423019940558E-6,7.695073307726568E-8,9.98455513100272E-4,1.8387524454368533E-5,-85.8870428645605,0.023546057303406087,2.2813527330674368E-11,5.324598981567252E-8,1.1385716188871308E-9,1.69749266809979E-10,1.2100387388439776E-10,3.0547329623381596E-10,6.547997851844847E-5,2.0786134659884692E-4
1.7250000000000002E-6,1.7250000000000002E-6,3.250976819236884,5.5E-8,12943.065878366702,17743.349562247935,0.48856011232777696,1.7205798053185417,222985.0338486931,230356.70059622612,327.0798945466767,0.16640440353881503,2.518504758638913E-6,7.384283602416246E-8,0.0011625539225125282,2.708706698427932E-5,-101.02113818333873,0.0305759705724995,3.2404705977577875E-11,5.317165949812995E-8,1.1857667749353946E-9,1.8830083722333949E-10,1.218304197819236E-10,3.0395815830367345E-10,7.127989730638132E-5,2.177813205434429E-4
1.7500000000000002E-6,1.7500000000000002E-6,3.298092425312781,5.5E-8,13667.515047848205,18093.424141794778,0.4971469344463447,1.9248197408208216,219191.6888246215,226387.89560062852,326.5090081585479,0.1733051723538572,2.5674127064970054E-6,7.04974036133696E-8,0.0013005538789329877,2.9402941477627566E-5,-134.13008505733524,0.03512318685898208,4.273058396886018E-11,5.308522067748878E-8,1.2410951621805684E-9,2.0892016645166997E-10,1.2292188207568857E-10,3.031171922999396E-10,7.283026300921448E-5,2.2946735182118085E-4
1.7750000000000002E-6,1.7750000000000002E-6,3.345208031388678,5.5E-8,14319.91424860613,18202.06535445571,0.5066078200227836,2.0915843330219217,215029.7031949323,222034.4956572885,325.8739948191771,0.18092112789147258,2.6210741314262884E-6,6.703636006726725E-8,0.0014132326574472444,3.55866190007248E-5,-175.4699248655279,0.05247176107241103,5.3391338524852386E-11,5.298838676541526E-8,1.303976228711045E-9,2.311406851467499E-10,1.2427111246193007E-10,3.0306260168028386E-10,7.68860352749071E-5,2.4281878084126505E-4
1.8000000000000001E-6,1.8000000000000001E-6,3.3923236374645747,5.5E-8,14879.756174382519,18126.381823013257,0.5167731395536074,2.223810491640624,210535.9811001769,217383.7158038292,325.1850242076812,0.18910860514162356,2.6784891129809787E-6,6.355955514586082E-8,0.0015025746565139352,3.432049927141634E-5,-178.61455750060668,0.04422190024297379,6.406188351097889E-11,5.2882117696672665E-8,1.373818731565486E-9,2.5448319288187164E-10,1.258590839254477E-10,3.0384024900264474E-10,7.60152283471134E-5,2.5773084805059466E-4
1.825E-6,1.825E-6,3.4394392435404715,5.5E-8,15343.036544999226,17994.085685810034,0.5274908376436394,2.3260089544018556,205882.87971722984,212519.0690054974,324.45221113635887,0.19773751940075068,2.7387753856665593E-6,6.014243359020085E-8,0.0015716276718931456,3.717348140952481E-5,-235.49507785272817,0.06819269932077532,7.453699133359124E-11,5.276813154825109E-8,1.4500561790504099E-9,2.78407832867262E-10,1.2766039958456288E-10,3.054878869562633E-10,7.783341896683589E-5,2.7410147196657163E-4
1.85E-6,1.85E-6,3.4865548496163683,5.5E-8,15722.266219000563,17898.356953377148,0.5386296136470003,2.4025137670175383,201002.40439967494,207510.3582949485,323.6842226898496,0.20668850419620613,2.8011828562469186E-6,5.683839460646561E-8,0.001623320112849688,3.324879000786041E-5,-210.6364166832309,0.0489193486575914,8.466555470023597E-11,5.2647250452038616E-8,1.5321654570729773E-9,3.0233789743182936E-10,1.2964668270956649E-10,3.0806942416551E-10,7.519032943160743E-5,2.9183494061245385E-4
1.8750000000000003E-6,1.8750000000000003E-6,3.5336704556922656,5.5E-8,16028.864491980788,17756.835042227965,0.5500770879319938,2.4570108588686153,196084.55502232845,202421.93181462112,322.88934514211456,0.21586010034195358,2.865080265048284E-6,5.3682400584701456E-8,0.0016601424722085239,3.321919000356388E-5,-231.37460695751906,0.057361127392596245,9.431680921706486E-11,5.252096697198062E-8,1.6196592219068581E-9,3.2571054310209887E-10,1.317888439250936E-10,3.1167506515107595E-10,7.486282332379315E-5,3.1084026749907936E-4
1.9000000000000002E-6,1.9000000000000002E-6,3.5807860617681624,5.5E-8,16259.795657431001,17473.006010594472,0.5617361183498455,2.492292853967691,191086.8453282032,197306.54139473935,322.0747227169595,0.22515988704153492,2.9299306451106396E-6,5.06959727713658E-8,0.0016839816580862777,3.079858940751024E-5,-203.6641694496775,0.043252091867771014,1.0334737376455753E-10,5.2390099787200065E-8,1.712066967609985E-9,3.480124795218839E-10,1.340578990338413E-10,3.1641927862792504E-10,7.279610469542807E-5,3.3102717908057677E-4
1.925E-6,1.925E-6,3.627901667844059,5.5E-8,16410.8685023632,17120.514100262382,0.5735150296042608,2.5079190898339623,186093.21671728956,192224.2234435785,321.2497751972526,0.23451413318127629,2.995235178978856E-6,4.78914905603494E-8,0.001694539925563488,1.271029523644529E-4,-152.30622759275866,0.17019412121521782,1.11369348649979E-10,5.225925979828419E-8,1.8088638621998588E-9,3.688047415166622E-10,1.3641887887622768E-10,3.224440830636058E-10,1.3019477437310316E-4,3.5229056899151575E-4
1.95E-6,1.95E-6,3.6750172739199556,5.5E-8,16491.804585633814,16811.238425292013,0.5853388312863097,2.511220660563441,181237.61186588043,187185.84285326194,320.41410504440154,0.24381945177965633,3.0605909299702428E-6,4.5273984212373905E-8,0.0016967707165969196,3.763523612320796E-5,-200.90832284410772,0.05331474081748411,1.1871236554616165E-10,5.211939439582777E-8,1.9095676036474853E-9,3.875259219916116E-10,1.3885032092364165E-10,3.299004513611409E-10,7.183744177837934E-5,3.745317282838771E-4
1.975E-6,1.975E-6,3.722132879995853,5.5E-8,16518.163274661503,16533.762499522036,0.5971547645169998,2.5046116167919554,176858.76822571474,182249.37337959395,319.5786950959099,0.2530598675224429,3.125723612704871E-6,4.2837795351008574E-8,0.0016923051464810509,4.6114743797431855E-5,-630.4006457071328,0.25520058203227336,1.2538502142092754E-10,5.198118917743597E-8,2.013807375680776E-9,4.037623273160423E-10,1.4133200513893993E-10,3.388985189531853E-10,7.953501719699885E-5,3.9767410436159845E-4
2.0000000000000003E-6,2.0000000000000003E-6,3.76924848607175,5.5E-8,16496.60918193084,16206.917937961882,0.6089178292427286,2.4887500741275934,171994.09925979318,177420.70604009245,318.74490254974467,0.26217133004195936,3.1904002786509473E-6,4.0577097835753765E-8,0.0016815878879240496,2.9767276939054454E-5,-472.3395450057069,0.16859835092088815,1.3126313979719108E-10,5.184100423480917E-8,2.1212198995118826E-9,4.173002051003215E-10,1.4384314283376974E-10,3.49451357989088E-10,7.42178189349056E-5,4.216408476834177E-4
2.025E-6,2.025E-6,3.8163640921476465,5.5E-8,16422.273088714963,15766.265784120376,0.6205769689485194,2.460561379353527,167117.01305082138,172725.42345184323,317.9172743395758,0.2711122914455309,3.2543569701857815E-6,3.8484938442401E-8,0.001662541472536167,-3.591964928659763E-6,-174.60608193195367,-6.43308542748855E-4,1.3581867392378415E-10,5.1699875267535584E-8,2.231326685187284E-9,4.281772241365527E-10,1.4635433689303193E-10,3.6143508029322565E-10,5.4313963081031354E-5,4.463274195400019E-4
2.0500000000000003E-6,2.0500000000000003E-6,3.8634796982235438,5.5E-8,16284.25834103922,15183.815084341653,0.6320820795740618,2.4232793527407104,162917.06043775196,168192.0246506362,317.10143016708014,0.2798546844908262,3.3173359610970694E-6,3.655318635368709E-8,0.0016373509140139935,1.4786900391641212E-5,-398.26280442881125,0.12507314258579072,1.3919751700027168E-10,5.1560953707203474E-8,2.3435926091619854E-9,4.3647260590676197E-10,1.4884464649722548E-10,3.74585454241871E-10,6.630072748349997E-5,4.716143806121059E-4
2.075E-6,2.075E-6,3.91059530429944,5.5E-8,16073.295563669431,14487.872105032353,0.643396352757471,2.379559537268377,158465.52471695404,163821.3824896331,316.2988236946164,0.2883507741010725,3.379150682081256E-6,3.477310211588651E-8,0.0016078104981543087,-5.3427767259961455E-6,-213.58904121931482,0.022741791455700877,1.4155753790737853E-10,5.142171996683824E-8,2.457552971823359E-9,4.422990133774041E-10,1.5129756285914428E-10,3.885666606792884E-10,5.4431154269343456E-5,4.97396116792337E-4
2.1000000000000002E-6,2.1000000000000002E-6,3.9577109103753374,5.5E-8,15788.344273937873,13745.115661394955,0.6544931538837195,2.3309372342895194,154466.25809808142,159628.76584525185,315.51317928478375,0.29659527563172555,3.4396713221166002E-6,3.3133170886309856E-8,0.0015749575907361617,4.361112571871218E-6,-308.94526026957374,0.08154349425035434,1.4298172190860117E-10,5.128503097586454E-8,2.572801516990915E-9,4.4573457738459346E-10,1.5369790724415692E-10,4.0309888306621823E-10,6.082877198219565E-5,5.235786520603679E-4
2.125E-6,2.125E-6,4.004826516451234,5.5E-8,15434.916339534171,12977.76395867023,0.6653535648172345,2.279201871313236,150446.25644579696,155610.98517844747,314.74526415826926,0.3045657481632252,3.4988080104167405E-6,3.1622881979293896E-8,0.001540001264400835,-7.738040812625968E-6,-214.24603360376568,0.0284782717311316,1.4362401549446643E-10,5.1149493131042064E-8,2.6889801909873813E-9,4.467752680185897E-10,1.5603609485930714E-10,4.180363113970876E-10,5.3545669070789735E-5,5.500777398464823E-4
2.15E-6,2.15E-6,4.051942122527131,5.5E-8,15016.984770996662,12152.975408119146,0.6759653050246248,2.225370573678824,146742.59446066423,151771.68571984148,313.99700625223545,0.3122643635906797,3.5565068142291335E-6,3.0231006439755124E-8,0.0015036287659992054,-2.5259331287941223E-6,-262.61798898264715,0.06055876595550558,1.435760131251875E-10,5.1016752906909144E-8,2.80577979632776E-9,4.4540697597532306E-10,1.5830466617101941E-10,4.3331787864601295E-10,5.7058857353507804E-5,5.768193533994543E-4
2.1750000000000004E-6,2.1750000000000004E-6,4.099057728603029,5.5E-8,14536.882088337175,11287.630998304174,0.6863198382624276,2.1700165360331916,143098.00771556693,148105.2426268751,313.26868798751883,0.31968306018511555,3.612732377895094E-6,2.8947605786210104E-8,0.001466227389211616,-9.834908403547616E-6,-202.11857281711673,0.028286174788490825,1.4289259081023258E-10,5.0886025769693566E-8,2.9229177735960443E-9,4.417001090953016E-10,1.6049839090642276E-10,4.4886608548175005E-10,5.274035606034353E-5,6.037348749930007E-4
2.2E-6,2.2E-6,4.146173334678925,5.5E-8,14003.019423102176,10453.790571810645,0.6964106050241916,2.1134030292764368,139702.87620893904,144610.33636545108,312.5613440902629,0.3268267211945006,3.6674594603848735E-6,2.776311566757176E-8,0.0014279750197813761,-7.00148741671569E-6,-224.157575950906,0.04531514299875994,1.4160047899657183E-10,5.075829335410281E-8,3.040123803871718E-9,4.358164252605716E-10,1.6261301036607363E-10,4.645621811266966E-10,5.471370408074227E-5,6.307579518733454E-4
2.2250000000000003E-6,2.2250000000000003E-6,4.193288940754822,5.5E-8,13427.604120480488,9649.910101237216,0.7062319461984778,2.0556478430091167,136406.95286314568,141281.15580545922,311.87515095738314,0.333693205452894,3.720666345130646E-6,2.6669224854560374E-8,0.0013889512452764303,-1.1325034080158503E-5,-184.03078633840778,0.025443700378303902,1.3971512736983601E-10,5.0633145391484246E-8,3.157130463244136E-9,4.279320670927909E-10,1.6464506699832116E-10,4.803039151396695E-10,5.221875143633028E-5,6.578224379388653E-4
2.25E-6,2.25E-6,4.240404546830718,5.5E-8,12817.193895691124,8822.99574076421,0.7157786974532524,1.9968419683740108,133316.9201504478,138114.47650897264,311.2107346759889,0.3402875171388667,3.7723333576147897E-6,2.5658205415459847E-8,0.001349217546198656,-9.699468114092724E-6,-191.39827932819935,0.034059880638679374,1.3725481776431553E-10,5.0511193656784834E-8,3.2736701995529014E-9,4.181873083132474E-10,1.6659158360991556E-10,4.960390260184258E-10,5.3392582611647104E-5,6.84861753586651E-4
2.2750000000000002E-6,2.2750000000000002E-6,4.287520152906615,5.5E-8,12175.965610799509,8005.1079969642415,0.7250461821986907,1.937101326579298,130344.61746693368,135104.72965984166,310.56822661909143,0.3466104876327166,3.82244246190837E-6,2.4723278837590123E-8,0.001308852247688715,-1.213913619409368E-5,-163.44131706533517,0.021601415580676075,1.3424730147025643E-10,5.039224485050598E-8,3.389476620576085E-9,4.067261063342045E-10,1.6845015190415224E-10,5.11717109031185E-10,5.203890585197339E-5,7.118092322623456E-4
2.3E-6,2.3E-6,4.334635758982512,5.5E-8,11513.037098439501,7242.386456120626,0.7340303212253336,1.8765636971125252,127548.75505092266,132247.7186439305,309.94797769988656,0.35266731325775397,3.870978276595766E-6,2.3858181853426057E-8,0.0012679484439949494,-1.1085213551638163E-5,-162.8565091061737,0.0256016587880481,1.3072916214712143E-10,5.027668638690837E-8,3.50428726728328E-9,3.937634711846574E-10,1.7021892797895157E-10,5.272205401993352E-10,5.283192184936832E-5,7.385988150237728E-4
2.325E-6,2.325E-6,4.381751365058409,5.5E-8,10834.660003389388,6468.346475427188,0.742727774736243,1.8154048493467718,124873.69624684747,129537.9294173064,309.3500209655469,0.3584609748557349,3.917928656787952E-6,2.305733806377891E-8,0.0012266248982072782,-1.232576048636247E-5,-139.32545672374454,0.01631162373335826,1.2674762018035533E-10,5.016443387012322E-8,3.617846976627765E-9,3.7958999003009964E-10,1.7189667213116736E-10,5.423542339197847E-10,5.217023658882664E-5,7.651658891877026E-4
2.3500000000000004E-6,2.3500000000000004E-6,4.4288669711343065,5.5E-8,10137.537242668277,5628.334799560902,0.7511363895256282,1.753951100045315,122359.37321489854,126970.47045707988,308.7744456989941,0.3639975440569284,3.963287359143591E-6,2.2315565690109304E-8,0.0011851020946252128,-1.1514847858364875E-5,-137.48601574996246,0.019066177438659793,1.2237569925136742E-10,5.0055722674932336E-8,3.729915543509746E-9,3.6451192878640717E-10,1.7348298961730992E-10,5.568930271732413E-10,5.2761150371000704E-5,7.914491431911347E-4
2.375E-6,2.375E-6,4.475982577210202,5.5E-8,9420.405503740783,4798.038634041436,0.7592558356949763,1.6926514395436947,119962.88512158215,124539.42084546438,308.22106765886514,0.3692824687690378,4.007057367793458E-6,2.1628130127961382E-8,0.001143683405097091,-1.2004300129717649E-5,-120.17766766162094,0.013130244785727996,1.1770726919441318E-10,4.995049642094483E-8,3.840278624063975E-9,3.487961875992009E-10,1.7497844685903802E-10,5.706333630733336E-10,5.255112245068544E-5,8.17393203360933E-4
2.4000000000000003E-6,2.4000000000000003E-6,4.5230981832861,5.5E-8,8692.242686801725,4042.4168968325575,0.7670878601352592,1.6319398921718096,117708.56962960627,122238.98003341908,307.6896356340502,0.3743238008124799,4.049252409374645E-6,2.0990573914078032E-8,0.0011026620893052766,-1.1303723301665513E-5,-117.36110986926542,0.014942733666188701,1.1283593370129254E-10,4.984886186792417E-8,3.948754136015691E-9,3.3265498283747914E-10,1.7638461643344051E-10,5.83427750283239E-10,5.307794900562683E-5,8.429502337832938E-4
2.425E-6,2.425E-6,4.570213789361996,5.5E-8,7962.34577826031,3318.819491742173,0.7746356805848693,1.5720095751621823,115563.80295734273,120062.83470288262,307.1797206252453,0.379129222492825,4.089893627221905E-6,2.039882734737237E-8,0.0010621686318663395,-1.1335260405758164E-5,-102.55492525664158,0.0103680877580139,1.0782181264479049E-10,4.9750751399684484E-8,4.055186611233367E-9,3.1625190033493355E-10,1.7770374817455934E-10,5.952074205031716E-10,5.3143501369089904E-5,8.680786957359766E-4
2.4500000000000003E-6,2.4500000000000003E-6,4.617329395437894,5.5E-8,7233.409043500119,2595.8389065334895,0.7819028132518321,1.5127928361796066,113550.37961589664,118005.19068270702,306.69091240276543,0.38370722886896486,4.129003380790991E-6,1.9849188314733225E-8,0.0010221573217429774,-1.077763655970898E-5,-103.1895605455311,0.013087626450488443,1.0268830655570697E-10,4.965619677254136E-8,4.159432242668875E-9,2.997181699461266E-10,1.7893840588119508E-10,6.059747568125617E-10,5.361189828769305E-5,8.927398752625565E-4
2.475E-6,2.475E-6,4.66444500151379,5.5E-8,6507.747953320878,1905.4409723552692,0.7888920084124372,1.4540317640090523,111630.77735102507,116060.54521896227,306.2228263882126,0.38806480510701546,4.166599506006031E-6,1.93384141262009E-8,9.82453894600711E-4,-1.0447111288129918E-5,-87.10493754158597,0.008217809689391231,9.743257670185114E-11,4.956516272888483E-8,4.2613436979951926E-9,2.8318091320059947E-10,1.8009089820730794E-10,6.157557378658362E-10,5.393732464747804E-5,9.168943070240987E-4
2.5E-6,2.5E-6,4.711560607589687,5.5E-8,5790.566911895303,1261.107552279545,0.7956049380878233,1.3955229206666944,109830.76432491973,114224.16124968254,305.7751541750209,0.3922086423091573,4.20269374316973E-6,1.8863636386267094E-8,9.42920892342361E-4,-9.85183785104482E-6,-84.68336138378163,0.009431281852224416,9.205980965143078E-11,4.947766744593176E-8,4.36076465989378E-9,2.667754774309639E-10,1.8116334266433592E-10,6.245617631592657E-10,5.440906784614072E-5,9.405004687887044E-4
2.5250000000000004E-6,2.5250000000000004E-6,4.758676213665584,5.5E-8,5086.639973453125,653.240140399344,0.8020428359632856,1.3372830692297542,108137.63548940286,112491.53209583611,305.3475995567146,0.3961444112583277,4.237295179399708E-6,1.8422314031784017E-8,9.035696413714555E-4,-9.997146371603094E-6,-87.61601027008055,0.01148404864559005,8.660502356634744E-11,4.939368084789249E-8,4.457538439413151E-9,2.5061341284870303E-10,1.8215811472631109E-10,6.324071223009064E-10,5.459928632543097E-5,9.635168149633715E-4
2.55E-6,2.55E-6,4.805791819741481,5.5E-8,4399.744273655355,87.027272121452,0.8082069943329977,1.2793242329151557,106522.45597383135,110858.5110667934,304.93992451913766,0.39987795124455483,4.270412979389438E-6,1.8012139408171377E-8,8.644082654832133E-4,-8.859213341168016E-6,-71.01281612124967,0.007434779964999194,8.110222183998786E-11,4.9313269801771486E-8,4.551515305015987E-9,2.347493809655304E-10,1.8307731311170797E-10,6.39341760148671E-10,5.55596882431111E-5,9.859035265079416E-4
2.5750000000000003E-6,2.5750000000000003E-6,4.852907425817378,5.5E-8,3732.513688979111,-450.20026712425243,0.8140990637717848,1.2217822626603088,105016.49206954041,109320.98445943232,304.55177318711713,0.4034147945874855,4.302058011398761E-6,1.7631002366556964E-8,8.255285558515599E-4,-8.658546043704973E-6,-70.15805650709535,0.00828488555625384,7.560022183728378E-11,4.923635188210163E-8,4.6425573803005665E-9,2.1920863582274458E-10,1.839234111687079E-10,6.45433435233976E-10,5.5908481180079235E-5,0.0010076236962854783
2.6E-6,2.6E-6,4.900023031893275,5.5E-8,3084.1402997551722,-988.1878053683799,0.8197213518157453,1.164804305573304,103589.27095614774,107875.00131649106,304.1828412563833,0.4067608164581797,4.332244468938786E-6,1.7276953407374108E-8,7.870299361981783E-4,-7.736987416677721E-6,-58.438149752342724,0.005722910627830036,7.014687633524845E-11,4.9162962784781984E-8,4.730543851816656E-9,2.0404326480793912E-10,1.8469927458976853E-10,6.507208892008692E-10,5.667166422672467E-5,0.0010286445966109423
2.6250000000000003E-6,2.6250000000000003E-6,4.9471386379691715,5.5E-8,2452.237838446595,-1521.0549813194307,0.8250766724689202,1.1084573632426074,102256.96768517952,106516.65210388691,303.83272932543065,0.4099217660061614,4.360989081362872E-6,1.6948194557091786E-8,7.489576778666266E-4,-7.361448323592868E-6,-55.85034849236854,0.005971637810032959,6.477755583982716E-11,4.909303193728569E-8,4.815369293919629E-9,1.893416217516209E-10,1.8540792218325797E-10,6.552109785273902E-10,5.707835468021743E-5,0.0010489373059712193
2.65E-6,2.65E-6,4.994254244045068,5.5E-8,1836.7710948615934,-2026.4828739650097,0.8301680368602335,1.0527581050528778,101000.89748363015,105242.26475208535,303.501083655871,0.4129033633949792,4.388309467551218E-6,1.6643084279193057E-8,7.113230439546471E-4,-6.587785687628411E-6,-47.300187466501484,0.004328099411226027,5.951944143976501E-11,4.9026557783215275E-8,4.896939177261358E-9,1.751819257779523E-10,1.8605250219643748E-10,6.589228138065673E-10,5.7702612679216474E-5,0.001068475653810215
2.6750000000000002E-6,2.6750000000000002E-6,5.041369850120965,5.5E-8,1238.8807172560917,-2510.4039655189076,0.8349990215536002,0.9979258693912728,99862.22120483877,104048.14429890225,303.18742524669284,0.41571109416186924,4.41422612681792E-6,1.636010085646049E-8,6.742742360751843E-4,-8.755316560780102E-6,-77.56487853088947,0.013565578998279815,5.441994340799253E-11,4.8963387669903086E-8,4.9751760156203055E-9,1.6160057439328126E-10,1.8663692223847651E-10,6.619136052456196E-10,5.6995105613766856E-5,0.0010872377073615337
2.7000000000000004E-6,2.7000000000000004E-6,5.088485456196863,5.5E-8,659.1139179088423,-2973.485811808432,0.8395732137411851,0.9437579742951977,98734.53992447226,102931.11355275683,302.89153559580205,0.4183510364207556,4.438759482328798E-6,1.609785511447999E-8,6.376743069562146E-4,-5.90073546661074E-6,-43.34972753693455,0.004838931705497762,4.947668621031081E-11,4.890374199812654E-8,5.050010651507246E-9,1.4860822884952798E-10,1.8716394007011274E-10,6.642607914578252E-10,5.931447675558927E-5,0.0011052036963936165
2.725E-6,2.725E-6,5.135601062272759,5.5E-8,100.05818528106116,-3385.900544973351,0.8438961253634663,0.8912417981765506,97840.59863939634,101886.71358066007,302.61237486808545,0.42082683439010643,4.461940106161978E-6,1.585502186876223E-8,6.02190404173345E-4,-2.3451097162876523E-5,-171.78120978711195,0.02792547802182188,4.480863089939866E-11,4.884670961621192E-8,5.121413916230296E-9,1.3622707576043133E-10,1.8764022847595276E-10,6.660380346546918E-10,5.15909496852562E-5,0.0011223636300030065
2.7500000000000004E-6,2.7500000000000004E-6,5.1827166683486565,5.5E-8,-433.9294351487126,-3747.0832223080715,0.8479726798306567,0.8392111760749802,96786.36479083827,100913.47224809758,302.35055882668104,0.4231503648477734,4.483795446117732E-6,1.5630277413699296E-8,5.670345784290407E-4,-8.234843888601518E-6,-70.22942533536934,0.012814798104454184,4.030804109690743E-11,4.879398621368187E-8,5.1893558286940876E-9,1.2447397359409773E-10,1.8806663630518301E-10,6.673114397033756E-10,6.367514682759849E-5,0.0011387075160421657
2.775E-6,2.775E-6,5.2298322744245525,5.5E-8,-942.8211001481269,-4108.578930977054,0.8518038817192972,0.787085827674647,95948.24085720771,100007.20280904866,302.1047359166608,0.4253178924031164,4.504331601128345E-6,1.54228531980851E-8,5.318147484288155E-4,-1.780592626587918E-5,-119.23842649832932,0.016407192759509748,3.593905181173324E-11,4.8743656250520575E-8,5.2537486938767E-9,1.1339372845508805E-10,1.8844481878963186E-10,6.681439928541781E-10,6.048247832554734E-5,0.0011542116430040383
2.8000000000000003E-6,2.8000000000000003E-6,5.27694788050045,5.5E-8,-1431.6864734544881,-4489.998598805411,0.8553891355551738,0.734813826775793,95085.64666578035,99167.80353779963,301.87565878226087,0.4273370879195415,4.523546250850454E-6,1.5231909921039805E-8,4.964958289025628E-4,-9.218422662087277E-6,-78.29578091021176,0.015032681406521142,3.172118524278981E-11,4.86971461333075E-8,5.314483749165842E-9,1.0301818751878208E-10,1.8877780746912005E-10,6.685951027269522E-10,6.803937147240833E-5,0.0011688473487335533
2.825E-6,2.825E-6,5.324063486576346,5.5E-8,-1902.7158242328626,-4842.116160120279,0.8587279334175338,0.6824646164155201,94340.65917530286,98392.56805881274,301.6626282117078,0.4292057134085199,4.541437280007237E-6,1.5056867782346306E-8,4.611247408212974E-4,-1.4101566701327784E-5,-92.15363230449748,0.01216616553342309,2.768411336624997E-11,4.865341777613265E-8,5.371459149159587E-9,9.335331015739399E-11,1.8906781489656384E-10,6.687186976464512E-10,6.72883883435718E-5,0.0011825877528209231
2.8500000000000002E-6,2.8500000000000002E-6,5.371179092652244,5.5E-8,-2352.1485015527264,-5135.481127983497,0.8618205757738681,0.6303213545541306,93626.19949739064,97680.78094242656,301.46595237260215,0.4309293934985188,4.558006994077826E-6,1.4897015612676221E-8,4.2589280713116934E-4,-9.13727339039383E-6,-74.41616827460166,0.013958383547485909,2.3871415901011387E-11,4.861323535364453E-8,5.424592611340637E-9,8.439258050534532E-11,1.8931778183918476E-10,6.685639817755968E-10,7.22495455690251E-5,0.0011954108189034542
2.8750000000000004E-6,2.8750000000000004E-6,5.418294698728141,5.5E-8,-2777.5041955451493,-5409.680300051117,0.8646686887409386,0.5786618326307545,92989.92055822049,97030.02034217323,301.2851024484713,0.43250850577468075,4.573264614397577E-6,1.4751760410773473E-8,3.9098772475050985E-4,-1.1416221994977604E-5,-75.12240125621793,0.010240542060329538,2.0319004652995734E-11,4.857601295985978E-8,5.473830959420662E-9,7.612732560990443E-11,1.8953062194001258E-10,6.681760669880319E-10,7.267160857069119E-5,0.0012073016781736098
2.9E-6,2.9E-6,5.4654103048040374,5.5E-8,-3182.179986066699,-5702.039659930665,0.867273009570004,0.5268464086430322,92320.73478307373,96439.7366235646,301.1204012927064,0.4339486403435506,4.58721466003698E-6,1.4620495033212324E-8,3.559773031371839E-4,3.5877775734149966E-6,16.29433827682442,-0.0011535221159935105,1.6995701317515597E-11,4.854254696778029E-8,5.519112221625471E-9,6.855371393945286E-11,1.8970760194080347E-10,6.675951574929788E-10,8.202480175458645E-5,0.0012182434894128724
2.9250000000000004E-6,2.9250000000000004E-6,5.512525910879934,5.5E-8,-3570.5087254314767,-5994.98884898339,0.8696347264098684,0.4756603549769627,91862.56120134034,95907.0535389465,300.970850176397,0.435246520772713,4.599863836460364E-6,1.4502818449074299E-8,3.21392131741191E-4,-7.015773203704612E-6,-46.933119561765125,0.006563185729232757,1.3967158985811589E-11,4.851140861150583E-8,5.560388678052269E-9,6.169566822593178E-11,1.8985325308128761E-10,6.668574024695318E-10,7.583222401182103E-5,0.001228223005040834
2.95E-6,2.95E-6,5.559641516955831,5.5E-8,-3942.3831241195453,-6253.055892771684,0.8717573581004405,0.42536412518032574,91346.17949355111,95431.67909161888,300.8370193161982,0.4364113037657978,4.611231490455297E-6,1.4398055178464398E-8,2.874081926894093E-4,1.5819593764376804E-6,4.1603638620695165,6.2724044826723E-4,1.1251543995982105E-11,4.8484024719682206E-8,5.597660139035115E-9,5.5558091522241646E-11,1.899714073503695E-10,6.659985231986589E-10,8.11713597195425E-5,0.0012372386304902818
2.9750000000000003E-6,2.9750000000000003E-6,5.606757123031728,5.5E-8,-4294.477793935735,-6467.032266815372,0.8736448727690248,0.3758541110283978,90968.14288277537,95010.69718632287,300.71793069786816,0.4374420981150044,4.6213391324888144E-6,1.4305750024746824E-8,2.539554804245931E-4,-4.3341308854394355E-6,-29.85835876766032,0.004404578108211155,8.841927346665864E-12,4.845923308852791E-8,5.630941485792929E-9,5.014054960911845E-11,1.90064971507053E-10,6.650560348324556E-10,7.778286574777957E-5,0.0012452925897395212
3.0E-6,3.0E-6,5.653872729107625,5.5E-8,-4624.363382312354,-6652.028663931398,0.8753006925801657,0.32701538474048825,90580.24069277408,94643.42443341711,300.6137970977858,0.4383452008049941,4.630205443279196E-6,1.4225380608405937E-8,2.2095634104087045E-4,5.947818456775167E-7,-1.4307198918663744,0.0013956339945959684,6.731497940354153E-12,4.8437821201003684E-8,5.66024493189489E-9,4.5446036548278337E-11,1.9013719450799408E-10,6.640667650429672E-10,8.086594433025429E-5,0.0012523866301673286
3.0250000000000003E-6,3.0250000000000003E-6,5.7009883351835215,5.5E-8,-4932.128963937343,-6822.937063276226,0.8767274599483817,0.2786260542683541,90289.7892220453,94327.9684709146,300.52402863677673,0.4391205278618011,4.637844775202018E-6,1.4156615462957364E-8,1.8826084747861763E-4,-2.698891780568147E-6,-19.74008914482738,0.003236479160653616,4.910670621519183E-12,4.841912658833157E-8,5.685575448197235E-9,4.1479357815959784E-11,1.901909043829532E-10,6.63062906593266E-10,7.901592622711764E-5,0.0012585209059148249
3.0500000000000004E-6,3.0500000000000004E-6,5.748103941259419,5.5E-8,-5219.297336365749,-6984.715007989175,0.877926729589907,0.23044809165174507,90015.54018081137,94063.9017606092,300.4487571972574,0.43977164003827496,4.644265698681481E-6,1.409913364013724E-8,1.557081700349629E-4,1.2164493440991463E-7,-3.9474871323973275,0.0017304449887003415,3.3730639322989254E-12,4.840359866214253E-8,5.7069248663105494E-9,3.824731216055941E-11,1.9022894673190106E-10,6.620713709007673E-10,8.080403961094642E-5,0.0012636925407577804
3.075E-6,3.075E-6,5.795219547335315,5.5E-8,-5488.080670506243,-7144.719198075048,0.8788990460360209,0.1822887418927503,89816.35548960848,93850.27292520778,300.3877019261798,0.4402980973420306,4.649471276467058E-6,1.4052761726536217E-8,1.231680688464529E-4,-1.7167019134944894E-6,-13.854640175418353,0.0026270571545534693,2.1175818073519067E-12,4.8390875386110635E-8,5.724272890830958E-9,3.575301940215272E-11,1.9025399918987823E-10,6.611159562986043E-10,7.979697526506823E-5,0.001267895865411234
3.1000000000000004E-6,3.1000000000000004E-6,5.842335153411213,5.5E-8,-5741.620967843399,-7312.896910146703,0.8796444071436557,0.13410809138941948,89647.82240053543,93686.97472961694,300.34098663268435,0.4407015338898667,4.653461657008701E-6,1.4017339900875971E-8,9.061357526312127E-5,-1.1482130432227678E-7,-5.148749805581247,0.0018882778269766476,1.1490394029566844E-12,4.838122175235101E-8,5.737595157368912E-9,3.3992038425769995E-11,1.902687645136827E-10,6.602189546664101E-10,8.08310314316322E-5,0.0012711243657165263
3.125E-6,3.125E-6,5.889450759487109,5.5E-8,-5982.7153893777195,-7481.095990363142,0.8801630214231193,0.08603555188684626,89542.14928915122,93573.46790474941,300.30845720855837,0.4409816765128382,4.656238047448028E-6,1.3992767397564986E-8,5.8132129653274504E-5,-1.1543828428273173E-6,-10.57095452693693,0.0023149062058998027,4.737495091763842E-13,4.837443464803593E-8,5.7468767242085355E-9,3.29527786735238E-11,1.902759406449213E-10,6.594013167979199E-10,8.027559763651809E-5,0.0012733739519517784
3.1500000000000003E-6,3.1500000000000003E-6,5.9365663655630065,5.5E-8,-6211.55180281542,-7626.99572557087,0.8804558684821104,0.038270565652725255,89474.82492676763,93509.4908789219,300.29012270459395,0.44113996403791156,4.657805777022526E-6,1.3978912873084234E-8,2.585849030589544E-5,-2.652928891677675E-7,-5.863194174915861,0.0019541141645333937,9.383309887216034E-14,4.837065078661056E-8,5.752122147034866E-9,3.2619699762935433E-11,1.9027825618627633E-10,6.586824687911598E-10,8.085802699382134E-5,0.0012746454024458323
3.175E-6,3.175E-6,5.9836819716389025,5.5E-8,-6426.419323230775,-7746.840582947357,0.8805247175439199,-0.009049875946460353,89463.1849004103,93494.42901526504,300.2857971140973,0.44117705569954,4.658174349386409E-6,1.3975660344514984E-8,6.114781044905644E-6,-8.800902114103337E-7,-8.96532953392898,0.002150970982661704,5.248236850168357E-15,4.836973417463092E-8,5.7533558179574504E-9,3.297559651471699E-11,1.9027840728987152E-10,6.580799363268371E-10,8.053056284794707E-5,0.0012749444464042437
3.2000000000000003E-6,3.2000000000000003E-6,6.0307975777148,5.5E-8,-6626.971631715454,-7859.893945342217,0.880371532216529,-0.05597891882787093,89482.41920246107,93527.9386830536,300.2954249742651,0.4410944880049139,4.657354293741214E-6,1.3982899705737798E-8,3.782359380261549E-5,5.440481128005103E-7,4.598645926532754,-9.312097972760114E-4,2.0070144722500327E-13,4.837177544196249E-8,5.7506112070933184E-9,3.400116229805379E-11,1.9027904556473187E-10,6.576087843778934E-10,8.138804988558208E-5,0.0012742791539817225
3.2250000000000005E-6,3.2250000000000005E-6,6.077913183790697,5.5E-8,-6814.979542383296,-7975.698685719393,0.8799984071932453,-0.10241400227221142,89583.84059036468,93609.46051124546,300.31876552948484,0.44089271179252326,4.655356793893079E-6,1.4000561797553534E-8,6.919865018392663E-5,-1.5532625347702834E-6,-17.03477417678596,0.0042662820827370496,6.709155462217328E-13,4.8376564987504346E-8,5.743929572524265E-9,3.567843080726568E-11,1.902827134955104E-10,6.572816653564303E-10,8.015064061877562E-5,0.001272659619722282
3.2500000000000002E-6,3.2500000000000002E-6,6.125028789866594,5.5E-8,-6991.430579732948,-8077.478118573606,0.8794073905883865,-0.14846810567309102,89695.07829010584,93738.88105612616,300.3558501326175,0.4405733438295615,4.652192773390132E-6,1.402859056611187E-8,1.0031628761695339E-4,-9.163517617594153E-8,-1.6013942818190117,4.6854659347772554E-4,1.4071493347570454E-12,4.8384308892680304E-8,5.733356605433876E-9,3.7982850793579617E-11,1.902919067777689E-10,6.571091143522268E-10,8.102762495472539E-5,0.0012700971449031775
3.2750000000000004E-6,3.2750000000000004E-6,6.172144395942491,5.5E-8,-7154.373607908947,-8143.270014021658,0.8785999976754107,-0.19426291358584913,89880.81173162784,93915.91520945421,300.4064705901422,0.4401362495106835,4.647870255449506E-6,1.4067002983002008E-8,1.3125872539584401E-4,-1.3625255662930159E-6,-14.06290712898408,0.0033204815656873166,2.4024641344494813E-12,4.839478150497527E-8,5.718933578881176E-9,4.088893851310566E-11,1.9030906295201688E-10,6.570988776587758E-10,8.026231117805198E-5,0.0012666020882074408
3.3E-6,3.3E-6,6.2192600020183875,5.5E-8,-7300.575077741568,-8173.314790078778,0.8775772290183336,-0.23989111689332634,90093.0319035761,94140.77304086021,300.47068828746774,0.43958200808867015,4.642394493703834E-6,1.4115854505818978E-8,1.6208859249549078E-4,-6.325407260021621E-7,-6.201289522645766,0.0013377598675994307,3.650798775958939E-12,4.8408125946275896E-8,5.700697591894179E-9,4.437104068323705E-11,1.9033657514467692E-10,6.572553799729753E-10,8.067877721677097E-5,0.0012621839223864765
3.3250000000000004E-6,3.3250000000000004E-6,6.266375608094284,5.5E-8,-7428.8960892589475,-8189.842540289643,0.8763397130505264,-0.2854202139845432,90367.62195486488,94413.59560365912,300.54842123600946,0.4389100416346223,4.635768708050966E-6,1.4175259765459379E-8,1.9285149593550215E-4,-1.4612319070295143E-6,-13.762974242018117,0.002930918088885903,5.146245054242847E-12,4.8424218106512E-8,5.678684078406163E-9,4.8401309981002623E-11,1.9037681583950234E-10,6.575817817107818E-10,8.01515909761466E-5,0.0012568518406322043
3.35E-6,3.35E-6,6.313491214170181,5.5E-8,-7541.299231396105,-8211.265721005399,0.8748879141978483,-0.3308517371074805,90678.51261119604,94734.81438968549,300.6397343690524,0.43812020382088673,4.627995218830304E-6,1.424536271141516E-8,2.235484710185679E-4,-1.1691203383179527E-6,-10.253848756130083,0.0019487316692927692,6.880620768710529E-12,4.8443141029729084E-8,5.652930487454587E-9,5.2947390342847676E-11,1.9043212727265933E-10,6.580836967116224E-10,8.027913235469797E-5,0.0012506156466170534
3.3750000000000003E-6,3.3750000000000003E-6,6.360606820246078,5.5E-8,-7640.69593214282,-8236.163885225576,0.8732221920399315,-0.3762273035789655,91033.12362673451,95104.86121943744,300.7446313035205,0.43721179141458416,4.619075747906955E-6,1.4326349443169955E-8,2.5420763755335505E-4,-6.787862331236738E-7,-2.6705848481515204,-3.914691413697824E-4,8.846641917278506E-12,4.8464860974701815E-8,5.623477296316459E-9,5.7970136022442194E-11,1.905049531953743E-10,6.587705706320958E-10,8.055586882653791E-5,0.0012434859979187627
3.4000000000000005E-6,3.4000000000000005E-6,6.407722426321975,5.5E-8,-7728.713024991628,-8253.915018960472,0.8713432172767992,-0.4213779614556465,91451.52049589393,95524.17388360626,300.86308892231716,0.4361841508923003,4.6090136518489615E-6,1.4418422192403044E-8,2.847148388213828E-4,-1.4348930578478304E-6,-10.649770318050741,0.0014837877930045096,1.1025922624871534E-11,4.8489323042401806E-8,5.590375286794169E-9,6.343019273090272E-11,1.9059745504281304E-10,6.596531436598866E-10,8.009169553533633E-5,0.001235476164224085
3.4250000000000002E-6,3.4250000000000002E-6,6.454838032397872,5.5E-8,-7805.506545308754,-8258.10626267507,0.8692523815806228,-0.46616024292939456,91907.21845435759,95993.19773126645,300.9951233310217,0.43503720226790304,4.59781611816725E-6,1.4521777796428804E-8,3.1497313711445577E-4,-1.2957309587591226E-6,-7.268368562848991,2.3561862847643056E-4,1.3397127037148548E-11,4.8516580890429114E-8,5.553692530843126E-9,6.928660274221016E-11,1.9071171509058648E-10,6.607397123337086E-10,8.015597228883794E-5,0.0012266037104195274
3.4500000000000004E-6,3.4500000000000004E-6,6.501953638473768,5.5E-8,-7870.598081883283,-8246.809508990485,0.8669516200643101,-0.5104899379064181,92420.6350970396,96512.23903358316,301.1406403126283,0.43377074019388295,4.585493209264051E-6,1.4636621750794337E-8,3.4492563372055275E-4,-1.8644453423632967E-6,-12.643772727506075,0.0013397403420984944,1.5939052840151326E-11,4.854655798831012E-8,5.513510896032549E-9,7.54967691350172E-11,1.9084972765846213E-10,6.620343206772028E-10,7.979553915463561E-5,0.0012168896402958561
3.475E-6,3.475E-6,6.549069244549665,5.5E-8,-7923.470864210287,-8220.479090910765,0.8644430918728078,-0.5543542939297871,92977.13880230038,97081.69929633777,301.2995979111383,0.4323848162665791,4.572056157302017E-6,1.4763178526470253E-8,3.74563712114721E-4,-1.9353492675122652E-6,-11.749400788079583,7.209359575153229E-4,1.8633207137682747E-11,4.8579267237135314E-8,5.469920104606781E-9,8.20141765487936E-11,1.9101333103028901E-10,6.635370402408463E-10,7.972903090378333E-5,0.0012063569495414808
3.5000000000000004E-6,3.5000000000000004E-6,6.596184850625562,5.5E-8,-7964.028682450994,-8183.381577385876,0.8617288189676766,-0.597825123457556,93588.4009088455,97702.03071899238,301.47192175270624,0.4308791290171117,4.557515424655814E-6,1.4901714473989187E-8,4.0393589422807837E-4,-2.410682372442352E-6,-15.813153048650747,0.001418600197629516,2.1466623480488645E-11,4.8614653879899004E-8,5.423011198529222E-9,8.8787248542451E-11,1.9120429471974723E-10,6.652446956347051E-10,7.94171055567522E-5,0.0011950290385047252
3.525E-6,3.525E-6,6.643300456701459,5.5E-8,-7992.7997211160955,-8139.708931496958,0.858810438002406,-0.6409947300262258,94246.6958257366,98373.8884897053,301.6576011084436,0.42925319686583846,4.541879376014067E-6,1.5052549147727417E-8,4.331045473150174E-4,-2.6119020421333517E-6,-16.46647840956939,0.0011768965641412166,2.4428929134072166E-11,4.8652720098766856E-8,5.3728721446611564E-9,9.576262044749114E-11,1.9142433502111784E-10,6.67151410204199E-10,7.926433154339879E-5,0.001182928646422908
3.5500000000000003E-6,3.5500000000000003E-6,6.690416062777356,5.5E-8,-8010.1067026739765,-8083.606672003586,0.8556892557493522,-0.6839115524595049,94959.03776921326,99098.04957146972,301.8566249603223,0.4275061534932779,4.525154570395496E-6,1.5216057390509708E-8,4.6210240031047627E-4,-3.0460547105803927E-6,-19.962152605628944,0.0016776501660338283,2.750753616368705E-11,4.869343314142975E-8,5.319588785948846E-9,1.0288913160937425E-10,1.9167513487424373E-10,6.692494029753928E-10,7.896605456891123E-5,0.0011700780790721654
3.5750000000000005E-6,3.5750000000000005E-6,6.737531668853253,5.5E-8,-8015.006405164546,-8004.039215517399,0.8523665030023981,-0.7265593389698062,95721.64562670708,99875.41056480212,302.0690110566585,0.4256370626643383,4.5073471206829684E-6,1.53926570318237E-8,4.909184722768961E-4,-3.3298296700934317E-6,-21.640127478943214,0.0016750981746280758,3.0684912213868565E-11,4.873679035548116E-8,5.263249145224212E-9,1.1011888198214391E-10,1.9195830395414122E-10,6.715297256607992E-10,7.875135484222553E-5,0.0011565002439335504
3.6000000000000003E-6,3.6000000000000003E-6,6.784647274929149,5.5E-8,-8006.25599948524,-7905.807033030355,0.8488435869491625,-0.7688791511413167,96538.88948004259,100706.88839334459,302.2947554903207,0.42364493016277516,4.488464042669305E-6,1.5582798953565098E-8,5.195129399603491E-4,-3.746876258219345E-6,-24.972183511707954,0.002097533443038646,3.393929191521551E-11,4.878276448424339E-8,5.203947543249554E-9,1.174055528163487E-10,1.9227533910200498E-10,6.739825203613842E-10,7.844966705267133E-5,0.001142219636365201
3.6250000000000004E-6,3.6250000000000004E-6,6.831762881005047,5.5E-8,-7984.472131965808,-7807.3582465297195,0.8451222390748743,-0.8107920804386615,97409.09069731896,101593.41475223143,302.53384828360174,0.42152889021236,4.468514047353352E-6,1.5786959586347273E-8,5.478324867828794E-4,-4.0796466743131536E-6,-27.366856330573682,0.002260378769963989,3.7246132771800015E-11,4.883134020547541E-8,5.1417867833568015E-9,1.2470161517103182E-10,1.9262758572851573E-10,6.765981735807927E-10,7.819083789711741E-5,0.0011272628556031436
3.65E-6,3.65E-6,6.878878487080943,5.5E-8,-7951.827367253339,-7713.1674589732675,0.8412045880616056,-0.8522083887464172,98335.05490687101,102535.89167369902,302.78624889963373,0.41928818046089344,4.4475079300790866E-6,1.600563858083151E-8,5.758164788827143E-4,-4.485958947810787E-6,-30.746469419380446,0.002674956816380636,4.0578885748501286E-11,4.888248416196502E-8,5.07687895606214E-9,1.3195480336619928E-10,1.9301621186637852E-10,6.793703396530104E-10,7.787924838625719E-5,0.001111658785404272
3.6750000000000004E-6,3.6750000000000004E-6,6.925994093156841,5.5E-8,-7909.594892801058,-7610.586198602247,0.8370931914805915,-0.8930356497541363,99316.20065268202,103535.1967782397,303.051897839168,0.41692222478234414,4.425458740477646E-6,1.623935702823869E-8,6.034024660500921E-4,-4.84142521131048E-6,-33.67034444283763,0.002966939458735496,4.390991943243114E-11,4.893616619463931E-8,5.009345474211583E-9,1.391059884945613E-10,1.9344218638256435E-10,6.82297645465281E-10,7.758924774049765E-5,0.001095438587496277
3.7E-6,3.7E-6,6.973109699232737,5.5E-8,-7857.385168175691,-7491.710408214814,0.8327910166517469,-0.933192201921788,100354.40903274153,104592.1682882421,303.33070622563537,0.4144305916724307,4.402381679094013E-6,1.648865927239332E-8,6.305352715687757E-4,-5.233148453669401E-6,-37.1994763541079,0.00341748817909715,4.721216610528706E-11,4.899234318549613E-8,4.9393162190981076E-9,1.4609193878254427E-10,1.9390626928048988E-10,6.853799735261661E-10,7.726822343127314E-5,0.0010786354801866622
3.7250000000000003E-6,3.7250000000000003E-6,7.020225305308634,5.5E-8,-7794.33349959921,-7357.24516886921,0.8283013674467831,-0.9726167776660375,101449.6845256527,105707.62679496127,303.62256778813156,0.41181299455429715,4.378293704763853E-6,1.6754117143083234E-8,6.571734984229983E-4,-5.589511892480914E-6,-40.53592084178581,0.003823934875458068,5.046058582613943E-11,4.9050972183978426E-8,4.866927800607116E-9,1.5285138658481267E-10,1.944090156772762E-10,6.886117584382354E-10,7.695874749092502E-5,0.0010612843043683988
3.7500000000000005E-6,3.7500000000000005E-6,7.067340911384531,5.5E-8,-7719.748407433406,-7207.23371901707,0.8236277894918029,-1.0112680669251994,102603.40615164844,106882.38466997324,303.92735807368217,0.409069224325183,4.353213025146348E-6,1.703633641895742E-8,6.832892344089185E-4,-5.958162081043383E-6,-44.26500118279182,0.004341072443325711,5.363264452608038E-11,4.911200235583303E-8,4.792321513970443E-9,1.593275352096621E-10,1.9495078954576678E-10,6.919798636745102E-10,7.663095926350736E-5,0.0010434210181504986
3.7750000000000003E-6,3.7750000000000003E-6,7.114456517460428,5.5E-8,-7633.138812157347,-7042.917703898877,0.8187739943916362,-1.0491170214453702,103815.93641240803,108117.26536546419,304.2449431597573,0.40619913280933023,4.327158689167499E-6,1.7335962311152933E-8,7.088628523279529E-4,-6.297273606605813E-6,-47.94532872914169,0.004860284670859194,5.6707910974284997E-11,4.917538281302585E-8,4.715641668546957E-9,1.654646412866351E-10,1.9553177760255918E-10,6.954681714776993E-10,7.630878025430415E-5,0.0010250822825474046
3.8000000000000005E-6,3.8000000000000005E-6,7.161572123536325,5.5E-8,-7534.435735350896,-6867.901554595294,0.8137438385766292,-1.0861314038302101,105088.40234866706,109413.09882068363,304.5751768185305,0.4032026169785277,4.300150471855357E-6,1.7653682387070517E-8,7.338725701555473E-4,-6.63197124765702E-6,-51.8945619897022,0.005465971417936366,5.966663617803152E-11,4.9241057618992394E-8,4.637034832022973E-9,1.7120534141615913E-10,1.9615199363304191E-10,6.990622506989124E-10,7.597587166387157E-5,0.0010063052676753661
3.825000000000001E-6,3.825000000000001E-6,7.2086877296122225,5.5E-8,-7423.857818506106,-6682.463113070522,0.808541398112464,-1.1222505140036416,106421.34251022093,110770.69958023075,304.9178973743759,0.40007968423784257,4.272209274663502E-6,1.7990223195089772E-8,7.582773743267849E-4,-6.936278637112992E-6,-55.85784106972733,0.006098491158131658,6.248706036561855E-11,4.9308968655215194E-8,4.556650567028222E-9,1.764941712950993E-10,1.968112600488168E-10,7.027488686781405E-10,7.564695692895619E-5,9.871278154552556E-4
3.85E-6,3.85E-6,7.255803335688118,5.5E-8,-7301.5494345061825,-6485.663522348959,0.8031711536681597,-1.157363483480291,107815.62770127621,112190.80729548748,305.2729126014646,0.396830570072301,4.243358118221939E-6,1.834633897192251E-8,7.820023537028994E-4,-7.221185332753067E-6,-59.98695918017802,0.006799793072246985,6.514296999377683E-11,4.937905020373679E-8,4.474643756424988E-9,1.8128253030655517E-10,1.9750915933425245E-10,7.065136893550429E-10,7.531471184361494E-5,9.675889785504386E-4
3.875E-6,3.875E-6,7.302918941764015,5.5E-8,-7167.679280336799,-6279.0507544446455,0.7976382188513833,-1.1913123567563482,109271.66444234327,113674.01534707073,305.6399848366633,0.3934559016902797,4.213623370384147E-6,1.8722795164991138E-8,8.049407815921271E-4,-7.468484841979262E-6,-64.11378508752841,0.007533318101422992,6.760407394447103E-11,4.945122810596799E-8,4.391177365921687E-9,1.8552788499033653E-10,1.982449695080037E-10,7.103420594696728E-10,7.49901782210628E-5,9.477296578221286E-4
3.9E-6,3.9E-6,7.350034547839911,5.5E-8,-7022.43255712307,-6061.726637996426,0.7919484949660796,-1.2239203561461587,110789.87957893088,115220.70956869108,306.01881806580195,0.38995681471208515,4.183035581549043E-6,1.912035426953466E-8,8.269732136122694E-4,-7.681274927051617E-6,-68.29501960218113,0.008317286277630842,6.983945675624368E-11,4.9525416013881264E-8,4.306423841082579E-9,1.89188670965749E-10,1.9901761503464897E-10,7.142213750605628E-10,7.467223238257921E-5,9.275929084855875E-4
3.9250000000000005E-6,3.9250000000000005E-6,7.39715015391581,5.5E-8,-6865.7201032192415,-5831.127434126491,0.7861086914954586,-1.2550209390523699,112370.30067973111,116831.04165721747,306.4090556656777,0.3863350003409316,4.151629600551443E-6,1.95397686228799E-8,8.47987120981331E-4,-7.846947944756266E-6,-72.41872382712154,0.009129469231965004,7.182133511898912E-11,4.9601516333288077E-8,4.2205643385336326E-9,1.9222159957288312E-10,1.9982565385229137E-10,7.181410697339638E-10,7.436963817885706E-5,9.072237278849166E-4
3.95E-6,3.95E-6,7.444265759991706,5.5E-8,-6697.51641443549,-5590.436353305801,0.7801260974094567,-1.2845336031280066,114002.23701066787,118504.97303321908,306.81030508872084,0.3825925910618073,4.1194433497576146E-6,1.9981791843975512E-8,8.679281102216261E-4,-7.513283321429754E-6,-65.8423998483504,0.006285930352174063,7.353415556997608E-11,4.967943741795322E-8,4.133784318295353E-9,1.9458286090901916E-10,2.0066748706089277E-10,7.220906135896411E-10,7.448824323817423E-5,8.866679814579461E-4
3.975E-6,3.975E-6,7.4913813660676025,5.5E-8,-6518.292151729936,-5343.364844841663,0.7740086622800618,-1.312262223044082,115714.09076366233,120242.20711970139,307.2220760380831,0.37873224938406735,4.086518274530705E-6,2.0447159773792886E-8,8.866636642189743E-4,-7.913538166235412E-6,-77.2710999025885,0.009697938595401467,7.495187146479271E-11,4.9759021278147984E-8,4.046273796804174E-9,1.9623358180513012E-10,2.015409234412716E-10,7.260581225958594E-10,7.417407744002852E-5,8.659724380943946E-4
4.000000000000001E-6,4.000000000000001E-6,7.5384969721435,5.5E-8,-6328.297487619755,-5084.188327685826,0.7677652042816561,-1.3380299660285597,117473.70660655179,122042.15269582863,307.6438755619377,0.3747573250470029,4.052900458454541E-6,2.0936578921620553E-8,9.040743013706484E-4,-7.667848829271406E-6,-75.14192698953411,0.008523750219083581,7.605376800022154E-11,4.9840185065840464E-8,3.958229278697129E-9,1.971421928524552E-10,2.0244346387381301E-10,7.300295437787643E-10,7.424205532444706E-5,8.451851996314583E-4
4.0250000000000004E-6,4.0250000000000004E-6,7.585612578219397,5.5E-8,-6126.718069046622,-4804.354188369128,0.7614053684637437,-1.3616652487915109,119303.49604993896,123903.84681356457,308.0750800212338,0.37067187210259345,4.0186404262414635E-6,2.145070214826023E-8,9.200440870212911E-4,-7.80821159082734E-6,-82.82513763358384,0.010773683781820864,7.682318439933116E-11,4.99227531311283E-8,3.869851991896436E-9,1.9728590547955574E-10,2.033723179182005E-10,7.339875420837924E-10,7.407405282926787E-5,8.243552537375679E-4
4.05E-6,4.05E-6,7.632728184295293,5.5E-8,-5912.36111748505,-4505.482538323997,0.7549396549314656,-1.3829756730249307,121184.6981142813,125825.96547222561,308.51504003716303,0.3664807064225275,3.9837932966247945E-6,2.199012530211339E-8,9.344430223141424E-4,-7.550939917848609E-6,-82.87332875872653,0.010505565823045515,7.72448625801369E-11,5.000659876238273E-8,3.781347132620949E-9,1.966511779335079E-10,2.0432430015204285E-10,7.379117811873185E-10,7.41457610305433E-5,8.035322670561539E-4
4.075E-6,4.075E-6,7.67984379037119,5.5E-8,-5685.039189168826,-4197.484697633587,0.7483795017158387,-1.4017559404815467,123128.39286174218,127806.72543469058,308.9629917788395,0.3621894988200691,3.948419255835136E-6,2.2555353460457E-8,9.471323922172613E-4,-7.482033932291188E-6,-88.13187283886236,0.012085355277015708,7.730619267062632E-11,5.009153617494336E-8,3.692923826439983E-9,1.9523135017544053E-10,2.0529588186173107E-10,7.417821633979738E-10,7.410162707474119E-5,7.827665471213325E-4
4.1000000000000006E-6,4.1000000000000006E-6,7.7269593964470875,5.5E-8,-5445.675396745815,-3885.472662665029,0.7417373567943588,-1.4177824794445173,125122.68912775283,129843.85619162807,309.41811196650457,0.35780486963915414,3.912583959079469E-6,2.3146781598684596E-8,9.57961134759809E-4,-7.156018032645761E-6,-88.95335701097792,0.012260921561079385,7.699694715116163E-11,5.01774006823286E-8,3.6047948720780757E-9,1.9302381306016655E-10,2.0628315727621692E-10,7.455824114815094E-10,7.4216061376793E-5,7.621089525623194E-4
4.125E-6,4.125E-6,7.774075002522984,5.5E-8,-5195.073151434926,-3564.518528557422,0.7350267674498109,-1.430812326586087,127171.79774662854,131934.5087404791,309.8794642584968,0.3533344889471889,3.876359043178146E-6,2.3764656099870476E-8,9.667650855311399E-4,-6.907515216312277E-6,-92.36042506781632,0.013394887160870894,7.630951010995126E-11,5.026398675390395E-8,3.5171766596223615E-9,1.9003102236246868E-10,2.0728186142973888E-10,7.492999571396588E-10,7.428662851147E-5,7.416108440211261E-4
4.15E-6,4.15E-6,7.82119060859888,5.5E-8,-4933.143130660396,-3228.7511793127555,0.728262448215329,-1.4405927497140056,129264.27467489672,134075.20585309181,310.34602905043846,0.3487871567391193,3.8398225174736315E-6,2.4409044369150846E-8,9.733734795364903E-4,-6.4760011987630156E-6,-90.3370221857922,0.012565404485073373,7.524022223823093E-11,5.0351093964373505E-8,3.43028875665067E-9,1.8626462320884268E-10,2.0828739561038447E-10,7.529226590328173E-10,7.450220208089892E-5,7.213239573793528E-4
4.175000000000001E-6,4.175000000000001E-6,7.868306214674779,5.5E-8,-4659.503725413513,-2879.806072353218,0.7214604459771562,-1.44681181578463,131409.7853114848,136261.76191428545,310.8166603001044,0.3441730526743241,3.8030596992253913E-6,2.5079775490167367E-8,9.77575551205831E-4,-6.087023825926963E-6,-96.67040472154076,0.015298000838470216,7.37845710995925E-11,5.0438488749963635E-8,3.344354694659317E-9,1.8174790530925842E-10,2.0929473077669596E-10,7.564368129411374E-10,7.46811772661106E-5,7.013005574383597E-4
4.2000000000000004E-6,4.2000000000000004E-6,7.915421820750675,5.5E-8,-4374.247758601616,-2521.913760437871,0.7146387123122416,-1.4489744065424421,133680.6018396746,138489.07260342172,311.29001202078405,0.3395042827584099,3.7661663624490047E-6,2.577632826506152E-8,9.790367611773258E-4,-7.647021871690641E-6,-188.65315187354827,0.05172213207312382,7.192584051473377E-11,5.052585685439877E-8,3.259607650105003E-9,1.7651448045515566E-10,2.1029806625675474E-10,7.598283057360131E-10,7.329449938945131E-5,6.815947265618072E-4
4.225E-6,4.225E-6,7.962537426826572,5.5E-8,-4077.7115606386915,-2154.424852001968,0.7078156889401416,-1.447351694816781,135817.8697697883,140751.49663489033,311.76500905660987,0.3347933154803956,3.729241043767707E-6,2.6498019632783368E-8,9.77940334335663E-4,-8.373924094939867E-7,-112.97639253718444,0.03126609569363836,6.972886868748031E-11,5.0613295457721884E-8,3.1762714568452995E-9,1.7060160589884467E-10,2.1129279935463856E-10,7.630840901778997E-10,7.771415792814667E-5,6.622579194012685E-4
4.25E-6,4.25E-6,8.009653032902468,5.5E-8,-3769.9584546037336,-1774.8276055576837,0.7010094234137065,-1.4418663474114422,138059.6075239703,143042.63250109763,312.2399454569429,0.3300525030643447,3.692380439422776E-6,2.7243915427265956E-8,9.742340185212447E-4,-1.0875731550186175E-6,-113.95793369702915,0.030299259736665363,6.722417982974042E-11,5.0700032359416336E-8,3.094549827094151E-9,1.6405194525032398E-10,2.1227396202161982E-10,7.661916701033624E-10,7.861715846417234E-5,6.43336474167322E-4
4.2750000000000006E-6,4.2750000000000006E-6,8.056768638978365,5.5E-8,-3450.952753737977,-1384.3615068580946,0.6942387068350531,-1.4322626360477353,140297.16719130886,145356.45722693158,312.71371458955605,0.32529690372301173,3.655685501982113E-6,2.8012770500726002E-8,9.67745024356578E-4,4.7912448776799015E-6,-88.85522736442726,0.030558162356157936,6.442816240498776E-11,5.0786263233924596E-8,3.0146404296056167E-9,1.5692455115322224E-10,2.1323628545106477E-10,7.691380597561775E-10,8.419495083017425E-5,6.248748964946893E-4
4.3E-6,4.3E-6,8.103884245054262,5.5E-8,-3120.9151645486286,-985.307061746096,0.6875236001914423,-1.4182644161426878,142540.79784476245,147684.87718656074,313.18460212665417,0.320540598797534,3.6192642957589385E-6,2.880296609446239E-8,9.582867676639783E-4,7.033965605813819E-6,-55.87248875835212,0.019877079750386883,6.135941476699687E-11,5.0871387828006735E-8,2.936740650861476E-9,1.4929490072694053E-10,2.141745923068689E-10,7.719101328921145E-10,8.850035565688915E-5,6.069171893090465E-4
4.325E-6,4.325E-6,8.150999851130159,5.5E-8,-2780.1232524611796,-576.6327643007395,0.6808855715094176,-1.3995470196969708,144796.92528968563,150019.9303788787,313.65112128905287,0.31580133312608066,3.583232916783571E-6,2.961231762030658E-8,9.456398781736289E-4,1.198727810873379E-5,-29.235118762348066,0.017823675871483147,5.8036519609660256E-11,5.0955342147285515E-8,2.8610484693237453E-9,1.4124907319488999E-10,2.150835412812994E-10,7.744957617502631E-10,9.555477173397276E-5,5.895070456949411E-4
4.350000000000001E-6,4.350000000000001E-6,8.198115457206057,5.5E-8,-2428.6796012766035,-157.4489547485983,0.6743475817820672,-1.3758023036507885,147033.68147008077,152351.9050816327,314.11146768656954,0.31109685823765154,3.5477158927204743E-6,3.043813068200699E-8,9.295961511153976E-4,1.6099577053552138E-5,13.401982904431861,0.007030066800808754,5.4483810299012277E-11,5.1037709385404756E-8,2.787762777745492E-9,1.3287901771979546E-10,2.1595782962804402E-10,7.768845552888078E-10,1.0322501974382958E-4,5.726879164664972E-4
4.3750000000000005E-6,4.3750000000000005E-6,8.245231063281953,5.5E-8,-2066.871848123355,268.631056917769,0.6679431241560838,-1.3429276135262485,149444.75501276928,154665.18584584753,314.5623947056739,0.3064505560831224,3.5128954361764453E-6,3.127591057497749E-8,9.073835226528705E-4,-1.4615048301465095E-5,-136.9731494565458,0.013943934912759914,5.044610825458094E-11,5.1116899208306576E-8,2.717181651857955E-9,1.2428250505189243E-10,2.1678542724909496E-10,7.790683550265336E-10,8.478646812055595E-5,5.565254853050101E-4
4.4E-6,4.4E-6,8.29234666935785,5.5E-8,-1695.522877904304,697.2177242746019,0.661710417216052,-1.3028307600785356,151569.04860889103,156948.94493074284,315.0030537861784,0.3019019893254266,3.478980393463502E-6,3.21196025236339E-8,8.802910541071187E-4,8.919761475141286E-6,-29.73462500837195,0.012648097854111029,4.616192872219889E-11,5.1195499979160915E-8,2.649631537247651E-9,1.1557166491712358E-10,2.175610309203933E-10,7.810416783837302E-10,9.941489730937168E-5,5.410912631610894E-4
4.425E-6,4.425E-6,8.339462275433746,5.5E-8,-1315.664310679018,1128.1569928636534,0.6556809853137875,-1.2566580186516592,153818.70395788056,159183.1821163181,315.42899331387457,0.2974678527037574,3.44614348293473E-6,3.296375945950974E-8,8.490932558457157E-4,-7.809821638034008E-6,-96.69897861333902,0.010505408077676748,4.178457784675482E-11,5.126988025257645E-8,2.5853442955892825E-9,1.0681068635686444E-10,2.1828058572259186E-10,7.828014339950612E-10,8.912421976367E-5,5.264345379260499E-4
4.450000000000001E-6,4.450000000000001E-6,8.386577881509645,5.5E-8,-928.0244717845818,1563.7583369277752,0.6498828059379608,-1.204652918830888,155882.07783515038,161358.89541973665,315.8396712508738,0.2931796241254545,3.4145391467021657E-6,3.3802390553491124E-8,8.139546748857352E-4,5.520217763717028E-6,-34.90718745998129,0.010017011609079418,3.738807160540885E-11,5.134213246510279E-8,2.5244979889025167E-9,9.806366053328329E-11,2.189398527760323E-10,7.843458339089011E-10,9.759768779852726E-5,5.125919093729599E-4
4.475E-6,4.475E-6,8.43369348758554,5.5E-8,-533.041669220146,2004.2798866400992,0.6443424160436733,-1.1472306958432366,157964.8788417079,163459.49764752356,316.231918110394,0.28905537847573487,3.3843142546701193E-6,3.462943357260782E-8,7.751558755697544E-4,-3.82396637192528E-6,-66.3304984724009,0.006835675087415893,3.304880375668361E-11,5.1410133553863496E-8,2.4672434796916883E-9,8.941865576938047E-11,2.1953672221967278E-10,7.856736627736069E-10,9.190687408237568E-5,4.995934892601591E-4
4.5E-6,4.5E-6,8.480809093661437,5.5E-8,-131.36301260870843,2445.7235068386085,0.6390850426845025,-1.084513268598655,159894.87180666163,165474.5674277637,316.60472883749077,0.2851218381054739,3.3556093063646165E-6,3.543824619696369E-8,7.327792355396317E-4,3.694469906889708E-6,-28.823810616027004,0.006182668071517128,2.881706691801649E-11,5.1474966756041225E-8,2.4137089075736686E-9,8.097789099354625E-11,2.2006965930492363E-10,7.867847409066389E-10,9.6818577054946E-5,4.874640207191046E-4
4.525000000000001E-6,4.525000000000001E-6,8.527924699737335,5.5E-8,275.6542482097374,2881.0123396490335,0.6341355780827476,-1.016528182753876,161776.00680791197,167389.0715511322,316.9555849140615,0.2813985733894794,3.328563300251424E-6,3.6221910519508424E-8,6.868433667255919E-4,-1.5941435511024338E-6,-41.02631720167847,0.002681302455016521,2.473371168535025E-11,5.1535334446369084E-8,2.3640124098654696E-9,7.285376860829383E-11,2.2053831686283055E-10,7.876810167798606E-10,9.370309401608166E-5,4.762258504604388E-4
4.5500000000000005E-6,4.5500000000000005E-6,8.57504030581323,5.5E-8,685.9564423199993,3304.883791362465,0.62951903089343,-0.943194616744985,163510.4776305003,169191.279173695,317.28314297652304,0.27791052473955097,3.303316452228147E-6,3.697290900473164E-8,6.372936599628277E-4,2.5846218511560438E-6,-16.50305119425775,0.0015489775281025686,2.0832112653005978E-11,5.159173946075353E-8,2.3182688620070495E-9,6.516054540762055E-11,2.209430073329395E-10,7.883672184959758E-10,9.656739363832E-5,4.659005225569311E-4
4.575E-6,4.575E-6,8.622155911889127,5.5E-8,1097.453135063016,3717.968114442975,0.6252611776736563,-0.8642704077251782,165169.51839455418,170866.5079262162,317.5851349504058,0.2746794221074721,3.2800134868231694E-6,3.76832900496838E-8,5.839664917062015E-4,-6.059490462462236E-7,-40.79175356920223,0.007224438810737865,1.71390910707318E-11,5.164332546088301E-8,2.2765983014881377E-9,5.8007595331390586E-11,2.2128479236449053E-10,7.88850763499102E-10,9.465462976100766E-5,4.565107398387648E-4
4.6E-6,4.6E-6,8.669271517965024,5.5E-8,1508.7492458146705,4125.053415906214,0.6213880052996273,-0.7798981170256727,166635.98449433772,172401.75254698342,317.8599803240673,0.2717294942045828,3.2588006306475215E-6,3.8344715942392143E-8,5.269581871795086E-4,1.7309098168993843E-6,-9.362780154123357,-1.310895802930645E-4,1.3698356266065272E-11,5.169026781476715E-8,2.2391224272443895E-9,5.14960539293084E-11,2.215657813358402E-10,7.891414724670922E-10,9.621647290622086E-5,4.480796327397752E-4
4.625000000000001E-6,4.625000000000001E-6,8.716387124040923,5.5E-8,1919.4020909128997,4531.670435655875,0.6179244999139886,-0.6903694571035754,167994.15381444214,173783.32169080176,318.10564919068696,0.2690826412003814,3.2398188540939307E-6,3.894879519936131E-8,4.664658493943077E-4,-1.908194661837115E-7,-19.79887380866967,0.0021180081300826714,1.055537111473451E-11,5.173196926923015E-8,2.205955428349632E-9,4.57097855346428E-11,2.2178919298409147E-10,7.892515965639858E-10,9.510261413163595E-5,4.40628770536798E-4
4.65E-6,4.65E-6,8.763502730116818,5.5E-8,2329.7914831044054,4942.701094550086,0.6148936974652323,-0.5962138793057357,169160.23291732755,174999.2647474035,318.32067237205166,0.2667599978260291,3.223198493067668E-6,3.948742290421626E-8,4.028472157471187E-4,1.0096173220119908E-6,0.11125460493167338,-0.0025814717305365775,7.757261281226047E-12,5.176845296169738E-8,2.1771980390716397E-9,4.0714198856907455E-11,2.219593973670541E-10,7.891960225300611E-10,9.596146916850893E-5,4.341769177901671E-4
4.675E-6,4.675E-6,8.810618336192714,5.5E-8,2740.5586516963454,5357.676926974204,0.6123154291665404,-0.4982649551154663,170177.63723619288,176038.531674279,318.50351116072073,0.264779251067589,3.209052231641269E-6,3.995314133527152E-8,3.366655102131529E-4,-1.83520148198113E-7,-3.765480638405279,-0.0019057154328834258,5.349958722984234E-12,5.179933121314115E-8,2.152929071603859E-9,3.655728548001008E-11,2.2208204553170822E-10,7.889922626214301E-10,9.530612911166575E-5,4.287382344881488E-4
4.700000000000001E-6,4.700000000000001E-6,8.857733942268613,5.5E-8,3151.413845685149,5765.592142701466,0.6102051054554892,-0.39756570782071493,170998.21947215524,176892.64234936357,318.6531796503169,0.26315486882969663,3.197468216139187E-6,4.033957345249955E-8,2.6862547825723984E-4,4.1303594940700353E-7,8.516050986806476,-0.004820874774623007,3.3709280824808253E-12,5.182460363821288E-8,2.1331974869189563E-9,3.327156712461073E-11,2.221639326846012E-10,7.886602114496691E-10,9.577753587630144E-5,4.243206007602951E-4
4.7250000000000005E-6,4.7250000000000005E-6,8.90484954834451,5.5E-8,3560.3051005737852,6152.5239789587,0.6085730395519855,-0.2952388639871531,171645.8619100047,177555.2088057118,318.76888334544844,0.26189659252696046,3.188506178727525E-6,4.064171004024633E-8,1.9948571891023858E-4,-3.1399832082001924E-7,6.896360857982472,-0.004609375346319666,1.844120616556061E-12,5.1844072026559864E-8,2.1180192811233123E-9,3.0876999391453E-11,2.2221279850396E-10,7.882219062135049E-10,9.540240742985435E-5,4.209250116125944E-4
4.75E-6,4.75E-6,8.951965154420405,5.5E-8,3964.178041995213,6514.418031861143,0.6074244614527239,-0.19232096142187874,172094.84581353483,178022.6193319866,318.85032028997927,0.26101010411689285,3.182197343231323E-6,4.085607814590145E-8,1.2994659555532346E-4,6.239465761836982E-9,13.621135655350372,-0.006176090363226194,7.78097863960879E-13,5.185778341869347E-8,2.1073801096388936E-9,2.938240013381005E-11,2.2223698694663697E-10,7.877013632669239E-10,9.567957352161781E-5,4.1854623371404107E-4
4.775E-6,4.775E-6,8.999080760496302,5.5E-8,4360.203229707918,6852.461621733041,0.6067601661210708,-0.08965888977893628,172360.36069791715,178293.33007306943,318.897402305731,0.26049698119849357,3.178547885398724E-6,4.098072017445962E-8,6.0580330931713706E-5,-3.9092822675002024E-7,12.026643267289728,-0.0058694081794783415,1.6855515847554087E-13,5.186568622502089E-8,2.1012428413146765E-9,2.8784809205755933E-11,2.2224511605056982E-10,7.871244116715025E-10,9.549015312495203E-5,4.1717453549829303E-4
4.800000000000001E-6,4.800000000000001E-6,9.0461963665722,5.5E-8,4745.608323212089,7160.701663473376,0.6065773569007308,0.012070404594387064,172430.4987600889,178367.89726164707,318.91036637030504,0.26035574400328754,3.1775434956444044E-6,4.101510638024417E-8,8.155678779991259E-6,-1.6579875975253344E-7,14.584218827695622,-0.006400931045050129,3.0521536217252327E-15,5.186787176232536E-8,2.0995559702098807E-9,2.9067567796558393E-11,2.2224579225048687E-10,7.865183893443355E-10,9.568243782248437E-5,4.167975807427523E-4
4.825E-6,4.825E-6,9.093311972648097,5.5E-8,5117.064358856862,7431.742060242024,0.6068701848860968,0.11224955353657134,172316.62895519685,178248.47583412382,318.8896049647786,0.2605819834283775,3.1791523322387585E-6,4.0960043629393034E-8,7.584429293011578E-5,-3.2445087455812427E-7,12.029885839707276,-0.005774300312850755,2.643387296552576E-13,5.1864377767620046E-8,2.1022584673889003E-9,3.019950192283033E-11,2.2224740773808837E-10,7.859115493421592E-10,9.561877712145958E-5,4.174015049949122E-4
4.85E-6,4.85E-6,9.140427578723992,5.5E-8,5471.320678059664,7667.327671865488,0.6076298387820169,0.2102389872519361,172015.52909636032,177938.97372835252,318.83575777317134,0.26116867607162153,3.1833255327344724E-6,4.081764077796941E-8,1.4205336976482168E-4,-1.1362698259631543E-7,11.388259977476082,-0.005498484597069364,9.3078191674681E-13,5.185533063620398E-8,2.1092799199502377E-9,3.213612776948029E-11,2.2225797221807762E-10,7.853322825985953E-10,9.577673922027778E-5,4.189709234349063E-4
4.875000000000001E-6,4.875000000000001E-6,9.18754318479989,5.5E-8,5806.017919554105,7871.609894248815,0.6088444308809546,0.3053721408374325,171537.68700663678,177444.91097190246,318.7496466055681,0.2621059486228668,3.189996648960241E-6,4.0591268661939905E-8,2.0633252759285982E-4,-1.1224564232747981E-7,7.531247364460796,-0.004487431191648739,1.975522526766837E-12,5.184083964937947E-8,2.1205382904977545E-9,3.482143311455452E-11,2.2228494973879992E-10,7.848086284375108E-10,9.579043081544476E-5,4.2148839353084016E-4
4.9000000000000005E-6,4.9000000000000005E-6,9.234658790875788,5.5E-8,6119.503661411037,8045.426709534244,0.6104989126706356,0.3969736972252293,170886.10647794895,176773.53333179554,318.6323385677109,0.26338117546346285,3.1990812718532903E-6,4.028548747059651E-8,2.682254710981279E-4,9.835176427941406E-8,4.487847080679785,-0.003606079346354818,3.3657533746807836E-12,5.182108011410104E-8,2.135937450935745E-9,3.818896404741472E-11,2.2233509097036702E-10,7.843685838927174E-10,9.59264967629347E-5,4.249338133788785E-4
4.925E-6,4.925E-6,9.281774396951684,5.5E-8,6410.807647967651,8193.8822919769,0.6125750612396483,0.4843713808619562,170072.1532520182,175933.67546179664,318.4851072041471,0.26497890947289465,3.2104770783371543E-6,3.990592773557171E-8,3.272779600418623E-4,1.805820279798809E-7,-0.5349053428226398,-0.0022772100990664512,5.062196772992174E-12,5.1796233669642385E-8,2.1553648801691362E-9,4.216222504133988E-11,2.2241427082646694E-10,7.840412742089496E-10,9.59730302048593E-5,4.2928384250538076E-4
4.95E-6,4.95E-6,9.32889000302758,5.5E-8,6680.01706408495,8324.554652405526,0.615051585679072,0.5669345816589423,169103.5356545116,174935.7224317282,318.3094589163435,0.26688108993550114,3.224064556109574E-6,3.945913012035108E-8,3.8306390652631235E-4,3.6413163897464077E-7,-5.165320568234165,-0.0010159874610735642,7.019475390216043E-12,5.1766534605575327E-8,2.1786900298385347E-9,4.665496151845779E-11,2.2252734371024478E-10,7.838578577659556E-10,9.6077705431488E-5,4.345114586481835E-4
4.975000000000001E-6,4.975000000000001E-6,9.376005609103478,5.5E-8,6927.668516266405,8436.323084802552,0.617904476204292,0.6441390630992575,167993.05877925653,173791.3442768294,318.10708688421545,0.269067313126035,3.2397090752370524E-6,3.895232630011228E-8,4.352290966886875E-4,4.508168876782293E-7,-10.878091791391853,4.705048179971527E-4,9.188136166721889E-12,5.17322326712975E-8,2.205764622510361E-9,5.1572857926088095E-11,2.226780428866448E-10,7.838501291399483E-10,9.61174532229288E-5,4.405859364849936E-4
5.0E-6,5.0E-6,9.423121215179375,5.5E-8,7153.532738785384,8520.761015781382,0.6211076085449235,0.7156111846984994,166751.60101323205,172513.2126938972,317.879848253618,0.27151540672217295,3.2572643581441957E-6,3.839317592425635E-8,4.835210707422293E-4,5.667850662405271E-7,-16.242963814058385,0.0018648426671461493,1.1517518129408456E-11,5.169361366364109E-8,2.2364252137332674E-9,5.681748701702708E-11,2.2286894690958533E-10,7.840467428165805E-10,9.617404085365404E-5,4.474733285232383E-4
5.025E-6,5.025E-6,9.470236821255272,5.5E-8,7356.180598725335,8569.296244289893,0.6246334745346573,0.7811371616843962,165392.83007865082,171114.6002436632,317.62970053526465,0.2742020252128171,3.2765766289270196E-6,3.778949388405695E-8,5.27795379516484E-4,5.976459314638305E-7,-22.02957824677378,0.0033142954576987904,1.3958362454629013E-11,5.1650972546487885E-8,2.270497051073002E-9,6.22898287710845E-11,2.2310151526911405E-10,7.844704228509807E-10,9.617685284891262E-5,4.5513723869151197E-4
5.050000000000001E-6,5.050000000000001E-6,9.517352427331168,5.5E-8,7533.304234274704,8575.578280303695,0.6284539065741199,0.8406510364227011,163929.0483954832,169609.03872366002,317.35866137359875,0.2771032969238198,3.297488704490806E-6,3.71490032453825E-8,5.680074570423656E-4,6.154309444639238E-7,-27.383278401207463,0.00462809720477253,1.6464778634587084E-11,5.160462089744564E-8,2.307798179955131E-9,6.789107581033488E-11,2.2337617882828814E-10,7.851383921641899E-10,9.617277887574938E-5,4.6353965909448733E-4
5.0750000000000005E-6,5.0750000000000005E-6,9.564468033407065,5.5E-8,7682.5172176801,8540.199297203904,0.6325404759245814,0.8941097989110038,162358.89129059238,168010.02543087426,317.06877612129966,0.28019507313220315,3.319842264499604E-6,3.647917868444503E-8,6.04128242507435E-4,5.806465482294244E-7,-17.80989397232497,-4.1249569443380096E-4,1.899112807152686E-11,5.1554872832214734E-8,2.3481407755658895E-9,7.352433621212625E-11,2.2369237168445906E-10,7.860634259354038E-10,9.608853971164454E-5,4.726411924979133E-4
5.1E-6,5.1E-6,9.611583639482962,5.5E-8,7802.415677342654,8471.329263319602,0.6368651457507366,0.941718202846576,160738.22435371936,166330.97189866664,316.7620618944716,0.28345398851364606,3.343481534407541E-6,3.578702856516547E-8,6.362960830044432E-4,4.762832676874496E-7,-36.115604534673366,0.00639192376632991,2.150247520127574E-11,5.15020425482994E-8,2.3913354027402144E-9,7.909543426292134E-11,2.240488505973177E-10,7.872530113948217E-10,9.595859083553094E-5,4.8240194589832405E-4
5.125E-6,5.125E-6,9.658699245558859,5.5E-8,7892.833423933096,8375.119764084522,0.6414007486329613,0.9836475778070015,159029.50816954457,164584.43756262542,316.4404995645143,0.28685684359918484,3.3682558561727193E-6,3.507905795186687E-8,6.646267417614875E-4,3.3889615792759285E-7,-32.5321311113139,0.003948629145099858,2.3964673215577126E-11,5.1446440085931497E-8,2.4371941204180733E-9,8.451896083310612E-11,2.2444371170237734E-10,7.887085624587727E-10,9.582026471633903E-5,4.927821792835687E-4
5.150000000000001E-6,5.150000000000001E-6,9.705814851634756,5.5E-8,7954.053089532929,8251.234783220147,0.6461208723168145,1.0200431328458532,157282.20679177775,162782.76415621417,316.10600645074976,0.2903817875735287,3.3940191806178006E-6,3.436117002441065E-8,6.892183330039549E-4,1.4106183130024874E-7,-44.49085081092835,0.00813946921095976,2.6344044073483185E-11,5.138836892956142E-8,2.485528067204857E-9,8.97185521448342E-11,2.2487446216664815E-10,7.904267656026367E-10,9.565128643403096E-5,5.037417175075339E-4
5.1750000000000004E-6,5.1750000000000004E-6,9.752930457710653,5.5E-8,7986.303375713506,8099.726467477426,0.6509998201237406,1.0510649939644159,155479.29865287634,160937.53360433673,315.7604675747942,0.29400729049687235,3.420629776582654E-6,3.3638746860872333E-8,7.101790499759567E-4,-8.195804014121678E-8,-43.67587468050624,0.006982387236860177,2.860920552924539E-11,5.132813099889322E-8,2.536145965868664E-9,9.462516534352198E-11,2.2533813533093584E-10,7.924017648017634E-10,9.54770139517993E-5,5.152395735049813E-4
5.2E-6,5.2E-6,9.80004606378655,5.5E-8,7990.169698034038,7925.8883922172145,0.6560124699019754,1.0767974761126604,153638.47121225845,159059.9602051002,315.40573080806996,0.29771280645663334,3.447949512132921E-6,3.291661980873263E-8,7.27565862238284E-4,2.176045711621555E-8,-36.82759032593003,0.004003824357141639,3.0726166437477696E-11,5.126603712224057E-8,2.5888517303064827E-9,9.917635463956642E-11,2.2583123693833296E-10,7.94626836035122E-10,9.544448359178268E-5,5.272333707903945E-4
5.225000000000001E-6,5.225000000000001E-6,9.847161669862448,5.5E-8,7966.861703971352,7734.274867688879,0.6611346039041422,1.0975353177109728,151797.355117328,157160.55378712184,315.04354648661825,0.30147872357080385,3.4758456218138873E-6,3.219905259369496E-8,7.415779173722789E-4,-6.052199607609055E-7,-51.31107767264439,0.008862719905096128,3.267463160310039E-11,5.120234332402982E-8,2.6434471990772866E-9,1.0331228091302384E-10,2.2635012301826914E-10,7.97095593275627E-10,9.496639849309064E-5,5.39679936544103E-4
5.2500000000000006E-6,5.2500000000000006E-6,9.894277275938343,5.5E-8,7917.498413856425,7521.550254010159,0.666342974087925,1.1134041302826287,149906.76902679022,155249.1320511073,314.67568936356736,0.30528635637146767,3.504191006499773E-6,3.1489787962132384E-8,7.523000880288032E-4,5.747224447816279E-7,-28.34877908964063,0.0013401251426614635,3.44273137400993E-11,5.1137422102250904E-8,2.6997324654366205E-9,1.0697937190983077E-10,2.2689073967507143E-10,7.998015748088949E-10,9.551941493486073E-5,5.525353583434884E-4
5.275E-6,5.275E-6,9.94139288201424,5.5E-8,7842.419608794115,7282.457353116589,0.6716129480238163,1.1236963418689374,148005.36310105736,153336.7380686572,314.3042281894758,0.3091184979906904,3.532851523624898E-6,3.0792266406894604E-8,7.592542850465793E-4,1.670614127547765E-5,4.233457647659634,0.014711295979623173,3.590534594591226E-11,5.1072031678459424E-8,2.7574797583167822E-9,1.1013909773294081E-10,2.2744746834223632E-10,8.027347178354931E-10,1.0432848423241E-4,5.657489899725536E-4
5.3E-6,5.3E-6,9.988508488090137,5.5E-8,7741.684269889656,7019.011102842733,0.6769225081863184,1.1301739310212562,146185.03005846974,151428.65746079374,313.92975845036375,0.3129520726126087,3.561707357518359E-6,3.0109476461701144E-8,7.636310344738218E-4,-2.7296549532707103E-7,-40.35528094534129,0.004723801923177007,3.718873656735091E-11,5.1004799766234036E-8,2.8164764012524014E-9,1.1274325213861374E-10,2.2801737540426836E-10,8.058763901055098E-10,9.276221276688471E-5,5.792732464801098E-4
5.325000000000001E-6,5.325000000000001E-6,10.035624094166035,5.5E-8,7615.820451982837,6735.87781827185,0.6822551496784666,1.1335024479552283,144378.49656747753,149535.1472615236,313.55466969822766,0.3167816675390871,3.590669369559128E-6,2.9442980154922473E-8,7.658800324021812E-4,5.235190830745751E-6,-84.71186624745133,0.03352545813018537,3.8299170503289066E-11,5.093784826939609E-8,2.8765591306823945E-9,1.1476531971427876E-10,2.2859740311739882E-10,8.091974209273127E-10,9.575844255928168E-5,5.930715260379223E-4
5.3500000000000004E-6,5.3500000000000004E-6,10.08273970024193,5.5E-8,7465.713605443224,6434.380907287123,0.6875964708905837,1.1338510352208537,142527.99637120022,147658.8262031247,313.17932018552017,0.3205912107380634,3.6196596426376923E-6,2.879427825084906E-8,7.661155643384147E-4,-1.3673733758423623E-6,-68.55404889962301,0.01525717152256334,3.9229871217023946E-11,5.0870178898985656E-8,2.937578807681581E-9,1.1620312399567356E-10,2.291842390919E-10,8.126619649228476E-10,9.158010717600336E-5,6.071101914152802E-4
5.375E-6,5.375E-6,10.129855306317827,5.5E-8,7292.405246615821,6117.021779304754,0.6929328229207218,1.131394390644738,140757.03926298794,145806.1703874362,312.80506558029964,0.3243740836510518,3.6486048526789476E-6,2.8164272419966553E-8,7.644556693545526E-4,-1.7246069823784182E-6,-109.00486448504671,0.03194860216021311,3.997655762505176E-11,5.08026017649433E-8,2.999386089173246E-9,1.1706914706664035E-10,2.2977499540999036E-10,8.162346094009578E-10,9.169388398509299E-5,6.213552997774812E-4
5.400000000000001E-6,5.400000000000001E-6,10.176970912393726,5.5E-8,7097.306746441276,5788.497861168499,0.6982510627233954,1.126161434446633,138968.54665887513,143980.71499491177,312.4327150785913,0.32811899985024556,3.677434350307858E-6,2.7553873756411247E-8,7.60919888139617E-4,-4.272170678660814E-6,-105.53009369180927,0.026666776999718422,4.052658943913337E-11,5.0735004440124036E-8,3.0618289490043504E-9,1.1738368643569628E-10,2.3036663616731222E-10,8.198844040128431E-10,9.081282151577285E-5,6.357720368620559E-4
5.4250000000000006E-6,5.4250000000000006E-6,10.224086518469623,5.5E-8,6882.125940398178,5451.057746823545,0.7035381471884747,1.1181697076880028,137234.7005317351,142187.01166046725,312.0632508698271,0.3318178099372694,3.7060782913930183E-6,2.6963718377427093E-8,7.555200727621641E-4,-6.215861670995082E-6,-125.83307661492563,0.031861017699640115,4.0867900204838205E-11,5.066765897545798E-8,3.12474812071402E-9,1.1717257353076938E-10,2.3095621508869066E-10,8.235832198219529E-10,9.067281487731805E-5,6.503236655112277E-4
5.45E-6,5.45E-6,10.271202124545518,5.5E-8,6648.597980303429,5106.183703054406,0.7087789072855369,1.106511503518826,135408.51834075036,140429.767702736,311.6979342462621,0.3354601557834417,3.7344553670290464E-6,2.639462683386758E-8,7.476429077829906E-4,-6.680861244490188E-7,-18.307454293127194,-0.0023610969090412937,4.0921178806026245E-11,5.060100471404714E-8,3.187950116498756E-9,1.164715297807236E-10,2.3153903019498635E-10,8.273029970376804E-10,9.435575209638146E-5,6.64965265909133E-4
5.475E-6,5.475E-6,10.318317730621414,5.5E-8,6398.500314109053,4756.448649742948,0.7139576534892881,1.091827508998514,133797.97335151734,138713.2052852599,311.3374402889132,0.33903540864149173,3.76248166579992E-6,2.584726039068648E-8,7.377212898638609E-4,-4.9513045246385445E-6,-86.7857959568073,0.0187768780037203,4.072202142405859E-11,5.053466400164687E-8,3.251225304097372E-9,1.1530533410191759E-10,2.3211207525842257E-10,8.310163118137192E-10,9.172815167922776E-5,6.796478805217628E-4
5.500000000000001E-6,5.500000000000001E-6,10.365433336697313,5.5E-8,6133.503641935755,4401.4289173560655,0.7190614825681829,1.07471071731483,132108.15001915622,137041.11950248972,310.98309448683585,0.3425358059115258,3.790088369340863E-6,2.5321971607909373E-8,7.261558900775878E-4,-1.9402178006089344E-6,-32.613945338117446,0.0022651801263151583,4.030743184131486E-11,5.046939790214446E-8,3.314388782888974E-9,1.1368687679113468E-10,2.3267277633757115E-10,8.346979348822277E-10,9.366736155785753E-5,6.943280073530881E-4
5.5250000000000005E-6,5.5250000000000005E-6,10.41254894277321,5.5E-8,5854.855603820669,4039.020556078673,0.7240798762185537,1.0555546218315341,130555.5283291489,135415.6981309919,310.63530665812846,0.3459547924821071,3.817219703203471E-6,2.4818723789056513E-8,7.132125823186041E-4,-4.392011029068499E-6,-70.12016396798026,0.01388001755040591,3.970312909484454E-11,5.0404920225829216E-8,3.3772776734302927E-9,1.1162826688174708E-10,2.332186468455664E-10,8.383236605219972E-10,9.221095643010131E-5,7.089670303094649E-4
5.55E-6,5.55E-6,10.459664548849105,5.5E-8,5563.64172269191,3671.5368900515987,0.7290041596004475,1.034759366064151,128976.40589248328,133838.90370532812,310.2949038355344,0.3492878136382681,3.843829841759548E-6,2.4337313015667633E-8,6.991617338271291E-4,-2.580637472817671E-6,-33.66064753720639,0.0024696364731937592,3.8937908428038706E-11,5.0341685519947876E-8,3.4397462474291527E-9,1.0914915428967965E-10,2.337478541120951E-10,8.418682966023371E-10,9.336328743958638E-5,7.235301370563122E-4
5.575000000000001E-6,5.575000000000001E-6,10.506780154925004,5.5E-8,5261.299477588055,3303.7413646288323,0.733827387234437,1.0126539618958417,127505.75476907886,132311.67894094108,309.96215946663807,0.3525312356077607,3.869882356252122E-6,2.387731465362946E-8,6.842256499296227E-4,-3.999595270727241E-6,-57.27275958834343,0.010222025650278965,3.8037129718758866E-11,5.02795411212013E-8,3.5016660629156998E-9,1.0627867939726715E-10,2.342589487420149E-10,8.453063019341984E-10,9.251352562264904E-5,7.37986393304232E-4
5.600000000000001E-6,5.600000000000001E-6,10.5538957610009,5.5E-8,4949.624679913369,2938.6920255010236,0.7385438709084601,0.9894466232607093,126037.55279083343,130834.75773966261,309.63758216317626,0.3556826153514155,3.895347565984907E-6,2.343822719137982E-8,6.685450157166955E-4,-2.9403835580410486E-6,-34.19961294617224,0.0029690677678502198,3.7018386257472E-11,5.021876558099646E-8,3.5629212937890874E-9,1.0305501199838795E-10,2.347508623033689E-10,8.486139803114433E-10,9.318392102200838E-5,7.523076903532658E-4
5.625E-6,5.625E-6,10.601011367076797,5.5E-8,4630.672620469296,2580.427207065281,0.7431486261987305,0.9652259059156914,124655.26000790027,129408.42710278035,309.32137540532824,0.3587399171612772,3.920199597828426E-6,2.301947591976349E-8,6.521796661592509E-4,-3.70314729053689E-6,-47.60886826864953,0.007643349899922214,3.589126888833921E-11,5.015928868707613E-8,3.6234025313768405E-9,9.95242988743691E-11,2.35222706836569E-10,8.517706020805802E-10,9.272900241495421E-5,7.664673230197213E-4
5.65E-6,5.65E-6,10.648126973152692,5.5E-8,4306.8106864829015,2233.3481323720066,0.7476368600433582,0.9399851961000303,123296.27014760637,128033.00896344104,309.0139132884513,0.3617013883223331,3.944413564718519E-6,2.2620515449187067E-8,6.351251325000205E-4,-3.0652058114810642E-6,-34.566142737294285,0.0037925433727608038,3.465915479081875E-11,5.010129180453711E-8,3.6830006262494956E-9,9.573862263471987E-11,2.356737371685965E-10,8.547588738731006E-10,9.31421682516044E-5,7.804385635685339E-4
5.675000000000001E-6,5.675000000000001E-6,10.69524257922859,5.5E-8,3980.301875936276,1896.4163624663254,0.7520035912554356,0.9136504159171801,122006.07750538069,126708.75630976792,308.71543684749633,0.36456512472968833,3.967963553413771E-6,2.2240828357629015E-8,6.173313621062028E-4,-3.434418258336791E-6,-40.308308941596806,0.005929196792322955,3.3321433109604663E-11,5.004476772717838E-8,3.7416018768837076E-9,9.17514948815075E-11,2.3610321351538817E-10,8.575657550004856E-10,9.293637398303686E-5,7.941935400034306E-4
5.7000000000000005E-6,5.7000000000000005E-6,10.742358185304488,5.5E-8,3652.6349267373685,1564.497741400171,0.75624359337776,0.8861902433155864,120755.92249107327,125436.05404961553,308.4263011959298,0.36732920988306117,3.990822294023068E-6,2.1879952444661664E-8,5.987771914294503E-4,-3.0917405155150846E-6,-35.68854404315243,0.005058398897070049,3.188180193882253E-11,4.998985124363449E-8,3.799087303613937E-9,8.761218258452317E-11,2.36510475453355E-10,8.601825563188382E-10,9.319206443562574E-5,8.077030667170008E-4
5.725E-6,5.725E-6,10.789473791380384,5.5E-8,3324.421605857918,1233.6127671110235,0.7603516000554525,0.8576197212593699,119560.34567674132,124215.20488448856,308.1467914673054,0.36999162503644367,4.01296228049432E-6,2.1537449969875095E-8,5.794727846347093E-4,-3.1686806394759516E-6,-34.94315881817147,0.004952212491886598,3.0348463411750096E-11,4.993658085965447E-8,3.855335511228342E-9,8.336213122456778E-11,2.368948972115987E-10,8.626037613297456E-10,9.319316473587596E-5,8.209373194256298E-4
5.750000000000001E-6,5.750000000000001E-6,10.836589397456281,5.5E-8,2995.7560539974884,901.8738438768804,0.7643226734012253,0.8280618939230701,118412.83415789099,123046.46321919847,307.8772099353862,0.37255073685333295,4.034357752154724E-6,2.1212880694637354E-8,5.5950127967775E-4,-2.8981802486782726E-6,-31.301804069630634,0.004303570994593997,2.8738203445081944E-11,4.988505425187719E-8,3.9102280008611205E-9,7.903480643453171E-11,2.372560300697247E-10,8.648258987412238E-10,9.34034805249104E-5,8.338670925639109E-4
5.775000000000001E-6,5.775000000000001E-6,10.883705003532178,5.5E-8,2666.694108013322,570.8076760381687,0.7681526373891644,0.7977183321452405,117318.49089765518,121929.80468317453,307.6177739661574,0.37500530722257563,4.0549870225040344E-6,2.090577271849936E-8,5.389988730711084E-4,-2.8631524885724956E-6,-29.884791826104447,0.004094395399825146,2.707356839628224E-11,4.983531313682078E-8,3.963655685307808E-9,7.465751751227634E-11,2.375936748740902E-10,8.668471557368107E-10,9.346797541899394E-5,8.464653488031315E-4
5.8E-6,5.8E-6,10.930820609608075,5.5E-8,2337.744963921718,245.2473295218694,0.771838321573252,0.766814513931872,116273.2409306066,120864.96032922035,307.3686530954345,0.37735483505030537,4.074833788511989E-6,2.0615606376006744E-8,5.181179148188325E-4,-2.6304861056303254E-6,-26.87389298465132,0.003587747014144327,2.537835280045732E-11,4.978741975382779E-8,4.0155230303576736E-9,7.02546763591855E-11,2.379078931757963E-10,8.686670511098867E-10,9.365013874152948E-5,8.587082166130359E-4
5.825E-6,5.825E-6,10.977936215683972,5.5E-8,2009.8562048851784,-72.5215233186531,0.77537754658332,0.7355464019463197,115279.45500408752,119851.37098451801,307.12993168393325,0.37959936683783874,4.0938870441029635E-6,2.034182379216409E-8,4.969908121258917E-4,-2.5320643797499544E-6,-25.18203357290986,0.003342862350478981,2.367356012292224E-11,4.9741397121303965E-8,4.065748648744995E-9,6.585148634375021E-11,2.3819899566496216E-10,8.702862797372359E-10,9.374712577868218E-5,8.705751532431045E-4
5.850000000000001E-6,5.850000000000001E-6,11.025051821759869,5.5E-8,1683.9370652031012,-383.45710011392237,0.7787690101509319,0.7040897924139354,114345.31403757923,118888.27722950518,306.9016344852903,0.3817395211582094,4.112140464766587E-6,2.0083839514038416E-8,4.75736346225632E-4,-2.826869432794865E-6,-33.72871858937742,0.00671077811292875,2.1977881796208094E-11,4.969725872504835E-8,4.114264396914303E-9,6.147595219529948E-11,2.384675783105513E-10,8.717077079428802E-10,9.367713104709351E-5,8.820487519529219E-4
5.8750000000000005E-6,5.8750000000000005E-6,11.072167427835765,5.5E-8,1360.891900666128,-684.9347111395134,0.7820117174764784,0.6724028513853754,113440.73205496863,117974.88583735768,306.6838049203488,0.38377603753850714,4.129589331490901E-6,1.984109404985932E-8,4.543262509360644E-4,-2.297325343221246E-6,-23.200106648971996,0.0034756075288271404,2.0295633901635482E-11,4.9655062984634856E-8,4.161007742852066E-9,5.715769732363635E-11,2.387141829321429E-10,8.729379849506945E-10,9.411321081879218E-5,8.931129523927805E-4
5.9E-6,5.9E-6,11.119283033911662,5.5E-8,1042.110613430036,-971.0429106775827,0.7851044263813124,0.6404174521526004,112598.61586092615,117110.49068118547,306.47643475641064,0.3857094650046288,4.146227561076638E-6,1.9613079477869202E-8,4.3271449469770295E-4,-2.3916804367729583E-6,-27.191046910073055,0.005235466066082495,1.862997763585576E-11,4.961478160620944E-8,4.205913939387323E-9,5.2926010390317285E-11,2.3893940540404913E-10,8.739876722774458E-10,9.415656917155046E-5,9.037511939531815E-4
5.925000000000001E-6,5.925000000000001E-6,11.166398639987559,5.5E-8,729.3585363079169,-1239.680053754912,0.7880456159130917,0.6080854023349586,111793.26967831906,116294.53665814565,306.2796006770241,0.38754012918751357,4.162047524558016E-6,1.9399354442419034E-8,4.1086851509118823E-4,-2.012065795042872E-6,-20.545875253335907,0.003337054689609431,1.6985837298819664E-11,4.957647479990081E-8,4.248915528203571E-9,4.880730455644873E-11,2.391438926283879E-10,8.748692443958906E-10,9.448376334420165E-5,9.139462984124692E-4
5.950000000000001E-6,5.950000000000001E-6,11.213514246063456,5.5E-8,424.1388249673206,-1493.062671342277,0.7908336101140797,0.5753878269523022,111043.00973103628,115526.53076626164,306.0933411723755,0.3892682089149493,4.177040729213086E-6,1.91995188702856E-8,3.887755587515555E-4,-1.993984375303626E-6,-22.06107901595624,0.004216933990871752,1.537023190255837E-11,4.9540139592202066E-8,4.289944134182668E-9,4.48250144575124E-11,2.3932830292461215E-10,8.755948382382747E-10,9.458388923074539E-5,9.236808961165094E-4
5.975E-6,5.975E-6,11.260629852139353,5.5E-8,127.37604852953055,-1733.9530735270114,0.7934667597637868,0.5423553357598366,110333.33338475581,114806.03440771843,305.9177314987739,0.39089385863230525,4.191198788442003E-6,1.9013208436584286E-8,3.664563079458356E-4,-1.704880693296218E-6,-17.661030944153026,0.0030717848640371415,1.379296923330982E-11,4.950582141518727E-8,4.328933206706261E-9,4.10000103318214E-11,2.3949336809288685E-10,8.761754051889024E-10,9.484317709903728E-5,9.329380793244656E-4
6.0E-6,6.0E-6,11.30774545821525,5.5E-8,-160.63534146526052,-1966.3604292948796,0.7959436621698132,0.5090618511720051,109674.294715,114132.5712119642,305.75280361725055,0.39241732511006994,4.204514611238235E-6,1.8840071325200428E-8,3.439607102513548E-4,-1.6266266554509913E-6,-17.86444679565102,0.003473563848530148,1.226568495822418E-11,4.9473524841323095E-8,4.365821432004864E-9,3.7350528636780935E-11,2.3963989930211354E-10,8.766208684135285E-10,9.496826615646261E-5,9.417022177645339E-4
6.025000000000001E-6,6.025000000000001E-6,11.354861064291146,5.5E-8,-440.3172672008578,-2195.543522843293,0.7982633287571071,0.4756095421245799,109057.50488796429,113505.61151832185,305.5985850621626,0.3938390618811346,4.216983298302555E-6,1.8679761359740067E-8,3.2135779873282427E-4,-1.3965066162313634E-6,-14.799354490784026,0.0027550114649042,1.080048762004493E-11,4.9443276956709E-8,4.400555463411419E-9,3.389261753183069E-11,2.39768809460688E-10,8.769405529026976E-10,9.517977519413771E-5,9.499596146988635E-4
6.0500000000000005E-6,6.0500000000000005E-6,11.401976670367043,5.5E-8,-712.5000061921123,-2422.762784810508,0.8004252518155428,0.4421006396874169,108488.25464141293,112924.5371060546,305.45505743358876,0.39515974767408885,4.228602503968141E-6,1.8531930247593985E-8,2.9871664843744385E-4,-1.2920346301825702E-6,-14.36050365322717,0.0029024831603159384,9.408238843315443E-12,4.9415076881020515E-8,4.433091184915855E-9,3.064054711582057E-11,2.398811018048474E-10,8.771440446949656E-10,9.530906173307885E-5,9.576988154770227E-4
6.075E-6,6.075E-6,11.44909227644294,5.5E-8,-977.6678552531594,-2643.643604931998,0.8024293483125811,0.4086134097916783,107961.48717989774,112388.6761015564,305.3221888093639,0.39638026154157185,4.2393721314990195E-6,1.839623414598465E-8,2.76090141751134E-4,-1.1057614642595583E-6,-12.147710331078088,0.0024354696650750185,8.09746989854807E-12,4.938893412450984E-8,4.463393106143992E-9,2.7606800154668506E-11,2.3997785293751933E-10,8.772421703841001E-10,9.548225506645958E-5,9.649104711191137E-4
6.100000000000001E-6,6.100000000000001E-6,11.496207882518839,5.5E-8,-1235.568647187061,-2853.3407057650666,0.8042758168334166,0.3751892093974932,107479.82246717771,111897.33043339566,305.19992216828734,0.39750157895050325,4.249293566407132E-6,1.8272341255378567E-8,2.5350622256587374E-4,-9.969018306321686E-7,-11.46351007209978,0.0024594780483138123,6.874156334821055E-12,4.936484204244415E-8,4.4914323752797024E-9,2.4802300816432813E-11,2.400601845216583E-10,8.772471080977784E-10,9.560304535515586E-5,9.71586871122294E-4
6.125000000000001E-6,6.125000000000001E-6,11.543323488594734,5.5E-8,-1485.430929608429,-3049.0689795715234,0.8059649635786441,0.3418323213684952,107040.14424285259,111449.83266802528,305.08820320224964,0.3985246756595987,4.25836874108224E-6,1.8159943916226384E-8,2.3096778470844267E-4,-8.467126932032442E-7,-9.844298340824935,0.002151582864637902,5.742201495467456E-12,4.9342801652290484E-8,4.517184234725919E-9,2.223689167401625E-11,2.401292403157971E-10,8.771716940229426E-10,9.574390044774444E-5,9.77721341197161E-4
6.15E-6,6.15E-6,11.59043909467063,5.5E-8,-1726.2554288602034,-3228.9620756143254,0.8074970558214428,0.3085217741258302,106643.70465725624,111045.57644218947,304.98697795159654,0.3994504296652671,4.266599349730204E-6,1.8058766100217988E-8,2.0846065819312852E-4,-7.461089016658207E-7,-9.135309320900888,0.002125750085177458,4.704334235564034E-12,4.93228073042283E-8,4.540625818665833E-9,1.9919189396660534E-11,2.401861699812052E-10,8.770289388553391E-10,9.5850097507187E-5,9.833077203361205E-4
6.175E-6,6.175E-6,11.637554700746527,5.5E-8,-1957.1348261936114,-3394.11215824159,0.80887224826237,0.27523054019513743,106288.61027249636,110684.04055011824,304.89620685908267,0.40027958548852827,4.273986453571476E-6,1.7968567443143588E-8,1.859665812129307E-4,-6.270791509166429E-7,-7.952888057882774,0.0019228883095872007,3.763021809408919E-12,4.9304859961576215E-8,4.561735019179186E-9,1.7855899869511976E-11,2.4023212409956206E-10,8.76831948629128E-10,9.59631847818869E-5,9.883400912047348E-4
6.200000000000001E-6,6.200000000000001E-6,11.684670306822426,5.5E-8,-2177.715233563117,-3549.2305273171414,0.8100905987233401,0.2419443432510405,105975.45234125154,110364.77884792614,304.81585684590306,0.40101275850888474,4.280530567036555E-6,1.7889140323218734E-8,1.634759076020544E-4,-5.414593292130121E-7,-7.324727387082021,0.001882591313830062,2.9210258673239365E-12,4.928895772443532E-8,4.580490711882536E-9,1.6051514562519342E-11,2.402682568115211E-10,8.76593625991997E-10,9.605199184030933E-5,9.928128342436555E-4
6.2250000000000005E-6,6.2250000000000005E-6,11.73178591289832,5.5E-8,-2388.222991126341,-3696.9468479952725,0.8111521580084256,0.20867437871517389,105703.06930054259,110087.39926204589,304.7459006120475,0.401650494925705,4.286232141208398E-6,1.7820303228849374E-8,1.4099620183457694E-4,-4.5043691628166015E-7,-6.472818183324307,0.0017480476910476384,2.181468373271831E-12,4.927510169241936E-8,4.59687413767189E-9,1.450864991267662E-11,2.402957320509813E-10,8.763260310525045E-10,9.614020873959494E-5,9.967209577738491E-4
6.25E-6,6.25E-6,11.778901518974218,5.5E-8,-2588.944653494949,-3835.8883598151206,0.8120570958648347,0.17545995575936577,105471.66779022869,109851.52766353624,304.6863044649666,0.4021933434850248,4.291092241399738E-6,1.776189154254239E-8,1.1855402416173363E-4,-3.8365442378562875E-7,-5.969873820186876,0.001706990191087776,1.547459903486017E-12,4.9263289035852554E-8,4.610870865638521E-9,1.3228534496731173E-11,2.403157278775757E-10,8.760399265932633E-10,9.621000658415026E-5,0.0010000605672993677
6.275000000000001E-6,6.275000000000001E-6,11.826017125050116,5.5E-8,-2780.049985139125,-3966.3174209148656,0.8128058100989705,0.14235872058605745,105280.43816088627,109656.78138472154,304.63702414573595,0.4026419239722408,4.295113133540691E-6,1.771375013374477E-8,9.618832472030908E-5,-3.190930182483953E-7,-5.380706329446184,0.0016165162346153394,1.021485545866993E-12,4.925351558682715E-8,4.622472512534643E-9,1.2211203653028283E-11,2.4032943551773297E-10,8.757448911066152E-10,9.627482154611638E-5,0.0010028292771049956
6.300000000000001E-6,6.300000000000001E-6,11.873132731126013,5.5E-8,-2961.8662579542183,-4090.5166760188704,0.8133989704963408,0.10942868242433859,105129.30660752735,109502.75609110681,304.5979997683019,0.4029969506990907,4.2982985206269125E-6,1.7675729954015116E-8,7.393829893536391E-5,-2.737446887124406E-7,-5.027234518535806,0.0015815545693182997,6.048906467276956E-13,4.9245772258155244E-8,4.631677451435759E-9,1.1455335263365603E-11,2.4033805232125664E-10,8.754498590725535E-10,9.632448899827505E-5,0.0010050263805413352
6.3250000000000004E-6,6.3250000000000004E-6,11.920248337201908,5.5E-8,-3134.739805237114,-4207.182949130356,0.8138374843162474,0.07671276880577974,105017.6246025049,109389.03561143097,304.569159789574,0.403259214110118,4.3006533578163545E-6,1.7647689851721417E-8,5.183295189579712E-5,-2.350780167148514E-7,-4.668259540205327,0.0015237200591640132,2.977501959613945E-13,4.9240047786150344E-8,4.638490284922803E-9,1.0957964262073788E-11,2.403427714099564E-10,8.751636136454293E-10,9.636673793747864E-5,0.0010066527248543998
6.35E-6,6.35E-6,11.967363943277805,5.5E-8,-3298.638095989689,-4313.042323694059,0.8141224129321799,0.04423348323934615,104945.173511325,109315.21186676066,304.5504252201307,0.403429530091614,4.302183405446972E-6,1.7629501240138734E-8,2.9887488675233885E-5,-2.126735486740472E-7,-4.484584746789551,0.0015019642700782043,9.910032649661749E-14,4.923632810835788E-8,4.642920532600813E-9,1.0714376012579062E-11,2.4034477199764275E-10,8.748948853691211E-10,9.639590299143941E-5,0.0010077103976826607
6.375000000000001E-6,6.375000000000001E-6,12.014479549353704,5.5E-8,-3453.2866521191095,-4407.939773706073,0.8142548825308918,0.011995782622606399,104911.44896681629,109280.90767524757,304.54171640172535,0.40350868913325527,4.3028947501099505E-6,1.7621053184807E-8,8.105258528788107E-6,-1.992283266361028E-7,-4.34104568055227,0.0014730168035494984,7.29192109375834E-15,4.923459883418714E-8,4.64498120312619E-9,1.0718279342441178E-11,2.403452129160713E-10,8.746520860866134E-10,9.641650144642208E-5,0.0010082023852952926
6.4000000000000006E-6,6.4000000000000006E-6,12.0615951554296,5.5E-8,-3598.4609779550765,-4492.236672442021,0.8142360163644095,-0.02000660703984629,104916.22722653013,109285.79255409185,304.54295668340865,0.40349741636214176,4.302793441544941E-6,1.7622256030853916E-8,1.351797772962587E-5,-2.00007381749856E-7,-4.337406947089221,0.0014694632858009982,2.028156585939697E-14,4.923484515377513E-8,4.644687687967138E-9,1.0962183507172165E-11,2.403452295544954E-10,8.744428609451854E-10,9.642540572687569E-5,0.0010081323072137906
6.425E-6,6.425E-6,12.108710761505495,5.5E-8,-3733.8936557130087,-4564.529673694708,0.8140669041973158,-0.05178173718414512,104959.16018624367,109329.58988590393,304.55407489730464,0.4033963556140997,4.301885329135063E-6,1.763304279229837E-8,3.498766025955751E-5,-2.1063524982878334E-7,-4.396349871825805,0.0014669405016416448,1.357804367221267E-13,4.9237052978694104E-8,4.642057229263422E-9,1.143777312764095E-11,2.403459330814827E-10,8.742736957070514E-10,9.642527837126098E-5,0.0010075042877122616
6.450000000000001E-6,6.450000000000001E-6,12.155826367581394,5.5E-8,-3859.33392820483,-4625.852308494306,0.8137486221049977,-0.08332749546961865,105040.07620054428,109412.07039989051,304.575003578913,0.4032060821266143,4.3001761687198745E-6,1.7653367390509916E-8,5.6302361803796386E-5,-2.3383105457241982E-7,-4.570681157854779,0.0014827839432092205,3.5119726802361284E-13,4.9241208127099045E-8,4.637109170867274E-9,1.2135947008409602E-11,2.4034841006227486E-10,8.741499422851383E-10,9.64144470938603E-5,0.0010063230142358835
6.475000000000001E-6,6.475000000000001E-6,12.20294197365729,5.5E-8,-3974.867536969899,-4679.336344573879,0.8132822987409811,-0.11462372926080698,105158.73322015126,109533.03424296108,304.6056748364279,0.40292714406013175,4.2976719788284035E-6,1.7683200042124534E-8,7.744846571676147E-5,-2.66788515261851E-7,-4.814017312573014,0.0015026896730772066,6.634018858620707E-13,4.924729587733042E-8,4.629865930010262E-9,1.3046466950930643E-11,2.403537203554922E-10,8.740763057193769E-10,9.63945864061388E-5,0.0010045939677481366
6.5000000000000004E-6,6.5000000000000004E-6,12.250057579733188,5.5E-8,-4080.807680431662,-4725.197399146459,0.8126691961453224,-0.14563391386804755,105314.96958473521,109692.28875937547,304.64601471481154,0.4025601120426486,4.2943794750057E-6,1.7722521709688794E-8,9.840129315408618E-5,-3.1074216153115233E-7,-5.15333612336417,0.001535770772349565,1.0684891410213276E-12,4.9255299591607316E-8,4.620354185697013E-9,1.4157668318224602E-11,2.4036289225992695E-10,8.740572460125174E-10,9.636496429127461E-5,0.0010023237045118602
6.525E-6,6.525E-6,12.297173185809083,5.5E-8,-4177.368401353915,-4762.423523205282,0.8119107663654476,-0.1763138120349276,105508.56120386547,109889.63264890753,304.6959395301373,0.40210561526154426,4.290306374286922E-6,1.7771320063273576E-8,1.1913095407765379E-4,-3.637984107740522E-7,-5.561666475062339,0.0015742011559263247,1.5617130847248508E-12,4.926520021119938E-8,4.608605674887465E-9,1.545651258442424E-11,2.403769157928862E-10,8.740969436247656E-10,9.63267486117053E-5,9.995200437515755E-4
6.550000000000001E-6,6.550000000000001E-6,12.344288791884981,5.5E-8,-4264.763971772063,-4792.435315727252,0.8110086649996437,-0.20662116135633748,105739.3122126915,110124.8507807455,304.7553547098696,0.401564351684617,4.285461468426126E-6,1.782958811477067E-8,1.3960889280833613E-4,-4.2636796152351055E-7,-6.053828391414754,0.0016234824452379115,2.137616331132199E-12,4.9276975893356505E-8,4.594657301773932E-9,1.6928666665026276E-11,2.403967360577753E-10,8.741991688897958E-10,9.627969225747991E-5,9.961920908213987E-4
6.5750000000000006E-6,6.5750000000000006E-6,12.391404397960878,5.5E-8,-4343.320714273616,-4815.8452058738885,0.8099647262605671,-0.23652235130113122,106006.98814562407,110397.7190037483,304.8241563737108,0.4009370759409697,4.279854490512811E-6,1.7897325285883578E-8,1.5981239952779136E-4,-4.970784577551512E-7,-6.6149025128361245,0.0016798911297950525,2.790270931787089E-12,4.929060246645883E-8,4.578550636427688E-9,1.855843150659776E-11,2.404232483549893E-10,8.743673007120313E-10,9.622462530753156E-5,9.923501142214694E-4
6.6E-6,6.6E-6,12.438520004036775,5.5E-8,-4413.1757999033825,-4830.092135403856,0.8087809196301484,-0.26599358344690405,106311.37768492015,110708.01352280227,304.9022339443035,0.4002245760048004,4.273495882723869E-6,1.7974539662885175E-8,1.797253942208811E-4,-5.758436385860932E-7,-7.2528089005218135,0.001746909907976324,3.5134897918346906E-12,4.9306053886126044E-8,4.560331121465993E-9,2.0328899245324696E-11,2.40457295494111E-10,8.746041953428514E-10,9.616159029374272E-5,9.880053527176987E-4
6.625000000000001E-6,6.625000000000001E-6,12.485635610112672,5.5E-8,-4474.143144559213,-4833.507858771134,0.8074593137534047,-0.2950166238936302,106652.25970558835,111055.51851094184,304.9894724061094,0.39942765447660855,4.26639660290485E-6,1.8061249832398146E-8,1.9933555668488528E-4,-6.615099884754727E-7,-7.957907876146237,0.0018225886414384718,4.300892720809506E-12,4.932330277637006E-8,4.5400473887417135E-9,2.222246393510223E-11,2.404996663778906E-10,8.749118296059805E-10,9.60912318463268E-5,9.83169848629813E-4
6.650000000000001E-6,6.650000000000001E-6,12.532751216188569,5.5E-8,-4526.024078509394,-4827.226126116989,0.8060020630565422,-0.3235733460959907,107029.43414130807,111440.02769519963,305.08575296449305,0.3985471233613162,4.258568053167866E-6,1.815748527783351E-8,2.1863063925404777E-4,-7.536074870984066E-7,-8.732323970164543,0.0019086402663006652,5.1458560262849106E-12,4.9342320536476346E-8,4.517750924907855E-9,2.422120515230904E-11,2.4055109441961346E-10,8.752911391323135E-10,9.601374754029084E-5,9.778563642662945E-4
6.6750000000000005E-6,6.6750000000000005E-6,12.579866822264465,5.5E-8,-4568.783276094096,-4812.006328730373,0.8044114137156201,-0.35164294489247383,107442.69678964597,111861.34086585409,305.19095249280065,0.39758381075279076,4.250022112423366E-6,1.8263285517933553E-8,2.3759658438680665E-4,-8.510390668448054E-7,-9.56817826149927,0.002003726775603454,6.041463886377072E-12,4.936307729659809E-8,4.493496029841086E-9,2.6306910612947358E-11,2.406122551235861E-10,8.757421789221836E-10,9.592972698672684E-5,9.720783680456488E-4
6.7E-6,6.7E-6,12.626982428340362,5.5E-8,-4602.41652958655,-4787.430081866208,0.8026897188731387,-0.3792008287530804,107891.84979281199,112319.25775110768,305.3049423012557,0.3965385732110693,4.240771218629276E-6,1.8378698598330652E-8,2.5621677618451377E-4,-9.5307701755587E-7,-10.464077178813568,0.0021085554835504894,6.980481096335176E-12,4.938554167533105E-8,4.467339908507244E-9,2.8461049514007528E-11,2.4068376292559833E-10,8.76264297891437E-10,9.583955028493217E-5,9.658500521908731E-4
6.725000000000001E-6,6.725000000000001E-6,12.674098034416259,5.5E-8,-4626.951033437312,-4754.3090699566155,0.8008394616456477,-0.40621644616789115,108376.6808097454,112813.56964368615,305.4275864159263,0.3954123132574364,4.2308284929737895E-6,1.850377898936567E-8,2.744705717350616E-4,-1.0585831797982337E-6,-11.412493152686693,0.00222204234839829,7.955273267137201E-12,4.9409680494687855E-8,4.439342870109659E-9,3.066483331343051E-11,2.4076616711253265E-10,8.768562726962778E-10,9.574383976168392E-5,9.591863756680443E-4
6.750000000000001E-6,6.750000000000001E-6,12.721213640492156,5.5E-8,-4642.595642478195,-4714.403873324515,0.7988632892143486,-0.4326507294676086,108896.96036961534,113344.04771951473,305.5587390699227,0.39420600398272965,4.220207923741495E-6,1.8638584608030225E-8,2.923315739646004E-4,-1.1665638935198785E-6,-12.408565959376574,0.0023439909267981562,8.957689001072853E-12,4.943545830617296E-8,4.4095686795093574E-9,3.2899164852511707E-11,2.4085994628423714E-10,8.775165873492159E-10,9.564314853370775E-5,9.521031429567812E-4
6.775E-6,6.775E-6,12.768329246568053,5.5E-8,-4649.675351847574,-4667.991168646909,0.7967640526530336,-0.4584561815475142,109452.42204355213,113910.42939360357,305.69824180806245,0.39292071780341253,4.208924581208276E-6,1.8783173253984082E-8,3.097676902348069E-4,-1.2757630841520041E-6,-13.443643398590211,0.00247315990419672,9.97903563783534E-12,4.9462836874800605E-8,4.378084974038225E-9,3.514447623558673E-11,2.4096550158621515E-10,8.782437416436243E-10,9.553825349252418E-5,9.446170978248079E-4
6.800000000000001E-6,6.800000000000001E-6,12.81544485264395,5.5E-8,-4648.398780733623,-4613.829303151217,0.7945448375381268,-0.48358070350354604,110042.75673210835,114512.40661731556,305.8459211537723,0.39155765023187294,4.196994783235873E-6,1.8937599434862118E-8,3.2674371858347706E-4,-1.3850348993571516E-6,-14.511037549482353,0.002608983907050444,1.1010242218873971E-11,4.9491774758523707E-8,4.3449635179365754E-9,3.738068656899638E-11,2.410831502126963E-10,8.790362908892463E-10,9.542993363809197E-5,9.367459778685667E-4
6.825000000000001E-6,6.825000000000001E-6,12.862560458719846,5.5E-8,-4638.779154593882,-4550.874802383607,0.7922089725872427,-0.5079731251524933,110667.60340971024,115149.61967005947,306.0015877247439,0.3901181308007854,4.184436142988816E-6,1.9101912486375324E-8,3.4322508456249547E-4,-1.493144486488518E-6,-15.602858903816923,0.0027506186555825707,1.2042162005000015E-11,4.9522227194810234E-8,4.3102801083245366E-9,3.9587394325830783E-11,2.4121312102338215E-10,8.798925678178136E-10,9.531906012346376E-5,9.285084857261984E-4
6.8500000000000005E-6,6.8500000000000005E-6,12.909676064795743,5.5E-8,-4620.751532448591,-4479.123325771555,0.7897600162298947,-0.5315870778707492,111326.55137794993,115821.656654451,306.165036795892,0.3886036207424476,4.1712674981680545E-6,1.927615608154839E-8,3.591804580207765E-4,-1.5989681253358868E-6,-16.712775989069087,0.0028977121138673567,1.3065859585482165E-11,4.9554146263218984E-8,4.274114142676921E-9,4.174426626287997E-11,2.413555530704545E-10,8.808102695582193E-10,9.520644314443676E-5,9.19924179653562E-4
6.875E-6,6.875E-6,12.95679167087164,5.5E-8,-4594.321742894399,-4399.426906922577,0.7872017337941406,-0.5543811184675199,112019.13949897003,116528.05546200447,306.336049496819,0.387015704991085,4.157508789863401E-6,1.946036832839277E-8,3.7458183680237834E-4,-1.7013355513029183E-6,-17.83333594139276,0.0030495729955859474,1.4072741835293078E-11,4.9587481183844124E-8,4.236548047376452E-9,4.383146479025639E-11,2.4151049619314895E-10,8.817861761824349E-10,9.509291312200584E-5,9.110133311786612E-4
6.900000000000001E-6,6.900000000000001E-6,13.003907276947537,5.5E-8,-4559.595878889616,-4312.337672686538,0.7845380817554723,-0.5763155923410782,112744.85689304608,117268.30376081422,306.51439353864725,0.38535608853262093,4.143180979431848E-6,1.9654581314667117E-8,3.8940242725748526E-4,-1.7991032291320152E-6,-18.95668482317342,0.0032053459681584684,1.5054508017734575E-11,4.9622178517698044E-8,4.197666814816828E-9,4.5829876664009315E-11,2.416779118458961E-10,8.828162320308991E-10,9.497929224362054E-5,9.017968087074132E-4
6.925000000000001E-6,6.925000000000001E-6,13.051022883023434,5.5E-8,-4516.650162521682,-4217.110562509342,0.7817732101598845,-0.5973480354492172,113503.13606786185,118041.83385068744,306.699822732537,0.3836266041437891,4.12830606322273E-6,1.9858819239746983E-8,4.036135374656873E-4,-1.8910434175722913E-6,-20.072742368539366,0.003363474554422652,1.600298425175846E-11,4.9658182138605545E-8,4.157557808039371E-9,4.772115050695057E-11,2.418576724631166E-10,8.83895903996458E-10,9.486650660360967E-5,8.922960246870491E-4
6.95E-6,6.95E-6,13.09813848909933,5.5E-8,-4465.445170406103,-4113.029754227136,0.7789114857110372,-0.6174289822426768,114293.34240250693,118848.011457674,306.8920751132856,0.3818292333424497,4.112907198672967E-6,2.0073094822122602E-8,4.1718174475856545E-4,-1.9758889547460966E-6,-21.169662047912425,0.0035218435196107123,1.6909941298608483E-11,4.9695432933665904E-8,4.116310858838508E-9,4.948782411817494E-11,2.420495585311885E-10,8.850204418332981E-10,9.475560519416518E-5,8.825329522013875E-4
6.975000000000001E-6,6.975000000000001E-6,13.145254095175229,5.5E-8,-4405.9652835861,-4001.049307437731,0.7759575280917996,-0.6365005131031347,115114.75877576832,119686.1203019051,307.0908701585591,0.37996613623217584,4.097008901949783E-6,2.029740438233198E-8,4.300679142588748E-4,-2.0523194137922475E-6,-22.23356979856908,0.0036777175426969677,1.7767041992676342E-11,4.973386833728731E-8,4.074018540266267E-9,5.1113538912881466E-11,2.4225325393050855E-10,8.861849160595269E-10,9.464778998463727E-5,8.72530182498399E-4
7.000000000000001E-6,7.000000000000001E-6,13.192369701251124,5.5E-8,-4338.3597211269625,-3882.476138001867,0.772916243477759,-0.6544988923235988,115966.57217466248,120555.34682081694,307.2959061723333,0.37803968031194907,4.080637230912277E-6,2.0531722707334065E-8,4.4222898129972894E-4,-2.1190703371587463E-6,-23.250127190207422,0.0038282015882309395,1.856602377061755E-11,4.977342190246016E-8,4.030776376953849E-9,5.2582999110822705E-11,2.4246834162621386E-10,8.873842948767741E-10,9.454434178978829E-5,8.623109673210754E-4
7.0250000000000005E-6,7.0250000000000005E-6,13.239485307327021,5.5E-8,-4262.8488868409695,-3757.2886228331668,0.7697928418269082,-0.6713588592727525,116847.86311687666,121454.76894321112,307.50685874820476,0.3760524596730125,4.063819881173908E-6,2.0775998728793335E-8,4.5362085085996794E-4,-2.1749591141428937E-6,-24.204938979156395,0.003970359428713266,1.9299000962139464E-11,4.9814023091157E-8,3.986682806152461E-9,5.3881724817540726E-11,2.4269430186163986E-10,8.886136372439862E-10,9.444658535940206E-5,8.518992019434236E-4
7.05E-6,7.05E-6,13.286600913402918,5.5E-8,-4179.59762872014,-3625.16280107111,0.7665928399685021,-0.6870154079024745,117757.59808004995,122383.34856049366,307.7233801907005,0.37400730554413963,4.046586206065426E-6,2.1030151949923828E-8,4.641995999341044E-4,-2.218892850720522E-6,-25.083343827902354,0.0041011082884523375,1.9958643083404608E-11,4.9855597255281576E-8,3.941838929763502E-9,5.499612766433889E-11,2.429305130087627E-10,8.89868104587796E-10,9.435587980681154E-5,8.413193587591388E-4
7.075000000000001E-6,7.075000000000001E-6,13.333716519478816,5.5E-8,-4088.7426475845314,-3486.3651089485793,0.7633220630804023,-0.7014026736914493,118694.62140306892,123339.92424304494,307.9450990569812,0.37190729595930044,4.028967228219151E-6,2.129406870014154E-8,4.7392072546719545E-4,-2.249834661824934E-6,-25.869431712732876,0.00421687301663809,2.0538185378038064E-11,4.989806564526741E-8,3.89634824360234E-9,5.591403973436101E-11,2.431762535021592E-10,8.911426835097904E-10,9.427365443815187E-5,8.305964156458825E-4
7.100000000000001E-6,7.100000000000001E-6,13.380832125554711,5.5E-8,-3990.4049014459542,-3340.703555041851,0.7599866501288874,-0.7144533206184529,119657.6471975177,124323.20261533225,308.171619442786,0.36975576805109694,4.0109956728038755E-6,2.156759776432867E-8,4.827387301476033E-4,-2.2668492218258505E-6,-26.54637815769911,0.00431364240156995,2.1031459190420906E-11,4.9941345370165565E-8,3.850316423734956E-9,5.6625177897406887E-11,2.4343070403965716E-10,8.924319416137928E-10,9.42013934872385E-5,8.197557979964862E-4
7.125E-6,7.125E-6,13.427947731630608,5.5E-8,-3884.621028438779,-3187.444788725428,0.7565930574139937,-0.7260999585569681,120645.25205105299,125331.75012024252,308.40252041417574,0.36755632918572057,3.992705990881686E-6,2.185054583793435E-8,4.906080801060595E-4,-2.2691486336157143E-6,-27.097182496928326,0.004387187273266591,2.1433035539531848E-11,4.9985349388267445E-8,3.803851089095732E-9,5.7121206407761465E-11,2.4369295090750856E-10,8.93730062755206E-10,9.414059951231367E-5,8.088233153971703E-4
7.150000000000001E-6,7.150000000000001E-6,13.475063337706507,5.5E-8,-3771.3708480438368,-3026.600391092042,0.7531480558273985,-0.7362764290437337,121655.86900871863,126363.98657621609,308.6373558917503,0.365312863955387,3.974134349184779E-6,2.2142673200217698E-8,4.974840736781985E-4,-2.2561097513573715E-6,-27.504921928584736,0.004433127804851722,2.173835542462059E-11,5.0029986586187034E-8,3.757061484503907E-9,5.739565514789141E-11,2.4396199116652223E-10,8.950310298029927E-10,9.409276787208022E-5,7.97825079927418E-4
7.175000000000001E-6,7.175000000000001E-6,13.522178943782404,5.5E-8,-3650.6993550720304,-2859.0220751492907,0.7496587263677175,-0.7449172670704002,122687.78129874678,127418.1793169797,308.8756546870115,0.3630295397878794,3.955318610753208E-6,2.2443689280237855E-8,5.033224777502704E-4,-2.2272507887066695E-6,-27.752171952669414,0.0044467277623070345,2.1943742854614603E-11,5.007516188759345E-8,3.710058152174336E-9,5.7443977201059004E-11,2.442367390556901E-10,8.963287683021247E-10,9.405940329578362E-5,7.867874222662956E-4
7.2000000000000005E-6,7.2000000000000005E-6,13.569294549858299,5.5E-8,-3522.7704503258065,-2685.589918705682,0.7461324597086798,-0.7519564961627814,123739.11541172175,128492.43624052792,309.1169202980593,0.36071081486081397,3.936298337662826E-6,2.275324763760102E-8,5.080787136235009E-4,-2.1822371857638244E-6,-27.820839224599695,0.0044228095474139195,2.2046368468240315E-11,5.012077631402751E-8,3.662952672560382E-9,5.726367647528399E-11,2.4451603268071876E-10,8.976172473603804E-10,9.404202859116786E-5,7.757368246618726E-4
7.225E-6,7.225E-6,13.616410155934195,5.5E-8,-3387.8300571305203,-2506.8777717656153,0.7425769596252791,-0.7573271855869422,124807.83369981837,129584.69783165956,309.360630478606,0.3583614481912168,3.917114814812036E-6,2.3070940355200596E-8,5.11707557829015E-4,-2.1209016547629744E-6,-27.692509908167267,0.004355850050089316,2.2044250659579464E-11,5.016672700087511E-8,3.615857471119261E-9,5.685439231318581E-11,2.447986409623199E-10,8.988905633988021E-10,9.404216960470759E-5,7.646998699341302E-4
7.250000000000001E-6,7.250000000000001E-6,13.663525762010094,5.5E-8,-3246.128119085522,-2322.862351440171,0.7390008498475304,-0.76070975136008,125931.11547037323,130692.42781795573,309.6061207817062,0.3559866855631445,3.897814330809827E-6,2.33962371763932E-8,5.139930752432973E-4,-5.3253713505796445E-6,-67.03461888008223,0.01544715435936439,2.1921820911503864E-11,5.021278837961039E-8,3.5688935303011648E-9,5.621890163882034E-11,2.450829206692236E-10,9.001429869990767E-10,9.179163873043711E-5,7.537050407986814E-4
7.275000000000001E-6,7.275000000000001E-6,13.71064136808599,5.5E-8,-3097.8362600366636,-2132.987038980969,0.7354128380045413,-0.7623726003405922,126996.9916015177,131813.49280957296,309.8530268237395,0.3535930092014361,3.878443682734484E-6,2.3728544552004252E-8,5.151166218517514E-4,-1.2306555690599907E-6,-35.960639922648625,0.009508867549811839,2.16986159537167E-11,5.025920267249972E-8,3.5221790046505976E-9,5.5360012318363275E-11,2.453678033635059E-10,9.013690017422737E-10,9.412928233061264E-5,7.42780044387299E-4
7.3E-6,7.3E-6,13.757756974161886,5.5E-8,-2943.0651585557926,-1937.299369402594,0.7318209287166916,-0.7623671675852146,128105.5929796132,132944.93258398984,310.1005128033482,0.3511844893625945,3.859045894860126E-6,2.406731150416758E-8,5.15112951071091E-4,-2.6463806464960272E-6,-37.51351236561186,0.007388817209658782,2.1381920320148192E-11,5.030543052278605E-8,3.475819057676165E-9,5.4281691217586997E-11,2.456521056654427E-10,9.025633621466993E-10,9.32483602198255E-5,7.319494392143759E-4
7.325000000000001E-6,7.325000000000001E-6,13.804872580237785,5.5E-8,-2781.9946887514047,-1736.9264638342554,0.7282331361746673,-0.7606245203366094,129213.31796748815,134084.74039622163,310.3482173815677,0.34876764634061097,3.839664139565878E-6,2.4411889730987278E-8,5.139354867139253E-4,-5.080406893398504E-8,-30.04793844499909,0.00905558348216573,2.0972771371325642E-11,5.0351688875689554E-8,3.429915353893804E-9,5.2992103348988646E-11,2.45934510183427E-10,9.037211074920748E-10,9.499494507583834E-5,7.212368625707885E-4
7.350000000000001E-6,7.350000000000001E-6,13.851988186313681,5.5E-8,-2614.915194423936,-1532.6396908636723,0.724658552072387,-0.7567666635376333,130324.23939619226,135229.41840267475,310.5953068910929,0.34634737790782527,3.820347399928159E-6,2.476153757049012E-8,5.113288267146171E-4,-2.9961314470483557E-6,-21.074558927270118,-6.825321820684849E-4,2.045634922421291E-11,5.039753487555604E-8,3.38457957748941E-9,5.1504469709144024E-11,2.462133576408175E-10,9.048374867125095E-10,9.320211512981388E-5,7.106681826778538E-4
7.3750000000000005E-6,7.3750000000000005E-6,13.899103792389578,5.5E-8,-2442.105426670036,-1324.087345005821,0.7211071452725875,-0.7507827014137965,131451.94686283648,136376.36314990238,310.8412920301045,0.3439323124072973,3.801149557522856E-6,2.5115269204520122E-8,5.07285609063376E-4,-6.16442241181403E-7,-26.71749896295205,0.006418254132299239,1.9839549133622062E-11,5.044320757398311E-8,3.3399303907445733E-9,4.983427228622749E-11,2.464872124868998E-10,9.05907872460174E-10,9.467038353825661E-5,7.002707767951068E-4
7.4E-6,7.4E-6,13.946219398465473,5.5E-8,-2263.77776181833,-1111.2442857355084,0.7175889805445378,-0.7426578972864504,132566.32904100142,137521.49040037082,311.0852749427648,0.34152808799754436,3.7821249813973576E-6,2.5472120232826583E-8,5.017958765448989E-4,-2.2044285023525845E-6,-20.877267742989716,7.541975903819775E-4,1.9129727545837277E-11,5.048826130304575E-8,3.2960833566503624E-9,4.799700875631573E-11,2.467546803181078E-10,9.069277722587098E-10,9.370633772875317E-5,6.900711788243194E-4
7.425000000000001E-6,7.425000000000001E-6,13.993335004541372,5.5E-8,-2080.179141211667,-895.0394110235057,0.7141142477963367,-0.7323459312267966,133684.23483817748,138661.68695190726,311.32666378481065,0.33914318795886644,3.7633288818476565E-6,2.5830949005390268E-8,4.948283319099976E-4,-8.135650976726084E-7,-23.439541203139925,0.004628318589098512,1.8333253467663646E-11,5.053280106641167E-8,3.253151379743283E-9,4.600919224788441E-11,2.4701430996505294E-10,9.078929584325705E-10,9.458473214764193E-5,6.800951857650289E-4
7.450000000000001E-6,7.450000000000001E-6,14.040450610617269,5.5E-8,-1891.6208756916992,-675.9421491963801,0.7106932701042364,-0.719839877558289,134786.46832797595,139792.84370146447,311.56461479706525,0.33678434429069337,3.7448172021646874E-6,2.619058748045499E-8,4.863782956474926E-4,-1.6411129853111106E-6,-19.237088748915994,0.0012244684353390767,1.7459118918242627E-11,5.0576518201352916E-8,3.2112449010682377E-9,4.3888829923268064E-11,2.4726477081414066E-10,9.087996529415668E-10,9.409954578845536E-5,6.703679074395973E-4
7.4750000000000004E-6,7.4750000000000004E-6,14.087566216693165,5.5E-8,-1698.389726510297,-453.75900024749177,0.7073363863327506,-0.7051386686588572,135881.1290153973,140911.38510750292,311.79845919886986,0.33445988598160126,3.7266461026294185E-6,2.6549734400287307E-8,4.764450463911197E-4,-8.039406718296504E-7,-19.86122027377405,0.003225221401237377,1.651699277677995E-11,5.0619413567125994E-8,3.1704706035914825E-9,4.165517494869065E-11,2.4750479061752306E-10,9.096446696373594E-10,9.465088541504725E-5,6.609134717305061E-4
7.500000000000001E-6,7.500000000000001E-6,14.134681822769062,5.5E-8,-1500.75470530234,-228.99702314624054,0.7040539100720223,-0.6882546975661692,136955.31611327315,142013.1597821697,312.0273927081036,0.3321771403706696,3.7088716508124177E-6,2.6907047109278635E-8,4.650369578149792E-4,-1.2088837218016124E-6,-16.475901012939175,0.0010643262555163346,1.5517438703749613E-11,5.0661258075225554E-8,3.130931136194295E-9,3.932888154556077E-11,2.477332235548107E-10,9.104254478228147E-10,9.444005539592005E-5,6.51754968537558E-4
7.525000000000001E-6,7.525000000000001E-6,14.181797428844959,5.5E-8,-1299.0636109334764,-2.7809775773755585,0.700856087125336,-0.6692041675881221,138012.0376404365,143094.31444691896,312.25071433548186,0.3299443094184428,3.691549657306216E-6,2.7261080246175297E-8,4.521649781000825E-4,-6.85285533137403E-7,-15.853178780490452,0.00196310402387212,1.4471306967818806E-11,5.070199736853255E-8,3.0927248725256236E-9,3.69320640040614E-11,2.479490377628782E-10,9.111399953568182E-10,9.481172999550012E-5,6.429144031605078E-4
7.5500000000000006E-6,7.5500000000000006E-6,14.228913034920856,5.5E-8,-1093.764196701615,223.9393542058482,0.6977530783296882,-0.6480070424439281,139042.0431101835,144150.66013882743,312.4676515585042,0.3277690185102244,3.6747355306879183E-6,2.7610339625743346E-8,4.378425962458974E-4,-8.592831770215526E-7,-12.839969508221657,4.7352223504049107E-4,1.3389633054299698E-11,5.074144961569156E-8,3.0559460184831965E-9,3.448824091495466E-11,2.4815134223310997E-10,9.117868181782616E-10,9.47576100978098E-5,6.344127314878334E-4
7.575E-6,7.575E-6,14.276028640996753,5.5E-8,-885.4038579821884,449.8618159624329,0.6947549440361344,-0.6246859749887019,140045.37321423195,145178.1753158954,312.67749427719264,0.32565936274672935,3.6584842282624305E-6,2.795324914674265E-8,4.220851182356094E-4,-5.174161077547978E-7,-11.40485011515102,7.139926532317986E-4,1.2283507527249984E-11,5.0779532014171336E-8,3.020684771003399E-9,3.2022092249658504E-11,2.483393879626188E-10,9.123649015379445E-10,9.503044458556391E-5,6.262699077394799E-4
7.600000000000001E-6,7.600000000000001E-6,14.32314424707265,5.5E-8,-674.638270851303,673.6943226110287,0.6918716303507371,-0.5992668211934795,141014.9079452044,146172.6488126767,312.8794969733221,0.32362308801040185,3.642850148678996E-6,2.8288185168526553E-8,4.049100143199186E-4,-5.696004224375884E-7,-8.54356144519079,-4.2049199541338567E-4,1.1164029867580196E-11,5.081609155656445E-8,2.987027525778057E-9,2.9559109567723505E-11,2.485125815266692E-10,9.128737641469599E-10,9.506486275329701E-5,6.185049440861986E-4
7.625000000000001E-6,7.625000000000001E-6,14.370259853148546,5.5E-8,-462.080940469953,895.9771209832431,0.6891129480218828,-0.5717811358112576,141948.97757614052,147129.9777391106,313.0729550946373,0.3216681600172027,3.627887033474018E-6,2.8613462942259304E-8,3.863386052778767E-4,-3.3736791351657306E-7,-6.592456742293507,-5.760478629781574E-4,1.0042338046739403E-11,5.085103200878321E-8,2.955057025099265E-9,2.7125095177252475E-11,2.486704909809902E-10,9.133135503422135E-10,9.528197144854277E-5,6.11135956957399E-4
7.650000000000001E-6,7.650000000000001E-6,14.417375459224445,5.5E-8,-248.1160829640011,1118.1207673871836,0.6864886989696298,-0.542202153861577,142852.28678946264,148045.93099903836,313.25713244094095,0.319802430570768,3.6136486340015687E-6,2.892734105746634E-8,3.663528066632277E-4,-6.138700061342206E-7,-14.388420635947114,0.002429339438066336,8.927433417451357E-12,5.088420765381649E-8,2.9248542252178624E-9,2.474542941128371E-11,2.48812799868772E-10,9.136850797834698E-10,9.513857300597799E-5,6.041806096658674E-4
7.675E-6,7.675E-6,14.46449106530034,5.5E-8,-33.03356628533032,1339.273304158575,0.6840084338983848,-0.510659294450967,143694.1924394573,148916.3614224048,313.4313592994304,0.3180336264795688,3.6001873850954718E-6,2.922806164917845E-8,3.4504006381822096E-4,-2.601515861044845E-7,-5.336695760664952,-4.835817359776229E-4,7.833409377824515E-12,5.091554272119381E-8,2.8964959170826966E-9,2.2444721350124286E-11,2.4893944720690803E-10,9.139898153790569E-10,9.538239255314001E-5,5.976555767955205E-4
7.7E-6,7.7E-6,14.511606671376237,5.5E-8,182.68950120809464,1557.1013784635802,0.6816810823733257,-0.4772913481095375,144500.2528933206,149737.31335465857,313.59495032671265,0.3163691327535125,3.5875524082836738E-6,2.9513884332989256E-8,3.224941541280659E-4,-3.965517548465414E-7,-8.855934627296847,9.974903081229058E-4,6.773526383991608E-12,5.094489247683215E-8,2.8700510233302883E-9,2.0245464898931765E-11,2.490505773325006E-10,9.142298159054719E-10,9.532517606061003E-5,5.915757077412982E-4
7.725000000000001E-6,7.725000000000001E-6,14.558722277452135,5.5E-8,398.4390289577041,1771.0708217837719,0.6795148979518058,-0.4422439965231225,145244.9092943023,150505.05283372226,313.7473216681016,0.31481576565027625,3.575789170798613E-6,2.978313605656691E-8,2.98813511164272E-4,-1.774760009709553E-7,-3.0302946785404856,-7.941809856220061E-4,5.760031027353735E-12,5.097218843795807E-8,2.8455805887216535E-9,1.8168577141603937E-11,2.491465352314204E-10,9.14407747903608E-10,9.548941788555481E-5,5.859540425032063E-4
7.75E-6,7.75E-6,14.60583788352803,5.5E-8,613.6788180046144,1981.5921292234948,0.6775174182922187,-0.4056767192275494,145941.19179432795,151216.10833255545,313.8879015103068,0.31337988031401826,3.5649392789614585E-6,3.003420604916425E-8,2.741058913699658E-4,-2.420630258370693E-7,-4.275764167809939,-1.37909715334672E-4,4.804249487106255E-12,5.0997320508217174E-8,2.8231379305367115E-9,1.623378631065159E-11,2.4922788529655285E-10,9.145269158567015E-10,9.547774008896123E-5,5.808018636703381E-4
7.775000000000001E-6,7.775000000000001E-6,14.652953489603929,5.5E-8,827.8892407037767,2187.430733106193,0.6756954402382415,-0.36774409428510035,146573.77453389345,151867.2883380958,314.01620192269866,0.3120672240297788,3.5550403089393663E-6,3.026558285892342E-8,2.4847573938182455E-4,-1.0676660309627551E-7,-0.37835017800171045,-0.001281931508060552,3.916051275322124E-12,5.102022648887022E-8,2.802768933188428E-9,1.4459396358841506E-11,2.4929538248192084E-10,9.145912327624993E-10,9.55906352224186E-5,5.761287805543878E-4
7.8E-6,7.8E-6,14.700069095679822,5.5E-8,1040.4251769120701,2387.0239402887833,0.6740550266403421,-0.3286032242638207,147149.00273268696,152455.69720039383,314.13176596598,0.3108830074295717,3.546125842752267E-6,3.047585454167486E-8,2.2202920558366264E-4,-1.3639414220278923E-7,-0.5057938025120166,-0.0010510092473623445,3.104085612479713E-12,5.104082423845178E-8,2.7845126598089107E-9,1.2861891832192055E-11,2.493499633023016E-10,9.146051777019213E-10,9.56003038106595E-5,5.719428847182577E-4
7.825E-6,7.825E-6,14.747184701755721,5.5E-8,1250.6017962874787,2580.093919960776,0.6726014886300206,-0.288416005295282,147657.55174982164,152978.7525944586,314.23420878286737,0.3098318186495679,3.5382253468244283E-6,3.0663736054769294E-8,1.9487567925356893E-4,-5.413527460973455E-8,2.1501468370070143,-0.0017993615684588349,2.3758345050508664E-12,5.105906284571193E-8,2.768401642349418E-9,1.1455454218002563E-11,2.4939272409062425E-10,9.14573839306273E-10,9.567891238713588E-5,5.682508302052146E-4
7.850000000000001E-6,7.850000000000001E-6,14.79430030783162,5.5E-8,1457.7596269759256,2765.928161911964,0.6713393607365395,-0.24735023562286693,148102.35843524846,153434.2072632838,314.32318952100115,0.30891763605157996,3.531364030764079E-6,3.0828078444398994E-8,1.671285375830182E-4,-6.810436147475229E-8,2.463401880931997,-0.0017623526523493638,1.7376207334154373E-12,5.1074884124280064E-8,2.7544620459795038E-9,1.0251622144962471E-11,2.494249055051187E-10,9.145029673083766E-10,9.569610820789825E-5,5.650578834857049E-4
7.875E-6,7.875E-6,14.841415913907515,5.5E-8,1661.153668809912,2942.7368931625224,0.6702723673107178,-0.2055819703810922,148477.78534933733,153820.17157921486,314.3984363386126,0.30814376205715527,3.5255626460484355E-6,3.096789200194838E-8,1.389067367439812E-4,-1.9681706078245042E-8,4.231192101064153,-0.002245298418586117,1.1946150959844473E-12,5.108825212709587E-8,2.742713687787462E-9,9.259137444330995E-12,2.494478716009645E-10,9.143988387761472E-10,9.575050546845222E-5,5.623679385053671E-4
7.9E-6,7.9E-6,14.888531519983411,5.5E-8,1859.9523846452414,3109.605426731779,0.669403371058429,-0.16330085941341366,148785.23764662008,154135.14095533392,314.459733024978,0.30751279923285496,3.5208371990759083E-6,3.108236012550865E-8,1.103384185225768E-4,-2.7560112982882857E-8,4.583733886701339,-0.0022660172256792066,7.508352118849985E-13,5.109913154273245E-8,2.733169805275932E-9,8.48396558164608E-12,2.494630899134438E-10,9.14267979191369E-10,9.576759830396499E-5,5.601834728611645E-4
7.925000000000001E-6,7.925000000000001E-6,14.93564712605931,5.5E-8,2053.4093581665834,3266.9640541118033,0.6687343057971948,-0.12071156152890732,149021.5375981903,154378.02829551583,314.50693659718473,0.3070265778141258,3.517198572260963E-6,3.1170861424949104E-8,8.156186589791035E-5,-8.070125545600604E-10,5.641260382328255,-0.002548852000785473,4.0903695981912036E-13,5.1107505152018076E-8,2.7258365943953574E-9,7.929296534111284E-12,2.4947210820875047E-10,9.141170242457572E-10,9.580386112489065E-5,5.585054495678398E-4
7.95E-6,7.95E-6,14.982762732135205,5.5E-8,2240.9586659008482,3415.3834590138968,0.6682661152215854,-0.07802977226258329,149187.66634781405,154548.19132193932,314.5399719017327,0.3066861173401884,3.514652185539707E-6,3.1232983299567724E-8,5.272281909634006E-5,-7.121039118374029E-9,5.798814469719218,-0.0025473394591983833,1.70558358903113E-13,5.111336185086105E-8,2.720712749266263E-9,7.595422184626122E-12,2.494765288292832E-10,9.13952810041051E-10,9.581671893054271E-5,5.573332173784156E-4
7.975E-6,7.975E-6,15.029878338211104,5.5E-8,2422.161246318664,3554.9045658944797,0.6679987161279102,-0.03547577137867768,149282.2605328018,154645.45037390938,314.5588414914692,0.3064915879994017,3.5131977889070208E-6,3.126853426759001E-8,2.397011579640384E-5,5.568750935935896E-9,6.246927325597426,-0.0026655141725200338,3.521231570920717E-14,5.111670661379729E-8,2.717789195838029E-9,7.479672105978643E-12,2.4947797979763895E-10,9.13782444762774E-10,9.58385203166911E-5,5.566644533833138E-4
8.000000000000001E-6,8.000000000000001E-6,15.076993944287,5.5E-8,2596.5663755015185,3684.4545036861805,0.6679309946060459,0.006733117511086497,149306.49241904594,154670.0907064764,314.5636203186174,0.306442312636545,3.5128294401385057E-6,3.127754603768459E-8,4.549403723707093E-6,-1.4411831728011748E-9,6.093654567327576,-0.002600909146877939,1.2680348450149703E-15,5.1117553270468534E-8,2.717049104387552E-9,7.576543222881382E-12,2.494780846710272E-10,9.136132033047561E-10,9.584498344710787E-5,5.564951670897595E-4
