% Model,pressure_envelope3d_validated.mph
% Version,COMSOL 6.4.0.429
% Date,"Oct 8 2026, 23:08"
% Table,Table 7 - 
% Time (s),t (s),t/taucU (1),E0cU (J),cU.pdet*DP (Pa),cU.idcU(cU.pAc)/cU.idcU(1) (J/m^3),cU.r1 (1),cU.U1 (m/s),cU.pLP1 (Pa),cU.pVP1 (Pa),cU.Temp1 (K),cU.fv1 (1),cU.Rg1 (m),cU.R1-cU.Rg1 (m),abs(cU.U1)/cL (1),(cU.Sspec1-S0cU)/(100[J/(kg*K)]) (1),cU.pVP1-cU.pLP1-2*sigIcU/cU.Rg1 (N/m^2),cU.gLP1-cU.gVP1 (J/kg),cU.En (J),cU.Ei (N*m),cU.Ep (N*m),cU.Ea (J),E0cU*cU.ediss (J),E0cU*cU.erout (J),(cU.En+cU.Ei+cU.Ep+cU.Ea+E0cU*(cU.ediss+cU.erout)-E0cU)/E0cU (1),100*cU.Vb1/cU.ipcU(1) (1),cU.ipcU(cU.pAc)/cU.ipcU(1) (J/m^3),cU.maxpopcU(cU.pAc) (Pa),cU.minpopcU(cU.pAc) (Pa)
0,0,0,5.5E-8,-8.684442839307568E-25,-1.6586064883522997E-17,0.9999999999999997,-1.2443496430026062E-7,67533.09770715403,71086.35152459184,293.14999999999986,0.5000000000000012,5.296553797556509E-6,9.543710714607846E-9,8.407767858125718E-11,-4.263256414560601E-16,8.16407919046469E-8,-1.0501821634534281E-10,1.4534098488092874E-24,4.683177553210895E-8,8.168224467685977E-9,5.359308429891966E-38,1.9358478383946694E-33,3.123647531145912E-58,-3.728629408439029E-12,0.0018675257828910622,-2.5969568044065288E-9,-3.8682578448451525E-10,-4.047450146466442E-9
1.2500000000000001E-8,1.2500000000000001E-8,0.023557803037948438,5.5E-8,-4.0540811416891665E-8,-1.580191360563927E-6,0.9998547407896334,-0.12281150507270328,67555.79245462937,71109.54164961432,293.15824930913084,0.4999349949167859,5.295778856307007E-6,9.547892429932913E-9,8.298074667074545E-5,-6.66627201439951E-9,-0.024576664582582453,-1.5322580964038934E-6,1.4151161324036786E-12,4.68336169625547E-8,8.164942896803987E-9,2.3026342796053758E-14,1.6072618591504537E-15,6.837017374483395E-31,-7.107350107953207E-9,0.0018667120751393713,-1676.9342732934651,-539.2173776262964,-2032.0018006084415
2.5000000000000002E-8,2.5000000000000002E-8,0.047115606075896876,5.5E-8,-7.097823502160655E-7,-1.9853847791343873E-5,0.9994282410989586,-0.23791668345905298,67622.47872753591,71177.6820978563,293.1824762940621,0.499744045581728,5.29350351547683E-6,9.560184314141088E-9,1.6075451585071147E-4,-2.6508424042503975E-8,-0.09794287892918874,-6.027273116160359E-6,5.304053441209471E-12,4.6839024109684885E-8,8.155312826099255E-9,3.4475540715667003E-13,1.2821551830900888E-14,2.765857582502805E-29,-2.6069375697397676E-8,0.0018643242906028286,-6325.0340031563,-2869.9297879278215,-7312.779303235067
3.7500000000000005E-8,3.7500000000000005E-8,0.07067340911384531,5.5E-8,-6.128600334653404E-6,-1.545990578944127E-4,0.9987460930272001,-0.3392171471205369,67729.28238951015,71286.82591342516,293.2212437264329,0.4994383727650082,5.2898642685549255E-6,9.579887052215635E-9,2.2920077508144387E-4,-5.495543035749506E-8,-0.20371581543577122,-1.2291590934410124E-5,1.0760293602627268E-11,4.6847673947778214E-8,8.139926023064466E-9,1.595803065679151E-12,4.096690769680533E-14,2.873995600459775E-28,-5.391966042507582E-8,0.0018605094772415124,-13176.049903211344,-6714.746286115963,-15691.77745784557
5.0000000000000004E-8,5.0000000000000004E-8,0.09423121215179375,5.5E-8,-3.9419566120528965E-5,-8.245091016221741E-4,0.9978460207810487,-0.42254439161016644,67870.47894033059,71431.13809985596,293.2724310175062,0.4990345451124817,5.285062319152583E-6,9.605965351990701E-9,2.855029673041665E-4,-8.615084411189855E-8,-0.32061015455201414,-1.889774509322706E-5,1.665093101377448E-11,4.685909012116107E-8,8.119653056061831E-9,4.511502336968059E-12,8.96879807792426E-14,1.8946272656552737E-27,-8.54808287396793E-8,0.0018554839229122375,-21347.352513966263,-11298.26733899937,-26887.107842258334
6.250000000000001E-8,6.250000000000001E-8,0.11778901518974219,5.5E-8,-1.390313690885647E-4,-0.0019815871471696436,0.996773156114587,-0.48577836279388303,68039.18978023433,71603.60242074777,293.3334969604103,0.49855244440872154,5.279338388737526E-6,9.637171233622838E-9,3.282286235093804E-4,-1.1454580388203795E-7,-0.4279918182360234,-2.4652544141190447E-5,2.1936563095674725E-11,4.687270234219695E-8,8.095531855551198E-9,9.664167068874612E-12,1.587159493885904E-13,1.2053507594891083E-26,-1.1556614393202644E-7,0.0018495054146397392,-29958.379294164926,-16309.918350170534,-39985.77662638841
7.500000000000001E-8,7.500000000000001E-8,0.14134681822769063,5.5E-8,-6.848731151137254E-4,-0.016403046412955,0.9955752937463132,-0.5287569313443582,68228.08609874769,71796.73710667463,293.40174431079464,0.4980132121707295,5.272947416079335E-6,9.672169364265076E-9,3.572681968542961E-4,-1.3610429093091624E-7,-0.5103196846880564,-2.8866185061815486E-5,2.589630089948262E-11,4.688790611594849E-8,8.068656426454724E-9,1.7288854902298483E-11,2.446038739505269E-13,1.2040372408396242E-25,-1.399622008684845E-7,0.0018428455494832621,-38210.58651220936,-21458.080603667062,-54662.19862400346
8.750000000000001E-8,8.750000000000001E-8,0.16490462126563907,5.5E-8,-0.0022978524092869762,-0.011585651792966525,0.9942985403074983,-0.5530402875309774,68430.04514600911,72003.2637332925,293.474563922236,0.49743734539699214,5.266135351906461E-6,9.709655296766534E-9,3.7367586995336316E-4,-1.48904138228545E-7,-0.5596660968208198,-3.138165757832212E-5,2.8220662293830895E-11,4.690411765226736E-8,8.04007607018708E-9,2.7235019488476316E-11,3.420312325234168E-13,6.633460917974282E-25,-1.5571874059989915E-7,0.0018357646888246596,-45436.837993738576,-26321.66599524019,-70373.88290995239
1.0000000000000001E-7,1.0000000000000001E-7,0.1884624243035875,5.5E-8,0.0029362025373931917,0.1273157678687059,0.9929836174267463,-0.5615988032749728,68638.72228973622,72216.69197776905,293.54964412068716,0.49684305096475684,5.2591194378741E-6,9.748460308000784E-9,3.794586508614681E-4,-1.5313966216012888E-7,-0.576154540322932,-3.242436284267569E-5,2.898557082303569E-11,4.692082069773187E-8,8.010711405237773E-9,3.902821948896548E-11,4.4523419187863973E-13,4.5946266811429E-24,-1.6131866310899814E-7,0.0018284911245258309,-51121.21373094552,-30675.203847391593,-86513.17241328389
1.1250000000000001E-7,1.1250000000000001E-7,0.21202022734153592,5.5E-8,-0.022672071267933854,-1.0846613305017934,0.9916629658530826,-0.5584423828867013,68849.01495100165,72431.79549946384,293.6251367955253,0.49624492674071624,5.252072753843738E-6,9.787638314051592E-9,3.773259343829063E-4,-1.5066489069681666E-7,-0.5666140893067677,-3.238269820826645E-5,2.8546461977722143E-11,4.6937603402553794E-8,7.981290342303021E-9,5.200194747133755E-11,5.492088775601998E-13,2.3912837471122357E-23,-1.570330282033257E-7,0.0018212052355562434,-54926.35127798232,-34363.80887467137,-106423.01184156312
1.2500000000000002E-7,1.2500000000000002E-7,0.23557803037948438,5.5E-8,-0.15963034466428225,-1.9675420191884878,0.9903588033154328,-0.5481844119777487,69057.38968710398,72644.94897804096,293.6997708606121,0.4956530472176381,5.245113849557515E-6,9.826529008870431E-9,3.703948729579383E-4,-1.4428086458906364E-7,-0.5420429525861437,-3.161914858651471E-5,2.739897580752774E-11,4.695418322287135E-8,7.952306885355493E-9,6.545247959306995E-11,6.504794591773752E-13,1.1694185026464145E-22,-1.4467115023523884E-7,0.0018140293336451811,-56709.55044199972,-37118.95172925992,-118966.60887131654
1.375E-7,1.375E-7,0.2591358334174328,5.5E-8,-0.045608156397916634,5.536653702391043,0.9890822348495711,-0.5355925614765318,69262.05037859472,72854.30283044308,293.77290656907667,0.495072510812027,5.23830198948535E-6,9.864792325189371E-9,3.6188686586252145E-4,-1.370226370056571E-7,-0.5148299495808715,-3.0365114099595303E-5,2.6053708317860214E-11,4.697041852445951E-8,7.924004219767785E-9,7.876917333629789E-11,7.473891431348954E-13,5.327414061646034E-22,-1.269995432457823E-7,0.0018070235425672663,-56510.62432152164,-38886.77684740832,-114823.76471135575
1.5000000000000002E-7,1.5000000000000002E-7,0.28269363645538126,5.5E-8,0.3842593330995071,1.4068445661645128,0.9878333810543463,-0.5251775101573547,69462.9466109215,73059.79385930693,293.84453180185466,0.4945034454770175,5.231637828554565E-6,9.90241324493638E-9,3.548496690252397E-4,-1.316433555587082E-7,-0.49656950644066455,-2.8709187887443477E-5,2.49555189266983E-11,4.6986307252719476E-8,7.896380601057587E-9,9.151066911060304E-11,8.400165612373757E-13,2.1022430394713456E-21,-1.0802949635058107E-7,0.0018001873263621905,-54528.19569528663,-39969.36958192309,-98188.70207867066
1.625E-7,1.625E-7,0.30625143949332967,5.5E-8,-1.216202646392268,-46.9424385507312,0.9866024098446613,-0.5208389273828725,69661.63544999594,73263.00496507372,293.91520624433207,0.4939414299386577,5.225068909690924E-6,9.939678840115062E-9,3.519181941776166E-4,-1.3036588768500225E-7,-0.4968574583976988,-2.6646959355502986E-5,2.445325417377036E-11,4.700197407245931E-8,7.86921497219613E-9,1.0342270993279185E-10,9.298888611377906E-13,7.786927985248516E-21,-9.27703467584637E-8,0.0017934658937078876,-51091.471546398,-40205.78026598195,-75059.00748147826
1.7500000000000002E-7,1.7500000000000002E-7,0.32980924253127814,5.5E-8,-6.015281481215968,-71.05682773269032,0.9853713190785738,-0.5255837221683053,69861.01793361551,73466.89579420665,293.985961843733,0.4933782663557843,5.218499169650289E-6,9.977131234357138E-9,3.5512413660020625E-4,-1.3486396710504778E-7,-0.5230198484405264,-2.4154970816425703E-5,2.48077194391219E-11,4.701764789348879E-8,7.842108635039802E-9,1.1441134969844845E-10,1.0196540288777495E-12,2.790181543829092E-20,-8.633231017403002E-8,0.0017867605622651596,-46627.33311953448,-39662.82944456589,-54785.813590717495
1.875E-7,1.875E-7,0.35336704556922655,5.5E-8,-8.050576722439004,15.715215510129513,0.9841162862388491,-0.5413277622253801,70064.97838751537,73675.43347831021,294.0581699756418,0.49280302242417046,5.211801472557789E-6,1.0015501703195018E-8,3.657620015036352E-4,-1.4636157587233357E-7,-0.5803830417557947,-2.1250838443620523E-5,2.6215801424562043E-11,4.703363211644091E-8,7.81453881676526E-9,1.2449531548657033E-10,1.1128139290976708E-12,8.012402226036829E-20,-9.337951793479868E-8,0.0017799420516271913,-41623.38391842358,-29139.18809629532,-44919.62496155581
2.0000000000000002E-7,2.0000000000000002E-7,0.376924848607175,5.5E-8,-3.339252319723748,70.16734818257271,0.982810357978502,-0.5688128878667189,70277.96294577679,73893.16106947283,294.1333883823605,0.4922032390144261,5.2048319587681875E-6,1.0055632804588241E-8,3.8433303234237763E-4,-1.6574416903836208E-7,-0.6726957826476792,-1.801719582772421E-5,2.883044287628289E-11,4.7050270495899516E-8,7.785919134620164E-9,1.337598998841078E-10,1.2135401758335862E-12,2.6096675342902385E-19,-1.1793242058774915E-7,0.0017728654690240431,-36566.307825382995,-12661.600439171527,-40301.45478904017
2.1250000000000003E-7,2.1250000000000003E-7,0.4004826516451234,5.5E-8,-6.142510349555482,-204.38679048253337,0.9814261345052212,-0.6076975313935566,70504.55349048701,74124.76132482161,294.21320777476694,0.4915661446527702,5.197444367680313E-6,1.0098399169996899E-8,4.1060644013078153E-4,-1.936372868271974E-7,-0.802544733612649,-1.457041253161151E-5,3.276808691149049E-11,4.7067913020185295E-8,7.755659414578192E-9,1.423239331003483E-10,1.326541419301675E-12,6.6424274107662685E-19,-1.636934750654706E-7,0.00176538512275809,-31868.53134705498,-1776.5638789648622,-37469.543013619084
2.2500000000000002E-7,2.2500000000000002E-7,0.42404045468307183,5.5E-8,-48.51152933774877,-987.9437295860909,0.9799381116206659,-0.6567311165770933,70749.09157819318,74374.67233697142,294.299117553875,0.4908797215313079,5.189502534939114E-6,1.0144637391206557E-8,4.4373724093046843E-4,-2.3033395692095839E-7,-0.9710876254430332,-1.104253152561796E-5,3.809556540773668E-11,4.708688611048526E-8,7.72321750283417E-9,1.5033096749677886E-10,1.4569240160139078E-12,1.6453457476458049E-18,-2.350566308523999E-7,0.0017573673439313308,-27882.049915158088,2880.0463721853484,-34859.199030030446
2.3750000000000003E-7,2.3750000000000003E-7,0.4475982577210203,5.5E-8,-166.9054532517968,-2290.8819263687456,0.9783247350913764,-0.713807708927766,71015.3422111281,74646.74550362036,294.39238746333376,0.4901336488190372,5.180891355939768E-6,1.0195083208587345E-8,4.8230250603227434E-4,-2.75422351734278E-7,-1.1762593686944456,-7.655186607280484E-6,4.478317323134241E-11,4.7107466444588254E-8,7.68814423448554E-9,1.5797766755815274E-10,1.6099440491972786E-12,4.431859538530218E-18,-3.369391937041575E-7,0.0017487016035983517,-24967.039930553063,1399.7419919791323,-32372.40561170499
2.5000000000000004E-7,2.5000000000000004E-7,0.47115606075896876,5.5E-8,-391.6387436595844,-4018.53733101358,0.9765704441619485,-0.7759484094033312,71306.1507613345,74943.89724940051,294.4939489606106,0.48932025435639764,5.171527693617127E-6,1.025030680180782E-8,5.242894658130617E-4,-3.2726590944776033E-7,-1.4102785560203301,-4.815782745026809E-6,5.263561733586311E-11,4.7129854854416724E-8,7.650127408223497E-9,1.6556557869506684E-10,1.7905346799024847E-12,8.45275920610657E-18,-4.7269447621945217E-7,0.001739311366556554,-23468.13971589783,-5298.52433999103,-29863.803319792194
2.6250000000000003E-7,2.6250000000000003E-7,0.4947138637969172,5.5E-8,-740.3497788408711,-5996.456700436398,0.9746675814763139,-0.8394590869210391,71623.11168137816,75267.77163880937,294.60428301435553,0.4884354236754988,5.1613705764698714E-6,1.0310648994235639E-8,5.672020857574588E-4,-3.827127538613695E-7,-1.6583452689142177,-3.117312431299979E-6,6.124518274759346E-11,4.715415182458833E-8,7.609031789504447E-9,1.735333147410647E-10,2.0025959582721588E-12,1.8791274999276988E-17,-6.413394366247226E-7,0.0017291639390103733,-23600.312587820725,-15983.154655963594,-27077.868072720892
2.75E-7,2.75E-7,0.5182716668348656,5.5E-8,-1215.7098851322348,-8049.710927944664,0.9726176040133041,-0.9003635167264453,71966.34171463718,75618.50741469814,294.72334683246123,0.48747920766308733,5.150427669669006E-6,1.0376175486612394E-8,6.083537275178685E-4,-4.373197459983658E-7,-1.8997886811612261,-3.234955286757213E-6,7.001086799353356E-11,4.71803417858934E-8,7.564922715146189E-9,1.8243043191810822E-10,2.2482056202161597E-12,4.195200519978297E-17,-8.35481391897724E-7,0.0017182762367382504,-25345.541128926885,-24161.646406947173,-28685.04244859361
2.875E-7,2.875E-7,0.541829469872814,5.5E-8,-1808.5284576120662,-10041.934157253558,0.9704310497807649,-0.9550050941418718,72334.45080322688,75994.70455024026,294.85057141868174,0.4864558713711402,5.138755108207512E-6,1.044666698313041E-8,6.452737122580215E-4,-4.861468613626129E-7,-2.1118656115677368,-5.74356243987495E-6,7.823637854703914E-11,4.720829318965475E-8,7.518061768714798E-9,1.928243093105878E-10,2.527025970812586E-12,6.440484538486402E-17,-1.0411526758533703E-6,0.0017067136325938366,-28424.80856910313,-22823.847138358928,-41546.54746858706
3.0000000000000004E-7,3.0000000000000004E-7,0.5653872729107625,5.5E-8,-2500.921315173674,-11862.11802983583,0.9681260851935701,-1.0006267601234553,72724.74672898542,76393.62809172626,294.98494101745854,0.48537328936183904,5.126449755382965E-6,1.0521652954910562E-8,6.760991622455779E-4,-5.249146461494548E-7,-2.275265730609135,-1.0899895144689253E-5,8.527923764443831E-11,4.723777667490345E-8,7.468871499704727E-9,2.0516810042717165E-10,2.836165056982016E-12,1.257982857229221E-16,-1.2399357262959717E-6,0.001694581153748183,-32350.392400284,-22696.76468202858,-54066.719268095694
3.125E-7,3.125E-7,0.5889450759487109,5.5E-8,-3269.3508352939903,-13432.851499846947,0.9657258868243462,-1.0357642468571011,73133.64021916903,76811.61713345583,295.12514096211027,0.48424178753836233,5.113635237653631E-6,1.0600484097949207E-8,6.998407073358792E-4,-5.511147288927986E-7,-2.3794516544398903,-1.8429969713906758E-5,9.06957159186864E-11,4.726849819147394E-8,7.4178756681373435E-9,2.1968184379655996E-10,3.1706003245464825E-12,2.6119725628303723E-16,-1.4130754849631068E-6,0.0016820086525868264,-36533.14333505465,-23572.832401852636,-65606.77050416305
3.25E-7,3.25E-7,0.6125028789866593,5.5E-8,-4085.8139445679562,-14661.54951679771,0.9632554076693324,-1.0603734272987,73557.16671546927,77244.61507593452,295.2697430870674,0.48307267146532995,5.100444689600678E-6,1.0682428862247307E-8,7.164685319585811E-4,-5.646816735804806E-7,-2.4259829174357037,-2.7392013251414937E-5,9.432902978835769E-11,4.7300140139820164E-8,7.365627751705302E-9,2.362936267395683E-10,3.5240653818918545E-12,3.5172151990450474E-16,-1.5460880580711042E-6,0.0016691331161098916,-40394.20935524359,-25287.421512845965,-74522.99775886816
3.3750000000000005E-7,3.3750000000000005E-7,0.6360606820246079,5.5E-8,-4918.347015009555,-15497.08742025961,0.9607381256188594,-1.0757265632004065,73991.52974806998,77688.72462206543,295.41739457447585,0.48187671093324086,5.087003397771008E-6,1.0766776676287769E-8,7.26842272432707E-4,-5.680860516577013E-7,-2.429153825411504,-3.6125636441397546E-5,9.632126915884901E-11,4.733240293134866E-8,7.312641036062873E-9,2.5465428215916937E-10,3.890155440703618E-12,5.197050709220756E-16,-1.6328386305878275E-6,0.001656081412206275,-43445.366390120325,-27391.789859555724,-79338.15590035947
3.5000000000000004E-7,3.5000000000000004E-7,0.6596184850625563,5.5E-8,-5738.246251565967,-16005.786879228186,0.9581932378389619,-1.0841455450759838,74433.58826249972,78140.70820161013,295.5669832524571,0.48066279735364603,5.0734138185566535E-6,1.0852933182897726E-8,7.325307736999891E-4,-5.658680868236843E-7,-2.413852744580254,-4.234412840276036E-5,9.705944957264983E-11,4.7365041032893344E-8,7.2593302047507035E-9,2.742125780488314E-10,4.263382042608083E-12,1.061685824014956E-15,-1.6780182916368794E-6,0.0016429559186553506,-45340.119000756604,-29558.979318716203,-79404.10082073108
3.625E-7,3.625E-7,0.6831762881005047,5.5E-8,-6523.271759497079,-16210.721142893914,0.9556336038684322,-1.0886417058349325,74881.23325519804,78598.37716601783,295.7177611800736,0.47943692340054983,5.059744587766087E-6,1.0940496540350815E-8,7.355687201587381E-4,-5.638027474219599E-7,-2.4114290890047414,-4.337823560263132E-5,9.70839685234134E-11,4.739788957275655E-8,7.205970457507506E-9,2.943211046165853E-10,4.639972115734736E-12,1.566940696621841E-15,-1.6974098093730134E-6,0.0016298245112179987,-45894.27305348275,-31474.644490231687,-75181.93018605604
3.75E-7,3.75E-7,0.7067340911384531,5.5E-8,-7250.863556761335,-16055.191521699511,0.9530645891249523,-1.092515478155725,75333.62153877522,79060.83599565625,295.86941682942864,0.47820156851096685,5.046024333797978E-6,1.1029307779369508E-8,7.381861338890033E-4,-5.678974400780135E-7,-2.454437885236075,-3.656366638438158E-5,9.698968529830194E-11,4.743087949763571E-8,7.1526766965716126E-9,3.1433963978627563E-10,5.018315501114373E-12,1.7564169648687077E-15,-1.716523454942871E-6,0.0016167155205778947,-45093.15624081106,-33004.396198173556,-67936.83356689572
3.8750000000000005E-7,3.8750000000000005E-7,0.7302918941764016,5.5E-8,-7899.593296195257,-15598.72129585436,0.9504838708964332,-1.0989439694213141,75791.24830543327,79528.56196405804,296.0220912841465,0.47695553373475735,5.032240628332946E-6,1.1119470682505578E-8,7.425297090684554E-4,-5.833936803867345E-7,-2.571094508464739,-1.9744873412719244E-5,9.733941072317411E-11,4.746404041262823E-8,7.0994033231902905E-9,3.337176650098761E-10,5.399059187315998E-12,2.9059954395945944E-15,-1.7676957394588229E-6,0.0016036177734901633,-43084.75451359658,-33926.755211054864,-58506.18829625978
4.0000000000000003E-7,4.0000000000000003E-7,0.75384969721435,5.5E-8,-8459.169652214547,-15015.909677252856,0.9478821759307051,-1.110610697033373,76255.85712701567,80003.3172768367,296.1763393675401,0.4756942248081093,5.018343912084559E-6,1.1211339755961387E-8,7.504126331306574E-4,-6.140301152868233E-7,-2.781031274592806,8.300463306909478E-6,9.860300227508725E-11,4.749749143169287E-8,7.045963273337255E-9,3.5204770537815916E-10,5.784911454097331E-12,5.919968622433971E-15,-1.8864707984088264E-6,0.0015904853634738727,-40146.37916084888,-34104.863950743515,-47465.107431288576
4.125E-7,4.125E-7,0.7774075002522984,5.5E-8,-8932.494795826822,-14443.33670391402,0.9452447785027644,-1.1294358138973613,76730.21135077268,80487.91733011317,296.3330450602275,0.47441031256172245,5.0042554838547326E-6,1.1305480065071376E-8,7.631323066874063E-4,-6.616889656640979E-7,-3.0932166076586327,4.764883392738284E-5,1.011251877070499E-10,4.7531422185104326E-8,6.992062152820637E-9,3.6908532175318026E-10,6.18025656292258E-12,8.928319843653618E-15,-2.1085042188894384E-6,0.0015772461188399923,-36634.01272128621,-33459.46996852483,-38329.59435685217
4.2500000000000006E-7,4.2500000000000006E-7,0.8009653032902468,5.5E-8,-9326.723856040458,-13852.743252593778,0.9425534841006853,-1.1564345041568194,77217.77050224142,80985.89992391538,296.49330697022793,0.4730946458036913,4.989878086398496E-6,1.1402607000411913E-8,7.813746649708239E-4,-7.263686983094431E-7,-3.505811519391955,9.72402845036413E-5,1.0511470301974379E-10,4.756606748839033E-8,6.937341405901658E-9,3.8474015920647757E-10,6.590675880427779E-12,9.866431565328704E-15,-2.4672939963165776E-6,0.001563812267558865,-32929.7012585966,-24750.16532638426,-34647.124508408175
4.3750000000000005E-7,4.3750000000000005E-7,0.8245231063281953,5.5E-8,-9640.49788649247,-13085.666320056933,0.9397888096821584,-1.1916870993769457,77722.31924881994,81501.14536856639,296.6583107306041,0.4717372809033189,4.975107546083479E-6,1.1503515272101667E-8,8.051939860655038E-4,-8.062658301355441E-7,-4.006678474277123,1.5496401715608954E-4,1.106416558299141E-10,4.7601679383144003E-8,6.881424376619446E-9,3.990567861636805E-10,7.022432985295593E-12,1.0807614870226612E-14,-2.9919571417604088E-6,0.0015500917852923585,-29404.811906520186,-16179.920726600343,-32265.37480903979
4.5000000000000003E-7,4.5000000000000003E-7,0.8480809093661437,5.5E-8,-9863.671311227949,-12089.266484712694,0.9369321411704369,-1.2343853832866953,78247.58623380525,82037.4864261258,296.8292012469635,0.47032852330848285,4.95984429520744E-6,1.1609004476139318E-8,8.340441778964157E-4,-8.978386387070714E-7,-4.573762877043919,2.1772872372594065E-4,1.1763304595482518E-10,4.763849937291443E-8,6.82396070041402E-9,4.122050843548927E-10,7.481932163028953E-12,1.6162086975538563E-14,-3.7036747604655396E-6,0.0015359993043090046,-26393.149953619046,-11260.135919649938,-29801.221358672963
4.625E-7,4.625E-7,0.8716387124040921,5.5E-8,-9989.565561346373,-10979.936024110368,0.9339676961298613,-1.282953661235147,78796.88437504062,82598.33931471505,297.006965006966,0.46885989762323876,4.94400385806605E-6,1.1719807174325088E-8,8.668605819156399E-4,-9.960128656416601E-7,-5.176394015883034,2.816632691349241E-4,1.258696145991626E-10,4.767673306688025E-8,6.764665513107655E-9,4.2447802762897154E-10,7.97514324999685E-12,2.5037918024421246E-14,-4.610847562654329E-6,0.0015214657207869907,-24157.781270021,-9951.051286548673,-27493.752844263545
4.7500000000000006E-7,4.7500000000000006E-7,0.8951965154420406,5.5E-8,-10025.346448704924,-9986.561065155829,0.9308841003930862,-1.335255441733201,79372.80854093775,83186.39168626213,297.19233392542276,0.46732495168080507,4.927525279131822E-6,1.1836526453134863E-8,9.021996227927034E-4,-1.0946612788131915E-6,-5.778285392809266,3.4253681630502797E-4,1.3499539496511863E-10,4.7716529699548684E-8,6.703349669971654E-9,4.3627477526828213E-10,8.507016527228332E-12,2.9683709139219865E-14,-5.704727452567075E-6,0.0015064455680595453,-22858.421710781084,-11783.428027899956,-25544.22165233461
4.875E-7,4.875E-7,0.9187543184799889,5.5E-8,-9995.831647006737,-9341.005137301268,0.9276753912942294,-1.3888694515015216,79977.02667169641,83803.384666995,297.38572216360564,0.4657197989606542,4.9103764918726735E-6,1.1959590358072383E-8,9.384253050685957E-4,-1.1873373281900968E-6,-6.342008692877698,3.963334409817776E-4,1.4454875981657664E-10,4.775796896155793E-8,6.639937399612154E-9,4.4804953277456855E-10,9.080955416714527E-12,3.172319256829945E-14,-6.9575932634968745E-6,0.0014909212839731185,-22532.977926512965,-16342.805649257944,-24223.081437439087
5.000000000000001E-7,5.000000000000001E-7,0.9423121215179375,5.5E-8,-9936.598507194163,-9139.591793364809,0.9243413390405543,-1.4413846920383433,80610.18716267645,84450.01357086902,297.5872028761873,0.46404333897565125,4.892556047464755E-6,1.2089228410319439E-8,9.739085757015833E-4,-1.2680722208813223E-6,-6.8336642561062035,4.3978306040770576E-4,1.540140558203568E-10,4.780105657854375E-8,6.5744695843657105E-9,4.602323894026727E-10,9.698436562804145E-12,7.113039102384388E-14,-8.324089339717716E-6,0.0014749039381540194,-23105.203875879095,-21573.561113935124,-23928.69955606482
5.125000000000001E-7,5.125000000000001E-7,0.9658699245558859,5.5E-8,-9883.435859298059,-9375.34524394792,0.9208871108759353,-1.4906583445326378,81271.94298567034,85125.94855342935,297.79652402868976,0.46229715836781626,4.874091333380435E-6,1.2225471037355245E-8,0.0010072015841436743,-1.3321011655875736E-6,-7.226960058095301,4.707504607566193E-4,1.6288415549034358E-10,4.7845728364551807E-8,6.507093654371039E-9,4.73149982300995E-10,1.0358849137427955E-11,2.4901673403394185E-13,-9.745043897362913E-6,0.0014584306732630936,-24408.82600804815,-20650.005076934238,-31155.1780053922
5.250000000000001E-7,5.250000000000001E-7,0.9894277275938343,5.5E-8,-9867.208674176067,-9998.145716852157,0.9173223929320964,-1.5350183508716064,81961.07853671364,85829.96007343964,298.01315706178826,0.46048515918302824,4.85503389377851E-6,1.2368169639786987E-8,0.001037174561399734,-1.376601238831654E-6,-7.507467296595223,4.886471783436264E-4,1.7072478073391016E-10,4.7891861305410264E-8,6.4380429204919545E-9,4.869642710806183E-10,1.10595895401315E-11,7.336529756160794E-13,-1.1154177591060545E-5,0.0014415595654521244,-26211.246718929313,-20332.4158345787,-39094.9530163322
5.375E-7,5.375E-7,1.0129855306317828,5.5E-8,-9910.23222494602,-10888.364169939001,0.9136600972208271,-1.5734131658937118,82675.72196599163,86560.1316036917,298.2363713985255,0.4586129672722534,4.835452530667267E-6,1.2517034602911325E-8,0.0010631170039822376,-1.4013995748030084E-6,-7.676962393788926,4.949156836246971E-4,1.7723234221429139E-10,4.7939290064064685E-8,6.367608392500518E-9,5.016334526876408E-10,1.1796415929320942E-11,1.7524747710041658E-12,-1.2488324228088023E-5,0.001424362662533337,-28236.49420703022,-20450.454025632687,-45896.17796672045
5.5E-7,5.5E-7,1.0365433336697312,5.5E-8,-10020.649148451059,-11839.05096467434,0.909914778864799,-1.605507513782245,83413.62471404656,87314.14184286293,298.4653278435749,0.45668717378896995,4.815424852337814E-6,1.2671688535761576E-8,0.0010848023741771926,-1.4094970352118708E-6,-7.756923236001967,4.934787002000007E-4,1.8227633716730688E-10,4.798782732465136E-8,6.2961060044891824E-9,5.169067277407258E-10,1.2564031908535642E-11,3.5660765742319524E-12,-1.3699953975796703E-5,0.0014069179257940904,-30189.081876763375,-20876.295230505628,-50947.317356659885
5.625E-7,5.625E-7,1.0601011367076796,5.5E-8,-10189.486626047086,-12635.911349809432,0.9061006346608935,-1.6319434609804604,84171.81822998662,88089.65155322809,298.69920101964965,0.45471434285048096,4.795026577533719E-6,1.2831742283327712E-8,0.0011026645006624732,-1.3242409531244448E-6,-7.066715514913994,3.35057988962717E-4,1.8597003843121371E-10,4.803729238421434E-8,6.223837246916605E-9,5.32374538257613E-10,1.3357506074566359E-11,6.410844893720354E-12,-1.3771658398992372E-5,0.001389299598336187,-31788.117212929275,-21758.10945443363,-53895.659693361384
5.75E-7,5.75E-7,1.083658939745628,5.5E-8,-10396.312481120322,-13183.153014839436,0.9022301047917416,-1.6535372269554465,84949.4051202666,88884.57979850935,298.9372594905993,0.4527002528365379,4.77432405729779E-6,1.2996853624860483E-8,0.0011172548830780044,-1.2817183169033798E-6,-6.744591194500572,2.55185974339156E-4,1.884878519691724E-10,4.808751978490427E-8,6.151062884280274E-9,5.475786848030325E-10,1.4171171456589583E-11,1.0418854329993691E-11,-1.383215012127916E-5,0.0013715718047674725,-32812.98595774526,-22598.33993439478,-54373.17767626824
5.875000000000001E-7,5.875000000000001E-7,1.1072167427835766,5.5E-8,-10620.1722959104,-13508.228284052171,0.8983128562354551,-1.6717808889343657,85747.51498728975,89697.32817040055,299.17893040124113,0.45064934774896814,4.7533688330805655E-6,1.3166775038294789E-8,0.0011295816817124093,-1.5999524670462507E-6,-9.484035532152575,8.158891636327326E-4,1.9017132658048056E-10,4.813837358688343E-8,6.077985094769553E-9,5.62111783204202E-10,1.5000826836397235E-11,1.5562859088477415E-11,-1.4445866135550525E-5,0.0013537842332045236,-33117.6610375772,-23564.377928591268,-52227.12784445029
6.000000000000001E-7,6.000000000000001E-7,1.130774545821525,5.5E-8,-10844.182290084918,-13638.343830612124,0.8943547125618704,-1.6885420271373552,86558.96971882664,90527.06630043867,299.42389308017164,0.44856427779710517,4.732191904927923E-6,1.334140690714942E-8,0.0011409067750928076,-1.533941935178973E-6,-8.918801133030229,6.73757616237225E-4,1.9145055753223807E-10,4.818980212146821E-8,6.004729624567683E-9,5.75659957981133E-10,1.584396205413553E-11,2.1673854429710744E-11,-1.5271308488986926E-5,0.0013359678455679349,-32641.945461481257,-24271.357244961768,-47794.149623666635
6.125000000000001E-7,6.125000000000001E-7,1.1543323488594734,5.5E-8,-11054.073382535636,-13584.145321889608,0.8903566662803791,-1.705891100879381,87387.79813651252,91373.91660265507,299.6720989715179,0.4464450545257299,4.710798429077723E-6,1.3520859345177279E-8,0.0011526291222157979,-1.53032376573492E-6,-8.958012577547834,6.736844734156477E-4,1.9279605705299655E-10,4.8241777300730824E-8,5.931330490275027E-9,5.879819524273313E-10,1.6700343237385128E-11,2.8521667284103597E-11,-1.6221618042428375E-5,0.0013181312321947144,-31414.37543778079,-24663.80906680228,-41757.90056016818
6.25E-7,6.25E-7,1.1778901518974219,5.5E-8,-11235.611435128303,-13298.734274456401,0.8863151625959707,-1.7256411899454362,88234.9153477196,92238.99169999365,299.9237915487197,0.4442893144730714,4.6891692213598035E-6,1.3705454433587757E-8,0.0011659737769901595,-1.5777933924709943E-6,-9.427770006778246,7.611542840422203E-4,1.9461174191954482E-10,4.8294345016937115E-8,5.857738693341209E-9,5.988803827959384E-10,1.7571422183198253E-11,3.5894917501772296E-11,-1.7415005840370646E-5,0.0013002628172074592,-29545.557718599764,-24540.645950210517,-35204.93598692178
6.375E-7,6.375E-7,1.2014479549353703,5.5E-8,-11371.023408876415,-12731.28646457168,0.8822227529343531,-1.7492607495704746,89102.18435277023,93124.29146841545,300.1794606142023,0.44209254168655016,4.6672642358226995E-6,1.3895715262358932E-8,0.0011819329388989693,-1.668549209767889E-6,-10.233683821553313,9.094206266020421E-4,1.9721837710818062E-10,4.834760170959775E-8,5.783837397597407E-9,6.082134928723557E-10,1.8460366448025E-11,4.36252959594689E-11,-1.8970189396583198E-5,0.0012823346251356242,-27213.529809415144,-24055.39555676434,-29206.64330771333
6.5E-7,6.5E-7,1.2250057579733187,5.5E-8,-11445.431265410994,-11972.11224723464,0.8780691077090758,-1.777710410735982,89992.19087195957,94032.52815990368,300.43978273513375,0.43984854721830985,4.645027968916964E-6,1.4092335588007138E-8,0.0012011556829297175,-1.7946396954471312E-6,-11.306776620704113,0.0011030102367612926,2.0082216759480224E-10,4.840168139912762E-8,5.709462995941909E-9,6.159507669982863E-10,1.937167889992468E-11,5.1556241550315554E-11,-2.0995452493445143E-5,0.0012643074600043045,-24643.104122000597,-22167.649277199904,-25887.75826148888
6.625E-7,6.625E-7,1.248563561011267,5.5E-8,-11452.884025646854,-11115.962465764294,0.8738423397675317,-1.8113449519357072,90907.96808659869,94966.87131377083,300.7055409786872,0.4375501352671227,4.62239653067143E-6,1.4296130990873706E-8,0.0012238817242808833,-1.946399507204433E-6,-12.577848742023889,0.0013296321668079258,2.0549682446129036E-10,4.845673854413998E-8,5.634430830681468E-9,6.222278454494346E-10,2.0310684824316444E-11,5.949865968958546E-11,-2.3574740980545942E-5,0.0012461371884410273,-22074.774265904838,-16526.256813673936,-23568.786891225172
6.750000000000001E-7,6.750000000000001E-7,1.2721213640492157,5.5E-8,-11393.860357039866,-10240.385189931972,0.8695304562087857,-1.8499039062857405,91852.69545513837,95930.64742668347,300.9775350119025,0.4351898644746167,4.599305408826934E-6,1.4507978228352843E-8,0.0012499350718146896,-2.112427435321251E-6,-13.970248684254784,0.0015771455089552688,2.111816982287847E-10,4.851292910957549E-8,5.55856202656701E-9,6.273556052671985E-10,2.1282945589633214E-11,6.721703762865289E-11,-2.6755948058765137E-5,0.0012277812619697,-19729.1157223766,-12188.626280237231,-21728.59246213524
6.875000000000001E-7,6.875000000000001E-7,1.2956791670871641,5.5E-8,-11276.344644673198,-9461.442190573083,0.8651227275336223,-1.8925894862693378,92829.40648512136,96927.03864294317,301.25649470637404,0.4327607928381188,4.575696797067052E-6,1.4728751847815443E-8,0.0012787766799117147,-2.2804563488421084E-6,-15.402607082923168,0.001833150480752721,2.1769555687662306E-10,4.8570392622233325E-8,5.481707588813496E-9,6.317701268399605E-10,2.2293668408839196E-11,7.446055403290825E-11,-3.054332354265884E-5,0.0012092045446510723,-17777.201727086063,-9791.32584509134,-20264.965069574562
7.000000000000001E-7,7.000000000000001E-7,1.3192369701251125,5.5E-8,-11115.147960775725,-8853.463420970604,0.8606098240075488,-1.939072628487781,93837.62830116643,97959.05765789139,301.5430788593077,0.4302566140880928,4.551520326691641E-6,1.4959316068459827E-8,0.00131018420843769,-2.0220935952863783E-6,-13.452759396379406,0.0014198430086489466,2.2496275135127593E-10,4.8629263973236865E-8,5.403750009529417E-9,6.359422090905396E-10,2.334911622383219E-11,8.102157783148564E-11,-3.1097504301480164E-5,0.0011903796787424235,-16319.8769867454,-9323.180623625503,-18675.116676074733
7.125000000000001E-7,7.125000000000001E-7,1.342794773163061,5.5E-8,-10928.416429626519,-8466.60545155849,0.8559852385120031,-1.9871971750305009,94884.33095529041,99029.16211054784,301.8377546099108,0.4276723098721281,4.526740689727758E-6,1.5200451457641233E-8,0.0013427007939395277,-1.9060370657086878E-6,-12.685541624946381,0.0012454298004289655,2.3247931846790018E-10,4.8689608191675465E-8,5.3246266164678365E-9,6.402989814538987E-10,2.4451588139839014E-11,8.678927768551873E-11,-3.174592926448114E-5,0.0011712926885120648,-15405.90293653163,-10413.0432517624,-17201.391992020104
7.25E-7,7.25E-7,1.3663525762010094,5.5E-8,-10735.470684348136,-8308.327147897282,0.8512469194389229,-2.0354467924520803,95970.50726846923,100138.89038618583,302.14072287421885,0.425005307465836,4.5013464037113055E-6,1.5452754447029718E-8,0.001375301886791946,-1.8667185213416815E-6,-12.588154452798335,0.001211966447210333,2.398776329645306E-10,4.875145270046409E-8,5.244354963528636E-9,6.451499873675047E-10,2.5602635427562556E-11,9.177416255572557E-11,-3.250759439908866E-5,0.0011519490373127547,-15000.907979340976,-12608.480173318527,-15991.105522986243
7.375E-7,7.375E-7,1.3899103792389578,5.5E-8,-10551.671808550675,-8311.994059825907,0.846396226217269,-2.0824441153722897,97096.59727258723,101289.03136546435,302.45196723817287,0.42225489482514567,4.4753442317315275E-6,1.5716675210001643E-8,0.0014070568347110065,-1.8660740231268846E-6,-12.82901661969754,0.0012481297314628215,2.46814950866396E-10,4.881477903542613E-8,5.163011725585932E-9,6.50659511444112E-10,2.680214657729669E-11,9.60981959252367E-11,-3.335334863460458E-5,0.0011323684520307732,-15018.083225633261,-13605.940621873684,-16030.26710937936
7.5E-7,7.5E-7,1.4134681822769062,5.5E-8,-10386.143956170285,-8418.291901200622,0.8414374339685772,-2.127138937553525,98259.38107154999,102479.70106736684,302.7712872004838,0.41942202591715044,4.44875654414888E-6,1.5992527597831653E-8,0.001437256038887517,-1.6555930010042631E-6,-10.07557949340844,4.0586161941558174E-4,2.5302347223640895E-10,4.887953708401545E-8,5.080721547150902E-9,6.568504147671552E-10,2.8048595633817208E-11,9.996095155135586E-11,-3.378062990739083E-5,0.001112582164295377,-15337.70407894296,-12745.337733901473,-18897.39925922865
7.625000000000001E-7,7.625000000000001E-7,1.4370259853148548,5.5E-8,-10244.401688871874,-8612.248926593635,0.8363768496969491,-2.168744598297998,99465.21614359331,103710.48899938745,303.0983305687893,0.4165088092516954,4.421616595258577E-6,1.6280522894053042E-8,0.0014653679718229717,-1.7185605344138823E-6,-11.08895092180046,6.456048624887689E-4,2.5830121661291866E-10,4.894562539305452E-8,4.997639926952759E-9,6.636263509904448E-10,2.9339193472391886E-11,1.035996468967563E-10,-3.3968582185644587E-5,0.0010926287314936378,-15828.59137483698,-12232.733920403372,-22362.8016571518
7.750000000000001E-7,7.750000000000001E-7,1.4605837883528032,5.5E-8,-10132.793892814194,-8936.938035014395,0.8312227072358086,-2.2065288871127455,100710.06978720396,104980.4845478081,303.43263020456675,0.4135186040033976,4.393967974350643E-6,1.6580761331654865E-8,0.001490897896697801,-1.813784471806912E-6,-12.729793443571907,0.0010911627010004032,2.6246721540195516E-10,4.9012940677532884E-8,4.913949528128178E-9,6.707958413824807E-10,3.066953697602758E-11,1.0725732937699517E-10,-3.490674911788237E-5,0.00107255310009688,-16356.321456694044,-11893.599432201296,-25793.407471088845
7.875000000000001E-7,7.875000000000001E-7,1.4841415913907516,5.5E-8,-10059.079825906314,-9382.53840944074,0.8259839898646347,-2.2405636647658667,101991.61300940439,106288.51249537579,303.77365824885686,0.41045531263196255,4.365858302139487E-6,1.689328835308823E-8,0.001513894368085045,-1.870015036189443E-6,-13.822186048340882,0.0013745787856298541,2.6554193185641773E-10,4.908136364424688E-8,4.8298394315802505E-9,6.780870503347329E-10,3.2035343265765214E-11,1.1116226157662792E-10,-3.582431162415679E-5,0.0010524015877641766,-16784.098511560474,-12056.791688260657,-28503.257714301904
8.000000000000001E-7,8.000000000000001E-7,1.5076993944287,5.5E-8,-10025.919413971755,-9847.779674010753,0.8206692438033634,-2.271132499205251,103308.94522700338,107633.41828943002,304.12090422969874,0.40732271556479055,4.337332870309712E-6,1.721815935005832E-8,0.0015345489859494939,-1.9014774127867896E-6,-14.599026973809487,0.0015683202472196456,2.6760429158194675E-10,4.915077729984022E-8,4.74548552183432E-9,6.851687922615943E-10,3.3432143802325035E-11,1.1551305306253599E-10,-3.670722940111674E-5,0.001032217171258413,-16986.74836933309,-12268.445326686307,-29586.485035639078
8.125000000000001E-7,8.125000000000001E-7,1.5312571974666485,5.5E-8,-10026.231539332472,-10181.690530915947,0.8152859456806514,-2.2988578244727966,104661.27848618908,109014.2334621332,304.4739189256026,0.4041240972883031,4.308431245195046E-6,1.7555479709520978E-8,0.0015532823138329707,-1.9178471539760267E-6,-15.224282106922146,0.001723949060697727,2.6881763880109987E-10,4.922107823295776E-8,4.661040851911637E-9,6.916779825440286E-10,3.48559132084106E-11,1.2046332118761985E-10,-3.756471617188824E-5,0.0010120371938325055,-16860.21072679765,-12371.59893695099,-28539.70461938032
8.25E-7,8.25E-7,1.5548150005045969,5.5E-8,-10041.364688726226,-10232.35730476781,0.8098397735195353,-2.3246331596757206,106048.14977599414,110430.37851216618,304.83236343109905,0.40086178957958485,4.279183346826948E-6,1.7905457543905337E-8,0.0015706980808619733,-1.9264494217452466E-6,-15.806700649148297,0.0018733780223323393,2.6940760189754097E-10,4.929218609435326E-8,4.576625273107138E-9,6.972612190339739E-10,3.630349598447993E-11,1.261032099811594E-10,-3.842010258995242E-5,9.918909174137002E-4,-16337.568398759078,-12415.385575658886,-25404.364506201357
8.375E-7,8.375E-7,1.5783728035425453,5.5E-8,-10048.494184619105,-10016.157236728019,0.8043343317008579,-2.349114909658677,107482.67997010286,111881.71689055915,305.1960003421409,0.39753683947650253,4.249607957045182E-6,1.8268436209655645E-8,0.0015872398038234304,-3.2827020433501277E-6,-29.60689568665657,0.005206309239381923,2.69539262662279E-10,4.936400215456439E-8,4.492322838743877E-9,7.016261058422522E-10,3.77722775658949E-11,1.3244037024291576E-10,-4.176346142536224E-5,9.71798949163758E-4,-15400.30060248524,-12362.504538098277,-20620.14163210628
8.500000000000001E-7,8.500000000000001E-7,1.6019306065804937,5.5E-8,-10032.44336465828,-9644.630500310182,0.7987720163338157,-2.3732453477255167,108935.40556341059,113368.54449355202,305.5647596501413,0.39415001736085353,4.219717361185764E-6,1.8644844359793082E-8,0.0016035441538685923,-3.0609020780048013E-6,-26.875423689954005,0.00433540118357989,2.694371703521334E-10,4.943658570357423E-8,4.408196700670007E-9,7.045795677813849E-10,3.9260602592049516E-11,1.3938883276573016E-10,-4.638949571761519E-5,9.517768370573392E-4,-14061.5979667689,-12012.27680451145,-15958.220218447603
8.625000000000001E-7,8.625000000000001E-7,1.625488409618442,5.5E-8,-9985.100563234153,-9158.409196184813,0.793151648082234,-2.398504635542818,110426.94662523396,114891.96216059607,305.9387050187609,0.390699515098512,4.189504599772915E-6,1.903538379735899E-8,0.0016206112402316337,-2.9865663677242085E-6,-27.162370593671767,0.004500187433800207,2.694347066284841E-10,4.950988710312569E-8,4.324255082401062E-9,7.060438688755256E-10,4.076948112684706E-11,1.4677588858565156E-10,-5.1524895577134455E-5,9.318270197249762E-4,-12373.367625746001,-9739.41649012281,-13250.914126557156
8.750000000000001E-7,8.750000000000001E-7,1.6490462126563905,5.5E-8,-9901.089255922454,-8585.340070140344,0.7874691980324817,-2.4263555055553323,111935.70733437964,116454.00829248202,306.3181717861631,0.3871820266420418,4.158947345509672E-6,1.944100401073557E-8,0.0016394293956454949,-1.0789679346601134E-6,-6.882564675219328,-7.597489232082921E-4,2.6984434798187226E-10,4.958401701547413E-8,4.240465284888928E-9,7.060533626058629E-10,4.23015495246755E-11,1.543702603123866E-10,-5.3603258402678386E-5,9.11942240278493E-4,-10417.15772435524,-5372.564939794583,-11515.063847742042
8.875000000000001E-7,8.875000000000001E-7,1.672604015694339,5.5E-8,-9778.189227183353,-7964.981247871716,0.7817167196701449,-2.4577013026244434,113510.3347910756,118057.70544296638,306.70362635259653,0.38359122040328386,4.1280021175093794E-6,1.986302090624872E-8,0.001660608988259759,-1.3891004570609767E-6,-11.735536590291304,6.330259772617808E-4,2.7083834345625685E-10,4.96589344949735E-8,4.156740966950195E-9,7.047290008180174E-10,4.386117892706662E-11,1.6192308124157376E-10,-5.405333878918126E-5,8.921026082465761E-4,-8309.789799849734,-2208.5939857844432,-10308.333301073413
9.000000000000001E-7,9.000000000000001E-7,1.6961618187322873,5.5E-8,-9616.982036740446,-7331.32925248361,0.7758868788163695,-2.4920768903419037,115125.27110766663,119706.2514378234,307.09564221952286,0.3799215001285092,4.096628625190668E-6,2.0302809197126552E-8,0.0016838357367175026,-1.507232408073378E-6,-13.0411743246259,8.482161514784536E-4,2.72283834733756E-10,4.97348057329023E-8,4.073010567358114E-9,7.022511203493299E-10,4.5451227405796694E-11,1.6920730995472033E-10,-5.4367405381480625E-5,8.722918781688342E-4,-6173.932216218685,-49.297263232625795,-8942.336056847274
9.125E-7,9.125E-7,1.7197196217702357,5.5E-8,-9421.775673210961,-6751.558547265881,0.7699725101918612,-2.5294136201714457,116788.11936044518,121402.85836608264,307.4947274626152,0.3761670315204123,4.064787370787244E-6,2.0761846979049552E-8,0.0017090632568725985,-1.6111210879898864E-6,-15.269475311709357,0.001468513912442404,2.7413793671113384E-10,4.981170701005679E-8,3.989210549101145E-9,6.988229079930089E-10,4.7075421121713495E-11,1.7604647422398021E-10,-5.4540014404342664E-5,8.524958367325742E-4,-4128.524446303762,1568.7184281800864,-7488.732091687774
9.25E-7,9.25E-7,1.7432774248081842,5.5E-8,-9201.444645199124,-6275.914257016245,0.7639671824737925,-2.569220064761113,118500.19092300814,123150.66578746364,307.9013499589362,0.3723222846391654,4.032442683351418E-6,2.1241679973678772E-8,0.0017359595032169681,-1.660389721678257E-6,-16.671448051640255,0.0018222991812137934,2.762679512632894E-10,4.988971105455415E-8,3.905293155797005E-9,6.946557349559313E-10,4.873706641053384E-11,1.82331432486076E-10,-5.461099150946328E-5,8.327041243093722E-4,-2289.7647711697537,3003.8709180007736,-5970.6732641278
9.375000000000001E-7,9.375000000000001E-7,1.7668352278461328,5.5E-8,-8964.80640728887,-5870.600933626106,0.7578660288606927,-2.6106463190134064,120264.77079977104,124952.48378007268,308.31587175486277,0.36838260360979086,3.999567192609849E-6,2.1743854731200542E-8,0.0017639502155495988,-1.678067937831429E-6,-17.796164481428605,0.0021030938727690796,2.784692217754836E-10,4.9968866709482016E-8,3.821237134144611E-9,6.899559491324661E-10,5.043862662347002E-11,1.8802551463953237E-10,-5.466989458957344E-5,8.129127354734744E-4,-749.0602922505639,4149.4403756823895,-4485.8569917742
9.500000000000001E-7,9.500000000000001E-7,1.7903930308840812,5.5E-8,-8716.55911361341,-5494.566292496711,0.7516664791731869,-2.652613241923819,122084.0858950102,126810.54122208366,308.73849898672836,0.36434472107168453,3.96614578260178E-6,2.2269849589991464E-8,0.0017923062445431208,-1.6737520108733862E-6,-18.705600333028087,0.0023201511711121725,2.8049636149162324E-10,5.004919198610685E-8,3.737056121606367E-9,6.849081222249888E-10,5.2181319150245816E-11,1.931580889050309E-10,-5.4690918452656444E-5,7.931259430984762E-4,451.6262626946612,4785.635841577484,-3038.0658021521576
9.625E-7,9.625E-7,1.8139508339220296,5.5E-8,-8460.762668885816,-5181.0264546219805,0.7453686584248265,-2.6939323078386024,123959.70917282338,128726.31528528965,309.16925106516305,0.36020708959426395,3.932177760325173E-6,2.282102088618581E-8,0.0018202245323233799,-1.6521030106275702E-6,-19.5457726010236,0.002529297650511353,2.8209187024763654E-10,5.013066868665551E-8,3.652801681604074E-9,6.796544430327809E-10,5.39648068416622E-11,1.9780984655647323E-10,-5.4703001124862635E-5,7.733569424754293E-4,1329.6434062775213,5072.407109849893,-1773.2213183839108
9.75E-7,9.75E-7,1.8375086369599778,5.5E-8,-8205.13346760275,-4993.753792287826,0.738975409825162,-2.7335065116034114,125892.27775500585,130700.46160332828,309.60795549882056,0.3559699763184455,3.89767700747952E-6,2.3398573267400966E-8,0.0018469638591914943,-1.6150096170974849E-6,-20.333230923752126,0.0027359589542044205,2.830310170042369E-10,5.0213242201456045E-8,3.56856088258373E-9,6.74274025125791E-10,5.578716869132444E-11,2.0209583055675453E-10,-5.4706810584074506E-5,7.536272048406993E-4,1956.7349880842553,5014.757617252274,-639.9737218084007
9.875E-7,9.875E-7,1.8610664399979264,5.5E-8,-7960.593668172455,-4958.566948674836,0.7324918977013443,-2.7704779129373454,127881.66644315011,132732.87259862103,310.05427167499954,0.3516352823351856,3.862669869156969E-6,2.400356406491736E-8,0.0018719445357684766,-1.5632618482186444E-6,-21.071475676334558,0.0029420787489726763,2.831533604324141E-10,5.029682682144039E-8,3.484448377764882E-9,6.687675754299596E-10,5.764509023526509E-11,2.0615017275091922E-10,-5.47018535667914E-5,7.33964546061441E-4,2441.2565705931333,4872.737675084616,297.0058593371277
1.0000000000000002E-6,1.0000000000000002E-6,1.884624243035875,5.5E-8,-7734.826639508817,-4984.233997549869,0.725924927862523,-2.8043146334694296,129927.42976631009,134822.83413524096,310.507734853731,0.3472061610754546,3.8271915140128816E-6,2.4636936910343462E-8,0.0018948071847766416,-1.4965975292113854E-6,-22.039644804115596,0.0032706946562797157,2.8237905599994627E-10,5.0381314769158386E-8,3.4005953442848716E-9,6.630546345844008E-10,5.953423818458438E-11,2.1011304734145209E-10,-5.4707462661079136E-5,7.144004782858358E-4,2902.1459095857804,5029.858150158079,1142.936115053342
1.0125E-6,1.0125E-6,1.9081820460738232,5.5E-8,-7526.823956837553,-4973.6003540017455,0.7192821577881517,-2.8348296841470253,132027.83825123849,136969.23129890472,310.9678091533683,0.3426865287641544,3.7912816900365333E-6,2.5299575147052796E-8,0.0019154254622615035,-1.4168859695473658E-6,-22.62744425839628,0.0034551461130405414,2.8070858600716887E-10,5.046658650684693E-8,3.3171378642081238E-9,6.569880014291636E-10,6.144973216770312E-11,2.1411916457781514E-10,-5.472990478349572E-5,6.949674575953313E-4,3441.661523478649,5300.253720547744,1855.7487729383045
1.0250000000000001E-6,1.0250000000000001E-6,1.9317398491117719,5.5E-8,-7332.9321569419335,-4948.435734677851,0.7125713267974435,-2.8621208372504543,134181.95397643294,139170.77641050878,311.43393972015815,0.3380805821330344,3.7549805772484833E-6,2.599236433687695E-8,0.0019338654305746312,-1.32419435217912E-6,-23.187511869235095,0.003648586536513676,2.782049579442599E-10,5.055252095034606E-8,3.2342065291809537E-9,6.503830205638975E-10,6.338661387584869E-11,2.1828704135125963E-10,-5.474339523131832E-5,6.756964460040321E-4,4128.153161579214,5786.892642378462,2576.3140962719826
1.0375E-6,1.0375E-6,1.95529765214972,5.5E-8,-7152.191347161685,-4932.470019938315,0.7057997343297254,-2.8864542174495975,136388.46474430797,141426.16900254163,311.9055893001786,0.33339243819474335,3.7183259681501415E-6,2.671624351523219E-8,0.0019503069036821605,-1.2193462504228591E-6,-23.713207907135256,0.003846685745600098,2.749652050152446E-10,5.063900218311278E-8,3.1519200067132146E-9,6.430530081220828E-10,6.534015775578359E-11,2.2270825433381596E-10,-5.474881721963752E-5,6.566154207540019E-4,4995.04389076784,6248.660840609784,3221.310761028575
1.0500000000000001E-6,1.0500000000000001E-6,1.9788554551876687,5.5E-8,-6983.328385800196,-4897.09471327634,0.6989739900987029,-2.908138337463342,138646.37593579065,143734.18419368804,312.38225612275477,0.32862595865419414,3.68135191064266E-6,2.7472236566389152E-8,0.0019649583361238798,-1.1009375656101383E-6,-24.444103956975596,0.004155595228041875,2.7109225278647554E-10,5.072592280013935E-8,3.070382497115522E-9,6.34840425272892E-10,6.730600816571428E-11,2.2743710272000208E-10,-5.488934181910052E-5,6.377488030654085E-4,6050.858405406695,7357.669379719285,3881.8353107702565
1.0625E-6,1.0625E-6,2.002413258225617,5.5E-8,-6822.439875679019,-4800.048209806537,0.6921003858055313,-2.9266918245484725,140990.92832060077,146093.53615660212,312.8634063101369,0.3237850174062109,3.6440907226391363E-6,2.8261409957073848E-8,0.001977494476046265,-2.6143022212465895E-6,-61.91781180417911,0.017120243285432934,2.665417323754498E-10,5.08131228265306E-8,2.989688754732477E-9,6.256375732778608E-10,6.927940513841223E-11,2.324830782471395E-10,-5.902963087381244E-5,6.191186410153481E-4,7285.998853644858,9003.674785324485,4608.861662694722
1.075E-6,1.075E-6,2.0259710612635655,5.5E-8,-6662.008646812755,-4581.265101443398,0.6851871182444619,-2.942331814967829,143331.44227193453,148502.15488194316,313.34850080581214,0.3188749651381738,3.6065850177558508E-6,2.9084643060557086E-8,0.001988062037140425,-1.9754600465660133E-6,-47.520124654723986,0.011750027505001981,2.6140556753622176E-10,5.090060359871387E-8,2.9099498322374542E-9,6.153974379588871E-10,7.125510992731272E-11,2.378082566660982E-10,-6.509449018467867E-5,6.007505468555102E-4,8704.451798842403,11224.862081970447,5429.819442101562
1.0875000000000002E-6,1.0875000000000002E-6,2.0495288643015144,5.5E-8,-6491.197284401441,-4204.938826300218,0.6782386837406205,-2.956571994812013,145731.8080276778,150959.08780153724,313.83709343680016,0.31389897586067894,3.568857371574053E-6,2.994321823513655E-8,0.001997683780278387,-1.2730610542632804E-6,-46.11673391395652,0.012267029643112437,2.559932842296884E-10,5.098821269622783E-8,2.8312282175568165E-9,6.041208371891356E-10,7.323100907370452E-11,2.43329899466825E-10,-7.061920465463377E-5,5.826587536579598E-4,10297.52866342507,13887.619226013105,6296.533241874027
1.1E-6,1.1E-6,2.0730866673394623,5.5E-8,-6299.438825831338,-3692.5438621412045,0.6712580192406858,-2.969726467141996,148180.99092239508,153463.7386660846,314.3288907649422,0.30885902636205337,3.5309218202197435E-6,3.083868308026655E-8,0.0020065719372581053,-8.0439148774758E-7,-47.305131519362476,0.013439493754844989,2.5038330149037296E-10,5.107587810467905E-8,2.7535652550821553E-9,5.918619863131804E-10,7.520500002033057E-11,2.489291851817836E-10,-7.594849514789251E-5,5.648525160332985E-4,12036.692061001186,17468.52807626978,7360.082024659929
1.1125000000000001E-6,1.1125000000000001E-6,2.096644470377411,5.5E-8,-6080.455164481325,-3109.9561706754594,0.6642473883257108,-2.9820354874777215,150675.65163966588,156015.69784933625,314.8236447732606,0.303756854519391,3.4927886717416336E-6,3.1772740329019E-8,0.0020148888428903524,-4.6684525599971494E-7,-48.19847637748353,0.01419539557821281,2.4463534199654865E-10,5.11635494586693E-8,2.676992345908596E-9,5.787187228782106E-10,7.717540172320831E-11,2.5446769863918216E-10,-8.110963972656999E-5,5.473387209397172E-4,13885.745775551952,22175.403039601566,8688.084436038951
1.125E-6,1.125E-6,2.120202273415359,5.5E-8,-5832.784725668298,-2495.5214158597673,0.6572086124905898,-2.9936291536774235,153215.23774132907,158614.6311429755,315.32112966066666,0.29859403071544277,3.4544657419627697E-6,3.2747239187868164E-8,0.002022722401133394,-1.5035350884318177E-7,-48.62704660580221,0.014685015180674554,2.3878650062167326E-10,5.125118163365704E-8,2.601534105962416E-9,5.648135792014174E-10,7.914081696349361E-11,2.5980919301390584E-10,-8.607582872838619E-5,5.3012263086344E-4,15803.20177688101,26639.239729933368,10096.20661897505
1.1375000000000001E-6,1.1375000000000001E-6,2.1437600764533076,5.5E-8,-5555.844787330047,-1839.8335230079022,0.650143350623921,-3.0045149073943485,155799.51504693666,161260.16922311744,315.82112111098746,0.29337213310597055,3.4159598603660665E-6,3.376415239855736E-8,0.0020300776401313164,1.9047457413989832E-7,-48.778243784247934,0.015085515229088742,2.328520960840851E-10,5.13387287259799E-8,2.5272117405473346E-9,5.502731777216893E-10,8.109997213732282E-11,2.648398666999083E-10,-9.080765145009181E-5,5.132086666411722E-4,17748.928189660488,30126.13794918862,11557.319137228784
1.15E-6,1.15E-6,2.167317879491256,5.5E-8,-5249.587566900489,-1172.7266147779258,0.6430533857400714,-3.014580485536681,158427.93103053555,163951.79770948837,316.3233767528513,0.2880929637490775,3.3772784245031333E-6,3.482554325756629E-8,0.0020368787064437037,5.698646707230637E-7,-48.667662147233386,0.01543438061918323,2.268291789443353E-10,5.142614166196562E-8,2.454046153485796E-9,5.352119478297025E-10,8.305155800635636E-11,2.69481830414579E-10,-9.523035188382729E-5,4.966011190730964E-4,19685.9541295224,32521.390755936296,13023.526959308978
1.1625E-6,1.1625E-6,2.1908756825292044,5.5E-8,-4917.761152084282,-557.6211681123825,0.6359409029254708,-3.023596791324074,161099.54262622527,166688.7429820464,316.8276169038682,0.28275876982462744,3.338430916155437E-6,3.593352426508913E-8,0.0020429708049486987,9.96695389545721E-7,-48.178542428862784,0.015699821159444127,2.2069988747776155E-10,5.151336577122826E-8,2.382060626276199E-9,5.197246040145387E-10,8.499408206699501E-11,2.736981759186925E-10,-9.921550941002712E-5,4.803047524368707E-4,21578.688228221028,33967.24408048941,14526.262567117392
1.1750000000000002E-6,1.1750000000000002E-6,2.2144334855671532,5.5E-8,-4568.505172432644,-53.10461555642697,0.6288087683821046,-3.0312136659639246,163812.97513540337,169469.84810103715,317.3335048740086,0.27737247161284395,3.2994304345020434E-6,3.709020458927327E-8,0.002048117341867517,1.482129614061023E-6,-47.14182528280617,0.015832487563500308,2.1443366420664822E-10,5.160033785460736E-8,2.311283184028477E-9,5.03887576244987E-10,8.692572839869168E-11,2.7749057137197014E-10,-1.0257129348856821E-4,4.6432532731622054E-4,23390.229001547385,34739.59071189316,16072.585450422448
1.1875E-6,1.1875E-6,2.237991288605101,5.5E-8,-4212.9964391758995,307.2464592493025,0.6216608223923167,-3.0369544311513614,166566.31953784698,172293.43446946735,317.8406262619959,0.2719379067926881,3.260295318692562E-6,3.8297621993084156E-8,0.0020519962372644333,2.0389446184765347E-6,-45.36828243005948,0.0157786206314654,2.079893809775812E-10,5.168698295083357E-8,2.24174877885314E-9,4.87765424810189E-10,8.884421872460406E-11,2.808921717016002E-10,-1.0503771089662384E-4,4.486700728190349E-4,25085.16586412768,35267.92942169645,17567.460607152185
1.2000000000000002E-6,1.2000000000000002E-6,2.26154909164305,5.5E-8,-3861.3883428732934,566.4417465535868,0.6145021642564765,-3.0402301820461695,169357.01946956717,175157.15871270566,318.34846905267335,0.26646007429486834,3.2210507425799654E-6,3.955766000853444E-8,0.002054209582463628,2.677933213135475E-6,-42.674640919030026,0.015484476534652458,2.013201822217172E-10,5.1773211279399675E-8,2.1735010751783223E-9,4.714155251738864E-10,9.074668617713186E-11,2.839590693796247E-10,-1.0629422672087445E-4,4.3334806007972463E-4,26637.403769636876,35950.694773326904,19119.764956126557
1.2125E-6,1.2125E-6,2.285106894680998,5.5E-8,-3517.6387136371236,809.7400895210078,0.6073393790817458,-3.0403731727410555,172181.76844568973,178057.88670306216,318.856408319031,0.2609453374691013,3.18173000869645E-6,4.0871957324129995E-8,0.0020543061977980103,3.4053616930407316E-6,-38.90279990153613,0.014900009751670495,1.9438030334457292E-10,5.1858916113932285E-8,2.106593397743369E-9,4.548899130785075E-10,9.262958971287186E-11,2.8676186691306577E-10,-1.0597845955147574E-4,4.183703801534281E-4,28033.27126310834,36967.076826584904,20681.24992333105
1.2250000000000001E-6,1.2250000000000001E-6,2.308664697718947,5.5E-8,-3181.5903605903814,1047.382187494648,0.6001806691491446,-3.036685705522546,175036.44863915755,180991.60327649256,319.3636982996251,0.25540155377266033,3.1423753362261994E-6,4.2241816858569387E-8,0.0020518146658936123,4.2208271808874544E-6,-33.94532250672455,0.013985171357944637,1.8713277831017964E-10,5.194397299163651E-8,2.041088598320414E-9,4.3823550765029993E-10,9.448868913090515E-11,2.8937712756732037E-10,-1.0371467971582895E-4,4.037500754786039E-4,29277.592624542212,38269.71544665954,21937.537382499035
1.2375E-6,1.2375E-6,2.332222500756895,5.5E-8,-2852.9950625080864,1291.3889225797864,0.5930358435178607,-3.028510566794145,177916.13900464255,183953.3814116657,319.86947520783326,0.2498380898092828,3.1030378848101895E-6,4.3668126795392205E-8,0.0020462909235095575,5.114716566083643E-6,-27.781836517854572,0.012720572874229674,1.7955818128015522E-10,5.2028240730713696E-8,1.9770575731936285E-9,4.2149252881884906E-10,9.63191021333691E-11,2.9187830630805713E-10,-9.915595549542785E-5,3.895017704411542E-4,30397.009852050294,39766.05495665673,23239.264748632573
1.25E-6,1.25E-6,2.3557803037948437,5.5E-8,-2528.516161379608,1598.6099952138409,0.5859161411849266,-3.0152978700493014,180815.16448691118,186937.42728997258,320.37277259287697,0.24426569679061974,3.063776871228191E-6,4.515130556897731E-8,0.0020373634257089875,6.068826591274501E-6,-20.48217838221808,0.011110002893815363,1.7166075842566333E-10,5.2111564579946714E-8,1.91457641747559E-9,4.0469425255182457E-10,9.811545340499494E-11,2.9432718971144725E-10,-9.20245178865933E-5,3.756410047626827E-4,31433.107138418345,41334.46863547738,24259.99520922665
1.2625000000000002E-6,1.2625000000000002E-6,2.379338106832792,5.5E-8,-2203.5282125158305,1946.0825628284358,0.5788339227364102,-2.996649165363591,183727.19083450918,189937.1924519392,320.87254661524776,0.2386962686571265,3.0246579619795177E-6,4.669127315494595E-8,0.002024762949569994,7.0589423151545816E-6,-12.189531642284237,0.009177500044188491,1.6346995420409753E-10,5.219378093358894E-8,1.853722737048417E-9,3.878687612872416E-10,9.987209202987445E-11,2.967678699541401E-10,-8.213912522358028E-5,3.621833920414586E-4,32434.239250802653,42843.50528567798,25281.52273425582
1.275E-6,1.275E-6,2.4028959098707405,5.5E-8,-1876.62558399179,2299.7455165035612,0.5718022914090993,-2.9723318202976463,186645.34870423854,192945.5309912953,321.36770668632573,0.23314252813068018,2.9857512691316133E-6,4.828744453792501E-8,0.002008332311011923,8.05845660210025E-6,-3.0889179400610374,0.006960712230466015,1.550374034870742E-10,5.227472276575847E-8,1.7945717912973547E-9,3.7104194151481074E-10,1.0158333890186252E-10,2.9922438480309764E-10,-6.942498613333958E-5,3.491437567289807E-4,33444.32390681435,44281.629066500216,26130.453865655934
1.2875000000000002E-6,1.2875000000000002E-6,2.426453712908689,5.5E-8,-1546.5707890979388,2687.267998946814,0.5648347256530042,-2.9422548037366143,189562.350253643,195954.8676433719,321.85714542693336,0.22761770592825376,2.947129397283387E-6,4.993873308901929E-8,0.0019880100025247392,9.043026371386987E-6,6.642369328378663,0.004498399635281203,1.464296332625054E-10,5.2354224767179285E-8,1.7371932116137019E-9,3.542426033218303E-10,1.0324371781279809E-10,3.0170151749954737E-10,-5.3900896551534573E-5,3.36535414833154E-4,34492.00810961663,45679.87988953551,27019.76260928876
1.3E-6,1.3E-6,2.4500115159466374,5.5E-8,-1210.5767953962315,3113.2031388423343,0.5579448031184767,-2.906418012160851,192470.5944029575,198957.34011214663,322.3397620542369,0.2221352795187803,2.908865983234073E-6,5.1643546345696437E-8,0.001963795954162737,9.993641749019843E-6,16.870469671921455,0.0018206605824389044,1.3771908399267268E-10,5.243212716385384E-8,1.681648898103286E-9,3.3750853635448684E-10,1.0484812801634185E-10,3.041873511959865E-10,-3.565160878902697E-5,3.243697280352185E-4,35587.02977012765,47023.283909234226,27861.512527092615
1.3125000000000001E-6,1.3125000000000001E-6,2.4735693189845858,5.5E-8,-867.5903618746956,3540.7768138839847,0.5511460511377737,-2.864858210678254,195362.25487406674,201944.89612281683,322.81447661773603,0.21670880391712713,2.871034927059746E-6,5.339976157586135E-8,0.0019357150072150365,1.089709416632445E-5,27.513750084050116,-0.0010541257722707087,1.2897651661146337E-10,5.250827782563512E-8,1.6279922344795198E-9,3.2089155964313064E-10,1.0639194232962242E-10,3.066559753097427E-10,-1.4799018025344951E-5,3.12655956319586E-4,36723.20171631056,48345.50906007289,28710.43376023852
1.325E-6,1.325E-6,2.497127122022534,5.5E-8,-518.1066810568615,3975.931513519548,0.5444519108026986,-2.817607884176078,198229.34507726342,204909.3463321108,323.2802360119615,0.2113518287222827,2.8337102497086298E-6,5.5204677575018735E-8,0.0019037891109297824,1.1744676492355665E-5,38.53182375960387,-0.004117043814858334,1.2026630835312982E-10,5.258253290763365E-8,1.5762683537000025E-9,3.044607138787828E-10,1.0787104152812763E-10,3.090692136786229E-10,8.518886769271239E-6,3.014013445591355E-4,37884.21717361917,49735.59500021481,29631.386572728297
1.3375000000000001E-6,1.3375000000000001E-6,2.5206849250604826,5.5E-8,-160.35860426125612,4462.775890137757,0.537875777413674,-2.7646715852859836,201063.75927785994,207842.38602110188,323.73601444376976,0.20607787492656118,2.7969663762873386E-6,5.705494600674799E-8,0.0018680213414094483,1.2530426529764326E-5,49.908028724730684,-0.007364441642152997,1.1164450871428104E-10,5.26547565496644E-8,1.5265150331924145E-9,2.883031681575011E-10,1.0928180830027675E-10,3.1137768949377375E-10,3.415922768456348E-5,2.9061134653280617E-4,39049.227745336444,51220.25783657762,30555.75373451849
1.3500000000000002E-6,1.3500000000000002E-6,2.5442427280984314,5.5E-8,209.9342812637816,5023.706454657989,0.5314310770563436,-2.7060186110774858,203857.29983127714,210735.6012918118,324.1808112069475,0.2009004412017911,2.7608786247666343E-6,5.894648901986753E-8,0.0018283909534307337,1.3249524951817194E-5,61.63091545019688,-0.010793170135002583,1.0315890520547208E-10,5.272482014132734E-8,1.4787638354900257E-9,2.7252130577575565E-10,1.1062110391444769E-10,3.135234236267227E-10,6.197664254108614E-5,2.802899001795317E-4,40197.41007609547,52701.50400475358,31546.016767550387
1.3625E-6,1.3625E-6,2.5678005311363794,5.5E-8,597.2575349677545,5650.536311076412,0.5251313449205098,-2.6415882899890986,206601.7003110589,213580.47409568483,324.61364815010904,0.19583301309627515,2.725523709268951E-6,6.087441152882782E-8,0.001784856952695337,1.3897178673261124E-5,73.67883498486754,-0.014396369974974732,9.485023808167251E-11,5.2792601554909015E-8,1.4330412105889181E-9,2.5722426377061795E-10,1.1188624554583533E-10,3.154465552419017E-10,9.181942069016651E-5,2.7043969173919704E-4,41310.9761946414,54092.10779856171,32508.336442003532
1.3750000000000002E-6,1.3750000000000002E-6,2.5913583341743283,5.5E-8,1003.9615916885507,6305.625273674581,0.5189902809215757,-2.571303352549437,209288.65298724943,216368.39672111618,325.03356846247044,0.19088905614390342,2.6909801195494814E-6,6.283291686541952E-8,0.001737367130100971,1.4468077320941575E-5,86.00942000983378,-0.01816036379545949,8.675383040850409E-11,5.28579846037461E-8,1.389369391929472E-9,2.4251476687497154E-10,1.1307499522727697E-10,3.170961376214423E-10,1.2352228741382846E-4,2.6106237289785246E-4,42376.61511336376,55477.76863195536,33505.336196110664
1.3875E-6,1.3875E-6,2.6149161372122762,5.5E-8,1429.1596931522784,6949.899896741448,0.5130217717510941,-2.4950838553383927,211909.8383916602,219090.70051553161,325.43963741357754,0.18608198481736632,2.657328311815504E-6,6.481523296181098E-8,0.0016858674698232382,1.4956724049994818E-5,98.56073253824434,-0.022064609726271556,7.890091627390184E-11,5.292085882624574E-8,1.347767040018593E-9,2.284760582160907E-10,1.1418556392161412E-10,3.1844109609847084E-10,1.569000140802918E-4,2.5215872215416063E-4,43384.03067883194,56867.97451362545,34366.06682305122
1.4000000000000001E-6,1.4000000000000001E-6,2.638473940250225,5.5E-8,1869.7978906035091,7564.651443979171,0.5072398876961522,-2.412854328640456,214456.9539751844,221738.69475584468,325.83094432861594,0.18142511504264447,2.6246507528609964E-6,6.681355133927912E-8,0.001630306978811119,1.535850981909448E-5,111.2629639506431,-0.02608497269682175,7.131925180953472E-11,5.298111947099879E-8,1.3082497268855462E-9,2.1516489162550247E-10,1.1521662586819316E-10,3.194760194334447E-10,1.917452112910694E-4,2.4372877153809038E-4,44323.700389956146,58057.13880064053,35270.235177859104
1.4125E-6,1.4125E-6,2.662031743288173,5.5E-8,2322.9842606071825,8167.714212787297,0.5016588686296853,-2.3245465934011773,216921.750989987,224303.70839756294,326.2066046635224,0.17693161316840061,2.5930318940558384E-6,6.88189787822435E-8,0.0015706395901359306,1.5670431577206045E-5,124.0443664204513,-0.03019549514397113,6.403337408167815E-11,5.303866746963774E-8,1.2708303817645478E-9,2.0261292550651339E-10,1.1616733605610045E-10,3.2021906970696584E-10,2.2782830460998403E-4,2.3577192505141664E-4,45186.55909045976,58942.33127663111,36058.00795398712
1.4250000000000001E-6,1.4250000000000001E-6,2.685589546326122,5.5E-8,2787.549800095243,8768.541189016049,0.49629310340275534,-2.2301027019407154,219296.07649751633,226777.13181150946,326.56576178950405,0.1726144461862899,2.562558094884975E-6,7.082150445252597E-8,0.0015068261499599429,1.589131529570409E-5,136.83157226961885,-0.03436844411044149,5.706487270360411E-11,5.309340933541524E-8,1.2355197344056205E-9,1.9083408482883307E-10,1.170373482889744E-10,3.20703983648224E-10,2.6489744164521806E-4,2.282870767467014E-4,45964.0917366425,59610.80594390496,36716.69403813258
1.4375000000000002E-6,1.4375000000000002E-6,2.7091473493640703,5.5E-8,3260.3029686819323,9305.516298095825,0.4911998892167918,-2.091404089053874,221628.83460388513,229130.4333137223,326.90459609892827,0.16852063715696916,2.5335614416975176E-6,7.279306653875108E-8,0.0014131108709823472,9.854718726387546E-6,73.32020422871574,-0.01822117365111353,4.865809504437976E-11,5.3144607012213726E-8,1.202600848403443E-9,1.797895518130926E-10,1.1780726797317407E-10,3.2097078236081756E-10,2.6242832379337567E-4,2.213305620687172E-4,46577.62990678246,60101.86398715623,37438.979228944154
1.45E-6,1.45E-6,2.7327051524020187,5.5E-8,3734.2855354054327,9748.975250751284,0.4864477546470703,-1.941698476695494,223783.25970695875,231330.50792953433,327.2190169071996,0.16470585473318072,2.506441501994747E-6,7.469771684215327E-8,0.001311958430199658,6.322618818046521E-6,38.59502439715288,-0.00948150341798737,4.0735834383428276E-11,5.319196699156594E-8,1.1724073766199014E-9,1.6969654020202086E-10,1.184708202208997E-10,3.210586240549961E-10,2.6065794631235294E-4,2.1496869285902108E-4,47337.48715667092,60774.41034197977,38092.68375795015
1.4625000000000002E-6,1.4625000000000002E-6,2.756262955439967,5.5E-8,4203.071578873583,10118.989927888999,0.48205911922063877,-1.7831346273725353,225760.79123093642,233365.35823686593,327.5078249499628,0.16118801369910868,2.4813377072028186E-6,7.651498413318298E-8,0.001204820694170632,4.172806027469278E-6,19.948457084114125,-0.004907805675543386,3.3432866463515504E-11,5.323532179622379E-8,1.14496652958048E-9,1.605267870390832E-10,1.1903150183419237E-10,3.210016552681916E-10,2.596570256227742E-4,2.0920281070789862E-4,48219.29662095889,61572.793946987644,38865.926603784246
1.475E-6,1.475E-6,2.7798207584779155,5.5E-8,4662.499095430694,10444.826976167113,0.47805289970244813,-1.6172318443776728,227559.25684561237,235224.93385229577,327.77009577851993,0.15798178889924974,2.458370494867537E-6,7.822480506540622E-8,0.0010927242191741031,2.8093429719433517E-6,10.199510800881399,-0.0026101923913302016,2.6821118538179594E-11,5.327456061627573E-8,1.1202855088821394E-9,1.5226400508144558E-10,1.1949475251734563E-10,3.2082720295815437E-10,2.591491682364126E-4,2.0403021011311805E-4,49183.72992942803,62442.50588625639,39603.67666370484
1.4875000000000002E-6,1.4875000000000002E-6,2.803378561515864,5.5E-8,5111.729657371555,10771.52369155023,0.4744450436441566,-1.445087389246827,229175.6035524772,236900.87377103925,328.0051243887884,0.15509912128415912,2.4376438882158364E-6,7.980777567600514E-8,9.76410398139748E-4,1.9448582440873E-6,4.700330983116146,-0.0012258936569651269,2.093391321041126E-11,5.330961286929333E-8,1.0983577627187552E-9,1.4490569710185774E-10,1.198675323483798E-10,3.205552662243289E-10,2.587825617648657E-4,1.994455489681097E-4,50187.45400985132,63549.214838632055,40407.98516069481
1.5E-6,1.5E-6,2.8269363645538124,5.5E-8,5551.938005606261,11102.948801421557,0.4712484599598606,-1.2682332791067972,230605.0783536923,238386.4726229436,328.21240843530546,0.1525492310083101,2.419244613243705E-6,8.124566592591343E-8,8.56914377774863E-4,1.3349239644355749E-6,2.1065126625599078,-6.18636098351999E-4,1.5799836188638806E-11,5.334043625269822E-8,1.0791649817270366E-9,1.3846360683873874E-10,1.2015816592086287E-10,3.20198490129276E-10,2.5856970005022514E-4,1.9544134295435055E-4,51192.23377062222,64974.51401878401,41167.87955201786
1.5125000000000001E-6,1.5125000000000001E-6,2.8504941675917608,5.5E-8,5984.069027013189,11439.56591941354,0.46847278583001706,-1.0878905962288088,231844.6453580618,239676.79382396996,328.39165176952935,0.15033856853503813,2.403240267708162E-6,8.252201387732091E-8,7.350612136681141E-4,8.841410098625602E-7,1.054649413651532,-4.1632431157268E-4,1.1421628120319856E-11,5.336701989958392E-8,1.0626777746975201E-9,1.3295686861365495E-10,1.2037601489005132E-10,3.1976247697306456E-10,2.5844841597320466E-4,1.920081698472632E-4,52163.16855037553,66186.86812897962,41935.12247445714
1.5250000000000002E-6,1.5250000000000002E-6,2.8740519706297096,5.5E-8,6409.514125045038,11790.687134195277,0.4661248902672573,-0.9051932967529749,232892.06460615192,240768.37280540608,328.5427160768519,0.1484713122561458,2.389681748569234E-6,8.362237022100866E-8,6.116170924006587E-4,5.415359927951613E-7,0.7825099994952325,-4.11593813851141E-4,7.789220798162202E-12,5.338937326469129E-8,1.0488603381831713E-9,1.28410157386537E-10,1.2053114955207418E-10,3.1924688395675897E-10,2.583820830543223E-4,1.8913569025396995E-4,53069.779058988795,67326.8677813437,42648.62219665844
1.5375E-6,1.5375E-6,2.8976097736676576,5.5E-8,6830.295290334792,12169.527489286445,0.4642090789065399,-0.7211833030489773,233746.0059468986,241659.07437009478,328.66559608706785,0.14694963323928545,2.378604018071792E-6,8.453461883103059E-8,4.872860155736333E-4,2.8033647197389656E-7,0.8645182955324344,-4.88921280066279E-4,4.883561881195383E-12,5.3407521438865154E-8,1.037672837376817E-9,1.2484962987205945E-10,1.2063409243489128E-10,3.186476851210982E-10,2.583499191130584E-4,1.8681317280717498E-4,53884.66880956759,69387.85060828835,43324.435391263796
1.5500000000000002E-6,1.5500000000000002E-6,2.9211675767056065,5.5E-8,7249.324028592738,12582.67222375333,0.46272731749268653,-0.5368051882416343,234406.04129865638,242347.94324243133,328.76039592470016,0.14577396260960643,2.37002704204343E-6,8.524922431349271E-8,3.627062082713745E-4,8.661813069466007E-8,1.0642798411881813,-5.842827706601383E-4,2.6798674189585807E-12,5.3421501081010466E-8,1.0290735034297075E-9,1.2229835008965069E-10,1.2069559372271157E-10,3.179603148347134E-10,2.583401910218358E-4,1.8502994679231438E-4,54584.82285765216,71848.96131270802,43924.89507401754
1.5625E-6,1.5625E-6,2.9447253797435544,5.5E-8,7667.406481273619,12973.407824352102,0.46167951285799086,-0.3528193605930062,234873.82175397695,242835.06286348504,328.82730760701344,0.14494330622250093,2.363957139973872E-6,8.575937282173725E-8,2.3839145986013935E-4,8.487115906063991E-8,0.013859758540093026,-1.0327028121537296E-6,1.1498233148498601E-12,5.343136120107718E-8,1.0230207129869278E-9,1.207719163659927E-10,1.2072643652524352E-10,3.171826729405667E-10,2.584138765592023E-4,1.837758395888263E-4,55151.351695620004,73240.84325936303,44506.38385704947
1.5750000000000002E-6,1.5750000000000002E-6,2.9682831827815033,5.5E-8,8080.991720444883,13301.672448605355,0.4610639704212546,-0.16995786403149812,235147.56884813562,243121.18581864345,328.8665629964444,0.14445558526371366,2.36038943450506E-6,8.606095010074813E-8,1.1483639461587711E-4,-1.7937821752411764E-8,0.3564038902395623,-1.6992932478387957E-4,2.657483471206731E-13,5.343713824655961E-8,1.019475778600012E-9,1.2027711837686E-10,1.2073728360985667E-10,3.163168837029529E-10,2.5838289448012206E-4,1.8304175195680178E-4,55570.01329145159,73325.85476803905,44978.580445352556
1.5875E-6,1.5875E-6,2.9918409858194512,5.5E-8,8487.534177775657,13624.892129754273,0.4608770794214885,0.011042987148386911,235231.20576330178,243208.06920959192,328.8784759652297,0.14430755176720253,2.359305930806137E-6,8.615279193149365E-8,7.461477802964129E-6,1.2559117124055775E-8,-0.0588147281714555,5.646174327011977E-5,1.1205544119661674E-15,5.3438892771876394E-8,1.018401050570038E-9,1.208102402121768E-10,1.2073858571637645E-10,3.1536946826736824E-10,2.5842249448657225E-4,1.828192557721636E-4,55831.19907291605,72631.4143051224,45364.576439164426
1.6000000000000001E-6,1.6000000000000001E-6,3.0153987888574,5.5E-8,8889.552985431554,13994.182510386441,0.46111385811323397,0.189622168276471,235125.54526796367,243097.99756804446,328.86338273439793,0.14449510639501187,2.3606786376913445E-6,8.603645587256834E-8,1.2812308667329122E-4,-1.490447431251596E-8,0.16852561276664346,-9.831230204326857E-5,3.309079687156768E-13,5.343667016900083E-8,1.019762785599187E-9,1.223577290352341E-10,1.207404625348241E-10,3.1435047742902435E-10,2.584096648693104E-4,1.831011744179269E-4,55932.17919805577,71569.64365824718,45731.538252956896
1.6125000000000002E-6,1.6125000000000002E-6,3.0389565918953485,5.5E-8,9289.264047362396,14358.102522537136,0.46176763568604895,0.36500885329864907,234834.52845991708,242794.08920655816,328.82168302418916,0.14501314021033793,2.3644677881703875E-6,8.57163129436025E-8,2.466276035801683E-4,3.4580344134838017E-8,0.0528632358118557,-9.058619116331101E-5,1.2313506769001984E-12,5.3430531096206244E-8,1.0235288717097453E-9,1.2489763511815682E-10,1.207526212819085E-10,3.13272700015316E-10,2.58441363786719E-4,1.8388109401949634E-4,55876.42602200252,70339.9370993064,45922.19734752766
1.6250000000000001E-6,1.6250000000000001E-6,3.062514394933297,5.5E-8,9684.270092276829,14668.826194489324,0.4628303830696226,0.5367275248792515,234360.31310373964,242300.01799811758,328.75380663148195,0.1458556948247475,2.3706238810043554E-6,8.519926135353653E-8,3.6265373302652126E-4,1.0710275830660976E-8,0.8664515514083178,-6.082509596581076E-4,2.680882624849642E-12,5.342052711853183E-8,1.0296701324956829E-9,1.2839813468285542E-10,1.207842820377271E-10,3.1215184909036264E-10,2.584072629692643E-4,1.8515361227790123E-4,55672.77795997545,69006.02447200155,46010.570918668855
1.6375000000000002E-6,1.6375000000000002E-6,3.0860721979712453,5.5E-8,10071.532973746858,14947.847288625953,0.4642927408581599,0.704247212244024,233709.43020485467,241620.1671296716,328.6602344074673,0.14701603991423304,2.3790880478617503E-6,8.449450751410016E-8,4.7584271097569187E-4,1.7376630907506298E-7,0.14277218991901464,-3.2736737307459407E-4,4.659404685038518E-12,5.340672642208496E-8,1.0381597560436473E-9,1.328187198402962E-10,1.2084410994276673E-10,3.1100743423325376E-10,2.5846994236300804E-4,1.869141960675867E-4,55335.71340025397,67741.69769928341,46043.20948350389
1.65E-6,1.65E-6,3.1096300010091937,5.5E-8,10450.30232853461,15219.971459197273,0.46614438262485774,0.8671556717108609,232884.7769148576,240759.2943809947,328.541459542159,0.1484867957126113,2.389794392516794E-6,8.361315462354288E-8,5.859159943992304E-4,3.595923290333758E-7,-0.6370069554004658,-4.2359119333923445E-5,7.149241653183926E-12,5.338918156194996E-8,1.0489745667589689E-9,1.3811049088313014E-10,1.2094018967551216E-10,3.0986317191528507E-10,2.5853132429153546E-4,1.8915941901052376E-4,54878.94577527615,66694.55960099434,45977.55293060387
1.6625000000000002E-6,1.6625000000000002E-6,3.133187804047142,5.5E-8,10820.99380086627,15492.55959278222,0.46837383720716935,1.0249363619602108,231891.31059846692,239722.77111749392,328.398021075746,0.15025981252311063,2.402669252227512E-6,8.256799831683185E-8,6.925245688920343E-4,5.652216931650856E-7,-1.4944257919814845,2.591188188034721E-4,1.0131556123953252E-11,5.336795352098038E-8,1.0620930802296198E-9,1.4421839752681796E-10,1.2107995467311775E-10,3.087460653557867E-10,2.585922707212013E-4,1.9188653034991437E-4,54322.39497430722,65818.3777309049,45874.52753945375
1.675E-6,1.675E-6,3.1567456070850906,5.5E-8,11184.809167145746,15781.729365182267,0.47096837552727927,1.1770293515909103,230734.5816939746,238516.62613066687,328.2305148645151,0.1523259909975115,2.4176308536685647E-6,8.137327019122827E-8,7.952901024262907E-4,7.857779023368039E-7,-2.435965451044467,5.817093169753207E-4,1.3584832482919574E-11,5.334310844107307E-8,1.077493804459099E-9,1.510847421142452E-10,1.2127011462339501E-10,3.076839598828253E-10,2.5865262973724803E-4,1.950930709436232E-4,53699.58323730612,64996.48330673517,45551.34742133705
1.6875000000000001E-6,1.6875000000000001E-6,3.180303410123039,5.5E-8,11544.019307536564,16097.37478015516,0.473913788382184,1.322684780911197,229418.87663910002,237147.6399695279,328.0396125929597,0.15467500860978045,2.434588361757005E-6,8.004440991302753E-8,8.937059330481061E-4,8.580197015817248E-7,-1.4962467673030915,-9.086030604521511E-5,1.7478944472596513E-11,5.3314715836399094E-8,1.0951527402914071E-9,1.5865505799144078E-10,1.2151653621203038E-10,3.0670216797346595E-10,2.585687880007614E-4,1.9877631720374727E-4,53050.4166004712,64245.04635702334,45123.823110732425
1.7000000000000002E-6,1.7000000000000002E-6,3.2038612131609874,5.5E-8,11900.462980994136,16424.35518102537,0.47719393548750416,1.4611778311389758,227955.91008562353,235623.73813095028,327.8261175873803,0.15729499320706375,2.4534396455814003E-6,7.859790647093444E-8,9.872823183371458E-4,1.126691138182423E-6,-3.035199218300477,5.017341909479001E-4,2.1776864289585764E-11,5.328287874476958E-8,1.1150392797611913E-9,1.6688078602247933E-10,1.2182408315448227E-10,3.0582077704394926E-10,2.5855518256857717E-4,2.0293238218948415E-4,52407.373323321204,63658.79425236596,44587.46962066636
1.7125000000000001E-6,1.7125000000000001E-6,3.227419016198936,5.5E-8,12254.469536223665,16743.303714820468,0.4807913231820968,1.5919259672537682,226351.0807225975,233953.49004729142,327.59090966242246,0.16017274415525212,2.474074934526382E-6,7.705070740851604E-8,0.0010756256535498433,1.3772681671753163E-6,-4.474257271123861,0.0010263447709348839,2.643747890650746E-11,5.324769192238552E-8,1.1371181120107077E-9,1.7572067887985925E-10,1.2219661675295494E-10,3.050542407620398E-10,2.585281763196958E-4,2.0755656301357732E-4,51789.02757711146,63083.64746498037,44106.18721788011
1.7250000000000002E-6,1.7250000000000002E-6,3.250976819236884,5.5E-8,12604.858302171484,17035.4544701047,0.4846869187440031,1.7142758261183477,224613.32517085611,232146.39259855685,327.33498640888166,0.1632936457254162,2.4963760839457226E-6,7.541996789343877E-8,0.0011582944771069918,1.6081231724740518E-6,-5.860749440539621,0.0015103202337058974,3.140868320540728E-11,5.320927337040957E-8,1.1613464697460145E-9,1.8513863247754572E-10,1.226368443835743E-10,3.0441304131886244E-10,2.5849166438120675E-4,2.1264271192032906E-4,51200.355481805425,62361.51460036166,43522.17288262825
1.7375E-6,1.7375E-6,3.2745346222748326,5.5E-8,12949.929905781251,17305.42785014443,0.48886030291702504,1.8277078878950712,222752.35488267324,230212.75284166294,327.0594565760719,0.1666417054586521,2.5202177395215035E-6,7.372269567918753E-8,0.0012349377620912644,1.8159026632247334E-6,-7.2107737276746775,0.001965127935136479,3.663298528434259E-11,5.316775718873053E-8,1.1876733186460133E-9,1.950991896649737E-10,1.2314627833960618E-10,3.0390569551191607E-10,2.5844829413425297E-4,2.1818300753578595E-4,50635.6031267787,61674.12232376861,42915.38132915368
1.7500000000000002E-6,1.7500000000000002E-6,3.298092425312781,5.5E-8,13288.542127279765,17552.078777585863,0.4932899649699241,1.9317655158485745,220775.78800882996,228163.50851992142,326.7655249100866,0.1701997265929743,2.5454692681258534E-6,7.19753858562083E-8,0.0013052469701679557,1.8531778282238066E-6,-5.808154000828836,0.0010530853115824357,4.204555327801028E-11,5.3123287494984866E-8,1.2160394455399099E-9,2.055648729081609E-10,1.2372522179791452E-10,3.0354014417415073E-10,2.5823150332734404E-4,2.241679129023618E-4,50082.67496294673,61152.019476290145,42380.037571774854
1.7625E-6,1.7625E-6,3.3216502283507294,5.5E-8,13618.597696840121,17756.360700423134,0.49795347046122396,2.026287431170277,218700.78844964743,226010.29668960543,326.45450290800943,0.17394955145279534,2.571995920606131E-6,7.019374824312552E-8,0.0013691131291691063,2.0436403660539783E-6,-7.7661962956844945,0.0017966947826835167,4.758529788005099E-11,5.307604044672902E-8,1.2463768146482867E-9,2.1649198552945243E-10,1.2437280032276587E-10,3.0332507650129813E-10,2.580440292885847E-4,2.3058597943481545E-4,49523.60432745599,60667.934282908835,41895.61954276309
1.7750000000000002E-6,1.7750000000000002E-6,3.345208031388678,5.5E-8,13938.272773457385,17942.179073347612,0.502828600837371,2.111439724258062,216534.68824997795,223764.64239553415,326.1277123615494,0.17787277509076105,2.599665415394604E-6,6.839217059602344E-8,0.0014266484623365282,2.1892857454020033E-6,-9.439004251621554,0.0023972104162339747,5.320123114113337E-11,5.3026178607068756E-8,1.2786144735264732E-9,2.2782901125995418E-10,1.2508728002235178E-10,3.0327169348062465E-10,2.578599363507596E-4,2.3742504193364052E-4,48940.5953195953,60139.368108002134,41355.73893304677
1.7875000000000002E-6,1.7875000000000002E-6,3.3687658344266267,5.5E-8,14247.781462712657,18125.238838141056,0.5078934624806161,2.18739362021424,214288.5877681229,221438.07145560285,325.7864981143171,0.1819509980800451,2.6283486045944833E-6,6.658363114110462E-8,0.001477968662306919,2.294439644430213E-6,-10.905907378854863,0.002896740647997831,5.884046932018937E-11,5.2973876498616236E-8,1.3126782444881216E-9,2.3951603720681234E-10,1.2586610181137667E-10,3.033951974255531E-10,2.5768270669615365E-4,2.446721140574772E-4,48320.26705519553,59534.48008346252,40877.38603843142
1.8000000000000001E-6,1.8000000000000001E-6,3.3923236374645747,5.5E-8,14546.7651563537,18278.318970607605,0.5131266560160265,2.2543407236354653,211969.9991369752,219041.91312700827,325.4322096595525,0.18616592108603486,2.6579204139522995E-6,6.477965696183016E-8,0.0015232031916455847,2.2672468429618677E-6,-8.80968446359384,0.0017429143172194017,6.444915190073852E-11,5.2919308733358913E-8,1.3484909942946622E-9,2.5148488291843736E-10,1.2670599275490452E-10,3.037146661769645E-10,2.5735311644777047E-4,2.523134108500935E-4,47652.01376604689,58783.16766789659,40387.54122604335
1.8125000000000002E-6,1.8125000000000002E-6,3.4158814405025235,5.5E-8,14832.54475108108,18372.421592077484,0.5185072982251753,2.3126892851985064,209597.48736068155,216587.3970601129,325.0662086412045,0.19049953207930276,2.6882599348333626E-6,6.299034829963007E-8,0.0015626278954043963,2.330707046667158E-6,-10.901403742932416,0.002535434191599961,6.998477180190538E-11,5.2862664677261763E-8,1.3859720852028088E-9,2.6366028102391384E-10,1.2760308058884628E-10,3.0425069018403123E-10,2.5701065569570065E-4,2.6033420143154655E-4,46924.629508936334,57844.22213213161,39852.12971775228
1.825E-6,1.825E-6,3.4394392435404715,5.5E-8,15101.914207453334,18420.599535017987,0.5240159371340539,2.3630668700069286,207176.51545456986,214084.96855526842,324.68978825770586,0.1949346780102711,2.719255476070649E-6,6.122418225070967E-8,0.0015966668040587354,2.35218953591243E-6,-12.558979856326005,0.003127830604285009,7.542057693605248E-11,5.2804114904398046E-8,1.4250433354759125E-9,2.7596492914729403E-10,1.2855328599338373E-10,3.050216657780836E-10,2.5670359506859845E-4,2.6872006327560065E-4,46128.45269930907,56642.06450081405,39276.7399686361
1.8375000000000002E-6,1.8375000000000002E-6,3.4629970465784203,5.5E-8,15353.958674578971,18453.665726368432,0.5296341072102925,2.4057442142884287,204716.14977134555,211544.6273257127,324.3042119255704,0.19945490355382628,2.7508019500284917E-6,5.948826653543962E-8,0.0016255028474921815,2.3377905057486713E-6,-13.163662226087581,0.003264143135993436,8.071069041010677E-11,5.274383304351417E-8,1.4656258926667734E-9,2.8832477261016764E-10,1.2955214207082487E-10,3.0604078579218166E-10,2.56133219349522E-4,2.774562045274137E-4,45259.89091585209,55165.90389357491,38699.82607145827
1.85E-6,1.85E-6,3.4865548496163683,5.5E-8,15588.172178202905,18447.240437838664,0.5353425915751004,2.4380894585668225,202180.95258390467,208977.67228313914,323.91110114705685,0.20404395697624378,2.782791035635583E-6,5.778895559246054E-8,0.0016473577422748801,1.3755196837763606E-5,33.72536764551569,0.0022427603416872444,8.560496991425612E-11,5.2682415023053184E-8,1.5076272840794742E-9,3.006779701742377E-10,1.3059356640959263E-10,3.0731535841926435E-10,2.5880312818190996E-4,2.865246543931205E-4,44329.34132328465,53578.148232431326,38024.031888038604
1.8625000000000002E-6,1.8625000000000002E-6,3.510112652654317,5.5E-8,15801.652287800283,18374.145631296487,0.5411139772518023,2.461252322937044,199720.111257457,206395.39936718906,323.5117086586976,0.20867600449706217,2.8150695227879496E-6,5.6134003598513457E-8,0.0016630083263088136,7.828875440054616E-6,-10.159566658289805,0.011680853310735984,9.009129624429426E-11,5.261913054985031E-8,1.5508839554300612E-9,3.129273363160967E-10,1.3166870320960558E-10,3.088482774503723E-10,2.4636579092256867E-4,2.958917543126816E-4,43292.07747150569,51885.82729294997,37288.67563663904
1.8750000000000003E-6,1.8750000000000003E-6,3.5336704556922656,5.5E-8,15991.771783280374,18261.03529341567,0.5469353605053957,2.4805243339763954,197189.54190135153,203806.56651653702,323.10752480920394,0.21334029372053157,2.847566300116553E-6,5.452605344649354E-8,0.0016760299553894562,6.264615810493979E-6,7.87209107052513,4.365224946241142E-4,9.449292189871365E-11,5.255488784706927E-8,1.5953298625905687E-9,3.2497415285777185E-10,1.3277468934936054E-10,3.1064056600004596E-10,2.381825411950702E-4,3.055446004518997E-4,42128.44463953892,50040.263448433114,36431.181236476266
1.8875000000000001E-6,1.8875000000000001E-6,3.557228258730214,5.5E-8,16158.328277396338,18130.577626346778,0.5527980136834529,2.4963283978481083,194681.18436845462,201216.43866662896,322.69918139677225,0.21802841252328659,2.880234096241324E-6,5.296606674166978E-8,0.0016867083769243976,6.526654573661972E-6,1.0631973329573157,0.0039671037854986935,9.881141767853141E-11,5.248969540398379E-8,1.6409250803359642E-9,3.36747976489955E-10,1.3390876781758997E-10,3.126945669597126E-10,2.3242205937358169E-4,3.1547578373263853E-4,40863.64736373697,48194.1213378844,35573.53193302261
1.9000000000000002E-6,1.9000000000000002E-6,3.5807860617681624,5.5E-8,16301.036261559568,17958.236975892585,0.5586942126030308,2.5090429945345374,192176.22688415347,198629.19772183584,322.2872487438556,0.22273214751870962,2.9130314362801413E-6,5.1454533098294765E-8,0.001695299320631444,5.96336876242276E-6,-7.652884261602594,0.0069068495645296935,1.0304881102980906E-10,5.2423550628437344E-8,1.6876331813261579E-9,3.481810101605188E-10,1.350683976962198E-10,3.1501707077000417E-10,2.2725635309186806E-4,3.256785263180574E-4,39524.56406488376,46456.55118396185,34620.61529255372
1.9125000000000003E-6,1.9125000000000003E-6,3.6043438648061112,5.5E-8,16417.593176298717,17726.501418871623,0.5646170367473738,2.518962590782387,189672.32640835154,196049.00840577527,321.8723284470235,0.22744443475693904,2.9459215629341644E-6,4.9991488878498935E-8,0.00170200175052864,5.279919874681127E-6,-11.811245843450706,0.007580025346214825,1.0720366128216763E-10,5.235656366424562E-8,1.735420162551056E-9,3.5920837028831853E-10,1.362512087897396E-10,3.176205058519653E-10,2.2304678197935726E-4,3.3614645966534886E-4,38139.60153429283,44720.07237164534,33579.3748749818
1.925E-6,1.925E-6,3.627901667844059,5.5E-8,16507.258848070047,17488.072468663588,0.5705601531446937,2.5262897225083445,187177.45603798772,193479.66813965308,321.4549754318184,0.2321587781794878,2.9788711573689276E-6,4.857664955091928E-8,0.001706952515208341,4.74390854932949E-6,-15.617373249790035,0.008396702252298383,1.1126917245718494E-10,5.228882527158071E-8,1.7842530990755197E-9,3.697710073950696E-10,1.374549410068502E-10,3.205211359060222E-10,2.1990231675180137E-4,3.4687333875786164E-4,36737.928269199976,42916.42470725372,32504.454287494576
1.9375E-6,1.9375E-6,3.6514594708820076,5.5E-8,16573.177020158204,17275.286456573293,0.5765176008095683,2.531138451958203,184695.5678565909,190924.63964690236,321.03571280737583,0.23686900548789466,3.0118490908626777E-6,4.720951426741608E-8,0.0017102286837555427,4.223872875286361E-6,-19.581257112452477,0.009337944115259234,1.152321684362091E-10,5.2220410333044076E-8,1.8340986386998E-9,3.798196024290148E-10,1.386773757693867E-10,3.237356392082887E-10,2.177046833958662E-4,3.578527164447416E-4,35346.7237753332,41118.08343225884,31394.888279123188
1.95E-6,1.95E-6,3.6750172739199556,5.5E-8,16618.09175541155,17061.238647024627,0.5824835981459382,2.533549553064748,182229.44341152982,188387.19574249757,320.6150557269766,0.2415691955067318,3.044825332309513E-6,4.588943642144512E-8,0.0017118578061248299,3.691529352778389E-6,-23.226196862926372,0.010128106196930275,1.1907322442225196E-10,5.215139745450304E-8,1.8849215202240265E-9,3.893160445396897E-10,1.399162691121599E-10,3.2727885258392904E-10,2.164248251835999E-4,3.6907761775007174E-4,33987.55791124471,39265.86492561073,30275.48390462175
1.9625000000000003E-6,1.9625000000000003E-6,3.698575076957905,5.5E-8,16643.466326135243,16850.45461707061,0.5884523979141325,2.5335145777137345,179782.2464256443,185870.47669701962,320.1935188432589,0.24625357753400995,3.0777701269086743E-6,4.4615675399669286E-8,0.0017118341741309017,3.161787489176504E-6,-26.58637313570398,0.010807737580876164,1.227679539468473E-10,5.2081868299887595E-8,1.9366833466164287E-9,3.982309759689615E-10,1.4116929859431426E-10,3.3116427677421643E-10,2.160754870610943E-4,3.805402657306912E-4,32674.645990672067,37340.33728863193,29190.185380646937
1.975E-6,1.975E-6,3.722132879995853,5.5E-8,16651.401620605244,16648.28458691443,0.5944182011231594,2.531001013333225,177357.0842674797,183377.51364246994,319.7716200039579,0.25091646588683175,3.110653506673072E-6,4.338742917752446E-8,0.0017101358198197466,2.6372619652192953E-6,-29.74624232833594,0.011418549418692692,1.2628888057354414E-10,5.201190647757372E-8,1.9893417595211667E-9,4.065399788622578E-10,1.4243403173961835E-10,3.3540551350046306E-10,2.1666621401390901E-4,3.9223189269085623E-4,31414.973723035982,35578.40627759297,28135.141872344964
1.9875E-6,1.9875E-6,3.7456906830338013,5.5E-8,16643.199796100656,16438.63888459986,0.6003751283524638,2.5259758724957435,174956.87124886565,180911.23555255577,319.34988151308477,0.2555522484418975,3.1434451223070544E-6,4.220385027190688E-8,0.001706740454389016,2.1186898135283626E-6,-32.69742881676848,0.011957189204281349,1.2960765054468898E-10,5.194159810073926E-8,2.042850062275405E-9,4.1422218401637896E-10,1.4370791788946493E-10,3.400151347763231E-10,2.1820091348203276E-4,4.041426490638992E-4,30208.436192584304,34129.35828899435,27081.106426508464
2.0000000000000003E-6,2.0000000000000003E-6,3.76924848607175,5.5E-8,16619.902100191266,16234.547545040652,0.6063172436395069,2.5184263347047713,172584.38093659736,178474.45548975992,318.92882759531267,0.26015541593442826,3.1761143659945457E-6,4.106404970285465E-8,0.0017016394153410617,1.6104914472236943E-6,-35.40476883497922,0.012415369679843025,1.3269740017759838E-10,5.187103155969562E-8,2.0971573084709683E-9,4.212619045991405E-10,1.449883032995979E-10,3.4500056591926575E-10,2.2067349385789686E-4,4.162616156612928E-4,29048.979198733028,32887.93623167879,26026.61279950365
2.0125000000000002E-6,2.0125000000000002E-6,3.7928062891096985,5.5E-8,16582.954600710378,16025.525734623983,0.6122386195149431,2.5083736114692776,170242.24351110827,176069.84093674333,318.5089788122959,0.26472062000529434,3.2086307196786947E-6,3.996709379689452E-8,0.0016948470347765388,1.1186482268499277E-6,-37.83292276121574,0.012787567827160728,1.3553477746602527E-10,5.1800296520377896E-8,2.1522088075244038E-9,4.276504388199533E-10,1.462724660564689E-10,3.503603733091074E-10,2.240615191609158E-4,4.2857691026495695E-4,27926.914832283324,31717.493227431274,24961.79642855667
2.025E-6,2.025E-6,3.8163640921476465,5.5E-8,16531.64407863498,15781.106464592065,0.6181334246820056,2.4958782253091165,167932.91450568222,173699.8776758571,318.090844939891,0.26924274563075024,3.240964225798121E-6,3.891199868616219E-8,0.0016864042062899435,6.490227860922459E-7,-39.95066435390254,0.013069559175676204,1.3810124450995066E-10,5.172948264040589E-8,2.207946917842996E-9,4.333851597162561E-10,1.4755766339379485E-10,3.5608418513729736E-10,2.2832383647606366E-4,4.4107586104424006E-4,26831.5676159076,30640.04614665094,24011.94357457331
2.0375E-6,2.0375E-6,3.839921895185595,5.5E-8,16465.682652041047,15541.694091408328,0.623996013221881,2.481036045460162,165658.64933638994,171366.8363725049,317.67491783341575,0.273716981269635,3.2730859642675023E-6,3.789772666023264E-8,0.0016763757063920012,2.0643760436200865E-7,-41.738326511972446,0.013259968963382107,1.4038338264029628E-10,5.165867826414018E-8,2.2643119495437406E-9,4.3846595753458594E-10,1.4884118200037644E-10,3.6215640015392095E-10,2.3340247296549377E-4,4.537452076677208E-4,25754.048785489646,29679.6691557417,23047.976861113675
2.0500000000000003E-6,2.0500000000000003E-6,3.8634796982235438,5.5E-8,16387.06263387902,15306.577068505596,0.629820997925858,2.4639699651225477,163421.4812592852,169072.74865409528,317.2616655420834,0.2781388733097296,3.304968440886285E-6,3.6923186864939706E-8,0.0016648445710287486,-2.0558783106139345E-7,-43.189401561966406,0.013360805637887552,1.4237256951399057E-10,5.1587969310243597E-8,2.321243007918555E-9,4.4289134862386617E-10,1.5012038260565678E-10,3.685608561254193E-10,2.39226818746918E-4,4.6657129223895844E-4,24687.100612348615,28721.17091828697,22079.329346584702
2.0625E-6,2.0625E-6,3.887037501261492,5.5E-8,16294.744461446131,15019.76437032968,0.6356033078411453,2.4448252772664705,161223.20041266928,166819.3921175967,316.851527688474,0.2825043653001727,3.336585888631916E-6,3.598723935286602E-8,0.0016519089711259935,-5.843776510516818E-7,-44.3044873395429,0.013375765379748827,1.440649005829713E-10,5.151743836509443E-8,2.3786787608560974E-9,4.466567837414531E-10,1.5139273738486344E-10,3.7528288341425563E-10,2.457169286194923E-4,4.7954023582919377E-4,23623.702368381713,27700.540106722005,21128.755689303107
2.075E-6,2.075E-6,3.91059530429944,5.5E-8,16186.56408015414,14708.526521997264,0.6413382388436589,2.4237679988225094,159065.34087972468,164608.28025551295,316.4449114772212,0.28680982903642943,3.3679145307793533E-6,3.508870030797311E-8,0.0016376810802854792,-9.278474993834607E-7,-45.08841648618818,0.013309428882848806,1.4546133501191128E-10,5.1447163852283056E-8,2.4365582014644963E-9,4.4975657620356335E-10,1.5265586346096748E-10,3.823073776114266E-10,2.5278556428034586E-4,4.926381162701406E-4,22556.621013016716,26540.757533585984,20215.094134047227
2.0875000000000003E-6,2.0875000000000003E-6,3.9341531073373894,5.5E-8,16062.589197466117,14380.515738312817,0.647021501843518,2.400984471123634,156949.17185444018,162440.65518647185,316.0421880133023,0.2910520912472634,3.398932831348059E-6,3.422634738166923E-8,0.0016222868048132663,-1.234378579084705E-6,-45.54871120990265,0.013166827932366232,1.4656791157180784E-10,5.1377219230281356E-8,2.494821444299425E-9,4.5218801766340103E-10,1.5390755422230532E-10,3.896145262364774E-10,2.603397140866156E-4,5.058511557107718E-4,21478.107853983318,25158.597322214362,19311.327842465456
2.1000000000000002E-6,2.1000000000000002E-6,3.9577109103753374,5.5E-8,15921.136078537033,13996.176370335581,0.6526454072621061,2.373287316361305,154864.73759410338,160318.9459388073,315.64397972949587,0.2952256052103998,3.4296006823365663E-6,3.339948692148419E-8,0.001603572511054936,-8.012811731816782E-7,-33.3109740693817,0.009000882903080765,1.4697265485598803E-10,5.1307744228510546E-8,2.553370044364652E-9,4.5395983027468985E-10,1.551423822970757E-10,3.9717595310099777E-10,2.611835164352897E-4,5.191567020425774E-4,20386.898667012134,23639.614669818984,18408.067946255414
2.1125E-6,2.1125E-6,3.981268713413286,5.5E-8,15759.609387902421,13571.267294014104,0.6582023714233118,2.344299741262245,152831.94448030108,158245.35683862874,315.25085212802367,0.29932508795258583,3.459878585275671E-6,3.260737767170548E-8,0.001583986311663679,-5.834133571624989E-7,-26.084877238054105,0.006543532691267728,1.470986336165643E-10,5.123882057597541E-8,2.6121016675852128E-9,4.550607779809503E-10,1.5635833316479426E-10,4.049532690789994E-10,2.6169558912587134E-4,5.325310492040969E-4,19229.54550360084,21900.593639157432,17510.882377457237
2.125E-6,2.125E-6,4.004826516451234,5.5E-8,15577.69481716187,13135.71397678018,0.6636900193612199,2.3145030032739102,150848.9593849912,156220.05030485,314.8630211178767,0.3033492520039186,3.489755398702002E-6,3.184855929497745E-8,0.00156385338059048,-4.798168286868077E-7,-21.837193956853298,0.005127676334012676,1.4699933707754224E-10,5.1170501894417895E-8,2.670965369314273E-9,4.5549461653908387E-10,1.5755412008500756E-10,4.128997049858983E-10,2.6209168035806947E-4,5.459620634942019E-4,18006.711555723625,19954.02952750426,16577.675781537786
2.1375000000000003E-6,2.1375000000000003E-6,4.028384319489183,5.5E-8,15376.636001036293,12701.458743936759,0.669106917294531,2.2842795933286175,148914.25444821367,154242.78852887254,314.4806281104982,0.30729758373571925,3.519225025400996E-6,3.1121521222484257E-8,0.0015434321576544713,-4.431315198871744E-7,-19.23421041697111,0.004274231297728193,1.467199212717658E-10,5.1102827505086586E-8,2.7299189602383206E-9,4.552735173781958E-10,1.587288795570767E-10,4.2096451325112674E-10,2.624235778739084E-4,5.594395493697484E-4,16725.766635871943,18068.712558182215,15578.726517266634
2.15E-6,2.15E-6,4.051942122527131,5.5E-8,15158.036105335934,12268.20703466248,0.6744524467391418,2.253948216465296,147026.57894071567,152313.0042252637,314.10375032783617,0.3111702298183788,3.5482857143354712E-6,3.0424732754448954E-8,0.0015229379840981732,-4.4420611970963365E-7,-17.54443918789184,0.0037270619721709863,1.463005186183688E-10,5.103582503504442E-8,2.7889283737616863E-9,4.5441396258007047E-10,1.598821225251023E-10,4.2909911037937694E-10,2.6271132561861286E-4,5.729551268848403E-4,15399.069362468763,16211.211956195462,14586.323882101535
2.1625E-6,2.1625E-6,4.0754999255650795,5.5E-8,14923.019906094556,11829.760493291253,0.6797266575035699,2.2237575328607897,145184.7577725456,150429.872474775,313.7324120328561,0.31496786731517323,3.5769392527174162E-6,2.9756670967732032E-8,0.0015025388735545877,-4.654960352468152E-7,-16.366880300217417,0.003349092446569557,1.4577456478069782E-10,5.096951235681339E-8,2.8479666670188484E-9,4.5293282852458E-10,1.610136690483059E-10,4.3726300926014755E-10,2.6296537174491067E-4,5.865020218235391E-4,14044.115170444524,14420.459685069694,13555.508766945562
2.1750000000000004E-6,2.1750000000000004E-6,4.099057728603029,5.5E-8,14672.715340165998,11394.987493129924,0.6849300923165216,2.1938768652506484,143387.6184711605,148592.38855357518,313.3665976697485,0.3186915583520235,3.605190008874717E-6,2.911584730588547E-8,0.001482349233277465,-4.966442050147179E-7,-15.481819335785985,0.003066972061077422,1.4516676828243288E-10,5.090389986879824E-8,2.90701255085589E-9,4.508456177458328E-10,1.6212356891678963E-10,4.4542719654294646E-10,2.6319220258422114E-4,6.000747436397553E-4,12681.474244214383,12823.959151869845,12476.907649262044
2.1875000000000002E-6,2.1875000000000002E-6,4.122615531640976,5.5E-8,14408.843410253136,10969.564840369112,0.6900635953476024,2.1643925244870683,141633.98615265213,146799.44665257257,313.00626601587396,0.3223425987371462,3.6330438923131004E-6,2.8500831509422523E-8,0.0014624273814101813,-5.316530770471672E-7,-14.768684708978071,0.0028413998460337098,1.4449185221551782E-10,5.083899297963689E-8,2.9660485626618712E-9,4.4816746642389174E-10,1.6321201587348006E-10,4.5357392302054705E-10,2.6339636058522205E-4,6.136686764551417E-4,11333.816423690956,11603.932972195018,10862.760775259667
2.2E-6,2.2E-6,4.146173334678925,5.5E-8,14132.952272034647,10548.362554028305,0.695128114843591,2.135306842143742,139922.71258030584,145049.91564164436,312.6513645996759,0.3259223681071334,3.6605072860145985E-6,2.791027208618028E-8,0.001442774893340366,-5.671147921759712E-7,-14.160834289842569,0.002651204039239019,1.4375372001840645E-10,5.077479467952323E-8,3.0250589882862167E-9,4.449163310423402E-10,1.642792609078435E-10,4.6169399918712177E-10,2.635814357300601E-4,6.272796070628429E-4,10024.510990447481,10504.173343765615,9223.03447860325
2.2125E-6,2.2125E-6,4.169731137716873,5.5E-8,13846.238173360103,10132.34737116612,0.7001245140135873,2.1065472346001384,138252.71782887838,143342.707105379,312.3018433746147,0.32943219155463277,3.687586027009519E-6,2.7342912277504888E-8,0.0014233427260811745,-6.011224134283566E-7,-13.620473117137408,0.002484695795345715,1.429460604108269E-10,5.071130802407114E-8,3.08402769884036E-9,4.4111547157334044E-10,1.6532553106596618E-10,4.697834925460683E-10,2.6375051832182864E-4,6.409032280400075E-4,8773.458813247757,9443.835527039277,7602.395884514374
2.2250000000000003E-6,2.2250000000000003E-6,4.193288940754822,5.5E-8,13550.538573047503,9739.586657947904,0.7050534167908876,2.0779858959589803,136623.0276666479,141676.8271423414,311.9576657831902,0.33287323088129556,3.714284578680036E-6,2.6797599352131264E-8,0.0014040445242966084,-6.326214149510178E-7,-13.125150391040734,0.0023350986918728722,1.4205455997263259E-10,5.064853818984313E-8,3.1429362356588702E-9,4.367939082276207E-10,1.6635096502268944E-10,4.778409886361591E-10,2.6390631565637783E-4,6.545346933687355E-4,7594.796342116462,8414.46389423109,6228.57243872121
2.2375E-6,2.2375E-6,4.21684674379277,5.5E-8,13248.646236386749,9374.130467590023,0.7099151055830575,2.0494638296836443,135032.7970028137,140051.40736356092,311.6188160403597,0.33624641610221095,3.7406054862811866E-6,2.6273286537103107E-8,0.0013847728578943543,-6.610329126033321E-7,-12.6606644980302,0.0021981963049455544,1.4105993513178362E-10,5.058649387553606E-8,3.201762392223082E-9,4.319851965942845E-10,1.6735557221784523E-10,4.858658427706416E-10,2.6405117224895594E-4,6.681682853060492E-4,6495.510480688442,7449.643198519966,5004.424015670392
2.25E-6,2.25E-6,4.240404546830718,5.5E-8,12941.691872751413,8996.127951452188,0.7147094318110631,2.0207764001995736,133481.1127487275,138465.72916074892,311.28530551541155,0.33955238748292743,3.7665489022803247E-6,2.5769032990224007E-8,0.0013653894595943065,-6.8312103977064E-7,-11.999983588385476,0.001983177764330435,1.3993584155971063E-10,5.0525188639823335E-8,3.260478867250782E-9,4.2672495070307434E-10,1.6833917299547154E-10,4.938572274743556E-10,2.6408545103140174E-4,6.817970951437972E-4,5474.754310683346,6446.806999493555,3925.3830283440225
2.2625000000000004E-6,2.2625000000000004E-6,4.263962349868668,5.5E-8,12628.122509897988,8587.744458426134,0.7194358809692118,1.9918234140483726,131967.72406038485,136919.19743671827,310.9571677867067,0.3427915502672679,3.7921129479613237E-6,2.528398741024901E-8,0.0013458266311137653,-7.029484093834526E-7,-11.458967260882673,0.0018187079106297688,1.3866978381414014E-10,5.0464639814814973E-8,3.319053771595514E-9,4.21048483630871E-10,1.693015079002191E-10,5.018129629861042E-10,2.6411499530586314E-4,6.954131329431007E-4,4524.6572978099475,5520.0627379681755,2995.3779026339535
2.2750000000000002E-6,2.2750000000000002E-6,4.287520152906615,5.5E-8,12307.671608343091,8193.37479968945,0.7240936954310071,1.9624963726172056,130492.08824041167,135411.2946826698,310.6344505624886,0.34596415873599107,3.817294384636242E-6,2.4817368445051083E-8,0.001326011062579193,-7.198912734907026E-7,-10.987067507921893,0.0016846558228422737,1.3724796171155978E-10,5.040486740545641E-8,3.3774519273145646E-9,4.1499070693681685E-10,1.7024221234672993E-10,5.097276475349177E-10,2.6414293274534806E-4,7.090076234262824E-4,3634.6766173563938,4670.606316178609,2099.7312830145815
2.2875E-6,2.2875E-6,4.3110779559445636,5.5E-8,11983.06619301932,7834.278317229635,0.7286819065738609,1.9327260390922503,129053.7469971685,133941.56872112642,310.31721329323517,0.3490703423823755,3.842088792878192E-6,2.4368455915619488E-8,0.0013058959723596286,-7.33685505167614E-7,-10.555438716024582,0.0015694113118343012,1.3566206471169307E-10,5.0345893551903655E-8,3.4356351227119167E-9,4.085865637118811E-10,1.7116085926118212E-10,5.175911930297496E-10,2.641700969105282E-4,7.225710613581503E-4,2792.3432203682037,3846.435127187983,1249.165121693175
2.3E-6,2.3E-6,4.334635758982512,5.5E-8,11656.136421751435,7479.245266269062,0.7331994327234607,1.9024859178654494,127652.28539405038,132509.59979284924,310.00552045891936,0.35211017346569107,3.866491106111776E-6,2.3936576927976695E-8,0.0012854634580171955,-7.442607274299463E-7,-10.147980786383414,0.0014663801688215017,1.339100342198539E-10,5.0287741312757824E-8,3.493563248671041E-9,4.0187055765619453E-10,1.720570015691095E-10,5.253886685221929E-10,2.6419678902196085E-4,7.360934736170607E-4,1984.2732048661576,3074.4798372201517,524.3169866430907
2.3125000000000003E-6,2.3125000000000003E-6,4.358193562020461,5.5E-8,11326.976808969082,7122.216735039946,0.7376451786335988,1.871790455506022,126287.29589889593,131114.96917268657,309.69943482299186,0.35508373320686476,3.8904961508108715E-6,2.3521093525071524E-8,0.0012647232807473123,-7.516727953316149E-7,-9.75600783901973,0.0013718416662271693,1.3199601793432093E-10,5.023043341074642E-8,3.5511955423668676E-9,3.9487643350453906E-10,1.7293021384183143E-10,5.331006531584911E-10,2.6422311913581586E-4,7.49564708776426E-4,1197.868949043047,2311.7100261864894,-142.94071510845362
2.325E-6,2.325E-6,4.381751365058409,5.5E-8,10995.459070408377,6756.144445250686,0.742018117768642,1.8406827373066417,124958.31054578476,129757.23493357003,309.3990119599445,0.3579911639972009,3.9140990924009626E-6,2.312139338325428E-8,0.0012437045522342173,-7.559492716779915E-7,-9.334053228175435,0.0012661351656504394,1.2992874557609263E-10,5.0173991191847116E-8,3.608491690384619E-9,3.8763741964332836E-10,1.7378012059814478E-10,5.407035140263517E-10,2.6423058319363624E-4,7.629746961518799E-4,421.64792633544687,1598.4545804764512,-879.3885521440676
2.3375E-6,2.3375E-6,4.405309168096357,5.5E-8,10660.67205130963,6374.369479564905,0.746317379055945,1.8092515936384619,123664.9203356284,128435.90816452546,309.10429448932166,0.360832723898501,3.937295904263091E-6,2.2736881125090744E-8,0.0012224672929989607,-7.574467836946042E-7,-8.94247291812826,0.0011747653539941894,1.277239734084762E-10,5.011843350187866E-8,3.665413060012436E-9,3.8018555946049593E-10,1.746064446073592E-10,5.48170585662923E-10,2.6423863691536797E-4,7.763137368452212E-4,-354.77405569507016,894.6229300595335,-1694.2060627755022
2.3500000000000004E-6,2.3500000000000004E-6,4.4288669711343065,5.5E-8,10322.281104504289,5991.684438718268,0.7505423223168433,1.7776026428646827,122406.58027634057,127150.43341614254,308.81530725397715,0.36360882988608195,3.96008377459815E-6,2.2366971699270305E-8,0.0012010828668004613,-7.563889346329233E-7,-8.571574220592083,0.0010931366908337736,1.2540035132842046E-10,5.0063775731485936E-8,3.7219238477359536E-9,3.7255038642084305E-10,1.7540901855867063E-10,5.554742804816928E-10,2.6424756384577135E-4,7.895727773347656E-4,-1139.4972177864402,225.25129014975627,-2593.2296179001173
2.3625000000000003E-6,2.3625000000000003E-6,4.452424774172255,5.5E-8,9980.056055036846,5592.957654312365,0.7546925756607185,1.7458578883703715,121182.82457389853,125900.18241550417,308.53205503507115,0.36632007736156824,3.982461307654432E-6,2.2011087569618694E-8,0.0011796337083583592,-7.534335165360062E-7,-8.362898939230945,0.001081392332132225,1.2297924456130695E-10,5.0010029315896175E-8,3.777991768345508E-9,3.647588603034667E-10,1.7618780251412646E-10,5.62587499964298E-10,2.6426348336137955E-4,8.027435767492432E-4,-1936.8608672047874,-434.6189483517838,-3674.001079951765
2.375E-6,2.375E-6,4.475982577210202,5.5E-8,9632.34395502329,5161.762512749393,0.7587680587920315,1.7141373612641941,119992.64026262503,124684.45074306235,308.25452151524144,0.3689672447624964,4.0044286485334926E-6,2.166865757861949E-8,0.001158200919773104,-7.47984650502076E-7,-7.986082773341877,9.974840728901313E-4,1.2048199851061465E-10,4.995720149410862E-8,3.833588574829616E-9,3.5683656602261716E-10,1.7694288483474737E-10,5.694842895821604E-10,2.642874161522947E-4,8.158188350782296E-4,-2746.722927319827,-1089.151577804355,-4872.967329701025
2.3875E-6,2.3875E-6,4.499540380248151,5.5E-8,9277.25341860714,4704.814750340808,0.7627689534737798,1.6825465863814768,118835.47751264836,123502.473052379,307.98267134009444,0.3715512741278529,4.025987323770876E-6,2.1339119642916044E-8,0.001136855801609106,-7.407921144420015E-7,-7.6341812523160115,9.23762067444045E-4,1.179280207933832E-10,4.990529561120718E-8,3.888689858188324E-9,3.488077797998316E-10,1.7767446487498685E-10,5.761413347252545E-10,2.643103561628434E-4,8.287921521520809E-4,-3566.227339558675,-1717.3131403421353,-6069.848716869453
2.4000000000000003E-6,2.4000000000000003E-6,4.5230981832861,5.5E-8,8914.631464993141,4257.945997015806,0.7666956973591207,1.6511957630203258,117710.62938803634,122353.42754928538,307.71645102847606,0.37407325727975843,4.0471402076905695E-6,2.1021921668849077E-8,0.0011156728128515715,-7.339455542876295E-7,-7.399023478421441,8.959053110970672E-4,1.1533735577562365E-10,4.9854311210169E-8,3.943275142944165E-9,3.4069361840579557E-10,1.7838286337003445E-10,5.825405258043172E-10,2.6437666307155776E-4,8.416580556039006E-4,-4391.198651046947,-2372.352827250793,-7299.823024557854
2.4125E-6,2.4125E-6,4.5466559863240485,5.5E-8,8547.031660960209,3846.351151574931,0.7705489234207518,1.6201388360888356,116617.11085685524,121236.4570765259,307.4557935394927,0.3765343919740197,4.067891196200086E-6,2.071652636375797E-8,0.0010946884027627267,-7.248630819844948E-7,-7.129537001552308,8.538732998601972E-4,1.1272205342143997E-10,4.980424503522008E-8,3.997327203963372E-9,3.3251026469647627E-10,1.7906845394272853E-10,5.886711783007782E-10,2.644398099068102E-4,8.544118447399438E-4,-5216.084987694177,-3010.260651214731,-8524.18641551979
2.425E-6,2.425E-6,4.570213789361996,5.5E-8,8176.346555460701,3435.879632813533,0.7743293866835742,1.5894267594729403,115554.09655260188,120150.69283154182,307.2006232074232,0.378935933237747,4.088244812978074E-6,2.0422416284743515E-8,0.0010739369996438787,-7.141566956647694E-7,-6.846240024728104,8.054960174987968E-4,1.1009358890947838E-10,4.9755091738249204E-8,4.050831150242367E-9,3.242689435680262E-10,1.7973167290160341E-10,5.945303392879369E-10,2.644987847019755E-4,8.670493779622819E-4,-6034.831564416715,-3683.772790839366,-9682.932544852236
2.4375000000000004E-6,2.4375000000000004E-6,4.593771592399945,5.5E-8,7802.306942788489,3020.0985918722968,0.778037935820798,1.5590873087156,114520.74927117914,119095.26349278256,306.950857960206,0.3812791724763893,4.108206057595721E-6,2.013909500342039E-8,0.0010534373707537837,-7.022145338453356E-7,-6.560762501492718,7.552277857811873E-4,1.0746002735094119E-10,4.9706844385295766E-8,4.103774092295669E-9,3.15978183986279E-10,1.803729930586927E-10,6.001207667794342E-10,2.6455361394139165E-4,8.795669966536832E-4,-6839.9992361744535,-4331.377182275511,-10794.794781378549
2.4500000000000003E-6,2.4500000000000003E-6,4.617329395437894,5.5E-8,7426.115401981463,2632.9556390444927,0.7816754691387338,1.5291471056668713,113517.52211804708,118069.30788130489,306.7064110809873,0.3835654089339186,4.127780170061658E-6,1.9866089012035206E-8,0.001033207503828967,-7.408541799236445E-7,-7.5655647270050395,0.0011577623781597879,1.0482906924501042E-10,4.965949332073966E-8,4.156144559457007E-9,3.076471055895649E-10,1.809929250979292E-10,6.054481380661177E-10,2.64638512641685E-4,8.919613891941411E-4,-7622.901101840766,-4998.767390895074,-11801.674189051062
2.4625E-6,2.4625E-6,4.640887198475842,5.5E-8,7050.07575733598,2269.074751258868,0.7852429334606508,1.4995811369499106,112540.72160651161,117071.97712266562,306.46719710091884,0.3857959453057046,4.146972625436259E-6,1.960294718680421E-8,0.0010132304979391287,-7.159516283650192E-7,-6.99484136315823,0.0010039501504266468,1.0220115095349094E-10,4.9613033492121566E-8,4.207932508096925E-9,2.9928731101714597E-10,1.8159198103308848E-10,6.105193150831375E-10,2.6483196918824435E-4,9.042295940950763E-4,-8373.867900105557,-5649.208529057119,-12657.376812924256
2.475E-6,2.475E-6,4.66444500151379,5.5E-8,6675.595273612482,1923.0997177442853,0.7887410908931223,1.4702997216302973,111591.290746213,116102.4962475881,306.23313838299185,0.38797194743034724,4.165787882092606E-6,1.9349254966434224E-8,9.93445757858309E-4,-6.944802247232929E-7,-6.547330184361272,8.937912708724127E-4,9.956779303195974E-11,4.956745587592145E-8,4.2591259167715E-9,2.9091359181180394E-10,1.821705823428796E-10,6.153416880642027E-10,2.650081444326554E-4,9.163681934007459E-4,-9084.822517798006,-6288.313037727815,-13368.241156714204
2.4875000000000003E-6,2.4875000000000003E-6,4.688002804551739,5.5E-8,6303.985605012493,1593.7204604245444,0.7921708819077611,1.4418215137270314,110684.97571748706,115159.98913046095,306.00410490688057,0.3900944626491704,4.1842313322162495E-6,1.910461039945645E-8,9.742037254912374E-4,-2.6805810155394737E-6,-22.825856833326725,0.0042568954774040435,9.700259443692224E-11,4.9522684067650554E-8,4.309716048865753E-9,2.825431542679009E-10,1.827296779964894E-10,6.199229917784901E-10,2.654279090200445E-4,9.283745596289831E-4,-9754.061339432976,-6914.897228193128,-13954.590852422645
2.5E-6,2.5E-6,4.711560607589687,5.5E-8,5935.634436292786,1266.6982688467513,0.7955349266307397,1.4141528414607798,109781.71130434098,114243.38550864096,305.77999277241975,0.39216619297044447,4.202317386712558E-6,1.8868505225457657E-8,9.555086766626891E-4,-2.2148551418865737E-6,-16.807135426416608,0.0025486313646574388,9.450921806936667E-11,4.947883568731227E-8,4.359719949188542E-9,2.741916866799297E-10,1.8327041119691238E-10,6.242715761174341E-10,2.690641557173296E-4,9.402522048164428E-4,-10364.646157513249,-7473.936970429433,-14470.820434519408
2.5125E-6,2.5125E-6,4.735118410627636,5.5E-8,5571.376002359611,969.0957705606719,0.798833695402579,1.3864026917966579,108907.02356537973,113351.97533883937,305.5606900361942,0.39418779941225596,4.220048864998558E-6,1.8640615700075875E-8,9.367585755382824E-4,-1.9325351394172686E-6,-14.712226190849833,0.0022116798009594874,9.197115054841075E-11,4.9435818780657574E-8,4.409123805851251E-9,2.658810224903144E-10,1.8379254549315674E-10,6.283965693632832E-10,2.724340800725714E-4,9.519973351753972E-4,-10911.674461329916,-8042.769217292623,-14937.695203974385
2.5250000000000004E-6,2.5250000000000004E-6,4.758676213665584,5.5E-8,5213.1779404979625,692.3071597319664,0.8020668903014923,1.3584734921213522,108057.90047469242,112485.3619977347,305.34619485551787,0.39615969160404413,4.237424444730915E-6,1.8420683364597145E-8,9.178874946765893E-4,-1.7691416167053831E-6,-13.915602490187666,0.0022108262142452872,8.937947579967287E-11,4.93936415488137E-8,4.457902652735966E-9,2.576320397411744E-10,1.8429619299334372E-10,6.323071002727713E-10,2.756183701204315E-4,9.636035090403128E-4,-11407.037255831916,-8543.126053522357,-15387.843493924398
2.5375000000000003E-6,2.5375000000000003E-6,4.782234016703533,5.5E-8,4860.534343760801,399.7553227793109,0.8052340043955336,1.3302957930708232,107233.08032958338,111643.21661630488,305.1365183394859,0.39808215267489117,4.254441668944587E-6,1.8208475353729035E-8,8.988485088316374E-4,-1.6725447693488604E-6,-13.475896606120841,0.00223443122243161,8.672942107271515E-11,4.935231431196878E-8,4.506028483470976E-9,2.4946175102439704E-10,1.8478141050499736E-10,6.360110536420693E-10,2.7866239425329234E-4,9.750635590726173E-4,-11864.410761532885,-9002.804421785944,-15896.218431803538
2.55E-6,2.55E-6,4.805791819741481,5.5E-8,4512.902831931492,125.37761507090983,0.8083344107321722,1.3018390662234383,106431.99047818944,110825.2506080162,304.9316787316143,0.39995538793651,4.271097425319428E-6,1.8003777316354225E-8,8.796209906915123E-4,-1.6092469516593156E-6,-13.101543974794367,0.002220670487290022,8.402170428723035E-11,4.9311848153051266E-8,4.553471520663786E-9,2.4138350780543273E-10,1.8524823336186106E-10,6.395144099018459E-10,2.815914376620642E-4,9.863698924895716E-4,-12298.616671372465,-9440.134145562944,-16406.839043029606
2.5625E-6,2.5625E-6,4.8293496227794295,5.5E-8,4171.908772650089,-124.6696219029301,0.8113674576649769,1.2731127592755125,105654.28589987075,110031.18926934992,304.7316952951252,0.40177958103162725,4.287388459056835E-6,1.780638635157134E-8,8.602113238348057E-4,-1.560626590588754E-6,-12.7152012952929,0.0021722337009109083,8.126249922880811E-11,4.9272253811003075E-8,4.60020164461643E-9,2.334070977388712E-10,1.8569670737708182E-10,6.42821169085261E-10,2.844168918095078E-4,9.97514830937694E-4,-12723.692553079389,-9858.605757704147,-16886.84635688344
2.5750000000000003E-6,2.5750000000000003E-6,4.852907425817378,5.5E-8,3837.309542805835,-389.74052585005705,0.8143325574984719,1.244160868654688,104899.67676035415,109260.74885786074,304.5365826778494,0.40355494661130725,4.303311849368215E-6,1.761610487847441E-8,8.406492355774918E-4,-1.517164642308444E-6,-12.303725294405922,0.0021018676409623183,7.846250017755062E-11,4.9233540725940536E-8,4.646189780046794E-9,2.2553953469709336E-10,1.8612691596994477E-10,6.459333290795352E-10,2.871415620263928E-4,0.0010084909419622785,-13151.348501779361,-10251.990915975633,-17414.636244762536
2.5875000000000002E-6,2.5875000000000002E-6,4.876465228855326,5.5E-8,3507.7080709708725,-657.2483212064678,0.8172292595836961,1.2150549233220378,104167.86248747764,108513.61874918957,304.3463463062194,0.4052817727978012,4.318865402013298E-6,1.7432735950003235E-8,8.209830562986742E-4,-1.4742705782566645E-6,-11.869699779441362,0.002019482752952939,7.563576542875966E-11,4.9195716232312095E-8,4.691409093381767E-9,2.1778585666369818E-10,1.8653900023395705E-10,6.488510456209442E-10,2.897635207494392E-4,0.00101929132664509,-13591.091895532078,-10646.53376651214,-17886.605422957575
2.6E-6,2.6E-6,4.900023031893275,5.5E-8,3183.338196426506,-911.9276536977736,0.820057306261648,1.1858860658784902,103458.5061904938,107789.44866787402,304.16097890871583,0.4069604524162633,4.334047949417931E-6,1.725607997652507E-8,8.012743688368177E-4,-1.4299452696775462E-6,-11.418340876894035,0.0019310860815173747,7.279846089525577E-11,4.915878491411607E-8,4.735835960897547E-9,2.1014962485414477E-10,1.869331719674497E-10,6.515731914621233E-10,2.922786216834283E-4,0.0010299098535506764,-14049.148490183698,-11021.676875323772,-18239.762744680917
2.6125000000000004E-6,2.6125000000000004E-6,4.923580834931224,5.5E-8,2864.090578314834,-1171.7749873328025,0.8228166663561465,1.1567539611266489,102771.22615346003,107087.84203662102,303.9804585157243,0.40859150020630586,4.348859530071226E-6,1.7085933045071384E-8,7.815905142747627E-4,-1.383628724340724E-6,-10.95548810649052,0.0018402039455645003,6.996726250232434E-11,4.912274821383295E-8,4.779450608908841E-9,2.026338683861611E-10,1.8730971882153387E-10,6.540978569980579E-10,2.94682353633995E-4,0.0010403413149676455,-14527.475543898296,-11410.166883271264,-18691.179317428552
2.6250000000000003E-6,2.6250000000000003E-6,4.9471386379691715,5.5E-8,2549.2726128119434,-1431.303815051628,0.8255075418079078,1.12775561663721,102105.59578868923,106408.35624435406,303.8047482169976,0.4101755539220344,4.363301423696789E-6,1.692208694916698E-8,7.619970382683851E-4,-1.335535801132437E-6,-10.487283258244133,0.0017490505563300118,6.715784924132809E-11,4.9087604376254135E-8,4.822237338369196E-9,1.9524227834466592E-10,1.8766900105631766E-10,6.564225699452414E-10,2.969711492887947E-4,0.001050581484016233,-15024.35427792316,-11782.161691176296,-19367.27256006363
2.6375E-6,2.6375E-6,4.97069644100712,5.5E-8,2238.764952387845,-1688.7674593353306,0.8281303500458564,1.0989758520321429,101461.1497465676,105750.50884605429,303.6337974871238,0.4117133613380115,4.377376056280112E-6,1.6764330621896232E-8,7.425512513730695E-4,-1.286298935809782E-6,-10.020199442718877,0.001659227022274834,6.438371662368163E-11,4.905334869945495E-8,4.8641843566817844E-9,1.879797493444715E-10,1.8801144150601864E-10,6.58544908979357E-10,2.991431380046801E-4,0.001060627077592205,-15534.663021270053,-12185.554197275747,-20176.91996227477
2.65E-6,2.65E-6,4.994254244045068,5.5E-8,1932.0854459897653,-1950.2694111676667,0.8306856858004567,1.0704797350898032,100837.3943399248,105113.78850709672,303.4675448214861,0.4132057557313217,4.391086794945079E-6,1.6612452637209164E-8,7.23297118303921E-4,-1.2367368438503945E-6,-9.560740771406017,0.0015720319566683294,6.165534253978293E-11,4.901997405044138E-8,4.905283260894649E-9,1.8085177318015891E-10,1.8833751061902918E-10,6.604639826687692E-10,3.011985517048067E-4,0.0010704756353246865,-16051.22544349635,-12597.240810099,-21009.873509520396
2.6625000000000003E-6,2.6625000000000003E-6,5.017812047083018,5.5E-8,1628.9661262775785,-2207.5387940831556,0.8331742711814117,1.0423103426158087,100233.81957446162,104497.66832120456,303.30592109708147,0.41465362526596855,4.404437680086838E-6,1.6466244184456375E-8,7.042637450106815E-4,-1.1876252673914679E-6,-9.114425170746472,0.001488445594098442,5.898006859977946E-11,4.8987471534115566E-8,4.945528303522866E-9,1.7386305029883815E-10,1.886477094851204E-10,6.621820150465045E-10,3.03139655793952E-4,0.0010801253457095531,-16566.71032359031,-13000.094362749644,-21856.420619131808
2.6750000000000002E-6,2.6750000000000002E-6,5.041369850120965,5.5E-8,1329.2483021852324,-2467.7595371428924,0.8355969033609895,1.0144881054443275,99649.91245944303,103901.61912672734,303.14885304156275,0.41605788177971614,4.417433144891652E-6,1.6325501951156404E-8,6.854649361110321E-4,-1.1396831054355516E-6,-8.68605009355997,0.0014092526840645547,5.6362209127343527E-11,4.895583118618094E-8,4.984915587968886E-9,1.6701694763496962E-10,1.889425536887267E-10,6.637048883872052E-10,3.0497041796478263E-4,0.0010895748545404409,-17072.96004820189,-13385.830118139851,-22700.223326266107
2.6875E-6,2.6875E-6,5.064927653158914,5.5E-8,1032.48900288038,-2726.039901548917,0.8379543998002511,0.9870100090533508,99085.17005699691,103325.12287761008,302.99626682039474,0.41741942892646317,4.4300777218872985E-6,1.6190030937634547E-8,6.668986547657776E-4,-1.0935404664280668E-6,-8.279644252556864,0.0013350893275883013,5.380317287580892E-11,4.8925042698291463E-8,5.023442193355273E-9,1.6031614313626924E-10,1.8922255813367795E-10,6.65041528920772E-10,3.066962675138037E-4,0.0010988230556038948,-17562.196572718876,-13812.655347919077,-23408.206722650837
2.7000000000000004E-6,2.7000000000000004E-6,5.088485456196863,5.5E-8,739.4452127581756,-2961.595892475442,0.8402475483235144,0.9598549171660281,98539.10970884093,102767.68433496259,302.8480912740168,0.41873913384867195,4.442375775681536E-6,1.6059646808780184E-8,6.485506197067757E-4,-1.0495671405408302E-6,-7.897241707375542,0.0012662275786885502,5.1302267616282724E-11,4.889509608383559E-8,5.061105349987033E-9,1.537629422267177E-10,1.894882244730412E-10,6.662029288897595E-10,3.0832358233489146E-4,0.0011078688927749413,-18029.53142794807,-14185.172017561275,-23970.174546085964
2.7125000000000003E-6,2.7125000000000003E-6,5.112043259234811,5.5E-8,451.5982511962692,-3176.3505539196194,0.8424770730068285,0.9329903332259207,98011.27688167154,102228.83852624819,302.70426009714896,0.42001780847742165,4.454331320640891E-6,1.593417721618729E-8,6.303988738012978E-4,-1.0079367324067335E-6,-7.539418918592673,0.001202667529253798,4.885760426154604E-11,4.886598212859112E-8,5.0979018519481804E-9,1.4735928342470146E-10,1.8974003355757595E-10,6.672013448783776E-10,3.098590302090824E-4,0.0011167112184658967,-18471.45611488604,-14557.985898126919,-24467.907447251924
2.725E-6,2.725E-6,5.135601062272759,5.5E-8,169.64709083775597,-3382.260940349503,0.8446436090735548,0.9063731024388898,97501.25153977741,101708.15580319791,302.5647134148815,0.42125619631490396,4.465947886931798E-6,1.5813462550516192E-8,6.124142584046552E-4,-9.68809992656361E-7,-7.206710662038859,0.0011444062651224662,4.646630305888871E-11,4.8837692719014325E-8,5.133827604381492E-9,1.4110734037298828E-10,1.8997844101545747E-10,6.680496045130905E-10,3.113093155679511E-4,0.0011253486840603103,-18883.72084904583,-14910.642387137786,-24876.211673894126
2.7375E-6,2.7375E-6,5.159158865310707,5.5E-8,-106.2792594741352,-3580.0330601246174,0.8467476760675948,0.8799481907434241,97008.65339606279,101205.24717831345,302.42939945935325,0.4224549584737092,4.477228377358162E-6,1.569735675846364E-8,5.945595883401515E-4,-9.323373332392748E-7,-6.899632374956127,0.0010914534607846527,4.412450459192059E-11,4.881022119821988E-8,5.168877132506783E-9,1.3501030075076246E-10,1.9020387324474145E-10,6.687604551237117E-10,3.1268117159635153E-4,0.0011337796208778937,-19262.041390570233,-15269.839708230094,-25188.231535238945
2.7500000000000004E-6,2.7500000000000004E-6,5.1827166683486565,5.5E-8,-375.6754873529318,-3760.2781082878614,0.8487896524263128,0.8536515305171084,96533.145841763,100719.7692031635,302.2982761456751,0.42361466072880477,4.48817493172963E-6,1.558572805593743E-8,5.767915746737219E-4,-8.985459940902274E-7,-6.617830459036668,0.0010436784778038444,4.182780437226442E-11,4.878356270670441E-8,5.203043104925731E-9,1.2907245325110173E-10,1.9041672440286443E-10,6.693461730462348E-10,3.1398121277468916E-4,0.0011420019243233367,-19604.1486100701,-15617.767259695693,-25436.75744040358
2.7625000000000002E-6,2.7625000000000002E-6,5.206274471386605,5.5E-8,-637.6406935619709,-3923.7071749800975,0.8507697631869532,0.8274182289598885,96074.43686068959,100251.42564911381,302.17131179517565,0.42473576815340525,4.498788861641513E-6,1.5478458917188976E-8,5.590663709188436E-4,-8.672415971489045E-7,-6.359347885732859,0.0010006699731284208,3.9572172748941436E-11,4.875771435037801E-8,5.2363160706450355E-9,1.2329852741617513E-10,1.9061735672262517E-10,6.698183788305574E-10,3.152155771154251E-4,0.0011500129892931385,-19911.5929372658,-15943.727041850518,-25665.249679231292
2.775E-6,2.775E-6,5.2298322744245525,5.5E-8,-891.9794683943124,-4083.2653629943334,0.8526880903880494,0.8011929173809241,95632.27559474201,99799.96386894381,302.0484844020361,0.4258186525349007,4.509070706862439E-6,1.5375444878048924E-8,5.413465657979217E-4,-8.380251935591332E-7,-6.120748432833352,9.617489471831497E-4,3.735496876414688E-11,4.8732675067930463E-8,5.268684578905413E-9,1.176929896118828E-10,1.9080610567450084E-10,6.701877110720837E-10,3.1638949015431057E-4,0.0011578097377683274,-20189.424684006448,-16238.15013773789,-25893.086869803603
2.7875000000000004E-6,2.7875000000000004E-6,5.253390077462502,5.5E-8,-1138.8904170448504,-4234.349650638446,0.8545446040256217,0.7749363304531421,95206.44525636407,99365.16652518502,301.92977959482835,0.4268636110993829,4.519020401788713E-6,1.5276592338168045E-8,5.236056286845555E-4,-8.104276449216741E-7,-5.8981235922083215,9.2614884428599E-4,3.517546370610323E-11,4.8708445225703934E-8,5.300135656637734E-9,1.1225977383416411E-10,1.9098328890050612E-10,6.704634783259587E-10,3.175070383344219E-4,0.0011653887328112271,-20444.248562180735,-16532.820835959414,-26068.066492525973
2.8000000000000003E-6,2.8000000000000003E-6,5.27694788050045,5.5E-8,-1378.236581245852,-4379.342184090596,0.8563392039921383,0.7486286134606072,94796.75324752872,98946.84106127877,301.8151879194792,0.42787089099282255,4.52863750061902E-6,1.5181815918537854E-8,5.0583014423014E-4,-7.839668217002327E-7,-5.687515458231246,8.930977136181184E-4,3.3034968732577504E-11,4.868502607171365E-8,5.330655489333071E-9,1.0700203741703885E-10,1.9114921640726376E-10,6.706536325452433E-10,3.1857120270640144E-4,0.0011727463420121024,-20683.969673051186,-16796.45853871486,-26229.09666001818
2.8125E-6,2.8125E-6,5.300505683538399,5.5E-8,-1610.9298359875586,-4537.677710542914,0.8580717692920062,0.7222720672064558,94403.01966685167,98544.80782329934,301.70470168369013,0.428840717365327,4.5379214413742975E-6,1.5091035583807143E-8,4.8802166703138905E-4,-7.581678910639767E-7,-5.4850485068018315,8.618361667593888E-4,3.093684712933767E-11,4.8662419096049884E-8,5.360230245439047E-9,1.0192176727809829E-10,1.913042008842383E-10,6.707649595992907E-10,3.19583934179995E-4,0.00117987893603348,-20917.163596610673,-17017.000077584464,-26473.61295011318
2.825E-6,2.825E-6,5.324063486576346,5.5E-8,-1838.1159803576893,-4695.677545648237,0.8597422091690825,0.6958894522572058,94025.06641294669,98158.88807815083,301.5983117034063,0.42977332202862983,4.54687182001852E-6,1.5004173809055867E-8,4.7019557584946335E-4,-7.326756522729738E-7,-5.287758804941404,8.317614711481625E-4,2.8886094100132676E-11,4.864062536354798E-8,5.388846953474122E-9,9.701974409264233E-11,1.914485669778036E-10,6.708033264711863E-10,3.2054633934298807E-4,0.001186783100375936,-21150.65424278891,-17221.30944668705,-26780.176244067534
2.8375000000000004E-6,2.8375000000000004E-6,5.347621289614295,5.5E-8,-2059.6380188285098,-4843.564556086624,0.8613505037214166,0.6695172267127363,93662.7086099054,97788.8947554851,301.4960047422762,0.43066896583135644,4.55548860812935E-6,1.4921153414931402E-8,4.523765045356326E-4,-7.073201322782552E-7,-5.094078986190652,8.025249513261556E-4,2.6888514597367665E-11,4.8619644985460994E-8,5.4164942165088755E-9,9.229587450154237E-11,1.9158265733769992E-10,6.707739993088322E-10,3.2145904936920026E-4,0.0011934558083493208,-21388.479708342817,-17435.337564974896,-27069.206342968522
2.8500000000000002E-6,2.8500000000000002E-6,5.371179092652244,5.5E-8,-2275.801393170492,-4998.531002516784,0.8628967282500104,0.6431991547574317,93315.74896649594,97434.62712085234,301.3977620025246,0.4315279517261806,4.5637722833430845E-6,1.4841896319596319E-8,4.3459402348475115E-4,-6.820594369116862E-7,-4.9034086916726665,7.739576909546741E-4,2.4950023367022825E-11,4.8599476807576713E-8,5.44316265820019E-9,8.774955245461029E-11,1.9170683476993633E-10,6.706818646999414E-10,3.223225648802498E-4,0.0011998945295376283,-21632.873202227383,-17658.424282471744,-27319.456998511803
2.8625E-6,2.8625E-6,5.394736895690192,5.5E-8,-2487.7088438962064,-5162.124660929476,0.8643810651391972,0.6169818046171787,92983.97511836454,97095.8683774736,301.3035584131027,0.43235063080612873,4.5717238929694526E-6,1.4766322962377518E-8,4.168795977143099E-4,-6.569388206401073E-7,-4.715801412296969,7.460102674352598E-4,2.307618455164048E-11,4.858011826048362E-8,5.468845158203815E-9,8.338003876086545E-11,1.918214816433601E-10,6.705314358195339E-10,3.2313744477879505E-4,0.0012060972875246301,-21884.31521105526,-17839.458250712738,-27637.323085935837
2.8750000000000004E-6,2.8750000000000004E-6,5.418294698728141,5.5E-8,-2696.0240580305135,-5326.444438602544,0.8658038040225595,0.5909088968689856,92667.16002372639,96772.38593227536,301.2133626591577,0.43313740185427335,4.579345054850305E-6,1.4694352325454509E-8,3.9926276815472E-4,-6.321080465454543E-7,-4.5320971436667605,7.187764196192603E-4,2.1271743109565623E-11,4.856156536061029E-8,5.493536884435545E-9,7.918694902584048E-11,1.919269971710734E-10,6.703268106246997E-10,3.2390445412749344E-4,0.0012120626685427145,-22140.928783675703,-18046.966349574792,-28085.894708105796
2.8875000000000003E-6,2.8875000000000003E-6,5.441852501766089,5.5E-8,-2900.837548739072,-5485.453720192625,0.8671653286547377,0.5650161722343864,92365.06481455603,96463.9346137245,301.127138049138,0.43388870365696175,4.586637887029522E-6,1.462590260448758E-8,3.8176768394215295E-4,-6.077802520110254E-7,-4.3536214596870195,6.924463556039484E-4,1.9540290831601192E-11,4.854381288633198E-8,5.517235090038935E-9,7.517055967034402E-11,1.9202379276577969E-10,6.700717382705163E-10,3.2462468925733136E-4,0.0012177897731587013,-22399.429637386507,-18245.55530957299,-28526.757111959672
2.9E-6,2.9E-6,5.4654103048040374,5.5E-8,-3101.943191537266,-5638.519703219853,0.8684660949168386,0.5393289069065959,92077.44340762788,96170.26177295571,301.0448439328016,0.43460500261218477,4.59360488997438E-6,1.4560892281806008E-8,3.644114235855377E-4,-5.841803955775049E-7,-4.181801376753356,6.67233386739241E-4,1.7884201226427796E-11,4.852685466966748E-8,5.53993874803695E-9,7.13317141894081E-11,1.921122865498294E-10,6.697698577576642E-10,3.252995895955251E-4,0.0012232781285278383,-22655.819317330486,-18428.397984710646,-28893.87529795628
2.9125E-6,2.9125E-6,5.488968107841986,5.5E-8,-3299.355733929655,-5790.1806497694915,0.8697066041270147,0.5138602176947877,91804.04833523792,95891.11329660495,300.9664374026825,0.43528677796562515,4.60024880370153E-6,1.4499241383759E-8,3.472028497937755E-4,-5.615372418787957E-7,-4.0181089348971,6.433658415012644E-4,1.630466352405162E-11,4.851068394731173E-8,5.561648094570365E-9,6.767152354185754E-11,1.921928979257351E-10,6.694250723786879E-10,3.2593089549844015E-4,0.001228527578305939,-22905.478944904255,-18642.26701653483,-29265.149426343767
2.9250000000000004E-6,2.9250000000000004E-6,5.512525910879934,5.5E-8,-3493.278855447148,-5941.117313228127,0.8708873732307767,0.48861022510131885,91544.63704173274,95626.24017656592,300.8918751802122,0.4359345055505451,4.606572448241017E-6,1.4440872843586637E-8,3.301420439873776E-4,-5.400649037312633E-7,-3.8639258631715165,6.210612449635278E-4,1.4801803184862162E-11,4.849529375221374E-8,5.582364107978522E-9,6.419112620495202E-11,1.922660425784473E-10,6.690418003751888E-10,3.2652059155825595E-4,0.0012335381568010927,-23143.638894269163,-18829.030252808014,-29636.607199785078
2.9375000000000003E-6,2.9375000000000003E-6,5.536083713917883,5.5E-8,-3683.9691925013276,-6092.069090038336,0.8720089041546278,0.4635661303691164,91298.97828703595,95375.40513340544,300.8211155425896,0.4365486412689893,4.612578559664097E-6,1.438571386100261E-8,3.132203583575111E-4,-5.199516762388612E-7,-3.720463115149869,6.005123387016198E-4,1.3374873784861883E-11,4.8480677315342765E-8,5.602087964250902E-9,6.089167624893811E-11,1.9233212828768022E-10,6.686249377460953E-10,3.2707083020444463E-4,0.0012383099571779813,-23365.687374470024,-19017.241080284868,-29934.25916428507
2.95E-6,2.95E-6,5.559641516955831,5.5E-8,-3871.3187012524754,-6232.324778187509,0.8730716557269749,0.43870472200923055,91066.85759260392,95138.38855613601,300.75412007832836,0.4371296061514543,4.618269639895367E-6,1.4333697099674351E-8,2.9642210946569634E-4,-5.013097158723667E-7,-3.588392302317061,5.818259621666044E-4,1.202258403570516E-11,4.8466828434834704E-8,5.6208205300285995E-9,5.777430816186719E-11,1.9239155194035726E-10,6.681797025338471E-10,3.2758384609232185E-4,0.0012428430085481721,-23568.74548712614,-19209.856707229013,-30126.574590746375
2.9625000000000004E-6,2.9625000000000004E-6,5.5831993199937795,5.5E-8,-4054.520862929753,-6358.348461551028,0.8740760252878834,0.4139975348433259,90848.08074060384,94914.9922071297,300.6908548242543,0.4376777768222557,4.623647858430653E-6,1.4284761388908512E-8,2.797280640833283E-4,-4.841591662341216E-7,-3.4677181008432854,5.649882140268403E-4,1.0743521790454152E-11,4.8453741717369294E-8,5.6385620211061166E-9,5.483996139675184E-11,1.9244469839554365E-10,6.677114793309022E-10,3.2806180707373606E-4,0.0012471371929694028,-23751.539695390464,-19385.100360761953,-30249.908873297652
2.9750000000000003E-6,2.9750000000000003E-6,5.606757123031728,5.5E-8,-4233.281770132639,-6482.017551632832,0.8750223386713215,0.3894121838055908,90642.47623182357,94705.04103839037,300.6312908700858,0.4381934805611398,4.62871499889101E-6,1.4238852014456012E-8,2.6311634040918297E-4,-4.6852046040157805E-7,-3.358458207355852,5.499863087230494E-4,9.536302609311243E-12,4.844141270664319E-8,5.6553118066968014E-9,5.208951811215472E-11,1.924919407774081E-10,6.672255946281073E-10,3.2850671758116983E-4,0.0012511921976653521,-23912.32404656848,-19535.96240439483,-30353.946522549577
2.9875E-6,2.9875E-6,5.630314926069676,5.5E-8,-4407.698507984151,-6599.500415150071,0.8759108405308295,0.3649124457706172,90449.89689252939,94508.3849433906,300.57540494332653,0.4386769905586069,4.633472407407848E-6,1.419592100044695E-8,2.4656246335852513E-4,-4.5439822585535696E-7,-3.260535341909872,5.367986263316027E-4,8.399638300429439E-12,4.842983801076184E-8,5.671068219656322E-9,4.952403864949637E-11,1.9253364111396244E-10,6.667270753864795E-10,3.2892043397323356E-4,0.0012550074686784047,-24050.287091506994,-19702.862125484313,-30434.30387427369
3.0E-6,3.0E-6,5.653872729107625,5.5E-8,-4577.217954852538,-6700.41614458326,0.8767416905942372,0.34046320435179717,90270.21976712046,94324.89921792001,300.52317962313697,0.43912852438169103,4.637920972743058E-6,1.4155927116431995E-8,2.300427056431062E-4,-4.4170675593591115E-7,-3.173218662618183,5.252886082018904E-4,7.332614746319899E-12,4.841901535417955E-8,5.685828472484199E-9,4.714464250138623E-11,1.9257015174899778E-10,6.662205184931432E-10,3.293046209743117E-4,0.0012585821901456727,-24166.973761181947,-19821.180507700043,-30473.85261635402
3.0125000000000004E-6,3.0125000000000004E-6,5.677430532145573,5.5E-8,-4740.887743181127,-6785.211355456418,0.8775149721063112,0.31603496621703053,90103.34428301576,94154.48237067324,300.4746027887653,0.43954824898796324,4.642061171645269E-6,1.4118835318629475E-8,2.1353713933583145E-4,-4.3031262691783923E-7,-3.0954314862751744,5.152560435845999E-4,6.334865563241745E-12,4.8408943466976925E-8,5.69958879216722E-9,4.495234863001142E-11,1.926018178784993E-10,6.657100459221225E-10,3.296606752366973E-4,0.0012619153166283897,-24264.932636544778,-19952.922576668836,-30504.389146072415
3.0250000000000003E-6,3.0250000000000003E-6,5.7009883351835215,5.5E-8,-4898.63215645634,-6873.482444988144,0.8782307079273127,0.29160632297829847,89949.18867925428,93997.05232057984,300.4296665929618,0.4399362897944012,4.6458931551658504E-6,1.4084615854444687E-8,1.9703129930966114E-4,-4.2005414371715236E-7,-3.025901640729444,5.064680489823559E-4,5.4065877115092555E-12,4.8399621875221276E-8,5.712344695447525E-9,4.2948023375187264E-11,1.926289804467367E-10,6.651992728746246E-10,3.2998972867012954E-4,0.001265005639556586,-24347.8506818209,-20056.386215465067,-30539.657653420873
3.0375E-6,3.0375E-6,5.72454613822147,5.5E-8,-5051.4376860617185,-6967.591099961198,0.8788888832323727,0.2671669580509521,89807.6849132521,93852.54122578284,300.3883660277771,0.44029274320951833,4.649416870281586E-6,1.4053243084892509E-8,1.8051821489929195E-4,-4.1073823780379826E-7,-2.9631291490904914,4.986487242106818E-4,4.548528579929329E-12,4.839105060618294E-8,5.724091386606107E-9,4.113228709074788E-11,1.926519790313648E-10,6.646913088210865E-10,3.302926602213267E-4,0.0012678518834734092,-24420.281970802687,-20159.259982037096,-30563.732744283163
3.0500000000000004E-6,3.0500000000000004E-6,5.748103941259419,5.5E-8,-5199.319609334625,-7047.622032877022,0.8794894723275858,0.24271777608735245,89678.77320172192,93720.88948988925,300.35069723734154,0.44061769126914924,4.652632203524017E-6,1.402469414406696E-8,1.6399849735631924E-4,-4.0219555629050775E-7,-2.905793256881225,4.915511925567273E-4,3.7618253225914646E-12,4.8383229838132994E-8,5.73482423366394E-9,3.950546685301679E-11,1.926711543381852E-10,6.64188838485064E-10,3.3057012355981166E-4,0.0012704528214006615,-24486.226015794113,-20243.394207298676,-30615.99970884926
3.0625000000000003E-6,3.0625000000000003E-6,5.771661744297367,5.5E-8,-5341.799711593412,-7123.3102570246965,0.8800324638795748,0.2182701013652326,89562.39649491488,93602.04018955147,300.31665593702047,0.4409112153192953,4.6555391160866275E-6,1.3998947702477336E-8,1.4747979821975175E-4,-3.942699574110975E-7,-2.852680266561947,4.849516149256772E-4,3.047811478860934E-12,4.8376159573043984E-8,5.744539220484293E-9,3.8067515304285747E-11,1.926868498057911E-10,6.636942741160109E-10,3.308226224223346E-4,0.0012728073844677674,-24549.82074126429,-20310.21477676548,-30717.18772834109
3.075E-6,3.075E-6,5.795219547335315,5.5E-8,-5479.564552579437,-7207.185154578023,0.8805178854306,0.19384536100294,89458.49525818117,93495.93370846786,300.2862358808505,0.44117340923918485,4.658137775086508E-6,1.3975982784952744E-8,1.3097659527225677E-4,-3.868243130966675E-7,-2.8027166140659574,4.7864584250945086E-4,2.4078470103875673E-12,4.836983931809818E-8,5.753233389020065E-9,3.6817882500023365E-11,1.9269941240535137E-10,6.632099314008871E-10,3.3105055336168747E-4,0.0012749147692225316,-24614.45038811671,-20365.205122105308,-30819.29806436772
3.0875E-6,3.0875E-6,5.818777350373264,5.5E-8,-5613.1784570458185,-7287.584594379244,0.8809458222326464,0.16947030114584385,89367.00399587778,93402.50364123318,300.25942768581615,0.44140438954591477,4.660428654399985E-6,1.3955777870512047E-8,1.1450696023367827E-4,-3.798126230947219E-7,-2.755501460700998,4.725482094656286E-4,1.8430551099080227E-12,4.8364267838984623E-8,5.76090518143039E-9,3.5755538319323043E-11,1.9270919245456782E-10,6.627381772871836E-10,3.312542470180235E-4,0.00127677452070864,-24680.949344247503,-20436.088339551578,-30907.3845519539
3.1000000000000004E-6,3.1000000000000004E-6,5.842335153411213,5.5E-8,-5742.590580490685,-7364.087165517374,0.8813163316174253,0.14501882006335512,89284.05718841836,93321.71376376327,300.23623541297167,0.4416043213233249,4.662412077560216E-6,1.393831363364793E-8,9.79856892319967E-5,2.0033113941053672E-7,1.1193309046293507,-1.1705635797554237E-4,1.351287333500245E-12,4.835946309667953E-8,5.767552907379611E-9,3.487868511531845E-11,1.9271651335529788E-10,6.622815021832733E-10,3.3170894630045434E-4,0.0012783861610060788,-24748.125714566402,-20494.391412858404,-30997.503184012312
3.1125000000000003E-6,3.1125000000000003E-6,5.86589295644916,5.5E-8,-5867.886890401816,-7436.424959606196,0.8816290403348425,0.12048318006545042,89218.08219586003,93253.56902904338,300.21665475134796,0.44177289895797506,4.664086056928001E-6,1.392359721216474E-8,8.140755409827731E-5,9.601792442026635E-8,0.39833561052500954,6.578915971999777E-7,9.33714324876518E-13,4.8355388587445906E-8,5.773167509409884E-9,3.4187454879028957E-11,1.9272170916939302E-10,6.618425000555305E-10,3.316631869929821E-4,0.0012797474350785879,-24820.02830026273,-20528.75623796134,-31092.80146719985
3.125E-6,3.125E-6,5.889450759487109,5.5E-8,-5988.925516899063,-7503.627447573555,0.8818841220614093,0.09609541470382552,89164.10765306183,93198.0241111031,300.2006865138452,0.4419103531326459,4.665451535030528E-6,1.3911607623379247E-8,6.492933425934156E-5,3.7999227231466647E-8,0.008944761995280714,6.127395555566295E-5,5.944884437010637E-13,4.835206594466282E-8,5.777750107883852E-9,3.3680894347172155E-11,1.927251725953422E-10,6.614237994246446E-10,3.316437701369291E-4,0.0012808585644598239,-24896.734280112938,-20595.861316975217,-31192.398387020796
3.1375000000000005E-6,3.1375000000000005E-6,5.913008562525058,5.5E-8,-6106.372005098485,-7585.031706523749,0.8820819531904377,0.07188087664546566,89122.17922629525,93154.97148151678,300.1883046111056,0.4420169210915937,4.66651053575685E-6,1.3902318157853196E-8,4.8568159895584904E-5,5.888765315376077E-9,-0.19981793311080764,9.203956992109852E-5,3.3285651048390615E-13,4.8349489530273256E-8,5.781305841516715E-9,3.335654596556161E-11,1.9272726180217787E-10,6.610280152736278E-10,3.316372971240201E-4,0.0012817207544134508,-24973.44955141012,-20655.801884834636,-31311.505829062353
3.1500000000000003E-6,3.1500000000000003E-6,5.9365663655630065,5.5E-8,-6221.398843166463,-7670.688819902063,0.8822229602825438,0.04785410476633286,89092.26980684322,93124.29876100719,300.1794804821395,0.442092859608907,4.667265349449925E-6,1.3895701844850522E-8,3.2333854571846525E-5,-1.1830972965753971E-8,-0.3108831709937476,1.073109170022235E-4,1.4759681168964797E-13,4.834765335990581E-8,5.783841126223605E-9,3.3211864081720137E-11,1.9272832969235315E-10,6.606577472535127E-10,3.3163679943068155E-4,0.0012823355292944404,-25045.174398700394,-20701.54878888987,-31436.077144828036
3.1625000000000002E-6,3.1625000000000002E-6,5.960124168600954,5.5E-8,-6333.597876634789,-7740.128482471196,0.8823075892587263,0.02401660757619833,89074.31656573944,93105.89517710594,300.1741849358284,0.4421384281196731,4.667718368040459E-6,1.3891732853965975E-8,1.622743755148536E-5,-2.1666378557938516E-8,-0.36987311346501883,1.1466089116041189E-4,3.7186635196521865E-14,4.8346551377200535E-8,5.785363094259376E-9,3.324413946481752E-11,1.9272872213332974E-10,6.603155953920788E-10,3.316384560969432E-4,0.0012827045963844292,-25106.990170141664,-20738.70145298285,-31520.237267483735
3.175E-6,3.175E-6,5.9836819716389025,5.5E-8,-6442.309685681633,-7804.820062760406,0.8823362328830908,3.2071516264866527E-4,89068.08765440446,93099.66747066467,300.1723929310213,0.44215385086776127,4.667871696929278E-6,1.38903898290163E-8,2.1669943422207114E-7,-1.3437540360428101E-8,-0.23622795123719698,7.416283140315727E-5,6.632004952142853E-18,4.8346178780552275E-8,5.785878281317673E-9,3.345042358388316E-11,1.927287766668034E-10,6.600041629566328E-10,3.3164421289572934E-4,0.0012828295273105911,-25154.69366294594,-20802.235229654238,-31576.23293878082
3.1875000000000004E-6,3.1875000000000004E-6,6.007239774676852,5.5E-8,-6547.759808572581,-7870.715309057406,0.8823092430630705,-0.02321643767680524,89073.75781364714,93105.53583232354,300.1740817476278,0.44213931931196643,4.66772722083409E-6,1.3891655307445744E-8,1.5686782214057594E-5,-9.156812410537896E-9,-0.16281882545445114,5.139091891237513E-5,3.475018865612682E-14,4.834653025924545E-8,5.7853928389231166E-9,3.3827901207400137E-11,1.9272882602452215E-10,6.597260188233848E-10,3.3164717113688116E-4,0.001282711809332961,-25186.247284728393,-20840.609031412107,-31619.55986015997
3.2000000000000003E-6,3.2000000000000003E-6,6.0307975777148,5.5E-8,-6650.074334733966,-7931.998958155482,0.8822269677503661,-0.046618435918367104,89091.23040461648,93123.42716875076,300.1792298663272,0.44209501714140936,4.667286801418412E-6,1.3895513891390489E-8,3.1498943188085884E-5,-7.293779589190308E-9,-0.12453960058246594,3.8702385086963886E-5,1.4007476400312293E-13,4.834760134116952E-8,5.7839131905814845E-9,3.437328295081673E-11,1.9272919528426524E-10,6.594835769742515E-10,3.316483949878356E-4,0.0012823530042705385,-25199.72543129933,-20861.44553443243,-31628.671300972186
3.2125E-6,3.2125E-6,6.054355380752748,5.5E-8,-6748.930503697307,-7983.455969589439,0.8820897030487013,-0.06989623247806014,89121.09145348649,93153.28337812079,300.18781824429004,0.4420210874128013,4.666552020878504E-6,1.3901954539820959E-8,4.722718410679739E-5,-6.263389366267803E-8,-0.7642956752342798,2.0454012244996989E-4,3.147380915634707E-13,4.83493863960831E-8,5.781445163639372E-9,3.508335431571208E-11,1.9273020279141916E-10,6.592789215809507E-10,3.31614118220101E-4,0.0012817545378099341,-25194.47535228233,-20894.11125424044,-31616.831301659488
3.2250000000000005E-6,3.2250000000000005E-6,6.077913183790697,5.5E-8,-6843.856293169456,-8026.442489163431,0.8818977333878831,-0.09307386675986028,89161.84819696464,93195.05847935182,300.19983279186886,0.4419176754278292,4.665524397264335E-6,1.3910968415058811E-8,6.288774781071641E-5,-5.310900732524715E-8,-0.6342327192533048,1.6715547645418383E-4,5.577167773844717E-13,4.8351885761696815E-8,5.777994705842839E-9,3.595479971135427E-11,1.9273216190907285E-10,6.591136971727738E-10,3.316153292770078E-4,0.0012809178731129852,-25170.623933370203,-20894.654178337198,-31567.265410372576
3.2375000000000003E-6,3.2375000000000003E-6,6.101470986828645,5.5E-8,-6934.655284530074,-8063.836940186593,0.88165122618655,-0.11620002810404602,89214.31626843805,93248.73206869503,300.21526304500577,0.44178483868226964,4.6642048202394565E-6,1.3922554193172913E-8,7.85135325027338E-5,-4.893446245546329E-8,-0.5699530131391839,1.4741330716816492E-4,8.685732104505463E-13,4.8355095004722274E-8,5.773565987642721E-9,3.698454925114495E-11,1.9273538611871475E-10,6.589891041557207E-10,3.3161100183669474E-4,0.0012798440505483789,-25128.97868189157,-20882.342968218625,-31439.92823945208
3.2500000000000002E-6,3.2500000000000002E-6,6.125028789866594,5.5E-8,-7021.10304617176,-8093.099934641466,0.8813502743700823,-0.1392987259408411,89278.47042803434,93314.30680692004,300.2341051801171,0.4416225936334629,4.662593778944001E-6,1.3936715805159317E-8,9.412076077083859E-5,-4.801544974952776E-8,-0.5435616079439569,1.3744352828481965E-4,1.2469339164283781E-12,4.835901304732249E-8,5.768162165846845E-9,3.816985899982597E-11,1.9274018655544275E-10,6.589059355413668E-10,3.3160233058896176E-4,0.0012785338728375022,-25070.71541901082,-20879.64613530835,-31261.444330850896
3.2625E-6,3.2625E-6,6.148586592904541,5.5E-8,-7103.1922538235995,-8122.737305713839,0.8809949182682939,-0.16239002822170182,89354.31399779116,93391.80182224157,300.25635907199353,0.44143092089665853,4.660691479124522E-6,1.3953461498390637E-8,1.0972299204169042E-4,-4.915962975360344E-8,-0.5395979386858016,1.329481194876081E-4,1.692553645490344E-12,4.836363948001352E-8,5.761785777510073E-9,3.950811812862555E-11,1.9274687414416553E-10,6.588646445465149E-10,3.3158996342533964E-4,0.0012769880005595298,-24997.872773862007,-20837.305924669978,-31066.21717027903
3.2750000000000004E-6,3.2750000000000004E-6,6.172144395942491,5.5E-8,-7181.364185985258,-8151.730919178076,0.8805851584693002,-0.18548729738769937,89441.87057698905,93481.24996165425,300.2820274994677,0.44120977215303747,4.658497911918918E-6,1.397280325556415E-8,1.2532925499168877E-4,-5.168426497448309E-8,-0.5494412871380518,1.315647855104629E-4,2.2051896747937683E-12,4.83689744069261E-8,5.754438971911162E-9,4.099678183588431E-11,1.9275576013062725E-10,6.588654725053019E-10,3.31574236070345E-4,0.0012752070084091544,-24913.292744351627,-20804.00212557151,-30871.034090597463
3.2875000000000003E-6,3.2875000000000003E-6,6.195702198980439,5.5E-8,-7255.2869283444,-8166.229419125521,0.880120973114801,-0.20859623152780638,89541.17736330055,93582.69407442358,300.31111506910264,0.4409590794362644,4.6560129464138714E-6,1.3994756007726028E-8,1.4094339968095026E-4,-5.519656738783851E-8,-0.5682694386018738,1.3199224833826406E-4,2.7844764381265794E-12,4.8375018227498055E-8,5.746123822223931E-9,4.2633252967280454E-11,1.9276715602814305E-10,6.589086066776441E-10,3.3155530605766796E-4,0.0012731914607722926,-24819.771449159914,-20752.313891754067,-30698.110683816853
3.3E-6,3.3E-6,6.2192600020183875,5.5E-8,-7324.576221013033,-8180.191886131757,0.8796023359093068,-0.2317148669270401,89652.27964713228,93696.18312823138,300.34362709091636,0.4406787648136993,4.653236426025945E-6,1.4019336811883663E-8,1.565640992750271E-4,-5.9466863007173745E-8,-0.5933544234085275,1.335073627863892E-4,3.429812996336669E-12,4.8381771405723097E-8,5.7368426490762666E-9,4.44147708141392E-11,1.927813730291771E-10,6.589943159860413E-10,3.315332295464351E-4,0.0012709419901578145,-24720.195168529062,-20685.36548119901,-30533.76735173894
3.3125000000000005E-6,3.3125000000000005E-6,6.242817805056336,5.5E-8,-7390.251602594795,-8208.688123297072,0.8790292340755855,-0.2548338491050243,89775.22607085195,93821.76831424728,300.37956845403005,0.44036875006837756,4.650168264600871E-6,1.4046564025063837E-8,1.7218503317907049E-4,-6.43579357983981E-8,-0.6231340956533131,1.3570478477831216E-4,4.140260876824944E-12,4.838923423812172E-8,5.726598341448333E-9,4.633831837602167E-11,1.9279872090410139E-10,6.591230607982822E-10,3.3150800955059187E-4,0.0012684593749388187,-24616.961047055127,-20616.623910441383,-30370.29032340017
3.3250000000000004E-6,3.3250000000000004E-6,6.266375608094284,5.5E-8,-7453.197128038434,-8236.840394645518,0.8784016830929391,-0.2779389370256062,89910.06499911455,93959.49982479683,300.41894270028985,0.44002896468698977,4.646808525299163E-6,1.4076456621438149E-8,1.8779657907135554E-4,-6.978784853117758E-8,-0.6567366310905527,1.3836684484402895E-4,4.914527687658594E-12,4.8397406662345576E-8,5.715394617723192E-9,4.8400492858314665E-11,1.928195066011001E-10,6.59295571858968E-10,3.314796195418845E-4,0.0012657446025287145,-24511.24862642487,-20536.829133658794,-30250.090454474113
3.3375000000000002E-6,3.3375000000000002E-6,6.289933411132233,5.5E-8,-7513.191905369042,-8257.35266636272,0.8777197354355396,-0.3010130168417471,90056.84229586668,94109.42491337516,300.46175147082903,0.43965935065121925,4.643157467370442E-6,1.4109033784460557E-8,2.03387173541721E-4,-7.570385761823672E-8,-0.6936567201264552,1.4137515189815986E-4,5.7509775055281385E-12,4.8406288143390227E-8,5.703236177125168E-9,5.059746746163691E-11,1.9284403285932847E-10,6.595128425019302E-10,3.3144801534201013E-4,0.0012627989059317102,-24404.06804961575,-20461.32367941859,-30174.04387426462
3.35E-6,3.35E-6,6.313491214170181,5.5E-8,-7570.274601626005,-8280.763249522119,0.8769834877137578,-0.3240356532382384,90215.59953622882,94271.58627413452,300.5079940496695,0.439259866411132,4.639215584387374E-6,1.4144314565511408E-8,2.1894300894475567E-4,-8.206603411053947E-8,-0.7335540626395414,1.4465669438834539E-4,6.647576924789205E-12,4.841587758013421E-8,5.6901288203971635E-9,5.292510623734887E-11,1.928725967029905E-10,6.597760427341113E-10,3.314131478293144E-4,0.001259623792780502,-24296.668706495926,-20356.880118711335,-30079.681784459128
3.3625000000000004E-6,3.3625000000000004E-6,6.3370490172081295,5.5E-8,-7624.891261149782,-8304.74328829758,0.8761930879253532,-0.34698397791670077,90386.37232630167,94446.02036277318,300.55766689692643,0.4388304909692527,4.6349836430786425E-6,1.4182317526451225E-8,2.3444863372750052E-4,-8.884446430101889E-8,-0.7762172588454632,1.481746121108074E-4,7.6018945440427E-12,4.842617320984682E-8,5.676079570000593E-9,5.5379020617795735E-11,1.929054877352712E-10,6.600864406268019E-10,3.3137497038762773E-4,0.0012562210741946978,-24189.308801713265,-20280.651173449136,-29958.946415234346
3.3750000000000003E-6,3.3750000000000003E-6,6.360606820246078,5.5E-8,-7676.86579662185,-8319.865062851888,0.8753487371067205,-0.3698363342509136,90569.18984279559,94632.75691795071,300.61076353059696,0.4383712249761342,4.630462692190197E-6,1.422306064004352E-8,2.498894150344011E-4,-9.60196861399254E-8,-0.821572601844764,1.519293251295295E-4,8.611246299282867E-12,4.843717258538211E-8,5.66109668830006E-9,5.795451324516648E-11,1.9294298674116534E-10,6.604453188482973E-10,3.313334330196273E-4,0.0012525928688667128,-24080.705563305033,-20189.972514734676,-29843.009732207116
3.3875E-6,3.3875E-6,6.384164623284026,5.5E-8,-7725.923083772284,-8332.97142044706,0.8744506822905926,-0.39257563103916354,90764.07618779747,94831.82038513177,300.66727495313194,0.4378820871290948,4.625654024804187E-6,1.4266561603906698E-8,2.652538047561916E-4,-1.0357997297205657E-7,-0.8696460446835772,1.559487936368953E-4,9.672888258255126E-12,4.844887266562456E-8,5.645189539998876E-9,6.064654473164212E-11,1.929853650841758E-10,6.60853862327581E-10,3.312884731833601E-4,0.0012487415693927556,-23968.660449532865,-20091.674538867326,-29708.32706168804
3.4000000000000005E-6,3.4000000000000005E-6,6.407722426321975,5.5E-8,-7772.359411537707,-8347.60865948558,0.8734992034053821,-0.41519120320799646,90971.0530695865,95043.23268861759,300.7271904594178,0.4373631072648498,4.620559108214735E-6,1.4312838451369668E-8,2.805345967621598E-4,-1.1151933293263028E-7,-0.920531671577919,1.6027842341514997E-4,1.078418580331403E-11,4.846126998480317E-8,5.628368347445326E-9,6.344969041681159E-11,1.9303288492595067E-10,6.613131072320523E-10,3.3124001139308586E-4,0.0012446697826696768,-23850.460744357573,-19990.904191851438,-29555.337363506034
3.4125000000000004E-6,3.4125000000000004E-6,6.431280229359923,5.5E-8,-7816.0322511146405,-8351.586330011294,0.8724945968501054,-0.43767979050151856,91190.1432504207,95267.01677114695,300.7904986562475,0.4368143175978802,4.615179495990142E-6,1.4361910336217365E-8,2.9572958817670173E-4,-1.1983653578795383E-7,-0.9743758401973537,1.6497639267676334E-4,1.1942761620800404E-11,4.847436086510988E-8,5.610643888865785E-9,6.635808730800588E-11,1.9308580017753316E-10,6.618239340115023E-10,3.311879471546019E-4,0.0012403802565180589,-23723.226506428593,-19895.092239649217,-29411.712946494692
3.4250000000000002E-6,3.4250000000000002E-6,6.454838032397872,5.5E-8,-7856.440700391309,-8351.145934010297,0.8714371579925324,-0.4600454633629764,91421.37426745905,95503.2004212648,300.85718855339735,0.43623574330192516,4.609516734249609E-6,1.4413798389432392E-8,3.108415292993084E-4,-1.285336419698524E-7,-1.031352744491869,1.7010471267298044E-4,1.3146594498961022E-11,4.8488141643428275E-8,5.592027180500643E-9,6.936550057012537E-11,1.9314435803310882E-10,6.623869914019483E-10,3.311321533283832E-4,0.0012358758024815667,-23584.287420713434,-19776.777036664284,-29228.414707272186
3.4375E-6,3.4375E-6,6.47839583543582,5.5E-8,-7894.143882513728,-8360.606729847965,0.8703271646301316,-0.4822989858705089,91664.78202260628,95751.81994665961,300.9272505987547,0.4356273935303831,4.603572273071421E-6,1.4468526553187897E-8,3.2587769315574924E-4,-1.3761572915882427E-7,-1.0916595935891564,1.7572807253252165E-4,1.4394078166643976E-11,4.8502608885561255E-8,5.5725291794032864E-9,7.24654278258127E-11,1.9320880087204193E-10,6.630026140553724E-10,3.3107247062567284E-4,0.0012311592237183539,-23431.232258356984,-19672.96892079214,-28974.948740697204
3.4500000000000004E-6,3.4500000000000004E-6,6.501953638473768,5.5E-8,-7929.580835206314,-8363.671536531088,0.8691648623001771,-0.5044567686759842,91920.41402166882,96012.92350121091,301.0006776020558,0.43498925335300154,4.5973473877767335E-6,1.452612235104616E-8,3.4084916802431365E-4,-1.4708932809526233E-7,-1.1554999715240228,1.819103081412976E-4,1.568403977259936E-11,4.851775957649045E-8,5.5521605228265665E-9,7.56511522369321E-11,1.932793683773485E-10,6.636708190079801E-10,3.3100870385230027E-4,0.0012262332518452822,-23262.299256564493,-19547.665918271443,-28712.68080043855
3.4625000000000003E-6,3.4625000000000003E-6,6.525511441511717,5.5E-8,-7961.903407925867,-8349.692655906108,0.8679504543980744,-0.5265375858334531,92188.33155782301,96286.57339988505,301.07746536022483,0.43432127823594696,4.590843125936763E-6,1.4586617447644932E-8,3.557686390766575E-4,-1.5695534074211538E-7,-1.2230021346958893,1.8869301849200326E-4,1.7015593756978756E-11,4.8533591248215437E-8,5.5309313559290285E-9,7.891594146622381E-11,1.9335629942592502E-10,6.643912957530057E-10,3.309406281199351E-4,0.0012211005052423268,-23077.521542568535,-19420.574748719788,-28470.794631076868
3.475E-6,3.475E-6,6.549069244549665,5.5E-8,-7990.340774129511,-8326.4825125391,0.866684102452799,-0.5485577155406874,92468.60974895352,96572.84619505938,301.1576126441034,0.43362339403760836,4.584060308758992E-6,1.4650047723996118E-8,3.7064710509505906E-4,-1.6720563124295042E-7,-1.2941822848024458,1.9608595683706653E-4,1.8387839225104118E-11,4.8550101975079954E-8,5.508851339947543E-9,8.225339465855287E-11,1.934398328857791E-10,6.651633587241809E-10,3.308680094748287E-4,0.0012157634910612268,-22878.413891835156,-19272.840731500106,-28197.880217877682
3.4875000000000005E-6,3.4875000000000005E-6,6.5726270475876145,5.5E-8,-8014.789236322653,-8302.345781932336,0.8653659346990786,-0.5705291793667521,92761.33587569479,96871.83088855633,301.24112066035013,0.4328955015618458,4.576999576904986E-6,1.4716452944502732E-8,3.8549268876131895E-4,-1.7782961592160973E-7,-1.3690333934637238,2.040936388150172E-4,1.9799702344287933E-11,4.8567290260524995E-8,5.485929805489053E-9,8.565754459449151E-11,1.9353020725237195E-10,6.659859633429888E-10,3.307906099670177E-4,0.0012102246423201877,-22666.367732222512,-19114.52464236543,-27881.69397516632
3.5000000000000004E-6,3.5000000000000004E-6,6.596184850625562,5.5E-8,-8035.873004070063,-8286.413410737407,0.863996055715709,-0.592459981010805,93066.607384059,97183.62688160539,301.32799244379316,0.43213748173325867,4.56966144202356E-6,1.4785876365638141E-8,4.003107979802736E-4,-1.8881428374584177E-7,-1.4475352467452467,2.1271935926492347E-4,2.1249899349085668E-11,4.8585154910017534E-8,5.46217592282642E-9,8.91227223446634E-11,1.9362765989659314E-10,6.668578355220557E-10,3.3070818102445674E-4,0.0012044863590657245,-22442.929601058582,-18957.049817339906,-27568.422126285364
3.5125000000000003E-6,3.5125000000000003E-6,6.6197426536635104,5.5E-8,-8054.0882481063045,-8265.753638890163,0.8625745571607085,-0.6143529301462485,93384.52955672293,97508.34164362433,301.41823217726545,0.4313492014286241,4.562046344168293E-6,1.4858364280206767E-8,4.1510333117989763E-4,-2.0014018573988325E-7,-1.5296085107493127,2.219529842566459E-4,2.2736800962549442E-11,4.8603694889650164E-8,5.437598889003943E-9,9.264346432300452E-11,1.9373242589468218E-10,6.677776565969173E-10,3.3062048056825777E-4,0.0011985510535363285,-22210.102257849474,-18785.87335523021,-27243.28238470398
3.525E-6,3.525E-6,6.643300456701459,5.5E-8,-8068.731814779935,-8229.286230888796,0.861101530311049,-0.6362057190700091,93715.21283691039,97846.0879236491,301.5118443926052,0.43053052037624984,4.554154718896194E-6,1.493396545571042E-8,4.298687291013575E-4,-2.1178602992222296E-7,-1.6151692272651417,2.3178599446271875E-4,2.4258379424203118E-11,4.862290916074344E-8,5.4122081431498106E-9,9.621438265840274E-11,1.9384473630323027E-10,6.687441980768295E-10,3.305272791983165E-4,0.0011924212020592772,-21969.329469464505,-18594.59259670382,-26892.40632813956
3.5375000000000004E-6,3.5375000000000004E-6,6.666858259739408,5.5E-8,-8079.4636537101815,-8193.553153897661,0.8595770762075318,-0.6580125064651061,94058.7706038404,98196.9814543898,301.6088333189223,0.429681296809314,4.5459870515546074E-6,1.5012730677150408E-8,4.446030449088555E-4,-2.2373022076749294E-7,-1.7041528521331202,2.422194400324429E-4,2.581227825950339E-11,4.864279654560064E-8,5.386013536848036E-9,9.982998581171269E-11,1.9396481649102047E-10,6.697563961424398E-10,3.304283482428085E-4,0.001186099386002321,-21721.614204735524,-18414.52945469853,-26552.041041102926
3.5500000000000003E-6,3.5500000000000003E-6,6.690416062777356,5.5E-8,-8086.8210476788245,-8159.90884554698,0.8580013136274809,-0.6797639739164767,94415.31730216408,98561.13910431418,301.70920236464326,0.42880139198735095,4.537543919946994E-6,1.5094712385129316E-8,4.5929998237599775E-4,-2.3594596214593367E-7,-1.7964538997221098,2.532468494260698E-4,2.739578300110949E-11,4.866335562164337E-8,5.3590254638613294E-9,1.0348456870942718E-10,1.9409288457325008E-10,6.708134688645589E-10,3.303234664189485E-4,0.001179588322828443,-21468.251690378773,-18210.548403224242,-26195.318999940355
3.5625E-6,3.5625E-6,6.713973865815304,5.5E-8,-8090.876362153228,-8121.181284846852,0.8563743878797649,-0.70144700411785,94784.96640888078,98938.67678859491,301.8129535426338,0.4278906752520391,4.528826041421479E-6,1.5179964254546142E-8,4.7395067845800674E-4,-2.4840265126613305E-7,-1.8919392684929335,2.6485718296154204E-4,2.9005764353534912E-11,4.8684584604461414E-8,5.331255000750254E-9,1.0717211459717665E-10,1.9422914951787403E-10,6.719150503480996E-10,3.3021243687916693E-4,0.0011728908996966284,-21210.25942652585,-18010.31160522227,-25817.210508224853
3.5750000000000005E-6,3.5750000000000005E-6,6.737531668853253,5.5E-8,-8091.71859674559,-8083.471086436233,0.8546964775277502,-0.7230468822557523,95167.82889891895,99329.70780318709,301.9200870224633,0.4269490280070825,4.519834308875686E-6,1.5268540862411997E-8,4.885451907133461E-4,-2.6107417056664416E-7,-1.9905462209580946,2.7706150657458295E-4,3.063883419904962E-11,4.870648125752711E-8,5.302714008610863E-9,1.1088612088922337E-10,1.9437380940143193E-10,6.730611984837498E-10,3.3009507475310895E-4,0.0011660101975948434,-20947.44518386255,-17806.31466510414,-25485.714728197385
3.5875000000000004E-6,3.5875000000000004E-6,6.761089471891202,5.5E-8,-8089.626628083475,-8044.529670010546,0.8529677952257565,-0.7445494265964915,95564.01287790456,99734.34248589049,302.0306010549784,0.4259763444618289,4.510569795231369E-6,1.5360497651527634E-8,5.030739368895213E-4,-2.7393583451384984E-7,-2.0922487596963038,2.89883146683767E-4,3.229152474943588E-11,4.8729042878993445E-8,5.273415131992329E-9,1.1461957204537972E-10,1.9452705055983655E-10,6.742522569359469E-10,3.2997118684314716E-4,0.001158949490615859,-20679.4756617217,-17571.623908891394,-25181.556073079995
3.6000000000000003E-6,3.6000000000000003E-6,6.784647274929149,5.5E-8,-8084.684136037599,-8004.455358257591,0.8511885871708805,-0.76594022026095,95973.62346079244,100152.68818235905,302.1444919837908,0.4249725316244873,4.5010337504932565E-6,1.5455890962967168E-8,5.175271758519933E-4,-2.86958236870305E-7,-2.1969714694760114,3.033340881040125E-4,3.396023705442279E-11,4.8752266306609354E-8,5.24337177327105E-9,1.183652161289677E-10,1.946890469953502E-10,6.754886523887419E-10,3.298405899616826E-4,0.0011517122392911143,-20406.38551161285,-17364.348915225106,-24856.948521468963
3.6125E-6,3.6125E-6,6.808205077967098,5.5E-8,-8077.137515870122,-7965.427589225441,0.8493591333156268,-0.7872052966770405,96396.76264500883,100584.84901839717,302.2617542064887,0.42393750974476574,4.491227602888641E-6,1.5554778024723593E-8,5.318954707277301E-4,-3.0011556759745874E-7,-2.304687598068085,3.1744034825775813E-4,3.5641312576125694E-11,4.877614791218217E-8,5.212598079126438E-9,1.221157039324533E-10,1.9485995967585562E-10,6.767707034099082E-10,3.297031073263218E-4,0.0011443020868214112,-20127.38957783726,-17140.127239157286,-24539.096388868937
3.6250000000000004E-6,3.6250000000000004E-6,6.831762881005047,5.5E-8,-8067.192528285667,-7926.094249774511,0.8474797440235379,-0.8083328766135999,96833.52990164545,101030.92650039555,302.38238036296195,0.42287121076302586,4.481152940943188E-6,1.5657217130352268E-8,5.461708625767567E-4,-3.133856407089297E-7,-2.415424634844385,3.3224259413389134E-4,3.733120951384689E-11,4.8800683642715984E-8,5.181108866604647E-9,1.2586354793210026E-10,1.9503993653181879E-10,6.780985166430851E-10,3.295585443905614E-4,0.0011367228407469106,-19841.492520964337,-16911.57328617237,-24208.23469478796
3.6375000000000003E-6,3.6375000000000003E-6,6.855320684042995,5.5E-8,-8055.070753757254,-7887.391145228528,0.845550755050644,-0.8293131320954041,97284.02309576729,101491.02052242357,302.5063616319305,0.4217735757968557,4.470811486575746E-6,1.5763267915239186E-8,5.60346710875273E-4,-3.26745572181153E-7,-2.5292010062285044,3.477797731048504E-4,3.9026511255965944E-11,4.882586908354949E-8,5.148919521853345E-9,1.2960115878877545E-10,1.9522911288665672E-10,6.794719802608296E-10,3.294067017283147E-4,0.0011289784480592979,-19547.858146214803,-16665.535016106223,-23825.123469760158
3.65E-6,3.65E-6,6.878878487080943,5.5E-8,-8040.589620255416,-7837.737431151562,0.8435725226091545,-0.8501386654138156,97748.33953120824,101965.23037389985,302.63368802347753,0.420644552644887,4.460205068622994E-6,1.587299163942273E-8,5.74418017171497E-4,-3.401767445154746E-7,-2.6460867640489596,3.641039725206241E-4,4.072399894695119E-11,4.8851699520122454E-8,5.116045901618141E-9,1.333208531753193E-10,1.954276120074119E-10,6.80890719419944E-10,3.292473689131357E-4,0.0011210729710158464,-19245.23792580546,-16431.23450130097,-23428.831162163275
3.6625000000000005E-6,3.6625000000000005E-6,6.902436290118892,5.5E-8,-8022.9616004599,-7777.288214489451,0.8415454167951338,-0.8708050448211259,98226.57732148819,102453.65616598315,302.7643487789701,0.41948409232027994,4.449335587578739E-6,1.5986451574901183E-8,5.883817870413013E-4,-3.5366275582759957E-7,-2.766180578001695,3.8127409256860645E-4,4.242073205585378E-11,4.887817002134727E-8,5.0825042092834834E-9,1.3701497002782262E-10,1.9563554612151703E-10,6.82353938118067E-10,3.290803082548257E-4,0.0011130105568783121,-18932.519374890442,-16166.434255949327,-23019.159399747336
3.6750000000000004E-6,3.6750000000000004E-6,6.925994093156841,5.5E-8,-8002.350163377814,-7724.843289227702,0.8394698153935292,-0.8913100943777917,98718.83669189694,102956.40020559437,302.8983327495018,0.4182921457458725,4.438204982337476E-6,1.610371339094463E-8,6.022365502552647E-4,-3.671865647447703E-7,-2.8895692262067314,3.9934441278455246E-4,4.411400810287005E-11,4.890527551809298E-8,5.048310879578477E-9,1.4067600063533674E-10,1.958530175189856E-10,6.83860365455939E-10,3.289052615379175E-4,0.0011047954097988856,-18608.836811225978,-15921.523767987781,-22563.28704748756
3.6875000000000003E-6,3.6875000000000003E-6,6.949551896194789,5.5E-8,-7979.4533208006505,-7672.672882310551,0.8373460987374499,-0.9116538904067594,99225.22115911625,103473.56815270567,303.03562870890966,0.417068660999966,4.426815202571755E-6,1.6224845499570048E-8,6.159823583829456E-4,-3.807343750850123E-7,-3.0163768685370087,4.183780733291176E-4,4.5801384008901107E-11,4.8933010867679516E-8,5.01348248305722E-9,1.4429642272310948E-10,1.9608011957456013E-10,6.854084301420551E-10,3.287219488247598E-4,0.0010964317675208834,-18273.143772891333,-15647.643315642454,-22106.770007783973
3.7E-6,3.7E-6,6.973109699232737,5.5E-8,-7953.736915515396,-7604.225933201027,0.835174644071235,-0.9318389165166857,99745.83880132504,104005.27033624746,303.1762257016227,0.4158135802244292,4.415168178428465E-6,1.6349919449133802E-8,6.296208895383012E-4,-3.942939616763397E-7,-3.1467496263676367,4.3844360949973904E-4,4.7480710984162894E-11,4.896137092502435E-8,4.978035624749755E-9,1.4786856893530173E-10,1.9631693799442023E-10,6.869963855868518E-10,3.285300595424205E-4,0.001087923876740673,-17924.582723133404,-15384.537074877657,-21647.505772405457
3.7125000000000005E-6,3.7125000000000005E-6,6.996667502270686,5.5E-8,-7924.504632814049,-7530.51691197765,0.8329558213109014,-0.9518686428272516,100280.8031537125,104551.62276947379,303.32011330301316,0.4145268372836168,4.4032657976982255E-6,1.6479010259472087E-8,6.431544883967916E-4,-4.078469802948348E-7,-3.2807598821791544,4.595889868153069E-4,4.915000566201801E-11,4.8990350595711757E-8,4.94198686811532E-9,1.5138480238626746E-10,1.9656355187769649E-10,6.886222856681633E-10,3.2832926220395417E-4,0.0010792759746082725,-17563.080835853092,-15099.182210421655,-21144.09267179261
3.7250000000000003E-6,3.7250000000000003E-6,7.020225305308634,5.5E-8,-7892.102848564343,-7461.750193796405,0.8306899932780042,-0.9717454061025983,100830.23311575486,105112.74709055912,303.4672815912439,0.4132083579807981,4.391109906964825E-6,1.661219651334576E-8,6.56584733853107E-4,-4.2136615519439146E-7,-3.4183745886002725,4.818344075023795E-4,5.0807235260425935E-11,4.901994483042857E-8,4.905352733310083E-9,1.5483767247837225E-10,1.9682003385536215E-10,6.902840523840713E-10,3.281192312159118E-4,0.001070492288098727,-17189.187161803493,-14812.70323461859,-20646.22948197954
3.7375000000000002E-6,3.7375000000000002E-6,7.043783108346583,5.5E-8,-7856.956361840821,-7392.040369866814,0.8283775199783464,-0.9914691346274526,101394.25192123931,105688.76949260508,303.6177208553698,0.41185806264178165,4.3787023344528775E-6,1.674956021203562E-8,6.699115774509815E-4,-4.3481661208488733E-7,-3.5594757810285955,5.051788739192098E-4,5.2450176138919596E-11,4.905014856636998E-8,4.868149760487731E-9,1.5821991370424725E-10,1.9708644928936205E-10,6.919796155143783E-10,3.2789966372033947E-4,0.0010615770489670006,-16803.795295686734,-14508.181941263516,-20158.2159835895
3.7500000000000005E-6,3.7500000000000005E-6,7.067340911384531,5.5E-8,-7818.924804911498,-7314.474601512103,0.8260187659155972,-1.0110358404338664,101972.9852457472,106279.81885429237,303.77142110273587,0.4104758705334827,4.3660449291721705E-6,1.6891186437764205E-8,6.831323246174774E-4,-4.481503226827499E-7,-3.7038012401144442,5.29585604625904E-4,5.407624027393846E-11,4.908095662917525E-8,4.830394619668648E-9,1.615245860670374E-10,1.9736285467687084E-10,6.937069368039011E-10,3.2767030301175063E-4,0.0010525345198037995,-16408.475714142398,-14199.361748048794,-19632.98373108786
3.7625000000000004E-6,3.7625000000000004E-6,7.0908987144224795,5.5E-8,-7777.538834832545,-7227.909782501742,0.8236141109427982,-1.0304365279685006,102566.55847608944,106886.02390731123,303.9283713299718,0.4090617064618694,4.3531396190742066E-6,1.703716277630816E-8,6.962408972760139E-4,-4.61310687853711E-7,-3.850990226345857,5.549945048910487E-4,5.568233998156524E-11,4.9112363588281835E-8,4.792104273260195E-9,1.647452214112569E-10,1.976492950742994E-10,6.954639854362349E-10,3.2743097173419964E-4,0.0010433690325982391,-16004.636652133384,-13882.376187929794,-19096.33180737501
3.7750000000000003E-6,3.7750000000000003E-6,7.114456517460428,5.5E-8,-7732.771567468373,-7143.909970311865,0.8211639602196289,-1.0496590144539117,103175.09422511194,107507.51052356214,304.0885588446114,0.4076155069900399,4.3399884644504E-6,1.7187578753017438E-8,7.092290638202106E-4,-4.742457562656455E-7,-4.000757529988732,5.81368780146807E-4,5.7265067513320625E-11,4.914436362367774E-8,4.753296118900808E-9,1.678756123615177E-10,1.9794580153299913E-10,6.97248761158492E-10,3.2718154808855985E-4,0.0010340850224497327,-15592.774955875555,-13555.87089007221,-18563.660283255285
3.7875E-6,3.7875E-6,7.138014320498376,5.5E-8,-7685.31700826775,-7065.980283740348,0.818668750205724,-1.0686887859879854,103798.71042748586,108144.3999104105,304.25196883964634,0.406137224452951,4.326593690092613E-6,1.734252547341076E-8,7.220870175594496E-4,-4.868973458371784E-7,-4.152759737422457,6.086628670880501E-4,5.882078352359878E-11,4.9176950445277466E-8,4.713988064644926E-9,1.709096924666365E-10,1.9825238934491507E-10,6.990593325844579E-10,3.2692196076356054E-4,0.0010246870449688377,-15173.731829883978,-13204.549552456221,-18014.90636000781
3.8000000000000005E-6,3.8000000000000005E-6,7.161572123536325,5.5E-8,-7635.269041608249,-6978.502564983337,0.8161289554507343,-1.087508032446904,104437.5182435357,108796.8065240036,304.41858391053813,0.404626831549453,4.312957721761985E-6,1.7502095183066604E-8,7.348027246262865E-4,-4.991988799929459E-7,-4.306545662560893,6.368014307085446E-4,6.03455116129721E-11,4.921011720169484E-8,4.674198613038844E-9,1.7384159538803525E-10,1.985690560160375E-10,7.008938951721293E-10,3.2665223496083825E-4,0.00101517979571182,-14748.30012512696,-12866.520999064136,-17461.046219655953
3.8125000000000003E-6,3.8125000000000003E-6,7.185129926574273,5.5E-8,-7581.855795702426,-6878.210471323224,0.8135450944344862,-1.1060976684174806,105091.62040918216,109464.83613897007,304.5883836285308,0.4030843254843874,4.299083217594054E-6,1.766638085096516E-8,7.473632894712707E-4,-5.110944573516462E-7,-4.461799918627548,6.657488184762528E-4,6.183516431508191E-11,4.924385640085292E-8,4.633946926326059E-9,1.7666536825363155E-10,1.9889577938323857E-10,7.027508461851966E-10,3.263724602932302E-4,0.0010055681250066375,-14316.11461017961,-12517.837117528281,-16910.456246375717
3.825000000000001E-6,3.825000000000001E-6,7.2086877296122225,5.5E-8,-7525.0229248729165,-6783.766053894997,0.8109177298992108,-1.1244392020655816,105761.11057742668,110148.5852718502,304.7613444722918,0.4015097289179284,4.284973069958415E-6,1.7835476072659763E-8,7.597562176118795E-4,-5.225311265633082E-7,-4.618252891696102,6.954845262470144E-4,6.328576348603542E-11,4.927815990358308E-8,4.593252802846462E-9,1.7937472729407363E-10,1.9923251708129031E-10,7.04628837414926E-10,3.260827582884276E-4,9.958570315004758E-4,-13876.81503183518,-12170.131870205832,-16343.15319103436
3.8375E-6,3.8375E-6,7.23224553265017,5.5E-8,-7465.877147556381,-6701.398927638789,0.808247468249991,-1.1425139689215458,106446.07281905357,110848.14081751893,304.93743981973785,0.3999030903913207,4.27063040232675E-6,1.8009475020967707E-8,7.719688979199634E-4,-5.334496167108682E-7,-4.775541482840708,7.25962596910712E-4,6.469337099817264E-11,4.931301892962172E-8,4.5521366383006136E-9,1.8196311846163054E-10,1.9957920630390276E-10,7.065268188571379E-10,3.257833189669623E-4,9.860516520851113E-4,-13430.299418976438,-11806.271582926007,-15764.44002310006
3.85E-6,3.85E-6,7.255803335688118,5.5E-8,-7404.5117909051,-6603.182872017099,0.8055349597472856,-1.1603035628311416,107146.58117440774,111563.57945306039,305.11663988641084,0.3982644852553372,4.256058570406212E-6,1.8188472334136494E-8,7.839888938048254E-4,-5.437953812759133E-7,-4.933348619046228,7.571476535996879E-4,6.605415227899388E-11,4.934842405279143E-8,4.510619398831319E-9,1.8442372086525966E-10,1.9993576341059193E-10,7.084440034991823E-10,3.254743941232144E-4,9.761572546392873E-4,-12976.01009803498,-11439.492073205307,-15209.377832522885
3.862500000000001E-6,3.862500000000001E-6,7.279361138726068,5.5E-8,-7339.607850471999,-6489.19827601137,0.802780896719234,-1.177790686702847,107862.69953399013,112294.96753888176,305.2989117942861,0.39659401543134387,4.241261152646934E-6,1.8372563122648046E-8,7.958045180424642E-4,-5.535167900916349E-7,-5.091384839566672,7.890130356749125E-4,6.736448869734512E-11,4.938436522268409E-8,4.46872256342695E-9,1.8674957696229443E-10,2.0030208410377855E-10,7.103796593012032E-10,3.251562759209857E-4,9.661792234595109E-4,-12513.369475049174,-11063.44828506952,-14650.446090451596
3.875E-6,3.875E-6,7.302918941764015,5.5E-8,-7271.65452973146,-6394.941948104244,0.7999860113576587,-1.194958709592108,108594.4815465202,113042.36112277432,305.48421966883524,0.39489180892331066,4.226241938517212E-6,1.8561842999412044E-8,8.074045335081811E-4,-5.625585133373079E-7,-5.249296581546332,8.21512720394324E-4,6.862094293027926E-11,4.9420831792161874E-8,4.426468060581028E-9,1.8893386377519748E-10,2.0067804380142243E-10,7.123329088994222E-10,3.2482931180404716E-4,9.561230433488182E-4,-12042.050994165533,-10682.9770487318,-14031.809668558086
3.8875000000000005E-6,3.8875000000000005E-6,7.3264767448019645,5.5E-8,-7202.051697245025,-6304.085186507962,0.7971509339407999,-1.2119153527945818,109341.43106246257,113805.84470187695,305.6725349355952,0.39315793616546435,4.211004166541429E-6,1.8756417757844947E-8,8.18861724861204E-4,-5.310597023822084E-7,-4.829148216763315,6.83597399898872E-4,6.983448960906593E-11,4.945781569496098E-8,4.383876115665428E-9,1.9096988260688829E-10,2.0106361603046252E-10,7.143026940804755E-10,3.247725991508979E-4,9.459937870429417E-4,-11561.545115408515,-10295.655361327199,-13402.35041476061
3.9E-6,3.9E-6,7.350034547839911,5.5E-8,-7129.908105985722,-6188.915133552394,0.7942763124569064,-1.2285245413163832,110104.44398776145,114585.49584642581,305.8638252402295,0.3913924744788893,4.195551166900709E-6,1.8956395505655434E-8,8.300841495380968E-4,-5.158307671138118E-7,-4.651986035144546,6.178688206741612E-4,7.098820966934955E-11,4.9495305324605355E-8,4.340967069628044E-9,1.9285211102387817E-10,2.0145860320595755E-10,7.162877196291208E-10,3.247097774855781E-4,9.35796548295022E-4,-11073.676688658321,-9909.347407787547,-12798.934421684457
3.9125E-6,3.9125E-6,7.3735923508778605,5.5E-8,-7054.327698403973,-6072.512344574793,0.7913629969162502,-1.2447626734602255,110883.43803041356,115381.3384991456,306.05804582573643,0.3895956323341417,4.179887352486258E-6,1.9161873589022303E-8,8.410558604460983E-4,-5.093791773447265E-7,-4.613214754091132,5.939614223109402E-4,7.207822050019912E-11,4.953328850430304E-8,4.297764085433968E-9,1.9457522887611788E-10,2.018628200429553E-10,7.182863431287946E-10,3.2464004154673855E-4,9.255370838298185E-4,-10577.563697181498,-9502.051455032228,-12152.672920402407
3.9250000000000005E-6,3.9250000000000005E-6,7.39715015391581,5.5E-8,-6975.956712430704,-5961.929095066319,0.7884118851280252,-1.2606103097841599,111678.35847816872,116193.38154332303,306.2551481378531,0.3877676524656633,4.1640173904127355E-6,1.937294875641471E-8,8.51763722827135E-4,-5.075827019140888E-7,-4.650662273272246,5.931333673281358E-4,7.310127103471667E-11,4.957175224098611E-8,4.25429077494459E-9,1.9613411625907056E-10,2.0227605900230763E-10,7.202966180011187E-10,3.2456509505308055E-4,9.152212474627165E-4,-10072.446589608973,-9089.247626160834,-11474.75020778226
3.9375E-6,3.9375E-6,7.420707956953757,5.5E-8,-6894.871371066869,-5843.492230706052,0.7854239183629201,-1.2760494776470874,112489.16380094078,117021.6192823799,306.4550800955704,0.38590881039464847,4.147946178917767E-6,1.958971724426192E-8,8.621955930047888E-4,-5.080789590294898E-7,-4.72971533463533,6.050978502152304E-4,7.405444547010903E-11,4.961068283563861E-8,4.210571101220252E-9,1.975238849998813E-10,2.0269809103661156E-10,7.22316389998897E-10,3.2448633389745517E-4,9.048549660133834E-4,-9557.930829423045,-8674.598508065752,-10813.550126053293
3.95E-6,3.95E-6,7.444265759991706,5.5E-8,-6810.782649881005,-5720.87637964348,0.7824000792910036,-1.291062987944722,113315.8132071594,117866.03126891772,306.6577861954059,0.3840194142165849,4.131678836495301E-6,1.981227470181895E-8,8.723398567194068E-4,-5.095081441197635E-7,-4.831046551383224,6.242025532863238E-4,7.493509539876164E-11,4.9650065935922115E-8,4.1666293161974565E-9,1.9873995117845856E-10,2.031286661136691E-10,7.243432933492124E-10,3.2440469381219897E-4,8.944442236778999E-4,-9033.50760081646,-8257.88775741593,-10134.305043919403
3.962500000000001E-6,3.962500000000001E-6,7.467823563029655,5.5E-8,-6723.579469234243,-5592.318106762438,0.7793413895760579,-1.3056349556931914,114158.25976593042,118726.58222298273,306.86320763303814,0.3820998041448568,4.115220689188744E-6,2.0040716133327766E-8,8.82185780873778E-4,-5.110823491349947E-7,-4.943819879745206,6.473404555507045E-4,7.574090929165909E-11,4.9689886582802945E-8,4.122489894612105E-9,1.9977793052655225E-10,2.035675140136949E-10,7.263748127618788E-10,3.243208001606539E-4,8.839950455595412E-4,-8498.575019149901,-7816.359982511553,-9431.808797007436
3.975E-6,3.975E-6,7.4913813660676025,5.5E-8,-6633.085278662629,-5460.603539545922,0.7762489072767704,-1.3197501830279565,115016.44654304894,119603.22200720111,307.0712824360858,0.38015035190182467,4.098577256850562E-6,2.0275135848888533E-8,8.917230966405112E-4,-5.123376401172663E-7,-5.061854161962401,6.727772635066742E-4,7.646984794770015E-11,4.973012925399967E-8,4.078177466661028E-9,2.0063359442228511E-10,2.0401434529162867E-10,7.284084225802222E-10,3.2423510731872533E-4,8.735134809569945E-4,-7953.0473655484875,-7387.6111270711735,-8727.766445484145
3.9875E-6,3.9875E-6,7.514939169105552,5.5E-8,-6539.56431716192,-5330.710127544156,0.7731237272384188,-1.3333924176716723,115890.3036014234,120495.88475316954,307.28194539542335,0.3781714619739637,4.0817542555058746E-6,2.0515627179179755E-8,9.0094082275113E-4,-5.12992396863865E-7,-5.181481651918148,6.995093636383842E-4,7.711994922366867E-11,4.9770777865393393E-8,4.0337167947691114E-9,2.0130304601588392E-10,2.0446885145637796E-10,7.304416330312935E-10,3.2414799799502917E-4,8.630055971340996E-4,-7397.437908420478,-6933.792547065934,-8027.2158044265325
4.000000000000001E-6,4.000000000000001E-6,7.5384969721435,5.5E-8,-6443.085786067908,-5194.411705616862,0.769966985427849,-1.346542873648692,116779.74483034808,121404.48682142793,307.49512772925794,0.37616357539718726,4.064757620975279E-6,2.076228185445523E-8,9.098262659788459E-4,-5.128675252308312E-7,-5.300376731596771,7.269146612784994E-4,7.768916563654113E-11,4.981181571963859E-8,3.989132805799083E-9,2.0178286128986592E-10,2.0493070404534607E-10,7.32472035086837E-10,3.240598453867474E-4,8.524774861896806E-4,-6832.600102080464,-6476.656301169609,-7331.038942792692
4.0125E-6,4.0125E-6,7.562054775181448,5.5E-8,-6343.3671027295895,-5053.076854537532,0.7667798652497493,-1.3591801947374111,117684.66471757731,122328.92410588486,307.710756610204,0.3741271748949652,4.047593543225031E-6,2.1015189169128158E-8,9.183649964441968E-4,-5.118443564811059E-7,-5.416968524629738,7.545839267848464E-4,7.817537212433433E-11,4.985322542850148E-8,3.9444506484761515E-9,2.0206999135958126E-10,2.053995531321054E-10,7.34497414206128E-10,3.239710509050798E-4,8.419352778209366E-4,-6259.031368397919,-6017.095839519525,-6595.567911979953
4.0250000000000004E-6,4.0250000000000004E-6,7.585612578219397,5.5E-8,-6240.528157782234,-4912.405366830805,0.7635636020189531,-1.3712817850479182,118604.93581769586,123269.06977275215,307.92875481385215,0.3720627889499088,4.030268490858696E-6,2.1274435220591757E-8,9.265417466539987E-4,-5.09841051012927E-7,-5.530123822534733,7.822284744349872E-4,7.857653199171469E-11,4.9894988859404354E-8,3.899695721551339E-9,2.0216159332240392E-10,2.058750263889379E-10,7.365157797333114E-10,3.2388204349196253E-4,8.313851451057151E-4,-5676.914860782766,-5546.272841751824,-5833.434209527225
4.037500000000001E-6,4.037500000000001E-6,7.6091703812573455,5.5E-8,-6134.772956313634,-4769.875580761484,0.7603194861000733,-1.382823275928559,119540.40654155532,124224.77231042954,308.14904045633835,0.36997099510185844,4.012789228494788E-6,2.154010219078879E-8,9.343400513030805E-4,-5.067935632041554E-7,-5.638845960593244,8.095912673269368E-4,7.889064765546684E-11,4.993708709999857E-8,3.854893681091987E-9,2.0205517711241596E-10,2.063567285847848E-10,7.385252968612498E-10,3.2379329644498223E-4,8.208333053182993E-4,-5087.054284394721,-5051.228624174115,-5141.128490891514
4.05E-6,4.05E-6,7.632728184295293,5.5E-8,-6026.143958822274,-4624.792613613461,0.7570488688944229,-1.3937772060529636,120490.89824474129,125195.85266546787,308.37152653759756,0.36785242515746247,3.995162849552851E-6,2.1812267327314786E-8,9.417413554411916E-4,-5.026483363224088E-7,-5.742166298991833,8.364132864002727E-4,7.911562509973747E-11,4.997950038633108E-8,3.810070484982743E-9,2.0174883562418765E-10,2.068442402920003E-10,7.405242227038799E-10,3.237053642477879E-4,8.102860294700979E-4,-4490.286463437261,-4307.756952741575,-4654.632549162076
4.0625000000000005E-6,4.0625000000000005E-6,7.656285987333242,5.5E-8,-5914.558459162285,-4473.803976716558,0.7537531688922666,-1.4041143507459848,121456.20237020458,126182.10125419837,308.596120478075,0.3657077705540967,3.97739680948111E-6,2.209100182960613E-8,9.487259126662059E-4,-4.973635851968084E-7,-5.839210414569607,8.624602698361628E-4,7.924944333277549E-11,5.002220803100711E-8,3.7652524348971E-9,2.0124117527031387E-10,2.0733711661884765E-10,7.425108367668621E-10,3.2361887078189534E-4,7.997496511806924E-4,-3886.737942945196,-3522.3749832818166,-4158.594926220364
4.075E-6,4.075E-6,7.67984379037119,5.5E-8,-5799.797316303534,-4318.789558497815,0.7504338739602453,-1.4138050545668495,122436.07847447571,127183.27600847001,308.82272391135365,0.36353778536765624,3.959498938777597E-6,2.2376369965103546E-8,9.552736855181416E-4,-4.909054818824643E-7,-5.9291345558949615,8.875025371111178E-4,7.929031940845693E-11,5.0065188401487634E-8,3.720466164263143E-9,2.0053125446979474E-10,2.0783488713320002E-10,7.444833703809385E-10,3.235344935120764E-4,7.892305627966477E-4,-3276.5104937028195,-2731.986993811825,-3666.6396568268615
4.0875E-6,4.0875E-6,7.703401593409138,5.5E-8,-5682.146735650858,-4167.868920237579,0.7470925428485121,-1.422818702150222,123430.25241080155,128199.10060812435,309.05123253194006,0.3613432888458538,3.941477451872535E-6,2.2668428183889204E-8,9.613639879393393E-4,-4.832443963209698E-7,-6.011034983321224,9.112836420257509E-4,7.923666008130637E-11,5.010841890957071E-8,3.6757386148954283E-9,1.9961863996401149E-10,2.0833705611349674E-10,7.464400333546411E-10,3.2345298144706696E-4,7.787352088496424E-4,-2659.9755951843654,-1948.7282302195454,-3170.427300759377
4.1000000000000006E-6,4.1000000000000006E-6,7.7269593964470875,5.5E-8,-5561.873894184553,-4012.488987197838,0.7437307995917953,-1.4311372343396063,124437.73724993599,129229.26447416244,309.28153695607733,0.35912516128270006,3.923340917570941E-6,2.2967224967570965E-8,9.669846177970312E-4,-4.567888606743509E-7,-5.404879153452384,6.748667302645117E-4,7.908856529903549E-11,5.015187668739666E-8,3.63109691931964E-9,1.9850329584871252E-10,2.0884311201744652E-10,7.483791383741562E-10,3.2341305919354946E-4,7.682700574327717E-4,-2037.2105673452681,-1153.1607648898807,-2659.4456322818237
4.1125E-6,4.1125E-6,7.750517199485035,5.5E-8,-5438.634204999726,-3849.931095464626,0.7403502997957208,-1.4387313765557632,125459.70349359082,130273.43351844007,309.51352277886605,0.35688433128001185,3.905098078609025E-6,2.3272802384824507E-8,9.721157949701103E-4,-4.5117929644789004E-7,-5.611159714178029,7.481434597309544E-4,7.884516055002147E-11,5.019553650556049E-8,3.5865679186275686E-9,1.9718550939738204E-10,2.093525258246212E-10,7.502991417315193E-10,3.2339566712006587E-4,7.578414864099122E-4,-1408.574036231698,-368.603310577868,-2142.9263436148967
4.125E-6,4.125E-6,7.774075002522984,5.5E-8,-5312.460308456436,-3688.6383459245026,0.7369528190733252,-1.4455496719895964,126494.89066480013,131331.2191852167,309.74706803358043,0.3546218227768305,3.886758328641833E-6,2.358518835651461E-8,9.767227513443218E-4,-4.4309761804584013E-7,-5.752825705185387,7.984616391354393E-4,7.850348601632415E-11,5.023937370338242E-8,3.542179292287754E-9,1.9566618410444988E-10,2.0986472035023158E-10,7.521985232910569E-10,3.233801714951177E-4,7.474560472470032E-4,-774.7404916041066,429.509738960431,-1624.9944095479757
4.137500000000001E-6,4.137500000000001E-6,7.797632805560933,5.5E-8,-5183.545477055763,-3524.1754440872037,0.7335402263608918,-1.4515567144466055,127542.89451909062,132402.1866180591,309.98204240151614,0.35233874861665854,3.8683315702841176E-6,2.3904397026042515E-8,9.80781563815274E-4,-4.331420058178992E-7,-5.854452731529818,8.353770132742966E-4,7.80627201818523E-11,5.028336161371258E-8,3.497959146531041E-9,1.9394691979846935E-10,2.1037909959658502E-10,7.540756875571846E-10,3.233670432310034E-4,7.371203671658789E-4,-136.13548850420256,1243.7560706284255,-1096.5993363519806
4.15E-6,4.15E-6,7.82119060859888,5.5E-8,-5051.793309636122,-3356.503699879156,0.7301144752960336,-1.4567163730888528,128603.25485678604,133485.85528427124,310.2183084826621,0.3500363039813287,3.8498281695587605E-6,2.4230428562199024E-8,9.842678196546302E-4,-4.216665996636948E-7,-5.929442188698886,8.641010738870136E-4,7.752231717672382E-11,5.0327472505655465E-8,3.4539358521592806E-9,1.9202992020732128E-10,2.108950430646314E-10,7.559289693604238E-10,3.2335650225164605E-4,7.268411100676865E-4,507.1310818893987,2042.1600083633514,-566.4036782706568
4.1625E-6,4.1625E-6,7.84474841163683,5.5E-8,-4917.319815528933,-3188.1135173473367,0.7266776048569015,-1.4609923122885757,129675.45876850575,134581.69725089314,310.4557217205166,0.34771576846696095,3.831258960595445E-6,2.456326785218502E-8,9.871569677625512E-4,-4.0888779039960355E-7,-5.984939094683796,8.874193259913454E-4,7.688206916411361E-11,5.0371677589154E-8,3.4101380067389215E-9,1.8991801359017309E-10,2.114119069802019E-10,7.57756599152931E-10,3.233488141879015E-4,7.166249666824279E-4,1154.7672348943138,2852.9394117069646,-32.462670416715575
4.175000000000001E-6,4.175000000000001E-6,7.868306214674779,5.5E-8,-4780.03339095707,-3012.681721144683,0.7232320619996333,-1.4640730752303222,130761.6640432874,135689.0398874851,310.6941080040084,0.34537875026968756,3.8126369921754574E-6,2.4902849902580127E-8,9.892385643448123E-4,-3.6389896536093146E-7,-8.840228463726817,0.0021925862294551735,7.611362423175285E-11,5.041594394227531E-8,3.3665984495864774E-9,1.8761492088844283E-10,2.119287990978879E-10,7.595566139043751E-10,3.228427269860983E-4,7.064795886462875E-4,1806.1840901696028,3684.553445058871,503.8766533003929
4.1875E-6,4.1875E-6,7.8918640177127255,5.5E-8,-4639.701329000318,-2834.0001889934433,0.7197803127421385,-1.4662675459380932,131856.39778255578,136807.15526116602,310.9332902662483,0.34302683913661774,3.793975424534208E-6,2.524909940945965E-8,9.907213148230359E-4,-3.5501114240332756E-7,-9.738543134703832,0.002571539822668001,7.525411018312559E-11,5.0460235117864915E-8,3.3233491942538805E-9,1.8512435189627326E-10,2.1244512289889067E-10,7.613268524563697E-10,3.224499918809584E-4,6.964124036559783E-4,2465.743727489447,4513.211080947469,1047.325522160728
4.2000000000000004E-6,4.2000000000000004E-6,7.915421820750675,5.5E-8,-4496.438757795316,-2653.5667591387178,0.7163244504514898,-1.4675638289063735,132959.82199757223,137935.4312447331,311.1731172360289,0.3406614579821604,3.775285417412115E-6,2.5601964242213884E-8,9.915971816934956E-4,-3.2184911020749495E-7,-9.444310167449657,0.002474106534052112,7.430657117544294E-11,5.050452391407406E-8,3.280416578043853E-9,1.8245016554062613E-10,2.1296023874846089E-10,7.63065052354748E-10,3.222276352215156E-4,6.864294884626066E-4,3131.5221704975684,5352.045829110435,1588.3876687305221
4.212500000000001E-6,4.212500000000001E-6,7.938979623788624,5.5E-8,-4350.0763735640785,-2465.6638375114376,0.7128666144023957,-1.4679404304071282,134072.22303446077,139073.21476452227,311.4134322168516,0.3382840837861608,3.7565783894950353E-6,2.596137691518513E-8,9.918516421669784E-4,-2.5587996248077617E-7,-8.88642198999787,0.002329013411184633,7.327327404123135E-11,5.0548780877383846E-8,3.2378265998485055E-9,1.795973156107766E-10,2.1347350084508663E-10,7.647689772974097E-10,3.221917277609906E-4,6.765368144204448E-4,3801.582800626144,6208.345338526305,2132.4968038140905
4.225E-6,4.225E-6,7.962537426826572,5.5E-8,-4200.627144769841,-2280.76734264238,0.7094090014880935,-1.4673709367625711,135193.13984206336,140219.80692009887,311.6540730658204,0.3358962553795644,3.7378660827633578E-6,2.632725237771765E-8,9.914668491638994E-4,-1.7022432302837842E-7,-8.291260034918196,0.0022091050082195807,7.21562282829155E-11,5.059297519173931E-8,3.1956050456964497E-9,1.7657167233498747E-10,2.139842557964442E-10,7.664365191520315E-10,3.223438727661133E-4,6.667402764592925E-4,4474.139671864334,7063.087003803281,2691.6804412898327
4.2375000000000005E-6,4.2375000000000005E-6,7.98609522986452,5.5E-8,-4048.644838349271,-2097.493600882498,0.7059538759668663,-1.465824665869441,136321.85373446724,141374.46140316242,311.8948719540645,0.33349958775249416,3.7191606168629624E-6,2.6699485359165507E-8,9.90422071533406E-4,-7.407002385662054E-8,-7.673921368083029,0.00210204926409574,7.095727899807858E-11,5.063707544248949E-8,3.1537775849801304E-9,1.733799724750363E-10,2.1449184159589403E-10,7.680657383720245E-10,3.226883438299646E-4,6.570457151131954E-4,5147.203738760775,7914.059531903956,3254.1515013145886
4.25E-6,4.25E-6,8.009653032902468,5.5E-8,-3893.7408124569633,-1898.7115815963261,0.7025035795568836,-1.4632666251262498,137457.55778986702,142536.38057715129,312.1356546863168,0.33109578125275846,3.7004745453144032E-6,2.7077947723918686E-8,9.886936656258445E-4,2.8931090838568708E-8,-7.011413042866479,0.0019901984907733095,6.967813021204876E-11,5.0681049563580136E-8,3.112369866644201E-9,1.7002981431708934E-10,2.1499558651017228E-10,7.696548716299846E-10,3.232333253386135E-4,6.474589384318424E-4,5818.915544955179,8760.813777962285,3811.341630143955
4.2625E-6,4.2625E-6,8.033210835940416,5.5E-8,-3735.2449414182524,-1695.6834746706056,0.6990605403713116,-1.4596586411752914,138599.39643113798,143704.711295645,312.3762400418077,0.32868662860222336,3.681820905546827E-6,2.7462485848051422E-8,9.862558386319537E-4,1.378790010164721E-7,-6.286292313751801,0.0018641043735669882,6.832047978535001E-11,5.0724864651828946E-8,3.071407597446017E-9,1.6652953653500965E-10,2.1549480837492805E-10,7.712023200429947E-10,3.2398898205896647E-4,6.379857396408208E-4,6487.856134623176,9612.26029350987,4364.349308913454
4.2750000000000006E-6,4.2750000000000006E-6,8.056768638978365,5.5E-8,-3573.8236527979284,-1504.3075447435704,0.6956272791373341,-1.4549602996420403,139746.46483744704,144878.54154612863,312.61643933645246,0.3262740199177117,3.6632132543624856E-6,2.7852918153541105E-8,9.830812835419191E-4,2.5278113184867835E-7,-5.489327799480634,0.0017198776098723556,6.6886126422292E-11,5.07684868491038E-8,3.030916585119921E-9,1.628881470260905E-10,2.1598881485334226E-10,7.727066113260355E-10,3.249660700268725E-4,6.286319066212468E-4,7152.660636488266,10465.279138868544,4911.531018284696
4.2875E-6,4.2875E-6,8.080326442016313,5.5E-8,-3410.1949210222047,-1311.7097643191764,0.6922064143076337,-1.4491290841103284,140897.80183657614,146056.89751362853,312.8560560922637,0.32385994704717236,3.6446656975311587E-6,2.824903263586254E-8,9.791412730475193E-4,3.738223291804843E-7,-4.6152259114614935,0.001555757744284847,6.537699531136535E-11,5.0811881277766406E-8,2.9909227674036124E-9,1.5911529683431656E-10,2.1647690422891033E-10,7.741664044835126E-10,3.2617538232937487E-4,6.194032281094936E-4,7811.999099022853,11293.283176161558,5470.674779643634
4.3E-6,4.3E-6,8.103884245054262,5.5E-8,-3243.8045360135698,-1103.9420192359694,0.688800665920828,-1.442121507306552,142052.38587889614,147238.7411244614,313.0948858089361,0.32144650704633726,3.626192912718905E-6,2.8650584419087903E-8,9.744064238557784E-4,5.010509701719457E-7,-3.6609650970704024,0.0013707178895003835,6.379524996426206E-11,5.0855012007286904E-8,2.95145222633468E-9,1.5522115741963904E-10,2.169583666965706E-10,7.755804913455789E-10,3.276272554115579E-4,6.103054965120539E-4,8465.119182940502,12103.656107069228,6020.148500174831
4.312500000000001E-6,4.312500000000001E-6,8.127442048092211,5.5E-8,-3074.089828393169,-893.6021112159353,0.6854128555835478,-1.4338949938370626,143209.13341844192,148422.96901228864,313.33271602024377,0.3190359028509185,3.6078101514680087E-6,2.9057293680846616E-8,9.688479688088261E-4,6.343203018843724E-7,-2.6251426868284398,0.0011640785864130976,6.214345612796725E-11,5.08978420794948E-8,2.9125311589272434E-9,1.5121633156770926E-10,2.1743248688528412E-10,7.769476945508345E-10,3.293310464333957E-4,6.013445007215276E-4,9111.63815638132,12894.91281498853,6563.741173882433
4.325E-6,4.325E-6,8.150999851130159,5.5E-8,-2901.6493591384733,-691.7409642301456,0.6820459036240253,-1.4244082709206665,144366.89761855864,149608.41260905974,313.569326562748,0.31663044178893873,3.5895332258609842E-6,2.9468843884980073E-8,9.624380208923422E-4,7.734347860832713E-7,-1.5065434438383818,9.351625288616106E-4,6.042459728704003E-11,5.094033357681404E-8,2.8741858191089366E-9,1.4711185667420592E-10,2.1789854736373744E-10,7.782668289781067E-10,3.3129502229207276E-4,5.925260124412281E-4,9750.98781940779,13652.61152654426,7109.0202465459015
4.3375E-6,4.3375E-6,8.174557654168108,5.5E-8,-2726.880500648827,-485.40183766062114,0.6787028257872453,-1.4136217814256087,145524.46937771986,150793.83855801378,313.80448988235156,0.31423253353754244,3.571378492685751E-6,2.9884880080518655E-8,9.551498523146005E-4,9.181116936929356E-7,-0.30471132627008046,6.834281159910915E-4,5.864208631149478E-11,5.098244768966467E-8,2.836442459710971E-9,1.429190487970029E-10,2.1835583236267494E-10,7.795368219134953E-10,3.3352615927823834E-4,5.838557726899931E-4,10382.97795059569,14398.229901532613,7643.951870512267
4.350000000000001E-6,4.350000000000001E-6,8.198115457206057,5.5E-8,-2549.4497329246037,-272.87237873034866,0.6753867269741288,-1.4014996225920544,146680.58018526237,151977.95036301212,314.0379715569193,0.3118446857128705,3.553362821507771E-6,3.030500760904041E-8,9.469592044540908E-4,1.067867482760221E-6,0.9788590568105064,4.0879577287000757E-4,5.6799894142532755E-11,5.102414481780715E-8,2.7993272471275897E-9,1.3864926178437532E-10,2.1880363229342752E-10,7.80756773498959E-10,3.360295755279566E-4,5.753394722162926E-4,11007.940773058064,15147.79903774388,8180.095813520833
4.3625E-6,4.3625E-6,8.221673260244003,5.5E-8,-2369.3369273469893,-59.40577767872858,0.672100791415221,-1.3880103077159498,147833.90404200135,153159.39156753934,314.2695310856516,0.3094694966171915,3.535503543270968E-6,3.072879136438332E-8,9.378448025107769E-4,1.222152171038715E-6,2.341962349509231,1.1138177714542508E-4,5.490256089975141E-11,5.106538472358432E-8,2.762866144004609E-9,1.3431388940783366E-10,2.1924124926565676E-10,7.81925891735977E-10,3.3880834360246995E-4,5.669827248169086E-4,11625.998898418893,15904.305155648262,8704.797249321226
4.3750000000000005E-6,4.3750000000000005E-6,8.245231063281953,5.5E-8,-2186.616036602802,156.0182875064536,0.6688482727605914,-1.3731263850682578,148983.0604263635,154336.74925091592,314.49892269239683,0.3071096475879221,3.5178183982841284E-6,3.1155755222287626E-8,9.277880980190931E-4,1.3804144930418262E-6,3.782186625995564,-2.0863654057734493E-4,5.295510837247776E-11,5.110612668172004E-8,2.7270848004649122E-9,1.2992447405838177E-10,2.1966800259082988E-10,7.830434266979671E-10,3.418635255382777E-4,5.587910428942686E-4,12237.165712631231,16646.077671449824,9224.464741376582
4.387500000000001E-6,4.387500000000001E-6,8.268788866319902,5.5E-8,-2001.517924706699,368.8389333907432,0.665632484061886,-1.356824974514601,150126.61900356686,155508.5578473339,314.7258961412789,0.3047678949291481,3.5003254834363736E-6,3.158538166871521E-8,9.167736314287845E-4,1.5420144141842229E-6,5.2959889649091565,-5.507822291690445E-4,5.0963024768781123E-11,5.1146329622727746E-8,2.6920084535430507E-9,1.25492685241134E-10,2.2008323414790364E-10,7.84108646447294E-10,3.45193943198216E-4,5.50769815167984E-4,12841.623107699153,17362.046998205584,9746.634144552148
4.4E-6,4.4E-6,8.29234666935785,5.5E-8,-1814.2069212150725,586.1904134721865,0.6624567866192425,-1.339087927467552,151263.1034519432,156673.3036796184,314.95019764253726,0.30244706070496274,3.4830431930235304E-6,3.201711179412451E-8,9.047891401807784E-4,1.7062902310271966E-6,6.879350777637228,-9.144160634662057E-4,4.893221461200335E-11,5.118595229291901E-8,2.6576618236659598E-9,1.2103026870474686E-10,2.2048631388992148E-10,7.851208730338859E-10,3.487961241004525E-4,5.429242839816565E-4,13439.284468128819,18102.624247718126,10255.1487964372
4.4125000000000005E-6,4.4125000000000005E-6,8.315904472395799,5.5E-8,-1624.3583292613873,809.2303569661468,0.6593245793819619,-1.3199014559229423,152390.99586948217,157829.42958888927,315.17157072298846,0.3001500236187977,3.465990162338578E-6,3.2450345461953436E-8,8.918253080560421E-4,1.872584407891509E-6,8.527943996085014,-0.0012987988441466314,4.6868908947040394E-11,5.122495340275543E-8,2.6240690267134568E-9,1.165490393415666E-10,2.2087664502007088E-10,7.860795174356154E-10,3.5266436751244266E-4,5.352595264391274E-4,14030.042951396139,18854.742892417256,10760.9551570866
4.425E-6,4.425E-6,8.339462275433746,5.5E-8,-1432.192262471703,1026.6648107496867,0.6562392878795166,-1.2992568764894503,153508.74282248758,158975.34001932503,315.3897571295812,0.29787970924410284,3.449185208434266E-6,3.288444181285043E-8,8.778762678982772E-4,2.0401450680651578E-6,10.236096256478959,-0.0017028136466592514,4.477965732422938E-11,5.1263291773147836E-8,2.591253490175035E-9,1.1206086741317094E-10,2.212536689945041E-10,7.869840217864253E-10,3.5679052438539373E-4,5.277804367271303E-4,14613.964707712377,19561.185551525177,11259.340487614447
4.4375E-6,4.4375E-6,8.363020078471695,5.5E-8,-1238.1585640784765,1244.7254385105045,0.653204352415426,-1.2771501114315502,154614.75926663238,160109.40667316155,315.6044977919278,0.2956390794473273,3.4326472665673525E-6,3.33187201759892E-8,8.629392644807772E-4,2.2082883457130722E-6,11.998436651178054,-0.0021253377445304977,4.267122823864456E-11,5.130092649590404E-8,2.5592378705456954E-9,1.075777434819914E-10,2.2161687046803254E-10,7.878338216010837E-10,3.6116418617246685E-4,5.204917089657162E-4,15190.47109137624,20260.87809312262,11748.858477990529
4.450000000000001E-6,4.450000000000001E-6,8.386577881509645,5.5E-8,-1041.989360455909,1470.8953330170143,0.6502232193469717,-1.2535799611002372,155707.43254576554,161229.97327930236,315.81553356298804,0.29343112383230696,3.4163953431343286E-6,3.3752460862663165E-8,8.4701348722989E-4,2.3764783779256506E-6,13.810592623495722,-0.002565450512008738,4.0550438428562126E-11,5.133781704886888E-8,2.528044011842964E-9,1.0311182187917804E-10,2.2196578124049844E-10,7.886284182595458E-10,3.657731003569118E-4,5.133978296456723E-4,15758.55846225394,20975.3204754034,12225.962892282574
4.4625E-6,4.4625E-6,8.41013568454759,5.5E-8,-843.5693356842038,1694.9665826301582,0.647299334870808,-1.2285477712711892,156785.12774687447,162335.35962431834,316.0226057734068,0.2912588528382343,3.400448481964244E-6,3.418490589930315E-8,8.300998454535062E-4,2.54419312113896E-6,15.667804551712834,-0.003022077004516177,3.842409395563844E-11,5.1373923368671725E-8,2.497692936998562E-9,9.867535986587841E-11,2.222999832927324E-10,7.893674322366965E-10,3.7060318220416804E-4,5.065030777045043E-4,16317.201756646426,21662.116281728126,12698.798129366553
4.475E-6,4.475E-6,8.43369348758554,5.5E-8,-643.5098605238203,1911.9562900235553,0.6444361393401266,-1.2020570617997266,157846.1911293762,163423.86556434073,316.2254567461056,0.2891252911070981,3.384825733215053E-6,3.4615259977451916E-8,8.122007174322477E-4,2.7109667897207146E-6,17.56544166519052,-0.003494109223652231,3.6298935834777516E-11,5.14092059191216E-8,2.4682048500734906E-9,9.4280701820925E-11,2.226191114759156E-10,7.900506068015299E-10,3.756386386952977E-4,4.998115271789011E-4,16865.08204429137,22328.223091256918,13169.774468633866
4.487500000000001E-6,4.487500000000001E-6,8.45725129062349,5.5E-8,-442.08761984517304,2132.2711336826114,0.6416370627818935,-1.1741130927277192,158888.95393262355,164493.7747307486,316.4238302165112,0.2870334716400291,3.3695461285138527E-6,3.504269152755165E-8,7.933196572484589E-4,2.8763789508445827E-6,19.49883421397044,-0.0039803907331474875,3.4181589773773914E-11,5.1443625739059676E-8,2.439599155502859E-9,8.994020711191601E-11,2.2292285572464782E-10,7.906778678533564E-10,3.808620913858661E-4,4.93327053817321E-4,17400.875276944284,22984.455145333493,13634.319298931618
4.5E-6,4.5E-6,8.480809093661437,5.5E-8,-239.09817546769025,2355.10170893558,0.6389055204126735,-1.144723216213006,159911.73679455917,165543.35835892003,316.6174717421538,0.2849864298769133,3.354628655780459E-6,3.546633410188999E-8,7.734616325763555E-4,3.039989649380459E-6,21.462607550332905,-0.004479528406420741,3.2078568481080684E-11,5.1477144484466746E-8,2.411894481287092E-9,8.566612719153713E-11,2.232109630471588E-10,7.912493742436149E-10,3.8625452213146344E-4,4.8705334265889875E-4,17923.32693286046,23613.394030406354,14074.943040249118
4.5125E-6,4.5125E-6,8.504366896699386,5.5E-8,-34.77314997034333,2573.458478061184,0.6362449077073111,-1.1138967980315881,160912.8531308575,166570.87940707087,316.8061291359966,0.2829871973971036,3.340092231282623E-6,3.588528815332857E-8,7.526329716429649E-4,3.201399291157259E-6,23.451331325415595,-0.004990058953637799,2.9996249086015306E-11,5.1509724476366897E-8,2.38510870139638E-9,8.147062465673646E-11,2.234832394296707E-10,7.917654551685442E-10,3.917953837134562E-4,4.809938954979054E-4,18431.04304519175,24224.19525323575,14526.770375300664
4.525000000000001E-6,4.525000000000001E-6,8.527924699737335,5.5E-8,170.50342185654804,2789.3453954463344,0.6336585957253086,-1.0816452781732175,161890.61355336936,167574.59667250657,316.9895528672238,0.2810387957761515,3.325955672755458E-6,3.629862311717828E-8,7.30841404171093E-4,3.360216731067567E-6,25.45911830223031,-0.005510366512055498,2.7940861789506877E-11,5.154132873831383E-8,2.3592589643589377E-9,7.736577853416175E-11,2.2373955147705928E-10,7.922265511976742E-10,3.974626485667233E-4,4.751520398048935E-4,18922.80479462874,24811.6080268253,14957.188064527756
4.5375E-6,4.5375E-6,8.551482502775283,5.5E-8,376.54552777770743,3004.4119053359354,0.6311499250643784,-1.0479832337086403,162843.33145469593,168552.76952304886,317.16749654491844,0.2791442293892123,3.3122376646600954E-6,3.670538006950629E-8,7.080967795328651E-4,3.5159657940653233E-6,27.478648351188895,-0.006038426986435752,2.5918530088357682E-11,5.15719210443839E-8,2.3343617114785636E-9,7.336341866722907E-11,2.2397982807705796E-10,7.926332638061506E-10,4.032326636592095E-4,4.695309353539212E-4,19397.776472923004,25357.86423009063,15374.24416199994
4.5500000000000005E-6,4.5500000000000005E-6,8.57504030581323,5.5E-8,583.2598470709905,3219.040873829802,0.6287221972874093,-1.0129292842714606,163769.32822422162,169503.66370641312,317.3397175701393,0.2773064763016027,3.2989567092384204E-6,3.7104575183044886E-8,6.844116785617977E-4,3.6681221446599466E-6,29.50160325748675,-0.006571906041756392,2.3935292214467612E-11,5.160146599813957E-8,2.3104326736884186E-9,6.947497401190593E-11,2.2420406228817087E-10,7.929864076342761E-10,4.090801450327744E-4,4.641335760874416E-4,19855.25434967962,25884.69626901667,15777.46752697631
4.562500000000001E-6,4.562500000000001E-6,8.59859810885118,5.5E-8,790.4230927172018,3429.2283555245294,0.6263786650705626,-0.9765063338283633,164666.93887386427,170425.5577534534,317.50597786459286,0.2755284781815674,3.2861310701510052E-6,3.749520381409663E-8,6.598015769110563E-4,3.816174040025544E-6,31.519260542237134,-0.007108316113317414,2.1997083559038066E-11,5.1629929123403754E-8,2.2874868599719313E-9,6.571144674475703E-11,2.2441231313974003E-10,7.932869815324104E-10,4.1497833366603733E-4,4.5896279015487636E-4,20294.576324503345,26394.78117312123,16164.523151232459
4.575E-6,4.575E-6,8.622155911889127,5.5E-8,997.6743128769655,3636.679446984894,0.6241225217637169,-0.9387419073726098,165534.51878158108,171316.74968903058,317.6660446238687,0.27381312976406236,3.2737787124672223E-6,3.7876245119122693E-8,6.342850725490607E-4,3.959603584036131E-6,33.52225822724904,-0.007644957952493314,2.0109722879567796E-11,5.1657276954834486E-8,2.26553854407548E-9,6.208339526644455E-11,2.2460470713510697E-10,7.935361270920147E-10,4.2089911423814273E-4,4.540212396387499E-4,20715.24048469459,26867.368027828245,16552.733848440286
4.5875000000000005E-6,4.5875000000000005E-6,8.645713714927076,5.5E-8,1205.0351582509263,3846.44825172696,0.6219588328228833,-0.8964211769178994,166432.22972911622,172174.42685216098,317.81938788828023,0.272164305753838,3.2619278835523846E-6,3.824632953632997E-8,6.05689984403986E-4,-2.9287889242368692E-6,-27.397016327876372,0.005668821051187933,1.8147351444718104E-11,5.168320959858423E-8,2.244619971648296E-9,5.859663662886122E-11,2.2478062043022196E-10,7.937351353029625E-10,4.198057098052693E-4,4.493156296749644E-4,21102.87802334318,27305.828084957655,16904.557142678583
4.6E-6,4.6E-6,8.669271517965024,5.5E-8,1412.4308220048615,4051.2104882357876,0.6199033583786249,-0.8485360656096447,167218.17424987766,172992.65553842598,317.9652429289623,0.2705954599437141,3.250665465712145E-6,3.860219954957485E-8,5.733351794659762E-4,-1.6569759335993694E-6,-15.102474687973881,0.002820798642403588,1.6099659803639707E-11,5.170807019938345E-8,2.2248654525500475E-9,5.527751611634991E-11,2.2493826170155248E-10,7.938854662378557E-10,4.2066465077977096E-4,4.448755868593378E-4,21508.509636317933,27772.79348007809,17262.243125192555
4.6125E-6,4.6125E-6,8.692829321002973,5.5E-8,1619.3485898094482,4249.537365001918,0.6179621104289998,-0.7994125758303791,167967.69395857985,173768.10042899926,318.1029754670908,0.2691111336798907,3.240025026466541E-6,3.894218788673719E-8,5.401436323178237E-4,-9.309216129338438E-7,-8.190638018503705,0.0012706112780165313,1.415570877013491E-11,5.173149067827638E-8,2.206313848064454E-9,5.2140543828937167E-11,2.2507843313818513E-10,7.939887249850155E-10,4.2123521932914637E-4,4.4070923320026624E-4,21967.764159627885,28290.493948436666,17650.455751388577
4.625000000000001E-6,4.625000000000001E-6,8.716387124040923,5.5E-8,1825.6556469956054,4449.447466204031,0.6161377425588527,-0.749334907918861,168676.90501829804,174499.23166387566,318.23240091381047,0.26771385207100656,3.230021738354234E-6,3.9265202189086096E-8,5.063073702154466E-4,-5.178321765697547E-7,-4.259527674948913,4.1579781981226915E-4,1.2327911187698085E-11,5.175345395331033E-8,2.1889720400061622E-9,4.918641398411707E-11,2.2520186726271733E-10,7.940466217926599E-10,4.216146826126458E-4,4.368175166407073E-4,22466.945993862435,28849.878952328247,18037.19889242127
4.6375E-6,4.6375E-6,8.73994492707887,5.5E-8,2031.4666496311227,4647.918920734976,0.6144321664672074,-0.6985927823100587,169343.30529382164,175184.83199392856,318.3533859461482,0.26640554207306866,3.220666699855763E-6,3.9570287637512054E-8,4.7202215020949914E-4,-2.8407816103026564E-7,-1.9838999942539886,-6.55097414892225E-5,1.0626106190190266E-11,5.177394835456987E-8,2.172840571336441E-9,4.641785293624383E-11,2.2530944981688095E-10,7.940609934355784E-10,4.218786960944745E-4,4.331999892372727E-4,22990.439222792593,29462.408076544165,18447.93315917984
4.65E-6,4.65E-6,8.763502730116818,5.5E-8,2236.4552281866504,4839.451400631941,0.6128466528894371,-0.64743124215855,169965.2583964867,175823.96375218345,318.46584220399194,0.26518760713015044,3.2119674780670633E-6,3.98566197818742E-8,4.3745354199902024E-4,-1.5305180212976665E-7,-0.63167947326383,-3.456007681279516E-4,9.056218595541156E-12,5.179296775255141E-8,2.157914825556181E-9,4.383921021773193E-11,2.2540217811585078E-10,7.940338502997063E-10,4.2207336975302304E-4,4.298550783264508E-4,23522.015264782898,30151.387688019597,18869.159686034294
4.662500000000001E-6,4.662500000000001E-6,8.787060533154767,5.5E-8,2440.327856773055,5029.118531189921,0.6113819573463447,-0.5960411809704698,170541.68355270516,176415.92347313144,318.56971779558296,0.2640610217090576,3.2039287896425732E-6,4.012349083478583E-8,4.0273052768274983E-4,-8.082559773470167E-8,0.20175177536293631,-5.166074005273913E-4,7.620694051741808E-12,5.181051079601926E-8,2.1441863785540836E-9,4.145602840909038E-11,2.2548112369618042E-10,7.939673745757527E-10,4.222253692017902E-4,4.2678039433609343E-4,24045.93037646719,30848.77386975096,19274.798411326974
4.675E-6,4.675E-6,8.810618336192714,5.5E-8,2643.094845088131,5217.365304159695,0.6100384495297116,-0.5445592918242053,171071.8611350936,176960.19305291155,318.6649883003898,0.26302642962443573,3.196553203815018E-6,4.037029318416168E-8,3.6794546744878736E-4,-4.2190317515178324E-8,0.7402526647547347,-6.277526974827197E-4,6.319258391287024E-12,5.1826579770635174E-8,2.1316443260588863E-9,3.927457420600278E-11,2.255474012384159E-10,7.938639139689055E-10,4.223498999758295E-4,4.239730312452662E-4,24547.477398459265,31478.59296141716,19680.162815623764
4.6875000000000004E-6,4.6875000000000004E-6,8.834176139230664,5.5E-8,2844.6013356994226,5401.459294377797,0.608816238761146,-0.4930702656571139,171555.30386630373,177456.39092182016,318.7516479169342,0.26208424027730987,3.189841825796157E-6,4.059650168935437E-8,3.3315558490345533E-4,-2.2661970149329138E-8,1.1079882776675731,-7.053725904597741E-4,5.149682516792665E-12,5.184117931930012E-8,2.120276524457104E-9,3.7301388503727004E-11,2.2560214418665232E-10,7.937259989578401E-10,4.2245559858610095E-4,4.2142984605725124E-4,25013.106577129107,32230.39701119535,20049.84749469591
4.700000000000001E-6,4.700000000000001E-6,8.857733942268613,5.5E-8,3044.7165577843925,5583.6594323879335,0.6077152911162236,-0.44161192547004335,171991.6666427594,177904.22540199678,318.8297011327329,0.2612347192464006,3.1837949360703475E-6,4.0801655859703994E-8,2.983864361284077E-4,-1.3904900981742686E-8,1.374032237056781,-7.635858891035241E-4,4.108527756657843E-12,5.1854315161976496E-8,2.1100707141249814E-9,3.554288287557313E-11,2.256464870010565E-10,7.935563313401812E-10,4.225473649988498E-4,4.1914771072995224E-4,25431.446183797194,33180.02415322679,20412.631013537382
4.7125E-6,4.7125E-6,8.88129174530656,5.5E-8,3243.3242506883043,5761.303888684481,0.606735565044673,-0.3901252087177796,172382.90651877158,178303.44902489177,318.899152791374,0.2604781094779992,3.178412734034451E-6,4.098533582855743E-8,2.6359811399849975E-4,-7.941776658526578E-9,-0.6519940387643146,1.3700667972216252E-4,3.190880472828634E-12,5.1865992652669306E-8,2.101015783248775E-9,3.4004867904807866E-11,2.2568154790228356E-10,7.933577578517825E-10,4.2260890999589823E-4,4.17123794560999E-4,25793.461575432644,33964.15411202303,20755.06219182332
4.7250000000000005E-6,4.7250000000000005E-6,8.90484954834451,5.5E-8,3440.135225251607,5933.675953368059,0.6058772462253992,-0.3385658946564024,172723.81528612762,178653.72308790905,318.95999246353745,0.25981474817114636,3.1736966210307813E-6,4.114712548397649E-8,2.2876073963270434E-4,-8.904675325993595E-9,-0.08559307792711479,-7.380456020200654E-5,2.3930099001085174E-12,5.1876213557019916E-8,2.093103920648573E-9,3.26927845323052E-11,2.257084221316547E-10,7.931332706721757E-10,4.226357255404852E-4,4.1535604441560127E-4,26093.94489469714,34327.17787289468,21056.597920722652
4.737500000000001E-6,4.737500000000001E-6,8.928407351382459,5.5E-8,3634.949456468035,6101.948021407901,0.6051404286614933,-0.28696662960037456,173016.9707900567,178954.80914576916,319.0122152560118,0.25924492583090414,3.169647456112735E-6,4.128666456213155E-8,1.9389637135160443E-4,-1.0997996326977955E-8,0.2695059953839518,-2.0153180230408907E-4,1.7129135834405411E-12,5.1884980608386495E-8,2.0863276543371208E-9,3.161086524702012E-11,2.2572821046403787E-10,7.928860096454571E-10,4.226593029738873E-4,4.138425220023881E-4,26330.559553256866,34357.818876866724,21330.522538932055
4.75E-6,4.75E-6,8.951965154420405,5.5E-8,3827.571305976532,6265.528301079891,0.6045252636383706,-0.23527998579570425,173262.0556094734,179206.46365637577,319.0558124082244,0.25876892739406426,3.1662663663035527E-6,4.1403628774946386E-8,1.5897296337547584E-4,-1.3490912778024721E-8,0.49877878498955397,-2.809872624425225E-4,1.1479355113858203E-12,5.189229519511986E-8,2.0806812239454968E-9,3.076178264656618E-11,2.2574200005628998E-10,7.926192412240443E-10,4.2267960915714353E-4,4.125817101899866E-4,26502.96782055081,34183.14636514652,21563.72199931252
4.7625000000000006E-6,4.7625000000000006E-6,8.975522957458354,5.5E-8,4017.9082128521595,6426.723140104707,0.6040320085326161,-0.18346348408662302,173458.77634905739,179408.42996788287,319.09076742992676,0.2583870914745621,3.16355501546477E-6,4.149771992614353E-8,1.239618135720426E-4,-1.591548041801616E-8,0.6500743952365156,-3.3158517510401E-4,6.962789875267223E-13,5.1898156936564485E-8,2.0761610208669155E-9,3.01468899046521E-11,2.2575087113241113E-10,7.923363259982711E-10,4.226967900774654E-4,4.1157261077319295E-4,26613.216932053954,33892.15040446854,21743.909695416984
4.775E-6,4.775E-6,8.999080760496302,5.5E-8,4205.767425890594,6579.418917141542,0.6036610053009303,-0.13148898456576552,173606.85550451383,179560.4467976523,319.11705756830605,0.2580997942043194,3.161515484969089E-6,4.156867109861551E-8,8.884390849038212E-5,-1.7967905137084016E-8,0.7499771693774164,-3.640715754613666E-4,3.569951105343819E-13,5.190256393228722E-8,2.072765386039524E-9,2.976619451969782E-11,2.257559025669018E-10,7.92040690911736E-10,4.227109351928418E-4,4.1081469894628286E-4,26666.137451377886,33560.53280296688,21907.38216512306
4.7875E-6,4.7875E-6,9.022638563534251,5.5E-8,4390.47920565425,6719.969332170945,0.603412634480016,-0.07935288891656905,173706.04045547705,179662.26697779057,319.1346570182364,0.25790741389919447,3.1601500196851915E-6,4.161625658853315E-8,5.361681683551963E-5,-1.9446863461780596E-8,0.8130505585240826,-3.843073537836972E-4,1.2985923504022058E-13,5.1905513299972445E-8,2.0704941908882015E-9,2.961837366530481E-11,2.257581769858932E-10,7.917358134600672E-10,4.2272207648995613E-4,4.103078296549166E-4,26668.744853857253,33229.89359479631,22008.961223291713
4.800000000000001E-6,4.800000000000001E-6,9.0461963665722,5.5E-8,4571.811911620313,6861.312852088482,0.6032872513207174,-0.027080217158876107,173756.12368796402,179713.68371998233,319.14354140753653,0.25781028167654507,3.1594606757299054E-6,4.164030527468531E-8,1.829744402626764E-5,-2.0219986396341483E-8,0.847183977512941,-3.9545104084481864E-4,1.5114051125629025E-14,5.190700192405306E-8,2.0693482610738047E-9,2.970086886916196E-11,2.257587840247994E-10,7.914252097005338E-10,4.2273021404520963E-4,4.1005210910882245E-4,26628.01460712857,32928.12937155672,22106.200410894256
4.8125E-6,4.8125E-6,9.069754169610148,5.5E-8,4750.488129800815,7012.35960380751,0.6032851802435475,0.025329687923493757,173757.17922598042,179714.534408663,319.1436882164316,0.2578086791991143,3.1594492891652436E-6,4.164070250193669E-8,1.711465400236065E-5,-1.6228946009277934E-8,0.620866819434923,-2.921931182982007E-4,1.3223055079023206E-14,5.1907026651179333E-8,2.0693293361161904E-9,3.000997565915904E-11,2.2575882083767127E-10,7.911124208034245E-10,4.227350481972355E-4,4.100478860128877E-4,26550.875349853974,32673.677276780305,22150.310146417098
4.825E-6,4.825E-6,9.093311972648097,5.5E-8,4927.379466585008,7170.889787428721,0.603406577685785,0.07771494843097318,173707.85171148696,179664.74713058618,319.13508606844545,0.25790271674181753,3.160116720034558E-6,4.161741829838941E-8,5.251010029119809E-5,-2.8907247298093352E-8,1.4191923242215125,-6.5740351385557E-4,1.2454990602373874E-13,5.190558488556897E-8,2.070438825712323E-9,3.0541377576767055E-11,2.257593910701309E-10,7.908010054303307E-10,4.2272791390089194E-4,4.102954743029958E-4,26447.655224473776,32471.27360693753,22165.27307637164
4.837500000000001E-6,4.837500000000001E-6,9.116869775686046,5.5E-8,5103.045365049999,7333.091645746511,0.6036512012658349,0.12993970732522567,173610.38732914795,179564.46318161147,319.11775223437286,0.2580921978104984,3.1614615865052746E-6,4.1570548396239945E-8,8.779709954407139E-5,-2.290066703380944E-8,1.1330489408264839,-5.341000342014013E-4,3.4861505092940886E-13,5.190268019785626E-8,2.0726757033259065E-9,3.128949898656806E-11,2.257615956241164E-10,7.904945259673084E-10,4.227297602014673E-4,4.1079468319433766E-4,26330.285344890573,32319.77446875419,22131.18375980191
4.85E-6,4.85E-6,9.140427578723992,5.5E-8,5277.667247260515,7494.207359317201,0.6040185273074066,0.1818619358649265,173463.8729224051,179413.95087092574,319.0917227581262,0.2583766511752857,3.1634809071305652E-6,4.1500295564855626E-8,1.228796863952206E-4,-1.800150641884102E-8,0.9350415477283605,-4.544379442563695E-4,6.841298752070272E-13,5.1898317033301535E-8,2.0760375690932876E-9,3.224823515420283E-11,2.2576652398213504E-10,7.90196517884314E-10,4.22727441648621E-4,4.115450540586004E-4,26210.479830219258,32228.501647535686,22043.495711466978
4.8625000000000005E-6,4.8625000000000005E-6,9.163985381761941,5.5E-8,5451.272771631119,7656.181470470843,0.6045075994676288,0.23327193433391072,173268.8227874886,179213.69241863122,319.05706427933535,0.2587552539981607,3.166169273496519E-6,4.1406993769621755E-8,1.5761617184723698E-4,-1.3383260437649369E-8,0.7780888681354554,-3.96787498800677E-4,1.1283255722110654E-12,5.189250516951093E-8,2.0805192376451803E-9,3.341124099594315E-11,2.2577523929511438E-10,7.899104769358352E-10,4.227216355492688E-4,4.125455444517023E-4,26096.50291704395,32170.583787827716,21938.356665604344
4.875000000000001E-6,4.875000000000001E-6,9.18754318479989,5.5E-8,5624.140040819475,7821.279877991832,0.6051169453898908,0.2839435220599869,173025.96283683451,178964.4098514968,319.01387969838026,0.25922675717015103,3.1695183941511182E-6,4.1291121994812044E-8,1.9185373112161276E-4,-8.65240664893463E-9,0.6363886916233241,-3.492233461770411E-4,1.6768183903720147E-12,5.1885260002910115E-8,2.08611192351369E-9,3.4771811909233005E-11,2.2578876099500448E-10,7.896398871231978E-10,4.2271281530206355E-4,4.137943447591149E-4,25991.49415734137,32099.16849258502,21842.660632323637
4.8875E-6,4.8875E-6,9.211100987837838,5.5E-8,5796.190270706823,7978.689637952768,0.6058445623256592,0.3336550324467781,172736.24372048082,178667.0691060413,318.9623092714874,0.259789475690628,3.1735170198375222E-6,4.115330271826481E-8,2.2544258949106627E-4,-3.6637214861912072E-9,0.49639020392442035,-3.0537453920942426E-4,2.3237165659536363E-12,5.187660277019305E-8,2.0928030320612382E-9,3.6322775237297176E-11,2.2580804739326527E-10,7.8938823379921E-10,4.227013681820192E-4,4.152888292012067E-4,25893.703164560626,32040.777447366472,21731.593995139752
4.9000000000000005E-6,4.9000000000000005E-6,9.234658790875788,5.5E-8,5966.593215420736,8122.227931491613,0.6066879497442089,0.38220736443357245,172400.8308510706,178322.8643227256,318.9025283891315,0.26044131584765656,3.1781511280931513E-6,4.0994290342709474E-8,2.582482192118733E-4,1.5858221047437837E-9,0.35157501976937056,-2.6204408533203605E-4,3.0619518607339296E-12,5.1866560220070326E-8,2.10057635886318E-9,3.8056367831828565E-11,2.2583398093906326E-10,7.891589406500251E-10,4.226876402754882E-4,4.1702559733650184E-4,25797.788728819938,32014.59809371876,21612.112108693153
4.912500000000001E-6,4.912500000000001E-6,9.258216593913737,5.5E-8,6134.637789820138,8257.800296517249,0.6076441770796801,0.4294355382136379,172021.07788045573,177933.18736298446,318.8347428727476,0.26117982990238625,3.183404301709122E-6,4.081495220882297E-8,2.9015914744164723E-4,7.0208525926318546E-9,0.19939624285507307,-2.1782212127163803E-4,3.883721982397502E-12,5.18551638736428E-8,2.1094125960430604E-9,3.99641279541442E-11,2.2586735783432612E-10,7.88955279978992E-10,4.226719533765438E-4,4.190005836220085E-4,25696.473404668974,31968.811717123168,21517.565432104057
4.925E-6,4.925E-6,9.281774396951684,5.5E-8,6299.914207696228,8384.24863910046,0.6087099715227796,0.47521435535042267,171598.49072776578,177499.5889312012,318.75918285387496,0.2620022864379872,3.1892582176781545E-6,4.061624547865031E-8,3.210907806421775E-4,1.2526306676363674E-8,0.0394883774297341,-1.722826938248545E-4,4.780953246847827E-12,5.1842449049113805E-8,2.119290015426854E-9,4.203671622102656E-11,2.2590888260367373E-10,7.887803869875289E-10,4.2265461090429895E-4,4.212092062325368E-4,25581.760570131773,31874.14284231829,21422.93877995549
4.937500000000001E-6,4.937500000000001E-6,9.305332199989634,5.5E-8,6461.680439707348,8495.138160886629,0.6098816954353904,0.5193562194037508,171134.30670843757,177023.78264333363,318.6761045182491,0.2629056526155917,3.1956925298082813E-6,4.039921468160908E-8,3.5091636446199373E-4,1.689785165126523E-8,0.2986049577975791,-3.0773750393109367E-4,5.7434337127323614E-12,5.1828455167557406E-8,2.1301841234114413E-9,4.426375881243014E-11,2.2595914876877128E-10,7.886374171253935E-10,4.226008979668367E-4,4.2364628577819415E-4,25446.34083466554,31714.09915044411,21310.108779291546
4.95E-6,4.95E-6,9.32889000302758,5.5E-8,6619.014533532243,8591.010196109944,0.6111555511065944,0.5619215179119553,170630.90175071388,176507.56472872527,318.5857755502663,0.26388676561176205,3.2026860010298573E-6,4.016494586290534E-8,3.7967670129186173E-4,2.1722154457393117E-8,0.3454139578925606,-3.5375688855765475E-4,6.765669023322817E-12,5.181322351685145E-8,2.142069424108998E-9,4.663293249976744E-11,2.2601867410697313E-10,7.885296974083973E-10,4.225438908891258E-4,4.2630643547025E-4,25282.445054247317,31466.791852657865,21200.756841853952
4.9625E-6,4.9625E-6,9.352447806065529,5.5E-8,6771.210570737752,8673.816311431325,0.6125278125330037,0.6029010799413748,170089.90922345436,175952.7097248551,318.4884589455442,0.2649425006323338,3.210217780522692E-6,3.991451930543804E-8,4.0736559455498297E-4,2.6740204788211487E-8,0.26989236035660724,-3.4838444844353944E-4,7.841040545907993E-12,5.179679437971197E-8,2.1549214690870643E-9,4.913120157563048E-11,2.260878973110132E-10,7.884606797758478E-10,4.2248487286243363E-4,4.2918451651317293E-4,25085.00664436883,31160.867471049074,21067.412900896063
4.975000000000001E-6,4.975000000000001E-6,9.376005609103478,5.5E-8,6917.548787982712,8739.794980950686,0.6139947575164609,0.6423084118204234,169513.00566073268,175360.99899916697,318.3844178238524,0.2660697258183631,3.2182670360419286E-6,3.964901690769442E-8,4.339921701489347E-4,3.151636818188308E-8,0.1255918391270825,-3.147329480270855E-4,8.963659311630597E-12,5.177920795339697E-8,2.1687161346929445E-9,5.174473211160935E-11,2.2616718313239697E-10,7.884336780921548E-10,4.224243770491221E-4,4.3227547371560193E-4,24850.94676458255,30800.146408257737,20912.655438011592
4.9875E-6,4.9875E-6,9.399563412141426,5.5E-8,7057.103192043547,8787.661180289151,0.6155527146815233,0.6801723416411501,168901.87670446065,174734.19953952674,318.27391217052457,0.2672653401628812,3.2268132163416773E-6,3.9369509239476364E-8,4.5957590651429065E-4,3.5815780705661385E-8,-0.056896332405813155,-2.658607177181693E-4,1.0128329424322268E-11,5.176050384704324E-8,2.183429976056794E-9,5.4459418600600125E-11,2.2625683034548392E-10,7.88451556720498E-10,4.22362876198733E-4,4.3557441220253777E-4,24579.50041631312,30356.053951481903,20744.627456889433
5.0E-6,5.0E-6,9.423121215179375,5.5E-8,7189.313224999687,8825.50726329049,0.6171980900164435,0.7165289383886324,168258.19491524858,174074.0512937359,318.15719700794,0.26852629540739664,3.2358362005325576E-6,3.9077047013387394E-8,4.8414117458691377E-4,3.9501956194953895E-8,-0.260023480928794,-2.0915818856792612E-4,1.1330401925161032E-11,5.174072080057605E-8,2.199040402100989E-9,5.726128994837712E-11,2.2635707867783293E-10,7.885165715555708E-10,4.2230081425422824E-4,4.3907663442770573E-4,24271.574717323296,29839.93438712205,20545.793500425934
5.012500000000001E-6,5.012500000000001E-6,9.446679018217324,5.5E-8,7314.022484828019,8852.497044989488,0.618927377404797,0.7514162468456581,167583.60836439024,173382.26120936396,318.0345216929952,0.2698496055071148,3.2453163590390044E-6,3.87726560093672E-8,5.077136803011204E-4,4.248765648640074E-8,-0.47362464815796557,-1.4883105973240163E-4,1.2565632802862813E-11,5.171989659180069E-8,2.215525709800304E-9,6.013661345845238E-11,2.2646811436200278E-10,7.886304608762093E-10,4.2223860182746234E-4,4.4277764593569327E-4,23929.083396925314,29264.67702703788,20323.32082145695
5.025E-6,5.025E-6,9.470236821255272,5.5E-8,7430.646298640492,8860.586453726984,0.620737157950582,0.784869601438589,166879.73630086728,172660.501940142,317.906130000195,0.27123234742270097,3.2552345526471685E-6,3.845733444571102E-8,5.303172982693169E-4,4.4711983946399416E-8,-0.6917935531155308,-8.725920338292781E-5,1.3830005915158037E-11,5.1698068074608686E-8,2.232865019404042E-9,6.307181367601369E-11,2.2659007428394127E-10,7.887947259476696E-10,4.221766151910447E-4,4.4667313910980047E-4,23555.31498095005,28646.856704830705,20072.75927838358
5.0375000000000005E-6,5.0375000000000005E-6,9.493794624293221,5.5E-8,7538.352149989552,8850.059988881902,0.6226240869333324,0.8169160071070871,166148.17104892386,171910.41557898957,317.77226107327874,0.27267165243346303,3.265572063418082E-6,3.813205284845333E-8,5.519702750723562E-4,4.613011668652689E-8,-0.9110930568895128,-2.5765937493815727E-5,1.5119473871933176E-11,5.167527136345087E-8,2.2510380955930658E-9,6.605337399609205E-11,2.2672304813534975E-10,7.890109813782498E-10,4.2211520773734787E-4,4.507589514072424E-4,23154.908801742873,28021.29509411609,19800.228535804727
5.050000000000001E-6,5.050000000000001E-6,9.517352427331168,5.5E-8,7636.456144196322,8822.282634498597,0.6245848695245285,0.847570577871031,165390.4848974978,171133.62184191076,317.63315116532885,0.27416468894862556,3.2763104638448173E-6,3.7797756043125194E-8,5.726828228858318E-4,4.670804855777533E-8,-1.1294209651150595,3.4902292554761516E-5,1.642972262823148E-11,5.165154215205767E-8,2.270025060628738E-9,6.906768275944394E-11,2.2686707831082813E-10,7.89281313253406E-10,4.2205472069660254E-4,4.5503099929039103E-4,22733.03921458222,27396.371234389448,19504.938443120594
5.0625E-6,5.0625E-6,9.540910230369116,5.5E-8,7724.621261649248,8784.497607157393,0.6266162313305056,0.8768355134010961,164608.23935430346,170331.72818006214,317.48903573685016,0.27570864155203834,3.2874314576375318E-6,3.745536606750317E-8,5.924564279737135E-4,4.642027462864462E-8,-1.3453624268640851,9.429896380197533E-5,1.7756006175798227E-11,5.162691609469722E-8,2.2898060535344827E-9,7.210090792900551E-11,2.2702215813437112E-10,7.896085314338613E-10,4.219954891770607E-4,4.594851998637704E-4,22295.005895163835,26772.462971160952,19183.2624824764
5.0750000000000005E-6,5.0750000000000005E-6,9.564468033407065,5.5E-8,7803.0813406230245,8741.492976142272,0.6287148883887318,0.9047006933683109,163802.99469112672,169506.33991909988,317.3401515829942,0.27730068987082457,3.298916717562106E-6,3.710578513029839E-8,6.112842522758858E-4,4.524955116380624E-8,-1.557808775205558,1.5211772171142002E-4,1.90930443000813E-11,5.16014291948334E-8,2.3103608774464555E-9,7.513910280739236E-11,2.2718822905201847E-10,7.899961329660544E-10,4.219378437345333E-4,4.641173896102044E-4,21845.732306041256,26164.89880158886,18842.13890222676
5.087500000000001E-6,5.087500000000001E-6,9.588025836445015,5.5E-8,7872.124310644813,8692.832429231317,0.6308775211040794,0.9311464325119626,162976.31791758214,168659.06863295467,317.18673867082407,0.2789379907022452,3.3107477449144173E-6,3.6749897840198296E-8,6.291529949405153E-4,4.3187331044691746E-8,-1.765729261186607,2.0809575363500699E-4,2.043502726717598E-11,5.157511814689776E-8,2.331668677912193E-9,7.816848055911564E-11,2.2736517760067205E-10,7.904480053100413E-10,4.218821008538571E-4,4.689232498262771E-4,21389.227811065553,25576.16762549694,18484.348381029966
5.1E-6,5.1E-6,9.611583639482962,5.5E-8,7932.450569992729,8650.387786132444,0.6331006258508675,0.9560339621500633,162129.3887765925,167791.5869995985,317.0290508976603,0.28061756600704224,3.3229050599763836E-6,3.638859333579033E-8,6.459688933446373E-4,4.828713827009779E-8,-1.5206194859147217,8.738151944953643E-5,2.1770527824611936E-11,5.154802245025104E-8,2.353706396973186E-9,8.117575136230429E-11,2.2755279078773638E-10,7.909681190928956E-10,4.2174611439583723E-4,4.7389795531048234E-4,20928.81036940628,25000.91468526035,18113.3988140708
5.112500000000001E-6,5.112500000000001E-6,9.635141442520911,5.5E-8,7985.340912501253,8615.027906041701,0.6353806367050392,0.9794588062575408,161264.52714686605,166905.58176304787,316.86734652806524,0.2823364052919631,3.3353688714218136E-6,3.602274180251201E-8,6.617964907145546E-4,4.871241941373228E-8,-1.4996935540439154,5.4961685350463085E-5,2.3098211897306537E-11,5.1520181991354235E-8,2.3764498754006817E-9,8.414738318651118E-11,2.2775083645420315E-10,7.915603752992587E-10,4.216122471307513E-4,4.7903641986107094E-4,20465.206141649705,24445.04389247699,17734.937454991268
5.125E-6,5.125E-6,9.658699245558859,5.5E-8,8031.36600190566,8573.508044338714,0.6377140870670881,1.0014006840717462,160383.22707861988,166002.68500484468,316.70187775600647,0.28409158057918743,3.3481199603047427E-6,3.565316807132471E-8,6.76622083832261E-4,4.6399651552064824E-8,-1.6070962742796837,7.418638097078656E-5,2.441169178031392E-11,5.149163625423722E-8,2.399875401452014E-9,8.707067620186228E-11,2.279590309606173E-10,7.922285793641207E-10,4.214842544753043E-4,4.843336441223098E-4,19999.84618839326,23897.67670429467,17354.375612761887
5.1375E-6,5.1375E-6,9.682257048596808,5.5E-8,8070.609235130867,8528.89767042414,0.6400974613222817,1.0218411861305792,159487.01929598005,165084.5320329549,316.53290070031363,0.2858801399595293,3.3611388702333907E-6,3.528067433943733E-8,6.90433233872013E-4,4.192361217292273E-8,-1.7798619331870214,1.1942865586433982E-4,2.570450198109433E-11,5.1462425616872874E-8,2.423958182598658E-9,8.993331388547398E-11,2.2817703607415506E-10,7.929763332135772E-10,4.213633568332432E-4,4.897843686617286E-4,19532.88990608897,23336.770941342078,16961.323859779928
5.150000000000001E-6,5.150000000000001E-6,9.705814851634756,5.5E-8,8103.615909608451,8486.45362382656,0.6425272091713599,1.0407701765430464,158577.45846877238,164152.7539794994,316.36067435344404,0.2876991207232255,3.374405986843279E-6,3.49060367372695E-8,7.032230922588152E-4,3.577341942673229E-8,-1.9824082248560444,1.7656149640288277E-4,2.6970457652788696E-11,5.143259123469223E-8,2.448672421908643E-9,9.272358035487523E-11,2.2840446266323035E-10,7.938066101827112E-10,4.212503173541821E-4,4.953830889883742E-4,19063.24595176987,22772.26794325946,16565.38276952328
5.1625E-6,5.1625E-6,9.729372654672703,5.5E-8,8130.70773228353,8436.999920210503,0.6449997698540622,1.0581892034570488,157656.10026198192,163208.96670905806,316.1854587939361,0.2895455695122912,3.387901670848758E-6,3.453000080932625E-8,7.149927050385464E-4,2.8331235313316937E-8,-2.194421997160134,2.377230991896795E-4,2.820391474195476E-11,5.1402174752714924E-8,2.473991503465962E-9,9.5430819553479E-11,2.2864087665625864E-10,7.947211421846131E-10,4.211456239488307E-4,5.011240954918016E-4,18589.172029110734,22202.660624536584,16166.135663667736
5.1750000000000004E-6,5.1750000000000004E-6,9.752930457710653,5.5E-8,8151.544545945822,8375.341712888565,0.6475116011837878,1.0741125306926986,156724.48242457007,162254.75825840497,316.0075130535513,0.29141656579310127,3.4016064168269864E-6,3.4153276790952534E-8,7.257517099274991E-4,1.9888339153339984E-8,-2.404227827051727,2.985164938422713E-4,2.939992915795745E-11,5.137121795370359E-8,2.4998882397365332E-9,9.804570235050982E-11,2.2888580651858214E-10,7.957200929415365E-10,4.210495347037965E-4,5.07001527781777E-4,18108.694482832758,21608.950398415793,15761.867776329447
5.187500000000001E-6,5.187500000000001E-6,9.776488260748602,5.5E-8,8165.830696794994,8306.029881226512,0.6500571069380318,1.0867524665982597,155775.6761427308,161292.4807135398,315.827254440182,0.2933076923725966,3.4154895491545194E-6,3.377684620330323E-8,7.342922071609863E-4,5.265667192588807E-7,6.613504740935241,-0.002738512126995829,3.045228259854046E-11,5.133980617928398E-8,2.52631324123331E-9,1.0056154436659192E-10,2.291379235140523E-10,7.968022908518326E-10,4.1951748815104514E-4,5.130044572038769E-4,17622.99656431787,20995.8054900801,15368.460950649953
5.2E-6,5.2E-6,9.80004606378655,5.5E-8,8173.637751360527,8232.465120518484,0.652630891681182,1.0981809327844894,154829.89961499706,160324.3746637402,315.64505867030346,0.29521476156499177,3.4295215447801133E-6,3.340160339016536E-8,7.420141437733036E-4,1.0103566509656048E-6,6.829103306546131,-0.0019325574441495519,3.1466955269350243E-11,5.13079864358129E-8,2.5532177771979977E-9,1.0296143660206662E-10,2.2939673225524907E-10,7.9796582462725E-10,4.180938502693041E-4,5.191220628950468E-4,17105.38055568811,20326.039193750315,14948.235758173812
5.2125000000000005E-6,5.2125000000000005E-6,9.823603866824499,5.5E-8,8175.03619336362,8151.245821061184,0.6552303052115291,1.1085301873295472,153882.6507188869,159351.5540553668,315.4611139986584,0.2971355128984466,3.443687875046843E-6,3.302801477977654E-8,7.490068833307751E-4,1.0746787837945248E-6,3.831970294030725,-4.834485771425534E-4,3.2447483058605575E-11,5.127577712930291E-8,2.5805806667334E-9,1.0523473181275315E-10,2.2966181075710428E-10,7.992085569698591E-10,4.1655233881146114E-4,5.253497549052495E-4,16559.91945065741,19608.91443163369,14519.611310895361
5.225000000000001E-6,5.225000000000001E-6,9.847161669862448,5.5E-8,8169.703397554607,8056.823026058362,0.6578529204998085,1.1178892198311627,152930.45347403214,158375.08528397718,315.27560643738565,0.2990679603993237,3.457975254472867E-6,3.2656487800045E-8,7.553305539399749E-4,9.620763935913602E-7,2.140578795700094,3.99917308016029E-5,3.339550303483043E-11,5.1243216224797714E-8,2.6083824210011463E-9,1.0737221909071554E-10,2.299327592662123E-10,8.005281985741272E-10,4.150422866316898E-4,5.31683309850883E-4,15992.43486447804,18884.999710615204,14071.62894574864
5.2375E-6,5.2375E-6,9.870719472900396,5.5E-8,8157.131904378522,7949.312644165329,0.6604964869813774,1.1263243799089233,151974.8475662001,157395.96075312223,315.088707065458,0.30101028851803624,3.4723713822013073E-6,3.2287381592407176E-8,7.610299864249482E-4,8.407863015236217E-7,1.186016554460366,2.2103023215436224E-4,3.431172336242673E-11,5.1210337166593194E-8,2.636604802950242E-9,1.0936667328161216E-10,2.3020919528948709E-10,8.019219139714146E-10,4.136631899703814E-4,5.381187720728007E-4,15409.234674194278,18124.72296088287,13616.281349707282
5.2500000000000006E-6,5.2500000000000006E-6,9.894277275938343,5.5E-8,8136.948703443932,7830.531562253234,0.6631588868722108,1.1338830382753644,151017.31234525016,156415.09599590735,314.9005744167635,0.3029607780808156,3.486864699271378E-6,3.1921017949108855E-8,7.661371880238949E-4,7.380394865208473E-7,0.38466241062542395,3.7344179847309533E-4,3.51960008200977E-11,5.117716711004019E-8,2.6652304025674107E-9,1.112134670184121E-10,2.304907477256667E-10,8.033857747166091E-10,4.124273252431283E-4,5.446523578406474E-4,14816.674841771532,17306.707049527067,13163.208973896606
5.262500000000001E-6,5.262500000000001E-6,9.917835078976292,5.5E-8,8109.013450387458,7704.392588319186,0.665838092350429,1.1405944090752187,150058.83157727486,155433.35302905642,314.71135982118534,0.3049177848795885,3.5014441541194544E-6,3.155768861315199E-8,7.706718980237964E-4,6.447177680968252E-7,-0.40362816244942223,5.410301853885358E-4,3.6047271929897906E-11,5.114373105011006E-8,2.6942422046744372E-9,1.1291091002646512E-10,2.30777050063781E-10,8.049144589495796E-10,4.113262864402176E-4,5.512803573597543E-4,14221.091828886443,16501.54026978088,12687.149931901055
5.275E-6,5.275E-6,9.94139288201424,5.5E-8,8073.416224502046,7571.195669092955,0.6685321241677288,1.1464708213858676,149100.2147514518,154451.55977070247,314.5212110784769,0.30687971624399496,3.516098976427379E-6,3.119766181820471E-8,7.74642446882343E-4,5.540962993677568E-7,-1.1777982732355667,7.095496074782659E-4,3.68635250401307E-11,5.1110053658942677E-8,2.7236231549718E-9,1.1446009014855329E-10,2.3106773308434503E-10,8.065013803042071E-10,4.103553180311253E-4,5.579990358629437E-4,13628.187457225225,15697.445576031838,12213.781859198729
5.287500000000001E-6,5.287500000000001E-6,9.96495068505219,5.5E-8,8029.984862793993,7425.950272818101,0.6712390156609693,1.1515111748159215,148142.24516140186,153470.5237523202,314.33027497792716,0.30884500621222294,3.5308184805687503E-6,3.0841187884277616E-8,7.780480910918389E-4,4.640796122146185E-7,-1.93028375834092,8.712875924743457E-4,3.7641930692934215E-11,5.107615980183581E-8,2.753355768078333E-9,1.158641874969377E-10,2.3136241808593952E-10,8.081391779703241E-10,4.0951425745964094E-4,5.648045437977867E-4,13042.316091317864,14832.32164273144,11748.562500876298
5.3E-6,5.3E-6,9.988508488090137,5.5E-8,7978.720881597435,7279.031263310462,0.673956786192166,1.1557051603289945,147185.70420523087,152491.04131681175,314.138699052598,0.310812096480876,3.5455919206260004E-6,3.048850327066289E-8,7.808818650871585E-4,3.741997578288192E-7,-2.662348401298914,0.001025802028095768,3.8379052787031304E-11,5.1042074758903356E-8,2.7834218246217717E-9,1.1712749365445916E-10,2.3166071175384248E-10,8.098204338492671E-10,4.088050103585915E-4,5.716928469570844E-4,12466.682052754586,13979.047976834056,11267.086020077284
5.3125E-6,5.3125E-6,10.012066291128086,5.5E-8,7920.410854230883,7135.616283201973,0.6766834232043546,1.1590363067391363,146231.3705472042,151513.90352517358,313.9466327604082,0.3127794239418399,3.5604083925014352E-6,3.013983325156191E-8,7.831326396886055E-4,2.84280702516071E-7,-3.3774921993572207,0.0011742624905366483,3.907101400695181E-11,5.100782439876203E-8,2.8138021530738307E-9,1.1825444445317693E-10,2.3196220275116945E-10,8.115384497794118E-10,4.082302332103929E-4,5.786596757006909E-4,11903.68548460695,13232.938503375048,10787.31787722831
5.325000000000001E-6,5.325000000000001E-6,10.035624094166035,5.5E-8,7855.284085802631,6980.595829581844,0.6794168711203327,1.16148501235101,145280.01906737295,150539.89955245526,313.75422820473756,0.31474541350721263,3.5752567733781694E-6,2.9795393550787653E-8,7.847871705074392E-4,1.9431957710480673E-7,-4.077096967795114,0.0013172693627154786,3.971368470871776E-11,5.0973435309586015E-8,2.8444764809235316E-9,1.1924883276672557E-10,2.3226645974586035E-10,8.132878352554373E-10,4.0779278156873223E-4,5.857004898619132E-4,11354.553984324442,12601.275178338441,10322.954783103745
5.3375E-6,5.3375E-6,10.059181897203981,5.5E-8,7783.001939931001,6818.195358720554,0.6821550286041635,1.1630324981526758,144332.42007980542,149569.81706270535,313.5616402682143,0.31670847708462385,3.590125706683338E-6,2.9455390847827947E-8,7.858327690220783E-4,1.0460451719040975E-7,-4.759291729928918,0.0014545452742140697,4.030295887873294E-11,5.093893483358594E-8,2.87542337617743E-9,1.2011327070231354E-10,2.3257303128092468E-10,8.150647626095926E-10,4.074951497259401E-4,5.928104642713409E-4,10819.258909904098,12053.464994525386,9856.819197570492
5.3500000000000004E-6,5.3500000000000004E-6,10.08273970024193,5.5E-8,7704.1216165092565,6661.686088858876,0.684895754049279,1.1636635584669048,143389.33853197767,148604.43969632394,313.369026162572,0.3186670184027056,3.6050036317021534E-6,2.9120022284195077E-8,7.862591611262871E-4,1.560028962899196E-8,-5.420622233421454,0.0015854224489260105,4.083497175748519E-11,5.090435098939728E-8,2.9066202823718408E-9,1.2084904284900143E-10,2.328814476254703E-10,8.168669083172229E-10,4.073389512416404E-4,5.999844957701228E-4,10297.193167528962,11542.544555237933,9398.99800243815
5.362500000000001E-6,5.362500000000001E-6,10.10629750327988,5.5E-8,7619.410810247208,6504.693199312351,0.6876368756994069,1.163368000865479,142451.53098003182,147644.54305415344,313.17654465681085,0.3206194410029395,3.6198788382416788E-6,2.8789474502281412E-8,7.860594600442426E-4,-7.213583472776009E-8,-6.056966858111082,0.0017091161767552876,4.130624027837336E-11,5.086971233581161E-8,2.9380436105281388E-9,1.2145636238102976E-10,2.331912238668478E-10,8.18693082985579E-10,4.073246518467926E-4,6.072172234336379E-4,9787.176690309445,11041.62910282004,8945.512515926712
5.375E-6,5.375E-6,10.129855306317827,5.5E-8,7529.05048088143,6343.357556206045,0.6903762060062778,1.162142962252461,141519.7396277068,146690.889392734,312.9843550168933,0.3225641590498575,3.6347395441456308E-6,2.8463922313948544E-8,7.852317312516629E-4,-1.578721909822889E-7,-6.662777363285386,0.0018245488874697458,4.1713873039900056E-11,5.0835047786024794E-8,2.9696688862587865E-9,1.2193474899806725E-10,2.33501864088667E-10,8.205426626437447E-10,4.0745129189012516E-4,6.145030616774648E-4,9287.020235171341,10549.930782790238,8499.136428354268
5.3875000000000005E-6,5.3875000000000005E-6,10.153413109355776,5.5E-8,7433.431011769962,6185.489402537677,0.6931115619430804,1.159995351086188,140594.6857622499,145744.22048739396,312.7926155326347,0.32449961207821065,3.6495740049393734E-6,2.814352684070891E-8,7.837806426258027E-4,-2.407399533410626E-7,-7.231509635334078,0.0019304348452351405,4.205579806871101E-11,5.080038634046686E-8,3.0014709746548662E-9,1.222833036974162E-10,2.338128670413599E-10,8.224151031787054E-10,4.077161292348202E-4,6.218362515458244E-4,8793.883323075173,10036.406658324788,8060.602716940824
5.400000000000001E-6,5.400000000000001E-6,10.176970912393726,5.5E-8,7333.182011842655,6028.049520253039,0.6958407892228717,1.156942689126004,139677.0630454996,144805.24945105083,312.6014817794439,0.32642428212738633,3.6643706444305916E-6,2.7828433418297148E-8,7.817180331932459E-4,-3.198766901846284E-7,-7.756932659993254,0.002025589062839117,4.2330878880542163E-11,5.076575676419716E-8,3.033424362394973E-9,1.2250093562176674E-10,2.341237328814395E-10,8.243096232479473E-10,4.081144949787234E-4,6.292109255436353E-4,8304.73715565015,9463.159182120993,7638.104596936299
5.4125E-6,5.4125E-6,10.200528715431673,5.5E-8,7228.1999475604625,5858.838682605533,0.6985617878047059,1.1530136180470225,138767.52931872255,143874.65246544918,312.41110480635905,0.3283367113793053,3.679118192054601E-6,2.751876958936717E-8,7.790632554371774E-4,-3.9442720790816564E-7,-8.233038525459051,0.002108905248519477,4.253900116840183E-11,5.0731187250460896E-8,3.0655034684277676E-9,1.2258655462636437E-10,2.3443397028987174E-10,8.262249452757582E-10,4.0863982271006774E-4,6.366211794654051E-4,7816.141705135457,8840.422075961327,7204.692523628684
5.4250000000000006E-6,5.4250000000000006E-6,10.224086518469623,5.5E-8,7117.940056405788,5679.662865011638,0.7012725393087699,1.1482489462763288,137866.69791845878,142953.06022216065,312.22162920594866,0.33023552070692397,3.6938058303351983E-6,2.7214643110025554E-8,7.758438826191411E-4,-4.6351245103437577E-7,-8.65374869635798,0.0021792767036288296,4.2681192218387105E-11,5.0696705058853314E-8,3.097682991370039E-9,1.2253913990740744E-10,2.3474310400940105E-10,8.28159113554249E-10,4.0928363477808045E-4,6.440611531324923E-4,7324.196912006902,8185.127802155726,6790.286560090638
5.437500000000001E-6,5.437500000000001E-6,10.24764432150757,5.5E-8,7002.387008160745,5498.632537629745,0.7039711363326159,1.1427020318595105,136975.12970097028,142041.04908742846,312.03319106536355,0.33211942908761166,3.7084233524176507E-6,2.6916139971630543E-8,7.720959674726422E-4,-5.263051737358638E-7,-9.013600286874862,0.0022357407047479683,4.275968368429709E-11,5.0662336123558875E-8,3.129938294528913E-9,1.223577774180412E-10,2.3505068276904796E-10,8.301093948148822E-10,4.100355777101491E-4,6.515251202850845E-4,6824.994922098293,7489.6129721324905,6374.293649405143
5.45E-6,5.45E-6,10.271202124545518,5.5E-8,6881.795918728113,5314.848449143337,0.7066558103103665,1.1364369679820907,136093.32679283238,141139.13313045233,311.8459160344251,0.33398727152385566,3.7229613114929475E-6,2.6623322800196674E-8,7.678628162041154E-4,-5.82211476825023E-7,-9.309315046596566,0.0022778097205673475,4.277779824066953E-11,5.062810467468174E-8,3.16224578890131E-9,1.220418898894922E-10,2.353562868084735E-10,8.320721654009676E-10,4.1088370768454504E-4,6.590075784758011E-4,6315.6156138876095,6773.035456079724,5964.325247437012
5.462500000000001E-6,5.462500000000001E-6,10.294759927583467,5.5E-8,6756.309561649176,5128.1389513176955,0.7093249513400819,1.1295235872087652,135221.72951732413,140247.75917232383,311.6599179701607,0.3358380109597421,3.7374111265624073E-6,2.6336230297733767E-8,7.631916129788954E-4,-6.310876631232532E-7,-9.541590091081162,0.0023058571969585273,4.273957835453606E-11,5.059403295953148E-8,3.1945832331224948E-9,1.2159163980472024E-10,2.356595334723587E-10,8.340428910952403E-10,4.118151887424488E-4,6.665033201497072E-4,5795.13561990281,6071.362180254568,5548.2583316871805
5.475E-6,5.475E-6,10.318317730621414,5.5E-8,6626.114900856625,4939.077691394774,0.7119771140887095,1.1220310238931732,134360.7163504056,139367.3066879267,311.47529856870455,0.3376707402937871,3.7517651127692845E-6,2.6054878242878715E-8,7.5812907019809E-4,-6.73272201368036E-7,-9.715170503734953,0.0023211302767833786,4.264928348905569E-11,5.056014114775594E-8,3.226929873380444E-9,1.2100820052913888E-10,2.3596007944438855E-10,8.36016365520252E-10,4.1281727489485926E-4,6.740074669080341E-4,5264.607864850351,5383.738345736411,5131.3845711485465
5.4875E-6,5.4875E-6,10.341875533659364,5.5E-8,6491.386190578057,4748.250296575008,0.7146110098224248,1.1140225839865345,133510.606871657,138498.09233985704,311.29214797362357,0.3394846747662692,3.7660164367093494E-6,2.5779261892526534E-8,7.527179621530639E-4,-7.094353868808412E-7,-9.837383753408176,0.002325407937362911,4.251096862556682E-11,5.0526447421094335E-8,3.2592664156616464E-9,1.2029377264972296E-10,2.3625761955655547E-10,8.379871011036212E-10,4.1387815802627627E-4,6.815154649487167E-4,4726.455140545847,4756.992826820239,4685.963082436315
5.500000000000001E-6,5.500000000000001E-6,10.365433336697313,5.5E-8,6352.546643715634,4561.225226959309,0.7172246645767929,1.104826628607782,132669.26899060063,137640.6555067999,311.1106085330108,0.34127858810189776,3.780154561837827E-6,2.550944374368271E-8,7.465044787890419E-4,-5.116082309086778E-7,-7.24588946885342,0.0015959458265655257,4.227248802029969E-11,5.049298652782415E-8,3.2915646563334407E-9,1.1945194213102917E-10,2.365514446372852E-10,8.399496554134246E-10,4.141220792658798E-4,6.890206763444577E-4,4185.526040792427,4315.259616750855,4004.1727721562415
5.5125E-6,5.5125E-6,10.38899113973526,5.5E-8,6210.138808650789,4375.0549536126355,0.7198160532245002,1.0951466525503897,131840.86566889827,136795.51802897803,310.9308130031154,0.34305120379219345,3.794168681523395E-6,2.52454849046761E-8,7.39963954425939E-4,-3.8610924548265755E-7,-5.5909974832520675,0.0011384498113784502,4.1986824848449026E-11,5.0459775742272125E-8,3.323795124798748E-9,1.184850450048791E-10,2.368413152086683E-10,8.418987569441673E-10,4.142328923096949E-4,6.965161492741367E-4,3635.0088732053005,3876.519383713277,3298.52915516324
5.5250000000000005E-6,5.5250000000000005E-6,10.41254894277321,5.5E-8,6064.276381015441,4185.250602896701,0.7223842009293245,1.0851068553098107,131025.33506292621,135962.85922919147,310.752828003741,0.344801999725597,3.808053673151153E-6,2.4987335414359288E-8,7.33180307641764E-4,-3.1537272917603335E-7,-4.633065575048022,8.777424203145756E-4,4.166329512835803E-11,5.042682991941622E-8,3.355940902393676E-9,1.1739631127255257E-10,2.3712703044684073E-10,8.438292512403097E-10,4.1430381632654427E-4,7.039978350196441E-4,3080.1522522368878,3417.8853913004477,2585.8946654660576
5.537500000000001E-6,5.537500000000001E-6,10.436106745811157,5.5E-8,5915.1589523988805,3997.932312838598,0.7249283238139874,1.074755125967317,130222.48133582989,135142.79088249465,310.5767065582255,0.3465305928745766,3.821805446522309E-6,2.4734926142247973E-8,7.261858959238628E-4,-2.7568838518732263E-7,-4.064617154968801,7.259271018966729E-4,4.1305523748668084E-11,5.039416165073773E-8,3.3879871882240785E-9,1.16190608967442E-10,2.3740841860465286E-10,8.457360917978665E-10,4.143542196443511E-4,7.114621686457353E-4,2526.779322446996,2962.505339337651,1911.0725242773995
5.55E-6,5.55E-6,10.459664548849105,5.5E-8,5763.304802808476,3814.08750590964,0.7274477211878448,1.0641177134178212,129432.21276377044,134335.3931602825,310.40249523461455,0.34823666311310747,3.835420360185513E-6,2.448818060681466E-8,7.189984550120414E-4,-2.53559862954944E-7,-3.7133029023507333,6.341527469118091E-4,4.091556758685892E-11,5.0361782081449194E-8,3.4199200092707337E-9,1.1487409238175522E-10,2.3768532929796785E-10,8.476145432523728E-10,4.1439314979789586E-4,7.189057704430325E-4,1980.0980985393073,2507.8526498226556,1229.1807808979074
5.5625000000000005E-6,5.5625000000000005E-6,10.483222351887054,5.5E-8,5609.090918582696,3631.8562493076997,0.7299417341519512,1.0532048757818278,128654.49688756927,133540.7289131623,310.2302371482935,0.34991992436561536,3.8488949972270235E-6,2.4247019539743907E-8,7.116249160688025E-4,-2.412687541664127E-7,-3.483077978003166,5.755995809550996E-4,4.049432582993281E-11,5.032970158865358E-8,3.451725728101352E-9,1.1345362296216109E-10,2.3795762480643115E-10,8.494605105263311E-10,4.144254705415621E-4,7.263253320666157E-4,1444.1502268354354,2053.02048934522,542.0566653486364
5.575000000000001E-6,5.575000000000001E-6,10.506780154925004,5.5E-8,5452.860478477069,3452.181662007797,0.7324097114642416,1.0420109035763487,127889.05193866778,132758.85477718094,310.0599745670257,0.35158009986382155,3.8622259805293014E-6,2.401136450468027E-8,7.040614213353707E-4,-2.2960694849416542E-7,-3.034767281411405,4.218200259629157E-4,4.0041530581118087E-11,5.029793046459653E-8,3.4833906244050236E-9,1.1193609913933326E-10,2.3822517083318497E-10,8.512708093170458E-10,4.144490704041319E-4,7.337175193714836E-4,921.2919969359219,1610.4497383854505,-83.30952315571662
5.5875E-6,5.5875E-6,10.530337957962951,5.5E-8,5294.931131087537,3274.5594744322566,0.7348509767003845,1.0305290294450211,127136.53852757027,131989.83322931416,309.8917505167692,0.353216905111697,3.875409795728292E-6,2.3781140692215942E-8,6.96303398273663E-4,-2.264825373288204E-7,-2.965924098710275,4.147438910706569E-4,3.955689023601361E-11,5.026647870849798E-8,3.5149004774780798E-9,1.103280158888906E-10,2.384878330945401E-10,8.530432295691516E-10,4.144573593572604E-4,7.410788750298788E-4,412.7036000130925,1175.6521018892133,-697.5133974569801
5.600000000000001E-6,5.600000000000001E-6,10.5538957610009,5.5E-8,5135.689910995913,3101.7624950411923,0.7372648542523188,1.0187581698479757,126396.63266054702,131233.72216859335,309.72560812290754,0.35483005701684867,3.888442931122192E-6,2.3556274961906355E-8,6.883501147621458E-4,-2.2448396023833085E-7,-2.8940877958839337,4.039351487818976E-4,3.9040615181429784E-11,5.023535679123376E-8,3.5462409000466938E-9,1.0863542722562416E-10,2.387454849119434E-10,8.547763525546561E-10,4.144649300746967E-4,7.484058964491258E-4,-80.94999368479944,740.580156867728,-1348.7007416633714
5.612500000000001E-6,5.612500000000001E-6,10.57745356403885,5.5E-8,4975.505368954685,2930.171646528523,0.7396506518880586,1.00668862401387,125669.3965007544,130490.58222004972,309.5615910361496,0.356419268054522,3.901321783913043E-6,2.333669706129287E-8,6.801950162255878E-4,-2.2294137394851532E-7,-2.820359260821533,3.911423221154564E-4,3.849232097769661E-11,5.0204575131981734E-8,3.5773971153971118E-9,1.0686417959030831E-10,2.3899799799499364E-10,8.56469217263161E-10,4.1447205827276404E-4,7.556949837494005E-4,-559.3328661262725,324.55010757675257,-1959.495793248813
5.625E-6,5.625E-6,10.601011367076797,5.5E-8,4814.415583036433,2758.2419369544177,0.742007653942883,0.9943101455642928,124954.89598841728,129760.4784314916,309.3997441290103,0.35798424001996293,3.9140426234106884E-6,2.3122340293741685E-8,6.718311794353329E-4,-2.2147900594404745E-7,-2.745368031702128,3.7735320672993566E-4,3.7911654273614984E-11,5.017414440493396E-8,3.6083538669566134E-9,1.0502022578967397E-10,2.392452440066321E-10,8.58120946880598E-10,4.144789607472591E-4,7.629424185504126E-4,-1022.2124260224715,-88.84968318425028,-2493.812455105842
5.637500000000001E-6,5.637500000000001E-6,10.624569170114745,5.5E-8,4652.792436533963,2594.4554176501633,0.7443351208610695,0.9816129436981113,124253.20119728344,129043.48042594636,309.2401135315719,0.35952466373702596,3.926601588653677E-6,2.291314146592524E-8,6.632519889852103E-4,-2.1988742730627565E-7,-2.6694764927988217,3.631237247958552E-4,3.7298375741454905E-11,5.014407554999102E-8,3.6390954093867E-9,1.0310984500853136E-10,2.3948709486630756E-10,8.597304425874908E-10,4.144857742091794E-4,7.70144361788843E-4,-1470.0290739450872,-490.60480978499066,-2973.841616359166
5.65E-6,5.65E-6,10.648126973152692,5.5E-8,4491.214245757899,2434.7637082284764,0.7466322964109974,0.9685954764215713,123564.64651434975,128339.66045911792,309.08274597404727,0.36104022482869264,3.938994727488262E-6,2.2709040092875026E-8,6.544564029875482E-4,-2.2305889800122715E-7,-2.854852228353593,4.5190916110726675E-4,3.665295689855213E-11,5.011437951318671E-8,3.669605602181872E-9,1.0113954826757558E-10,2.397234264954399E-10,8.612962595364509E-10,4.144964830289574E-4,7.772968755835919E-4,-1904.1839071560257,-875.2227522810472,-3411.504795012395
5.6625E-6,5.6625E-6,10.671684776190641,5.5E-8,4329.660647026551,2271.8389036484473,0.7488984306751314,0.9552570631243347,122888.72358531391,127649.08545685404,308.92768791998026,0.3625306144129991,3.951218120311322E-6,2.250997664214412E-8,6.454439615704964E-4,-2.2002709229695938E-7,-2.7262260911820704,4.171210984367235E-4,3.5976018590248417E-11,5.0085067657436275E-8,3.69986821817339E-9,9.911589410783774E-11,2.399541207161237E-10,8.628166541199989E-10,4.1451932988850157E-4,7.843959956343951E-4,-2326.128890721577,-1249.9390117243868,-3838.9028621550237
5.675000000000001E-6,5.675000000000001E-6,10.69524257922859,5.5E-8,4167.918935677347,2106.727656440705,0.7511327595620212,0.9415943484929618,122225.83718983312,126971.82516837894,308.7749858736569,0.3639955222212684,3.963267769988081E-6,2.231589390476897E-8,6.362123976303795E-4,-2.1704710420067386E-7,-2.618750102395097,3.9102893236986347E-4,3.52680635052064E-11,5.005615090946635E-8,3.729866677074446E-9,9.704535137619409E-11,2.401790598324696E-10,8.642897209208187E-10,4.145414940997691E-4,7.914376689059999E-4,-2737.609622824976,-1609.889306832422,-4280.482278419988
5.6875E-6,5.6875E-6,10.718800382266538,5.5E-8,4005.7617592475335,1937.0389329520783,0.753334529659293,0.9276171206224668,121576.04186128062,126307.94357040893,308.6246854850691,0.36543464772165274,3.975139735535739E-6,2.2126735184030893E-8,6.2676832474491E-4,-2.1395045024519277E-7,-2.523053794800944,3.6990848294493617E-4,3.453066528087169E-11,5.002764023700615E-8,3.759584384128606E-9,9.493398294233252E-11,2.4039813726790583E-10,8.657135689323267E-10,4.145631919671815E-4,7.98417833252337E-4,-3141.0775544334306,-1965.1561067801074,-4745.780585859639
5.7000000000000005E-6,5.7000000000000005E-6,10.742358185304488,5.5E-8,3842.8866796163275,1764.0336266113961,0.7555030191672095,0.9133424187628464,120939.38509613476,125657.49325159634,308.4768299226986,0.3668477147322517,3.986830244973796E-6,2.194244252064168E-8,6.171232559208422E-4,-2.1065036932554905E-7,-2.4339402863897703,3.516750747110109E-4,3.376600467839864E-11,4.9999546157038974E-8,3.789005026311724E-9,9.278726991065158E-11,2.4061125941757576E-10,8.670864283805144E-10,4.1458446796057016E-4,8.053324873665866E-4,-3538.792172220253,-2318.2825497747017,-5245.487734547597
5.712500000000001E-6,5.712500000000001E-6,10.765915988342437,5.5E-8,3679.2020757014716,1589.4861935930946,0.7576375529864113,0.8987925137210104,120315.90161452621,125020.51137606577,308.3314588745534,0.36823448060531455,3.998335776465662E-6,2.1762955608162804E-8,6.072922390006827E-4,-2.0710906937893016E-7,-2.348596178960179,3.351752117595197E-4,3.297669847213469E-11,4.997187854017431E-8,3.818112797399641E-9,9.061025055768326E-11,2.4081834855293457E-10,8.684066572202588E-10,4.1460531594472136E-4,8.121777442466291E-4,-3932.1376069802895,-2655.638807725799,-5756.964734583735
5.725E-6,5.725E-6,10.789473791380384,5.5E-8,3514.461114934394,1408.2817728322693,0.7597375124560481,0.8839929697861968,119705.6100266234,124397.0173536008,308.18860791977403,0.36959474179380875,4.009653110567419E-6,2.1588211215716043E-8,5.972925471528357E-4,-2.033169832316162E-7,-2.2655372412064025,3.1977356753998265E-4,3.2165635122225426E-11,4.9944646483707046E-8,3.8468925555133425E-9,8.840759114985171E-11,2.410193444689234E-10,8.696728043784645E-10,4.1462571527007874E-4,8.189498689395139E-4,-4322.3160087845,-2999.4311625370465,-6259.897351182566
5.7375000000000005E-6,5.7375000000000005E-6,10.813031594418332,5.5E-8,3348.2949847245204,1223.4448448979795,0.7618023883099875,0.8690123885934401,119108.70424144341,123786.99777151192,308.0483047490205,0.37092836732919365,4.020779615340279E-6,2.141813906633217E-8,5.871705328334055E-4,-2.0769883150251189E-7,-2.3907651355875714,3.7747428881118594E-4,3.1338825617166446E-11,4.9917857340131104E-8,3.875330580806237E-9,8.618337560330036E-11,2.4121422867672563E-10,8.708837832682569E-10,4.1469334732333757E-4,8.256454577307744E-4,-4710.8125110695,-3329.9862607218056,-6759.225213187726
5.750000000000001E-6,5.750000000000001E-6,10.836589397456281,5.5E-8,3180.845507945782,1042.2031869025948,0.7638317467801626,0.8538421836804098,118524.84959601813,123190.41751954796,307.910572280281,0.37223527529806344,4.031713063180405E-6,2.1252665148192478E-8,5.769203943786552E-4,-2.0815480837654833E-7,-2.4230036702065263,4.0249128689850977E-4,3.049664866819246E-11,4.989151812988662E-8,3.9034141486800356E-9,8.394100829844646E-11,2.414029733575612E-10,8.720390371937498E-10,4.147626560837298E-4,8.322613387896524E-4,-5097.724425678027,-3653.826605846808,-7245.047942723771
5.7625E-6,5.7625E-6,10.860147200494229,5.5E-8,3012.393472918498,861.2899618666623,0.7658251746183035,0.838511571704933,117954.04684158032,122607.23624869711,307.7754315270548,0.37351539725729455,4.0424513345481715E-6,2.1091716265303123E-8,5.665618727736033E-4,-2.0632982014490153E-7,-2.4015802521453224,4.0847618652861684E-4,2.964222639692275E-11,4.986563510009128E-8,3.931130794530694E-9,8.168343076494302E-11,2.4158557420933747E-10,8.731385987871835E-10,4.1483135964281103E-4,8.38794399691776E-4,-5482.915027435881,-3967.6875517074163,-7719.944664227864
5.775000000000001E-6,5.775000000000001E-6,10.883705003532178,5.5E-8,2842.9875431025835,680.8693129705148,0.7677825627374689,0.8234424819331534,117406.05256153179,122037.27518012491,307.64285577577635,0.3747687309687319,4.052993943266591E-6,2.0935199768707363E-8,5.563800553602387E-4,-1.467849605489846E-6,-12.258290443631267,0.00232852133799355,2.8806138870889278E-11,4.984016800686335E-8,3.958472297178978E-9,7.941335814922292E-11,2.417622276294043E-10,8.741829784938647E-10,4.146364942856669E-4,8.452425274768556E-4,-5867.720261355418,-4291.841333080232,-8190.70183853289
5.787500000000001E-6,5.787500000000001E-6,10.907262806570127,5.5E-8,2672.9961236395234,507.18237575137016,0.7697051220202771,0.8087360648455414,116857.12741362881,121480.13921956392,307.5128164451462,0.3759965164988377,4.063347514379375E-6,2.0782915675934665E-8,5.464432870577982E-4,-1.1860468467261853E-6,-8.637329020683865,0.0012870867774950057,2.7995648057410194E-11,4.981519633391881E-8,3.98544906548526E-9,7.71327205970405E-11,2.41933261463739E-10,8.751729452111925E-10,4.1599954060809086E-4,8.516080070373267E-4,-6240.799180280174,-4601.596183700191,-8640.970732034499
5.8E-6,5.8E-6,10.930820609608075,5.5E-8,2502.871679424278,336.45210660500777,0.7715928472787335,0.793875309623764,116323.276023195,120935.62000648824,307.3852707587755,0.3771987863547418,4.073512111889235E-6,2.063477245627017E-8,5.36402236232273E-4,-1.0226341562713514E-6,-7.747839944649968,0.001223759257122481,2.7175211917345482E-11,4.97906650412566E-8,4.012054727412291E-9,7.484629762970547E-11,2.420985667582016E-10,8.761094037399258E-10,4.172590675283492E-4,8.578891703621494E-4,-6594.234642852911,-4907.7178830139155,-9082.800489076082
5.812500000000001E-6,5.812500000000001E-6,10.954378412646024,5.5E-8,2332.7017996269637,166.09643318521574,0.7734453624839287,0.7788422546210256,115802.49427569452,120403.67894013251,307.2602385282807,0.37837547506188807,4.0834858014979745E-6,2.0490709161852033E-8,5.262447666358281E-4,-9.40206568600388E-7,-7.622838479284837,0.001338218519830292,2.6344605274956153E-11,4.9766581016410556E-8,4.038277739586213E-9,7.255975315861438E-11,2.42258156146662E-10,8.76993400282226E-10,4.184485610767955E-4,8.640831290971456E-4,-6928.854808192204,-5201.944797218186,-9513.110872320018
5.825E-6,5.825E-6,10.977936215683972,5.5E-8,2162.7007384470726,1.137315641324684,0.7752622390763467,0.7636170047613882,115294.12932766452,119884.29600920025,307.13774268065674,0.3795264915370768,4.093266364375733E-6,2.035067064395917E-8,5.159574356495865E-4,-9.021278735588113E-7,-7.628410372550206,0.001422942914881986,2.550356176413477E-11,4.974295176620824E-8,4.064105812294324E-9,7.027831600441364E-11,2.424120368053128E-10,8.77826124638467E-10,4.1959304936165924E-4,8.7018681756002E-4,-7246.390292863504,-5490.397044065807,-9906.11791698556
5.8375000000000004E-6,5.8375000000000004E-6,11.00149401872192,5.5E-8,1993.3511846247334,-157.01354343803038,0.7770430060265883,0.7481846765451615,114798.02573461387,119377.46451671072,307.0178085365439,0.3806517185089424,4.1028513511999256E-6,2.0214606897254457E-8,5.055301868548389E-4,-8.847935546896225E-7,-7.615046820411408,0.0014589280808721128,2.465224887349563E-11,4.9719784876554224E-8,4.089526043169801E-9,6.800663825292424E-11,2.4256021359910787E-10,8.786089066839226E-10,4.2070776606319013E-4,8.761970241036198E-4,-7549.174979768924,-5766.490140336371,-10266.890470055298
5.850000000000001E-6,5.850000000000001E-6,11.025051821759869,5.5E-8,1824.9568389686576,-312.96579293967676,0.7787871656140046,0.7325378720940138,114314.16961497295,118883.1859365417,306.9004628658604,0.38175102061275884,4.112238167124247E-6,2.0082471813750133E-8,4.949580216851444E-4,-8.759986539530473E-7,-7.566851667327683,0.001463245213884079,2.379141518065473E-11,4.969708786441672E-8,4.114525137406849E-9,6.574867021240721E-11,2.427026925233779E-10,8.793432283967105E-10,4.21800147940203E-4,8.82110443070597E-4,-7840.149793004519,-6033.157322851017,-10597.608937613588
5.8625E-6,5.8625E-6,11.048609624797816,5.5E-8,1657.5264309875042,-467.71742993781976,0.780494212861961,0.7166779047749133,113842.5757060905,118401.46447275236,306.78573270814326,0.382824256649483,4.121424176440717E-6,1.995422164616213E-8,4.842418275506171E-4,-8.700830586860775E-7,-7.493919105047098,0.0014513095575630075,2.292243986079101E-11,4.967486808966438E-8,4.1390896868522855E-9,6.350763162682013E-11,2.428394843387914E-10,8.800306814492173E-10,4.2287297804144777E-4,8.879237408511427E-4,-8122.43230037058,-6291.248708481325,-10896.659865488147
5.8750000000000005E-6,5.8750000000000005E-6,11.072167427835765,5.5E-8,1491.332932243904,-614.4716035574334,0.7821636558648476,0.7006144325100097,113383.25532283554,117932.30157219143,306.67364409107313,0.38387129251068025,4.130406811979781E-6,1.9829813464915046E-8,4.7338813007433085E-4,-8.64590435298851E-7,-7.405658822915029,0.001431884703684716,2.2047268995132806E-11,4.965313260374623E-8,4.163206469028587E-9,6.128611301951314E-11,2.429706080250098E-10,8.806728981706019E-10,4.239265633649923E-4,8.936336268519312E-4,-8398.811560229757,-6540.2812114168555,-11162.887824532649
5.887500000000001E-6,5.887500000000001E-6,11.095725230873715,5.5E-8,1326.8789432546855,-755.1986241790967,0.7837950338839614,0.6843640579250813,112936.20813575613,117475.69115386893,306.5642208699456,0.38489201244040494,4.139183672434305E-6,1.9709203852659393E-8,4.6240814724667653E-4,-8.585021728890752E-7,-7.307240395274675,0.001409076561085243,2.1168283825108248E-11,4.96318879740504E-8,4.186862720604053E-9,5.908620594058645E-11,2.4309609356563774E-10,8.812715212137866E-10,4.249599854466624E-4,8.992369185988813E-4,-8671.542508731607,-6785.833207625672,-11391.84130957153
5.9E-6,5.9E-6,11.119283033911662,5.5E-8,1164.1917697521021,-896.8018389754087,0.7853879317537772,0.6679486641806665,112501.41993275215,117031.61593447982,306.45748380135797,0.3858863277382402,4.147752599775894E-6,1.9592347929030894E-8,4.5131666498693677E-4,-8.514143377169603E-7,-7.200949338516693,0.0013845647236720993,2.0288156227826592E-11,4.961114012436754E-8,4.2100463627149555E-9,5.690968777289768E-11,2.4321598386467906E-10,8.818281323364368E-10,4.259717688060785E-4,9.047305955837491E-4,-8942.324983397777,-7023.765620032276,-11627.365506617052
5.9125000000000006E-6,5.9125000000000006E-6,11.142840836949611,5.5E-8,1003.1925234536566,-1034.9840663104624,0.7869419903321994,0.6513937178033808,112078.86173829707,116600.04490258978,306.353449877156,0.3868541828265629,4.156111735352058E-6,1.947919870354018E-8,4.4013089040768975E-4,-8.431925007812425E-7,-7.087777009538513,0.0013589730319800708,1.9409709009478492E-11,4.959089421071261E-8,4.2327461724338586E-9,5.475829239551879E-11,2.433303358114699E-10,8.823440925851516E-10,4.2696023541983726E-4,9.101118404536774E-4,-9212.272453365089,-7257.342723786621,-11923.844475960092
5.925000000000001E-6,5.925000000000001E-6,11.166398639987559,5.5E-8,844.1684608570716,-1166.9589683381462,0.7884569129077602,0.6347265583678525,111668.48943259293,116180.93194104297,306.25213192775755,0.3877955587117963,4.164259554216701E-6,1.936970674230345E-8,4.2886929619449495E-4,-8.338360451887184E-7,-6.968386805755472,0.0013325499904688343,1.8535784348516402E-11,4.957115454276645E-8,4.254951897311325E-9,5.2633954486476827E-11,2.4343922055217995E-10,8.828204047013348E-10,4.2792371211403964E-4,9.153780667668225E-4,-9481.949977088667,-7491.056094517759,-12277.270741582843
5.9375E-6,5.9375E-6,11.189956443025507,5.5E-8,687.2465512555924,-1297.944458386885,0.7899324680255585,0.6179751344408275,111270.24366504893,115774.2154434107,306.1535384647901,0.388710474193616,4.172194880195704E-6,1.9263820097166976E-8,4.1755076651407263E-4,-8.234049965949453E-7,-6.843401756846106,0.0013054294798955368,1.7669148598823935E-11,4.9551924549932457E-8,4.27665431809466E-9,5.053891860818342E-11,2.435427231035909E-10,8.832576777908881E-10,4.288606568836136E-4,9.205269344793399E-4,-9751.60687155715,-7716.679109011928,-12658.444065016674
5.950000000000001E-6,5.950000000000001E-6,11.213514246063456,5.5E-8,532.3088278140298,-1427.8008752166436,0.7913684898819048,0.601167109552878,110884.05026215826,115379.81858266867,306.0576736846759,0.3895989855764743,4.1799168878853505E-6,1.9161484401302403E-8,4.061939929411338E-4,-8.119951026230865E-7,-6.713548099462059,0.001277732017904043,1.681242693126449E-11,4.953320677755727E-8,4.297845275212734E-9,4.847572693128717E-11,2.436409415425169E-10,8.836561863197713E-10,4.297697180881264E-4,9.255563568261112E-4,-10021.141206739352,-7942.595264821427,-13051.077117329049
5.962500000000001E-6,5.962500000000001E-6,11.237072049101405,5.5E-8,379.3726817758744,-1555.2349004941645,0.7927648761788872,0.5843285420642083,110509.82139945046,114997.6502448894,305.9645376393513,0.39046118484257797,4.187425091007235E-6,1.90626431304207E-8,3.9481658247581637E-4,-7.997547241700432E-7,-6.579911965976862,0.0012496403565283032,1.596802201909042E-11,4.951500291497585E-8,4.3185176565090005E-9,4.644713655561991E-11,2.4373398582446763E-10,8.840160220280662E-10,4.3064978021995805E-4,9.304644979724868E-4,-10289.892940532414,-8160.787684126568,-13447.885812378063
5.975E-6,5.975E-6,11.260629852139353,5.5E-8,228.29613031805405,-1684.724027250706,0.7941215825610779,0.5674824144592682,110147.45737752838,114627.60685336032,305.8741266328243,0.39129719577579725,4.194719312408212E-6,1.8967238083441325E-8,3.8343406382382984E-4,-7.868791580278867E-7,-6.443928482234696,0.001221407227061988,1.5138035942420907E-11,4.9497313868998656E-8,4.338665332317403E-9,4.445598152938164E-11,2.438219761717035E-10,8.84337306150971E-10,4.3150002019156616E-4,9.352497581104037E-4,-10556.756458401358,-8381.3019953105,-13835.910760894067
5.987500000000001E-6,5.987500000000001E-6,11.284187655177302,5.5E-8,78.90857890171128,-1811.4232231685808,0.7954386142284791,0.5506477352885761,109796.84888721051,114269.57490237447,305.786433802673,0.3921071684289464,4.201799638908234E-6,1.8875210032130087E-8,3.720592806003893E-4,-7.735825117549667E-7,-6.307165221109244,0.001193311273205211,1.4324235065390326E-11,4.948013987510586E-8,4.358283045717079E-9,4.2505017504420776E-11,2.439050411724782E-10,8.84620381817167E-10,4.323199342252927E-4,9.399107478326696E-4,-10820.381534397351,-8596.292090366485,-14197.653284795773
6.0E-6,6.0E-6,11.30774545821525,5.5E-8,-68.47637804842039,-1931.173656662746,0.7967160156335361,0.5338386727067327,109457.87999809926,113923.43393964395,305.7014498239439,0.39289127250351347,4.208666365881619E-6,1.878649947118069E-8,3.607018058829275E-4,-7.601056279327168E-7,-6.17138992089167,0.001165670177917022,1.3528025669953015E-11,4.946348063255557E-8,4.3773662708278025E-9,4.05968355537962E-11,2.439833157778769E-10,8.848659328050194E-10,4.3310933072745854E-4,9.4444625482271E-4,-11078.974101084297,-8803.062666097845,-14525.18982843529
6.0125000000000005E-6,6.0125000000000005E-6,11.331303261253199,5.5E-8,-213.79483483347428,-2052.138680503286,0.7979538573617839,0.5170630397300856,109130.43193966048,113589.06023523807,305.6191637952403,0.3936496891010078,4.215319926734135E-6,1.870104752855408E-8,3.4936691873654435E-4,-7.467400020289006E-7,-6.038758669234994,0.0011388743731721718,1.2750406614263377E-11,4.944733547581084E-8,4.3959110252900305E-9,3.8733907147753946E-11,2.4405693914619875E-10,8.850750045467871E-10,4.3386833737949745E-4,9.488551995549172E-4,-11330.119264074732,-9015.89192070584,-14819.7481487965
6.025000000000001E-6,6.025000000000001E-6,11.354861064291146,5.5E-8,-357.18064458109274,-2169.0769303147767,0.799152219527005,0.5003210265279779,108814.38733689908,113266.33131003747,305.53956435210836,0.3943826004569321,4.221760803683645E-6,1.8618797077930864E-8,3.3805474765403917E-4,-7.338029777770317E-7,-5.911617253857003,0.0011133549710606871,1.1991948270418749E-11,4.943170359317304E-8,4.4139136263347825E-9,3.69186980741547E-11,2.4412605230976077E-10,8.852489397808365E-10,4.345974171453143E-4,9.531365774706061E-4,-11571.118815940761,-9224.151157315773,-15088.429157477549
6.0375E-6,6.0375E-6,11.378418867329094,5.5E-8,-498.1817036864407,-2276.56304809309,0.8003111735982537,0.48360517920529095,108509.6345625187,112955.13079801238,305.4626408792221,0.39509017884052455,4.2279894301531054E-6,1.8539693918123368E-8,3.267602562197912E-4,-7.215854667208532E-7,-5.792092187511116,0.001089501944122162,1.1252842275047757E-11,4.941658426688917E-8,4.4313704187527535E-9,3.5153725000261765E-11,2.4419079594417506E-10,8.853893048271327E-10,4.352973397916071E-4,9.572893943480733E-4,-11799.458535417358,-9427.513268585775,-15330.867805916772
6.0500000000000005E-6,6.0500000000000005E-6,11.401976670367043,5.5E-8,-636.6359553207358,-2384.696343357612,0.8014307656307759,0.4669016016512841,108216.0717125282,112655.3528479415,305.3883846235976,0.39577257642438674,4.234006100745535E-6,1.8463687819739854E-8,3.1547405516978654E-4,-7.103084180926089E-7,-5.68175603981399,0.0010676010508081646,1.0533009105315464E-11,4.940197709472386E-8,4.448277519729017E-9,3.3441502947286815E-11,2.4425130860179955E-10,8.854978656314574E-10,4.3596910434043665E-4,9.613126055685021E-4,-12013.24588159558,-9625.82269673707,-15542.950519702887
6.062500000000001E-6,6.062500000000001E-6,11.425534473404992,5.5E-8,-772.7882676986671,-2491.1185976850115,0.8025110039591337,0.450192580115718,107933.60928801674,112366.9052674398,305.3167895076249,0.39642991796201194,4.2398109052257255E-6,1.8390733241987843E-8,3.041841757538635E-4,-7.000708345117346E-7,-5.581230125050752,0.0010477576209826367,9.832259968452192E-12,4.938788215361805E-8,4.4646306277482645E-9,3.178441503E-11,2.443077257024735E-10,8.855765784929972E-10,4.3661382836779545E-4,9.652050705373991E-4,-12211.768122307692,-9814.575365277124,-15743.69754382822
6.075E-6,6.075E-6,11.44909227644294,5.5E-8,-906.3360646796705,-2588.2224240494843,0.8035518544494391,0.4334602151510397,107662.17112074263,112089.7106154355,305.2478524379932,0.39706229810705956,4.245403703133519E-6,1.8320789527286716E-8,2.928785237507025E-4,-6.908300386498922E-7,-5.490039367461577,0.0010298675587065986,9.150480586605235E-12,4.9374300063610625E-8,4.480424944180239E-9,3.018459451625342E-11,2.443601795076159E-10,8.856275308137146E-10,4.3723260391006856E-4,9.689655338778461E-4,-12395.589402525115,-9989.006193169052,-15946.191646142144
6.087500000000001E-6,6.087500000000001E-6,11.47265007948089,5.5E-8,-1037.0561128957586,-2684.9630519193834,0.8045532436857861,0.41668931386308633,107401.69377831116,111823.70518441069,305.181573087641,0.39766978354063953,4.250784141023824E-6,1.8253820568772547E-8,2.815468336912745E-4,-6.824516268011393E-7,-5.4070126271199115,0.0010136896055552569,8.487754125740392E-12,4.9361231945816125E-8,4.495655215398896E-9,2.8643899615099464E-11,2.444087999737336E-10,8.856528352960447E-10,4.378263677390126E-4,9.72592635323193E-4,-12566.024360508696,-10164.095527666339,-16121.67779151358
6.100000000000001E-6,6.100000000000001E-6,11.496207882518839,5.5E-8,-1165.3908671336505,-2785.6888914229853,0.8055150674748607,0.39986914588604267,107152.12451845124,111568.83660581398,305.11795332796805,0.3982524182797534,4.255951698261166E-6,1.8189794142034852E-8,2.701818553284072E-4,-6.747472191648285E-7,-5.330580012734572,9.989104366852075E-4,7.844413662403483E-12,4.9348679311293126E-8,4.5103158574744356E-9,2.7163930672500203E-11,2.4445371607123733E-10,8.856545423167407E-10,4.3839584528071484E-4,9.760849393178085E-4,-12724.994059297855,-10316.207846594845,-16262.56223524247
6.1125E-6,6.1125E-6,11.519765685556786,5.5E-8,-1291.4479034501892,-2880.35980421931,0.8064372034824205,0.3829952479525964,106913.41789234862,111325.0604138948,305.0569963916814,0.3988102314248959,4.260905754986353E-6,1.8128680988847167E-8,2.587805729409435E-4,-6.674708249931883E-7,-5.258738937174712,9.851339755755362E-4,7.2210794855253885E-12,4.9336643897240874E-8,4.524401146391141E-9,2.5745990700830002E-11,2.444950573275594E-10,8.85634613027943E-10,4.3894153043407105E-4,9.794409802931154E-4,-12875.04440284203,-10464.458594406617,-16409.36549917069
6.125000000000001E-6,6.125000000000001E-6,11.543323488594734,5.5E-8,-1414.928344695719,-2970.991491864129,0.8073195270823974,0.36607006397071445,106685.53210120027,111092.3358181016,304.9987058255814,0.3993432467635813,4.26564567731176E-6,1.807045371876691E-8,2.473446378180503E-4,-6.603821790918118E-7,-5.189548291880783,9.719720611940375E-4,6.618635881315734E-12,4.932512745890847E-8,4.537905460351688E-9,2.4391057412641526E-11,2.445329554307809E-10,8.85594933888465E-10,4.394636704248977E-4,9.82659320433248E-4,-13018.528075796798,-10601.870865290486,-16567.80092380664
6.137500000000001E-6,6.137500000000001E-6,11.566881291632683,5.5E-8,-1536.0631996580064,-3065.1769170868097,0.8081619261694547,0.3491015617516832,106468.42567505191,110870.62180890603,304.94308451561074,0.39985149166704675,4.270170896918139E-6,1.8015085809191813E-8,2.3587943361600216E-4,-6.533098176930707E-7,-5.121618599947396,9.591442383376503E-4,6.038129567645437E-12,4.9314131574931725E-8,4.550823509247331E-9,2.3099834360415186E-11,2.445675454738971E-10,8.855373338424827E-10,4.399623167908181E-4,9.857386044619363E-4,-13157.174730330227,-10728.216074165484,-16715.1147230149
6.15E-6,6.15E-6,11.59043909467063,5.5E-8,-1655.0740560529746,-3155.861629290779,0.8089643124371787,0.3321018637144924,106262.05444246299,110659.87424270975,304.8901339498863,0.40033500380242915,4.274480971642624E-6,1.7962550860549445E-8,2.243931511584408E-4,-6.461298839610663E-7,-5.05393456548336,9.464438903457051E-4,5.480679408373236E-12,4.930365750153035E-8,4.563150512244377E-9,2.1872811622965602E-11,2.445989666386105E-10,8.854635863342615E-10,4.404374141624676E-4,9.886776021227747E-4,-13292.393357244695,-10848.119436195488,-16861.071806507516
6.162500000000001E-6,6.162500000000001E-6,11.61399689770858,5.5E-8,-1771.7080186651147,-3241.117661947596,0.8097266299838922,0.3150861788548223,106066.3693675702,110460.04365552166,304.8398536593634,0.40079383619620607,4.2785756316976115E-6,1.7912822040689344E-8,2.1289606679379886E-4,-6.387635325211249E-7,-4.985831685777157,9.337300873317744E-4,4.947407194759334E-12,4.9293706060909984E-8,4.574882335698953E-9,2.0710325994134203E-11,2.446273624552224E-10,8.85375394718596E-10,4.4088885402987244E-4,9.914752412371781E-4,-13425.081495479379,-10969.9334191534,-17015.410396628202
6.175E-6,6.175E-6,11.637554700746527,5.5E-8,-1886.0124863008944,-3327.910812437668,0.8104488602730597,0.29807070601452024,105881.31566054627,110271.07404366226,304.79224089881166,0.40122806008210016,4.282454806301579E-6,1.7865871774471702E-8,2.0139912568548665E-4,-6.312157967158783E-7,-4.917299697199269,9.209847798707926E-4,4.439347283876566E-12,4.92842775758314E-8,4.586015575602027E-9,1.9612658195361766E-11,2.4465288064089885E-10,8.852743710276217E-10,4.413165196578153E-4,9.941306275508782E-4,-13555.220157634143,-11079.648893266054,-17172.407472407267
6.1875000000000005E-6,6.1875000000000005E-6,11.661112503784477,5.5E-8,-1998.2482299199414,-3414.25962002061,0.81113102179616,0.28107051452696524,105706.8327739706,110092.90303010892,304.7472906779869,0.4016377645745636,4.286118621856315E-6,1.7821671777696958E-8,1.8991250981551707E-4,-6.235546496213828E-7,-4.848815496954558,9.082885405842234E-4,3.95737577043723E-12,4.927537187530846E-8,4.596547558181475E-9,1.858011060428646E-11,2.446756724800683E-10,8.851620270693509E-10,4.417203529831502E-4,9.966430450545566E-4,-13682.294747995626,-11194.132487143235,-17333.925349140267
6.200000000000001E-6,6.200000000000001E-6,11.684670306822426,5.5E-8,-2108.4106703084967,-3497.753906294689,0.8117731665960944,0.26409903132687523,105542.85487650029,109925.46283528575,304.7049959992028,0.40202305448536957,4.289567383269095E-6,1.7780193287797764E-8,1.7844529143707787E-4,-6.158500877972983E-7,-4.780865878998156,8.957248825085529E-4,3.5022034257795867E-12,4.926698834260921E-8,4.606476291090043E-9,1.7613006639614004E-11,2.446958919932005E-10,8.850397858123208E-10,4.4210039218480434E-4,9.990119444907941E-4,-13805.824430086555,-11299.211416864857,-17493.659060021786
6.2125E-6,6.2125E-6,11.708228109860373,5.5E-8,-2216.5565262920036,-3581.476593526478,0.8123753762492069,0.24716781083963246,105389.31199030684,109768.6813641058,304.66534812743924,0.402384047839544,4.2928015523760686E-6,1.774140732066107E-8,1.6700527759434626E-4,-6.081828533410771E-7,-4.7140203153448965,8.833900779805504E-4,3.0743814536363644E-12,4.925912596799618E-8,4.615800404984674E-9,1.6711667488409587E-11,2.4471369513406467E-10,8.849090045179013E-10,4.424567559065865E-4,0.0010012369295346617,-13925.055909708271,-11395.294348144616,-17650.50165448247
6.2250000000000005E-6,6.2250000000000005E-6,11.73178591289832,5.5E-8,-2322.8586530811885,-3664.931909636073,0.8129377563249244,0.23028555796419792,105246.13158416467,109622.48366684625,304.6283369588016,0.40272087250824934,4.295821718198394E-6,1.7705285016801177E-8,1.555983499758094E-4,-6.006651480561232E-7,-4.649093478225041,8.714290868327979E-4,2.6742928528911828E-12,4.925178342092913E-8,4.62451907030379E-9,1.587640566659365E-11,2.4472923898391074E-10,8.847710012211762E-10,4.4278963559069625E-4,0.0010033177370221194,-14038.902352544157,-11498.893893227096,-17812.241386231373
6.237500000000001E-6,6.237500000000001E-6,11.75534371593627,5.5E-8,-2427.3707445254445,-3746.725210513555,0.8134604291869953,0.21345786587225274,105113.24012191212,109486.79381045944,304.5939514975888,0.40303366188682854,4.298628558301307E-6,1.767179808496443E-8,1.4422828775152212E-4,-5.9340434177102E-7,-4.586861339397728,8.59982313880181E-4,2.302169491437844E-12,4.9244959145800845E-8,4.6326318870532546E-9,1.5107498748271327E-11,2.447426809615097E-10,8.846270796006821E-10,4.430993028363231E-4,0.0010052542107014707,-14146.387100071875,-11590.923195925121,-17955.89546105461
6.25E-6,6.25E-6,11.778901518974218,5.5E-8,-2530.1210937942988,-3827.311838381346,0.8139435270532196,0.19668751712994603,104990.56475358598,109361.53666006935,304.56218031407445,0.4033225507554763,4.301222801549758E-6,1.76409192207363E-8,1.3289697103374733E-4,-5.864958740176007E-7,-4.528007917484501,8.491710774940486E-4,1.9581235468047077E-12,4.923865145330715E-8,4.640138777369783E-9,1.440515863069069E-11,2.4475417818086007E-10,8.844785437520261E-10,4.433860870421876E-4,0.001007046275613758,-14246.555279326767,-11682.55011075223,-18071.756585386538
6.262500000000001E-6,6.262500000000001E-6,11.802459322012167,5.5E-8,-2631.085956688964,-3904.487562028426,0.8143865879768494,0.1794501948731292,104876.71361054934,109246.80174384647,304.5330554395305,0.4035873375617062,4.303601985095157E-6,1.7612660138221613E-8,1.2125013167103324E-4,-3.761366345145234E-7,-2.992849837479298,5.755060258776368E-4,1.6326134806180413E-12,4.9232873193573635E-8,4.6470305849707685E-9,1.3769385650297989E-11,2.4476380054477165E-10,8.843266955118487E-10,4.435686133079938E-4,0.0010086916935947933,-14337.664002243197,-11767.803372000008,-18184.187346423172
6.275000000000001E-6,6.275000000000001E-6,11.826017125050116,5.5E-8,-2730.018400324783,-3975.516518930694,0.8147890905403341,0.16227219971428522,104773.91639248212,109142.67824135708,304.50660278414034,0.4038277256840809,4.305763324460839E-6,1.758703862171905E-8,1.0964337818532786E-4,-2.5454155533566336E-7,-2.124003834238465,4.262329849966662E-4,1.3369880749823576E-12,4.922762148024548E-8,4.653297361215894E-9,1.3202414311458049E-11,2.447717471316198E-10,8.841728177455597E-10,4.436874313632506E-4,0.0010101880407602237,-14429.287629928514,-11849.832022137343,-18283.521113343046
6.2875E-6,6.2875E-6,11.849574928088064,5.5E-8,-2826.7275420257884,-4044.2060681276384,0.8151512283003026,0.14518598689262885,104681.84107676805,109049.08556955504,304.48280823704795,0.4040438787703727,4.3077078736914325E-6,1.7564027656944887E-8,9.809863979231679E-5,-1.8415799900139975E-7,-1.6682914200864616,3.6122249711567633E-4,1.0716861882407841E-12,4.922289506383233E-8,4.65894044092564E-9,1.2703826661099186E-11,2.447781845815439E-10,8.840181562015014E-10,4.4377015255179E-4,0.0010115355913961313,-14519.272298006565,-11934.81540643642,-18348.341294180016
6.300000000000001E-6,6.300000000000001E-6,11.873132731126013,5.5E-8,-2921.268334797822,-4110.767067832854,0.8154732390115496,0.12820684238016566,104600.20014396036,108965.93448064178,304.46165470351974,0.4042359800178904,4.309436922508155E-6,1.7543599072806415E-8,8.662624485146329E-5,-1.431582002453524E-7,-1.4255355755103665,3.338273334092534E-4,8.366719664742295E-13,4.9218691590066964E-8,4.663962025474093E-9,1.2273220991423315E-11,2.44783278588154E-10,8.838639065815022E-10,4.4383079397463727E-4,0.001012734831387701,-14604.861183038478,-12012.427850911845,-18416.89601469048
6.312500000000001E-6,6.312500000000001E-6,11.89669053416396,5.5E-8,-3013.3713712666563,-4168.465634276056,0.8157553832776453,0.11134065737808191,104528.80062206904,108893.13292081043,304.443123614191,0.40440422075795607,4.3109518817327E-6,1.7525724835565788E-8,7.52301739041094E-5,-1.1903716696792799E-7,-1.2928616201088516,3.225625511404928E-4,6.31671199256518E-13,4.921500809230727E-8,4.6683648493356454E-9,1.1910233206118209E-11,2.4478719293065943E-10,8.837112036045387E-10,4.4387713788163007E-4,0.0010137863785824115,-14683.565784892451,-12091.40317750223,-18489.77976279708
6.3250000000000004E-6,6.3250000000000004E-6,11.920248337201908,5.5E-8,-3102.6754604059897,-4222.1626620235365,0.8159978213322955,0.09449375496943468,104467.15489960721,108830.61879104428,304.42720380163706,0.404548729966734,4.312253621744717E-6,1.7510384781237776E-8,6.384713173610452E-5,-7.298971297586832E-8,-0.8434176459022638,2.1906526046944208E-4,4.553830691890564E-13,4.9211843786205126E-8,4.672150253625295E-9,1.1614481654826389E-11,2.4479008037793296E-10,8.835611149225789E-10,4.4391090645353945E-4,0.0010146905225978545,-14753.268430848975,-12160.112418079309,-18536.819134143847
6.337500000000001E-6,6.337500000000001E-6,11.943806140239857,5.5E-8,-3189.325636329192,-4276.435146453395,0.8162006950415778,0.07775371171202683,104415.71808386325,108778.33554756374,304.4138837433937,0.40466961473842045,4.313342912769397E-6,1.749756143987457E-8,5.2536291697315424E-5,-4.6630432990468765E-8,-0.5876838161866544,1.6069245747196703E-4,3.0855799803096593E-13,4.920919544868419E-8,4.675319460570768E-9,1.138600869795473E-11,2.4479210443076616E-10,8.834146469253433E-10,4.439314055828399E-4,0.001015447529081686,-14814.260169978306,-12218.414317117613,-18580.283973693106
6.35E-6,6.35E-6,11.967363943277805,5.5E-8,-3273.3575155662097,-4325.623910727647,0.8163642555038793,0.06111735484402466,104374.32888236127,108736.20313406207,304.40314607055154,0.40476704693160137,4.314221110121533E-6,1.7487231849207487E-8,4.129551002974639E-5,-3.143555900919637E-8,-0.4427273354940553,1.2826823902933882E-4,1.9075885589169648E-13,4.920706009578466E-8,4.67787556550272E-9,1.1224338448863838E-11,2.447934221959794E-10,8.832727591575003E-10,4.439443626476388E-4,0.001016058115496745,-14865.403653195792,-12274.339012980494,-18645.269791397186
6.3625000000000005E-6,6.3625000000000005E-6,11.990921746315754,5.5E-8,-3354.578997260932,-4370.849593191678,0.8164887387992559,0.044577139410460785,104342.86730130018,108704.14837764435,304.39497453286884,0.4048411847852801,4.314889487043245E-6,1.7479375430914967E-8,3.011968879085188E-5,-2.2651366720083388E-8,-0.3601792459749049,1.1016548235964763E-4,1.015263225383784E-13,4.920543481170415E-8,4.679821594787468E-9,1.112890088702705E-11,2.447941878461184E-10,8.831363797327897E-10,4.439527505470894E-4,0.0010165229872103896,-14906.04094625031,-12318.223762992871,-18725.876521612732
6.375000000000001E-6,6.375000000000001E-6,12.014479549353704,5.5E-8,-3433.10545269693,-4417.019515990521,0.8165743605227517,0.02812359805218445,104321.2428987059,108682.10638445469,304.38935438909425,0.4048921699432368,4.315349205392814E-6,1.7473974295041137E-8,1.9002431116340844E-5,-1.7583931537501484E-8,-0.3131199546314747,1.0001276765958522E-4,4.042338234234425E-14,4.920431687729887E-8,4.681160416869999E-9,1.1099015987021242E-11,2.4479455281084993E-10,8.830064161295489E-10,4.439582268841226E-4,0.001016842816156456,-14935.733017251583,-12354.430571421892,-18800.646914064226
6.3875E-6,6.3875E-6,12.038037352391651,5.5E-8,-3509.211617637082,-4463.3806381215045,0.8166213128743118,0.011746572894672378,104309.38595262065,108670.02125035047,304.38627261336046,0.4049201258885083,4.3156013000541126E-6,1.747101338936329E-8,7.936873577481337E-6,-1.4706145918808034E-8,-0.2865510433757663,9.431518857550003E-5,7.0532317442398474E-15,4.9203703837953286E-8,4.681894693532754E-9,1.113388925098132E-11,2.4479466605600414E-10,8.828837551754732E-10,4.4396173091336037E-4,0.0010170182291094174,-14954.569748670503,-12382.807652454865,-18840.971255896067
6.4000000000000006E-6,6.4000000000000006E-6,12.0615951554296,5.5E-8,-3582.939042799445,-4505.898668357664,0.8166297651586493,-0.004563023753901275,104307.24199411266,108667.84589100767,304.3857178697742,0.40492515836311155,4.315646681649077E-6,1.747048043926102E-8,3.083124158041402E-6,-1.3151459796745257E-8,-0.2720941878724261,9.114876858173915E-5,1.0643506791971576E-15,4.9203593514009074E-8,4.6820268848716976E-9,1.1232617879851125E-11,2.44794674409612E-10,8.82769253313207E-10,4.4396379698397325E-4,0.0010170498088003447,-14963.164217794694,-12409.424210905112,-18829.48399607072
6.412500000000001E-6,6.412500000000001E-6,12.085152958467548,5.5E-8,-3654.162360447466,-4545.111178962402,0.8165998671737233,-0.02081271991452654,104314.76799815317,108675.54113168055,304.38768029313104,0.4049073574754269,4.3154861547538136E-6,1.7472365711206833E-8,1.4062648590896313E-5,-1.242827579517325E-8,-0.2650728560220159,8.945587716890913E-5,2.2140593621375844E-14,4.9203983966089165E-8,4.681559299889391E-9,1.1394199818877935E-11,2.447947228658388E-10,8.826637308477491E-10,4.439647291752548E-4,0.001016938105941011,-14961.964877050626,-12420.664326955337,-18770.07793185469
6.425E-6,6.425E-6,12.108710761505495,5.5E-8,-3722.9972858967835,-4585.38289275144,0.8165317524313129,-0.03700878707452868,104331.92990045236,108693.07484518354,304.39215127845335,0.4048667996851768,4.3151204352080805E-6,1.7476661791959056E-8,2.500593721251938E-5,-1.2257106050128642E-8,-0.2628728683530426,8.865559860282701E-5,6.9989453661766E-14,4.920487345849242E-8,4.680494144846901E-9,1.1617528242507043E-11,2.447949548238507E-10,8.82567982688002E-10,4.4396470086077223E-4,0.001016683650721707,-14951.49207197821,-12418.12245777369,-18692.925240428685
6.437500000000001E-6,6.437500000000001E-6,12.132268564543445,5.5E-8,-3789.6591691475087,-4624.589866557172,0.8164255418302978,-0.053155567165190834,104358.7007146915,108720.42097815742,304.3991232396285,0.4048035500427418,4.314550169851229E-6,1.748336334341187E-8,3.591592376026408E-5,-1.2478043487362811E-8,-0.2640127880613363,8.842176997880813E-5,1.443281114815589E-13,4.920626041430296E-8,4.67883357898416E-9,1.1901376545223876E-11,2.447955122592587E-10,8.824827994234368E-10,4.439638113912337E-4,0.001016286966075919,-14932.535776028308,-12425.352073561422,-18622.994254336227
6.450000000000001E-6,6.450000000000001E-6,12.155826367581394,5.5E-8,-3854.076679238512,-4659.337104438349,0.8162813485215675,-0.06925536127998264,104395.05879389695,108757.55827418053,304.4085892891324,0.4047176651284922,4.3137759626530335E-6,1.7492466785445E-8,4.6794163027015295E-5,-1.2999288969695044E-8,-0.2676552691591496,8.857262376782415E-5,2.4486690120264904E-13,4.920814335353923E-8,4.6765797890497784E-9,1.2244388358255052E-11,2.447965358093709E-10,8.824089828171986E-10,4.4396211772792046E-4,0.0010157485854420136,-14905.697893111113,-12419.940726823495,-18546.36995560715
6.4625E-6,6.4625E-6,12.179384170619342,5.5E-8,-3916.168689074046,-4692.382319053532,0.8160992820411248,-0.0853089824431185,104440.98648429938,108804.46918704317,304.4205429653498,0.4046091955516635,4.3127983969132634E-6,1.7503970026998374E-8,5.764120435345845E-5,-1.3767699869049466E-8,-0.2733247741625746,8.900738512451767E-5,3.7129763109884606E-13,4.921052084009769E-8,4.673735052438431E-9,1.2645074504179036E-11,2.44798164780736E-10,8.823473514153468E-10,4.439596521360501E-4,0.0010150690678037387,-14871.449855950337,-12401.437601743177,-18461.85540523464
6.475000000000001E-6,6.475000000000001E-6,12.20294197365729,5.5E-8,-3976.103079143398,-4726.55046321757,0.8158794515857191,-0.1013159135795367,104496.46911416142,108861.13901509061,304.43497801582373,0.40447818793734197,4.311618052856129E-6,1.751787225246227E-8,6.845669836455183E-5,-1.4751702366311293E-8,-0.2807438834070126,8.966809899479955E-5,5.232834310123446E-13,4.921339143945349E-8,4.670301786878388E-9,1.3101819913552336E-11,2.4480053709826525E-10,8.822987370328889E-10,4.439564328653324E-4,0.001014249009515619,-14830.23959357499,-12390.138616264043,-18386.2374308988
6.4875E-6,6.4875E-6,12.226499776695238,5.5E-8,-4034.1297657269397,-4761.447850179493,0.8156219691156353,-0.11727429548320481,104561.49409851561,108927.55507897028,304.45188819150184,0.40432468681178557,4.310235524296178E-6,1.7534173719477854E-8,7.923938884000325E-5,-1.5931626222709383E-8,-0.2897430532148064,9.051991358344225E-5,7.004482899913928E-13,4.9216753678345006E-8,4.666282597293077E-9,1.3612906175898722E-11,2.448037891985555E-10,8.822639665456508E-10,4.4395246996682404E-4,0.0010132890554490318,-14782.596325538667,-12365.746423505707,-18309.711736388337
6.5000000000000004E-6,6.5000000000000004E-6,12.250057579733188,5.5E-8,-4090.3116458777135,-4793.298621686721,0.815326953391057,-0.13318002582129937,104636.04982508377,109003.705655729,304.4712669792841,0.40414873704848037,4.308651440317295E-6,1.7552875497275145E-8,8.998650393331038E-5,-1.7293283178787535E-8,-0.30019009383613593,9.15327815267375E-5,9.023546438488892E-13,4.922060599213427E-8,4.661680337014781E-9,1.4176560616602195E-11,2.4480805583958793E-10,8.822438270479051E-10,4.4394776903623637E-4,0.0010121899135594056,-14729.583419949346,-12328.935644894107,-18234.843377452187
6.512500000000001E-6,6.512500000000001E-6,12.273615382771135,5.5E-8,-4144.51821176454,-4822.116726480908,0.814994537014879,-0.14902534347869983,104720.12381785552,109089.57813054213,304.4931071364577,0.40395038811634715,4.306866503096761E-6,1.7573979012462607E-8,1.0069279964777016E-4,-1.882496221128349E-8,-0.31196320513208775,9.267770560672517E-5,1.1284648238051584E-12,4.922494663277455E-8,4.6564982154952605E-9,1.479102240119758E-11,2.4481346973993416E-10,8.822390231665689E-10,4.4394233456922086E-4,0.0010109523805465024,-14672.582308610683,-12292.819233823735,-18172.911535819625
6.525E-6,6.525E-6,12.297173185809083,5.5E-8,-4196.859489451469,-4852.503547361334,0.8146248751255609,-0.16479903104594104,104813.70051294862,109185.15670982668,304.5174001156947,0.40372969933003716,4.304881534594101E-6,1.7597485485309785E-8,1.1135069665266287E-4,-2.051698800187296E-8,-0.3249656840580428,9.39315038026578E-5,1.3781166538278664E-12,4.9229773555128316E-8,4.650739931017891E-9,1.5454581759357735E-11,2.448201610331926E-10,8.822501438400622E-10,4.43936171502632E-4,0.0010095773734652693,-14612.538483432885,-12248.202285538617,-18105.215021200245
6.5375000000000005E-6,6.5375000000000005E-6,12.320730988847032,5.5E-8,-4247.460094482866,-4879.606323549939,0.8142181517006589,-0.18048803825847287,104916.7596152932,109290.42073506121,304.5441356457948,0.403486743697864,4.302697510416948E-6,1.7623395511034355E-8,1.2195137720167086E-4,-2.2361321896369193E-8,-0.33913343041604094,9.528244070633463E-5,1.6505278668176429E-12,4.9235084334474336E-8,4.644409765224167E-9,1.6165576463505984E-11,2.448282566647437E-10,8.82277650009839E-10,4.4392928551652353E-4,0.0010080659521919785,-14549.786121406714,-12191.070545500814,-18026.892678974917
6.550000000000001E-6,6.550000000000001E-6,12.344288791884981,5.5E-8,-4295.9986771546155,-4899.685584509385,0.8137745818116521,-0.1960792443241691,105029.27545502693,109405.34402786639,304.57330157733514,0.4032216093745006,4.300315571952954E-6,1.7651708892224277E-8,1.3248597589470885E-4,-2.435122837596282E-8,-0.35443265942376456,9.672943991745342E-5,1.9448194249149453E-12,4.924087613686825E-8,4.637512613693883E-9,1.6922365303628127E-11,2.4483787985716775E-10,8.823218774345371E-10,4.4392168331593135E-4,0.001006419326596735,-14484.019692711923,-12144.019810614502,-17947.83962954862
6.5625E-6,6.5625E-6,12.367846594922929,5.5E-8,-4342.357148987768,-4919.585693619148,0.8132944095021166,-0.21156140317153982,105151.21744787967,109529.89535719286,304.60488401518586,0.4029343985144321,4.297737015004052E-6,1.768242474596036E-8,1.429468940348242E-4,-2.6481349806317668E-8,-0.3708631678891834,9.828346235707386E-5,2.2600597069233864E-12,4.924714574662779E-8,4.63005394779665E-9,1.772328184285191E-11,2.4484914974952953E-10,8.82383049698619E-10,4.4391337131568614E-4,0.0010046388472891288,-14414.283442406437,-12093.070731214168,-17860.37517810957
6.5750000000000006E-6,6.5750000000000006E-6,12.391404397960878,5.5E-8,-4386.637263663726,-4936.327766300321,0.8127779017179543,-0.22692637885033526,105282.55153362763,109664.03992646352,304.638867710349,0.40262522377013626,4.294963257221213E-6,1.7715541862252648E-8,1.5332863435833463E-4,-2.8747024174435864E-8,-0.3884412342340511,9.996083783025966E-5,2.5953103750451157E-12,4.925388964537737E-8,4.622039714957918E-9,1.8566584661979344E-11,2.448621812831237E-10,8.8246130283277E-10,4.4390435433088143E-4,0.0010027259816551345,-14339.449478798544,-12028.94271735369,-17763.87749265963
6.587500000000001E-6,6.587500000000001E-6,12.414962200998827,5.5E-8,-4428.575768433079,-4946.801029809655,0.8122253408373274,-0.24216917194169438,105423.24197665961,109807.74122876789,304.67523654414424,0.4022942039465356,4.291995798016718E-6,1.7751059154885573E-8,1.6362781887952323E-4,-3.114367430612219E-8,-0.4071843557367174,1.0177729230687049E-4,2.9496534546243484E-12,4.926110410935313E-8,4.613476217389677E-9,1.9450421161897223E-11,2.448770852787577E-10,8.825567183228405E-10,4.4389463565327504E-4,0.0010006822847584858,-14258.487598535943,-11968.129151495817,-17655.132825811284
6.6E-6,6.6E-6,12.438520004036775,5.5E-8,-4468.116087285717,-4957.051145535116,0.8116370176090534,-0.2572876415759135,105573.253087355,109960.96280556015,304.71397398607843,0.40194145988723634,4.288836180664936E-6,1.77889760910644E-8,1.7384300106480641E-4,-3.3666903078710674E-8,-0.42711127901202417,1.0374926060574552E-4,3.3222099067682565E-12,4.926878530132885E-8,4.604369997629357E-9,2.0372787709965433E-11,2.4489396862875574E-10,8.826693667093201E-10,4.4388421660034E-4,9.98509371879087E-4,-14170.463604073548,-11905.290641028107,-17526.433216440422
6.612500000000001E-6,6.612500000000001E-6,12.462077807074722,5.5E-8,-4505.318892505941,-4963.132731863024,0.8110132248027443,-0.2722821598333517,105732.55077036616,110123.66983230361,304.75506350560937,0.40156711077115775,4.285485958219355E-6,1.782929308141122E-8,1.8397443231983222E-4,-3.631246229929275E-8,-0.44823835999523,1.0589189111520625E-4,3.7121529451247055E-12,4.9276929353227846E-8,4.59472773571007E-9,2.1331488072284278E-11,2.449129345732978E-10,8.827993557850855E-10,4.438730966128421E-4,9.962088938428209E-4,-14074.593575801004,-11834.035865632402,-17392.853910138692
6.625000000000001E-6,6.625000000000001E-6,12.485635610112672,5.5E-8,-4539.963185056353,-4964.6522416727275,0.8103542519204627,-0.2871550375023018,105901.1038159463,110295.8304409647,304.79848891484056,0.40117127102793104,4.28194666512381E-6,1.7872011808263908E-8,1.9402367398804176E-4,-3.907596550334347E-8,-0.4705765926755703,1.0821651230763507E-4,4.118710863166282E-12,4.9285532434856814E-8,4.584556163429087E-9,2.232412994386639E-11,2.449340830204108E-10,8.829468479227255E-10,4.4386127338309783E-4,9.93782516448667E-4,-13970.349713672711,-11756.155181526625,-17252.621049973644
6.6375E-6,6.6375E-6,12.50919341315062,5.5E-8,-4572.15144683643,-4967.4320854287125,0.8096603817080499,-0.30190955679695486,106078.88473690042,110477.41658569321,304.8442345934616,0.400754048316372,4.278219798482844E-6,1.791713544408188E-8,2.0399294378172625E-4,-4.195247527150059E-8,-0.49412146568556636,1.1072997640049209E-4,4.541152330258832E-12,4.929459079912241E-8,4.573862007068066E-9,2.3348183419608136E-11,2.4495751083496715E-10,8.831120280637183E-10,4.4384874252783197E-4,9.912319067003751E-4,-13857.605493437544,-11677.7926381049,-17090.656046700686
6.650000000000001E-6,6.650000000000001E-6,12.532751216188569,5.5E-8,-4601.987377589421,-4965.8163714384655,0.8089318892475084,-0.31654880979826633,106265.86996182222,110668.4042432182,304.89228554411613,0.40031554304167255,4.274306813189921E-6,1.796466870733162E-8,2.1388433094477456E-4,-4.493620508583263E-8,-0.5188503829667752,1.1343194209700869E-4,4.978756916025028E-12,4.930410079352369E-8,4.562651970396781E-9,2.4401061078420257E-11,2.4498331200283414E-10,8.83295058480965E-10,4.438354981583608E-4,9.885587286589997E-4,-13736.604030251954,-11589.947836979674,-16922.44718895052
6.6625E-6,6.6625E-6,12.556309019226516,5.5E-8,-4629.221074249485,-4959.097232638923,0.8081690434957903,-0.3310748245840221,106462.03940992746,110868.77297584918,304.9426272866019,0.39985584933998547,4.270209130193613E-6,1.8014617761253557E-8,2.2369920580001494E-4,-4.8020675222915086E-8,-0.5447256561656104,1.1631697487857195E-4,5.430785302790189E-12,4.93140588396747E-8,4.550932755506892E-9,2.5480164875338735E-11,2.450115776277575E-10,8.834960613819786E-10,4.438215339900368E-4,9.857646483210556E-4,-13607.809925196962,-11495.562540490228,-16746.363682872794
6.6750000000000005E-6,6.6750000000000005E-6,12.579866822264465,5.5E-8,-4653.920828444,-4953.449542635524,0.8073721103279495,-0.3454881730510124,106667.3756823842,111078.50509666732,304.995245652544,0.39937505697367987,4.265928152845187E-6,1.8066990013541293E-8,2.3343795476419757E-4,-5.119886935744944E-8,-0.5717034321178289,1.1937904952130651E-4,5.896459053289097E-12,4.932446139317886E-8,4.538711106595529E-9,2.658289178754639E-11,2.450423957858752E-10,8.837151300488203E-10,4.4380684454385617E-4,9.828513439637128E-4,-13471.730402347443,-11395.517147293252,-16542.938247338796
6.687500000000001E-6,6.687500000000001E-6,12.603424625302415,5.5E-8,-4676.277853001872,-4945.764780082907,0.8065413560457024,-0.3597879098635541,106881.86311796382,111297.58470455414,305.05012654877015,0.3988732535181652,4.261465285749204E-6,1.8121793882507162E-8,2.43099939096996E-4,-5.446326397873236E-8,-0.5997343731669389,1.226092135109269E-4,6.374949424821734E-12,4.93353048974267E-8,4.525993860471935E-9,2.7706620670322952E-11,2.450758512933951E-10,8.839523490988556E-10,4.437914252006017E-4,9.798205180812421E-4,-13328.899811995532,-11288.252894498619,-16331.141782148772
6.7E-6,6.7E-6,12.626982428340362,5.5E-8,-4696.181789946516,-4933.372481325183,0.8056770512058888,-0.37397132793069204,107105.48674846017,111525.9966241594,305.1072556988078,0.39835052675678884,4.256821955337036E-6,1.8179038537753768E-8,2.5268332968290003E-4,-5.780545890843314E-8,-0.6287571731772914,1.2599655843104074E-4,6.865359517248706E-12,4.9346585733235714E-8,4.512788001397154E-9,2.8848708185687135E-11,2.4511202539231064E-10,8.84207812301522E-10,4.437752732661311E-4,9.766739103388412E-4,-13179.962347004881,-11178.154850366853,-16124.295253166132
6.7125000000000005E-6,6.7125000000000005E-6,12.65054023137831,5.5E-8,-4713.512232816647,-4917.56054407597,0.8047794748832733,-0.3880339544068056,107338.23114637178,111763.7252173699,305.1666183546993,0.3978069673572677,4.251999632779646E-6,1.8238733606229838E-8,2.621851043289227E-4,-6.121666032754547E-8,-0.6587101339137007,1.295301364905299E-4,7.366714308735781E-12,4.935830016279729E-8,4.499100721850006E-9,3.00064799244424E-11,2.4515099534029064E-10,8.844816371811451E-10,4.437583891255798E-4,9.734133119194292E-4,-13025.4151536854,-11060.69784632797,-15909.325391195656
6.725000000000001E-6,6.725000000000001E-6,12.674098034416259,5.5E-8,-4728.230633084388,-4899.108628422643,0.8038489181227075,-0.4019701725960696,107580.07946128845,112010.75339340392,305.22819906135504,0.3972426710791372,4.246999852552202E-6,1.8300888925131228E-8,2.716014679703173E-4,-6.468803576353821E-8,-0.6895370144493427,1.3320323986576454E-4,7.87797588656734E-12,4.93704442842243E-8,4.484939470110107E-9,3.117720435223494E-11,2.451928340108528E-10,8.847739740334429E-10,4.437407748638037E-4,9.700405767079858E-4,-12865.547722178475,-10935.883117375975,-15688.611694767851
6.7375E-6,6.7375E-6,12.697655837454207,5.5E-8,-4740.417747908071,-4880.193249118789,0.8028856863971318,-0.4157732992267994,107831.01267954639,112267.06186803157,305.2919814857321,0.3966577403986012,4.241824225663735E-6,1.8365514354632953E-8,2.809279048829726E-4,-6.820987195510498E-8,-0.721172279865641,1.370051439195663E-4,8.398041876447359E-12,4.938301399912674E-8,4.470311981966176E-9,3.235810696343216E-11,2.452376095380706E-10,8.850849944329967E-10,4.4372243461562313E-4,9.665576286751868E-4,-12700.79181182464,-10806.870973232424,-15469.052921897128
6.750000000000001E-6,6.750000000000001E-6,12.721213640492156,5.5E-8,-4750.229542334077,-4860.342984434717,0.8018901024918075,-0.4294353463357546,108091.00877552074,112532.62829543561,305.35794821686983,0.39605228641082935,4.236474455183285E-6,1.8432619555767498E-8,2.9015901779442876E-4,-7.177184755846611E-8,-0.7535426616977929,1.4092465144344146E-4,8.925731847879416E-12,4.9396004974609015E-8,4.455226318211294E-9,3.354642305132535E-11,2.4528538488988826E-10,8.854148531185477E-10,4.4370337687182145E-4,9.6296647062082E-4,-12531.505792842476,-10674.441986919226,-15252.017813278613
6.762500000000001E-6,6.762500000000001E-6,12.744771443530105,5.5E-8,-4757.720426311659,-4838.450380923277,0.8008625088366305,-0.4429477397221918,108360.04201051105,112807.42653146657,305.42608060146017,0.39542643041795456,4.230952348807599E-6,1.8502213798203398E-8,2.992890133258053E-4,-7.536402279129106E-8,-0.7865876848381959,1.449559209927287E-4,9.4598134555297E-12,4.9409412612469634E-8,4.43969089300299E-9,3.473941347040494E-11,2.4533621746117794E-10,8.857636487899783E-10,4.436836118130368E-4,9.592691907221951E-4,-12357.722551852266,-10536.034463407073,-15039.87796566559
6.775E-6,6.775E-6,12.768329246568053,5.5E-8,-4762.947715634379,-4815.492188721435,0.7998032683124146,-0.45630164740063783,108638.0825788952,113091.42629122167,305.49635867979345,0.39478030460605495,4.225259823234705E-6,1.857430586489474E-8,3.083119239193499E-4,-7.897584552551962E-8,-0.820241451912807,1.4909115521177796E-4,9.999016890830532E-12,4.9423232038405486E-8,4.423714478497703E-9,3.5934374363558394E-11,2.45390158797396E-10,8.861314063212638E-10,4.436631504769268E-4,9.554679634190006E-4,-12179.599409763745,-10392.968325802916,-14821.459667574683
6.787500000000001E-6,6.787500000000001E-6,12.791887049606002,5.5E-8,-4766.001426457563,-4791.301119739277,0.798712765310346,-0.4694876481379828,108925.09619197354,113384.59272865915,305.5687611042948,0.39411405288964907,4.219398909902867E-6,1.8648903934695103E-8,3.172213838770154E-4,-8.259625118967051E-8,-0.8544284316631092,1.5332074524643247E-4,1.0542022183904745E-11,4.9437458087904406E-8,4.407306212852119E-9,3.7128664498669616E-11,2.454472542909548E-10,8.865180687465098E-10,4.436420086647465E-4,9.515650510877311E-4,-11997.273605787446,-10247.34295582947,-14588.266456746504
6.800000000000001E-6,6.800000000000001E-6,12.81544485264395,5.5E-8,-4766.94614307601,-4765.813417627152,0.7975914063503581,-0.48249653924213937,109221.04380331944,113686.88612402546,305.6432650866909,0.3934278315007376,4.213371758364264E-6,1.8726015489827672E-8,3.260111751636077E-4,-8.62151951253054E-8,-0.8890952054889567,1.5764242015237073E-4,1.1087496954933234E-11,4.94520852978744E-8,4.390475601112549E-9,3.831968613359757E-11,2.4550754292176526E-10,8.869234862460457E-10,4.436202044233511E-4,9.475628040124188E-4,-11810.42996801807,-10096.948392959768,-14354.83620552114
6.8125E-6,6.8125E-6,12.839002655681897,5.5E-8,-4765.834093572326,-4738.602167904122,0.7964396183271927,-0.49532026854314104,109525.88191466774,113998.26220394777,305.71984650249317,0.3927218081348375,4.207180626911383E-6,1.880564738293553E-8,3.3467585712374393E-4,-8.982328992601652E-8,-0.9242034287426577,1.6205877904695853E-4,1.1634145179164396E-11,4.9467107929312067E-8,4.3732324802291395E-9,3.95048630826622E-11,2.455710572632211E-10,8.87347401442905E-10,4.4359775471192837E-4,9.434636518180661E-4,-11618.639188600806,-9944.557170278335,-14117.26446848627
6.825000000000001E-6,6.825000000000001E-6,12.862560458719846,5.5E-8,-4762.649642340635,-4708.73415163426,0.7952578456873414,-0.5079519902312314,109839.56316142002,114318.67275329657,305.79848006685614,0.3919961604371308,4.200827867455591E-6,1.888780597906893E-8,3.432108042102915E-4,-9.34114670769759E-8,-0.9597167950123549,1.6657361558891637E-4,1.2180719302319169E-11,4.9482520003930636E-8,4.3555869682906046E-9,4.068166994076154E-11,2.4563782364582704E-10,8.877894221323214E-10,4.4357467713564906E-4,9.392700911599604E-4,-11421.470662285808,-9785.903695843308,-13849.981249513929
6.8375E-6,6.8375E-6,12.886118261757794,5.5E-8,-4757.35825911927,-4676.475015179431,0.7940465472659,-0.5203863989398401,110162.03702239785,114648.06632732884,305.87913953365023,0.3912510742683883,4.194315908574017E-6,1.8972497324860663E-8,3.5161243171610813E-4,-9.69716855081515E-8,-0.9956140857675564,1.7119481901772815E-4,1.2726045672249177E-11,4.9498315345198195E-8,4.337549409175842E-9,4.184764322201421E-11,2.4570786241001114E-10,8.882489986431278E-10,4.435509876624077E-4,9.349846723381807E-4,-11218.319222735408,-9623.827212155662,-13569.382170626586
6.8500000000000005E-6,6.8500000000000005E-6,12.909676064795743,5.5E-8,-4749.91376690859,-4641.089378787969,0.7928061923981237,-0.5326198288160063,110493.25070725156,114986.38917269067,305.96179794372216,0.39048674150837503,4.1876472346518905E-6,1.905972737370636E-8,3.5987826271351777E-4,-1.0049621010921329E-7,-1.0318754311720113,1.7592953033940262E-4,1.3269039395456598E-11,4.951448762888322E-8,4.3191303070783274E-9,4.300034550408196E-11,2.4578118829667426E-10,8.88725459261231E-10,4.4352669852689737E-4,9.306099835253151E-4,-11008.742102106105,-9456.996019878234,-13299.930021023032
6.862500000000001E-6,6.862500000000001E-6,12.933233867833692,5.5E-8,-4740.274193259415,-4603.8590886618385,0.7915372578933314,-0.5446495053519599,110833.14982344795,115333.58592804532,306.0464278167327,0.3897033583700466,4.180824369654329E-6,1.914950215723023E-8,3.68006422535108E-4,-1.0397686324381539E-7,-1.0684638798902597,1.8077860280030222E-4,1.380867592660582E-11,4.953103042235348E-8,4.300340274668062E-9,4.413731278289631E-11,2.458578107923138E-10,8.892181037267162E-10,4.435018227286675E-4,9.261486382567677E-4,-10792.56469906025,-9285.804394399911,-13014.32923277282
6.875E-6,6.875E-6,12.95679167087164,5.5E-8,-4728.5244446685365,-4565.660658177416,0.7902402264515603,-0.5564732088851084,111181.6787033426,115689.59994121034,306.1330012475496,0.38890112458865583,4.173849868650375E-6,1.92418278598536E-8,3.75995411408857E-4,-1.0740579796220118E-7,-1.1053424499323228,1.857423251934165E-4,1.434397922318267E-11,4.9547937205017566E-8,4.281190003268155E-9,4.525599599297485E-11,2.4593773434098104E-10,8.897262827852925E-10,4.4347637505722616E-4,9.216032681667112E-4,-10569.594640636586,-9109.436552051358,-12708.631927307824
6.8875000000000005E-6,6.8875000000000005E-6,12.98034947390959,5.5E-8,-4714.628245832398,-4523.391452327166,0.7889155854484393,-0.5680891173721657,111538.7806128705,116054.37349146526,306.22148997860177,0.3880802428295463,4.1667263113143345E-6,1.9336710869880328E-8,3.838439982244363E-4,-1.1077488224486843E-7,-1.142465624066972,1.908184265673185E-4,1.4874017129240503E-11,4.95652013840226E-8,4.261690238867147E-9,4.635375230877835E-11,2.4602095853445E-10,8.902494194894619E-10,4.4345037003040515E-4,9.169765171210459E-4,-10339.839061943234,-8930.881597845653,-12417.551889013563
6.900000000000001E-6,6.900000000000001E-6,13.003907276947537,5.5E-8,-4698.504959290271,-4479.486843556515,0.787563827128695,-0.5794947610302238,111904.39756549535,116427.84762743014,306.311865378482,0.38724091896352975,4.159456303001041E-6,1.9434157730993987E-8,3.9155051420961066E-4,-1.1407442883637486E-7,-1.1797524045105092,1.9599244113877035E-4,1.539784854645836E-11,4.9582816291633E-8,4.241851779130238E-9,4.742793390006679E-11,2.4610747814110445E-10,8.907869790733683E-10,4.4342382589514717E-4,9.122710403410178E-4,-10103.740983104755,-8746.218776146889,-12121.73445151038
6.9125E-6,6.9125E-6,13.027465079985484,5.5E-8,-4680.250076483875,-4434.150699881265,0.7861854512433665,-0.5906862145554622,112278.4695108342,116809.9613242778,306.404098256918,0.3863833638659706,4.152042488967065E-6,1.9534174914367054E-8,3.9911230713206904E-4,-1.1729385846592778E-7,-1.217100304050291,2.0124230266560517E-4,1.591447863126887E-11,4.960077515073756E-8,4.221685506101563E-9,4.847599702541751E-11,2.4619728281822375E-10,8.91338406926577E-10,4.4339676801106515E-4,9.074895119888181E-4,-9861.802958879789,-8554.821527559638,-11795.131084791028
6.925000000000001E-6,6.925000000000001E-6,13.051022883023434,5.5E-8,-4659.76221295825,-4383.9918312127265,0.7847809683319683,-0.601658280074525,112660.93333738022,117200.65044501459,306.49815863569273,0.38550779563893084,4.1444875720701726E-6,1.96367685346804E-8,4.065258649152196E-4,-1.2042246169130522E-7,-1.2544051839022359,2.0654702130329383E-4,1.642286499670315E-11,4.961907103201833E-8,4.201202427606752E-9,4.949555007258621E-11,2.462903567132835E-10,8.919030760314224E-10,4.43369226164963E-4,9.026346347972971E-4,-9614.425396604367,-8358.831320128847,-11471.16742905004
6.937500000000001E-6,6.937500000000001E-6,13.074580686061383,5.5E-8,-4636.995026123402,-4333.498240814316,0.7833509027468256,-0.6124043663784533,113051.72188737459,117599.84675280473,306.5940155357969,0.3846144416989398,4.136794329093238E-6,1.9741944073624634E-8,4.137867340394955E-4,-1.2344842929223886E-7,-1.2915432229865473,2.118804352448933E-4,1.6921908591392712E-11,4.963769681461849E-8,4.180413713999957E-9,5.0484376525334144E-11,2.463866780702197E-10,8.924802761597496E-10,4.4334123572985104E-4,8.977091485732561E-4,-9362.179319227596,-8158.486265708275,-11149.898727349057
6.95E-6,6.95E-6,13.09813848909933,5.5E-8,-4612.145527490321,-4282.714404176039,0.781895796343821,-0.6229162363516618,113450.76279284288,118007.4767154243,306.6916367187673,0.3837035413086043,4.128965630665454E-6,1.9849706042156725E-8,4.2088934888625797E-4,-1.2635942894689833E-7,-1.3283774623423596,2.1721114505268702E-4,1.741043744122532E-11,4.9656645138171305E-8,4.159330743665499E-9,5.1440435725524934E-11,2.464862187207186E-10,8.930692325773886E-10,4.4331284184825394E-4,8.927158407511312E-4,-9105.54961939724,-7951.3775108911,-10800.38432995334
6.962500000000001E-6,6.962500000000001E-6,13.12169629213728,5.5E-8,-4585.172975840034,-4227.4643818218565,0.7804162115383827,-0.63318480606223,113857.9774884731,118423.46046244465,306.7909884693361,0.38277534774240407,4.121004457782712E-6,1.996005767548683E-8,4.2782757166366897E-4,-1.2914412963027645E-7,-1.3647916156814972,2.2251707136433652E-4,1.7887249584397032E-11,4.967590836317374E-8,4.1379651382499234E-9,5.236178731536959E-11,2.465889436355455E-10,8.936691433037039E-10,4.432840956850525E-4,8.876575544869484E-4,-8844.656871863666,-7739.973330853908,-10452.282564830364
6.975000000000001E-6,6.975000000000001E-6,13.145254095175229,5.5E-8,-4555.939508300051,-4169.366007235171,0.7789127324097249,-0.6432007804005457,114273.28069161286,118847.71127082634,306.8920355082513,0.3818301292533687,4.112913907838461E-6,2.0073000761429598E-8,4.3459512189226063E-4,-1.317914446019586E-7,-1.40067369276494,2.277772899752506E-4,1.8351150109195988E-11,4.9695478556952415E-8,4.1163287688817235E-9,5.3246514406626035E-11,2.466948107328555E-10,8.942792267929598E-10,4.4325505228692065E-4,8.82537189863001E-4,-8579.591441508643,-7526.939886170105,-10119.713735747635
6.9875000000000004E-6,6.9875000000000004E-6,13.168811898213177,5.5E-8,-4524.517565453688,-4111.3010223206265,0.777385965175448,-0.6529546813906218,114696.58005461174,119280.13521712301,306.99474094705647,0.38086816965642634,4.104697197274016E-6,2.0188535508367844E-8,4.4118559553420395E-4,-1.3429050000013376E-7,-1.4359088151622927,2.3297032535651852E-4,1.880095559033029E-11,4.971534748789154E-8,4.094433752964643E-9,5.409269541497769E-11,2.468037707805826E-10,8.948987548889826E-10,4.432257732918685E-4,8.77357702853907E-4,-8310.390581595395,-7307.505439260795,-9767.404853609329
7.000000000000001E-6,7.000000000000001E-6,13.192369701251124,5.5E-8,-4491.093552007137,-4053.200412548121,0.7758365381890426,-0.6624372459815838,115127.77596429455,119720.6309574516,307.09906627483724,0.3798897686188982,4.096357661667305E-6,2.0306660443264685E-8,4.475927337713404E-4,-1.366313082939996E-7,-1.4703940308982055,2.3807814120502258E-4,1.9235520080308867E-11,4.9735506625930664E-8,4.0722924439472975E-9,5.489836693187446E-11,2.4691576737866985E-10,8.955270735517637E-10,4.431963240104677E-4,8.721221026284849E-4,-8036.955465002402,-7085.648702851093,-9411.428497728763
7.0125E-6,7.0125E-6,13.215927504289072,5.5E-8,-4455.674666925617,-3991.2656937347792,0.7742652033846026,-0.6715498241870983,115567.13199587187,120169.05985934676,307.2049639034959,0.3788953050124116,4.087899301958101E-6,2.042736446196965E-8,4.537498812074988E-4,-1.642678333269032E-7,-1.9037404457903904,3.6585871766092737E-4,1.9648503067971793E-11,4.9755944968871954E-8,4.049918862875677E-9,5.5661565094554405E-11,2.470306948888487E-10,8.961636152896791E-10,4.4305836524886346E-4,8.668337895663375E-4,-7759.494521544682,-6862.839121851249,-9072.812746132404
7.0250000000000005E-6,7.0250000000000005E-6,13.239485307327021,5.5E-8,-4418.1283020204655,-3926.7806413072403,0.7726727442752971,-0.6803732076800776,116013.92010411718,120625.27377214466,307.31238539512583,0.3778851836289166,4.0793262894732805E-6,2.055063363488108E-8,4.597116268108632E-4,-1.808746644371695E-7,-2.153235934842087,4.3575339233825616E-4,2.004402579389989E-11,4.977665316959256E-8,4.027327358776272E-9,5.6379959031819194E-11,2.4714849291501427E-10,8.968078727333299E-10,4.429250698708254E-4,8.614962378130517E-4,-7476.506341584717,-6631.215729107363,-8719.260058353482
7.037500000000001E-6,7.037500000000001E-6,13.26304311036497,5.5E-8,-4378.619753465653,-3864.2917071210354,0.7710598430084564,-0.6889044953605712,116468.08782349652,121089.15051579014,307.4212879990111,0.3768597461657497,4.070642250342284E-6,2.067646137280686E-8,4.654760103787643E-4,-1.9088744977580065E-7,-2.2863623715256836,4.680948459778733E-4,2.0421426016136466E-11,4.9797621823859484E-8,4.004530719740157E-9,5.7051372645984596E-11,2.472690852306235E-10,8.974593512832237E-10,4.4279597773821803E-4,8.56112548928365E-4,-7188.2160306314045,-6398.764814652057,-8351.981500739423
7.05E-6,7.05E-6,13.286600913402918,5.5E-8,-4337.333283252282,-3799.9646195275986,0.7694276151966825,-0.6967691711016292,116931.18267260188,121560.43687315087,307.5315966077842,0.375819605812851,4.061853145316504E-6,2.0804806473602105E-8,4.707899804740738E-4,-3.243699198662853E-7,-4.09893327867394,0.001001426578660869,2.075797271413665E-11,4.981883166407764E-8,3.981547711573284E-9,5.767393848326362E-11,2.4739221362837066E-10,8.981175524185409E-10,4.4220096173144433E-4,8.506872316705123E-4,-6895.620791847413,-6163.155565604939,-7990.431816340704
7.0625000000000006E-6,7.0625000000000006E-6,13.310158716440867,5.5E-8,-4294.150838642821,-3731.8799010253106,0.7677772234990702,-0.7043364751771326,117400.19081645492,122038.8697911575,307.6432395282153,0.37476542709077426,4.052965189884362E-6,2.0935622631371505E-8,4.7590302376833286E-4,-4.153694472108782E-7,-4.834877074908945,0.0011452772186615334,2.1075108117947076E-11,4.984027275682013E-8,3.958397546762923E-9,5.82445045028231E-11,2.475178339148245E-10,8.987819621652585E-10,4.416311324346457E-4,8.452248938907549E-4,-6592.675496901963,-5917.194984186481,-7609.635990833068
7.075000000000001E-6,7.075000000000001E-6,13.333716519478816,5.5E-8,-4249.0343869351545,-3662.452029044,0.7661093384211523,-0.7116231632207807,117875.3956743414,122524.32233011443,307.75617417214903,0.37369756113692953,4.043981950723781E-6,2.1068900935930692E-8,4.808264616356626E-4,-4.5885073717499837E-7,-4.902226087248891,0.0010859818210846583,2.137352743204176E-11,4.9861936157616426E-8,3.935092346085714E-9,5.876046892805393E-11,2.4764585989779396E-10,8.994520118508529E-10,4.4109766928873104E-4,8.39728464547251E-4,-6280.793883997418,-5664.219848054557,-7206.075424604905
7.0875E-6,7.0875E-6,13.357274322516764,5.5E-8,-4201.985349838945,-3590.355276459784,0.7644246114793163,-0.7186353896312282,118357.19639563753,123016.66975876663,307.8703585713638,0.3726163472531663,4.034906892744121E-6,2.120463348739724E-8,4.8556445245353255E-4,-4.734219871238565E-7,-4.822616994644704,0.0010182294093752375,2.165334378495773E-11,4.9883812367737526E-8,3.911643840407997E-9,5.92196956389161E-11,2.477762047815023E-10,9.001270537645647E-10,4.405910202810158E-4,8.342007768145297E-4,-5961.701970862333,-5411.840476202781,-6792.904918257421
7.100000000000001E-6,7.100000000000001E-6,13.380832125554711,5.5E-8,-4152.969376454143,-3516.5602067198747,0.7627236879694446,-0.7253734030683134,118845.61069972263,123515.78646650312,307.9857511704759,0.371522122308546,4.025743447837128E-6,2.1342812396900145E-8,4.901171642353469E-4,-4.732449744437872E-7,-4.737139085686977,9.763740855674996E-4,2.1914357840438515E-11,4.990589211267142E-8,3.888063549265739E-9,5.962052921549457E-11,2.479087799515124E-10,9.008063672556755E-10,4.4010356727778487E-4,8.286446102195833E-4,-5637.197395132398,-5152.316453952632,-6364.140611573808
7.112500000000001E-6,7.112500000000001E-6,13.40438992859266,5.5E-8,-4102.016374580471,-3440.7079685749377,0.7610072187352651,-0.7318324723661179,119340.53325255169,124021.5429953898,308.1023099995862,0.37041523032447676,4.016495078410211E-6,2.1483428697313255E-8,4.94481400247377E-4,-4.6614571175496166E-7,-4.667603354288985,9.546446945805087E-4,2.2156108092965013E-11,4.9928166253810023E-8,3.864362941695183E-9,5.996178859357885E-11,2.4804349350301114E-10,9.014891593440319E-10,4.3963172797794036E-4,8.230627284887668E-4,-5308.967641168456,-4891.240267527697,-5923.904849923464
7.125E-6,7.125E-6,13.427947731630608,5.5E-8,-4049.0461089475843,-3361.4854675357906,0.7592758710524644,-0.7380034896626486,119841.82273874021,124533.8027408879,308.2199918666208,0.3692960299287547,4.007165336135775E-6,2.162647134608996E-8,4.986510065288167E-4,-4.556912713837846E-7,-4.606841995030663,9.429723629210685E-4,2.237790497553198E-11,4.995062557851489E-8,3.840553581182529E-9,6.024273172073746E-11,2.4818024871514665E-10,9.021745710216225E-10,4.391748387356198E-4,8.174579135538252E-4,-4978.471106206721,-4622.9293318536265,-5488.73870142288
7.137500000000001E-6,7.137500000000001E-6,13.451505534668557,5.5E-8,-3994.072354492549,-3282.055318640859,0.757530338008375,-0.7438737460306301,120349.32541278074,125052.41890669377,308.33875166421683,0.36816490053613987,3.99775791262124E-6,2.1771926324776534E-8,5.02617395966642E-4,-4.432373746965368E-7,-4.545240434486914,9.345889772944815E-4,2.2578877950502242E-11,4.997326061089677E-8,3.816647246513035E-9,6.046297087115086E-11,2.483189426692633E-10,9.028617154115354E-10,4.387338965864474E-4,8.118329937916079E-4,-4646.905608170553,-4352.968296382732,-5052.579198893899
7.150000000000001E-6,7.150000000000001E-6,13.475063337706507,5.5E-8,-3937.2267457705925,-3201.5435772082633,0.755771346341046,-0.7494274078634464,120862.87773801947,125577.23185379704,308.45854179971036,0.367022247605382,3.988276681816317E-6,2.191977582661607E-8,5.063698701780043E-4,-4.2914250599324076E-7,-4.475970862527902,9.258986596094587E-4,2.2758006531411783E-11,4.999606147087032E-8,3.792656028554133E-9,6.062241178867075E-11,2.484594650755164E-10,9.035497112646922E-10,4.3831080154082825E-4,8.061908665212362E-4,-4315.400180620186,-4081.6680787826176,-4603.568632462007
7.1625000000000005E-6,7.1625000000000005E-6,13.498621140744454,5.5E-8,-3878.4747478437507,-3118.0130014635415,0.75399966346881,-0.7546458496673327,121382.30379641216,126108.06665254968,308.5793116906452,0.36586850749930183,3.978725738097694E-6,2.2069997471420926E-8,5.098958443698194E-4,-4.133831068031668E-7,-4.394797050764282,9.151650160390545E-4,2.2914144236775735E-11,5.001901776415526E-8,3.768592413451542E-9,6.07212380658966E-11,2.4860169721606143E-10,9.042376812648231E-10,4.379079707337308E-4,8.005345172380382E-4,-3984.873424561569,-3811.3611699850285,-4166.1637249052355
7.175000000000001E-6,7.175000000000001E-6,13.522178943782404,5.5E-8,-3817.79419174047,-3033.148652277509,0.7522161029811539,-0.7595086450948756,121907.4125851913,126644.73105735393,308.70100736922745,0.3647041514511035,3.969109426097537E-6,2.2222563612175463E-8,5.13181516955997E-4,-3.9585674414865936E-7,-4.299351789375578,9.016046885577111E-4,2.3046083802028837E-11,5.004211850304029E-8,3.744469342699332E-9,6.075985155284304E-11,2.487455111209196E-10,9.049247523566004E-10,4.37528083127392E-4,7.948670333529096E-4,-3655.8409570683393,-3537.8536030698683,-3756.2436155574665
7.1875E-6,7.1875E-6,13.545736746820351,5.5E-8,-3755.2291280538134,-2946.651106164706,0.7504215277138477,-0.7639944851342682,122437.99583281904,127187.01417868095,308.8235712545187,0.36352968803348096,3.959432357539345E-6,2.2377440816108936E-8,5.162124899555866E-4,-3.764663641447896E-7,-4.188250574551603,8.84842800495278E-4,2.3152618690867714E-11,5.0065352066113785E-8,3.720300238911497E-9,6.073879508753814E-11,2.48890769148032E-10,9.056100794799616E-10,4.371739533032883E-4,7.891916098321503E-4,-3328.6260784611263,-3264.4283503478373,-3374.858115196159
7.2000000000000005E-6,7.2000000000000005E-6,13.569294549858299,5.5E-8,-3690.8006172021364,-2858.883565939241,0.7486168511288053,-0.7680817960374696,122973.82673530042,127734.68564755433,308.9469420409785,0.3623456645559188,3.949699418954735E-6,2.2534589469590196E-8,5.189741865118038E-4,-3.551458401318541E-7,-4.060643315864581,8.646678388899431E-4,2.3232586543368104E-11,5.008870618217541E-8,3.6960990079260696E-9,6.06587107835324E-11,2.490373238726343E-10,9.062928541739002E-10,4.368484631803309E-4,7.83511549260633E-4,-3003.2970335031046,-2979.7849775053032,-3013.5294218126364
7.212500000000001E-6,7.212500000000001E-6,13.592852352896248,5.5E-8,-3624.5723880568266,-2769.920831121254,0.7468030367460541,-0.7717498038094333,123514.65981502902,128287.49536183581,309.0710547200844,0.36115266719286543,3.93991576890929E-6,2.2693963538253045E-8,5.214525701415089E-4,-3.318992418144262E-7,-3.9163189342525584,8.410060701891098E-4,2.3284939211951458E-11,5.011216793909359E-8,3.6718800145968224E-9,6.052029677694996E-11,2.4918501832037765E-10,9.069722862090103E-10,4.365544401582276E-4,7.778302557286293E-4,-2679.521016170675,-2609.8199510690342,-2741.1186304812686
7.225E-6,7.225E-6,13.616410155934195,5.5E-8,-3556.5096766571364,-2677.8230314611938,0.7449810949184159,-0.7749796419740413,124060.23140141045,128845.1740526776,309.1958407858515,0.3599513193537294,3.930086820899131E-6,2.285551055656502E-8,5.236348932257036E-4,-3.067996034644693E-7,-3.7556288625328307,8.138946696476523E-4,2.330881396139361E-11,5.013572382852972E-8,3.6476580236991514E-9,6.032424778546182E-11,2.4933368667444913E-10,9.076475994679349E-10,4.362945476018978E-4,7.721512205564833E-4,-2356.6558717111643,-2234.684052699801,-2465.387711619716
7.237500000000001E-6,7.237500000000001E-6,13.639967958972145,5.5E-8,-3486.568113733934,-2584.4710720861003,0.7431520772009175,-0.7777553151009352,124610.26091375737,129407.43461795153,309.3212286074035,0.3587422784245631,3.920218213262244E-6,2.3019171840050657E-8,5.255103480411725E-4,-2.799861475466514E-7,-3.5794621299164646,7.834767331047487E-4,2.330359366925583E-11,5.015935982183719E-8,3.6234481104143637E-9,6.007118126271879E-11,2.494831554242143E-10,9.083180525367288E-10,4.360711844447269E-4,7.664780009350049E-4,-2033.7565201253265,-1850.4444494695263,-2193.3864125266837
7.250000000000001E-6,7.250000000000001E-6,13.663525762010094,5.5E-8,-3414.859646766267,-2490.961288700554,0.7413170686787541,-0.7800643853282497,125164.45266695887,129973.97413500343,309.4471439451514,0.3575262310935587,3.910315768052674E-6,2.318488290251366E-8,5.270705306271958E-4,-2.516428995136266E-7,-3.389078402764426,7.499738549228141E-4,2.3268947489108352E-11,5.0183061472885296E-8,3.5992655462148107E-9,5.976159570953016E-11,2.4963324489627137E-10,9.089829454573516E-10,4.358864118611405E-4,7.608141928739373E-4,-1709.8104867895443,-1453.3904760402063,-1919.3582864122961
7.2625E-6,7.2625E-6,13.687083565048042,5.5E-8,-3341.403050785152,-2394.4274039534066,0.7394771797071268,-0.7818977718415216,125722.49763731507,130544.47612314214,309.57351051193746,0.35630388820257763,3.900385446708179E-6,2.3352573959160916E-8,5.283093052983255E-4,-2.219442730222454E-7,-3.185656830566586,7.135925730494819E-4,2.3204815714383655E-11,5.020681402942098E-8,3.575125680062756E-9,5.939590698867488E-11,2.497837709368632E-10,9.096416056410547E-10,4.3574197754023443E-4,7.551634031430967E-4,-1384.0121553743381,-1047.951241815039,-1645.8308710230403
7.275000000000001E-6,7.275000000000001E-6,13.71064136808599,5.5E-8,-3266.0364465075877,-2293.6323992064104,0.7376335384524864,-0.7832494356043875,126284.07558660237,131118.61262598843,309.7002504817208,0.3550759800336524,3.890433310006641E-6,2.3522170393305798E-8,5.292225916245862E-4,-1.9106324643303198E-7,-2.9703795414880005,6.745363799041115E-4,2.3111386158056954E-11,5.023060253174417E-8,3.551043833317004E-9,5.897447990057708E-11,2.499345464909754E-10,9.102933849861015E-10,4.356393199433188E-4,7.495292245156898E-4,-1055.5747697395545,-626.994658349738,-1371.5183114206945
7.287500000000001E-6,7.287500000000001E-6,13.734199171123938,5.5E-8,-3188.678687658225,-2191.550471879135,0.7357872835475329,-0.784116548973813,126848.85735800462,131696.0463252842,309.8272849937695,0.3538432515822736,3.880465478600705E-6,2.3693593248435008E-8,5.298084790363602E-4,-1.5919680450338093E-7,-2.744656350151672,6.330611703475597E-4,2.298909767571779E-11,5.025441190909296E-8,3.527035199127974E-9,5.849762102401496E-11,2.500853831635611E-10,9.109376634310046E-10,4.3557951845855534E-4,7.439152121492054E-4,-723.6779665168932,-201.86932004238318,-1096.7435802457394
7.3E-6,7.3E-6,13.757756974161886,5.5E-8,-3109.5066690751146,-2090.766988955234,0.7339395567007823,-0.7844992420322707,127416.50669093704,132276.4327402169,309.95453466497486,0.35260645771877364,3.8704880932695855E-6,2.3866759762045166E-8,5.3006705542721E-4,-1.2652695730253072E-7,-2.5097847758479475,5.894065226215162E-4,2.28386168775977E-11,5.027822707852396E-8,3.5031147442321885E-9,5.796561365627455E-11,2.5023609279727917E-10,9.115738365226165E-10,4.355633201804337E-4,7.383248606139438E-4,-387.7573022306555,229.62735013201936,-819.475402733885
7.312500000000001E-6,7.312500000000001E-6,13.781314777199835,5.5E-8,-3028.60798311642,-1986.7420752450328,0.7320914968725168,-0.7843995579294581,127986.68154403158,132859.422002141,310.08191999785913,0.35136635931490917,3.860507283591185E-6,2.404158379055011E-8,5.299997013036879E-4,-9.317172825262787E-8,-2.2665338455390156,5.437045059437651E-4,2.2660768256309244E-11,5.030203302365618E-8,3.4792971338891605E-9,5.73788046686109E-11,2.503864888027645E-10,9.12201299518235E-10,4.355912507500483E-4,7.327615864125117E-4,-47.70401551393709,672.8733704684454,-545.6870098755131
7.325000000000001E-6,7.325000000000001E-6,13.804872580237785,5.5E-8,-2945.7700744998915,-1878.3353715335684,0.7302442373286676,-0.7838201325773545,128559.03488004782,133444.65977221372,310.20936159199897,0.35012372123289015,3.8505291521272986E-6,2.42179759916886E-8,5.296081976874017E-4,-5.9171444632966086E-8,-2.0150285973368227,4.95953781381786E-4,2.2456450347871228E-11,5.032581483491388E-8,3.4555966960997046E-9,5.673770564485668E-11,2.50536387010827E-10,9.128194315137323E-10,4.356637369248567E-4,7.272287197373593E-4,296.1529573953159,1114.4178355692563,-265.51935018734224
7.3375000000000005E-6,7.3375000000000005E-6,13.828430383275732,5.5E-8,-2861.0842805113475,-1772.7776506110758,0.7283989056621644,-0.7827630039890737,129133.21470809006,134031.78724708108,310.3367801517413,0.3488793122725151,3.840559774622309E-6,2.4395843739111197E-8,5.28893921614239E-4,-2.4493669599223722E-8,-1.7547842182120803,4.460249181903464E-4,2.2226562754344025E-11,5.034955771080259E-8,3.4320274250611073E-9,5.60430844891001E-11,2.5068560602387615E-10,9.134275774078631E-10,4.3578120979782554E-4,7.217295054212123E-4,643.0884674684869,1557.7596853136858,12.641032160380657
7.350000000000001E-6,7.350000000000001E-6,13.851988186313681,5.5E-8,-2774.8770472680017,-1667.5295960561282,0.7265566266136456,-0.7812284112770272,129708.86315107785,134620.4402796609,310.4640963012041,0.34763390700027,3.8306052153250525E-6,2.4575090767481944E-8,5.2785703464664E-4,1.0973691502158545E-8,-1.484631137607721,3.936434863476279E-4,2.197193656208422E-11,5.037324692356073E-8,3.4086030205115775E-9,5.529602928450242E-11,2.508339671046446E-10,9.140250550867458E-10,4.359442201869005E-4,7.162671122646152E-4,991.9768150891596,2015.6648196264832,295.19100148355886
7.3625E-6,7.3625E-6,13.875545989351629,5.5E-8,-2687.0027064293645,-1556.3183898903808,0.7247185273652822,-0.779214007654142,130285.61508847367,135210.24769121365,310.5912302267696,0.34638828926728443,3.820671555688199E-6,2.4755616562639197E-8,5.264959511176634E-4,4.7387992623271206E-8,-1.2030064426198805,3.384433648676577E-4,2.1693292534913095E-11,5.039686775172351E-8,3.385336957711729E-9,5.449796750878861E-11,2.5098129365872677E-10,9.146111791575766E-10,4.3615349627716227E-4,7.10844649484077E-4,1341.5939804355996,2472.4129871629016,583.4358966839833
7.3750000000000005E-6,7.3750000000000005E-6,13.899103792389578,5.5E-8,-2597.353734369028,-1446.0441829877154,0.7228857435790444,-0.7767149890498045,130863.09673217012,135800.82931012893,310.7181012662536,0.34514325626985703,3.810764927116687E-6,2.4937315652795492E-8,5.248074250336517E-4,8.489444766723864E-8,-0.9084455481506666,2.800767314852237E-4,2.1391253501461344E-11,5.0420405402553756E-8,3.3622425653505545E-9,5.365064542626162E-11,2.5112741059093047E-10,9.151852669356769E-10,4.3640989742985793E-4,7.054651849636439E-4,1690.8469536025113,2914.341767209608,872.4114778921213
7.387500000000001E-6,7.387500000000001E-6,13.922661595427526,5.5E-8,-2506.3366898223467,-1340.180237659757,0.7210594248086314,-0.7737243864948102,131440.9238549944,136391.79417877397,310.84462754129856,0.34389962223308973,3.8008915403592586E-6,2.5120076933226557E-8,5.227867476316285E-4,1.2362657415110333E-7,-0.5995616834588873,2.1821117493914244E-4,2.1066366257249126E-11,5.044384494472027E-8,3.3393330939516992E-9,5.2756099302885213E-11,2.51272143781234E-10,9.15746643054746E-10,4.367143830561059E-4,7.001317612471831E-4,2038.6937884928957,3355.185011686029,1158.6867496254508
7.4E-6,7.4E-6,13.946219398465473,5.5E-8,-2414.103072203835,-1230.9551099763846,0.7192407393111548,-0.7702333537258436,132018.70027043592,136982.73892387244,310.9707256300249,0.34265822172185617,3.7910577116802988E-6,2.5303783025697133E-8,5.204279417066511E-4,1.6369874103361326E-7,-0.275116310460362,1.525392643344503E-4,2.071912303180343E-11,5.0467171248632846E-8,3.3166217753937126E-9,5.1816620401300104E-11,2.514153196859239E-10,9.162946516589117E-10,4.3706797826357385E-4,6.948474094228169E-4,2384.257106091263,3792.170387716145,1448.7967434444363
7.412500000000001E-6,7.412500000000001E-6,13.969777201503423,5.5E-8,-2320.428867529764,-1118.4825972549202,0.7174308776191725,-0.7662319374779765,132596.01693731747,137573.2465049019,311.0963103242136,0.3414199121305321,3.7812698823497127E-6,2.548830974214047E-8,5.177242820797139E-4,2.0516989707175526E-7,0.06565557477733819,8.285182327938401E-5,2.0350008174175817E-11,5.0490368941879424E-8,3.2941218658961184E-9,5.0834696992188195E-11,2.515567651556081E-10,9.168286638414423E-10,4.3747167161731584E-4,6.896151591299256E-4,2726.9550059295116,4207.388790159831,1735.9146762381142
7.425000000000001E-6,7.425000000000001E-6,13.993335004541372,5.5E-8,-2225.4661891630244,-1009.972186701215,0.7156310542527767,-0.7617097814318233,133172.45120474623,138162.88556024685,311.22129451638574,0.3401855749169157,3.7715346280868523E-6,2.5673525725240217E-8,5.146687712377185E-4,2.48056870475466E-7,0.42316487113657786,9.019040334123929E-6,1.9959538652730056E-11,5.051342239029953E-8,3.2718466653454095E-9,4.981294073612461E-11,2.516963075757671E-10,9.173481063651231E-10,4.3792634499413433E-4,6.84438043048681E-4,3066.342375466306,4615.510950085066,2022.722670576547
7.4375E-6,7.4375E-6,14.01689280757932,5.5E-8,-2129.5767204880144,-903.053798369207,0.7138425081834435,-0.7566565471646398,133747.56648921774,138751.21016597105,311.34558917380707,0.3389561159751317,3.761858661754911E-6,2.5859292215264285E-8,5.112544237598918E-4,2.923458687575931E-7,0.7975593979908808,-6.903722865558848E-5,1.9548287133274784E-11,5.0536315694996106E-8,3.2498095212464846E-9,4.875402044008852E-11,2.5183377523203426E-10,9.178525012265219E-10,4.3843273226373586E-4,6.793190978184679E-4,3402.1308138632903,5024.936368480442,2307.0037593865422
7.450000000000001E-6,7.450000000000001E-6,14.040450610617269,5.5E-8,-2032.7051180411945,-792.1130786995731,0.7120665020000277,-0.7510626173775735,134320.91271079547,139337.76003456686,311.4691034025996,0.3377324650948913,3.7522488290277757E-6,2.6045462957902997E-8,5.074747414713335E-4,3.3796741320202275E-7,1.1884862213391898,-1.5128407468978367E-4,1.911691753630863E-11,5.05590327046525E-8,3.228023817206147E-9,4.766062836997656E-11,2.5196899788612273E-10,9.183414573349887E-10,4.389913270189292E-4,6.74261361378319E-4,3734.2739621478263,5417.636810670507,2592.3254667011665
7.462500000000001E-6,7.462500000000001E-6,14.064008413655218,5.5E-8,-1934.7515697286033,-681.6136875395504,0.7103043195729728,-0.7449195543581296,134892.02675728436,139922.0612381593,311.5917446185797,0.33651557435858437,3.7427120959156317E-6,2.623188428473171E-8,5.033240232149524E-4,3.848240645254464E-7,1.5953389655323917,-2.3762850712216732E-4,1.866620487179147E-11,5.058155704869508E-8,3.2065029439809377E-9,4.653549985731458E-11,2.5210180759302786E-10,9.188146238693354E-10,4.3960234304529566E-4,6.692678662877134E-4,4062.741003507577,5806.838063987916,2869.969979126215
7.4750000000000004E-6,7.4750000000000004E-6,14.087566216693165,5.5E-8,-1835.9996994988855,-574.6416299969516,0.7085572631788881,-0.7382202073375869,135460.4332959252,140503.62714699213,311.71341875672675,0.3353064161211986,3.7332555333461115E-6,2.64183952747904E-8,4.987974373902614E-4,4.3280422147518037E-7,2.017367995686982,-3.279479080333658E-4,1.819703523063967E-11,5.0603872176636055E-8,3.1852602653362527E-9,4.538144406064994E-11,2.5223203960378013E-10,9.192716529882199E-10,4.4026570646556E-4,6.643416318833829E-4,4387.583394709316,6204.711876733254,3149.625962582507
7.487500000000001E-6,7.487500000000001E-6,14.111124019731113,5.5E-8,-1736.5519241050954,-464.98044931445196,0.7068266497756647,-0.7309593676255823,136025.64644281325,141081.9596898288,311.8340305399734,0.33410598034793726,3.723886297118214E-6,2.6604828036063305E-8,4.9389146461188E-4,4.817356742137236E-7,2.4532474328216267,-4.2199129200071184E-4,1.7710431325662377E-11,5.06259614059091E-8,3.164309075166063E-9,4.420132894498918E-11,2.523595333693638E-10,9.197121780928205E-10,4.409809601454254E-4,6.594856544544546E-4,4709.119538370097,6593.146729207527,3423.9248324083524
7.500000000000001E-6,7.500000000000001E-6,14.134681822769062,5.5E-8,-1636.2272468209965,-353.4266153905595,0.7051138057403009,-0.723134248309064,136587.1712751686,141656.55118090345,311.95348385853896,0.33291527083354977,3.7146115994970663E-6,2.6791008189110158E-8,4.886042218304487E-4,5.314154412872086E-7,2.901353159367318,-5.194301201640883E-4,1.720756578359656E-11,5.064780799153899E-8,3.143662537890367E-9,4.2998064478182605E-11,2.524841337473257E-10,9.201358042221274E-10,4.417472301924576E-4,6.547028935951184E-4,5027.653169300123,6979.322983067361,3694.489540015615
7.5125000000000005E-6,7.5125000000000005E-6,14.15823962580701,5.5E-8,-1535.1804198110267,-245.1799580192896,0.703420061353552,-0.7147442995248209,137144.50540544058,142226.88629100577,312.0716821689796,0.3317353011798273,3.70543867939274E-6,2.6976755423259798E-8,4.8293533751677086E-4,5.816510484635273E-7,3.3601195045584973,-6.199467620717769E-4,1.6689740270904757E-11,5.066939519895602E-8,3.123333628024781E-9,4.177460724522664E-11,2.5260569221572843E-10,9.205421131484554E-10,4.4256327020212645E-4,6.49996258428199E-4,5343.409169852866,7372.758746300668,3964.268196430228
7.525000000000001E-6,7.525000000000001E-6,14.181797428844959,5.5E-8,-1433.5411433050688,-134.69912814361714,0.701746745547584,-0.7057912329005254,137697.14110713356,142792.44398533055,312.1885288751434,0.33056709088453,3.69637477391638E-6,2.716188407102217E-8,4.7688596817603064E-4,6.322371562816898E-7,3.8278111112349507,-7.231793366315742E-4,1.61583745731094E-11,5.069070637075244E-8,3.1033350751003956E-9,4.053393880176832E-11,2.5272406799074786E-10,9.209306824652866E-10,4.434274487954727E-4,6.453685951287688E-4,5656.645667659832,7759.888919879032,4228.051161532691
7.5375E-6,7.5375E-6,14.205355231882907,5.5E-8,-1331.07224533937,-20.705304297104895,0.7000951806629069,-0.6962788711203698,138244.56701238113,143352.69951540648,312.303927711068,0.32941166137847583,3.6874270899398364E-6,2.734620372823248E-8,4.704586967029526E-4,6.829821951725989E-7,4.302775423315325,-8.287724343176706E-4,1.5614987181163264E-11,5.0711724994511113E-8,3.0836793107467285E-9,3.9279036172683444E-11,2.5283912908618114E-10,9.213011204157896E-10,4.443377838845986E-4,6.408226750050318E-4,5967.443357396914,8145.063753796578,4489.8548940044575
7.5500000000000006E-6,7.5500000000000006E-6,14.228913034920856,5.5E-8,-1227.8130910882412,90.91609494850589,0.6984666782191038,-0.6862124992566264,138786.2694787946,143907.12611905162,312.41778305433616,0.3282700327160809,3.678602781101847E-6,2.7529519806945192E-8,4.636570940923151E-4,7.337416896291415E-7,4.783739783965757,-9.364509688225553E-4,1.5061154496124667E-11,5.073243475745046E-8,3.064378429726805E-9,3.8012865123233483E-11,2.5295075317812053E-10,9.216531017924674E-10,4.452920321310178E-4,6.363611858574877E-4,6275.660821077994,8531.50392224474,4750.627886530325
7.562500000000001E-6,7.562500000000001E-6,14.252470837958805,5.5E-8,-1123.9027488474762,203.92019363980592,0.6968625360318965,-0.675598434231291,139321.73405864858,144455.19630088017,312.53000014476095,0.3271432211607886,3.6699089320695744E-6,2.771163397676443E-8,4.564854285346561E-4,7.843955498287869E-7,5.269595394756834,-0.0010459702949958682,1.44984829534724E-11,5.075281958157733E-8,3.0454441684011554E-9,3.673838158669189E-11,2.530588282215453E-10,9.21986382071034E-10,4.4628772384052546E-4,6.319867274058326E-4,6581.065431294471,8908.06586870216,5007.081394326438
7.575E-6,7.575E-6,14.276028640996753,5.5E-8,-1019.153955207867,320.3943864276799,0.695284036198766,-0.6644436303446535,139850.44640022732,144996.38284791418,312.6404852432877,0.3260322373513497,3.661352547474329E-6,2.7892344540629737E-8,4.489483988815226E-4,8.34856342777357E-7,5.759489589127043,-0.001157133431291868,1.3928585195612165E-11,5.077286364845978E-8,3.026887894479917E-9,3.5458547786795905E-11,2.5316325289972557E-10,9.223007927387155E-10,4.473222101917818E-4,6.277018093496778E-4,6883.225546017805,9280.796627792894,5262.181507546442
7.587500000000001E-6,7.587500000000001E-6,14.2995864440347,5.5E-8,-913.5779300983587,434.8711564313826,0.69373244437717,-0.6527550194476716,140371.89265593403,145530.15942475692,312.7491457005252,0.3249380853581709,3.6529405478264103E-6,2.807144669012408E-8,4.410506888159943E-4,8.850878890598324E-7,6.2529997517267475,-0.001269836898700305,1.3353047922324947E-11,5.0792551407595685E-8,3.0087206126643313E-9,3.417636089548664E-11,2.53263936868717E-10,9.225962348330155E-10,4.483927414464499E-4,6.235088531139998E-4,7181.516111870168,9652.222483673138,5515.278251470528
7.600000000000001E-6,7.600000000000001E-6,14.32314424707265,5.5E-8,-807.3786958179251,548.6944004352162,0.6922090101936343,-0.6405392957495281,140885.5600961401,146056.0007889718,312.855889944198,0.32386176252341814,3.644679771540549E-6,2.8248732650711632E-8,4.327968214523838E-4,9.350620618420181E-7,6.749729648652647,-0.0013839826396520039,1.2773421783671606E-11,5.081186756804453E-8,2.9909529838243756E-9,3.2894850533384196E-11,2.533608008214306E-10,9.228726806259273E-10,4.4949646606041256E-4,6.194101967224614E-4,7475.35594168476,10010.282323043151,5764.803418691286
7.6125E-6,7.6125E-6,14.346702050110597,5.5E-8,-700.5140124952133,664.7548967574517,0.6907149676333757,-0.6278030430506749,141390.9374548664,146573.3830194583,312.9606274678982,0.3228042592880714,3.6365769768400512E-6,2.8423991844969903E-8,4.241912453045101E-4,9.847435084964218E-7,7.2491862786528145,-0.0014994423391669898,1.2191226241710869E-11,5.0830797091028995E-8,2.9735953439852438E-9,3.161705104889572E-11,2.5345377653441626E-10,9.231301838712225E-10,4.5063041291785777E-4,6.154080996227361E-4,7764.162642046682,10359.879377873664,6011.8155555300345
7.625000000000001E-6,7.625000000000001E-6,14.370259853148546,5.5E-8,-592.9765612658662,779.7703813425221,0.689251535457315,-0.6145525809540753,141887.5149152863,147081.7837419466,313.06326881802124,0.3217665590415542,3.62863884379367E-6,2.8597011068431674E-8,4.152382303743752E-4,1.034113790012725E-6,7.751013737344692,-0.0016161175327340516,1.160794336396016E-11,5.084932518331042E-8,2.956657723657098E-9,3.034599078124402E-11,2.535428069063969E-10,9.233688857932939E-10,4.51791523861916E-4,6.11504747586788E-4,8047.295125458485,10708.574438682876,6253.610080858623
7.637500000000001E-6,7.637500000000001E-6,14.393817656186496,5.5E-8,-484.9561454004131,892.907759642346,0.6878199177764568,-0.6007940775253057,142374.78458989566,147580.68230113288,313.16372556757767,0.32074963807977874,3.6208719771904437E-6,2.8767574662459333E-8,4.059419442738552E-4,1.0831395439936387E-6,8.254679791778472,-0.001733870506512858,1.1025022704713424E-11,5.086743728643273E-8,2.9401498689843406E-9,2.9084685201105593E-11,2.536278459645082E-10,9.235890053665951E-10,4.529766300726679E-4,6.077022580255365E-4,8324.24764529699,11043.213392610005,6494.418095300717
7.650000000000001E-6,7.650000000000001E-6,14.417375459224445,5.5E-8,-376.5332209161336,1006.634350209394,0.6864213038910524,-0.5865339793844764,142852.2410887182,148069.5601930336,313.2619103411426,0.3197544650425798,3.6132829054098055E-6,2.893546479072024E-8,3.963067428273489E-4,1.1317551253853253E-6,8.759328433270639,-0.0018524827903263485,1.0443897044382044E-11,5.088511907553896E-8,2.9240812544230403E-9,2.7836129511481405E-11,2.537088589443089E-10,9.237908170810476E-10,4.541824098766017E-4,6.040026833474438E-4,8594.625106873951,11361.799100009479,6727.671109738278
7.6625E-6,7.6625E-6,14.44093326226239,5.5E-8,-267.7205683343842,1119.6410425756503,0.6850568673860676,-0.5717791966797469,143319.3819915994,148547.9017668543,313.3577368921867,0.3187819998217649,3.6058780752364398E-6,2.9100461824792132E-8,3.86337295053883E-4,1.1798848257171813E-6,9.263991414813063,-0.001971708872645195,9.865987086599067E-12,5.0902356468680445E-8,2.908461087053022E-9,2.6603303495687954E-11,2.537858224442258E-10,9.239746279836071E-10,4.5540539533794926E-4,6.004080123916911E-4,8858.072133238167,11679.403283230351,6954.262017849575
7.675E-6,7.675E-6,14.46449106530034,5.5E-8,-158.70438368078482,1229.738885666558,0.6837277647546461,-0.5565373838544408,143775.70886709885,149015.19510154414,313.4511202120651,0.3178331921228046,3.5986638440904293E-6,2.926234480998041E-8,3.760387728746222E-4,1.2274268593159831E-6,9.767423418980798,-0.00209123893347396,9.292708306025014E-12,5.09191356404902E-8,2.8932983058035E-9,2.538915544649674E-11,2.538587246052346E-10,9.241407726882495E-10,4.5664195163090703E-4,5.969201706955874E-4,9114.379323971965,11988.223035944176,7179.201379731094
7.6875E-6,7.6875E-6,14.488048868338288,5.5E-8,-49.62085615916904,1339.9223575064987,0.6824351331695772,-0.540817315796869,144220.7284390074,149470.93319529507,313.5419766986624,0.3169089794094412,3.5916464676074435E-6,2.9420892060318978E-8,3.654171052681547E-4,1.2742519508890382E-6,10.268095000180438,-0.0022106898262563845,8.72547911839435E-12,5.0935443046798515E-8,2.878601571368162E-9,2.4196562729359032E-11,2.539275653465476E-10,9.242896289590494E-10,4.5788826036415644E-4,5.935410186279172E-4,9363.412254221805,12276.025083040435,7399.202015157458
7.7E-6,7.7E-6,14.511606671376237,5.5E-8,59.5595478447223,1449.900227126377,0.6811800877474706,-0.5246289388769584,144653.95367469807,149914.61535100528,313.6302243608419,0.3160102844754203,3.584832084436751E-6,2.9575881844005405E-8,3.544790127547016E-4,1.3202310803706042E-6,10.764454703592492,-0.002329670134514572,8.16571647868986E-12,5.09512654563081E-8,2.864379250880841E-9,2.302831302625135E-11,2.5399235661230066E-10,9.244216260035901E-10,4.591403510867593E-4,5.902723483288729E-4,9605.02901622341,12556.626082127097,7609.250123934873
7.712500000000001E-6,7.712500000000001E-6,14.535164474414186,5.5E-8,168.64761514307133,1555.8113860997598,0.6799637186831319,-0.5079835035434546,145074.905354046,150345.74862157687,313.7157830305337,0.3151380129074205,3.578226700305677E-6,2.9727093113653007E-8,3.4323209698882063E-4,1.365219998632483E-6,11.25476845889807,-0.0024477460025877917,7.61483365074037E-12,5.0966589982084404E-8,2.850639401664394E-9,2.188709961604651E-11,2.540531225727502E-10,9.245372361007262E-10,4.6039410343738397E-4,5.871158804488287E-4,9839.196322988919,12833.644359716072,7815.3872011544045
7.725000000000001E-6,7.725000000000001E-6,14.558722277452135,5.5E-8,277.4564029709653,1661.4009412053113,0.6787870878227699,-0.49089383960267924,145483.1137246933,150763.84946895344,313.79857461403765,0.3142930501343333,3.571836169008718E-6,2.987430633429012E-8,3.3168502675856706E-4,1.4090540400957252E-6,11.73708096952214,-0.0025644234539754507,7.074241231251055E-12,5.098140412013703E-8,2.8373897491471824E-9,2.077551063673828E-11,2.5410989981554584E-10,9.246369676144882E-10,4.61645246949632E-4,5.840732595580892E-4,10065.924417114209,13096.401553094436,8018.190572675446
7.7375E-6,7.7375E-6,14.582280080490081,5.5E-8,386.0738802501054,1767.8686543093377,0.6776518200939002,-0.4723796734954562,145898.6059290689,151168.10926918464,313.87842391651844,0.3134764811087051,3.565669402646853E-6,3.001723142877958E-8,3.191754550644974E-4,-1.0859471208846117E-6,-8.607969370666979,0.0015577250788396668,6.517877850565457E-12,5.099560126365288E-8,2.8246443337166614E-9,1.9695378615692187E-11,2.5416256895565516E-10,9.247213525869819E-10,4.607777341533038E-4,5.811475801097034E-4,10280.380372165091,13344.341489861778,8208.697575904389
7.75E-6,7.75E-6,14.60583788352803,5.5E-8,494.4176876662704,1871.2413589023733,0.6765627772098565,-0.4521661193275,146274.55444867,151556.95262808987,313.9551101001474,0.31269237390808846,3.5597529090926895E-6,3.0155157249518127E-8,3.055176481942568E-4,-6.22723621717114E-7,-4.485624208194167,6.511988707131877E-4,5.943254465591681E-12,5.1009309753175476E-8,2.8124533201958764E-9,1.865210600167375E-11,2.5421082365302167E-10,9.247909208079884E-10,4.6109415090240375E-4,5.783502229044589E-4,10501.190887384368,13600.782052688044,8400.176719819996
7.7625E-6,7.7625E-6,14.62939568656598,5.5E-8,602.337048659623,1973.8600343363632,0.6755217607604775,-0.43159685497340033,146636.37869479074,151929.4683827899,314.02843141140374,0.3119419039474173,3.5540965724853874E-6,3.0287759068701266E-8,2.916194966036489E-4,-3.559620883208936E-7,-2.2081791713771963,1.7716059284111907E-4,5.3898734078596204E-12,5.102239975988446E-8,2.800832327418621E-9,1.7648465310911063E-11,2.5425485032619177E-10,9.248461848935493E-10,4.6129929530154627E-4,5.75684633580932E-4,10740.549520562075,13877.752732849465,8595.25543145506
7.775000000000001E-6,7.775000000000001E-6,14.652953489603929,5.5E-8,709.880383721872,2076.8082466758024,0.6745295231573882,-0.4107625354458851,146982.87357016088,152285.27781508883,314.09833359801684,0.3112257480778597,3.548704579718562E-6,3.041484236216165E-8,2.775422536796521E-4,-2.022301019621864E-7,-0.9394336525192557,-7.1991728731291E-5,4.860584907969491E-12,5.103486570265914E-8,2.7897852986816245E-9,1.6684903065576366E-11,2.5429478959832786E-10,9.248876422020102E-10,4.6143492935716337E-4,5.731515812508589E-4,10993.040994777948,14172.82095122266,8804.786200886283
7.787500000000001E-6,7.787500000000001E-6,14.676511292641877,5.5E-8,816.9964048775411,2177.550287098506,0.6735865864021008,-0.3897508940566015,147313.2963586611,152624.0866992003,314.16477799479674,0.31054441027940255,3.5435798638858166E-6,3.053624382721898E-8,2.633451986868929E-4,-1.134803839875076E-7,-0.22301965139740787,-2.0444174981548713E-4,4.357712021803226E-12,5.104670366826753E-8,2.7793137520829586E-9,1.5762385981543403E-11,2.5433080838057204E-10,9.24915779235568E-10,4.615291994540814E-4,5.707512835890211E-4,11252.511450897344,14484.225004669439,9011.892597080765
7.8E-6,7.8E-6,14.700069095679822,5.5E-8,923.586971107928,2277.4102418741763,0.6726932834668299,-0.3686319088747398,147627.1808269377,152945.6720248476,314.2277389708249,0.3098982514046612,3.538724328124287E-6,3.0651827109776565E-8,2.490756141045539E-4,-6.20907324844211E-8,0.1905180783032847,-2.7658941246500035E-4,3.8827651480175555E-12,5.1057911392746064E-8,2.7694172780667627E-9,1.4882322609024836E-11,2.5436309238724506E-10,9.249310871186028E-10,4.615988741039511E-4,5.684835219807792E-4,11512.790804484155,14817.230203360188,9216.353119658517
7.8125E-6,7.8125E-6,14.723626898717772,5.5E-8,1029.645994943996,2376.4071948837677,0.6718498054881954,-0.34745559827065403,147924.22781007548,153249.86610807432,314.28720081256694,0.3092875231056845,3.5341391013136114E-6,3.0761477519738255E-8,2.347672961288203E-4,-3.219086664785209E-8,0.43760258627116855,-3.177465583519279E-4,3.4365226781615E-12,5.106848795734817E-8,2.7600940900559538E-9,1.4046453802013362E-11,2.543918396287765E-10,9.249340873131687E-10,4.6165365138631806E-4,5.663477684903375E-4,11767.850167334793,15150.255798574959,9422.215060572309
7.825E-6,7.825E-6,14.747184701755721,5.5E-8,1135.086244211277,2473.227757035303,0.6710562490879187,-0.32625225184941903,148204.2379408733,153536.5402385693,314.3431545059277,0.3087124019353693,3.5298247947150208E-6,3.086509648014826E-8,2.204407107090669E-4,-1.4663353624655429E-8,0.5929085563302579,-3.4309243659436106E-4,3.0191717043164943E-12,5.107843335972431E-8,2.751341565840912E-9,1.3256751127838345E-11,2.5441725503783096E-10,9.249253470171053E-10,4.61699099132934E-4,5.643433103888772E-4,12012.058610369873,15460.992957601055,9625.48273432147
7.8375E-6,7.8375E-6,14.77074250479367,5.5E-8,1239.8449326951816,2569.41039698747,0.6703126611702382,-0.3050340413684492,148467.0682280169,153805.5889160696,314.3955946415502,0.30817302174464767,3.5257817451117244E-6,3.096259608625935E-8,2.0610408200570892E-4,-4.269388540478758E-9,0.6973738067845261,-3.604642769801103E-4,2.630467187325041E-12,5.108774804627235E-8,2.7431567520203325E-9,1.2515314921801895E-11,2.544395462808284E-10,9.24905485875507E-10,4.617384101481057E-4,5.624693659462011E-4,12240.45300653692,15810.643634683534,9816.539327226725
7.850000000000001E-6,7.850000000000001E-6,14.79430030783162,5.5E-8,1343.9028912037616,2663.8292764029193,0.6696190787995692,-0.2837974857095782,148712.6028556056,154056.9156260246,314.44451663474865,0.3076695026362234,3.522010231379898E-6,3.1053894129298144E-8,1.9175505791187717E-4,2.0025117919431067E-9,0.7734949449277337,-3.738986129633304E-4,2.2698886296202752E-12,5.10964324661463E-8,2.735536807015041E-9,1.182427479262984E-11,2.544589207879557E-10,9.248751805481897E-10,4.617734167225559E-4,5.607251859402271E-4,12448.88782291834,16216.312446038859,9994.193905065893
7.862500000000001E-6,7.862500000000001E-6,14.817858110869569,5.5E-8,1447.1022173840308,2754.955383350385,0.6689755624772064,-0.26252661279521794,148940.73313283743,154290.42083794516,314.48991439209175,0.3072019752277791,3.5185106553016336E-6,3.113890985294144E-8,1.7738284648325536E-4,5.88421045222276E-9,0.8336461773333212,-3.8546381637161176E-4,1.93678510764305E-12,5.110448668527051E-8,2.7284793662633737E-9,1.1185703096918355E-11,2.544755839500008E-10,9.248351606791697E-10,4.618051703201524E-4,5.591101371962998E-4,12634.259549244065,16555.14809575914,10171.59072210632
7.875E-6,7.875E-6,14.841415913907515,5.5E-8,1549.3456620867375,2845.204271386468,0.6683822209326479,-0.24119697351205055,149151.3441605415,154505.9929759429,314.5317785658464,0.30677059881580704,3.5152836763235413E-6,3.121756073989808E-8,1.6297092804868282E-4,8.371868318590714E-9,0.8845867110667314,-3.961900563922427E-4,1.6305059324309659E-12,5.1111910093709266E-8,2.7219828110060386E-9,1.0601533850536516E-11,2.5448973840066314E-10,9.247862019433365E-10,4.6183426985948355E-4,5.576237639650162E-4,12794.674333381054,16736.686540484883,10327.305316097118
7.8875E-6,7.8875E-6,14.864973716945462,5.5E-8,1650.6348161108845,2933.7665157333677,0.6678392261390859,-0.21977981603307917,149344.3069562349,154703.50288890913,314.5700954925077,0.30637557245678176,3.5123302931948344E-6,3.128976054748116E-8,1.4849987569802645E-4,1.0038433657655332E-8,0.929930053714088,-4.0655223625662984E-4,1.3505025005357648E-12,5.111870122793717E-8,2.716046428519419E-9,1.0073492508680007E-11,2.545015842304802E-10,9.24729121922475E-10,4.6186104761376773E-4,5.562658244212088E-4,12929.36014582937,16790.11263610921,10466.399331497343
7.9E-6,7.9E-6,14.888531519983411,5.5E-8,1750.814247346044,3018.5038538090976,0.6673468188223531,-0.19824599810064192,149519.4750740859,154882.80177159215,314.6048467996646,0.3060171391194085,3.509651873906888E-6,3.135541859905779E-8,1.3394999871664995E-4,1.1212787995873442E-8,0.9714907347297412,-4.167153211938057E-4,1.096396529998224E-12,5.1124857707552224E-8,2.7106704684737115E-9,9.603047189639512E-12,2.5451131988463056E-10,9.246647724885454E-10,4.618856748862744E-4,5.550363034062765E-4,13038.622055792079,16773.768552283982,10597.850096476466
7.912500000000001E-6,7.912500000000001E-6,14.91208932302136,5.5E-8,1849.7612953741059,3101.841041363295,0.6669053047451321,-0.17656993551940683,149676.6851641652,155043.72247060167,314.63600966334536,0.3056955830800512,3.5072501354341657E-6,3.141444032677102E-8,1.193040104860857E-4,1.2082500830956633E-8,1.009999213853007,-4.266491193618549E-4,8.680206237738408E-13,5.113037628450665E-8,2.7058560998043983E-9,9.191372257568669E-12,2.5451914350591307E-10,9.245940315106726E-10,4.6190822198133975E-4,5.539354024571396E-4,13123.872694247082,16717.898700222635,10709.70237138999
7.925000000000001E-6,7.925000000000001E-6,14.93564712605931,5.5E-8,1947.4656239242636,3183.0208558823724,0.6665150417472759,-0.15473344260892583,149815.76118137722,155186.08420750633,314.66355771841927,0.30541122052401776,3.505127073149022E-6,3.1466729091419786E-8,1.0454962338440934E-4,1.2752911970892456E-8,1.045505730383411,-4.36191369772132E-4,6.654298109563113E-13,5.113525300597058E-8,2.70160526879809E-9,8.839321214864047E-12,2.545252545013762E-10,9.245177978333356E-10,4.6192869325817554E-4,5.529635073095018E-4,13187.53103391026,16644.469529171103,10802.399832810483
7.937500000000002E-6,7.937500000000002E-6,14.95920492909726,5.5E-8,2043.7339210851803,3259.3596627723336,0.6661764185999838,-0.1327287047637198,149936.52169952024,155309.70034749847,314.68746254810765,0.3051643841099532,3.5032848456510617E-6,3.1512189151289926E-8,8.968155727278366E-5,1.3281962196742825E-8,1.0776544312930127,-4.450993831994765E-4,4.888791233285972E-13,5.1139483478128444E-8,2.6979204704304743E-9,8.547420966799926E-12,2.545298550779932E-10,9.244369840305386E-10,4.6194705013779993E-4,5.521211356431483E-4,13232.610048378823,16581.188502967096,10884.564334937435
7.95E-6,7.95E-6,14.982762732135205,5.5E-8,2138.4625522301267,3335.6955834408145,0.6658899053174131,-0.11049218630479735,150039.08986431558,155414.36062462835,314.70768992172475,0.3049554609701629,3.5017260484511826E-6,3.155071893643431E-8,7.465688263837658E-5,7.099885834804809E-9,0.7783701030539305,-3.262106610009141E-4,3.3835643558480243E-13,5.114306200948497E-8,2.6948052986533643E-9,8.31586826900929E-12,2.5453314790507113E-10,9.243525075551297E-10,4.6194887823871743E-4,5.514090629446726E-4,13261.933606288605,16532.41369052899,10954.3536967606
7.9625E-6,7.9625E-6,15.006320535173154,5.5E-8,2231.9486290609493,3415.7635518743677,0.6656559602853193,-0.088104275654692,150122.80163752116,155499.8634208226,314.72420706342814,0.304784820137089,3.500453208095494E-6,3.158222414025737E-8,5.95299159829E-5,3.64608240488451E-9,0.6151116318951608,-2.606065374664013E-4,2.1490546483622805E-13,5.11459835475123E-8,2.6922634402194804E-9,8.144803086778223E-12,2.545353450725676E-10,9.242652848418446E-10,4.619513854146115E-4,5.508280926029862E-4,13279.427741511492,16492.776941380616,11004.48001233041
7.975E-6,7.975E-6,15.029878338211104,5.5E-8,2324.4587082901007,3496.439632781006,0.6654749034381514,-0.0655961930939703,150187.57710903708,155566.06438588563,314.7369907651433,0.30465272543326166,3.4994680923944056E-6,3.1606634555733204E-8,4.4321752090520475E-5,1.6693419979674218E-9,0.5271117301481354,-2.2482970774717614E-4,1.190299720280461E-13,5.11482443412573E-8,2.6902973047845062E-9,8.03390225403703E-12,2.5453666386767687E-10,9.241762287135882E-10,4.619540154389185E-4,5.503787430311222E-4,13288.724049390374,16476.623031535328,11053.553542844367
7.987500000000001E-6,7.987500000000001E-6,15.053436141249051,5.5E-8,2416.0929269053054,3577.9573263186326,0.6653469673896417,-0.04301243552462843,150233.34763716205,155612.85712716932,314.7460241337549,0.3045593702044027,3.498771988125475E-6,3.162389767644815E-8,2.9062456435559752E-5,5.352923437840218E-10,0.4793434663070002,-2.0517827127264354E-4,5.114893899241037E-14,5.114984168864304E-8,2.688908588987518E-9,7.982600568422936E-12,2.5453732609234536E-10,9.240862477209546E-10,4.619563809321891E-4,5.500613768377027E-4,13294.110431924977,16490.300925216434,11077.336874025134
8.000000000000001E-6,8.000000000000001E-6,15.076993944287,5.5E-8,2507.0525470113353,3661.624003285514,0.6652722625996839,-0.020412222874027074,150260.07893385604,155640.18610644276,314.75129904169415,0.3045048517755452,3.498365511319857E-6,3.163398358221484E-8,1.3792042482450725E-5,-1.2510412261690362E-10,0.4520338932179584,-1.93942223660315E-4,1.1515501818076808E-14,5.115077435721719E-8,2.6880979040288316E-9,7.990125306448203E-12,2.545375569160588E-10,9.239962440307561E-10,4.6195823638372824E-4,5.498761158776532E-4,13299.48722893601,16522.172959946445,11083.926401660827
