% Model,worst_gas_mesh_configured.mph
% Version,COMSOL 6.4.0.429
% Date,"Oct 8 2026, 22:55"
% Table,Table - 
% gasCase,Time (s),gasCase,t (s),t/taucG (1),acG (m),betacG (1),E0cG (J),DP*cG.pdet (Pa),cG.idcG(cG.pAc)/cG.idcG(1) (J/m^3),cG.r1 (1),cG.U1 (m/s),cG.pg1 (Pa),cG.pB1 (N/m^2),cG.En (J),cG.Ei (J),cG.Ep (N*m),cG.Ea (J),E0cG*cG.ediss (J),E0cG*cG.erout (J),(cG.En+cG.Ei+cG.Ep+cG.Ea+E0cG*(cG.ediss+cG.erout)-E0cG)/E0cG (1),abs(cG.U1)/cL (1)
3,0,3,0,0,5.174480988706573E-5,0.05,6.771179366037201E-8,-1.0969046576848414E-26,-5.237334974966144E-20,1,-1.784120276078457E-7,5000,2217.112216652544,1.4674741233888116E-23,7.254358421885699E-9,6.04574352384863E-8,6.7638272619309465E-34,1.5523376142746773E-33,2.117927749368775E-66,0,1.2054866730259846E-10
3,2.5000000000000002E-8,3,2.5000000000000002E-8,0.004831402425588787,5.174480988706573E-5,0.05,6.771179366037201E-8,-9.85875609202173E-7,-1.3342300006865071E-5,0.9999810019867994,-0.07880874690538997,5000.398977984465,2223.550534577241,2.863212717761149E-12,7.2545238074183665E-9,6.045403561271691E-8,3.750118695851058E-13,1.1721451467546727E-16,7.1136333618599755E-43,6.05738661792734E-8,5.3249153314452684E-5
3,5.0000000000000004E-8,3,5.0000000000000004E-8,0.009662804851177573,5.174480988706573E-5,0.05,6.771179366037201E-8,-3.300685093895155E-5,-4.226702444387011E-4,0.999927480692472,-0.1428892792065223,5001.523192645257,2229.480058619983,9.411416024732907E-12,7.254989769508137E-9,6.0444458855758E-8,2.925380703983923E-12,9.100105275285848E-16,3.342174404805957E-40,-1.0822880690229685E-7,9.654681027467724E-5
3,7.500000000000001E-8,3,7.500000000000001E-8,0.014494207276766362,5.174480988706573E-5,0.05,6.771179366037201E-8,-5.58591968404477E-4,-0.006777505081572731,0.9998449893764425,-0.19864373894091417,5003.256535459934,2235.295320401218,1.8185689531256034E-11,7.2557080551597386E-9,6.042970036946688E-8,8.194023251794288E-12,2.811817346836316E-15,7.028004287798535E-38,-4.003947979323994E-8,1.342187425276447E-4
3,1.0000000000000001E-7,3,1.0000000000000001E-7,0.019325609702355147,5.174480988706573E-5,0.05,6.771179366037201E-8,-0.00631886374115731,-0.07262706113861746,0.9997365300697042,-0.25036717499411115,5005.536660736605,2241.274556878511,2.88825331449388E-11,7.256652653156214E-9,6.041029961634794E-8,1.5944101172393233E-11,6.0879449640422826E-15,8.896799978566383E-36,-1.280220932977253E-7,1.6916701013115618E-4
3,1.2500000000000002E-7,3,1.2500000000000002E-7,0.02415701212794394,5.174480988706573E-5,0.05,6.771179366037201E-8,-0.05331377237845419,-0.5794706964467597,0.9996035971278454,-0.29993510302149357,5008.333046932882,2247.536577091778,4.1439366474142974E-11,7.257810705427317E-9,6.03865267834542E-8,2.59983657845698E-11,1.1012201952433432E-14,7.892721419601231E-34,-1.0968591188292168E-7,2.0265885339290106E-4
3,1.5000000000000002E-7,3,1.5000000000000002E-7,0.028988414553532724,5.174480988706573E-5,0.05,6.771179366037201E-8,-0.354947552434386,-3.6361531398009954,0.9994469748697721,-0.34842474470417495,5011.630245528033,2254.1515758957003,5.5902693140139795E-11,7.259175563245095E-9,6.03585255150945E-8,3.816068824581274E-11,1.7843551588760487E-14,5.281863107913623E-32,-1.6772698318188566E-7,2.354221248001182E-4
3,1.7500000000000002E-7,3,1.7500000000000002E-7,0.03381981697912151,5.174480988706573E-5,0.05,6.771179366037201E-8,-1.9264344897239696,-18.50510325781012,0.9992670552634385,-0.3963714885418571,5015.421215512608,2261.1551763157536,7.231932533580766E-11,7.260744022668546E-9,6.032636977897332E-8,5.2321671528158306E-11,2.685736441523385E-14,2.786737524300803E-30,-1.7728819619162386E-7,2.6781857333909264E-4
3,2.0000000000000002E-7,3,2.0000000000000002E-7,0.038651219404710294,5.174480988706573E-5,0.05,6.771179366037201E-8,-8.69440692525113,-77.74909046209244,0.9990640357352942,-0.44404727048740156,5019.703173425176,2268.5663474849816,9.072385324040084E-11,7.262514603202768E-9,6.029009927403234E-8,6.840245692221604E-11,3.833076506759154E-14,1.1928532214265466E-28,-2.236273533968163E-7,3.0003193951851456E-4
3,2.2500000000000002E-7,3,2.2500000000000002E-7,0.043482621830299086,5.174480988706573E-5,0.05,6.771179366037201E-8,-33.03512858327601,-272.3264497242749,0.9988380092687595,-0.49160903582569354,5024.475704913203,2276.397243483233,1.1114632468687028E-10,7.2644867640244215E-9,6.024973556164037E-8,8.635591129483127E-11,5.2548655429905367E-14,4.223737357239223E-27,-2.444193131175421E-7,3.321682674497929E-4
3,2.5000000000000004E-7,3,2.5000000000000004E-7,0.04831402425588788,5.174480988706573E-5,0.05,6.771179366037201E-8,-106.46969998991975,-798.5632626041792,0.998589017099683,-0.5391157108631155,5029.739660342873,2284.6535528964205,1.3359508638314988E-10,7.2666604455498295E-9,6.020529149846728E-8,1.06157404597992E-10,6.979771222012077E-14,1.2540176415488095E-25,-2.8691695327739534E-7,3.6426737220480776E-4
3,2.75E-7,3,2.75E-7,0.053145426681476655,5.174480988706573E-5,0.05,6.771179366037201E-8,-292.3266810612965,-1960.3415097953477,0.9983170703368366,-0.5866305373413957,5035.4967033829,2293.342024009429,1.580904880533839E-10,7.269035881576188E-9,6.015677510929223E-8,1.2778086272327733E-10,9.036797842733947E-14,3.1515767781709726E-24,-3.0941062670331434E-7,3.9637198469013224E-4
3,3.0000000000000004E-7,3,3.0000000000000004E-7,0.05797682910706545,5.174480988706573E-5,0.05,6.771179366037201E-8,-685.3381993996975,-4013.9317413792305,0.9980221596683132,-0.6341769216446101,5041.749110268764,2302.4668729205014,1.846400525551605E-10,7.271613515210509E-9,6.010419132883046E-8,1.5121049327248175E-10,1.1455150438852223E-13,6.748525843434417E-23,-3.5029346700200585E-7,4.28497920030142E-4
3,3.25E-7,3,3.25E-7,0.06280823153265423,5.174480988706573E-5,0.05,6.771179366037201E-8,-1373.9744709573538,-6810.36581773144,0.9977042649802936,-0.6817744265300058,5048.499570178573,2312.0323954046903,2.1325233412334427E-10,7.274393915421543E-9,6.004754372501238E-8,1.7643562382582293E-10,1.4264235178994216E-13,1.2365020513203724E-21,-3.754092828141732E-7,4.6065839630405795E-4
3,3.5000000000000004E-7,3,3.5000000000000004E-7,0.06763963395824302,5.174480988706573E-5,0.05,6.771179366037201E-8,-2361.243082638541,-9503.19988638237,0.9973633634494359,-0.7294160365655985,5055.751016857746,2322.0410586573958,2.439208697247718E-10,7.2773777067261075E-9,5.99868359460138E-8,2.0345609442254792E-10,1.7493517646072013E-13,1.943258503855015E-20,-4.1511658994167214E-7,4.928486733551341E-4
3,3.75E-7,3,3.75E-7,0.0724710363838318,5.174480988706573E-5,0.05,6.771179366037201E-8,-3501.0573337236056,-10890.338673804357,0.9969994332965231,-0.7771031500504522,5063.506551395401,2332.4961440665634,2.7664334312366444E-10,7.280565536639555E-9,5.992207239047985E-8,2.3227075846652444E-10,2.1172478742585378E-13,2.621701611741816E-19,-4.416750938628375E-7,5.250696959800353E-4
3,4.0000000000000003E-7,3,4.0000000000000003E-7,0.07730243880942059,5.174480988706573E-5,0.05,6.771179366037201E-8,-4549.610126385279,-10526.882679366787,0.99661245285776,-0.8248347816589281,5071.7694643634895,2343.4009304313204,3.1141524590717767E-10,7.283958084055093E-9,5.985325804262925E-8,2.628765665657453E-10,2.5330612687920066E-13,3.0347628871306308E-18,-4.786766286692771E-7,5.573207984181947E-4
3,4.2500000000000006E-7,3,4.2500000000000006E-7,0.08213384123500939,5.174480988706573E-5,0.05,6.771179366037201E-8,-5344.765416807235,-9489.529566465257,0.9962023911444018,-0.8726493598126961,5080.543440635596,2354.7621159383616,3.4826271413692646E-10,7.287556142392001E-9,5.97803967961999E-8,2.9524401092885164E-10,2.999764427013862E-13,3.008741939648181E-17,-5.01983219837651E-7,5.896279458193893E-4
3,4.5000000000000003E-7,3,4.5000000000000003E-7,0.08696524366059817,5.174480988706573E-5,0.05,6.771179366037201E-8,-5939.6052144103005,-9352.32824819483,0.9957692055110707,-0.9205584059314237,5089.832614490537,2366.584725033705,3.8719520836658224E-10,7.291360640769466E-9,5.970349104844475E-8,3.293578450127508E-10,3.5203622760059014E-13,2.547330656258011E-16,-5.40922279848318E-7,6.219989229266376E-4
3,4.7500000000000006E-7,3,4.7500000000000006E-7,0.09179664608618696,5.174480988706573E-5,0.05,6.771179366037201E-8,-6498.085278884521,-10189.140464237698,0.995312855233772,-0.9685415811502062,5099.6412836047,2378.87147078855,4.2819533508881757E-10,7.295372525445784E-9,5.962254411820271E-8,3.652314744803724E-10,4.097923020859057E-13,1.8342594454600495E-15,-5.697765590177373E-7,6.544199872636528E-4
3,5.000000000000001E-7,3,5.000000000000001E-7,0.09662804851177575,5.174480988706573E-5,0.05,6.771179366037201E-8,-7063.038620206522,-10576.327341549413,0.9948333053530766,-1.0165950732216,5109.973829306105,2391.62643970229,4.712568604161366E-10,7.299592726307955E-9,5.9537560927255046E-8,4.02857921321559E-10,4.735408744302596E-13,1.1175787487543464E-14,-5.982474724238747E-7,6.868885629875676E-4
3,5.250000000000001E-7,3,5.250000000000001E-7,0.10145945093736453,5.174480988706573E-5,0.05,6.771179366037201E-8,-7531.897241197138,-9995.948893682747,0.9943305262574615,-1.0647011988943622,5120.834727755345,2404.852741336845,5.163587755152018E-10,7.30402216068643E-9,5.944854792351465E-8,4.4222192071777524E-10,5.435795036869587E-13,5.72621390416785E-14,-6.208415543891707E-7,7.193927019556502E-4
3,5.5E-7,3,5.5E-7,0.10629085336295331,5.174480988706573E-5,0.05,6.771179366037201E-8,-7867.072620989704,-9660.35075557871,0.993804487183043,-1.1128812164164166,5132.228693163415,2418.556738784084,5.635158080845382E-10,7.308661790858274E-9,5.935551192851616E-8,4.831977332457448E-10,6.202088824662346E-13,2.4501677426137134E-13,-6.080773872351508E-7,7.519467678489301E-4
3,5.75E-7,3,5.75E-7,0.1111222557885421,5.174480988706573E-5,0.05,6.771179366037201E-8,-8163.706389460887,-10139.440972322494,0.9932551317055532,-1.1612203575976698,5144.161215106457,2432.7504752724344,6.128131297077284E-10,7.313512841059556E-9,5.9258455811960975E-8,5.254019907530848E-10,7.037363422034305E-13,8.690396625282672E-13,-5.480712284504928E-7,7.846083497281553E-4
3,6.000000000000001E-7,3,6.000000000000001E-7,0.1159536582141309,5.174480988706573E-5,0.05,6.771179366037201E-8,-8465.608237046074,-10342.629118705609,0.9926823884473754,-1.209697841300258,5156.638337375772,2447.4382598056336,6.642333226584028E-10,7.318576704622069E-9,5.9157380406933514E-8,5.682400196184132E-10,7.944758796028544E-13,2.5372870977922646E-12,-4.6437349413693727E-7,8.173634062839581E-4
3,6.25E-7,3,6.25E-7,0.12078506063971968,5.174480988706573E-5,0.05,6.771179366037201E-8,-8706.150644840996,-9896.246533379861,0.9920862142777722,-1.2582156449462953,5169.665722616805,2462.6180683040907,7.176666053114119E-10,7.323854562710476E-9,5.905229213895679E-8,6.109931007172239E-10,8.927334521258832E-13,6.069358289633716E-12,-3.7158865527029467E-7,8.501457060447942E-4
3,6.5E-7,3,6.5E-7,0.12561646306530846,5.174480988706573E-5,0.05,6.771179366037201E-8,-8875.560436481179,-9832.785513911747,0.9914665861794877,-1.306786585002117,5183.248826518344,2478.29634047507,7.731169729124781E-10,7.329347455403762E-9,5.8943201568414034E-8,6.532001024593342E-10,9.988089804878448E-13,1.1906688181986291E-11,-3.258519489104459E-7,8.829639087852141E-4
3,6.750000000000001E-7,3,6.750000000000001E-7,0.13044786549089726,5.174480988706573E-5,0.05,6.771179366037201E-8,-9042.038573200622,-10202.922968294275,0.990823455755303,-1.355504461766721,5197.393897674373,2494.486552403657,8.306891213996958E-10,7.335056685098823E-9,5.883011537537478E-8,6.954079665671924E-10,1.1130110184583674E-12,1.939055324689026E-11,-3.093651052440006E-7,9.158813930856222E-4
3,7.000000000000001E-7,3,7.000000000000001E-7,0.13527926791648603,5.174480988706573E-5,0.05,6.771179366037201E-8,-9202.848566097811,-10097.779211203922,0.9901567437054898,-1.4044047463391227,5212.10811413891,2511.198483242081,8.904288959428967E-10,7.340983867765417E-9,5.8713035420101706E-8,7.390998336201445E-10,1.2356602237820744E-12,2.699240217029871E-11,-2.5963789779086456E-7,9.489221259048127E-4
3,7.25E-7,3,7.25E-7,0.14011067034207483,5.174480988706573E-5,0.05,6.771179366037201E-8,-9313.151629358972,-9819.960918241784,0.9894663794191442,-1.4534160214735878,5227.398723000136,2528.4336549376344,9.52247317441718E-10,7.347130582875676E-9,5.8591965720772434E-8,7.854031380759228E-10,1.3670757073082274E-12,3.3661725435268646E-11,-2.673103561731806E-7,9.820378523470188E-4
3,7.5E-7,3,7.5E-7,0.1449420727676636,5.174480988706573E-5,0.05,6.771179366037201E-8,-9401.260378632931,-10009.998118676931,0.9887523200340456,-1.5024927172643399,5243.272619098275,2546.1953108909065,1.0160775571709281E-9,7.353498203455162E-9,5.846691578261854E-8,8.340891406570609E-10,1.5075671372266598E-12,3.9682533916268146E-11,-3.378350444817221E-7,0.0010151977819353648
3,7.750000000000001E-7,3,7.750000000000001E-7,0.1497734751932524,5.174480988706573E-5,0.05,6.771179366037201E-8,-9497.875607793085,-10124.114842736693,0.9880145173377406,-1.5517023440006765,5259.737079910072,2564.495891737022,1.0820020377828143E-9,7.360088190672797E-9,5.8337894782091575E-8,8.840004771777337E-10,1.6574466779672769E-12,4.612730449613229E-11,-3.4589946198895813E-7,0.001048447529730187
3,8.000000000000001E-7,3,8.000000000000001E-7,0.15460487761884117,5.174480988706573E-5,0.05,6.771179366037201E-8,-9573.351298455167,-9910.283015193672,0.9872528962691487,-1.6010907869421358,5276.800256795374,2583.3469535920167,1.1500826329991197E-9,7.3669022873788106E-9,5.820490782435627E-8,9.34378373580824E-10,1.8170382022429873E-12,5.368184984724265E-11,-3.493336423560162E-7,0.001081818099285227
3,8.25E-7,3,8.25E-7,0.15943628004442997,5.174480988706573E-5,0.05,6.771179366037201E-8,-9622.63078423865,-9908.155102499608,0.9864673777843039,-1.6506282544065032,5294.470678726744,2602.7544929672044,1.2202761895817002E-9,7.37394231577669E-9,5.806795996506754E-8,9.8576797563683E-10,1.9866687398557423E-12,6.183778188379181E-11,-3.36184944697625E-7,0.001115289361085475
3,8.500000000000001E-7,3,8.500000000000001E-7,0.16426768247001877,5.174480988706573E-5,0.05,6.771179366037201E-8,-9670.78111301235,-9999.594845079208,0.9856578935346223,-1.7002990574070622,5312.756929751229,2622.7256819031836,1.292555180699397E-9,7.381210046676518E-9,5.792705877268653E-8,1.0391331859585656E-9,2.1666621285368676E-12,6.96484960729205E-11,-3.148070431979503E-7,0.0011488507144642311
3,8.750000000000001E-7,3,8.750000000000001E-7,0.16909908489560754,5.174480988706573E-5,0.05,6.771179366037201E-8,-9711.318042849713,-9900.829794754532,0.9848243788421573,-1.7501043171635589,5331.66781166168,2643.26922798299,1.3669148823955732E-9,7.388707262723605E-9,5.7782213097324317E-8,1.0944169396519932E-9,2.3573416073268454E-12,7.715863100230082E-11,-3.7667982965667566E-7,0.0011825029170024046
3,9.000000000000001E-7,3,9.000000000000001E-7,0.17393048732119634,5.174480988706573E-5,0.05,6.771179366037201E-8,-9739.477131717847,-9905.442170056991,0.9839667648535461,-1.8000598816012792,5351.212529558817,2664.3953801179405,1.4433735136906544E-9,7.396435829703848E-9,5.763343170840344E-8,1.15080592375934E-9,2.5590332710039908E-12,8.516168975896539E-11,-3.83415995502204E-7,0.001216256676757621
3,9.25E-7,3,9.25E-7,0.1787618897467851,5.174480988706573E-5,0.05,6.771179366037201E-8,-9767.83174234004,-9963.737514684233,0.9830849683233849,-1.8502094467851726,5371.40093697677,2686.11718261665,1.5219968291293E-9,7.4043977901086345E-9,5.748072153603065E-8,1.2080355576213044E-9,2.772071163742874E-12,9.384448090878871E-11,-3.750514973765521E-7,0.0012501415180980896
3,9.500000000000001E-7,3,9.500000000000001E-7,0.1835932921723739,5.174480988706573E-5,0.05,6.771179366037201E-8,-9790.412425556497,-9883.64630621605,0.9821788989225002,-1.9005400010521687,5392.243384236885,2708.4436987674217,1.6027612546484802E-9,7.412595299169802E-9,5.732408895884711E-8,1.2667474848184767E-9,2.996794313192027E-12,1.0257867097962443E-10,-3.7213008200910594E-7,0.0012841486493595734
3,9.75E-7,3,9.75E-7,0.18842469459796268,5.174480988706573E-5,0.05,6.771179366037201E-8,-9805.13156628008,-9896.795335342551,0.9812484815078139,-1.9510006374720776,5413.750216252481,2731.3810311309894,1.6855746977194856E-9,7.421030424428329E-9,5.716354365864527E-8,1.3272310908711162E-9,3.23353572482303E-12,1.111524324459123E-10,-4.1086693444460825E-7,0.00131824367396762
3,1.0000000000000002E-6,3,1.0000000000000002E-6,0.1932560970235515,5.174480988706573E-5,0.05,6.771179366037201E-8,-9820.203198792302,-9921.652866676677,0.980293643666942,-2.001629529361672,5435.932064150102,2754.9425770659072,1.7704933447771603E-9,7.429705258613226E-9,5.69990964567466E-8,1.3889311049866265E-9,3.48262806205657E-12,1.2005697081438862E-10,-4.1198689975150955E-7,0.0013524523847038325
3,1.0250000000000001E-6,3,1.0250000000000001E-6,0.19808749944914028,5.174480988706573E-5,0.05,6.771179366037201E-8,-9823.690267544529,-9768.604114286565,0.9793142898862147,-2.0524860055711334,5458.800458685172,2779.1442437317564,1.8576169334036588E-9,7.4386221558457945E-9,5.683075487671566E-8,1.4515966320278288E-9,3.744417217353596E-12,1.2943068274079641E-10,-4.1296234236561795E-7,0.0013868148686291442
3,1.0500000000000001E-6,3,1.0500000000000001E-6,0.20291890187472905,5.174480988706573E-5,0.05,6.771179366037201E-8,-9813.487915920541,-9735.461585628904,0.9783103172948355,-2.10354187742753,5482.367484765337,2803.995567844659,1.946891909751563E-9,7.447783591223862E-9,5.665852588550582E-8,1.515666952215464E-9,4.019254811972325E-12,1.388772417934781E-10,-4.2570235252752525E-7,0.0014213120793429258
3,1.075E-6,3,1.075E-6,0.20775030430031785,5.174480988706573E-5,0.05,6.771179366037201E-8,-9813.575083413834,-9891.653781851668,0.9772816365724173,-2.154767494169828,5506.645303365025,2829.506066462278,2.0382563717520377E-9,7.457191971357639E-9,5.648241948682007E-8,1.5812288328127703E-9,4.307486829194543E-12,1.483590639647404E-10,-4.4965336040311406E-7,0.001455923982547181
3,1.1E-6,3,1.1E-6,0.21258170672590662,5.174480988706573E-5,0.05,6.771179366037201E-8,-9827.618566644205,-9931.010599268673,0.97622815871557,-2.2061912204374776,5531.646470173228,2855.690227775477,2.131754685427546E-9,7.466849755635788E-9,5.630244644335586E-8,1.6479209960278735E-9,4.609460431828102E-12,1.5818151155919388E-10,-4.5498623293182403E-7,0.0014906697435388362
3,1.125E-6,3,1.125E-6,0.2174131091514954,5.174480988706573E-5,0.05,6.771179366037201E-8,-9832.1376512614,-9787.55524116818,0.9751497814696289,-2.257840467868593,5557.384272834716,2882.56316114939,2.227432851826301E-9,7.47675958226357E-9,5.611861596977278E-8,1.7157458493334967E-9,4.925531815226374E-12,1.6828285693615996E-10,-4.580948579027478E-7,0.0015255678836949952
3,1.15E-6,3,1.15E-6,0.2222445115770842,5.174480988706573E-5,0.05,6.771179366037201E-8,-9813.991961054406,-9626.74594098732,0.9740463966205023,-2.309712446691726,5583.872577938702,2910.13814280576,2.325279392050897E-9,7.486924203795019E-9,5.5930937000657095E-8,1.7849125543194186E-9,5.256062459110128E-12,1.7845232294798276E-10,-4.744246276623836E-7,0.00156061651803495
3,1.1750000000000002E-6,3,1.1750000000000002E-6,0.22707591400267302,5.174480988706573E-5,0.05,6.771179366037201E-8,-9789.310999710098,-9659.571034093153,0.9729178995893395,-2.3617946004206063,5611.125617237624,2938.428038482748,2.4252612225955753E-9,7.497346400498349E-9,5.573941983340294E-8,1.8553218688260396E-9,5.601413499355126E-12,1.8880915593414859E-10,-4.986666837934936E-7,0.0015958071624463555
3,1.2000000000000002E-6,3,1.2000000000000002E-6,0.2319073164282618,5.174480988706573E-5,0.05,6.771179366037201E-8,-9783.842315018728,-9843.382410243967,0.971764189540732,-2.4140838492760572,5639.157997417533,2967.4468394598603,2.527361978807175E-9,7.508028980379032E-9,5.5544076144565815E-8,1.9268752272032712E-9,5.9619454032924024E-12,1.9945512678943842E-10,-5.059269905567666E-7,0.001631137735997336
3,1.2250000000000001E-6,3,1.2250000000000001E-6,0.23673871885385056,5.174480988706573E-5,0.05,6.771179366037201E-8,-9790.598798224606,-9820.870833644833,0.9705851671176587,-2.4665773771287096,5667.984768356599,2997.2089949404076,2.6315642416225998E-9,7.518974801258456E-9,5.534491860499463E-8,1.9997074653173417E-9,6.3380191460946125E-12,2.1025538619109342E-10,-5.189914474704954E-7,0.0016666063358977768
3,1.25E-6,3,1.25E-6,0.24157012127943936,5.174480988706573E-5,0.05,6.771179366037201E-8,-9779.36105299946,-9606.659545419876,0.969380731295739,-2.519284588053021,5697.621515671512,3027.7304492706207,2.737875548253875E-9,7.530186801416329E-9,5.5141960351778446E-8,2.0738022343678696E-9,6.729998113077854E-12,2.2120255387525089E-10,-5.342136903573155E-7,0.001702219316252041
3,1.275E-6,3,1.275E-6,0.24640152370502813,5.174480988706573E-5,0.05,6.771179366037201E-8,-9751.472879795969,-9565.713304281013,0.9681507633671825,-2.5722687928289565,5728.084776730598,3059.0323481678065,2.84642295225751E-9,7.541668151064039E-9,5.493521230715219E-8,2.1489191680244415E-9,7.138258744625122E-12,2.3239698834166262E-10,-5.292252000457644E-7,0.0017380194546141598
3,1.3E-6,3,1.3E-6,0.25123292613061693,5.174480988706573E-5,0.05,6.771179366037201E-8,-9732.49838362186,-9676.280260190995,0.966895110940762,-2.6256070245901735,5759.3924732450705,3091.1382421599815,2.957372980617305E-9,7.55342240629891E-9,5.47246805414115E-8,2.224940914980271E-9,7.563202179157076E-12,2.4377752961461807E-10,-5.329244478468796E-7,0.001774058800398766
3,1.325E-6,3,1.325E-6,0.2560643285562057,5.174480988706573E-5,0.05,6.771179366037201E-8,-9725.025094073379,-9688.05596376706,0.9656136073563509,-2.679282519471105,5791.563470374651,3124.065099906876,3.070687880423651E-9,7.565453332950314E-9,5.451036959465986E-8,2.3019475402597274E-9,8.005242509618938E-12,2.552912284764835E-10,-5.736237406647742E-7,0.0018103260266696655
3,1.3500000000000002E-6,3,1.3500000000000002E-6,0.2608957309817945,5.174480988706573E-5,0.05,6.771179366037201E-8,-9712.869117160004,-9595.552426646713,0.9643061245558783,-2.733152094911662,5824.616269650559,3157.8194827383372,3.1860313650719095E-9,7.577764412060086E-9,5.4292291323527885E-8,2.3801851957237094E-9,8.464770300655185E-12,2.6701381283077946E-10,-6.318080598719387E-7,0.0018467243884538259
3,1.3750000000000002E-6,3,1.3750000000000002E-6,0.2657271334073833,5.174480988706573E-5,0.05,6.771179366037201E-8,-9691.019907662794,-9529.301648960125,0.9629725969255645,-2.7870981112434383,5858.568387535234,3192.409117649644,3.3031043804690875E-9,7.590358611023959E-9,5.4070468783421955E-8,2.4599267476120843E-9,8.942133477903813E-12,2.789491037239782E-10,-6.483455935240664E-7,0.0018831743994888097
3,1.4000000000000001E-6,3,1.4000000000000001E-6,0.27055853583297207,5.174480988706573E-5,0.05,6.771179366037201E-8,-9668.254414372528,-9539.355554582617,0.9616129554079677,-2.8412502371525816,5893.438014704695,3227.862213001885,3.42218420085598E-9,7.603239001554921E-9,5.384492517561339E-8,2.540929148640963E-9,9.437684175739286E-12,2.9103812694844645E-10,-5.955030932064794E-7,0.0019197636737517444
3,1.4250000000000001E-6,3,1.4250000000000001E-6,0.27538993825856084,5.174480988706573E-5,0.05,6.771179366037201E-8,-9650.123113945321,-9548.67336022427,0.9602270334344217,-2.8958852866655613,5929.246478697307,3264.2217367727267,3.5439263331832914E-9,7.616409657188733E-9,5.361566831764302E-8,2.6225039476826945E-9,9.951842799975877E-12,3.032951828100105E-10,-5.66800290189202E-7,0.001956679247747001
3,1.45E-6,3,1.45E-6,0.28022134068414967,5.174480988706573E-5,0.05,6.771179366037201E-8,-9631.728057359156,-9499.605975735572,0.9588145910536886,-2.9510348763909477,5966.017731248648,3301.5134276846957,3.6684172844383E-9,7.629875439629554E-9,5.3382694851647646E-8,2.7045390408054217E-9,1.0485089249286193E-11,3.1573864139050966E-10,-6.396701218414316E-7,0.001993942484047938
3,1.475E-6,3,1.475E-6,0.28505274310973844,5.174480988706573E-5,0.05,6.771179366037201E-8,-9610.1470994135,-9466.826504731136,0.9573754477024591,-3.0064199994969942,6003.774953611475,3339.73734411006,3.794962985923961E-9,7.643640740772684E-9,5.314601223504713E-8,2.787738117699255E-9,1.1037864741696063E-11,3.2835206215854883E-10,-7.33314332054541E-7,0.002031364864524996
3,1.5E-6,3,1.5E-6,0.2898841455353272,5.174480988706573E-5,0.05,6.771179366037201E-8,-9589.625929292102,-9471.455565429776,0.9559095338417468,-3.0618545239579453,6042.539155642348,3378.8990463900604,3.923063950338316E-9,7.657708979803356E-9,5.290564706218833E-8,2.87257153335834E-9,1.1610526933015962E-11,3.411418313014764E-10,-7.351222952049644E-7,0.002068820624295909
3,1.5250000000000002E-6,3,1.5250000000000002E-6,0.29471554796091604,5.174480988706573E-5,0.05,6.771179366037201E-8,-9568.86215509398,-9423.60427520276,0.9544167805664059,-3.117520665519177,6082.3320407496385,3419.034518730764,4.053149037590538E-9,7.672083652406722E-9,5.2661626776642556E-8,2.9585799675677656E-9,1.220343253081425E-11,3.5410595274853887E-10,-6.622315353503619E-7,0.002106432882107552
3,1.5500000000000002E-6,3,1.5500000000000002E-6,0.2995469503865048,5.174480988706573E-5,0.05,6.771179366037201E-8,-9542.267264207016,-9348.720374583172,0.9528970010809183,-3.1737287568409687,6123.179229115194,3460.19380546786,4.186010144402744E-9,7.68676947995884E-9,5.241396038524506E-8,3.044971827199106E-9,1.2817032304747663E-11,3.672216371903923E-10,-6.37319863918101E-7,0.0021444113221898435
3,1.5750000000000002E-6,3,1.5750000000000002E-6,0.3043783528120936,5.174480988706573E-5,0.05,6.771179366037201E-8,-9514.629473558069,-9355.079459224364,0.9513499357699223,-3.2304744208346623,6165.109192126844,3502.4041761780127,4.321641385670752E-9,7.701771994140814E-9,5.2162646074689474E-8,3.131735626406069E-9,1.345184032269447E-11,3.8049708878177016E-10,-7.33260156836711E-7,0.0021827529870504475
3,1.6000000000000001E-6,3,1.6000000000000001E-6,0.30920975523768235,5.174480988706573E-5,0.05,6.771179366037201E-8,-9492.8029720463,-9374.993983828825,0.9497754018521327,-3.2874414216854655,6208.1492645219405,3545.66658401824,4.4591889287330105E-9,7.717096093728839E-9,5.190769560637254E-8,3.2197000549127907E-9,1.4108312820819098E-11,3.9394813462762204E-10,-8.348497851158518E-7,0.0022212442038415307
3,1.6250000000000001E-6,3,1.6250000000000001E-6,0.3140411576632712,5.174480988706573E-5,0.05,6.771179366037201E-8,-9469.686166141988,-9294.434601925312,0.9481733182665734,-3.3445181350499937,6252.324903467706,3589.9968880871506,4.5983137181933545E-9,7.732745790836267E-9,5.164913813537787E-8,3.3091955196451614E-9,1.478682319836081E-11,4.0755987491894416E-10,-7.945174563019189E-7,0.0022598095507094552
3,1.65E-6,3,1.65E-6,0.31887256008885995,5.174480988706573E-5,0.05,6.771179366037201E-8,-9439.775323531272,-9233.071138155148,0.9465435597994641,-3.4019995204766333,6297.663676288169,3635.446062223278,4.73979129424238E-9,7.748725628256442E-9,5.1386996518639935E-8,3.399426533907501E-9,1.5487781959775217E-11,4.213179939042292E-10,-7.075497363004983E-7,0.002298648324646374
3,1.675E-6,3,1.675E-6,0.3237039625144487,5.174480988706573E-5,0.05,6.771179366037201E-8,-9413.422275171946,-9283.492840201492,0.9448858820066796,-3.46009173420521,6344.197466803144,3682.0619481321405,4.884186774257412E-9,7.765041430688504E-9,5.112127542368791E-8,3.489798607183414E-9,1.6211704345200376E-11,4.352282181289949E-10,-7.606072412948803E-7,0.0023378998204089257
3,1.7000000000000002E-6,3,1.7000000000000002E-6,0.32853536494003754,5.174480988706573E-5,0.05,6.771179366037201E-8,-9393.230159300092,-9267.821471999503,0.9432000420845873,-3.5185828601554037,6391.959229130476,3729.859304551675,5.030897774793751E-9,7.781699134135292E-9,5.085198094159855E-8,3.580899638796873E-9,1.695910930288089E-11,4.492969406385706E-10,-8.878971129430831E-7,0.0023774208514563537
3,1.7250000000000002E-6,3,1.7250000000000002E-6,0.3333667673656263,5.174480988706573E-5,0.05,6.771179366037201E-8,-9364.7544277328,-9128.45527413707,0.9414858984400475,-3.577258672740155,6440.980172341492,3778.8511041982824,5.179283384185889E-9,7.798703799912839E-9,5.0579136416466264E-8,3.673358711481318E-9,1.773042984586938E-11,4.635204090076346E-10,-8.936326882044875E-7,0.0024170666707703753
3,1.7500000000000002E-6,3,1.7500000000000002E-6,0.3381981697912151,5.174480988706573E-5,0.05,6.771179366037201E-8,-9326.708957839182,-9076.581675045452,0.9397433194645668,-3.636289902763402,6491.292316365614,3829.0826814379675,5.329798625230353E-9,7.816060508797602E-9,5.0302767723959E-8,3.7666974115068394E-9,1.8526090904189642E-11,4.778884107454357E-10,-8.106302554566043E-7,0.0024569526370022987
3,1.7750000000000002E-6,3,1.7750000000000002E-6,0.34302957221680386,5.174480988706573E-5,0.05,6.771179366037201E-8,-9295.758348862726,-9151.037881071923,0.9379720778592597,-3.6959082814536424,6542.931618266924,3880.6081522356285,5.483100887496947E-9,7.833775421465109E-9,5.002288657959467E-8,3.860234376470867E-9,1.9346606419345744E-11,4.923935143892907E-10,-8.310891314764795E-7,0.0024972353253065152
3,1.8000000000000001E-6,3,1.8000000000000001E-6,0.3478609746423927,5.174480988706573E-5,0.05,6.771179366037201E-8,-9274.422616881928,-9149.279566961932,0.9361719171828105,-3.75600555579266,6595.936189519399,3933.455760715951,5.6388570369798264E-9,7.851855132455715E-9,4.973950128391114E-8,3.9542871150560254E-9,2.0192521680858516E-11,5.070363563597876E-10,-9.483418646700117E-7,0.002537841591751797
3,1.825E-6,3,1.825E-6,0.35269237706798146,5.174480988706573E-5,0.05,6.771179366037201E-8,-9247.444491871009,-9029.873985851076,0.9343426525816182,-3.816388017106745,6650.343384813319,3987.646044496388,5.796457529887999E-9,7.870305662782114E-9,4.945263258836653E-8,4.049449758060023E-9,2.1064318854767255E-11,5.218177533782712E-10,-9.754436965611643E-7,0.002578640552099152
3,1.85E-6,3,1.85E-6,0.3575237794935702,5.174480988706573E-5,0.05,6.771179366037201E-8,-9210.528535359372,-8956.74343919394,0.932484118818371,-3.8771651234335662,6706.191321766311,4043.2253502090307,5.95619523403048E-9,7.889132976591051E-9,4.9162305387035124E-8,4.145405923088157E-9,2.1962463313282922E-11,5.367302473266424E-10,-9.072125247749107E-7,0.002619706164482139
3,1.8750000000000003E-6,3,1.8750000000000003E-6,0.36235518191915905,5.174480988706573E-5,0.05,6.771179366037201E-8,-9174.455065071146,-8968.344152072747,0.9305960795086506,-3.9385271584097685,6763.521678095405,4100.250150253245,6.11862618914732E-9,7.908343906674002E-9,4.886853456898488E-8,4.241574143967421E-9,2.2887491245814953E-11,5.517645113766011E-10,-9.281835936854584E-7,0.002661166998925519
3,1.9000000000000002E-6,3,1.9000000000000002E-6,0.3671865843447478,5.174480988706573E-5,0.05,6.771179366037201E-8,-9143.509098268309,-8956.389190906753,0.928678272904223,-4.000391546881912,6822.37845513562,4158.756567399594,6.283472627582108E-9,7.927945706288355E-9,4.857133232867324E-8,4.338208739180468E-9,2.3839967764932E-11,5.669241881668115E-10,-1.0353102808969332E-6,0.002702967261406697
3,1.925E-6,3,1.925E-6,0.3720179867703366,5.174480988706573E-5,0.05,6.771179366037201E-8,-9112.975635094528,-8911.425539822474,0.9267304882279818,-4.062624834097458,6882.805708332861,4218.776607254728,6.450281952899463E-9,7.947945274787247E-9,4.827072001522734E-8,4.435730273442638E-9,2.4820411367593758E-11,5.822245676976296E-10,-1.050997857883591E-6,0.00274501677979558
3,1.95E-6,3,1.95E-6,0.37684938919592537,5.174480988706573E-5,0.05,6.771179366037201E-8,-9080.606632046673,-8869.886002121673,0.9247525200544432,-4.125336453118093,6944.848972011152,4280.363961190479,6.6193604823982016E-9,7.968349622655755E-9,4.7966720984280745E-8,4.533796349469488E-9,2.5829337606399294E-11,5.976689695933199E-10,-1.0029917157644973E-6,0.002787389495350063
3,1.975E-6,3,1.975E-6,0.3816807916215142,5.174480988706573E-5,0.05,6.771179366037201E-8,-9044.817400732549,-8800.321370540243,0.9227441091806563,-4.188644345461,7008.557209395454,4343.576366425617,6.791053433422887E-9,7.989166489858746E-9,4.765935155942259E-8,4.632047104637739E-9,2.6867319628587692E-11,6.132366821415427E-10,-1.0496141968749646E-6,0.0028301650982844595
3,2.0000000000000003E-6,3,2.0000000000000003E-6,0.386512194047103,5.174480988706573E-5,0.05,6.771179366037201E-8,-9005.253825247373,-8745.458612788056,0.9207049890439272,-4.252461776336249,7073.9814905483045,4408.456528602628,6.965048287997153E-9,8.010403880333531E-9,4.7348628276673786E-8,4.730799893699465E-9,2.7934942263483612E-11,6.289016434386314E-10,-1.1332732721045904E-6,0.002873284984010979
3,2.025E-6,3,2.025E-6,0.39134359647269173,5.174480988706573E-5,0.05,6.771179366037201E-8,-8968.540811218827,-8760.139542326004,0.9186349248207072,-4.316739833103595,7141.1738161163885,4475.0512747678995,7.141143748377293E-9,8.03206965995904E-9,4.703457384031214E-8,4.830243700777483E-9,2.903276085296765E-11,6.446536306956002E-10,-1.127121190589685E-6,0.002916716103448375
3,2.0500000000000003E-6,3,2.0500000000000003E-6,0.39617499889828056,5.174480988706573E-5,0.05,6.771179366037201E-8,-8936.784601041865,-8741.872610229628,0.9165336666219279,-4.381590211385453,7210.188693425501,4543.423383053339,7.3196655844940135E-9,8.054172048329447E-9,4.6717209974296846E-8,4.930006925320739E-9,3.016134960073856E-11,6.605022411413883E-10,-1.115569161024177E-6,0.002960533926611793
3,2.075E-6,3,2.075E-6,0.4010064013238693,5.174480988706573E-5,0.05,6.771179366037201E-8,-8900.808160679633,-8638.373475788976,0.9144009300497065,-4.447047607069778,7281.083909991556,4613.632367178208,7.500690666861354E-9,8.076719835418683E-9,4.639655456745339E-8,5.029955306875179E-9,3.132132324739043E-11,6.764715796396713E-10,-1.1871030438332748E-6,0.003004761896668769
3,2.1000000000000002E-6,3,2.1000000000000002E-6,0.4058378037494581,5.174480988706573E-5,0.05,6.771179366037201E-8,-8857.632721066131,-8569.280464320598,0.9122364400488612,-4.51303719920165,7353.919220021471,4685.73046067653,7.683924287445516E-9,8.099721930841542E-9,4.6072628352101014E-8,5.130341868455792E-9,3.2513290463636716E-11,6.925801409215527E-10,-1.237452715780753E-6,0.0030493494589200333
3,2.125E-6,3,2.125E-6,0.4106692061750469,5.174480988706573E-5,0.05,6.771179366037201E-8,-8816.181419918106,-8576.169603841443,0.9100399318023931,-4.579588832827151,7428.756403077802,4759.780760650034,7.869418835595172E-9,8.123187359243855E-9,4.5745455017525376E-8,5.231103407060053E-9,3.373785217678823E-11,7.088084234440255E-10,-1.2223177420827038E-6,0.003094316778937264
3,2.15E-6,3,2.15E-6,0.4155006086006357,5.174480988706573E-5,0.05,6.771179366037201E-8,-8780.112104310325,-8561.628343307802,0.9078111125497869,-4.64679051674581,7505.660681529972,4835.854678879524,8.057428309509607E-9,8.147125676339963E-9,4.541505553927308E-8,5.332000850453004E-9,3.4995643819257826E-11,7.251028730130399E-10,-1.2518936433472663E-6,0.0031397233221255472
3,2.1750000000000004E-6,3,2.1750000000000004E-6,0.42033201102622453,5.174480988706573E-5,0.05,6.771179366037201E-8,-8742.499109423155,-8482.659058243044,0.9055496740849927,-4.714619648511176,7584.700463263618,4914.017374901725,8.24782679089212E-9,8.171546849842257E-9,4.5081450130711944E-8,5.43315518556745E-9,3.628732229837404E-11,7.414375978259226E-10,-1.3259615364016837E-6,0.0031855538165616055
3,2.2E-6,3,2.2E-6,0.42516341345181324,5.174480988706573E-5,0.05,6.771179366037201E-8,-8698.614563298652,-8399.346548240053,0.9032553210962796,-4.783043049881942,7665.946497042227,4994.335438583158,8.440444802521539E-9,8.196460964223194E-9,4.4744662462503434E-8,5.5346657831993105E-9,3.7613533882119206E-11,7.578547654462965E-10,-1.3490795501434311E-6,0.0032317858445148257
3,2.2250000000000003E-6,3,2.2250000000000003E-6,0.42999481587740207,5.174480988706573E-5,0.05,6.771179366037201E-8,-8652.989270253669,-8370.639555031668,0.9009277507726833,-4.852124570131737,7749.472717189086,5076.886893968763,8.635450323697466E-9,8.221878449299346E-9,4.440471665799124E-8,5.636271834399468E-9,3.897493709276908E-11,7.744096143171126E-10,-1.3563896278434515E-6,0.003278462547386309
3,2.25E-6,3,2.25E-6,0.4348262183029908,5.174480988706573E-5,0.05,6.771179366037201E-8,-8611.554014078276,-8366.399832924548,0.8985666350357299,-4.921907037812315,7835.357057889981,5161.751911814787,8.832939157185033E-9,8.247810287762953E-9,4.40616347589239E-8,5.7378556373216896E-9,4.0372223822347883E-11,7.91085989839323E-10,-1.4119477803558776E-6,0.0033256128633866993
3,2.2750000000000002E-6,3,2.2750000000000002E-6,0.4396576207285796,5.174480988706573E-5,0.05,6.771179366037201E-8,-8571.662811032369,-8309.72644777414,0.8961716410683959,-4.992366805498303,7923.68090990114,5249.008383123438,9.032767433229646E-9,8.274267805867291E-9,4.371543979409501E-8,5.839605055410329E-9,4.180609586378913E-11,8.078083029905469E-10,-1.4646328215166656E-6,0.0033732208145258805
3,2.3E-6,3,2.3E-6,0.4444890231541684,5.174480988706573E-5,0.05,6.771179366037201E-8,-8526.509761460124,-8213.626370142107,0.8937424382345958,-5.063517093452743,8014.529039796262,5338.740720304683,9.234918825858374E-9,8.301262608607438E-9,4.336615680461667E-8,5.941534460673196E-9,4.32772565250904E-11,8.245429899600202E-10,-1.487394230589532E-6,0.003421295333414016
3,2.325E-6,3,2.325E-6,0.4493204255797572,5.174480988706573E-5,0.05,6.771179366037201E-8,-8477.302313349723,-8162.825444332014,0.8912786816663653,-5.135404429205795,8107.990389062125,5431.040340141336,9.439496354222712E-9,8.328806774287522E-9,4.301381050939542E-8,6.043446649401713E-9,4.478643028516913E-11,8.413433669643795E-10,-1.5296569401847512E-6,0.0034698678575714828
3,2.3500000000000004E-6,3,2.3500000000000004E-6,0.45415182800534604,5.174480988706573E-5,0.05,6.771179366037201E-8,-8431.020352154108,-8156.0269584886255,0.8887800124709844,-5.20804095322908,8204.158294128974,5526.000036026943,9.646476129238347E-9,8.356912868831805E-9,4.2658425404653874E-8,6.145271508670967E-9,4.633436298517076E-11,8.582658923150048E-10,-1.5875177871994285E-6,0.003518946590019649
3,2.375E-6,3,2.375E-6,0.45898323043093475,5.174480988706573E-5,0.05,6.771179366037201E-8,-8387.669806637665,-8111.458537703672,0.886246066088974,-5.281437124315137,8303.130399989128,5623.716727113575,9.855824523871345E-9,8.385593868308495E-9,4.230002701351473E-8,6.247036879467129E-9,4.792181181277601E-11,8.752794558547452E-10,-1.6261206039120451E-6,0.003568538597510228
3,2.4000000000000003E-6,3,2.4000000000000003E-6,0.4638146328565236,5.174480988706573E-5,0.05,6.771179366037201E-8,-8340.52411113741,-8016.775402626693,0.8836764671604789,-5.3556272643634255,8405.009098857334,5724.2941129060055,1.0067593681263157E-8,8.414863232865703E-9,4.193864120462899E-8,6.348725903410752E-9,4.954955441196194E-11,8.923078721547358E-10,-1.6571948643523297E-6,0.003618667070515828
3,2.425E-6,3,2.425E-6,0.4686460352821123,5.174480988706573E-5,0.05,6.771179366037201E-8,-8288.44070595483,-7948.370927010637,0.8810708282958902,-5.430627477816496,8509.901844352495,5827.839321173737,1.0281765175150783E-8,8.444734938783748E-9,4.157429408046487E-8,6.450323892979639E-9,5.121838351210599E-11,9.093417155931347E-10,-1.705373340069725E-6,0.003669342890416551
3,2.4500000000000003E-6,3,2.4500000000000003E-6,0.4734774377077011,5.174480988706573E-5,0.05,6.771179366037201E-8,-8237.830172884427,-7933.060566403601,0.8784287553395554,-5.506449106302235,8617.921220344255,5934.464152581438,1.0498298748928701E-8,8.475223436817008E-9,4.1207012772550856E-8,6.551768482610411E-9,5.292910606714909E-11,9.264432973573588E-10,-1.739963367677358E-6,0.0037205737204744835
3,2.475E-6,3,2.475E-6,0.4783088401332899,5.174480988706573E-5,0.05,6.771179366037201E-8,-8190.510805448954,-7893.476859016678,0.8757498421251649,-5.58313033810962,8729.18544809315,6044.2883545275345,1.0717252697545497E-8,8.506343731541701E-9,4.083682476381612E-8,6.652931794174554E-9,5.468255012834285E-11,9.436384687643767E-10,-1.7671131562534048E-6,0.003772385363587581
3,2.5E-6,3,2.5E-6,0.4831402425588787,5.174480988706573E-5,0.05,6.771179366037201E-8,-8139.954917651633,-7793.81284325373,0.8730336660264088,-5.660701774210376,8843.818899933134,6157.437107470939,1.0938653891419826E-8,8.538111454783048E-9,4.0463757346620225E-8,6.75379779842708E-9,5.6479569143000786E-11,9.608708692483471E-10,-1.8125458483793944E-6,0.003824798496088092
3,2.5250000000000004E-6,3,2.5250000000000004E-6,0.48797164498446755,5.174480988706573E-5,0.05,6.771179366037201E-8,-8084.307113484952,-7721.120649670915,0.8702797951010504,-5.739171256468986,8961.952152496602,6274.03974152589,1.1162437664620398E-8,8.570542805320458E-9,4.008783868213889E-8,6.854436544929493E-9,5.832103389707159E-11,9.780910264998666E-10,-1.859394929976336E-6,0.0038778184165330987
3,2.55E-6,3,2.55E-6,0.49280304741005626,5.174480988706573E-5,0.05,6.771179366037201E-8,-8030.59686616585,-7709.429423629773,0.8674877896633572,-5.81856245276929,9083.722279211603,6394.233439166317,1.1388595798500959E-8,8.603654552606602E-9,3.970909807117165E-8,6.954779722109336E-9,6.020782990489601E-11,9.953294925060526E-10,-1.8932236998909698E-6,0.003931461116736006
3,2.5750000000000003E-6,3,2.5750000000000003E-6,0.4976344498356451,5.174480988706573E-5,0.05,6.771179366037201E-8,-7979.949219027577,-7657.216929328069,0.8646571944506404,-5.898916454834362,9209.273581261139,6518.164105990063,1.16171842912858E-8,8.637464153584415E-9,3.9327564953663457E-8,7.05467601382915E-9,6.214086836358755E-11,1.0126325509309467E-9,-1.9321407334142863E-6,0.0039857543613745685
3,2.6E-6,3,2.6E-6,0.5024658522612339,5.174480988706573E-5,0.05,6.771179366037201E-8,-7924.647954738593,-7543.626323348255,0.8617875372499673,-5.980262646173552,9338.758087317383,6645.984277575063,1.1848209636894024E-8,8.671989796806077E-9,3.894326881210732E-8,7.154095342004884E-9,6.412108823575157E-11,1.0299749695496098E-9,-1.979193979523427E-6,0.004040718004171319
3,2.6250000000000003E-6,3,2.6250000000000003E-6,0.5072972546868226,5.174480988706573E-5,0.05,6.771179366037201E-8,-7864.696447529495,-7481.302189794121,0.8588783335506045,-6.06262232234782,9472.335812207091,6777.8537003179945,1.2081641639735518E-8,8.707250375488905E-9,3.855623988264916E-8,7.253074279652592E-9,6.614945029017623E-11,1.047300957214593E-9,-2.024393885662603E-6,0.004096366434018797
3,2.65E-6,3,2.65E-6,0.5121286571124114,5.174480988706573E-5,0.05,6.771179366037201E-8,-7808.04976697183,-7470.04331369912,0.8559290870835127,-6.146022765951255,9610.17522074045,6913.941054640988,1.2317468589368707E-8,8.743265510047425E-9,3.8166509301140726E-8,7.351567474801065E-9,6.822693643120329E-11,1.0646156579597029E-9,-2.0704018549252648E-6,0.004152718085102199
3,2.6750000000000002E-6,3,2.6750000000000002E-6,0.5169600595380002,5.174480988706573E-5,0.05,6.771179366037201E-8,-7753.462374534578,-7397.530408243275,0.852939287259481,-6.230496046528129,9752.453872992912,7054.42449138937,1.2555692689997805E-8,8.780055610210085E-9,3.777410884155234E-8,7.449476468831857E-9,7.035455345569612E-11,1.0819621115698243E-9,-2.1175743051213427E-6,0.0042097946260325194
3,2.7000000000000004E-6,3,2.7000000000000004E-6,0.521791461963589,5.174480988706573E-5,0.05,6.771179366037201E-8,-7693.435933075,-7285.03042012169,0.8499084070257432,-6.316078219223527,9899.359100876774,7199.492235090381,1.279632689522606E-8,8.817641935079411E-9,3.737907072359572E-8,7.546742342692277E-9,7.253333631723274E-11,1.0993319591606115E-9,-2.163113584641437E-6,0.004267620418394276
3,2.725E-6,3,2.725E-6,0.5266228643891778,5.174480988706573E-5,0.05,6.771179366037201E-8,-7629.973783096024,-7229.428149419163,0.8468359017506418,-6.40280606527028,10051.088687799685,7349.342967831733,1.303938160557647E-8,8.856046643431474E-9,3.6981427565926005E-8,7.643346803172255E-9,7.476435004372898E-11,1.1166768353041063E-9,-2.213158297310054E-6,0.004326220314371811
3,2.7500000000000004E-6,3,2.7500000000000004E-6,0.5314542668147666,5.174480988706573E-5,0.05,6.771179366037201E-8,-7569.2850921450245,-7197.304087277398,0.8437212099704788,-6.490712516460439,10207.851507208321,7504.186051072955,1.3284845595604703E-8,8.895292823200693E-9,3.6581212585391984E-8,7.739248595833637E-9,7.704868896043848E-11,1.1339918220307962E-9,-2.2676898877989314E-6,0.004385616565175972
3,2.775E-6,3,2.775E-6,0.5362856692403554,5.174480988706573E-5,0.05,6.771179366037201E-8,-7509.223039456475,-7117.139524697914,0.8405637538533969,-6.579832289309263,10369.868223013498,7664.242737983108,1.3532708364697823E-8,8.935404526344889E-9,3.617845975762878E-8,7.834366788044418E-9,7.938747625792117E-11,1.1513096076022132E-9,-2.3207153064143036E-6,0.004445832627911665
3,2.8000000000000003E-6,3,2.8000000000000003E-6,0.5411170716659441,5.174480988706573E-5,0.05,6.771179366037201E-8,-7445.135453961392,-7021.047579304603,0.8373629381273593,-6.670202906780655,10537.372124084643,7829.747100505598,1.3782964042071548E-8,8.976406825526548E-9,3.577320378265116E-8,7.928650954367962E-9,8.178186578112825E-11,1.1686252640677294E-9,-2.3766303804348967E-6,0.004506893855932875
3,2.825E-6,3,2.825E-6,0.5459484740915329,5.174480988706573E-5,0.05,6.771179366037201E-8,-7378.65612465963,-6955.875745312927,0.834118149870886,-6.761859957869399,10710.609979551478,8000.946448242483,1.4035591484654676E-8,9.018325862805905E-9,3.536548016588629E-8,8.022096694876715E-9,8.423304255795E-11,1.1859014183738036E-9,-2.436668824575982E-6,0.004568824295857702
3,2.8500000000000002E-6,3,2.8500000000000002E-6,0.5507798765171217,5.174480988706573E-5,0.05,6.771179366037201E-8,-7312.975854791484,-6899.597876880735,0.8308287573506946,-6.854845564135155,10889.84301440188,8178.103083114737,1.429058884714864E-8,9.061188913660368E-9,3.4955325183417446E-8,8.114645932832362E-9,8.674222475863268E-11,1.2031336997697074E-9,-2.493786912738227E-6,0.004631652408199429
3,2.8750000000000004E-6,3,2.8750000000000004E-6,0.5556112789427106,5.174480988706573E-5,0.05,6.771179366037201E-8,-7247.025003840683,-6820.980516532557,0.8274941057023484,-6.949213368482471,11075.34814318189,8361.495995507257,1.4547994343290336E-8,9.105024496404154E-9,3.454277546638194E-8,8.20617324406407E-9,8.931067055091561E-11,1.220342649947623E-9,-2.551841025462762E-6,0.004695414438163832
3,2.9E-6,3,2.9E-6,0.5604426813682993,5.174480988706573E-5,0.05,6.771179366037201E-8,-7178.528018995838,-6732.398534758468,0.8241135156348084,-7.045011114358101,11267.419141306274,8551.420417713387,1.4807813331145125E-8,9.14986244757543E-9,3.412786798208862E-8,8.296613709094076E-9,9.193968051506691E-11,1.2375190096612315E-9,-2.6214088104578065E-6,0.004760142644836555
3,2.9250000000000004E-6,3,2.9250000000000004E-6,0.5652740837938881,5.174480988706573E-5,0.05,6.771179366037201E-8,-7108.123077210521,-6657.603910081592,0.8206862886846331,-7.142270435957085,11466.367532210215,8748.187754431012,1.506997428448749E-8,9.19573391380317E-9,3.3710640819002054E-8,8.385994521999515E-9,9.463058983600017E-11,1.2546367984705858E-9,-2.6986845765815365E-6,0.004825858402673707
3,2.95E-6,3,2.95E-6,0.5701054862194769,5.174480988706573E-5,0.05,6.771179366037201E-8,-7037.409705567379,-6587.622023751557,0.8172117094545619,-7.241029433150692,11672.52371404311,8952.128819127076,1.5334422607531006E-8,9.242671384541574E-9,3.329113357954234E-8,8.474296787676427E-9,9.738476484951037E-11,1.2716970325737856E-9,-2.769143264979901E-6,0.004892587454831549
3,2.9750000000000003E-6,3,2.9750000000000003E-6,0.5749368886450656,5.174480988706573E-5,0.05,6.771179366037201E-8,-6965.835127037416,-6504.477912929172,0.81368903731668,-7.34135430976392,11886.238819630995,9163.597732888502,1.5601212154608775E-8,9.290708871338346E-9,3.2869386504574455E-8,8.561381720483208E-9,1.0020361620920094E-10,1.2887089249468578E-9,-2.833601073004475E-6,0.004960374533624271
3,3.0E-6,3,3.0E-6,0.5797682910706544,5.174480988706573E-5,0.05,6.771179366037201E-8,-6892.295981861776,-6417.262196082452,0.8101174983699762,-7.443317031598333,12107.886744449119,9382.971849749807,1.587041091026248E-8,9.339882094299951E-9,3.2445439680027367E-8,8.64711817741778E-9,1.0308861217164211E-10,1.3056569261510587E-9,-2.913230193515429E-6,0.005029268264593469
3,3.0250000000000003E-6,3,3.0250000000000003E-6,0.5845996934962432,5.174480988706573E-5,0.05,6.771179366037201E-8,-6817.155573122915,-6335.3958130711635,0.8064962905476216,-7.546962508106651,12337.865532706322,9610.650026028972,1.6141960315274474E-8,9.390228496293184E-9,3.2019333836117975E-8,8.731502768530488E-9,1.0604127356246927E-10,1.322524712465807E-9,-2.9870443047517936E-6,0.005099298991963953
3,3.0500000000000004E-6,3,3.0500000000000004E-6,0.5894310959218321,5.174480988706573E-5,0.05,6.771179366037201E-8,-6740.878085806172,-6251.499194971774,0.8028245925879495,-7.652324874241684,12576.59861418546,9847.055396364558,1.6415742887688884E-8,9.441787203988171E-9,3.159111156626811E-8,8.814564437072903E-9,1.0906315247428395E-10,1.339317902887505E-9,-3.0498378640951414E-6,0.00517048977989303
3,3.075E-6,3,3.075E-6,0.5942624983474208,5.174480988706573E-5,0.05,6.771179366037201E-8,-6663.285990624335,-6164.72507138001,0.7991015590187506,-7.759469775594796,12824.537059786848,10092.641676804054,1.6691762516013737E-8,9.494599186329538E-9,3.116081688235369E-8,8.896212916734219E-9,1.1215584577584992E-10,1.3560365302986848E-9,-3.098173227446774E-6,0.005242884983509997
3,3.1000000000000004E-6,3,3.1000000000000004E-6,0.5990939007730096,5.174480988706573E-5,0.05,6.771179366037201E-8,-6584.31816909472,-6077.419801330857,0.795326307518397,-7.868484509386223,13082.162583890045,10347.895234410804,1.697010233666347E-8,9.54870753302158E-9,3.0728493934058056E-8,8.976293426966026E-9,1.1532101629253332E-10,1.372661848553561E-9,-3.154026872369471E-6,0.005316543587423123
3,3.125E-6,3,3.125E-6,0.6039253031985984,5.174480988706573E-5,0.05,6.771179366037201E-8,-6503.8634978109685,-5986.421612000717,0.7914979178181378,-7.979439256034248,13349.990054623024,10613.333856856803,1.7250757126888797E-8,9.604157583082193E-9,3.0294187114462265E-8,9.054728269831421E-9,1.1856039352563013E-10,1.3891847537659403E-9,-3.2257130399452242E-6,0.0053915130108339515
3,3.1500000000000003E-6,3,3.1500000000000003E-6,0.6087567056241872,5.174480988706573E-5,0.05,6.771179366037201E-8,-6421.71324104225,-5893.171930598392,0.7876154402614046,-8.09238529879598,13628.569541683404,10889.508614893159,1.7533623973846322E-8,9.660996920136139E-9,2.9857942255967146E-8,9.131520924948242E-9,1.218757606201869E-10,1.4056104193863783E-9,-3.2993582879605393E-6,0.005467827904591879
3,3.175E-6,3,3.175E-6,0.6135881080497759,5.174480988706573E-5,0.05,6.771179366037201E-8,-6337.887865104561,-5799.1249847041345,0.7836778974168505,-8.20738594503353,13918.489036745332,11177.009591657574,1.7818634694364514E-8,9.719275471263684E-9,2.9419807004193388E-8,9.206647692717755E-9,1.252689510508937E-10,1.4219321206760235E-9,-3.3631675287027957E-6,0.005545531043941574
3,3.2000000000000003E-6,3,3.2000000000000003E-6,0.6184195104753647,5.174480988706573E-5,0.05,6.771179366037201E-8,-6252.466222465219,-5703.608488690858,0.7796842747277226,-8.324531546854764,14220.37826322464,11476.471176771713,1.810582015396022E-8,9.779045777851368E-9,2.897982998135024E-8,9.279990426519796E-9,1.2874186495636157E-10,1.4381336824294753E-9,-3.4229384871891893E-6,0.005624683477604571
3,3.2250000000000005E-6,3,3.2250000000000005E-6,0.6232509129009536,5.174480988706573E-5,0.05,6.771179366037201E-8,-6165.594643098833,-5608.341259497503,0.7756335124081645,-8.443919315758752,14534.912801694714,11788.574219304972,1.8395221644128333E-8,9.840363266390215E-9,2.8538060149130923E-8,9.35140507569311E-9,1.3229648339378612E-10,1.4542105305116434E-9,-3.4929088597914876E-6,0.005705350889026184
3,3.2500000000000002E-6,3,3.2500000000000002E-6,0.6280823153265424,5.174480988706573E-5,0.05,6.771179366037201E-8,-6077.27339875605,-5510.026587724864,0.7715245081292199,-8.565628361726608,14862.81779179122,12114.04725696417,1.8686780857048063E-8,9.903286372507186E-9,2.8094547387788514E-8,9.420839651716653E-9,1.3593486425303861E-10,1.4701623808838475E-9,-3.5761299712618547E-6,0.005787586730896356
3,3.2750000000000004E-6,3,3.2750000000000004E-6,0.6329137177521311,5.174480988706573E-5,0.05,6.771179366037201E-8,-5987.034634883808,-5405.373320564069,0.767356122963733,-8.689730783036715,15204.871719495306,12453.671394333001,1.8980386634987112E-8,9.967876623559924E-9,2.7649343407055184E-8,9.488300993440394E-9,1.3965913188428178E-10,1.485979273058421E-9,-3.6566212961042312E-6,0.005871439718268051
3,3.3E-6,3,3.3E-6,0.6377451201777199,5.174480988706573E-5,0.05,6.771179366037201E-8,-5894.601989959994,-5299.335087524671,0.763127177196695,-8.816322991782075,15561.911420455952,12808.28844471282,1.9276010119964476E-8,1.0034198887515204E-8,2.7202501554476418E-8,9.553708373606692E-9,1.4347148445674034E-10,1.5016508726398363E-9,-3.7270865089291054E-6,0.005956974994447348
3,3.3250000000000004E-6,3,3.3250000000000004E-6,0.6425765226033087,5.174480988706573E-5,0.05,6.771179366037201E-8,-5800.325297652032,-5195.186599683115,0.7588364393292896,-8.94552316556093,15934.838221886725,13178.806840653093,1.957369189667979E-8,1.0102321749291011E-8,2.6754075947721067E-8,9.616899771743428E-9,1.4737421377989039E-10,1.5171725296540585E-9,-3.8036431890401953E-6,0.00604427240916279
3,3.35E-6,3,3.35E-6,0.6474079250288974,5.174480988706573E-5,0.05,6.771179366037201E-8,-5704.596623851422,-5090.880267520023,0.7544826231802637,-9.077439861860134,16324.624063232666,13566.204593081053,1.987340286459429E-8,1.0172317784929196E-8,2.630412151877701E-8,9.677781149139977E-9,1.5136971096545408E-10,1.532536754587203E-9,-3.897066738575015E-6,0.006133405312067658
3,3.3750000000000003E-6,3,3.3750000000000003E-6,0.6522393274544862,5.174480988706573E-5,0.05,6.771179366037201E-8,-5607.271982272323,-4981.861824403873,0.750064393152656,-9.212168925845342,16732.31752577615,13971.53499650138,2.0175028899960224E-8,1.0244263723537266E-8,2.585269491232713E-8,9.73634055572821E-9,1.5546045701883537E-10,1.5477346281251314E-9,-3.994631667445716E-6,0.006224438463409015
3,3.4000000000000005E-6,3,3.4000000000000005E-6,0.6570707298800751,5.174480988706573E-5,0.05,6.771179366037201E-8,-5507.604837604859,-4864.087895853234,0.7455803631257538,-9.349823274638378,17159.051092579713,14395.93693686926,2.0478499221539052E-8,1.0318240728131876E-8,2.539985471097232E-8,9.792513420378174E-9,1.5964902668623778E-10,1.5627617992599122E-9,-4.057689061071328E-6,0.006317448158539445
3,3.4250000000000002E-6,3,3.4250000000000002E-6,0.6619021323056639,5.174480988706573E-5,0.05,6.771179366037201E-8,-5405.1880207921195,-4744.635218642566,0.7410290865606693,-9.490540195360564,17606.05008941407,14840.644612646516,2.078381567992047E-8,1.0394334847066325E-8,2.4945660800192123E-8,9.846154160037578E-9,1.6393810149584764E-10,1.5776113866916697E-9,-4.11575226323283E-6,0.006412527159027409
3,3.4500000000000004E-6,3,3.4500000000000004E-6,0.6667335347312526,5.174480988706573E-5,0.05,6.771179366037201E-8,-5300.850186206959,-4632.8132107627025,0.7364090499521712,-9.634459899658134,18074.642361233782,15306.995018474518,2.1090955941945754E-8,1.0472637445533728E-8,2.4490174136271358E-8,9.89714151272224E-9,1.6833048621971332E-10,1.5922707835928942E-9,-4.184708025161457E-6,0.006509770202471713
3,3.475E-6,3,3.475E-6,0.6715649371568414,5.174480988706573E-5,0.05,6.771179366037201E-8,-5195.272092928907,-4519.123224394335,0.7317186744597808,-9.781712681685274,18566.268238682183,15796.436578162999,2.139981473536507E-8,1.0553245531833795E-8,2.403345735814716E-8,9.945427156003198E-9,1.728291059193382E-10,1.606731416492666E-9,-4.258587687533784E-6,0.006609265325463023
3,3.5000000000000004E-6,3,3.5000000000000004E-6,0.6763963395824302,5.174480988706573E-5,0.05,6.771179366037201E-8,-5087.418394618197,-4390.490070327651,0.726956316006124,-9.932437973479264,19082.491815776666,16310.542423361017,2.1710284603654853E-8,1.0636262138450306E-8,2.357557524596373E-8,9.990952074602436E-9,1.7743700416510294E-10,1.6209897867352098E-9,-4.324310205795109E-6,0.00671110673883734
3,3.525E-6,3,3.525E-6,0.6812277420080189,5.174480988706573E-5,0.05,6.771179366037201E-8,-4976.163387939016,-4256.491949470334,0.7221202567866286,-10.086801453354767,19625.014535829734,16851.02581832406,2.2022327019975785E-8,1.0721796889187229E-8,2.3116594373642076E-8,1.0033582622320456E-8,1.821573596863695E-10,1.635038495219448E-9,-4.384765557076416E-6,0.00681540638740187
3,3.5500000000000003E-6,3,3.5500000000000003E-6,0.6860591444336077,5.174480988706573E-5,0.05,6.771179366037201E-8,-4862.341076605622,-4132.612156216099,0.7172086960972285,-10.244980887024598,20195.690577928708,17419.754089916107,2.2335906144635533E-8,1.0809966628934859E-8,2.2656582766011256E-8,1.007317643887095E-8,1.8699350352291177E-10,1.6488666652020749E-9,-4.452890377387763E-6,0.006922284383124728
3,3.5750000000000005E-6,3,3.5750000000000005E-6,0.6908905468591966,5.174480988706573E-5,0.05,6.771179366037201E-8,-4747.133216550834,-4010.0415965516263,0.7122197486282276,-10.407148862479346,20796.543317274954,18018.763267188893,2.2650909620736104E-8,1.0900895973386759E-8,2.2195610315772007E-8,1.01096566385187E-8,1.919489223249379E-10,1.6624655597660597E-9,-4.528455839962926E-6,0.007031857339513072
3,3.6000000000000003E-6,3,3.6000000000000003E-6,0.6957219492847854,5.174480988706573E-5,0.05,6.771179366037201E-8,-4629.637514650691,-3870.9251066279403,0.7071514435795238,-10.57348640292255,21429.783760007347,18650.277998800564,2.296720412377005E-8,1.0994717894011243E-8,2.1733749293905673E-8,1.014295693044232E-8,1.9702725935677762E-10,1.6758268263120154E-9,-4.597907648097099E-6,0.0071442475695422634
3,3.6250000000000004E-6,3,3.6250000000000004E-6,0.7005533517103741,5.174480988706573E-5,0.05,6.771179366037201E-8,-4508.403660324841,-3723.48169116889,0.7020017160306129,-10.744201960594282,22097.832359073782,19316.735478622413,2.328471275231511E-8,1.109157450454076E-8,2.1271074181807105E-8,1.0172943364424252E-8,2.022323308929194E-10,1.688940831568299E-9,-4.662331427074147E-6,0.007259595919320461
3,3.65E-6,3,3.65E-6,0.7053847541359629,5.174480988706573E-5,0.05,6.771179366037201E-8,-4384.104996537233,-3586.2175579252635,0.6967683962591817,-10.919521161974988,22803.34405967802,20020.80944545563,2.3603364140895616E-8,1.119161796237841E-8,2.0807661395673857E-8,1.0199463089037739E-8,2.0756814819685687E-10,1.7017999679388714E-9,-4.710497734872924E-6,0.007378054839172289
3,3.6750000000000004E-6,3,3.6750000000000004E-6,0.7102161565615517,5.174480988706573E-5,0.05,6.771179366037201E-8,-4257.961384004109,-3449.80109516939,0.6914492054144146,-11.099670255152995,23549.23591239183,20765.436030400808,2.3923014952535622E-8,1.129501133383117E-8,2.0343589651227012E-8,1.0222418833500634E-8,2.1303892176471417E-10,1.7143978284490852E-9,-4.757503034070128E-6,0.007499777199427699
3,3.7E-6,3,3.7E-6,0.7150475589871405,5.174480988706573E-5,0.05,6.771179366037201E-8,-4129.095525768201,-3296.6720224425494,0.6860417515677689,-11.284890782926503,24338.7184374744,21553.846797293703,2.424350740386342E-8,1.1401929538011003E-8,1.9878940402054968E-8,1.0241718280707233E-8,2.1864907083034055E-10,1.7267243183586675E-9,-4.794534730569303E-6,0.0076249262046800695
3,3.7250000000000003E-6,3,3.7250000000000003E-6,0.7198789614127292,5.174480988706573E-5,0.05,6.771179366037201E-8,-3996.2387824563593,-3137.0139383836013,0.6805435189195279,-11.475453919028329,25175.332451379414,22389.607262543548,2.456472315198114E-8,1.151256052547243E-8,1.941379774210333E-8,1.025721608262375E-8,2.2440324401432835E-10,1.7387663036213796E-9,-4.8235401545876006E-6,0.007753685080424547
3,3.7500000000000005E-6,3,3.7500000000000005E-6,0.7247103638383181,5.174480988706573E-5,0.05,6.771179366037201E-8,-3860.0624054575023,-2985.29251438865,0.6749518561206101,-11.671649809607226,26062.991427018118,23276.65817247124,2.4886528435067662E-8,1.162710659795394E-8,1.8948248328976617E-8,1.0268761889685557E-8,2.3030634089818557E-10,1.7505134132313962E-9,-4.853726963824116E-6,0.007886249871356233
3,3.7750000000000003E-6,3,3.7750000000000003E-6,0.7295417662639069,5.174480988706573E-5,0.05,6.771179366037201E-8,-3721.387171664535,-2830.57659931845,0.6692639688565053,-11.873780132037222,27006.029473164,24219.36274399231,2.5208733464761236E-8,1.1745785779048707E-8,1.8482381756106358E-8,1.027623870857214E-8,2.3636352596622826E-10,1.7619599589754444E-9,-4.880493102439274E-6,0.008022824413538663
3,3.8000000000000005E-6,3,3.8000000000000005E-6,0.7343731686894956,5.174480988706573E-5,0.05,6.771179366037201E-8,-3579.295072938225,-2661.064887876652,0.6634769108064066,-12.082172224284466,28009.25684148237,25222.563909185294,2.553114297536735E-8,1.1868833368576295E-8,1.801629086447971E-8,1.0279515322858351E-8,2.4258024479003877E-10,1.7730994193650557E-9,-4.895231942591283E-6,0.008163629881273287
3,3.825000000000001E-6,3,3.825000000000001E-6,0.7392045711150845,5.174480988706573E-5,0.05,6.771179366037201E-8,-3432.893791125782,-2487.015241183496,0.6575875692474278,-12.297187575578109,29078.025012228212,26291.650553922995,2.5853580099870008E-8,1.1996503786816265E-8,1.7550071717429536E-8,1.0278426269266375E-8,2.4896225267914053E-10,1.7839188233170566E-9,-4.884097374292695E-6,0.008308910524039263
3,3.85E-6,3,3.85E-6,0.7440359735406732,5.174480988706573E-5,0.05,6.771179366037201E-8,-3282.7893151734593,-2317.388073801118,0.6515926510786757,-12.519211554415763,30218.302108661428,27432.631937263868,2.6175829603843075E-8,1.2129072619699782E-8,1.7083823736624826E-8,1.0272820029131059E-8,2.555156387329189E-10,1.7944026898776324E-9,-4.8638862583853035E-6,0.008458926725956597
3,3.875E-6,3,3.875E-6,0.748867375966262,5.174480988706573E-5,0.05,6.771179366037201E-8,-3129.415044503021,-2142.082783827941,0.645488670884311,-12.74865478138152,31436.760208415464,28652.225371364686,2.6497629963917473E-8,1.2266838856196336E-8,1.6617650119577674E-8,1.026255891439522E-8,2.6224684933464247E-10,1.8045419090271726E-9,-4.829999410910861E-6,0.008613955933365891
3,3.9E-6,3,3.9E-6,0.7536987783918507,5.174480988706573E-5,0.05,6.771179366037201E-8,-2971.894374191951,-1953.7037818292638,0.6392719353248868,-12.985967193905587,32740.877958106885,29957.960760518697,2.6818716190083083E-8,1.2410127478101092E-8,1.6151658096005217E-8,1.024747353885218E-8,2.691627172242259E-10,1.814332242261451E-9,-4.776093310819465E-6,0.008774302158044315
3,3.9250000000000005E-6,3,3.9250000000000005E-6,0.7585301808174396,5.174480988706573E-5,0.05,6.771179366037201E-8,-2809.5788654921516,-1761.0445933866333,0.6329385232851554,-13.231641781061454,34139.06170809487,31358.30251386027,2.7138816219179754E-8,1.2559292467918213E-8,1.568595901908828E-8,1.0227373143068215E-8,2.7627049880672514E-10,1.823763667134092E-9,-4.705903647121158E-6,0.008940298500717198
3,3.95E-6,3,3.95E-6,0.7633615832430284,5.174480988706573E-5,0.05,6.771179366037201E-8,-2642.8977665959333,-1569.134313909527,0.6264842664265659,-13.48620902753931,35640.78790714886,32862.791647252794,2.7457607149035358E-8,1.2714720185276026E-8,1.5220668667848416E-8,1.0202087803077751E-8,2.835779108532742E-10,1.83281913151628E-9,-4.619767813000184E-6,0.00911230339698602
3,3.975E-6,3,3.975E-6,0.768192985668617,5.174480988706573E-5,0.05,6.771179366037201E-8,-2472.01481606143,-1370.102019161641,0.6199047294551975,-13.750243390265698,37256.7712598998,34482.21515938404,2.7774719248092918E-8,1.2876833185883605E-8,1.4755907710660965E-8,1.0171449903757887E-8,2.910931664177476E-10,1.8414850931133884E-9,-4.509590264861114E-6,0.00929070499342277
3,4.000000000000001E-6,3,4.000000000000001E-6,0.773024388094206,5.174480988706573E-5,0.05,6.771179366037201E-8,-2296.2176943021386,-1159.8711859675077,0.613195185547714,-14.024377083554713,38999.165271235914,36228.80880752681,2.8089765555206062E-8,1.3046094669345845E-8,1.4291802022782038E-8,1.0135255134016752E-8,2.9882502085188714E-10,1.8497552218867562E-9,-4.372004737551301E-6,0.009475930461861293
3,4.0250000000000004E-6,3,4.0250000000000004E-6,0.7778557905197947,5.174480988706573E-5,0.05,6.771179366037201E-8,-2114.9625242287557,-943.4748883005577,0.606350587532264,-14.309304017914712,40881.80222547038,38116.49823572258,2.8402326758553017E-8,1.3223013643539874E-8,1.3828482949662481E-8,1.0093282803719607E-8,3.0678282730657134E-10,1.8576215494312678E-9,-4.1813714258216765E-6,0.009668448660753184
3,4.05E-6,3,4.05E-6,0.7826871929453835,5.174480988706573E-5,0.05,6.771179366037201E-8,-1928.3225932433495,-723.4214228259364,0.5993655382665747,-14.605779019136108,42920.48055386381,40161.18701317831,2.8711913795816744E-8,1.3408150834187072E-8,1.3366087788136587E-8,1.0045328232249357E-8,3.1497658870155773E-10,1.865068947604967E-9,-3.950178562254244E-6,0.009868769607524397
3,4.075E-6,3,4.075E-6,0.7875185953709722,5.174480988706573E-5,0.05,6.771179366037201E-8,-1736.2994650134674,-496.32119247976215,0.5922342579023344,-14.914631289600095,45133.311205660815,42381.10563369177,2.9017982694482634E-8,1.3602125531680267E-8,1.2904760349011371E-8,9.991178023912376E-9,3.234170199633915E-10,1.8720813372936245E-9,-3.67297947546076E-6,0.010077453574054119
3,4.1000000000000006E-6,3,4.1000000000000006E-6,0.7923499977965611,5.174480988706573E-5,0.05,6.771179366037201E-8,-1538.4286192431296,-259.08567004958206,0.5849505448428182,-15.2367774039226,47541.13819392775,44797.23487018447,2.931994023967634E-8,1.3805623632369174E-8,1.244465143728375E-8,9.930588149080925E-9,3.321156206685322E-10,1.8786481489661807E-9,-3.344060389934552E-6,0.01029511986751527
3,4.125E-6,3,4.125E-6,0.7971814002221499,5.174480988706573E-5,0.05,6.771179366037201E-8,-1334.1382115999756,-12.396052812690423,0.5775077318984836,-15.573228088771376,50168.05123373644,47433.82067971278,2.9617118046558828E-8,1.4019407050696874E-8,1.1985919411774977E-8,9.863303138514156E-9,3.4108475553127304E-10,1.884760934592353E-9,-2.958461040838441E-6,0.01052245141133201
3,4.15E-6,3,4.15E-6,0.8020128026477386,5.174480988706573E-5,0.05,6.771179366037201E-8,-1123.1344269726144,241.70766738692691,0.5698986379332158,-15.925099989271741,53042.01383995079,50319.00552515217,2.9908758322033465E-8,1.4244324753373256E-8,1.1528730896673907E-8,9.789065481099884E-9,3.5033774335126405E-10,1.8904067795658237E-9,-2.5059781353651002E-6,0.010760202695453878
3,4.175000000000001E-6,3,4.175000000000001E-6,0.8068442050733275,5.174480988706573E-5,0.05,6.771179366037201E-8,-905.2532307821378,504.03254796036924,0.56211551212581,-16.29363450636823,56195.63840464459,53485.608028563096,3.019401628275671E-8,1.448132582147133E-8,1.1073261531392189E-8,9.707598087277422E-9,3.5988895887868007E-10,1.895569165597136E-9,-1.9762140583451687E-6,0.011009212504302859
3,4.2000000000000004E-6,3,4.2000000000000004E-6,0.8116756074989162,5.174480988706573E-5,0.05,6.771179366037201E-8,-680.1096812445829,777.1768270756291,0.5541499697847412,-16.680214059622855,59667.14886252634,56972.09039117563,3.0471940268136456E-8,1.473147498505015E-8,1.0619696783534063E-8,9.618601435063442E-9,3.6975395036020775E-10,1.9002340215755866E-9,-1.3618994139693237E-6,0.011270414905150577
3,4.225E-6,3,4.225E-6,0.816507009924505,5.174480988706573E-5,0.05,6.771179366037201E-8,-447.15057177519157,1061.659188385438,0.5459929197853325,-17.086380356868023,63501.58394309838,60823.76730455533,3.0741445612902846E-8,1.4995971146283865E-8,1.016823292598133E-8,9.521763942241209E-9,3.7994957335578925E-10,1.904390842247041E-9,-5.850880295940358E-7,0.011544851592478395
3,4.25E-6,3,4.25E-6,0.8213384123500937,5.174480988706573E-5,0.05,6.771179366037201E-8,-205.8693215177342,1357.380269255588,0.5376344821368162,-17.513857027162686,67752.31212114032,65094.327963762,3.1001288241803E-8,1.5276169589872293E-8,9.71907819641736E-9,9.416758568394069E-9,3.904941327651906E-10,1.9080275903617264E-9,3.3464246609109006E-7,0.011833687180515329
3,4.2750000000000006E-6,3,4.2750000000000006E-6,0.8261698147756826,5.174480988706573E-5,0.05,6.771179366037201E-8,44.25702638881079,1665.6719525094788,0.529063891440075,-17.964585233102888,72482.95525962213,69847.76966299085,3.1250063900974635E-8,1.557360885927268E-8,9.272454036437999E-9,9.303226538469624E-9,4.014075600338264E-10,1.911128166051563E-9,1.4089254345731172E-6,0.01213823326561006
3,4.3E-6,3,4.3E-6,0.8310012172012714,5.174480988706573E-5,0.05,6.771179366037201E-8,303.791680247023,1986.843416813447,0.5202693847203199,-18.44075313311873,77769.85119194302,75160.87083228515,3.1486159674116726E-8,1.589004344556877E-8,8.828596498589984E-9,9.180786347872063E-9,4.127116129327865E-10,1.9136763570728025E-9,2.6623985479533593E-6,0.012459968333188331
3,4.325E-6,3,4.325E-6,0.8358326196268601,5.174480988706573E-5,0.05,6.771179366037201E-8,573.2279958458167,2320.718820391114,0.5112380731125181,-18.944832827164852,83705.23293551285,81126.38349901488,3.1707703349630686E-8,1.6227483721914927E-8,8.387757978427481E-9,9.049038610392103E-9,4.2443009865260036E-10,1.9156592069372843E-9,4.124917802025537E-6,0.012800562721057333
3,4.350000000000001E-6,3,4.350000000000001E-6,0.8406640220524491,5.174480988706573E-5,0.05,6.771179366037201E-8,853.1957903014129,2670.2986147792726,0.5019557911947915,-19.47963600273007,90401.37452519123,87857.19742949809,3.19125400978189E-8,1.6588245200941707E-8,7.950209172789692E-9,8.907547849561745E-9,4.365891392396427E-10,1.917064160745869E-9,5.936347330606683E-6,0.013161916218060858
3,4.3750000000000005E-6,3,4.3750000000000005E-6,0.8454954244780377,5.174480988706573E-5,0.05,6.771179366037201E-8,1144.6763255653284,3038.7395349685307,0.49240692030438055,-20.04836630373668,97996.05283755073,95491.82282601179,3.2098152504076496E-8,1.6975009728051934E-8,7.516241361644069E-9,8.755844655247975E-9,4.492174650444176E-10,1.917875346979837E-9,8.084273700791473E-6,0.01354619344847073
3,4.4E-6,3,4.4E-6,0.8503268269036265,5.174480988706573E-5,0.05,6.771179366037201E-8,1448.604193171457,3424.241660139949,0.4825741818707265,-20.65469055284933,106659.82221361774,104201.69268842951,3.2261589529724E-8,1.739090207343293E-8,7.086169147222697E-9,8.593429222915996E-9,4.623467672224739E-10,1.918075521662665E-9,1.061265357048365E-5,0.013955871995168467
3,4.425E-6,3,4.425E-6,0.8551582293292153,5.174480988706573E-5,0.05,6.771179366037201E-8,1765.5677436923127,3825.6068439608694,0.47243839253716047,-21.302826044572537,116605.82206693977,114201.00609874667,3.239937922429689E-8,1.7839586737364776E-8,6.660333661013167E-9,8.419760565774762E-9,4.760121036946371E-10,1.9176497844804E-9,1.3711293150372447E-5,0.014393801381467931
3,4.450000000000001E-6,3,4.450000000000001E-6,0.8599896317548041,5.174480988706573E-5,0.05,6.771179366037201E-8,2096.4296746211157,4248.943320607087,0.46197817462978685,-21.997638003246646,128103.17049582934,125760.16645173398,3.2507391014919873E-8,1.8325391393210005E-8,6.239106429333199E-9,8.234247570224276E-9,4.902523514575813E-10,1.9165843819203743E-9,1.741913231846508E-5,0.014863268921112598
3,4.475E-6,3,4.475E-6,0.8648210341803929,5.174480988706573E-5,0.05,6.771179366037201E-8,2442.7248845060653,4699.257873112888,0.45116961226376195,-22.74476690267685,141495.5145770385,139224.39121775652,3.2580688889604994E-8,1.885346592340177E-8,5.822894048372264E-9,8.036249749249073E-9,5.051107438829538E-10,1.9148633077879915E-9,2.184260447226841E-5,0.015368085745051926
3,4.5E-6,3,4.5E-6,0.8696524366059816,5.174480988706573E-5,0.05,6.771179366037201E-8,2805.878520022976,5173.122192520274,0.4399858407567375,-23.550777501434432,157227.12086721713,155039.87943516317,3.261332366488121E-8,1.942998961883556E-8,5.412143850486444E-9,7.825079747137517E-9,5.206354812951034E-10,1.9124690137183403E-9,2.7287949148483426E-5,0.015912687500969212
3,4.525000000000001E-6,3,4.525000000000001E-6,0.8744838390315706,5.174480988706573E-5,0.05,6.771179366037201E-8,3186.8460435153193,5670.168018230039,0.4283965588502161,-24.42332920455699,175880.18550696998,173791.22174828948,3.2598037774419156E-8,2.0062444158004345E-8,5.0073509617028926E-9,7.599989637624082E-9,5.36880394595623E-10,1.909385424706921E-9,3.388908426363724E-5,0.016502249462538508
3,4.5500000000000005E-6,3,4.5500000000000005E-6,0.8793152414571592,5.174480988706573E-5,0.05,6.771179366037201E-8,3587.0764260562614,6199.474916870378,0.41636744490810834,-25.37140272248782,198229.18239462926,196255.8857290934,3.2525945245494906E-8,2.075997809092293E-8,4.609067000321264E-9,7.360147189311533E-9,5.539057036805364E-10,1.9055976035104947E-9,4.2048404210679476E-5,0.017142839677356633
3,4.575E-6,3,4.575E-6,0.884146643882748,5.174480988706573E-5,0.05,6.771179366037201E-8,4008.8269783909427,6766.166501778665,0.40385946519083704,-26.40552141578012,225321.63184274908,223485.159857836,3.238598518022109E-8,2.15338999200791E-8,4.217911097148329E-9,7.104653955908299E-9,5.71778783017783E-10,1.901089280438845E-9,5.205232723726476E-5,0.017841568524175757
3,4.6E-6,3,4.6E-6,0.8889780463083368,5.174480988706573E-5,0.05,6.771179366037201E-8,4454.223376803362,7367.755443564927,0.39082806411559445,-27.538017000662034,258600.81554621717,256927.10789041483,3.216426592919941E-8,2.2398354787879356E-8,3.834584057750051E-9,6.8325405455294005E-9,5.905748995781218E-10,1.8958432119581094E-9,6.453486588110684E-5,0.018606768243690563
3,4.625000000000001E-6,3,4.625000000000001E-6,0.8938094487339256,5.174480988706573E-5,0.05,6.771179366037201E-8,4925.16915294741,8007.751673639799,0.37722223764127966,-28.783249903901776,300096.82402220287,298617.9282227537,3.184308039217368E-8,2.3371267433176448E-8,3.4598867925731497E-9,6.542756769221884E-9,6.103777199804934E-10,1.8898433982740327E-9,8.002808277194845E-5,0.01944814182696066
3,4.65E-6,3,4.65E-6,0.8986408511595144,5.174480988706573E-5,0.05,6.771179366037201E-8,5424.293747430309,8696.521194074168,0.3629835200092137,-30.15774692449505,352732.10594783665,351487.9160990333,3.13996047239796E-8,2.4475677371395922E-8,3.0947446080960987E-9,6.2341549022668185E-9,6.31279310745824E-10,1.8830748274576807E-9,9.957029943321668E-5,0.020376856030064224
3,4.675E-6,3,4.675E-6,0.9034722535851031,5.174480988706573E-5,0.05,6.771179366037201E-8,5955.003718440435,9439.756611638484,0.34804499943681744,-31.67994895923539,420824.8052676673,419865.30152024195,3.080389155270726E-8,2.5741658901775856E-8,2.740240055848165E-9,5.905520340120484E-9,6.533789048447694E-10,1.875521815714978E-9,1.243197113005002E-4,0.02140537091840229
3,4.700000000000001E-6,3,4.700000000000001E-6,0.9083036560106921,5.174480988706573E-5,0.05,6.771179366037201E-8,6520.825544076059,10240.117618208587,0.33233066421879626,-33.36910005612361,510945.1239466563,510333.158203431,3.0015991201803955E-8,2.7209120915585078E-8,2.3976585158784533E-9,5.555614964180652E-9,6.767790722313597E-10,1.8671687129679626E-9,1.5565563553535824E-4,0.022546689227110544
3,4.7250000000000005E-6,3,4.7250000000000005E-6,0.9131350584362807,5.174480988706573E-5,0.05,6.771179366037201E-8,7125.624318063676,11106.562612944115,0.31575579423566985,-35.242047816064556,633423.8673573169,633238.3076514024,2.8981702958709406E-8,2.893193060811111E-8,2.0685528450369576E-9,5.1832397823470446E-9,7.015764815712983E-10,1.8580015969093673E-9,1.9510061097243668E-4,0.02381219447031389
3,4.75E-6,3,4.75E-6,0.9179664608618695,5.174480988706573E-5,0.05,6.771179366037201E-8,7774.306419558573,12052.254275157406,0.2982301135441043,-37.305049924906754,805107.2363151917,805445.510477933,2.7626263366152782E-8,3.098398092948897E-8,1.7548377224875547E-9,4.787373164709679E-9,7.278412333488037E-10,1.8480078078294296E-9,2.4383586304072767E-4,0.025206114814126185
3,4.775E-6,3,4.775E-6,0.9227978632874583,5.174480988706573E-5,0.05,6.771179366037201E-8,8472.817672024827,13088.167319269105,0.27966785466521915,-39.53344899042652,1054559.9904230363,1055536.6640729115,2.5845100651170537E-8,3.346786035128054E-8,1.4589320536454866E-9,4.367517032911484E-9,7.555724874337652E-10,1.8371751245407567E-9,3.007458451434025E-4,0.026711789858396298
3,4.800000000000001E-6,3,4.800000000000001E-6,0.9276292657130472,5.174480988706573E-5,0.05,6.771179366037201E-8,9227.91992644043,14226.34141308802,0.2600149278582992,-41.8214209961462,1432112.7758284458,1433843.4843075518,2.3491587665972693E-8,3.6525912185796363E-8,1.1839809253245983E-9,3.924382146300747E-9,7.846022916839049E-10,1.8254931056473252E-9,3.5687520662688584E-4,0.028257716889287975
3,4.825E-6,3,4.825E-6,0.9324606681386359,5.174480988706573E-5,0.05,6.771179366037201E-8,10047.67710305988,15486.096445985055,0.23931867914983557,-43.85651757275767,2028935.757118067,2031473.494544501,2.0366147419844965E-8,4.034847200475274E-8,9.342095811068889E-10,3.4613820459401443E-9,8.14389210529936E-10,1.8129545357792524E-9,3.8045274226716254E-4,0.02963278214375518
3,4.85E-6,3,4.85E-6,0.9372920705642246,5.174480988706573E-5,0.05,6.771179366037201E-8,10942.199866426938,16892.409473513773,0.21790314775490477,-44.809805279875384,3007899.2658254616,3011024.5966918906,1.6231167802508123E-8,4.515260430623556E-8,7.154815150373328E-10,2.9880075740138836E-9,8.435956143654558E-10,1.799555177728269E-9,2.749643527389978E-4,0.030276895459375258
3,4.875000000000001E-6,3,4.875000000000001E-6,0.9421234729898136,5.174480988706573E-5,0.05,6.771179366037201E-8,11923.952297542954,18472.861478545674,0.1967835380820554,-42.65761698302089,4615483.390906917,4618098.701285329,1.0953517773293318E-8,5.102846349903863E-8,5.36048157788674E-10,2.527372066355224E-9,8.6937197861591E-10,1.7852940304426455E-9,-1.731774363624819E-4,0.028822714177716816
3,4.9000000000000005E-6,3,4.9000000000000005E-6,0.9469548754154022,5.174480988706573E-5,0.05,6.771179366037201E-8,13008.164357232636,20262.697652000585,0.17843923896783884,-33.37063353115959,6961622.707375119,6960483.628091096,5.045504261291797E-9,5.738661053999239E-8,4.0686715276500173E-10,2.1306758855994653E-9,8.870202924895824E-10,1.7701753451251384E-9,-0.0012544370561897115,0.022547725358891615
3,4.925E-6,3,4.925E-6,0.951786277840991,5.174480988706573E-5,0.05,6.771179366037201E-8,14214.080336777573,22312.20850063677,0.16724921262770082,-13.075895086671913,9137783.421232171,9127187.920126477,6.415464240684593E-10,6.202433420195985E-8,3.3927192476515066E-10,1.8890554876480663E-9,8.931965174450713E-10,1.7542105366798629E-9,-0.0025132780953808814,0.008835064247751294
3,4.95E-6,3,4.95E-6,0.9566176802665798,5.174480988706573E-5,0.05,6.771179366037201E-8,15566.724987205871,24688.991897195978,0.1673207070148506,13.343778619556252,9121395.816211328,9098598.910225118,6.6893491432415E-10,6.199253274228825E-8,3.396782063820419E-10,1.9079902766751808E-9,8.933401865514267E-10,1.737419512767092E-9,-0.002538668850600622,0.009016066634835306
3,4.975000000000001E-6,3,4.975000000000001E-6,0.9614490826921687,5.174480988706573E-5,0.05,6.771179366037201E-8,17098.87446070105,27481.90213506678,0.1785401083014526,33.21935528025263,6945118.657156312,6915148.780768958,5.008087077109625E-9,5.7347706864161764E-8,4.075138794611144E-10,2.251898183647494E-9,8.994161617663393E-10,1.7198331345203492E-9,-0.0011421697096554357,0.02244551032449502
3,5.0E-6,3,5.0E-6,0.9662804851177574,5.174480988706573E-5,0.05,6.771179366037201E-8,18854.038847463507,30814.89123527803,0.1966787399116393,41.97714825792915,4625821.307119764,4595173.2374074515,1.0590484996398757E-8,5.1061093204852546E-8,5.352420938365822E-10,2.90595993788631E-9,9.165869220704697E-10,1.7014971359344683E-9,-1.3725369579456748E-5,0.028362938012114293
3,5.025E-6,3,5.025E-6,0.9711118875433461,5.174480988706573E-5,0.05,6.771179366037201E-8,20891.520037801536,34867.72072157927,0.21736503796351697,43.70594130221693,3039298.114389392,3010951.9566632537,1.5331535193253825E-8,4.52867734609533E-8,7.104766282570165E-10,3.7753255614924564E-9,9.412575218074875E-10,1.682476764388015E-9,2.3705574630920434E-4,0.029531041420416845
3,5.050000000000001E-6,3,5.050000000000001E-6,0.9759432899689351,5.174480988706573E-5,0.05,6.771179366037201E-8,23293.826182763583,39897.77401680546,0.23818146641839413,42.48425961777524,2069934.2581276055,2044461.9794997282,1.8851787163496222E-8,4.0579757890621926E-8,9.216080862525053E-10,4.743515650276292E-9,9.687478476071137E-10,1.6628628993555788E-9,2.4347128242267006E-4,0.028705580822821108
3,5.0750000000000005E-6,3,5.0750000000000005E-6,0.9807746923945238,5.174480988706573E-5,0.05,6.771179366037201E-8,26175.965797979585,46258.915797991125,0.25817564097589357,40.28832436079209,1475454.7533489964,1452612.6544450026,2.1362499521284557E-8,3.683839434681138E-8,1.1601748390720456E-9,5.722392925516229E-9,9.963811234311326E-10,1.6427809997653658E-9,1.5994400566349747E-4,0.02722184078431898
3,5.1E-6,3,5.1E-6,0.9856060948201125,5.174480988706573E-5,0.05,6.771179366037201E-8,29694.512322732597,54398.320861099106,0.2770671781979243,37.9148346415901,1096762.6732668104,1076140.2487012118,2.3147607207419096E-8,3.384518648219211E-8,1.4203382060214823E-9,6.659076435972324E-9,1.0229861189579436E-9,1.6224035467395896E-9,8.572121068952402E-5,0.025618131514587902
3,5.125E-6,3,5.125E-6,0.9904374972457013,5.174480988706573E-5,0.05,6.771179366037201E-8,34049.069077928085,64774.064605957894,0.2948388531805889,35.6507624624381,844722.7847109626,825937.001829395,2.4424705034140027E-8,3.1412127631301895E-8,1.6980463050291037E-9,7.527349611131767E-9,1.0481490659276396E-9,1.6019674555772684E-9,8.143968810767375E-6,0.02408835301516088
3,5.150000000000001E-6,3,5.150000000000001E-6,0.9952688996712902,5.174480988706573E-5,0.05,6.771179366037201E-8,39459.301308,77605.70434969725,0.31156694402266405,33.59426992337068,669968.2642979489,652701.3273027126,2.535923017262287E-8,2.9399325038229368E-8,1.990434982939555E-9,8.317597856789537E-9,1.0717316237106972E-9,1.5817996069109949E-9,1.2295673147824727E-4,0.022698831029304516
3,5.1750000000000004E-6,3,5.1750000000000004E-6,1.0001003020968788,5.174480988706573E-5,0.05,6.771179366037201E-8,46094.19032691153,92421.43990537028,0.32735085001375286,31.742584161435893,544394.1101330313,528397.0019333385,2.60304471581737E-8,2.7706574921582766E-8,2.295372234886034E-9,9.0304218576056E-9,1.0938926088490695E-9,1.562354895121883E-9,1.0736705460046047E-4,0.021447692000970197
3,5.2E-6,3,5.2E-6,1.0049317045224677,5.174480988706573E-5,0.05,6.771179366037201E-8,53942.84306212731,107564.25054779644,0.3422877255977762,30.08784333067053,451363.5000919965,436438.18702038773,2.6514944316637395E-8,2.6262098054158035E-8,2.6111870241954372E-9,9.669463126212678E-9,1.1147061456552706E-9,1.544273965631107E-9,7.205498265744105E-5,0.02032962387207468
3,5.225000000000001E-6,3,5.225000000000001E-6,1.0097631069480566,5.174480988706573E-5,0.05,6.771179366037201E-8,62661.88881054197,120100.83377381957,0.3564675888390862,28.609237914160943,380614.91289907607,366603.95701765013,2.686214645326177E-8,2.5013528028889495E-8,2.9365827495979582E-9,1.0240786209718163E-8,1.1342705330934685E-9,1.5284736519493236E-9,5.898479308040132E-5,0.019330566158216853
3,5.2500000000000006E-6,3,5.2500000000000006E-6,1.0145945093736453,5.174480988706573E-5,0.05,6.771179366037201E-8,71498.14053469495,126637.38248629234,0.36996965399243886,27.282224402163287,325590.9838280016,312368.62835429504,2.710185402403567E-8,2.3922121136202232E-8,3.2705120432430705E-9,1.0750835531087406E-8,1.1527182470345143E-9,1.5162925772357595E-9,3.751042956237448E-5,0.018433935406867087
3,5.275E-6,3,5.275E-6,1.0194259117992341,5.174480988706573E-5,0.05,6.771179366037201E-8,79403.60178290313,124995.12446398851,0.38286221854066343,26.08638057040915,281962.56695534475,269426.9120838973,2.7258106822066594E-8,2.2958737122574495E-8,3.6120992183155437E-9,1.1204804894060477E-8,1.1701456959031926E-9,1.5097309959567962E-9,2.7042386652248098E-5,0.017625932817844022
3,5.3E-6,3,5.3E-6,1.0242573142248228,5.174480988706573E-5,0.05,6.771179366037201E-8,85362.28471321537,115687.9962390649,0.39520415509748696,25.003026269715757,246785.53233324023,234853.26227843543,2.7346639527445594E-8,2.2101065255853526E-8,3.960602264491127E-9,1.1606193903302602E-8,1.1866533346126401E-9,1.5118522212031076E-9,1.7911894974631258E-5,0.016893936668726864
3,5.325000000000001E-6,3,5.325000000000001E-6,1.0290887166504117,5.174480988706573E-5,0.05,6.771179366037201E-8,88766.62183167758,101791.39872980329,0.40704607114600944,24.016653260367512,218005.28489808968,206607.4751780652,2.7379660584357858E-8,2.133176195273257E-8,4.315376676550979E-9,1.1955792489232566E-8,1.202322401276765E-9,1.5274529674022775E-9,8.46840926821777E-6,0.016227468419167237
3,5.3500000000000004E-6,3,5.3500000000000004E-6,1.0339201190760003,5.174480988706573E-5,0.05,6.771179366037201E-8,89593.13691217612,87061.34299456024,0.41843170597726814,23.114333368497753,194154.18091938895,183233.20606805626,2.736669927513948E-8,2.063713985054055E-8,4.6758568732412886E-9,1.2250795818267655E-8,1.2172270992815711E-9,1.5641487348767785E-9,1.0927339436434519E-6,0.015617792816552536
3,5.375E-6,3,5.375E-6,1.0387515215015892,5.174480988706573E-5,0.05,6.771179366037201E-8,88273.86691225799,73965.16214621018,0.42939903557861403,22.285148875226284,174162.0518725519,163669.2845836038,2.7315019784149032E-8,2.0006251851816127E-8,5.041540633314522E-9,1.2483279578635465E-8,1.231430922023744E-9,1.6340008407603462E-9,-3.988222112866664E-6,0.015057533023801544
3,5.400000000000001E-6,3,5.400000000000001E-6,1.043582923927178,5.174480988706573E-5,0.05,6.771179366037201E-8,85410.08075794223,63218.03139330569,0.4399811835109036,21.5199281145197,157234.11089926155,147128.1543492248,2.723037379137127E-8,1.9430236421209975E-8,5.411976953868513E-9,1.2638199649103603E-8,1.2449907744518443E-9,1.7555752770997343E-9,-6.509844788435854E-6,0.014540491969270068
3,5.4250000000000006E-6,3,5.4250000000000006E-6,1.0484143263527668,5.174480988706573E-5,0.05,6.771179366037201E-8,81544.80480828359,54495.65024343789,0.45020719304674994,20.8109579252901,142770.27640734796,133015.59974613285,2.7117441239453252E-8,1.890184048926063E-8,5.786757330811837E-9,1.2691731121963502E-8,1.2579562660619474E-9,1.955589284130655E-9,-7.05827839365946E-6,0.014061458057628446
3,5.45E-6,3,5.45E-6,1.0532457287783556,5.174480988706573E-5,0.05,6.771179366037201E-8,77070.7419355231,47138.02272162378,0.4601026870787305,20.151792290678888,130310.66824848602,120876.53406607307,2.6980287057968274E-8,1.841506625622005E-8,6.165509992724265E-9,1.2612263241667672E-8,1.270371685124185E-9,2.267875703084152E-9,-6.198677670795327E-6,0.01361607587208033
3,5.475E-6,3,5.475E-6,1.0580771312039443,5.174480988706573E-5,0.05,6.771179366037201E-8,72241.0722442209,40669.839915847646,0.469690407812786,19.536957190706737,119498.07308888625,110357.70708718747,2.6822350711098548E-8,1.796490728354969E-8,6.547895517802105E-9,1.2368119188847792E-8,1.2822762517374785E-9,2.7259327663915483E-9,-4.6068923594185755E-6,0.013200646750477526
3,5.500000000000001E-6,3,5.500000000000001E-6,1.0629085336295332,5.174480988706573E-5,0.05,6.771179366037201E-8,67243.6171750299,35173.12918738109,0.47899062048833196,18.961674739093667,110051.65185527179,101181.60029966818,2.6646281494577207E-8,1.7547150388963164E-8,6.933601816270152E-9,1.1944432472981513E-8,1.2937051292425194E-9,3.3463947634622974E-9,-3.3612294528901357E-6,0.012811942391279505
3,5.5250000000000005E-6,3,5.5250000000000005E-6,1.0677399360551219,5.174480988706573E-5,0.05,6.771179366037201E-8,62260.24249142756,30868.48304144787,0.48802144445101986,18.42183914630911,101748.16815121629,93127.7664489179,2.6454329693113497E-8,1.7158223559673647E-8,7.322339736989488E-9,1.1364201230728883E-8,1.3046897297189422E-9,4.107837823505124E-9,-2.5385037546778455E-6,0.012447188612371022
3,5.55E-6,3,5.55E-6,1.0725713384807107,5.174480988706573E-5,0.05,6.771179366037201E-8,57435.31253198758,27390.19302191557,0.49679915637755556,17.913930008692418,94408.35613734464,86019.29544355998,2.624850182447724E-8,1.6795076628857185E-8,7.713840528124421E-9,1.0698486227064953E-8,1.3152583356309976E-9,4.940552745867819E-9,-1.142642148617282E-6,0.012104006762630012
3,5.575000000000001E-6,3,5.575000000000001E-6,1.0774027409062996,5.174480988706573E-5,0.05,6.771179366037201E-8,52828.78834208726,24222.55746945715,0.5053384501242454,17.434916098266964,87886.90269990891,79712.87728989465,2.603061484079694E-8,1.6455087517690856E-8,8.107854107366651E-9,1.0048210588333446E-8,1.3254364943047592E-9,5.744764951214261E-9,2.582110522520973E-6,0.011780348715045246
3,5.600000000000001E-6,3,5.600000000000001E-6,1.0822341433318883,5.174480988706573E-5,0.05,6.771179366037201E-8,48464.53524374024,21499.745144343688,0.5136526480471469,16.98215250760938,82064.9997510314,74091.4214627035,2.5802261086588554E-8,1.6135988349889785E-8,8.504147404498283E-9,9.500790514013695E-9,1.3352474047362957E-9,6.433878821904229E-9,7.67844463609048E-6,0.011474427370006339
3,5.625E-6,3,5.625E-6,1.0870655457574772,5.174480988706573E-5,0.05,6.771179366037201E-8,44385.74345027198,19414.173407197748,0.5217538737644426,16.553322071238597,76844.73888426459,69058.5006445121,2.5564848072440027E-8,1.5835806656718185E-8,8.90250273736221E-9,9.093613102306176E-9,1.3447121910017987E-9,6.97108043905304E-9,1.1364911012181144E-5,0.011184677075161215
3,5.65E-6,3,5.65E-6,1.0918969481830658,5.174480988706573E-5,0.05,6.771179366037201E-8,40614.41509890689,17570.958034393414,0.5296531913576257,16.146357042460373,72144.84621528801,64534.12916461474,2.531953510706243E-8,1.5552818262350107E-8,9.302716055531698E-9,8.813274119947319E-9,1.3538501401515846E-9,7.370429476933728E-9,1.2250474548271346E-5,0.010909700704365116
3,5.675000000000001E-6,3,5.675000000000001E-6,1.0967283506086547,5.174480988706573E-5,0.05,6.771179366037201E-8,37127.01278630624,15769.650075039675,0.5373607198913929,15.759412977687864,67897.40130682601,60451.51122515439,2.5067295142126934E-8,1.5285509129652337E-8,9.704595158352741E-9,8.62297860095749E-9,1.3626788897409865E-9,7.669529869892814E-9,1.1713326562765732E-5,0.01064825201195126
3,5.7000000000000005E-6,3,5.7000000000000005E-6,1.1015597530342434,5.174480988706573E-5,0.05,6.771179366037201E-8,33909.27914248037,14295.075778169345,0.5448857389011277,15.390859286142655,64045.28319839296,56754.509240274296,2.4809009817857414E-8,1.5032543858572226E-8,1.0107958472838519E-8,8.488969393635648E-9,1.3712146145739255E-9,7.902860171535421E-9,1.1263453527384834E-5,0.010399229247393687
3,5.725E-6,3,5.725E-6,1.1063911554598322,5.174480988706573E-5,0.05,6.771179366037201E-8,30964.050151602547,13079.81431399098,0.5522367896754065,15.03927051259231,60540.16418129861,53395.65631901694,2.4545552879956777E-8,1.4792739400356045E-8,1.0512634558759058E-8,8.390535033399101E-9,1.3794721985521066E-9,8.091606385553713E-9,1.1029041831744329E-5,0.010161669265265074
3,5.750000000000001E-6,3,5.750000000000001E-6,1.1112225578854211,5.174480988706573E-5,0.05,6.771179366037201E-8,28270.21535645387,11858.795858965319,0.5594217595417892,14.703365949704821,57340.92754230936,50334.59685011552,2.4277688619061485E-8,1.4565043412984324E-8,1.0918461555268417E-8,8.317546355554414E-9,1.3874653936135057E-9,8.24632734935006E-9,1.091427977667477E-5,0.009934706722773528
3,5.775000000000001E-6,3,5.775000000000001E-6,1.1160539603110098,5.174480988706573E-5,0.05,6.771179366037201E-8,25802.61422819169,10794.81725410669,0.5664479390728144,14.381956297639068,54412.41478555699,47536.852487330485,2.4005968416109964E-8,1.4348516718082213E-8,1.1325285796405352E-8,8.264412820966576E-9,1.3952069058519478E-9,8.373131925419578E-9,1.076507391405765E-5,0.009717538038945315
3,5.8E-6,3,5.8E-6,1.1208853627365987,5.174480988706573E-5,0.05,6.771179366037201E-8,23556.521483470686,9966.36770346153,0.5733220772933234,14.073988194104341,51724.41745505862,44972.81733075711,2.373093967138997E-8,1.414231838942667E-8,1.173296082449696E-8,8.226137151181436E-9,1.4027084901805439E-9,8.477441103335593E-9,1.0514706533042935E-5,0.009509451482502934
3,5.825E-6,3,5.825E-6,1.1257167651621873,5.174480988706573E-5,0.05,6.771179366037201E-8,21517.085924099905,9143.426793998855,0.580050444416164,13.778533576033828,49250.85746984441,42616.94815587577,2.345317157548153E-8,1.3945692750588607E-8,1.2141347361815905E-8,8.197652050903997E-9,1.4099810682130024E-9,8.564647949050602E-9,1.03245778000927E-5,0.00930981998380664
3,5.850000000000001E-6,3,5.850000000000001E-6,1.1305481675877762,5.174480988706573E-5,0.05,6.771179366037201E-8,19656.01358190949,8334.654885191818,0.586638877244031,13.494726998086103,46969.125356570716,40447.11794524302,2.31730925037125E-8,1.375795866643077E-8,1.2550312746101155E-8,8.174742332408954E-9,1.4170348009918012E-9,8.639342229973475E-9,1.0184625297238246E-5,0.00911805878249061
3,5.8750000000000005E-6,3,5.8750000000000005E-6,1.1353795700133649,5.174480988706573E-5,0.05,6.771179366037201E-8,17954.320862724337,7609.758304175148,0.5930928169514681,13.221795347843994,44859.53985223676,38444.07718903292,2.2891130895159567E-8,1.3578500487289627E-8,1.2959730278475543E-8,8.15481013701379E-9,1.4238791581394159E-9,8.704429922063591E-9,1.0149159140007332E-5,0.008933645505299995
3,5.9E-6,3,5.9E-6,1.1402109724389538,5.174480988706573E-5,0.05,6.771179366037201E-8,16393.009305763164,6860.558970907798,0.5994173523810414,12.959053751005602,42904.90037031274,36591.01198900276,2.2607740406905892E-8,1.3406760032695128E-8,1.3369479266054989E-8,8.136727691852537E-9,1.4305229963470861E-9,8.7612520386419E-9,1.0172114609331511E-5,0.00875611739932811
3,5.925000000000001E-6,3,5.925000000000001E-6,1.1450423748645426,5.174480988706573E-5,0.05,6.771179366037201E-8,14954.951490791216,6177.15789314919,0.6056172489864297,12.705848994537858,41090.12029763236,34873.1888646812,2.2323234917551775E-8,1.3242229977483956E-8,1.3779444479103624E-8,8.119730301017516E-9,1.4369746061326567E-9,8.81086200622967E-9,1.0081362644161933E-5,0.008585033104417472
3,5.950000000000001E-6,3,5.950000000000001E-6,1.1498737772901313,5.174480988706573E-5,0.05,6.771179366037201E-8,13641.013277797756,5688.287843710903,0.611696970123567,12.461583021326662,39401.923284275974,33277.65139952722,2.2037894932079427E-8,1.3084448256980825E-8,1.4189515339961436E-8,8.102609635763633E-9,1.443241750950065E-9,8.854759666020999E-9,9.982328747112808E-6,0.00841998852792342
3,5.975E-6,3,5.975E-6,1.1547051797157202,5.174480988706573E-5,0.05,6.771179366037201E-8,12450.263111111333,5243.660812141644,0.6176607058421435,12.225722753149805,37828.58669901111,31792.96560978772,2.175202742817269E-8,1.293299296191786E-8,1.4599585822152728E-8,8.084372024238391E-9,1.4493317160396871E-9,8.894155550665544E-9,9.922094491406405E-6,0.008260623481857977
3,6.0E-6,3,6.0E-6,1.1595365821413088,5.174480988706573E-5,0.05,6.771179366037201E-8,11363.316428291952,4732.206452452599,0.6235123926490541,11.997752331610823,36359.72814543689,30409.01512618108,2.146581780504613E-8,1.2787478061087716E-8,1.5009553956914677E-8,8.06490446271345E-9,1.4552513424817506E-9,8.929455670596101E-9,9.86000269257642E-6,0.008106589413250556
3,6.025000000000001E-6,3,6.025000000000001E-6,1.1643679845668977,5.174480988706573E-5,0.05,6.771179366037201E-8,10359.064056746105,4204.253138165821,0.6292557234429683,11.777178741566383,34986.12728752836,29116.824397522272,2.1179365490027097E-8,1.264754985548756E-8,1.541932080420541E-8,8.044220393889974E-9,1.4610070439139804E-9,8.960997086669653E-9,9.850777620835056E-6,0.00795755320376107
3,6.0500000000000005E-6,3,6.0500000000000005E-6,1.1691993869924864,5.174480988706573E-5,0.05,6.771179366037201E-8,9426.18414861295,3703.556407872471,0.6348941659703242,11.56356271346773,33699.572497916335,27908.403523168286,2.089281125522578E-8,1.2512883630764723E-8,1.582879014283773E-8,8.021905863832728E-9,1.4666048371139176E-9,8.989466030042603E-9,9.86681063004544E-6,0.007813218049640358
3,6.075E-6,3,6.075E-6,1.1740307894180753,5.174480988706573E-5,0.05,6.771179366037201E-8,8561.97265470172,3280.7727005959205,0.6404309854910524,11.356505652020914,32492.729385230505,26776.620290998566,2.0606307034722975E-8,1.2383180582315506E-8,1.6237868633221192E-8,7.997743300924382E-9,1.4720503860371137E-9,9.015314352660236E-9,9.904175818364176E-6,0.007673314629743861
3,6.100000000000001E-6,3,6.100000000000001E-6,1.1788621918436641,5.174480988706573E-5,0.05,6.771179366037201E-8,7767.285485084181,2930.360721912833,0.6458692628377058,11.155642619339066,31359.029509151864,25715.091350391176,2.0320004539219937E-8,1.2258165178205306E-8,1.6646465818853337E-8,7.971847222239579E-9,1.4773490345651592E-9,9.038636449745427E-9,9.962554826223827E-6,0.007537596364418288
3,6.125000000000001E-6,3,6.125000000000001E-6,1.1836935942692528,5.174480988706573E-5,0.05,6.771179366037201E-8,7037.5032033516245,2583.4446752372974,0.6512119205123512,10.960682537378606,30292.573402962582,24718.081944885096,2.003421521380104E-8,1.2137582621102944E-8,1.7054494896414697E-8,7.94397916243872E-9,1.4825058537155925E-9,9.059693429212176E-9,1.0005883414646574E-5,0.007405866579309869
3,6.15E-6,3,6.15E-6,1.1885249966948417,5.174480988706573E-5,0.05,6.771179366037201E-8,6363.112825816902,2231.0365108697324,0.6564617638277069,10.77143133128321,29288.04451954454,23780.41877842908,1.9749510271234042E-8,1.2021196242361647E-8,1.746187486824186E-8,7.913518964169884E-9,1.4875257198207333E-9,9.078849385500692E-9,1.0069013387337435E-5,0.007277994142758926
3,6.175E-6,3,6.175E-6,1.1933563991204303,5.174480988706573E-5,0.05,6.771179366037201E-8,5734.799646162064,1867.5895135148123,0.6616215091292422,10.587716014358138,28340.63775007645,22897.428880990105,1.9466454800141044E-8,1.1908785438971963E-8,1.786853197872245E-8,7.880081400164433E-9,1.4924133627582326E-9,9.096211532358277E-9,1.0114231323215211E-5,0.007153862171863607
3,6.200000000000001E-6,3,6.200000000000001E-6,1.1981878015460192,5.174480988706573E-5,0.05,6.771179366037201E-8,5144.389010221119,1494.6511667890109,0.6666937622369902,10.40925344602008,27446.006313040994,22064.902307111224,1.918512799954451E-8,1.1800144870709609E-8,1.8274397346041466E-8,7.84379220091195E-9,1.4971733206936563E-9,9.111841291153235E-9,1.0092313989441917E-5,0.007033279355418973
3,6.2250000000000005E-6,3,6.2250000000000005E-6,1.2030192039716079,5.174480988706573E-5,0.05,6.771179366037201E-8,4590.274544401645,1184.1738391685078,0.6716809543085589,10.235603698191708,26600.222037778956,21279.057424178507,1.890494650926744E-8,1.1695084622184051E-8,1.8679400959533236E-8,7.805276094336397E-9,1.5018098184569376E-9,9.125954854392365E-9,1.0030716389337574E-5,0.006915948444724127
3,6.25E-6,3,6.25E-6,1.2078506063971968,5.174480988706573E-5,0.05,6.771179366037201E-8,4075.9866458845877,933.9977075020737,0.6765852977543536,10.066299148774945,25799.73634796589,20536.486787350197,1.8625139995029407E-8,1.1593429936178148E-8,1.908346689566501E-8,7.765409149111472E-9,1.5063266883559128E-9,9.138698563393502E-9,1.0006637319948093E-5,0.00680155347890199
3,6.275000000000001E-6,3,6.275000000000001E-6,1.2126820088227857,5.174480988706573E-5,0.05,6.771179366037201E-8,3598.0496306765376,655.7627280262748,0.6814088274912211,9.901070213616045,25041.33230389085,19834.084425199864,1.8345597888742658E-8,1.1495019246706329E-8,1.948651542524571E-8,7.724499266936144E-9,1.5107274515357371E-9,9.150116631891158E-9,1.0075802882062662E-5,0.006689912306497328
3,6.300000000000001E-6,3,6.300000000000001E-6,1.2175134112483743,5.174480988706573E-5,0.05,6.771179366037201E-8,3147.015524782592,346.91126194253025,0.6861535136080792,9.739918322598779,24322.072554243725,19168.987760306216,1.8067159591925718E-8,1.1399700971732984E-8,1.9888471523501848E-8,7.681815576610298E-9,1.5150155258698603E-9,9.16032059587462E-9,1.0192096620138848E-5,0.006581025893647824
3,6.3250000000000004E-6,3,6.3250000000000004E-6,1.2223448136739632,5.174480988706573E-5,0.05,6.771179366037201E-8,2719.2473556264076,72.46496521197987,0.690821339401842,9.582900033539042,23639.26002507401,18538.56446223918,1.7790826430830035E-8,1.1307331274252605E-8,2.0289271178791348E-8,7.63644277320389E-9,1.519194363461516E-9,9.169421223397792E-9,1.024317224047435E-5,0.006474932455093948
3,6.35E-6,3,6.35E-6,1.2271762160995519,5.174480988706573E-5,0.05,6.771179366037201E-8,2317.4642595780188,-151.59462723129974,0.6954142665614534,9.429871555729418,22990.41976578712,17940.422900722417,1.7516811656361804E-8,1.1217774201817947E-8,2.0688858350750327E-8,7.58831637530442E-9,1.5232673819069172E-9,9.177456224395407E-9,1.0198078170384297E-5,0.006371534834952309
3,6.375000000000001E-6,3,6.375000000000001E-6,1.2320076185251407,5.174480988706573E-5,0.05,6.771179366037201E-8,1941.8768582871053,-370.7535489970117,0.6999341401364702,9.280492550290578,22373.290404712534,17372.402029776586,1.724454816301185E-8,1.113090296070879E-8,2.108717634424079E-8,7.538123762625069E-9,1.5272377928118194E-9,9.184490308308054E-9,1.012632064946764E-5,0.006270603074520661
3,6.4000000000000006E-6,3,6.4000000000000006E-6,1.2368390209507294,5.174480988706573E-5,0.05,6.771179366037201E-8,1586.2224347195565,-628.7897717406096,0.7043826447413758,9.134436597953238,21785.808786427624,16832.532255044614,1.697347114019875E-8,1.1046600119262387E-8,2.1484163148099136E-8,7.486522212622153E-9,1.5311085274661243E-9,9.190612424420031E-9,1.0100333481053878E-5,0.006171916620238674
3,6.425E-6,3,6.425E-6,1.2416704233763183,5.174480988706573E-5,0.05,6.771179366037201E-8,1243.8875853074906,-899.8088047014697,0.7087613519052899,8.991560757662334,21226.084429386086,16318.992129474293,1.6703656173245182E-8,1.0964756105321588E-8,2.1879754782140425E-8,7.4335710363111174E-9,1.5348823252377252E-9,9.195865487566012E-9,1.022346939302877E-5,0.006075378890312388
3,6.450000000000001E-6,3,6.450000000000001E-6,1.2465018258019072,5.174480988706573E-5,0.05,6.771179366037201E-8,915.1411898231758,-1127.3843529949866,0.7130717963539243,8.851857074841025,20692.37377840353,15830.089286512204,1.643564652306101E-8,1.0885267297309496E-8,2.227389163410009E-8,7.378841483248801E-9,1.53856186247064E-9,9.200286545631172E-9,1.0362824720284945E-5,0.00598098451002772
3,6.475000000000001E-6,3,6.475000000000001E-6,1.2513332282274958,5.174480988706573E-5,0.05,6.771179366037201E-8,603.473281993498,-1322.2544815601016,0.7173154978269684,8.715273502235869,20183.06437950593,15364.264696208274,1.616979017755125E-8,1.0808035251267845E-8,2.266652023354494E-8,7.322072138610829E-9,1.542149790868466E-9,9.203933391408976E-9,1.044608098606118E-5,0.005888698312321533
3,6.5000000000000004E-6,3,6.5000000000000004E-6,1.2561646306530847,5.174480988706573E-5,0.05,6.771179366037201E-8,308.40443869106093,-1522.4670199289524,0.7214939229254141,8.581642124211609,19696.667750417742,14920.092989598004,1.5905973346862055E-8,1.0732967057750698E-8,2.305758952125636E-8,7.26347767135057E-9,1.5456486707361533E-9,9.206849373390666E-9,1.0514873938529627E-5,0.005798406840683519
3,6.525E-6,3,6.525E-6,1.2609960330786734,5.174480988706573E-5,0.05,6.771179366037201E-8,28.757234022775336,-1701.2313051250076,0.7256084532562876,8.450777451300212,19231.8119318286,14496.264146325275,1.5643986817299986E-8,1.0659975561071578E-8,2.3447047473723888E-8,7.203370488115604E-9,1.5490609167671749E-9,9.20907102125445E-9,1.061289063292126E-5,0.005709984764392035
3,6.550000000000001E-6,3,6.550000000000001E-6,1.2658274355042622,5.174480988706573E-5,0.05,6.771179366037201E-8,-233.60650709977733,-1844.2733268979907,0.7296603936127074,8.322546748612632,18787.23021486952,14091.564960314252,1.5383789492309396E-8,1.0588978866599694E-8,2.3834841384110132E-8,7.141877351630787E-9,1.5523888139780014E-9,9.210644079022923E-9,1.0726746991261546E-5,0.005623342397711238
3,6.5750000000000006E-6,3,6.5750000000000006E-6,1.270658837929851,5.174480988706573E-5,0.05,6.771179366037201E-8,-481.348190794416,-2024.1341265453366,0.733650994125647,8.196856819289518,18361.74960876558,13704.869365709947,1.5125461720696854E-8,1.0519899645125376E-8,2.4220919562066344E-8,7.079007579912118E-9,1.5556345551049017E-9,9.21160526599181E-9,1.0849934489597792E-5,0.005538416769790215
3,6.6E-6,3,6.6E-6,1.2754902403554398,5.174480988706573E-5,0.05,6.771179366037201E-8,-723.2411335336456,-2259.848143413819,0.7375814677605316,8.073646929856137,17954.281089252163,13335.129790280871,1.4869180663652263E-8,1.0452664567157328E-8,2.460523272029229E-8,7.014678300851308E-9,1.558800269495864E-9,9.2119812755302E-9,1.0989763629190003E-5,0.0054551668444973896
3,6.625000000000001E-6,3,6.625000000000001E-6,1.2803216427810287,5.174480988706573E-5,0.05,6.771179366037201E-8,-961.7322806852986,-2462.429484241071,0.7414529981954886,7.952857124150957,17563.811866306478,12981.372983993035,1.4615104404556805E-8,1.038720393919293E-8,2.4987734517319784E-8,6.948815481535673E-9,1.5618880352459863E-9,9.211800221764675E-9,1.1119765156675214E-5,0.005373552110912809
3,6.650000000000001E-6,3,6.650000000000001E-6,1.2851530452066173,5.174480988706573E-5,0.05,6.771179366037201E-8,-1190.8030500367843,-2607.0839575693212,0.7452667251290469,7.834365984746286,17189.40061903712,12642.70172583367,1.4363144147670444E-8,1.0323451740649681E-8,2.5368379886034398E-8,6.8815866225661E-9,1.5648998535965226E-9,9.211085078807526E-9,1.1130541843956656E-5,0.005293490530233977
3,6.6750000000000005E-6,3,6.6750000000000005E-6,1.2899844476322062,5.174480988706573E-5,0.05,6.771179366037201E-8,-1407.8866245456006,-2755.1559522153007,0.7490237243105521,7.718029213777596,16830.173581707775,12318.286750249647,1.4113108498777353E-8,1.0261345745953183E-8,2.5747122741129415E-8,6.813282646288354E-9,1.567837622742114E-9,9.209850694490163E-9,1.113969912479563E-5,0.0052148846039037815
3,6.7E-6,3,6.7E-6,1.2948158500577949,5.174480988706573E-5,0.05,6.771179366037201E-8,-1615.6034029105585,-2913.0087967488003,0.7527250198103848,7.6037761981085366,16485.31791690841,12007.350328873346,1.3865059085131769E-8,1.0200827115669718E-8,2.6123916870114935E-8,6.743931775905879E-9,1.5707031547825349E-9,9.208113177302273E-9,1.118739430977631E-5,0.005137686620343606
3,6.725000000000001E-6,3,6.725000000000001E-6,1.2996472524833838,5.174480988706573E-5,0.05,6.771179366037201E-8,-1814.9752717504425,-3056.183788022437,0.756371616227343,7.491597687496463,16154.073982895039,11709.160270068574,1.3619264881672671E-8,1.0141839694505493E-8,2.649871896190804E-8,6.6733364101697035E-9,1.573498226204066E-9,9.205895183760795E-9,1.1219579451168467E-5,0.005061890329389502
3,6.750000000000001E-6,3,6.750000000000001E-6,1.3044786549089724,5.174480988706573E-5,0.05,6.771179366037201E-8,-2007.1058028061427,-3211.793295325407,0.7599644988874918,7.381424662203179,15835.731266604442,11423.038396970916,1.3375760617637714E-8,1.0084329864072769E-8,2.6871488490781434E-8,6.601521610397364E-9,1.576224578731707E-9,9.203227105666377E-9,1.1203468027459837E-5,0.00498744909608323
3,6.775E-6,3,6.775E-6,1.3093100573345613,5.174480988706573E-5,0.05,6.771179366037201E-8,-2195.449534891607,-3388.6460011665295,0.7635046032288721,7.273118935902322,15529.627303538276,11148.360164494428,1.3134315807458269E-8,1.0028246890968178E-8,2.7242184360560623E-8,6.5287715429585564E-9,1.5788838720032924E-9,9.20014862136701E-9,1.1186159795437647E-5,0.004914269551285353
3,6.800000000000001E-6,3,6.800000000000001E-6,1.3141414597601502,5.174480988706573E-5,0.05,6.771179366037201E-8,-2379.720655724025,-3533.2852703753338,0.7669928131082093,7.166603484512541,15235.144134761684,10884.537887293136,1.2894909318969415E-8,9.973542803382028E-9,2.761076444532368E-8,6.455154431530064E-9,1.5814776826781813E-9,9.196704056271E-9,1.1210422015330384E-5,0.004842299651697662
3,6.825000000000001E-6,3,6.825000000000001E-6,1.3189728621857388,5.174480988706573E-5,0.05,6.771179366037201E-8,-2555.3436418764823,-3638.071048042653,0.7704299942221071,7.061880801608909,14951.702207779606,10631.013202095231,1.2657793829596984E-8,9.920171733740276E-9,2.7977188885672287E-8,6.3804638265533055E-9,1.5840075549735823E-9,9.192927893669206E-9,1.1224984489952696E-5,0.004771541082168182
3,6.8500000000000005E-6,3,6.8500000000000005E-6,1.3238042646113277,5.174480988706573E-5,0.05,6.771179366037201E-8,-2722.5832278295397,-3768.5692107074083,0.7738169994264111,6.958897036492143,14678.757180331135,10387.26770420799,1.2423006124249855E-8,9.86808973062702E-9,2.8341420541382932E-8,6.304729407146257E-9,1.5864750082043257E-9,9.18883018260211E-9,1.118466665169849E-5,0.004701957457089286
3,6.875E-6,3,6.875E-6,1.3286356670369164,5.174480988706573E-5,0.05,6.771179366037201E-8,-2886.5974220014814,-3928.7423205643317,0.7771546392702026,6.857530097215012,14415.799719478002,10152.823690699515,1.2190328278530525E-8,9.817255109275004E-9,2.8703421685321875E-8,6.228265616074459E-9,1.5888814935721609E-9,9.184396337674725E-9,1.1148132931173074E-5,0.004633466281902035
3,6.900000000000001E-6,3,6.900000000000001E-6,1.3334670694625053,5.174480988706573E-5,0.05,6.771179366037201E-8,-3047.7136910177855,-4057.507765750882,0.7804436822545662,6.757726295628812,14162.352938191094,9927.227975619251,1.1959777535937561E-8,9.767628336712576E-9,2.9063153801562266E-8,6.1511551297512E-9,1.5912283957111285E-9,9.17960559339916E-9,1.1152159188977336E-5,0.004566031280830278
3,6.925000000000001E-6,3,6.925000000000001E-6,1.338298471888094,5.174480988706573E-5,0.05,6.771179366037201E-8,-3202.5459042833436,-4164.087578822006,0.7836848858657314,6.659494766457806,13917.967752610683,9710.048162350913,1.17315834131493E-8,9.719171466298762E-9,2.9420580796840535E-8,6.073242970626233E-9,1.593517079944799E-9,9.17445877024762E-9,1.1236399068928465E-5,0.004499658625985004
3,6.95E-6,3,6.95E-6,1.3431298743136828,5.174480988706573E-5,0.05,6.771179366037201E-8,-3351.8865476239853,-4291.419773147745,0.78687899379245,6.562770847978917,13682.22119287299,9500.884526128628,1.15057038858715E-8,9.671848102346917E-9,2.9775668607649947E-8,5.994594375964285E-9,1.5957488820836264E-9,9.168994718810636E-9,1.1296589760112589E-5,0.004434304627012782
3,6.975000000000001E-6,3,6.975000000000001E-6,1.3479612767392717,5.174480988706573E-5,0.05,6.771179366037201E-8,-3497.9347907840142,-4418.119566746937,0.7900267100882516,6.46745364956479,13454.71648519323,9299.366172074486,1.1281962288486479E-8,9.625623704153413E-9,3.012838219920228E-8,5.915397266016148E-9,1.5979250770106175E-9,9.16327361718866E-9,1.1378987971350667E-5,0.004369901114570804
3,7.000000000000001E-6,3,7.000000000000001E-6,1.3527926791648603,5.174480988706573E-5,0.05,6.771179366037201E-8,-3639.878617336443,-4527.09823547446,0.7931287085481974,6.373517851408174,13235.080579027106,9105.137688869678,1.1060439727662305E-8,9.580465364449428E-9,3.0478686422147904E-8,5.8355997291637024E-9,1.6000468927799546E-9,9.157333908368844E-9,1.1495548383144224E-5,0.0043064309806811986
3,7.0250000000000005E-6,3,7.0250000000000005E-6,1.3576240815904492,5.174480988706573E-5,0.05,6.771179366037201E-8,-3777.513110083415,-4642.473969548929,0.7961856553606617,6.280958687486889,13022.960986540227,8917.861629704235,1.0841279782507895E-8,9.536341409253027E-9,3.0826548438342505E-8,5.755125592748933E-9,1.6021155406111717E-9,9.151167261897969E-9,1.1583875527219365E-5,0.004243891005058708
3,7.05E-6,3,7.05E-6,1.3624554840160379,5.174480988706573E-5,0.05,6.771179366037201E-8,-3912.090486120534,-4760.660144812774,0.7991981985914928,6.1897064813870895,12818.02516361719,8737.226171061058,1.0624393194433749E-8,9.493221491162266E-9,3.1171936448542594E-8,5.674156039315721E-9,1.6041322011817663E-9,9.144743592992982E-9,1.1656865287330152E-5,0.004182234109045331
3,7.075000000000001E-6,3,7.075000000000001E-6,1.3672868864416268,5.174480988706573E-5,0.05,6.771179366037201E-8,-4043.2454035695987,-4864.740403957787,0.8021669540647628,6.099696020064399,12619.960145679523,8562.937902372934,1.040970092920643E-8,9.451076729423418E-9,3.1514817949170866E-8,5.5928384736469114E-9,1.6060980056035895E-9,9.13805812643744E-9,1.17638755907348E-5,0.004121416229773242
3,7.100000000000001E-6,3,7.100000000000001E-6,1.3721182888672154,5.174480988706573E-5,0.05,6.771179366037201E-8,-4170.26718710004,-4965.961113178024,0.8050925193670021,6.010917009768521,12428.470352357128,8394.714897731074,1.0197306045280074E-8,9.40987944941043E-9,3.1855161203395545E-8,5.511091609906535E-9,1.608014055054245E-9,9.13114554251588E-9,1.187747580161491E-5,0.004061430412005757
3,7.125E-6,3,7.125E-6,1.3769496912928043,5.174480988706573E-5,0.05,6.771179366037201E-8,-4293.877726139394,-5071.968960333707,0.807975482188263,5.923339959472238,12243.275951554284,8232.292334667107,9.987238903820394E-9,9.369603013951297E-9,3.219293611899848E-8,5.42889510017293E-9,1.6098814317421567E-9,9.12404937906144E-9,1.1966709650988552E-5,0.004002256729373134
3,7.150000000000001E-6,3,7.150000000000001E-6,1.3817810937183932,5.174480988706573E-5,0.05,6.771179366037201E-8,-4414.787669073053,-5176.195660855693,0.8108164081341545,5.836902499971836,12064.11264521061,8075.423512831005,9.779413290423256E-9,9.330221946452484E-9,3.2528112738121174E-8,5.3463748874875324E-9,1.6117011831884601E-9,9.116786637098891E-9,1.2066175707637404E-5,0.00394385304052151
3,7.175000000000001E-6,3,7.175000000000001E-6,1.3866124961439819,5.174480988706573E-5,0.05,6.771179366037201E-8,-4532.98088177285,-5276.460915649691,0.8136158406747811,5.7515745781790075,11890.730698303798,7923.872658335104,9.573847439000272E-9,9.291711882500316E-9,3.286066111519444E-8,5.26357736057399E-9,1.6134743226557387E-9,9.109346770208043E-9,1.2187385921641383E-5,0.00388619903931014
3,7.2000000000000005E-6,3,7.2000000000000005E-6,1.3914438985695707,5.174480988706573E-5,0.05,6.771179366037201E-8,-4648.146891838926,-5371.045217475605,0.8163743124134148,5.667341963965943,11722.893355861372,7777.415033547918,9.370606757499346E-9,9.254049370219707E-9,3.319055255502178E-8,5.180495101475912E-9,1.6152018439000363E-9,9.101720714322222E-9,1.2297445127082001E-5,0.0038292851107877995
3,7.225E-6,3,7.225E-6,1.3962753009951594,5.174480988706573E-5,0.05,6.771179366037201E-8,-4760.082014243275,-5462.3647048827415,0.819092341044198,5.584157553397416,11560.376302727298,7635.8410169806175,9.169642337784627E-9,9.217211886680295E-9,3.351775905703511E-8,5.097206606537768E-9,1.6168847137206189E-9,9.093922027349744E-9,1.2301678793629476E-5,0.003773079427971227
3,7.250000000000001E-6,3,7.250000000000001E-6,1.4011067034207483,5.174480988706573E-5,0.05,6.771179366037201E-8,-4869.330161340745,-5557.939676239435,0.8217704235979031,5.501982053762829,11402.967252882416,7498.951805192776,8.970927564045691E-9,9.181177876923797E-9,3.3842252533256355E-8,5.013767810434139E-9,1.6185238717829307E-9,9.085977162604854E-9,1.2304483912169417E-5,0.0037175554417316413
3,7.275000000000001E-6,3,7.275000000000001E-6,1.405938105846337,5.174480988706573E-5,0.05,6.771179366037201E-8,-4976.544920401412,-5653.065636371398,0.8244090440074082,5.420800748965222,11250.464793943398,7366.556752651564,8.77451209132163E-9,9.145926614455171E-9,3.4164005630294275E-8,4.93015944880126E-9,1.6201202350652181E-9,9.077903130535193E-9,1.2309378553941668E-5,0.0036627032087602853
3,7.3E-6,3,7.3E-6,1.4107695082719258,5.174480988706573E-5,0.05,6.771179366037201E-8,-5081.255778639899,-5738.0597947882125,0.8270086760527569,5.340586791999861,11102.677585109765,7238.476067796726,8.58040136916891E-9,9.111438129107561E-9,3.4482992019202365E-8,4.84641821984183E-9,1.621674701590027E-9,9.069701895165811E-9,1.2297321625630138E-5,0.0036085045891890953
3,7.325000000000001E-6,3,7.325000000000001E-6,1.4156009106975147,5.174480988706573E-5,0.05,6.771179366037201E-8,-5182.829241354735,-5819.251127720859,0.8295697774055611,5.261300106522028,10959.424108021158,7114.540635220505,8.38855471737071E-9,9.077693255099331E-9,3.4799185597457504E-8,4.7626309768402755E-9,1.6231881451286212E-9,9.06137301923134E-9,1.2288121622306913E-5,0.0035549325044067757
3,7.350000000000001E-6,3,7.350000000000001E-6,1.4204323131231034,5.174480988706573E-5,0.05,6.771179366037201E-8,-5282.0939481345185,-5909.397216402906,0.8320927905424753,5.182917523657717,10820.532049944119,6994.588599826631,8.198982643110518E-9,9.044673587902046E-9,3.511256052085415E-8,4.678822905502842E-9,1.62466141572647E-9,9.052924315998286E-9,1.2283365678740173E-5,0.0035019712997687276
3,7.3750000000000005E-6,3,7.3750000000000005E-6,1.4252637155486922,5.174480988706573E-5,0.05,6.771179366037201E-8,-5380.255241029001,-6002.795865758223,0.8345781477135205,5.105420268231997,10685.83751177663,6878.465795028476,8.01170587815258E-9,9.01236139066747E-9,3.5423091749059596E-8,4.595000201481525E-9,1.6260953463476685E-9,9.044369767387758E-9,1.2267770201910697E-5,0.003449608289345944
3,7.4E-6,3,7.4E-6,1.430095117974281,5.174480988706573E-5,0.05,6.771179366037201E-8,-5476.541775331691,-6080.175289044042,0.83702626897698,5.02877670392875,10555.184642513585,6766.026980284874,7.826701306762415E-9,8.980739593917628E-9,3.5730754740328155E-8,4.511214699642677E-9,1.6274907504671124E-9,9.035721885649518E-9,1.2247739288200709E-5,0.0033978220972491553
3,7.425000000000001E-6,3,7.425000000000001E-6,1.4349265203998698,5.174480988706573E-5,0.05,6.771179366037201E-8,-5569.237428244438,-6145.850458772406,0.8394375604851974,4.9529605808036,10428.42528178441,6657.133790452568,7.643960161848393E-9,8.949791792343038E-9,3.603552517036436E-8,4.427508419411022E-9,1.6288484205440508E-9,9.026987895096551E-9,1.22312405361854E-5,0.0033465949870294595
3,7.450000000000001E-6,3,7.450000000000001E-6,1.4397579228254584,5.174480988706573E-5,0.05,6.771179366037201E-8,-5659.204990686391,-6227.788195209293,0.8418124179059744,4.877954864942207,10305.418359495792,6551.653818385872,7.463499377845505E-9,8.919502176750132E-9,3.6337379299555863E-8,4.3438989942055386E-9,1.6301691321035532E-9,9.018171418237407E-9,1.2209665130639604E-5,0.0032959154492852747
3,7.4750000000000004E-6,3,7.4750000000000004E-6,1.4445893252510473,5.174480988706573E-5,0.05,6.771179366037201E-8,-5748.842388776477,-6321.5354827096335,0.8441512271693161,4.803736456947017,10186.029473661902,6449.461618117922,7.285314252237589E-9,8.88985550263815E-9,3.6636294013072755E-8,4.2604239379093906E-9,1.631453644800869E-9,9.009277152881321E-9,1.2181676536342736E-5,0.003245767876315552
3,7.500000000000001E-6,3,7.500000000000001E-6,1.4494207276766362,5.174480988706573E-5,0.05,6.771179366037201E-8,-5837.410367554097,-6392.752945248954,0.8464543628166376,4.730281135313723,10070.13061555589,6350.437973561511,7.1093942944657995E-9,8.860837090308606E-9,3.693224655602239E-8,4.177121560253838E-9,1.6327027007643101E-9,9.000314445828695E-9,1.2154267774358087E-5,0.003196135902239002
3,7.525000000000001E-6,3,7.525000000000001E-6,1.4542521301022249,5.174480988706573E-5,0.05,6.771179366037201E-8,-5922.476030362108,-6450.190063908551,0.848722189073361,4.657570407140013,9957.599776185762,6254.468894254755,6.93574402070001E-9,8.83243279123269E-9,3.722521461541044E-8,4.094011288416413E-9,1.6339170260299653E-9,8.99129484366606E-9,1.2123812399359606E-5,0.0031470070318513604
3,7.5500000000000006E-6,3,7.5500000000000006E-6,1.4590835325278138,5.174480988706573E-5,0.05,6.771179366037201E-8,-6005.121154836382,-6529.313242705852,0.850955060371108,4.58558237386567,9848.320605167808,6161.446122475125,6.764355423684283E-9,8.804628962703491E-9,3.7515176335794345E-8,4.011128618111576E-9,1.635097331313732E-9,8.98222542723417E-9,1.2087088900506529E-5,0.003098366468828155
3,7.575E-6,3,7.575E-6,1.4639149349534024,5.174480988706573E-5,0.05,6.771179366037201E-8,-6087.604048989973,-6613.732527525622,0.8531533205437665,4.514294929294049,9742.182154749182,6071.2665886203995,6.59521796827951E-9,8.777412459987916E-9,3.780211016438432E-8,3.928522366301691E-9,1.6362443140383502E-9,8.973108262071063E-9,1.213783665160045E-5,0.0030501992765500333
3,7.600000000000001E-6,3,7.600000000000001E-6,1.4687463373789913,5.174480988706573E-5,0.05,6.771179366037201E-8,-6168.572352468065,-6673.664675878662,0.855317303399256,4.443688704279605,9639.078573708359,5983.831849639163,6.428327342376865E-9,8.75077061210419E-9,3.808599487476411E-8,3.8462202413203E-9,1.637358651879409E-9,8.963948315348063E-9,1.2204335112791817E-5,0.00300249236775649
3,7.625000000000001E-6,3,7.625000000000001E-6,1.47357773980458,5.174480988706573E-5,0.05,6.771179366037201E-8,-6246.496964472399,-6733.360202102869,0.8574473348907098,4.373750482635279,9538.908745640188,5899.0474396527725,6.263695065450889E-9,8.724691179121501E-9,3.836680980517478E-8,3.764230710980271E-9,1.638441011099624E-9,8.954756431038093E-9,1.2265846882091295E-5,0.0029552368125914043
3,7.650000000000001E-6,3,7.650000000000001E-6,1.478409142230169,5.174480988706573E-5,0.05,6.771179366037201E-8,-6323.12714523018,-6811.749845923198,0.8595437339070809,4.304464415983705,9441.576014330356,5816.823402731587,6.1013228589823285E-9,8.699162327843981E-9,3.86445349226695E-8,3.682575054365023E-9,1.6394920474663763E-9,8.945541177194006E-9,1.2327662643146828E-5,0.0029084219026916922
3,7.675E-6,3,7.675E-6,1.4832405446557575,5.174480988706573E-5,0.05,6.771179366037201E-8,-6399.299052676637,-6880.779511084986,0.8616068105744074,4.235810010826746,9346.98803934179,5737.074325642329,5.9411975016761295E-9,8.674172638547132E-9,3.891915055875113E-8,3.6012949496956993E-9,1.6405124028020078E-9,8.93630450386189E-9,1.2389200117474906E-5,0.0028620337910991523
3,7.7E-6,3,7.7E-6,1.4880719470813464,5.174480988706573E-5,0.05,6.771179366037201E-8,-6473.254001042946,-6933.481004955052,0.8636368646056564,4.167764652060019,9255.056656714709,5659.718967482469,5.783298650594315E-9,8.649711111118497E-9,3.9190637145757334E-8,3.5204372543694396E-9,1.6415027046258709E-9,8.9270498871682E-9,1.2451202605349811E-5,0.0028160571973378508
3,7.725000000000001E-6,3,7.725000000000001E-6,1.4929033495069353,5.174480988706573E-5,0.05,6.771179366037201E-8,-6544.858433346594,-6996.086300750309,0.8656341858779318,4.100310136256181,9165.69764782767,5584.679452014572,5.627617265802094E-9,8.625767144591301E-9,3.945897524790311E-8,3.440030804412187E-9,1.642463566436528E-9,8.917787144411783E-9,1.2516478137261939E-5,0.0027704798217947166
3,7.75E-6,3,7.75E-6,1.497734751932524,5.174480988706573E-5,0.05,6.771179366037201E-8,-6615.795457132613,-7067.745454041796,0.867599057657511,4.0334372842982615,9078.830405813682,5511.880547251382,5.474167664535027E-9,8.602330486013977E-9,3.972414595355242E-8,3.360081664559042E-9,1.6433955913797982E-9,8.908524356995141E-9,1.2583578389037632E-5,0.0027252954623636903
3,7.775000000000001E-6,3,7.775000000000001E-6,1.5025661543581128,5.174480988706573E-5,0.05,6.771179366037201E-8,-6686.014574397742,-7128.298359877677,0.8695317587852317,3.9671371052229345,8994.377668127303,5441.250206997596,5.3229625829657195E-9,8.579391193343918E-9,3.998613113868417E-8,3.2806025699167766E-9,1.644299374240956E-9,8.89926326163292E-9,1.2648615051296827E-5,0.0026804980440695504
3,7.8E-6,3,7.8E-6,1.5073975567837015,5.174480988706573E-5,0.05,6.771179366037201E-8,-6754.236666663663,-7180.5851511804485,0.8714325614322113,3.9013910517921038,8912.26545556669,5372.7203700324235,5.173987371696012E-9,8.55693965177687E-9,4.0244913134201454E-8,3.2016315786305804E-9,1.645175499490782E-9,8.890007172615132E-9,1.2711936758666006E-5,0.0026360750349946646
3,7.825E-6,3,7.825E-6,1.5122289592092903,5.174480988706573E-5,0.05,6.771179366037201E-8,-6820.531940605562,-7238.165593460832,0.8733017279389487,3.836176844305779,8832.42305248603,5306.2264077411755,5.027216822666727E-9,8.53496660050836E-9,4.05004742601507E-8,3.1232116911701862E-9,1.646024538496851E-9,8.880764930086461E-9,1.277743005318357E-5,0.0025920113812876885
3,7.850000000000001E-6,3,7.850000000000001E-6,1.5170603616348792,5.174480988706573E-5,0.05,6.771179366037201E-8,-6885.830414442977,-7299.590084143991,0.8751395117523875,3.7714798398550737,8754.78281467582,5241.705933340376,4.882645343845571E-9,8.513463111082204E-9,4.0752796913528556E-8,3.0453676799707027E-9,1.6468470507075122E-9,8.871543373065267E-9,1.2845795108625488E-5,0.0025482971890912662
3,7.875E-6,3,7.875E-6,1.5218917640604677,5.174480988706573E-5,0.05,6.771179366037201E-8,-6950.191462971408,-7355.9742775209525,0.8769461609054601,3.7072923400144924,8679.279882800678,5179.098602307391,4.740284148322569E-9,8.492420536980963E-9,4.1001864011432366E-8,2.968111435064506E-9,1.6476435869792956E-9,8.862344404236E-9,1.2914480571460383E-5,0.002504927256766549
3,7.9E-6,3,7.9E-6,1.5267231664860568,5.174480988706573E-5,0.05,6.771179366037201E-8,-7013.100552643507,-7408.302389761652,0.8787219190430121,3.643603991594189,8605.85201383855,5118.346802767212,4.600136014512459E-9,8.471830493130437E-9,4.124765910628389E-8,2.8914604711910608E-9,1.648414690576498E-9,8.85317190651933E-9,1.298181297730345E-5,0.002461894588914993
3,7.925000000000001E-6,3,7.925000000000001E-6,1.5315545689116457,5.174480988706573E-5,0.05,6.771179366037201E-8,-7074.655233293287,-7463.13006614979,0.8804670235268557,3.5803991180764876,8534.439540867532,5059.395843465244,4.4621891266414365E-9,8.451684869725255E-9,4.149016609813252E-8,2.8154427642138097E-9,1.6491608955933626E-9,8.844033495083212E-9,1.3049263205337245E-5,0.002419188593294924
3,7.95E-6,3,7.95E-6,1.536385971337234,5.174480988706573E-5,0.05,6.771179366037201E-8,-7135.226107801265,-7517.981971052101,0.882181704241273,3.517662363940881,8464.985306203736,5002.193386927654,4.326431907707628E-9,8.431975837791789E-9,4.1729369039087875E-8,2.7400879597611394E-9,1.6498827261042432E-9,8.834934434445427E-9,1.3118017971146536E-5,0.0023767988945546494
3,7.975E-6,3,7.975E-6,1.541217373762823,5.174480988706573E-5,0.05,6.771179366037201E-8,-7194.601536893529,-7567.886466530402,0.883866184307098,3.4553810922130794,8397.434521743138,4946.689107182223,4.192858896550403E-9,8.41269583295658E-9,4.196525220230079E-8,2.665421859451091E-9,1.6505806969772278E-9,8.825877110165748E-9,1.3187333868322714E-5,0.0023347169541980267
3,8.000000000000001E-6,3,8.000000000000001E-6,1.546048776188412,5.174480988706573E-5,0.05,6.771179366037201E-8,-7252.521465754945,-7616.663353462605,0.8855206805710348,3.393542018024948,8331.734645895003,4892.834868454481,4.061462341884675E-9,8.39383754232591E-9,4.219780012222162E-8,2.591465256261596E-9,1.6512553116490434E-9,8.816866076661778E-9,1.3188110731474447E-5,0.0022929337959628027
