% Model,worst_gas_time_configured.mph
% Version,COMSOL 6.4.0.429
% Date,"Oct 8 2026, 22:17"
% Table,Table - 
% gasCase,Time (s),gasCase,t (s),t/taucG (1),acG (m),betacG (1),E0cG (J),DP*cG.pdet (Pa),cG.idcG(cG.pAc)/cG.idcG(1) (J/m^3),cG.r1 (1),cG.U1 (m/s),cG.pg1 (Pa),cG.pB1 (N/m^2),cG.En (J),cG.Ei (J),cG.Ep (N*m),cG.Ea (J),E0cG*cG.ediss (J),E0cG*cG.erout (J),(cG.En+cG.Ei+cG.Ep+cG.Ea+E0cG*(cG.ediss+cG.erout)-E0cG)/E0cG (1),abs(cG.U1)/cL (1)
3,0,3,0,0,5.174480988706573E-5,0.05,6.771179366037201E-8,-3.417542110185115E-26,-3.263512640665603E-19,1,-8.920601381182525E-8,5000,2217.1122097567013,3.668685309122016E-24,7.254358421885699E-9,6.04574352384863E-8,2.1252427345957374E-35,1.940422018141083E-34,8.314969688713125E-61,-1.9545915246658272E-16,6.027433365663868E-11
3,1.2500000000000001E-8,3,1.2500000000000001E-8,0.0024157012127943934,5.174480988706573E-5,0.05,6.771179366037201E-8,-1.2223999713504871E-10,-3.1864182133630847E-9,0.9999949756197786,-0.041644567463326565,5000.105513363008,2220.422976669986,7.995291411329251E-13,7.254402160513404E-9,6.04565361314191E-8,5.6412482665193116E-14,1.6365593951189446E-17,1.0601867634042506E-36,8.706753356313749E-9,2.8138221259004435E-5
3,2.5000000000000002E-8,3,2.5000000000000002E-8,0.004831402425588787,5.174480988706573E-5,0.05,6.771179366037201E-8,-2.3408638094154517E-9,-5.506094680356854E-8,0.9999804739370518,-0.07846776204840801,5000.410068139938,2223.533798914224,2.838486406994601E-12,7.254528404407729E-9,6.045394112194403E-8,4.839441954744931E-13,1.3310901938969287E-16,3.0948717417507E-35,-2.319106738181841E-8,5.3018758140816225E-5
3,3.7500000000000005E-8,3,3.7500000000000005E-8,0.007247103638383181,5.174480988706573E-5,0.05,6.771179366037201E-8,-2.5364547096714388E-8,-5.525899532136681E-7,0.9999575122275128,-0.11166564803194598,5000.8923417953965,2226.5186946240437,5.748074750959872E-12,7.254728305008938E-9,6.044983238140212E-8,1.4836655103709368E-12,4.2778915532022694E-16,3.1802293202696283E-34,-1.190206954329441E-8,7.544976218374728E-5
3,5.0000000000000004E-8,3,5.0000000000000004E-8,0.009662804851177573,5.174480988706573E-5,0.05,6.771179366037201E-8,-2.037838432858679E-7,-4.1763391119280765E-6,0.9999268524374731,-0.14219786365779363,5001.5363909981315,2229.43806327747,9.320543715621128E-12,7.254995239488903E-9,6.044434644584514E-8,3.128207875811544E-12,9.515790756923778E-16,2.114897128283126E-33,-3.35520200824931E-8,9.607963760661732E-5
3,6.250000000000001E-8,3,6.250000000000001E-8,0.01207850606397197,5.174480988706573E-5,0.05,6.771179366037201E-8,-1.3412852457993807E-6,-2.608420336337816E-5,0.9998890393451143,-0.1708781414551558,5002.330846156564,2232.3449866461324,1.3458400339481155E-11,7.255324477832405E-9,6.043758103175297E-8,5.426561163469637E-12,1.7486214826469517E-15,1.2982276542679287E-32,-2.127638509782151E-8,1.1545820368591609E-4
3,7.500000000000001E-8,3,7.500000000000001E-8,0.014494207276766362,5.174480988706573E-5,0.05,6.771179366037201E-8,-7.573671528370166E-6,-1.4029226772484916E-4,0.999844466618638,-0.1981608691837396,5003.267522241822,2235.267527168335,1.809736425692046E-11,7.2557126074416245E-9,6.042960685074992E-8,8.371129447140182E-12,2.8555829350590163E-15,8.598383810588106E-32,-4.2132888948956516E-8,1.3389247917820242E-4
3,8.750000000000001E-8,3,8.750000000000001E-8,0.016909908489560754,5.174480988706573E-5,0.05,6.771179366037201E-8,-3.758436347468671E-5,-6.636562676962869E-4,0.9997934244092967,-0.22443456012611973,5004.340418371574,2238.2305493031486,2.321197910129227E-11,7.2561571186578265E-9,6.042047612319943E-8,1.1942038276435581E-11,4.3071743307228105E-15,7.367632523180462E-31,-3.092463782728545E-8,1.51644973058189E-4
3,1.0000000000000001E-7,3,1.0000000000000001E-7,0.019325609702355147,5.174480988706573E-5,0.05,6.771179366037201E-8,-1.6637456743150164E-4,-0.002798914742106855,0.9997361190920875,-0.25001230228019383,5005.545303109659,2241.2546231347687,2.8800689432817025E-11,7.256656232887158E-9,6.04102261102648E-8,1.610142591733687E-11,6.136575375208496E-15,4.292913594720374E-30,-4.5269728643997985E-8,1.6892723127040124E-4
3,1.1250000000000001E-7,3,1.1250000000000001E-7,0.021741310915149543,5.174480988706573E-5,0.05,6.771179366037201E-8,-6.641048515203972E-4,-0.010633225950454293,0.9996727006612096,-0.2750447288889101,5006.879139090516,2244.3487959214563,3.4852070546290485E-11,7.2572086641029335E-9,6.039888401602368E-8,2.083755045684392E-11,8.376930939567878E-15,2.0548591356950563E-29,-4.404419330788048E-8,1.8584103303304734E-4
3,1.2500000000000002E-7,3,1.2500000000000002E-7,0.02415701212794394,5.174480988706573E-5,0.05,6.771179366037201E-8,-0.002411598450472591,-0.03671278699616724,0.9996032785793704,-0.2997153756437736,5008.339750262443,2247.5254084214575,4.1378645302252956E-11,7.257813480885928E-9,6.03864698238787E-8,2.611736810901143E-11,1.1061273026825536E-14,2.2785480512168363E-28,-4.8454234180714876E-8,2.0251038894849568E-4
3,1.375E-7,3,1.375E-7,0.026572713340738328,5.174480988706573E-5,0.05,6.771179366037201E-8,-0.008036487640538556,-0.1163113253131799,0.9995279307054397,-0.32410528625512053,5009.925634644942,2250.7894630982487,4.837949087471728E-11,7.258470028747028E-9,6.037299789484867E-8,3.1928286633354054E-11,1.422316252119311E-14,2.0236769670275603E-27,-5.517658770977503E-8,2.1899005828048684E-4
3,1.5000000000000002E-7,3,1.5000000000000002E-7,0.028988414553532724,5.174480988706573E-5,0.05,6.771179366037201E-8,-0.024831072165925734,-0.3424451577489666,0.9994467151926278,-0.34829334543844803,5011.635714460669,2254.1461652709577,5.5860505955063694E-11,7.259177826547781E-9,6.035847909663711E-8,3.825453623996633E-11,1.7896337281006014E-14,9.880862612953698E-27,-5.6100342714686844E-8,2.3533334151246488E-4
3,1.625E-7,3,1.625E-7,0.031404115766327116,5.174480988706573E-5,0.05,6.771179366037201E-8,-0.0720271017343622,-0.9516420478232165,0.9993596736017138,-0.37234008489801024,5013.469271000941,2257.599614399566,6.38284333274073E-11,7.259936539439522E-9,6.034292136143536E-8,4.5080939658083247E-11,2.211501345120596E-14,8.346566330167976E-26,-6.308351850047162E-8,2.515811384446015E-4
3,1.7500000000000002E-7,3,1.7500000000000002E-7,0.03381981697912151,5.174480988706573E-5,0.05,6.771179366037201E-8,-0.19862256790866475,-2.531153186955549,0.9992668341362335,-0.3962943184592254,5015.425876925361,2261.153258426045,7.229113438731756E-11,7.260745950739824E-9,6.032633026552683E-8,5.239500616788844E-11,2.6913944639348942E-14,4.7145748769766385E-25,-6.482778366315681E-8,2.6776643139136855E-4
3,1.875E-7,3,1.875E-7,0.0362355181919159,5.174480988706573E-5,0.05,6.771179366037201E-8,-0.5253017421678573,-6.483533498898912,0.9991682148645932,-0.42019185284664706,5017.505328790075,2264.8097353669195,8.125573622120281E-11,7.261605933914502E-9,6.030870960639514E-8,6.018524903859484E-11,3.2328440573028817E-14,2.3083550369076877E-24,-7.098264206624125E-8,2.839134140855723E-4
3,2.0000000000000002E-7,3,2.0000000000000002E-7,0.038651219404710294,5.174480988706573E-5,0.05,6.771179366037201E-8,-1.3353434722827198,-15.940538245180973,0.9990638288687123,-0.44403804763896504,5019.7075388305075,2268.5694296220054,9.072004491831641E-11,7.262516407738046E-9,6.029006232364601E-8,6.845137547006238E-11,3.8394014076514564E-14,1.410840027355487E-23,-7.553463299850382E-8,3.0002570786416555E-4
3,2.1250000000000003E-7,3,2.1250000000000003E-7,0.04106692061750469,5.174480988706573E-5,0.05,6.771179366037201E-8,-3.2530839647018333,-37.34629010222925,0.9989536871708231,-0.46784408541314726,5022.032473382972,2272.4332240591675,1.0068481608193246E-10,7.263477310792077E-9,6.02703910222611E-8,7.718996726756243E-11,4.514616112446477E-14,6.064761606736437E-23,-7.971740022354295E-8,3.161108685223968E-4
3,2.2500000000000002E-7,3,2.2500000000000002E-7,0.043482621830299086,5.174480988706573E-5,0.05,6.771179366037201E-8,-7.5758486419570845,-83.2855069606033,0.9988377983849281,-0.4916191297309556,5024.480160331688,2276.40189989349,1.1115083932897654E-10,7.264488604518848E-9,6.02496979105065E-8,8.639794410332248E-11,5.2620450433069385E-14,2.6154039614515058E-22,-8.479266853501449E-8,3.321750876560511E-4
3,2.3750000000000003E-7,3,2.3750000000000003E-7,0.04589832304309348,5.174480988706573E-5,0.05,6.771179366037201E-8,-16.94050767661694,-179.1406659679724,0.9987161692949185,-0.5153689637856902,5027.050677015132,2280.4760207858435,1.2211806879568316E-10,7.265550268193639E-9,6.022798490339955E-8,9.607353374281619E-11,6.085250966829928E-14,1.1302498312962645E-21,-8.910898987158759E-8,3.4822227282816905E-4
3,2.5000000000000004E-7,3,2.5000000000000004E-7,0.04831402425588788,5.174480988706573E-5,0.05,6.771179366037201E-8,-36.84919174746717,-380.4241150352049,0.9985888039575888,-0.5391102697323304,5029.74416931428,2284.657054740492,1.335923294448213E-10,7.26666230677389E-9,6.020525346285704E-8,1.062093915351892E-10,6.98781971108719E-14,4.02396913268391E-21,-9.291675190313248E-8,3.6426369576508815E-4
3,2.6250000000000003E-7,3,2.6250000000000003E-7,0.05072972546868226,5.174480988706573E-5,0.05,6.771179366037201E-8,-78.9610338510283,-805.2240231836965,0.9984557037012141,-0.5628493555954069,5032.560851880748,2288.9457279302324,1.4557549173777218E-10,7.267824750942747E-9,6.018150459792325E-8,1.168024303601759E-10,7.973366938738628E-14,1.4751089197541374E-20,-9.829489902624656E-8,3.8030361864554524E-4
3,2.75E-7,3,2.75E-7,0.053145426681476655,5.174480988706573E-5,0.05,6.771179366037201E-8,-166.0703424303899,-1653.4275348434815,0.9983168654812435,-0.5866153671563271,5035.5010431974,2293.3446264616887,1.5808224316859936E-10,7.269037671512115E-9,6.015673857206209E-8,1.2783798204351418E-10,9.045570593411204E-14,5.061317877811431E-20,-9.947793118328275E-8,3.9636173456508586E-4
3,2.875E-7,3,2.875E-7,0.05556112789427105,5.174480988706573E-5,0.05,6.771179366037201E-8,-334.3125067259586,-3125.1531317061113,0.9981722786491705,-0.6104428069705511,5038.5652344666505,2297.8569039278796,1.7113276119150264E-10,7.2703012077273045E-9,6.013095432809472E-8,1.3929623567312257E-10,1.0208233605649751E-13,1.6438771826499956E-19,-1.0404664442787545E-7,4.124613560611832E-4
3,3.0000000000000004E-7,3,3.0000000000000004E-7,0.05797682910706545,5.174480988706573E-5,0.05,6.771179366037201E-8,-622.901571301992,-5176.986514012621,0.99802193306526,-0.6342938085203593,5041.753918178992,2302.4801124198184,1.847080331470983E-10,7.2716154964533725E-9,6.010415093636175E-8,1.5119685331746615E-10,1.1465167280783903E-13,5.029746980149367E-19,-1.1355357940826944E-7,4.2857689764889143E-4
3,3.125E-7,3,3.125E-7,0.06039253031985984,5.174480988706573E-5,0.05,6.771179366037201E-8,-1047.010663020021,-7296.045001736947,0.9978658315934303,-0.6580974830769527,5045.067322864525,2307.2090154402044,1.9876577475377733E-10,7.272980562900616E-9,6.007632982132436E-8,1.6358115735034362E-10,1.2819973542539634E-13,1.3075841647697432E-18,-1.2025969868650317E-7,4.446604615384816E-4
3,3.25E-7,3,3.25E-7,0.06280823153265423,5.174480988706573E-5,0.05,6.771179366037201E-8,-1572.105488381495,-8705.550141381034,0.9977039873611955,-0.6818389410553501,5048.5054702794705,2312.0425326687664,2.132925694891113E-10,7.274396344411415E-9,6.004749426992198E-8,1.764593911296402E-10,1.427606105639622E-13,3.792092566079664E-18,-1.228887431263434E-7,4.607019871995609E-4
3,3.3750000000000005E-7,3,3.3750000000000005E-7,0.06522393274544863,5.174480988706573E-5,0.05,6.771179366037201E-8,-2124.3922447133086,-9065.763037125505,0.9975364085718443,-0.7055740530452385,5052.068497550224,2316.9851676252324,2.2831948681275365E-10,7.27586282322881E-9,6.001764672379568E-8,1.8979793194994337E-10,1.583690168180507E-13,9.88104310223142E-18,-1.228100235163607E-7,4.767392250305665E-4
3,3.5000000000000004E-7,3,3.5000000000000004E-7,0.06763963395824302,5.174480988706573E-5,0.05,6.771179366037201E-8,-2642.722161967171,-8902.206528676437,0.9973630876618484,-0.7293781803523942,5055.756888459414,2322.043240227895,2.438954089990524E-10,7.277380121506266E-9,5.998678685030094E-8,2.0354779636422425E-10,1.7506251549633908E-13,2.080990130928718E-17,-1.2405336909045096E-7,4.928230948326987E-4
3,3.625E-7,3,3.625E-7,0.07005533517103742,5.174480988706573E-5,0.05,6.771179366037201E-8,-3120.080093806705,-9010.509945336253,0.9971840069326395,-0.7532608393941755,5059.571355003795,2327.218170183421,2.600302221170343E-10,7.278948452245353E-9,5.995491254949802E-8,2.1770054605563573E-10,1.9288078808305745E-13,5.845733971201707E-17,-1.321957380532005E-7,5.089600266176862E-4
3,3.75E-7,3,3.75E-7,0.0724710363838318,5.174480988706573E-5,0.05,6.771179366037201E-8,-3583.735963792157,-9497.262214184519,0.9969991558376566,-0.7771529654535156,5063.51246980035,2332.5051648904837,2.766786491503943E-10,7.280567968004723E-9,5.992202303279677E-8,2.3230237910463382E-10,2.1186234625148637E-13,1.4373843306645546E-16,-1.4214999009967614E-7,5.251033550361592E-4
3,3.8750000000000005E-7,3,3.8750000000000005E-7,0.0748867375966262,5.174480988706573E-5,0.05,6.771179366037201E-8,-4043.753651702995,-9848.214807945487,0.9968085350212379,-0.8010292170107327,5067.580579269741,2337.9026225609955,2.9382148378658164E-10,7.28223872538634E-9,5.988811953909816E-8,2.4737198299398656E-10,2.3204349748479386E-13,2.32952537270893E-16,-1.4255503189204822E-7,5.412359574396842E-4
3,4.0000000000000003E-7,3,4.0000000000000003E-7,0.07730243880942059,5.174480988706573E-5,0.05,6.771179366037201E-8,-4482.479591637201,-9853.16293923914,0.9966121426797491,-0.8249357370452475,5071.776094062986,2343.4145416006886,3.114912764329872E-10,7.283960804459877E-9,5.985320290672195E-8,2.628750170351351E-10,2.53461028150147E-13,4.828247838519848E-16,-1.434295063672261E-7,5.573890115170592E-4
3,4.125E-7,3,4.125E-7,0.07971814002221499,5.174480988706573E-5,0.05,6.771179366037201E-8,-4887.385000383712,-9825.798076519155,0.996409971717983,-0.848871774605409,5076.099550244078,2349.0413956165985,3.296880910081414E-10,7.285734333766758E-9,5.981727306896711E-8,2.7881050901727E-10,2.761528996207421E-13,1.1466831889600436E-15,-1.529723163113821E-7,5.735620098685195E-4
3,4.2500000000000006E-7,3,4.2500000000000006E-7,0.08213384123500939,5.174480988706573E-5,0.05,6.771179366037201E-8,-5264.469227486089,-9926.910188928237,0.9962020217107579,-0.872782099770831,5080.551353773641,2354.7793184845405,3.483683980495121E-10,7.287559385431219E-9,5.978033118056529E-8,2.952219682117134E-10,3.0015562636205376E-13,1.7142468633910028E-15,-1.6035967250105407E-7,5.897176349802912E-4
3,4.3750000000000005E-7,3,4.3750000000000005E-7,0.08454954244780377,5.174480988706573E-5,0.05,6.771179366037201E-8,-5618.617868337099,-9975.805525526544,0.9959882991767623,-0.8966631889437215,5085.131773959804,2360.6283354293787,3.675262686987039E-10,7.289435972631574E-9,5.974237966389912E-8,3.121127689205735E-10,3.255040411143437E-13,2.700886814988962E-15,-1.5922328334794842E-7,6.058535060430551E-4
3,4.5000000000000003E-7,3,4.5000000000000003E-7,0.08696524366059817,5.174480988706573E-5,0.05,6.771179366037201E-8,-5946.740605995744,-9945.25143588981,0.995768804483642,-0.9205700846133067,5089.841223806199,2366.593144238464,3.872047023390111E-10,7.291364164522024E-9,5.970341988248482E-8,3.2943479251789447E-10,3.522343013784509E-13,7.145164594103763E-15,-1.5859928840844243E-7,6.220068139279099E-4
3,4.625E-7,3,4.625E-7,0.08938094487339256,5.174480988706573E-5,0.05,6.771179366037201E-8,-6250.867946235952,-9995.170463415061,0.995543528771328,-0.9445252590610108,5094.680326950448,2372.676102342534,4.074232795766312E-10,7.293344113414119E-9,5.966345159749952E-8,3.4716917921286327E-10,3.803848125508516E-13,1.3949870453069323E-14,-1.6475690962664698E-7,6.381927426087911E-4
3,4.7500000000000006E-7,3,4.7500000000000006E-7,0.09179664608618696,5.174480988706573E-5,0.05,6.771179366037201E-8,-6536.790427271093,-10073.660394601266,0.9953124623395594,-0.9685126699200459,5099.64973844449,2378.8766061850106,4.2816941372823096E-10,7.295375981216548E-9,5.962247445857862E-8,3.6533545857375476E-10,4.0999431594749287E-13,1.7053457427567056E-14,-1.6689118499104296E-7,6.544004526486797E-4
3,4.875E-7,3,4.875E-7,0.09421234729898134,5.174480988706573E-5,0.05,6.771179366037201E-8,-6802.431216229944,-10031.5210489496,0.9950755971551271,-0.992533958049791,5104.750090988378,2385.19540658298,4.4944511315776785E-10,7.297459917407494E-9,5.958048844862693E-8,3.839282479536381E-10,4.4110125019738665E-13,1.95954345804235E-14,-1.6594659228134583E-7,6.706310527363453E-4
3,5.000000000000001E-7,3,5.000000000000001E-7,0.09662804851177575,5.174480988706573E-5,0.05,6.771179366037201E-8,-7044.117887756888,-9968.659170235045,0.994832923532227,-1.0166016064569021,5109.9820664703,2391.634141212031,4.712625340618756E-10,7.299596088243498E-9,5.953749329525371E-8,4.029259846942451E-10,4.737445977228732E-13,3.0477242116231174E-14,-1.703732573460158E-7,6.868929773357447E-4
3,5.125000000000001E-7,3,5.125000000000001E-7,0.09904374972457014,5.174480988706573E-5,0.05,6.771179366037201E-8,-7267.831605008523,-10038.209310263252,0.9945844304993855,-1.0407139280130546,5115.346388415604,2398.193385081445,4.936214176455769E-10,7.30178467358394E-9,5.949348853657604E-8,4.223376431258079E-10,5.079638255328918E-13,4.172538448228185E-14,-1.7279457522606237E-7,7.031850864953072E-4
3,5.250000000000001E-7,3,5.250000000000001E-7,0.10145945093736453,5.174480988706573E-5,0.05,6.771179366037201E-8,-7481.167274866638,-10143.66099749983,0.9943301105462679,-1.0648440451979198,5120.843719655337,2404.8717030682046,5.164968819558743E-10,7.304025825099928E-9,5.9448474361910374E-8,4.4219807255639855E-10,5.437975801580953E-13,4.340974346503079E-14,-1.6705399777402797E-7,7.194892197283242E-4
3,5.375E-7,3,5.375E-7,0.10387515215015893,5.174480988706573E-5,0.05,6.771179366037201E-8,-7681.79964153663,-10129.878589719607,0.9940699643747234,-1.088950624677622,5126.474559081071,2411.666391824931,5.398473696627508E-10,7.30631962430382E-9,5.940245245065073E-8,4.625063969103615E-10,5.812822294839876E-13,7.628430548698199E-14,-1.514109850832143E-7,7.357774491065013E-4
3,5.5E-7,3,5.5E-7,0.10629085336295331,5.174480988706573E-5,0.05,6.771179366037201E-8,-7863.08752528972,-10031.660157223421,0.993803997931449,-1.1130308584961424,5132.239304916657,2418.577654409521,5.636667741992604E-10,7.308666108540168E-9,5.935542544400983E-8,4.831563668644656E-10,6.204525253517581E-13,2.499571671262071E-13,-1.263748212211869E-7,7.520478773622583E-4
3,5.625E-7,3,5.625E-7,0.1087065545757477,5.174480988706573E-5,0.05,6.771179366037201E-8,-8024.766713943373,-9972.285480529756,0.993532211954051,-1.1371309147289963,5138.13848106898,2425.6096151104393,5.879993613975883E-10,7.311065363166539E-9,5.9307395095524054E-8,5.039648008478941E-10,6.613446111028688E-13,7.007256028138363E-13,-1.0292478824913317E-7,7.683316991412137E-4
3,5.75E-7,3,5.75E-7,0.1111222557885421,5.174480988706573E-5,0.05,6.771179366037201E-8,-8173.4467647391675,-10010.84868163253,0.9932545969404839,-1.1612901569789442,5144.17284743562,2432.7660800922954,6.128861021148779E-10,7.31351756614586E-9,5.925836138514526E-8,5.24784614048527E-10,7.039976988806017E-13,1.5339948060614648E-12,-8.861694881953432E-8,7.846555114722596E-4
3,5.875000000000001E-7,3,5.875000000000001E-7,0.11353795700133651,5.174480988706573E-5,0.05,6.771179366037201E-8,-8316.369825506716,-10117.953160970112,0.9929711386231913,-1.1855087700692126,5150.343282405809,2440.047913988161,6.383290848995444E-10,7.3160229399397755E-9,5.920832349032508E-8,5.455707520321792E-10,7.484544576605091E-13,2.793468095281722E-12,-8.079275706083174E-8,8.010194392359545E-4
3,6.000000000000001E-7,3,6.000000000000001E-7,0.1159536582141309,5.174480988706573E-5,0.05,6.771179366037201E-8,-8454.734190159914,-10177.541555689313,0.9926818267060683,-1.2097535448362708,5156.65059320345,2447.453320307998,6.642936981876221E-10,7.318581674368024E-9,5.915728132955895E-8,5.66372717463962E-10,7.947532829695963E-13,4.464182958353628E-12,-7.834015086149495E-8,8.174010438082911E-4
3,6.125000000000001E-7,3,6.125000000000001E-7,0.11836935942692528,5.174480988706573E-5,0.05,6.771179366037201E-8,-8581.391756983197,-10085.573193231497,0.9923866594863405,-1.233986175650181,5163.095414436078,2454.979952973384,6.907367561267026E-10,7.321193885603367E-9,5.910523637527737E-8,5.872827541974067E-10,8.429307355220555E-13,6.4957832066397956E-12,-7.643018637506114E-8,8.337744430068791E-4
3,6.25E-7,3,6.25E-7,0.12078506063971968,5.174480988706573E-5,0.05,6.771179366037201E-8,-8688.379901191016,-9908.73065515826,0.9920856386859659,-1.2582159824261387,5169.678319920391,2462.629121319185,7.176661055203521E-10,7.323859661727042E-9,5.905219073893724E-8,6.08352776623489E-10,8.930230372849644E-13,8.826728758651448E-12,-6.831554309762984E-8,8.501459340717153E-4
3,6.375E-7,3,6.375E-7,0.12320076185251407,5.174480988706573E-5,0.05,6.771179366037201E-8,-8777.656773544468,-9828.84638232456,0.99177875781531,-1.2825019490430973,5176.400077288768,2470.4061773871085,7.451480443804954E-10,7.326579165790946E-9,5.899814512048388E-8,6.295748368012519E-10,9.450686320944108E-13,1.139732892368262E-11,-6.048222105099724E-8,8.665553709750657E-4
3,6.5E-7,3,6.5E-7,0.12561646306530846,5.174480988706573E-5,0.05,6.771179366037201E-8,-8860.312483881962,-9912.27834906345,0.9914660003872279,-1.3068690144058699,5183.261688786573,2478.314031404805,7.7321353801113E-10,7.329352651921156E-9,5.894309849852679E-8,6.509718319543593E-10,9.991097260517523E-13,1.4153704463854563E-11,-6.38850108736283E-8,8.830196043282905E-4
3,6.625E-7,3,6.625E-7,0.12803216427810285,5.174480988706573E-5,0.05,6.771179366037201E-8,-8944.721069402141,-10042.408164179009,0.991147352606551,-1.331269918078561,5190.26411418865,2486.349929572043,8.018086594670355E-10,7.3321803530028115E-9,5.888705036728402E-8,6.726437282291927E-10,1.0551876765330704E-12,1.7050473915377796E-11,-7.222961888046604E-8,8.995067014044331E-4
3,6.750000000000001E-7,3,6.750000000000001E-7,0.13044786549089726,5.174480988706573E-5,0.05,6.771179366037201E-8,-9029.575108053983,-10093.820485513876,0.9908228117083249,-1.3556594400741713,5197.40808684216,2494.5110758125406,8.308779331360243E-10,7.335062406551349E-9,5.8830002200562445E-8,6.946784416122202E-10,1.1133401610093328E-12,2.005438327911549E-11,-7.317883009447679E-8,9.159861081582238E-4
3,6.875000000000001E-7,3,6.875000000000001E-7,0.13286356670369165,5.174480988706573E-5,0.05,6.771179366037201E-8,-9110.606897341368,-10109.688108950393,0.990492378438492,-1.3800534400459235,5204.6942777389995,2502.7993830450177,8.604381747323514E-10,7.337998921228467E-9,5.877195612514682E-8,7.170765871211511E-10,1.1736035129687333E-12,2.3145585330250166E-11,-6.886983417601983E-8,9.324685405715699E-4
3,7.000000000000001E-7,3,7.000000000000001E-7,0.13527926791648603,5.174480988706573E-5,0.05,6.771179366037201E-8,-9190.69589774596,-10229.472661634216,0.9901560466146467,-1.404494133281458,5212.123525781516,2511.218971911975,8.905409125641918E-10,7.340990069615733E-9,5.871291308673696E-8,7.397943946402914E-10,1.2360165703078913E-12,2.6314607713600382E-11,-6.752931334785267E-8,9.489825224874716E-4
3,7.125000000000001E-7,3,7.125000000000001E-7,0.13769496912928042,5.174480988706573E-5,0.05,6.771179366037201E-8,-9275.588220853775,-10398.751594261446,0.9898138033414692,-1.4289953540337734,5219.696834519333,2519.7718969166413,9.212045968193146E-10,7.344036086541577E-9,5.8652872891798197E-8,7.628171161545561E-10,1.3006207300492528E-12,2.955752394081138E-11,-7.124885117720785E-8,9.655374013741712E-4
3,7.25E-7,3,7.25E-7,0.14011067034207483,5.174480988706573E-5,0.05,6.771179366037201E-8,-9356.943693710828,-10309.431868876532,0.9894656372778161,-1.4535303324502071,5227.415190260028,2528.4570284542956,9.523955905711497E-10,7.347137195668826E-9,5.859183566051516E-8,7.861798976031119E-10,1.3674569665112223E-12,3.287256859463448E-11,-7.813192255805688E-8,9.821150894933832E-4
3,7.375E-7,3,7.375E-7,0.14252637155486922,5.174480988706573E-5,0.05,6.771179366037201E-8,-9410.695319468978,-9830.531471631806,0.9891115445447143,-1.4780635894952603,5235.279430655223,2537.272424595947,9.840663600151459E-10,7.3502935567841215E-9,5.852980286067384E-8,8.099305090305122E-10,1.4365634741876572E-12,3.625823677068794E-11,-8.231392514689156E-8,9.986916145238245E-4
3,7.5E-7,3,7.5E-7,0.1449420727676636,5.174480988706573E-5,0.05,6.771179366037201E-8,-9424.205846386429,-9345.892326715524,0.9887515250255917,-1.5025989526605337,5243.290325767265,2546.2191546487397,1.0162195072409251E-9,7.3535052985769105E-9,5.846677665567572E-8,8.340674497461217E-10,1.5079769512376464E-12,3.971141804982638E-11,-7.90723592197951E-8,0.0010152695626084688
3,7.625000000000001E-7,3,7.625000000000001E-7,0.14735777398045802,5.174480988706573E-5,0.05,6.771179366037201E-8,-9419.059982081166,-9359.529916826858,0.9883855732123557,-1.5271775426094671,5251.448781715356,2555.301325880416,1.0489091312611124E-9,7.35677260028181E-9,5.840275830137729E-8,8.585404878110872E-10,1.5817361863772297E-12,4.322629350997189E-11,-7.54660907511309E-8,0.0010318767179793697
3,7.750000000000001E-7,3,7.750000000000001E-7,0.1497734751932524,5.174480988706573E-5,0.05,6.771179366037201E-8,-9433.091190269464,-9846.494982821128,0.9880136762408627,-1.5518198868168402,5259.755885933904,2564.521599879286,1.082164005426904E-9,7.360095709452596E-9,5.8337747806236874E-8,8.833269374393198E-10,1.6578829986183282E-12,4.679593934650317E-11,-7.94465915678005E-8,0.001048526950551919
3,7.875000000000001E-7,3,7.875000000000001E-7,0.1521891764060468,5.174480988706573E-5,0.05,6.771179366037201E-8,-9481.26692775588,-10297.662877341338,0.9876358219461221,-1.5764996715131638,5268.212728547015,2573.8789785768886,1.1159482639725264E-9,7.3634748701909935E-9,5.827174534273438E-8,9.084668921662888E-10,1.7364590731995163E-12,5.041593079190832E-11,-8.715531505034684E-8,0.0010652024807521377
3,8.000000000000001E-7,3,8.000000000000001E-7,0.15460487761884117,5.174480988706573E-5,0.05,6.771179366037201E-8,-9545.525093383236,-10370.042866268766,0.9872520062540016,-1.6011757161743054,5276.8202365405505,2583.371155179751,1.1502024359617054E-9,7.366910256961255E-9,5.820475253678075E-8,9.34018062201078E-10,1.817502823627852E-12,5.4086580903487954E-11,-9.281603336553967E-8,0.0010818754839015577
3,8.125000000000001E-7,3,8.125000000000001E-7,0.1570205788316356,5.174480988706573E-5,0.05,6.771179366037201E-8,-9601.07239448724,-10192.334762721464,0.9868622326020383,-1.6258267416736354,5285.579185189242,2592.9972450333253,1.1848925796574024E-9,7.370401979495618E-9,5.8136772361421785E-8,9.600074529558756E-10,1.9010494319499113E-12,5.7811806717583984E-11,-9.497151741619233E-8,0.0010985315822119159
3,8.25E-7,3,8.25E-7,0.15943628004442997,5.174480988706573E-5,0.05,6.771179366037201E-8,-9639.240111353358,-10018.85669894853,0.9864665045951085,-1.6504724566024305,5294.490362051718,2602.7595848918218,1.2200435393006007E-9,7.373950148396202E-9,5.806780785226243E-8,9.864031241658392E-10,1.987133851437346E-12,6.1595710132487E-11,-9.085954881898219E-8,0.0011151840922989395
3,8.375E-7,3,8.375E-7,0.16185198125722436,5.174480988706573E-5,0.05,6.771179366037201E-8,-9663.888400372802,-9911.260540555431,0.9860648137599813,-1.6751929441746072,5303.554843697398,2612.665502498398,1.2557722489419235E-9,7.3775549850800725E-9,5.799785997572073E-8,1.0130858566041171E-9,2.075796206606306E-12,6.543952442650895E-11,-7.787996417843746E-8,0.0011318871244423022
3,8.500000000000001E-7,3,8.500000000000001E-7,0.16426768247001877,5.174480988706573E-5,0.05,6.771179366037201E-8,-9680.66109037739,-9859.761442649597,0.9856571272288188,-1.7001104905306768,5312.774277615879,2622.726149591634,1.2922663567089183E-9,7.381216932963093E-9,5.7926925495344986E-8,1.039872489007779E-9,2.1670876124325444E-12,6.934096945181789E-11,-6.393691192421936E-8,0.0011487233044126194
3,8.625000000000001E-7,3,8.625000000000001E-7,0.16668338368281316,5.174480988706573E-5,0.05,6.771179366037201E-8,-9695.72229724104,-9899.040205359714,0.9852433891692833,-1.725294226658892,5322.150856057651,2632.9490051438784,1.3296417316381113E-9,7.384936645635405E-9,5.78549972379904E-8,1.0666564078251127E-9,2.2610701427508875E-12,7.329599366812813E-11,-6.754321303456202E-8,0.001165739342337089
3,8.750000000000001E-7,3,8.750000000000001E-7,0.16909908489560754,5.174480988706573E-5,0.05,6.771179366037201E-8,-9713.531455272718,-9963.974324508297,0.9848235467252514,-1.7506513902451084,5331.68673243498,2643.3288190079625,1.3677671267216803E-9,7.3887147543423004E-9,5.778206861530951E-8,1.0935774167326467E-9,2.3578054696552975E-12,7.730133959625161E-11,-9.750443172204392E-8,0.0011828725609764246
3,8.875000000000001E-7,3,8.875000000000001E-7,0.17151478610840193,5.174480988706573E-5,0.05,6.771179366037201E-8,-9730.761007179024,-9920.633254771112,0.9843975864827291,-1.7759473174979363,5341.383190198831,2653.8484231213433,1.4062787817744447E-9,7.39255153932852E-9,5.7708139948854994E-8,1.1210008459468049E-9,2.45733775519117E-12,8.135609228241196E-11,-1.3460623551002566E-7,0.0011999644037148218
3,9.000000000000001E-7,3,9.000000000000001E-7,0.17393048732119634,5.174480988706573E-5,0.05,6.771179366037201E-8,-9741.541736758933,-9826.038490763907,0.9839655481248255,-1.800974870755199,5351.240321329423,2664.4917329937784,1.4448374298716125E-9,7.396446805035697E-9,5.763322080833754E-8,1.1492574717601766E-9,2.559686166629699E-12,8.546131162494628E-11,-1.498642239666488E-7,0.0012168749126724317
3,9.125E-7,3,9.125E-7,0.17634618853399073,5.174480988706573E-5,0.05,6.771179366037201E-8,-9749.131006820988,-9855.955297347797,0.9835275003479769,-1.8256998956474002,5361.257563985337,2675.2556558161946,1.48336791356493E-9,7.40040009524749E-9,5.755732580055216E-8,1.178406996459536E-9,2.6648550767485483E-12,8.961864142348714E-11,-1.382041021670211E-7,0.0012335810105725676
3,9.25E-7,3,9.25E-7,0.1787618897467851,5.174480988706573E-5,0.05,6.771179366037201E-8,-9761.62088639685,-9972.62624441851,0.983083499843078,-1.8502566187260487,5371.434635868541,2686.1505796213087,1.522069573314028E-9,7.4044110624875925E-9,5.748046744874213E-8,1.2082354975058248E-9,2.7728532879246964E-12,9.382954990851212E-11,-1.1334991429420485E-7,0.001250173391031114
3,9.375000000000001E-7,3,9.375000000000001E-7,0.18117759095957953,5.174480988706573E-5,0.05,6.771179366037201E-8,-9777.917474804113,-9983.760565335126,0.9826335610954581,-1.8748612363735115,5381.77223180669,2697.194220653295,1.5612891969193141E-9,7.408479741720205E-9,5.7402650979803564E-8,1.2383887340187658E-9,2.88370922464971E-12,9.809552235604052E-11,-8.530758338984431E-8,0.0012667981326848052
3,9.500000000000001E-7,3,9.500000000000001E-7,0.1835932921723739,5.174480988706573E-5,0.05,6.771179366037201E-8,-9789.40020848325,-9876.728863823464,0.982177647176963,-1.8997240544810334,5392.27224751592,2708.4049224556384,1.601380973849636E-9,7.412606635633378E-9,5.732387276612282E-8,1.26851361969514E-9,2.997476587308535E-12,1.0241783054945764E-10,-6.436004776125359E-8,0.0012835973341088064
3,9.625E-7,3,9.625E-7,0.1860089933851683,5.174480988706573E-5,0.05,6.771179366037201E-8,-9793.618503693137,-9812.487591084548,0.9817156822482807,-1.9249579055311614,5402.937505212246,2719.794204084929,1.642549766674192E-9,7.4167926037022706E-9,5.7244122523687145E-8,1.298414121828005E-9,3.1142293240658984E-12,1.0679604342664415E-10,-6.45637851952046E-8,0.001300647233467001
3,9.75E-7,3,9.75E-7,0.18842469459796268,5.174480988706573E-5,0.05,6.771179366037201E-8,-9797.232647409439,-9869.146261330261,0.9812475821876638,-1.9505189209054752,5413.77105558795,2731.361462546184,1.6847391301422707E-9,7.421038586139515E-9,5.7163388624398905E-8,1.3281606148121833E-9,3.234046949926027E-12,1.112267588000734E-10,-8.712114703136331E-8,0.0013179181898009967
3,9.875E-7,3,9.875E-7,0.1908403958107571,5.174480988706573E-5,0.05,6.771179366037201E-8,-9806.432573600443,-9968.892726719449,0.9807732871717465,-1.9762489082679302,5424.775424274694,2743.096619155478,1.7276892457584863E-9,7.425345308418692E-9,5.7081663715600105E-8,1.3580256143511458E-9,3.3569978882391177E-12,1.1570498978132909E-10,-1.1502536845318246E-7,0.0013353033163972501
3,1.0000000000000002E-6,3,1.0000000000000002E-6,0.1932560970235515,5.174480988706573E-5,0.05,6.771179366037201E-8,-9818.998426160915,-9977.962503965766,0.9802927755504501,-2.0019887121949824,5435.952282519683,2754.9887451297423,1.77112545174995E-9,7.429713154030264E-9,5.69989470888098E-8,1.3882878579559481E-9,3.4831315692492667E-12,1.2022803224698944E-10,-1.3208939420119972E-7,0.0013526950758074206
3,1.0125E-6,3,1.0125E-6,0.19567179823634587,5.174480988706573E-5,0.05,6.771179366037201E-8,-9825.945096421432,-9845.239442460144,0.9798060555095189,-2.0276500567243105,5447.302631186918,2767.0318899159397,1.8148867184728939E-9,7.434142238599901E-9,5.691524321557712E-8,1.4191015243695495E-9,3.612481867995082E-12,1.247981089540697E-10,-1.3841799135843288E-7,0.0013700338221110206
3,1.0250000000000001E-6,3,1.0250000000000001E-6,0.19808749944914028,5.174480988706573E-5,0.05,6.771179366037201E-8,-9822.20015623639,-9706.707018667234,0.9793131493888864,-2.053204440021746,5458.827159222752,2779.224533455222,1.8589129638984237E-9,7.438632551372113E-9,5.683055902953359E-8,1.4505139637202957E-9,3.745074762119133E-12,1.2942049523446433E-10,-1.415093365675237E-7,0.0013873002973119907
3,1.0375E-6,3,1.0375E-6,0.20050320066193464,5.174480988706573E-5,0.05,6.771179366037201E-8,-9815.145965088139,-9748.553620322691,0.9788140824816489,-2.0786561168459663,5470.526502370127,2791.5676921202858,1.90320178473306E-9,7.443184056706615E-9,5.6744901992398685E-8,1.4825169482166528E-9,3.880934064663315E-12,1.3409840837103204E-10,-1.4083043422020253E-7,0.0014044973762472744
3,1.0500000000000001E-6,3,1.0500000000000001E-6,0.20291890187472905,5.174480988706573E-5,0.05,6.771179366037201E-8,-9816.564635357388,-9918.742641486917,0.9783088745637913,-2.104046329782259,5482.401441650188,2804.065434888238,1.9478196251505575E-9,7.447796771294649E-9,5.6658278639264725E-8,1.515039582031377E-9,4.020086016881996E-12,1.3882998478662386E-10,-1.3250021454795534E-7,0.0014216529255285536
3,1.0625E-6,3,1.0625E-6,0.20533460308752344,5.174480988706573E-5,0.05,6.771179366037201E-8,-9826.144263872733,-9970.223556295428,0.9777975317175758,-2.1294474025254475,5494.453098129098,2816.724596392817,1.9928944102243274E-9,7.452470839217646E-9,5.657069318304429E-8,1.5479535285477968E-9,4.162563985761948E-12,1.4361082604709629E-10,-1.2271577291758218E-7,0.0014388158125171943
3,1.075E-6,3,1.075E-6,0.20775030430031785,5.174480988706573E-5,0.05,6.771179366037201E-8,-9831.718617765913,-9831.262799735407,0.9772800438033863,-2.154921856435026,5506.682997284521,2829.551607175679,2.0385412733758895E-9,7.457206555819617E-9,5.6482147093840384E-8,1.5811429317385502E-9,4.308410235431941E-12,1.48439281456728E-10,-1.1983001750883028E-7,0.0014560282813750175
3,1.0875000000000002E-6,3,1.0875000000000002E-6,0.21016600551311226,5.174480988706573E-5,0.05,6.771179366037201E-8,-9826.890213684528,-9703.12497235316,0.9767563897649837,-2.1804976430921386,5519.0929486787045,2842.55042599405,2.084814191677629E-9,7.46200431996058E-9,5.639264001971424E-8,1.614550880162167E-9,4.457673314725E-12,1.533183564964949E-10,-1.2138278625790598E-7,0.001473309218305499
3,1.1E-6,3,1.1E-6,0.21258170672590662,5.174480988706573E-5,0.05,6.771179366037201E-8,-9818.933866051211,-9738.15649408969,0.976226544648475,-2.2061788588690945,5531.684882961029,2855.723237358119,2.1317232159229873E-9,7.46686457022802E-9,5.630217099458329E-8,1.6481642012646267E-9,4.610404288767511E-12,1.5825187877725849E-10,-1.239858909227041E-7,0.0014906613911277666
3,1.1125000000000001E-6,3,1.1125000000000001E-6,0.21499740793870104,5.174480988706573E-5,0.05,6.771179366037201E-8,-9816.435229987743,-9833.785612207128,0.9756904845263273,-2.2319529190997733,5544.460736177931,2869.0709126805928,2.1792460851996427E-9,7.471787739957372E-9,5.6210739281543176E-8,1.6820056445800073E-9,4.766653966581941E-12,1.632394687813332E-10,-1.2976090905923972E-7,0.001508076296689036
3,1.125E-6,3,1.125E-6,0.2174131091514954,5.174480988706573E-5,0.05,6.771179366037201E-8,-9817.385795714008,-9825.829083936564,0.9751481895246911,-2.2577987128095205,5557.422377510962,2882.593589109514,2.227342640146345E-9,7.476774229380764E-9,5.6118344887814385E-8,1.7161197599186797E-9,4.9264710894440674E-12,1.6827655133068617E-10,-1.3469871661709692E-7,0.0015255396708172436
3,1.1375000000000001E-6,3,1.1375000000000001E-6,0.2198288103642898,5.174480988706573E-5,0.05,6.771179366037201E-8,-9814.440344435372,-9731.420112009797,0.9745996426207865,-2.2837133959269154,5570.571637280857,2896.292817432809,2.276007361727904E-9,7.481824416534256E-9,5.602498835673743E-8,1.7505152812260077E-9,5.0899029426446535E-12,1.7335931807993304E-10,-1.3325778803138939E-7,0.0015430495918425104
3,1.15E-6,3,1.15E-6,0.2222445115770842,5.174480988706573E-5,0.05,6.771179366037201E-8,-9806.929002747805,-9697.40540031528,0.974044825226645,-2.3097129567608095,5583.910412788864,2910.1717046900626,2.3252723376417973E-9,7.4869386978819E-9,5.593067001501041E-8,1.7851583470293408E-9,5.256997938828662E-12,1.78488283461711E-10,-1.3264170899209912E-7,0.0015606168626762227
3,1.1625E-6,3,1.1625E-6,0.2246602127898786,5.174480988706573E-5,0.05,6.771179366037201E-8,-9801.771666477722,-9778.874123678439,0.973483717454258,-2.335792694372945,5597.440662983722,2924.2317755087624,2.3751287905772803E-9,7.492117486009282E-9,5.5835390019434485E-8,1.820053858139641E-9,5.427805492994674E-12,1.8366616370883065E-10,-1.408470959401954E-7,0.0015782383070087466
3,1.1750000000000002E-6,3,1.1750000000000002E-6,0.22707591400267302,5.174480988706573E-5,0.05,6.771179366037201E-8,-9803.176450149,-9862.522005944451,0.9729163042664523,-2.3619170195302166,5611.16426047793,2938.4720259444316,2.425504071416984E-9,7.497361152875565E-9,5.5739149401117447E-8,1.8552731357650597E-9,5.602372270915624E-12,1.8889333693654365E-10,-1.504906154308232E-7,0.0015958898780609571
3,1.1875E-6,3,1.1875E-6,0.22949161521546738,5.174480988706573E-5,0.05,6.771179366037201E-8,-9806.012802909281,-9820.536016289707,0.9723425778076735,-2.388061468556437,5625.08293366796,2952.892204911397,2.476345702006034E-9,7.502670007997528E-9,5.5641950455630596E-8,1.890869355335614E-9,5.780740615054782E-12,1.9416712119010438E-10,-1.517844459539449E-7,0.001613555046321917
3,1.2000000000000002E-6,3,1.2000000000000002E-6,0.2319073164282618,5.174480988706573E-5,0.05,6.771179366037201E-8,-9802.151153218772,-9689.68406941586,0.9717625319018794,-2.414236552210383,5639.198398639962,2967.494830578768,2.5276724210963723E-9,7.508044349075302E-9,5.554379580553716E-8,1.926822153771143E-9,5.96295181306844E-12,1.9948589123745896E-10,-1.4898204507805817E-7,0.0016312409136556643
3,1.2125E-6,3,1.2125E-6,0.23432301764105615,5.174480988706573E-5,0.05,6.771179366037201E-8,-9791.310901837005,-9626.333128597491,0.9711761568017299,-2.440461766275297,5653.512487351876,2982.2832437013453,2.579522722754259E-9,7.513484510675715E-9,5.544468751178825E-8,1.963087056285446E-9,6.149049383052014E-12,2.0485264393079478E-10,-1.501297476023677E-7,0.001648960652888714
3,1.2250000000000001E-6,3,1.2250000000000001E-6,0.23673871885385056,5.174480988706573E-5,0.05,6.771179366037201E-8,-9780.895875046606,-9679.590833375563,0.9705834394785219,-2.4667448669164624,5668.027142346482,2997.259954727223,2.6319115213549227E-9,7.518990861797204E-9,5.5344627126274276E-8,1.9996417906327235E-9,6.339078977543785E-12,2.1027294130121614E-10,-1.5270654581075364E-7,0.0016667195046732855
3,1.2375E-6,3,1.2375E-6,0.23915442006664495,5.174480988706573E-5,0.05,6.771179366037201E-8,-9774.787942619834,-9721.39828746024,0.969984365169836,-2.493092239895117,5682.7443804494105,3012.4274353253604,2.6848513148466383E-9,7.524563791713906E-9,5.524361595606372E-8,2.0364703851878015E-9,6.533087464320176E-12,2.1574878154644383E-10,-1.5275845800251637E-7,0.0016845217837129169
3,1.25E-6,3,1.25E-6,0.24157012127943936,5.174480988706573E-5,0.05,6.771179366037201E-8,-9768.390737403579,-9660.041761714036,0.9693789173911492,-2.51951182823223,5697.666293709091,3027.78835250843,2.738358407932819E-9,7.530203710027867E-9,5.514165506729786E-8,2.073559944266236E-9,6.731122960497602E-12,2.212749656131059E-10,-1.542164675680988E-7,0.0017023728569136689
3,1.2625000000000002E-6,3,1.2625000000000002E-6,0.24398582249223377,5.174480988706573E-5,0.05,6.771179366037201E-8,-9757.557190570336,-9589.461013887434,0.9687670789448642,-2.546001733946417,5712.795025668865,3043.3446385761263,2.7924280660866333E-9,7.535911037414754E-9,5.503874545678148E-8,2.1109228441084165E-9,6.933234207446542E-12,2.2684227645868396E-10,-1.5869192080089769E-7,0.001720271441855687
3,1.275E-6,3,1.275E-6,0.24640152370502813,5.174480988706573E-5,0.05,6.771179366037201E-8,-9746.116946503089,-9621.567419528428,0.9681488338740987,-2.5725534530395966,5728.132723705516,3059.097704666677,2.847040709058447E-9,7.541686187463729E-9,5.493488838095151E-8,2.1485827044609256E-9,7.139469284138034E-12,2.3244521500820384E-10,-1.6236676748141884E-7,0.0017382117925943221
3,1.2875000000000002E-6,3,1.2875000000000002E-6,0.24881722491782254,5.174480988706573E-5,0.05,6.771179366037201E-8,-9739.646113508947,-9699.503259957552,0.9675241677456775,-2.5991627736457814,5743.681532071906,3075.0493035978393,2.9021855975248483E-9,7.547529564004613E-9,5.483008540222464E-8,2.1865441210384813E-9,7.349875382336293E-12,2.380879318098913E-10,-1.6494005837077292E-7,0.0017561910632741765
3,1.3E-6,3,1.3E-6,0.25123292613061693,5.174480988706573E-5,0.05,6.771179366037201E-8,-9736.971211132817,-9710.079888067765,0.9668930665592567,-2.625830370732848,5759.443619157598,3091.2016027344343,2.9578625929693237E-9,7.553441571289375E-9,5.4724338204881033E-8,2.224792118814678E-9,7.564499506316975E-12,2.4378332678671176E-10,-1.6756496865407931E-7,0.001774209709954627
3,1.3125000000000001E-6,3,1.3125000000000001E-6,0.2536486273434113,5.174480988706573E-5,0.05,6.771179366037201E-8,-9733.485606478425,-9671.778786207211,0.9662555157952164,-2.6525598733068647,5775.421201813512,3107.5570523157644,3.0140782412781554E-9,7.559422622956973E-9,5.461764843553118E-8,2.2633046872738148E-9,7.78338911287683E-12,2.4954482018625777E-10,-1.6930629254743818E-7,0.0017922701846668004
3,1.325E-6,3,1.325E-6,0.2560643285562057,5.174480988706573E-5,0.05,6.771179366037201E-8,-9728.562998326122,-9664.314323342047,0.9656115000670213,-2.6793548744878635,5791.616554952218,3124.1181555166886,3.0708392055545313E-9,7.565473145393591E-9,5.451001764577721E-8,2.3020703161441913E-9,8.006592362992989E-12,2.5537514209775714E-10,-1.7150692844414726E-7,0.0018103749151945024
3,1.3375000000000001E-6,3,1.3375000000000001E-6,0.2584800297690001,5.174480988706573E-5,0.05,6.771179366037201E-8,-9723.412048377286,-9656.824257484659,0.9649610036571681,-2.7062145657203645,5808.031999018595,3140.8871076569935,3.1281421705943932E-9,7.571593572804389E-9,5.4401447382727435E-8,2.341104759914884E-9,8.234157766564154E-12,2.6125979671948355E-10,-1.7456109517238825E-7,0.0018285233552164624
3,1.3500000000000002E-6,3,1.3500000000000002E-6,0.2608957309817945,5.174480988706573E-5,0.05,6.771179366037201E-8,-9715.090993067022,-9570.79704302347,0.9643040107984087,-2.733140042629443,5824.669893663939,3157.8662949658456,3.185988113342459E-9,7.577784344644988E-9,5.4291939236386366E-8,2.380432031309763E-9,8.466133990241342E-12,2.6717193086220477E-10,-1.7529938797864552E-7,0.0018467162450198941
3,1.3625E-6,3,1.3625E-6,0.2633114321945889,5.174480988706573E-5,0.05,6.771179366037201E-8,-9700.344472579352,-9468.711928569024,0.9636405044643297,-2.760140603770151,5841.532669238849,3175.0588285204653,3.244397287060775E-9,7.584045917108621E-9,5.418149463871371E-8,2.420053321639684E-9,8.702570717789825E-12,2.7308806001869617E-10,-1.752296327117724E-7,0.0018649598674122642
3,1.3750000000000002E-6,3,1.3750000000000002E-6,0.2657271334073833,5.174480988706573E-5,0.05,6.771179366037201E-8,-9684.05309787532,-9498.93205006052,0.9629704657528443,-2.7872226724853477,5858.622843820538,3192.467672546502,3.3033837541288896E-9,7.590378769111083E-9,5.407011476282925E-8,2.4599560215254227E-9,8.943519122491911E-12,2.7900470131958E-10,-1.791761027217835E-7,0.0018832585624900997
3,1.3875E-6,3,1.3875E-6,0.2681428346201777,5.174480988706573E-5,0.05,6.771179366037201E-8,-9675.484162500317,-9641.78774255156,0.9622938756917739,-2.814380446988597,5875.942978508733,3210.094852846278,3.3629327699167408E-9,7.596783385388821E-9,5.39578008248938E-8,2.5001312970373916E-9,9.189030602882597E-12,2.8494378516167716E-10,-1.8560091269222682E-7,0.0019016084101274304
3,1.4000000000000001E-6,3,1.4000000000000001E-6,0.27055853583297207,5.174480988706573E-5,0.05,6.771179366037201E-8,-9674.797435243307,-9692.927041732539,0.9616107171558625,-2.841604282123418,5893.495628877997,3227.942083904092,3.4230198015811057E-9,7.6032602383852E-9,5.38445544019909E-8,2.5405645292652095E-9,9.439155378955251E-12,2.9094263335881197E-10,-1.90519422567961E-7,0.0019200028933266339
3,1.4125E-6,3,1.4125E-6,0.27297423704576645,5.174480988706573E-5,0.05,6.771179366037201E-8,-9671.212833108659,-9563.554380386373,0.9609209747686756,-2.868889294310422,5911.283347405814,3246.011462138402,3.483631056157909E-9,7.609809789115541E-9,5.373037741397718E-8,2.581233324511725E-9,9.693942513991066E-12,2.970349931716395E-10,-1.9407142102110624E-7,0.0019384387123719067
3,1.4250000000000001E-6,3,1.4250000000000001E-6,0.27538993825856084,5.174480988706573E-5,0.05,6.771179366037201E-8,-9657.822917860929,-9423.549603895808,0.9602246335931724,-2.896236735255072,5929.308717352775,3264.305608071279,3.544767297392102E-9,7.616432499567063E-9,5.361527190532229E-8,2.6221210020354193E-9,9.953440842095279E-12,3.032342455217186E-10,-1.9597311797630903E-7,0.001956916713010184
3,1.4375000000000002E-6,3,1.4375000000000002E-6,0.2778056394713553,5.174480988706573E-5,0.05,6.771179366037201E-8,-9640.849903580931,-9440.88811256158,0.959521677424881,-2.923655814304175,5947.574397746524,3282.8278551607164,3.6064489199494595E-9,7.62312884900441E-9,5.3499239763217053E-8,2.6632180899922628E-9,1.0217700237114476E-11,3.0952710226355423E-10,-1.9547123848781634E-7,0.001975443117773091
3,1.45E-6,3,1.45E-6,0.28022134068414967,5.174480988706573E-5,0.05,6.771179366037201E-8,-9629.431010711347,-9538.548977124623,0.9588120875110139,-2.9511585201472603,5966.083158269069,3301.581865997646,3.6687038252255886E-9,7.629899346366652E-9,5.338228250828184E-8,2.7045280161099865E-9,1.048677261337243E-11,3.1587990912162426E-10,-1.9616454128819548E-7,0.0019940260271265275
3,1.4625000000000002E-6,3,1.4625000000000002E-6,0.28263704189694405,5.174480988706573E-5,0.05,6.771179366037201E-8,-9622.686139217873,-9543.39449502734,0.9580958433382079,-2.978747575775955,5984.8378606977685,3320.570644966895,3.731537509210832E-9,7.636744523003382E-9,5.326440142738391E-8,2.7460824583755818E-9,1.0760711385910593E-11,3.2225345461640645E-10,-2.0050267840715283E-7,0.0020126672809296993
3,1.475E-6,3,1.475E-6,0.28505274310973844,5.174480988706573E-5,0.05,6.771179366037201E-8,-9612.979237993472,-9445.786423150032,0.9573729247883954,-3.0064169027877035,6003.84140389569,3339.796523955607,3.794933360337228E-9,7.643664912236036E-9,5.314559793004574E-8,2.78792521940765E-9,1.103956985069397E-11,3.286187696165059E-10,-2.0526524862553934E-7,0.0020313627721538535
3,1.4875000000000002E-6,3,1.4875000000000002E-6,0.2874684443225328,5.174480988706573E-5,0.05,6.771179366037201E-8,-9597.77319518062,-9376.816694137022,0.956643313015699,-3.034161929234274,6023.096701326379,3359.2619725461072,3.858878045324871E-9,7.650661040991506E-9,5.302587369200167E-8,2.8300763561052277E-9,1.1323400489482899E-11,3.34966969246457E-10,-2.0906568895269198E-7,0.00205010941164478
3,1.5E-6,3,1.5E-6,0.2898841455353272,5.174480988706573E-5,0.05,6.771179366037201E-8,-9582.418845648845,-9411.253330106121,0.9559069899923834,-3.0619805043823463,6042.606693357815,3378.9696834602582,3.923363995483787E-9,7.657733434144837E-9,5.290523057952807E-8,2.872529050814606E-9,1.1612255289551608E-11,3.413098548084535E-10,-2.139996879889634E-7,0.002068905746204288
3,1.5125000000000001E-6,3,1.5125000000000001E-6,0.2922998467481216,5.174480988706573E-5,0.05,6.771179366037201E-8,-9572.407605768929,-9488.667571794671,0.9551639380195234,-3.0898720420305823,6062.374360792095,3398.9225161212876,3.988387422299691E-9,7.66488261924426E-9,5.2783670568647045E-8,2.915259418157598E-9,1.1906186106480822E-11,3.476726763664248E-10,-2.1812375238036475E-7,0.0020877513797503936
3,1.5250000000000002E-6,3,1.5250000000000002E-6,0.29471554796091604,5.174480988706573E-5,0.05,6.771179366037201E-8,-9566.377639692375,-9497.698612754733,0.9544141384308042,-3.117845026563972,6082.402760314188,3419.1241369116374,4.053967973268658E-9,7.672109139067263E-9,5.2661195533349975E-8,2.9582174064893913E-9,1.220524568654979E-11,3.540835479437243E-10,-2.1878856915932257E-7,0.0021066520449756565
3,1.5375E-6,3,1.5375E-6,0.2971312491737104,5.174480988706573E-5,0.05,6.771179366037201E-8,-9557.913256316215,-9411.886029814083,0.9536575699854961,-3.14591242215237,6102.695069167993,3439.5786901258416,4.120137545565857E-9,7.679413567311566E-9,5.253780698513876E-8,3.001346938496579E-9,1.250948898023579E-11,3.6056415710984864E-10,-2.211988244422578E-7,0.002125616501454304
3,1.5500000000000002E-6,3,1.5500000000000002E-6,0.2995469503865048,5.174480988706573E-5,0.05,6.771179366037201E-8,-9543.884034909635,-9332.012197845299,0.9528942101388502,-3.1740722936851182,6123.254553298405,3460.289199032986,4.186889587256791E-9,7.686796496600605E-9,5.2413506283245174E-8,3.0446422532488328E-9,1.281897217542896E-11,3.671245278840454E-10,-2.2950154301175298E-7,0.002144643441679134
3,1.5625E-6,3,1.5625E-6,0.3019626515992992,5.174480988706573E-5,0.05,6.771179366037201E-8,-9528.57719374646,-9349.458409080782,0.9521240383860448,-3.202309530634671,6144.084478510183,3481.257621521976,4.254182303542062E-9,7.694258506258565E-9,5.2288295179792725E-8,3.0881453695340915E-9,1.3133749996060293E-11,3.737625131929774E-10,-2.3685763824641605E-7,0.002163722655834237
3,1.5750000000000002E-6,3,1.5750000000000002E-6,0.3043783528120936,5.174480988706573E-5,0.05,6.771179366037201E-8,-9517.32989170816,-9410.086991313903,0.9513470364602862,-3.2306204116778376,6165.1881049917,3502.4868368255106,4.322003154030551E-9,7.70180016030232E-9,5.216217584954709E-8,3.1318774258773534E-9,1.345387548312841E-11,3.804670799198261E-10,-2.3799711819509963E-7,0.0021828516295120523
3,1.5875E-6,3,1.5875E-6,0.30679405402488796,5.174480988706573E-5,0.05,6.771179366037201E-8,-9509.067622241684,-9406.94620235857,0.9505631852987133,-3.259015373214707,6186.568770027176,3523.9809486011864,4.390377352799234E-9,7.70942203686496E-9,5.203515039592522E-8,3.1758247354355346E-9,1.3779402451660955E-11,3.872235051218091E-10,-2.3971855881071465E-7,0.0022020374143342613
3,1.6000000000000001E-6,3,1.6000000000000001E-6,0.30920975523768235,5.174480988706573E-5,0.05,6.771179366037201E-8,-9498.833149650101,-9340.73203390122,0.9497724642199755,-3.287497648596346,6208.229912118489,3545.7435729307,4.459311227039424E-9,7.71712473637433E-9,5.190722071929453E-8,3.2199914570984213E-9,1.4110386195737904E-11,3.940184281405854E-10,-2.467255419121882E-7,0.0022212821949975313
3,1.6125000000000002E-6,3,1.6125000000000002E-6,0.3116254564504768,5.174480988706573E-5,0.05,6.771179366037201E-8,-9484.618347597003,-9280.366394039629,0.9489748527056453,-3.3160625175164,6230.1750239466855,3567.7777327148756,4.528789509637467E-9,7.72490886438931E-9,5.1778388806843E-8,3.264399622832527E-9,1.4446882025253337E-11,4.008428946118505E-10,-2.522460517090013E-7,0.002240582782105676
3,1.6250000000000001E-6,3,1.6250000000000001E-6,0.3140411576632712,5.174480988706573E-5,0.05,6.771179366037201E-8,-9468.047829402545,-9250.02990517469,0.9481703299751933,-3.3447166400941377,6252.407665205131,3590.0874428465004,4.598827763935974E-9,7.732775035841063E-9,5.1648656664117305E-8,3.3090355168738957E-9,1.4788945619809574E-11,4.0769261831502193E-10,-2.5277234619568774E-7,0.002259943675739282
3,1.6375000000000002E-6,3,1.6375000000000002E-6,0.31645685887606556,5.174480988706573E-5,0.05,6.771179366037201E-8,-9451.449538134759,-9246.538392743207,0.9473588725251939,-3.373476059112947,6274.93153240351,3612.6776140105676,4.6694678764354646E-9,7.740723899283156E-9,5.1518025919798375E-8,3.3538554892146973E-9,1.5136635139245696E-11,4.145665633817669E-10,-2.551567219049998E-7,0.0022793757156168563
3,1.65E-6,3,1.65E-6,0.31887256008885995,5.174480988706573E-5,0.05,6.771179366037201E-8,-9436.996917009432,-9273.567498932043,0.9465404543792523,-3.402345446679271,6297.750454806168,3635.5523577462177,4.740721081163407E-9,7.748756134790377E-9,5.1386497869795115E-8,3.398845077720386E-9,1.5490011074761226E-11,4.2146566040254615E-10,-2.6325436746815515E-7,0.0022988820585670747
3,1.6625000000000002E-6,3,1.6625000000000002E-6,0.32128826130165433,5.174480988706573E-5,0.05,6.771179366037201E-8,-9425.727613429812,-9302.379680955526,0.9457150504345276,-3.4313128480652386,6320.868303353281,3658.7144711722026,4.812552199194038E-9,7.756872421361169E-9,5.125407401738278E-8,3.4440349738830167E-9,1.5849133399003683E-11,4.2839239897683284E-10,-2.734556886790104E-7,0.002318454627071107
3,1.675E-6,3,1.675E-6,0.3237039625144487,5.174480988706573E-5,0.05,6.771179366037201E-8,-9415.85423253012,-9288.373122447521,0.9448826391269464,-3.4603607718643103,6344.288916304223,3682.1662714879767,4.8849094570433714E-9,7.76507341066538E-9,5.1120756498811787E-8,3.489470295803108E-9,1.621405920351893E-11,4.353507701146766E-10,-2.830929315853342E-7,0.0023380816026110206
3,1.6875000000000001E-6,3,1.6875000000000001E-6,0.3261196637272431,5.174480988706573E-5,0.05,6.771179366037201E-8,-9404.393250183643,-9240.20951807493,0.9440432022984641,-3.4894783988631066,6368.016102069069,3705.9105960758297,4.957758682590167E-9,7.773359728128831E-9,5.098654805746399E-8,3.5351769680716022E-9,1.65848427196447E-11,4.423457453634322E-10,-2.899943020474963E-7,0.0023577556749075045
3,1.7000000000000002E-6,3,1.7000000000000002E-6,0.32853536494003754,5.174480988706573E-5,0.05,6.771179366037201E-8,-9390.55819165951,-9202.133537392296,0.9431967220426883,-3.518674324510054,6392.05372808729,3729.9519291745682,5.0311203267876486E-9,7.781732003939432E-9,5.085145153629849E-8,3.581126654212433E-9,1.696153803255291E-11,4.493819219296258E-10,-2.9063137691802624E-7,0.002377482651695982
3,1.7125000000000001E-6,3,1.7125000000000001E-6,0.33095106615283193,5.174480988706573E-5,0.05,6.771179366037201E-8,-9375.986125152345,-9193.032049587804,0.9423431758906815,-3.5479777859004047,6416.405859652462,3754.296634872116,5.105074696758349E-9,7.790190920883227E-9,5.071546911137052E-8,3.6272334086066794E-9,1.7344203385862994E-11,4.564617713115398E-10,-2.886949935861676E-7,0.0023972822877705437
3,1.7250000000000002E-6,3,1.7250000000000002E-6,0.3333667673656263,5.174480988706573E-5,0.05,6.771179366037201E-8,-9362.58693530608,-9204.199280956456,0.9414825348687436,-3.577413762722472,6441.076820171145,3778.9509752135127,5.179691678740191E-9,7.798737234209973E-9,5.0578601989931417E-8,3.673425194533619E-9,1.773290304993705E-11,4.635847454556439E-10,-2.941060951223875E-7,0.0024171714612989674
3,1.7375E-6,3,1.7375E-6,0.3357824685784207,5.174480988706573E-5,0.05,6.771179366037201E-8,-9350.659807295347,-9205.578900478944,0.9406147675150353,-3.606978068856699,6466.071081148936,3803.918963019026,5.254957806409096E-9,7.807371732398937E-9,5.044085105708907E-8,3.7197162932994397E-9,1.8127703834347546E-11,4.707482076463279E-10,-3.0806590213515505E-7,0.002437147343822094
3,1.7500000000000002E-6,3,1.7500000000000002E-6,0.3381981697912151,5.174480988706573E-5,0.05,6.771179366037201E-8,-9337.599373445344,-9150.831283040328,0.9397398458187782,-3.636646072395615,6491.3930932470375,3829.2029160533525,5.330799267393468E-9,7.816095178268084E-9,5.0302217820024E-8,3.766181506819749E-9,1.8528669707626813E-11,4.779494179192409E-10,-3.2195631919420543E-7,0.0024571932921591995
3,1.7625E-6,3,1.7625E-6,0.34061387100400947,5.174480988706573E-5,0.05,6.771179366037201E-8,-9319.6184601056,-9048.772432564921,0.9388577469981376,-3.6663988357424895,6517.04723371026,3854.805553881863,5.4071572037793466E-9,7.824908290977563E-9,5.0162704684301026E-8,3.81287884185392E-9,1.8935861144732215E-11,4.851866518813656E-10,-3.267737104274617E-7,0.002477296510636817
3,1.7750000000000002E-6,3,1.7750000000000002E-6,0.34302957221680386,5.174480988706573E-5,0.05,6.771179366037201E-8,-9297.333705072899,-8999.646759045812,0.9379684511554468,-3.696231440392405,6543.037872983319,3880.7307460041584,5.4840129115350416E-9,7.833811769119414E-9,5.002231457670077E-8,3.859823978107525E-9,1.9349334172571324E-11,4.924588127890027E-10,-3.290113359914793E-7,0.002497453675940814
3,1.7875000000000002E-6,3,1.7875000000000002E-6,0.3454452734295983,5.174480988706573E-5,0.05,6.771179366037201E-8,-9277.507669568513,-9069.072879175214,0.9370719386801568,-3.7261465179821966,6569.369450691595,3906.98305221314,5.561369753795161E-9,7.842806316621973E-9,4.9881050532346984E-8,3.907010550888156E-9,1.976914513982497E-11,4.997649347505965E-10,-3.312100905938459E-7,0.002517666566204187
3,1.8000000000000001E-6,3,1.8000000000000001E-6,0.3478609746423927,5.174480988706573E-5,0.05,6.771179366037201E-8,-9265.543732112556,-9169.647447873509,0.9361681887488862,-3.7561514720909313,6596.046521413688,3933.5675376533227,5.639245467318537E-9,7.851892657936786E-9,4.973891545877975E-8,3.954417656566468E-9,2.0195352106644494E-11,5.071046057899676E-10,-3.317276451245298E-7,0.002537940183845224
3,1.8125000000000002E-6,3,1.8125000000000002E-6,0.35027667585518707,5.174480988706573E-5,0.05,6.771179366037201E-8,-9258.177880341716,-9168.017299305428,0.9352571776359908,-3.7862628612453393,6623.073807470324,3960.4901849786866,5.7176857915606685E-9,7.861071555331946E-9,4.9595911873012994E-8,4.001995768799984E-9,2.062801570517176E-11,5.144783687398672E-10,-3.291482942196126E-7,0.0025582857170576615
3,1.825E-6,3,1.825E-6,0.35269237706798146,5.174480988706573E-5,0.05,6.771179366037201E-8,-9247.558134535157,-9067.959246805489,0.9343388766104941,-3.8165056161245303,6650.456265700411,3987.7578940902126,5.796762852876806E-9,7.870343830594253E-9,4.945204157695972E-8,4.049669066781434E-9,2.1067201650279228E-11,5.218870674147998E-10,-3.2585305345011646E-7,0.002578720010894953
3,1.8375000000000002E-6,3,1.8375000000000002E-6,0.35510807828077584,5.174480988706573E-5,0.05,6.771179366037201E-8,-9230.930792894816,-8986.35729139189,0.9334132515525096,-3.846899607618741,6678.199104651228,4015.3773893165107,5.8765348362913095E-9,7.879710369603801E-9,4.930730560540773E-8,4.097376954047559E-9,2.151298099662399E-11,5.293307721357738E-10,-3.2700195961188693E-7,0.0025992564916342844
3,1.85E-6,3,1.85E-6,0.3575237794935702,5.174480988706573E-5,0.05,6.771179366037201E-8,-9212.2208144484,-8979.550900058342,0.9324802660547066,-3.877444047328729,6706.3076970681705,4043.353845573067,5.95699763840836E-9,7.889172091598896E-9,4.916170471819594E-8,4.145122603804435E-9,2.1965427399986904E-11,5.368085021993919E-10,-3.3493079668255537E-7,0.0026198946265734656
3,1.8625000000000002E-6,3,1.8625000000000002E-6,0.3599394807063646,5.174480988706573E-5,0.05,6.771179366037201E-8,-9195.213413592079,-8994.911767039648,0.9315398865515367,-3.9081161372844924,6734.787428083221,4071.690630628644,6.038078959618429E-9,7.898729897411388E-9,4.901524020230646E-8,4.1929777173594285E-9,2.2424612091823218E-11,5.443188121224097E-10,-3.464605028582603E-7,0.0026406190116787112
3,1.8750000000000003E-6,3,1.8750000000000003E-6,0.36235518191915905,5.174480988706573E-5,0.05,6.771179366037201E-8,-9179.552966634577,-8981.477307478102,0.9305920857880736,-3.9388862209114204,6763.6435892599975,4100.39045835568,6.1196835285276374E-9,7.908384633944082E-9,4.8867914406597285E-8,4.241035964692522E-9,2.2890600431181587E-11,5.518604136685812E-10,-3.561050361955119E-7,0.002661409608723933
3,1.8875000000000001E-6,3,1.8875000000000001E-6,0.36477088313195344,5.174480988706573E-5,0.05,6.771179366037201E-8,-9163.482296035372,-8952.335226143518,0.9296368422459976,-3.969736282268385,6792.881393268615,4129.456936996522,6.201750325303136E-9,7.91813709948218E-9,4.87197306433856E-8,4.2893551980365415E-9,2.3363452279338182E-11,5.594325319878297E-10,-3.6049698380552076E-7,0.002682254244775936
3,1.9000000000000002E-6,3,1.9000000000000002E-6,0.3671865843447478,5.174480988706573E-5,0.05,6.771179366037201E-8,-9146.63639112596,-8928.698797723762,0.9286741363547096,-4.000668180077228,6822.506088162603,4158.895362810049,6.284279420118117E-9,7.927988081997912E-9,4.857069259372286E-8,4.337930711596115E-9,2.3843225631631712E-11,5.670352351143416E-10,-3.6023548799655675E-7,0.002703154175727857
3,1.9125000000000003E-6,3,1.9125000000000003E-6,0.36960228555754226,5.174480988706573E-5,0.05,6.771179366037201E-8,-9129.155576740002,-8902.04526494294,0.9277039463640282,-4.031698204758671,6852.52308582673,4188.712391635686,6.367316426378352E-9,7.93793840144659E-9,4.842080366748863E-8,4.386711412700739E-9,2.4329980694070495E-11,5.746694897170403E-10,-3.586073453118111E-7,0.0027241204086207236
3,1.925E-6,3,1.925E-6,0.3720179867703366,5.174480988706573E-5,0.05,6.771179366037201E-8,-9110.85777857531,-8872.005174381613,0.9267262461019004,-4.06284678098445,6882.938035827661,4218.9152536472,6.450920981876393E-9,7.947988933248224E-9,4.8270066661672396E-8,4.435632745405109E-9,2.4823782203520723E-11,5.82336347378971E-10,-3.575239422030519E-7,0.002745166743908412
3,1.9375E-6,3,1.9375E-6,0.374433687983131,5.174480988706573E-5,0.05,6.771179366037201E-8,-9092.403570458842,-8861.025982687774,0.9257410047291177,-4.094132165581104,6913.756839082428,4249.511241953105,6.535146955057271E-9,7.958140611504002E-9,4.8118483729985315E-8,4.484637894659791E-9,2.532469978584286E-11,5.900355676408836E-10,-3.5742280030093484E-7,0.0027663055172845296
3,1.95E-6,3,1.95E-6,0.37684938919592537,5.174480988706573E-5,0.05,6.771179366037201E-8,-9075.286254666717,-8870.634758683173,0.9247481877958136,-4.125566041950339,6944.985620941963,4280.507319556958,6.620028120067661E-9,7.968394418808538E-9,4.7966056552738224E-8,4.533692257556428E-9,2.5832806993232762E-11,5.977651394251063E-10,-3.598307106604179E-7,0.0027875446229394182
3,1.9625000000000003E-6,3,1.9625000000000003E-6,0.3792650904087198,5.174480988706573E-5,0.05,6.771179366037201E-8,-9059.804912008321,-8870.486001745647,0.9237477593105813,-4.157149526646575,6976.6306712605665,4311.909728315015,6.705564739276896E-9,7.978751365432283E-9,4.781278665976614E-8,4.5827953171061196E-9,2.6348179261825518E-11,6.055226571173326E-10,-3.6540770932504883E-7,0.0028088848153017395
3,1.975E-6,3,1.975E-6,0.3816807916215142,5.174480988706573E-5,0.05,6.771179366037201E-8,-9044.586336286207,-8846.604530218685,0.9227396839726841,-4.188875723686358,7008.698377223571,4343.72413742334,6.791730989299845E-9,7.989212466518223E-9,4.765867577428716E-8,4.6319709134255545E-9,2.6870891633152052E-11,6.133074600841716E-10,-3.716505286468446E-7,0.002830321434923215
3,1.9875E-6,3,1.9875E-6,0.3840964928343085,5.174480988706573E-5,0.05,6.771179366037201E-8,-9028.494776612804,-8816.659037757305,0.9217239281709598,-4.2207374521490895,7041.195193420378,4375.956260773175,6.8784994958796025E-9,7.999778731796046E-9,4.75037259644401E-8,4.68124178756303E-9,2.740101768786766E-11,6.21121159653257E-10,-3.766456436554501E-7,0.002851849629830466
3,2.0000000000000003E-6,3,2.0000000000000003E-6,0.386512194047103,5.174480988706573E-5,0.05,6.771179366037201E-8,-9011.32599739702,-8785.98425353661,0.9207004597663822,-4.252729714938341,7074.127650099919,4408.612071667573,6.965849398615605E-9,8.010451167843668E-9,4.7347939607857033E-8,4.730623379832431E-9,2.7938629723513158E-11,6.289656271397666E-10,-3.81755652876681E-7,0.0028734660236069873
3,2.0125000000000002E-6,3,2.0125000000000002E-6,0.38892789525989735,5.174480988706573E-5,0.05,6.771179366037201E-8,-8992.547564570194,-8739.907212304986,0.9196692480430172,-4.284845783699847,7107.502356211576,4441.697477605692,7.053753645117904E-9,8.021230778616667E-9,4.719131938216198E-8,4.780139238993264E-9,2.848379876108861E-11,6.368405239086602E-10,-3.8830476978615515E-7,0.002895166070067464
3,2.025E-6,3,2.025E-6,0.39134359647269173,5.174480988706573E-5,0.05,6.771179366037201E-8,-8971.764042473522,-8694.991222544986,0.9186302641153614,-4.317077200878139,7141.325987615122,4475.218308982026,7.14217886696543E-9,8.032118561194443E-9,4.703386832460194E-8,4.829821424358335E-9,2.903659406813831E-11,6.447431830005638E-10,-3.944096252424781E-7,0.0029169440546473915
3,2.0375E-6,3,2.0375E-6,0.3937592976854861,5.174480988706573E-5,0.05,6.771179366037201E-8,-8950.890339191486,-8695.488136405671,0.9175834802499522,-4.34942276100536,7175.605310491936,4509.18109627903,7.231115097052486E-9,8.04311551288004E-9,4.687558972681429E-8,4.879678540260615E-9,2.959708383074669E-11,6.526708583212701E-10,-3.964038038911296E-7,0.0029387991628414593
3,2.0500000000000003E-6,3,2.0500000000000003E-6,0.39617499889828056,5.174480988706573E-5,0.05,6.771179366037201E-8,-8932.946090197256,-8731.238954431732,0.9165288671425429,-4.381896615184935,7210.347273107331,4543.593840894406,7.320603395397655E-9,8.054222659963413E-9,4.671648672284022E-8,4.9296662353443485E-9,3.0165338050210504E-11,6.606226300817986E-10,-3.940036575601008E-7,0.0029607409562060374
3,2.0625E-6,3,2.0625E-6,0.39859070011107495,5.174480988706573E-5,0.05,6.771179366037201E-8,-8917.511593415717,-8726.94835050994,0.9154663911343286,-4.414520815648592,7245.559102891301,4578.465482022061,7.410712002497538E-9,8.065441087567943E-9,4.6556561873552894E-8,4.9797114383977526E-9,3.074143159547537E-11,6.685992115424712E-10,-3.930662075142122E-7,0.0029827843348976973
3,2.075E-6,3,2.075E-6,0.4010064013238693,5.174480988706573E-5,0.05,6.771179366037201E-8,-8900.34661790068,-8654.437270697068,0.9143960147363582,-4.447305255005531,7281.248296414839,4613.804196168503,7.501469289826748E-9,8.076771934897925E-9,4.6395817253150955E-8,5.0297808773352585E-9,3.132544373915593E-11,6.76601817536416E-10,-3.9939697504987444E-7,0.0030049359831118456
3,2.0875000000000003E-6,3,2.0875000000000003E-6,0.4034221025366638,5.174480988706573E-5,0.05,6.771179366037201E-8,-8879.262011411054,-8587.751622999489,0.9133177005423112,-4.480239358185493,7317.4224949775235,4649.616575028016,7.592834677696111E-9,8.088216354415088E-9,4.6234255041775864E-8,5.079910651546633E-9,3.1917453957705003E-11,6.846317201778188E-10,-4.099847500831613E-7,0.0030271887555307383
3,2.1000000000000002E-6,3,2.1000000000000002E-6,0.4058378037494581,5.174480988706573E-5,0.05,6.771179366037201E-8,-8857.42389620993,-8591.974116681029,0.9122314140699972,-4.5133092179733945,7354.089391827472,4685.908982835337,7.684755404163174E-9,8.099775481797622E-9,4.6071877950073884E-8,5.130149066537672E-9,3.2517538785027154E-11,6.926900547313112E-10,-4.159435424331108E-7,0.0030495332553874288
3,2.1125E-6,3,2.1125E-6,0.4082535049622525,5.174480988706573E-5,0.05,6.771179366037201E-8,-8838.42445813624,-8620.197791030174,0.9111371220496057,-4.546518523511799,7391.256790992211,4722.689384025012,7.777237839379202E-9,8.11145045406604E-9,4.590868895952582E-8,5.180485850146874E-9,3.3125773630414283E-11,7.007766810685188E-10,-4.15031911173049E-7,0.0030719719753458104
3,2.125E-6,3,2.125E-6,0.4106692061750469,5.174480988706573E-5,0.05,6.771179366037201E-8,-8820.80842075421,-8591.2971451672,0.9100347887302913,-4.579884294594189,7428.932736222645,4759.967107896659,7.870334147931769E-9,8.123242449219419E-9,4.574469077185318E-8,5.2308670992662276E-9,3.374223686796889E-11,7.088888570894445E-10,-4.149667656148277E-7,0.0030945164152663437
3,2.1375000000000003E-6,3,2.1375000000000003E-6,0.4130849073878413,5.174480988706573E-5,0.05,6.771179366037201E-8,-8800.836889345313,-8521.909901794488,0.9089243753535237,-4.613414671749917,7467.125535548499,4797.750989585836,7.964066631631508E-9,8.135152692496897E-9,4.55798857357307E-8,5.281271060158534E-9,3.436701048701622E-11,7.17021972161188E-10,-4.217537983365714E-7,0.0031171720755067004
3,2.15E-6,3,2.15E-6,0.4155006086006357,5.174480988706573E-5,0.05,6.771179366037201E-8,-8778.815167018978,-8496.164656417079,0.9078058431722583,-4.647101394755605,7505.843663623378,4836.048636241098,8.05840099297157E-9,8.147182424561451E-9,4.541427629906576E-8,5.331731830310903E-9,3.50001767482368E-11,7.251727329184568E-10,-4.312955551468139E-7,0.0031399333748348686
3,2.1625E-6,3,2.1625E-6,0.41791630981343003,5.174480988706573E-5,0.05,6.771179366037201E-8,-8758.553552389198,-8524.854037543504,0.9066791555867665,-4.680934722678856,7545.095691124352,4874.86762615735,8.153297075058995E-9,8.159332878709116E-9,4.524786532451465E-8,5.382284990357429E-9,3.564181574478484E-11,7.333419810858644E-10,-4.3707158791180997E-7,0.0031627937315397677
3,2.1750000000000004E-6,3,2.1750000000000004E-6,0.42033201102622453,5.174480988706573E-5,0.05,6.771179366037201E-8,-8740.895767802722,-8525.645558585724,0.9055442769845522,-4.71491614520109,7584.890327285501,4914.216632138907,8.248753208716626E-9,8.171605293392518E-9,4.508065591532401E-8,5.432923410056806E-9,3.629200666613305E-11,7.41534067745569E-10,-4.3948725545867704E-7,0.0031857541521628984
3,2.1875000000000002E-6,3,2.1875000000000002E-6,0.42274771223901886,5.174480988706573E-5,0.05,6.771179366037201E-8,-8722.018741203188,-8457.258103457438,0.9044011705162296,-4.749054517616905,7625.236501729162,4954.105172355119,8.344793450284152E-9,8.18400093650327E-9,4.491265108745246E-8,5.483614312309694E-9,3.695083032622049E-11,7.497530910754431E-10,-4.4235160769931553E-7,0.0032088206200114222
3,2.2E-6,3,2.2E-6,0.42516341345181324,5.174480988706573E-5,0.05,6.771179366037201E-8,-8699.407658902834,-8387.954481074605,0.9032497974086581,-4.783356997510569,7666.143394704987,4994.542866857102,8.441436132606399E-9,8.196521113321861E-9,4.4743853671651814E-8,5.5343346993913896E-9,3.761836998449358E-11,7.579994091541825E-10,-4.4695702524085417E-7,0.0032319979712909248
3,2.2125E-6,3,2.2125E-6,0.42757911466460763,5.174480988706573E-5,0.05,6.771179366037201E-8,-8675.7693127023,-8384.453561477874,0.9020901178260073,-4.8178252382364235,7707.620412951658,5035.5390888873035,8.538680249415757E-9,8.209167157702956E-9,4.4574266443185424E-8,5.585085107578189E-9,3.829471038520035E-11,7.662693063353105E-10,-4.5318204585676715E-7,0.0032552873231327184
3,2.2250000000000003E-6,3,2.2250000000000003E-6,0.42999481587740207,5.174480988706573E-5,0.05,6.771179366037201E-8,-8654.568492627355,-8406.106651389984,0.9009220920104992,-4.852456909032267,7749.677154431625,5077.103060394131,8.636510467141393E-9,8.221940420052848E-9,4.440389229042328E-8,5.635881886775415E-9,3.897993643962243E-11,7.745575160351414E-10,-4.599420960288903E-7,0.003278687100697478
3,2.2375E-6,3,2.2375E-6,0.43241051709019646,5.174480988706573E-5,0.05,6.771179366037201E-8,-8634.825462044526,-8381.242850970755,0.8997456804458746,-4.887252254297672,7792.323407118911,5119.244412604333,8.734920273716594E-9,8.234842265836312E-9,4.423273423890049E-8,5.686731108150844E-9,3.967413302288513E-11,7.828601982630151E-10,-4.6435753919723975E-7,0.0033021974691200486
3,2.25E-6,3,2.25E-6,0.4348262183029908,5.174480988706573E-5,0.05,6.771179366037201E-8,-8613.64926910259,-8328.018806127186,0.898560842645664,-4.92221903199052,7835.569198040579,5161.97365771112,8.833929868511223E-9,8.247874089205755E-9,4.406079527569351E-8,5.737608832160987E-9,4.0377386396756254E-11,7.911766023942647E-10,-4.6677259319782716E-7,0.0033258236702638647
3,2.2625000000000004E-6,3,2.2625000000000004E-6,0.4372419195157853,5.174480988706573E-5,0.05,6.771179366037201E-8,-8591.332138681923,-8308.0958154216,0.8973675362419695,-4.957365193774805,7879.424833210053,5205.3015997790235,8.933560309467805E-9,8.26103732355039E-9,4.38880782199755E-8,5.78848692294968E-9,4.1089785313861614E-11,7.995091080565615E-10,-4.7245917564537013E-7,0.0033495710768748684
3,2.2750000000000002E-6,3,2.2750000000000002E-6,0.4396576207285796,5.174480988706573E-5,0.05,6.771179366037201E-8,-8569.9150008438,-8307.785651000035,0.8961657181871484,-4.992688506584781,7923.900860708093,5249.238406298278,9.033795984507908E-9,8.274333428825662E-9,4.37145859002933E-8,5.839372354331167E-9,4.181141961632812E-11,8.078619175887755E-10,-4.822676687199135E-7,0.0033734381801248515
3,2.2875E-6,3,2.2875E-6,0.442073321941374,5.174480988706573E-5,0.05,6.771179366037201E-8,-8548.61376842525,-8268.915993311337,0.8949553464511308,-5.02818263184437,7969.00801360499,5293.794075376245,9.134605986252436E-9,8.287763873154615E-9,4.354032140040071E-8,5.8902880286000874E-9,4.254237819614281E-11,8.162388405805747E-10,-4.896220532960741E-7,0.0033974206971921416
3,2.3E-6,3,2.3E-6,0.4444890231541684,5.174480988706573E-5,0.05,6.771179366037201E-8,-8525.082506454733,-8205.578866575466,0.8937363793289471,-5.0638510767773175,8014.7572403854665,5338.9796683321365,9.235994691758875E-9,8.301330140737276E-9,4.336528795848848E-8,5.9412236755282274E-9,4.3282749799613366E-11,8.24641111149674E-10,-4.922762793249041E-7,0.0034215209978225116
3,2.3125000000000003E-6,3,2.3125000000000003E-6,0.4469047243669628,5.174480988706573E-5,0.05,6.771179366037201E-8,-8500.211713312117,-8185.6656913064035,0.892508773431237,-5.099704401505536,8061.159786559341,5384.807149136601,9.337992197265516E-9,8.315033754626015E-9,4.31894886796365E-8,5.992146376342645E-9,4.40326254624293E-11,8.330664052330742E-10,-4.965428328520762E-7,0.0034457462172334703
3,2.325E-6,3,2.325E-6,0.4493204255797572,5.174480988706573E-5,0.05,6.771179366037201E-8,-8477.464336032586,-8212.445758602698,0.8912724836570765,-5.1357463683200635,8108.227203988238,5431.288196546199,9.44060389015758E-9,8.328876277688914E-9,4.301292653567029E-8,6.043051120002938E-9,4.4792098578111493E-11,8.415095179925158E-10,-5.053814087472922E-7,0.0034700988975135565
3,2.3375E-6,3,2.3375E-6,0.45173612679255154,5.174480988706573E-5,0.05,6.771179366037201E-8,-8457.523152826388,-8215.338156070304,0.8900274648681521,-5.171973447829115,8155.971295061745,5478.434106344304,9.543808169980298E-9,8.342859294459088E-9,4.2835604607111547E-8,6.09396126540254E-9,4.5561262866754265E-11,8.499642545987792E-10,-5.140308818216798E-7,0.003494576653938591
3,2.3500000000000004E-6,3,2.3500000000000004E-6,0.45415182800534604,5.174480988706573E-5,0.05,6.771179366037201E-8,-8436.905173893036,-8154.724665424545,0.8887736723827181,-5.208385266178425,8204.404100084697,5526.256684417866,9.647594644499946E-9,8.35698440596842E-9,4.265752615382097E-8,6.14488720667545E-9,4.634021175260963E-11,8.584258288855999E-10,-5.199798603630431E-7,0.003519179233904341
3,2.3625000000000003E-6,3,2.3625000000000003E-6,0.45656752921814037,5.174480988706573E-5,0.05,6.771179366037201E-8,-8412.435507282973,-8071.429397581491,0.8875110609417054,-5.244987007321041,8253.537943683164,5574.7685011627655,9.751973258268976E-9,8.371253241778753E-9,4.247869446836392E-8,6.1958150331484204E-9,4.7129039632365E-11,8.668930074411636E-10,-5.259311042759834E-7,0.0035439101400817842
3,2.375E-6,3,2.375E-6,0.45898323043093475,5.174480988706573E-5,0.05,6.771179366037201E-8,-8385.171029627523,-8031.204714098087,0.8862395839665137,-5.2817844734708075,8303.385471713933,5623.982498709469,9.856956218392064E-9,8.385667468929046E-9,4.2299112772966087E-8,6.246724406354499E-9,4.7927842812053874E-11,8.753688594151738E-10,-5.330164975756013E-7,0.003568773292885681
3,2.3875E-6,3,2.3875E-6,0.46139893164372914,5.174480988706573E-5,0.05,6.771179366037201E-8,-8359.218335737256,-8051.743387369331,0.8849591936579208,-5.318781967571538,8353.959656394461,5673.9118117623375,9.9625500962233E-9,8.400228791475403E-9,4.2118784236559956E-8,6.297598023705549E-9,4.873671940696612E-11,8.838591913370884E-10,-5.405507929195682E-7,0.0035937715997104987
3,2.4000000000000003E-6,3,2.4000000000000003E-6,0.4638146328565236,5.174480988706573E-5,0.05,6.771179366037201E-8,-8337.081822686987,-8081.0877525192545,0.8836698414623779,-5.355981445653417,8405.27378688544,5724.569684489094,1.0068752538985998E-8,8.414938945828888E-9,4.193771204314868E-8,6.348427839520936E-9,4.9555768771245924E-11,8.923693180520688E-10,-5.49476866299845E-7,0.0036189063821982547
3,2.4125E-6,3,2.4125E-6,0.46623033406931796,5.174480988706573E-5,0.05,6.771179366037201E-8,-8316.503250221032,-8049.333568954693,0.8823714786868271,-5.393382105581452,8457.341453349693,5775.969418900311,1.0175550566268301E-8,8.429799694304684E-9,4.175589947983593E-8,6.399219588889432E-9,5.038509072176616E-11,9.009013742088097E-10,-5.592252257797545E-7,0.003644177098365846
3,2.425E-6,3,2.425E-6,0.4686460352821123,5.174480988706573E-5,0.05,6.771179366037201E-8,-8292.859693126078,-7958.36173067336,0.8810640565909467,-5.430985067135386,8510.176551351355,5828.124788332797,1.028293810402511E-8,8.444812824558597E-9,4.1573349950511256E-8,6.449975740139786E-9,5.122478541204042E-11,9.094538664739363E-10,-5.669507364670696E-7,0.0036695845048212066
3,2.4375000000000004E-6,3,2.4375000000000004E-6,0.4710617364949068,5.174480988706573E-5,0.05,6.771179366037201E-8,-8265.135517335779,-7892.944630454985,0.8797475255095307,-5.468796853465232,8563.793325986344,5881.050386020638,1.039092931592482E-8,8.459980160205963E-9,4.1390066854481824E-8,6.500680542887289E-9,5.2074954454543544E-11,9.180229892328335E-10,-5.736546417794833E-7,0.0036951330090981296
3,2.4500000000000003E-6,3,2.4500000000000003E-6,0.4734774377077011,5.174480988706573E-5,0.05,6.771179366037201E-8,-8237.547313334086,-7906.349432300733,0.8784218343356885,-5.5068229869951,8618.206403095603,5934.761094686021,1.0499534518943062E-8,8.475303567476017E-9,4.120605351727765E-8,6.551322766494282E-9,5.293570160401926E-11,9.26604070744936E-10,-5.836181542896845E-7,0.003720826342564257
3,2.4625E-6,3,2.4625E-6,0.4758931389204955,5.174480988706573E-5,0.05,6.771179366037201E-8,-8213.678401246332,-7937.317964014651,0.8770869315236017,-5.545061619473342,8673.430758715049,5989.271496969184,1.0608735758663251E-8,8.49078494435159E-9,4.102131333274447E-8,6.60191965263928E-9,5.3807131475487764E-11,9.351924636058874E-10,-5.963051614022991E-7,0.003746663256400907
3,2.475E-6,3,2.475E-6,0.4783088401332899,5.174480988706573E-5,0.05,6.771179366037201E-8,-8191.355836659048,-7900.237884693689,0.8757427660833298,-5.5835098739271745,8729.481687246813,6044.596401486589,1.0718510697373309E-8,8.506426209586728E-9,4.0835849901573694E-8,6.652492009804249E-9,5.46893482385914E-11,9.437844147376172E-10,-6.066750800097566E-7,0.0037726418067075503
3,2.4875000000000003E-6,3,2.4875000000000003E-6,0.48072454134608433,5.174480988706573E-5,0.05,6.771179366037201E-8,-8166.11789810375,-7814.745282308365,0.8743892866623839,-5.622173543330453,8786.374848680289,6100.751743903384,1.0828869882497734E-8,8.522229313878993E-9,4.064966690455624E-8,6.7030252668774635E-9,5.5582456801091316E-11,9.523782761558776E-10,-6.137720235770713E-7,0.0037987659076557114
3,2.5E-6,3,2.5E-6,0.4831402425588787,5.174480988706573E-5,0.05,6.771179366037201E-8,-8137.776513885829,-7766.693557243638,0.8730264397623145,-5.661064687182967,8844.126354759966,6157.754460684777,1.0939847957412982E-8,8.538196261423257E-9,4.046276785968847E-8,6.75347751188387E-9,5.6486565170180906E-11,9.609753934590994E-10,-6.219202279728177E-7,0.0038250437075560586
3,2.5125E-6,3,2.5125E-6,0.48555594377167305,5.174480988706573E-5,0.05,6.771179366037201E-8,-8109.979954050077,-7772.794054505178,0.8716541694773505,-5.700191293098335,8902.752793937956,6215.621600718467,1.1051463947190761E-8,8.554329113991364E-9,4.027515609157961E-8,6.803820191982514E-9,5.7401784845534024E-11,9.695796069993661E-10,-6.339188572693178E-7,0.003851480603444821
3,2.5250000000000004E-6,3,2.5250000000000004E-6,0.48797164498446755,5.174480988706573E-5,0.05,6.771179366037201E-8,-8084.500295335327,-7773.22066946043,0.8702724189895823,-5.739552929505699,8962.271181415394,6274.36989100279,1.116370411447123E-8,8.570629974346537E-9,4.0086834940618104E-8,6.854057392987456E-9,5.832822886704341E-11,9.781951017742252E-10,-6.484440160029951E-7,0.0038780763037200667
3,2.5375000000000003E-6,3,2.5375000000000003E-6,0.4903873461972619,5.174480988706573E-5,0.05,6.771179366037201E-8,-8059.703407556809,-7739.877528036578,0.8688811320681459,-5.779145096279351,9022.698906318785,6334.016069573723,1.127653844551024E-8,8.58710096926812E-9,3.9897807968913166E-8,6.9042115941948975E-9,5.926600980550201E-11,9.86823775188555E-10,-6.630675262639289E-7,0.0039048277677563186
3,2.55E-6,3,2.55E-6,0.49280304741005626,5.174480988706573E-5,0.05,6.771179366037201E-8,-8034.0767119856355,-7701.205529432544,0.8674802532377988,-5.818965970245002,9084.053734529496,6394.577486992802,1.1389946809988682E-8,8.603744248054753E-9,3.970807898246096E-8,6.954298478667924E-9,6.021523950360792E-11,9.95464118041463E-10,-6.761548047928405E-7,0.0039317337636790555
3,2.5625E-6,3,2.5625E-6,0.49521874862285065,5.174480988706573E-5,0.05,6.771179366037201E-8,-8007.618321375771,-7666.718390688843,0.8660697266714282,-5.859020263953077,9146.353868048314,6456.072508536364,1.1503934245593817E-8,8.620561996236708E-9,3.951765188084448E-8,7.0043102981195834E-9,6.117603054833118E-11,1.0041126502119704E-9,-6.876027734692486E-7,0.003958797475643971
3,2.5750000000000003E-6,3,2.5750000000000003E-6,0.4976344498356451,5.174480988706573E-5,0.05,6.771179366037201E-8,-7979.882474033012,-7614.759530858405,0.8646494948811911,-5.899317061905563,9209.618016201885,6518.5203925763235,1.1618522784833542E-8,8.637556451998602E-9,3.9326530482731946E-8,7.054221482247744E-9,6.214849805665462E-11,1.012766582868357E-9,-6.9969546826471E-7,0.003986025041828083
3,2.5875000000000002E-6,3,2.5875000000000002E-6,0.5000501510484394,5.174480988706573E-5,0.05,6.771179366037201E-8,-7950.179760978124,-7558.814338341877,0.8632194984416642,-5.939863396681821,9273.865423746021,6581.940745751896,1.1733726313524944E-8,8.654729910547503E-9,3.913471849301161E-8,7.104012722540594E-9,6.313276008617402E-11,1.0214250702961205E-9,-7.146519453419212E-7,0.0040134212139742035
3,2.6E-6,3,2.6E-6,0.5024658522612339,5.174480988706573E-5,0.05,6.771179366037201E-8,-7920.116943332044,-7545.323292319663,0.8617796767667495,-5.980661841383882,9339.115852234483,6646.353289287881,1.184954091510919E-8,8.672084715859207E-9,3.89422196113541E-8,7.153681919897824E-9,6.41289365977498E-11,1.0300880561643949E-9,-7.311191576774702E-7,0.004040987730664785
3,2.6125000000000004E-6,3,2.6125000000000004E-6,0.5048815534740283,5.174480988706573E-5,0.05,6.771179366037201E-8,-7892.730386817637,-7569.911215443813,0.8603299686264545,-6.02171508329541,9405.389572092163,6711.77826027801,1.1965962788852435E-8,8.689623255401091E-9,3.874903760416491E-8,7.203227715613492E-9,6.513714875262322E-11,1.038754588195898E-9,-7.466851612213444E-7,0.004068726407632034
3,2.6250000000000003E-6,3,2.6250000000000003E-6,0.5072972546868226,5.174480988706573E-5,0.05,6.771179366037201E-8,-7868.055735873318,-7563.202065289685,0.8588703118209432,-6.063028463507334,9472.707393034532,6778.236669704241,1.2082998359008238E-8,8.70734796499393E-9,3.855517626345017E-8,7.252639000830924E-9,6.615751936858667E-11,1.0474229080823667E-9,-7.627125941775675E-7,0.004096640853721171
3,2.6375E-6,3,2.6375E-6,0.5097129558996171,5.174480988706573E-5,0.05,6.771179366037201E-8,-7842.123238534003,-7487.321510679946,0.8574006430970823,-6.104605434091798,9541.090684503004,6845.749915026891,1.2200646254611972E-8,8.725261330825983E-9,3.836063939861001E-8,7.301911568072725E-9,6.719017304634694E-11,1.0560919916963748E-9,-7.818949364411002E-7,0.004124733401413378
3,2.65E-6,3,2.65E-6,0.5121286571124114,5.174480988706573E-5,0.05,6.771179366037201E-8,-7811.889227090911,-7396.5615105969755,0.8559208989064395,-6.14644498818507,9610.561357225859,6914.339530544239,1.2318886913147392E-8,8.7433658812029E-9,3.8165430939293545E-8,7.3510581512648306E-9,6.823523511076991E-11,1.0647621781034045E-9,-8.028475725762745E-7,0.0041530033703953174
3,2.6625000000000003E-6,3,2.6625000000000003E-6,0.5145443583252058,5.174480988706573E-5,0.05,6.771179366037201E-8,-7779.314690460556,-7364.298887211401,0.8544310158103134,-6.188547137018711,9681.141860254538,6984.027677695248,1.2437704351443484E-8,8.761664182455686E-9,3.796955498990201E-8,7.4000876615616415E-9,6.929283102633853E-11,1.0734339594866843E-9,-8.223751457406061E-7,0.004181450768255886
3,2.6750000000000002E-6,3,2.6750000000000002E-6,0.5169600595380002,5.174480988706573E-5,0.05,6.771179366037201E-8,-7748.6149174842585,-7381.577344262686,0.8529309296217764,-6.23091803118954,9752.855238162414,7054.837664421654,1.2557106830633498E-8,8.780158850357445E-9,3.777301571779879E-8,7.4489855334413916E-9,7.03630875990547E-11,1.0821067100381683E-9,-8.407767774344498E-7,0.004210079750803743
3,2.6875E-6,3,2.6875E-6,0.5193757607507946,5.174480988706573E-5,0.05,6.771179366037201E-8,-7720.684266700938,-7377.025282615162,0.851420574226119,-6.273567537253887,9825.725206664345,7126.793801861898,1.2677117347957129E-8,8.798852565796812E-9,3.7575817201931566E-8,7.497722963606986E-9,7.144613466864663E-11,1.0907791729678145E-9,-8.606099455108066E-7,0.004238896984631004
3,2.7000000000000004E-6,3,2.7000000000000004E-6,0.521791461963589,5.174480988706573E-5,0.05,6.771179366037201E-8,-7692.706765684762,-7324.3807081778905,0.8498998813192127,-6.316503967370086,9899.77618720131,7199.9209617241995,1.2797752452952128E-8,8.817748079397575E-9,3.737796340392466E-8,7.546276895686472E-9,7.254210551925934E-11,1.099450932327219E-9,-8.830155200238527E-7,0.004267908086060869
3,2.7125000000000003E-6,3,2.7125000000000003E-6,0.5242071631763834,5.174480988706573E-5,0.05,6.771179366037201E-8,-7662.873601619474,-7271.229532168518,0.8483687811016144,-6.359731402864263,9975.033295891475,7274.244322316035,1.291901129281471E-8,8.836848204309923E-9,3.717945826363796E-8,7.594640615501296E-9,7.365113591506269E-11,1.1081226582009948E-9,-9.081134724331578E-7,0.004297115812746124
3,2.725E-6,3,2.725E-6,0.5266228643891778,5.174480988706573E-5,0.05,6.771179366037201E-8,-7632.558158138961,-7251.835013463474,0.8468272032773186,-6.403249863331268,10051.522316249759,7349.789356393127,1.3040876095899776E-8,8.856155805013868E-9,3.6980305832147944E-8,7.642824534491964E-9,7.477336266773221E-11,1.1167946881397962E-9,-9.354649685998575E-7,0.004326520177926532
3,2.7375E-6,3,2.7375E-6,0.5290385656019722,5.174480988706573E-5,0.05,6.771179366037201E-8,-7603.039193543719,-7232.300051932644,0.8452750775870523,-6.447058972545398,10129.269693331426,7426.582158837131,1.3163326939094336E-8,8.875673791722408E-9,3.678051034217401E-8,7.690842624323762E-9,7.590892284922076E-11,1.1254658358987166E-9,-9.629682812130834E-7,0.0043561209273955395
3,2.7500000000000004E-6,3,2.7500000000000004E-6,0.5314542668147666,5.174480988706573E-5,0.05,6.771179366037201E-8,-7572.7801373591,-7173.461977255933,0.843712333268987,-6.491163213241239,10208.302581590393,7504.649973826094,1.3286363213584242E-8,8.895405128220831E-9,3.6580076139696E-8,7.738690288851665E-9,7.705795456167642E-11,1.134133943187216E-9,-9.893737376859801E-7,0.004385921090027865
3,2.7625000000000002E-6,3,2.7625000000000002E-6,0.5338699680275609,5.174480988706573E-5,0.05,6.771179366037201E-8,-7539.847757273581,-7100.463612793706,0.8421388979217341,-6.535571710442867,10288.648925737962,7584.021256206264,1.3410002930471123E-8,8.915352847493954E-9,3.637900754083235E-8,7.786344847367017E-9,7.822060001674773E-11,1.1427973761445618E-9,-9.971386460973622E-7,0.004415926831380316
3,2.775E-6,3,2.775E-6,0.5362856692403554,5.174480988706573E-5,0.05,6.771179366037201E-8,-7505.420096817071,-7067.49971556866,0.8405546974347325,-6.580289607894134,10370.337490566299,7664.724911971166,1.3534247457726219E-8,8.935520054129237E-9,3.617730882758628E-8,7.833796584141552E-9,7.939700178242584E-11,1.1514556562470944E-9,-1.0054195217156509E-6,0.004446141626955496
3,2.7875000000000004E-6,3,2.7875000000000004E-6,0.5387013704531498,5.174480988706573E-5,0.05,6.771179366037201E-8,-7472.750722064334,-7078.423229851807,0.8389596570434978,-6.625317125078507,10453.397833146544,7746.7901835167095,1.3659077455540337E-8,8.955909912377752E-9,3.597498438624901E-8,7.881057081810632E-9,8.058730435831632E-11,1.1601087742649407E-9,-1.015270269931611E-6,0.004476565625053045
3,2.8000000000000003E-6,3,2.8000000000000003E-6,0.5411170716659441,5.174480988706573E-5,0.05,6.771179366037201E-8,-7443.006255622199,-7080.270445362823,0.8373537016281255,-6.670656896768264,10537.860312789002,7830.247333769815,1.3784482970285596E-8,8.976525643654744E-9,3.577203874737951E-8,7.928129136159395E-9,8.179165371020403E-11,1.1687563142137992E-9,-1.0219042360500891E-6,0.004507200605924503
3,2.8125E-6,3,2.8125E-6,0.5435327728787386,5.174480988706573E-5,0.05,6.771179366037201E-8,-7413.742408411511,-7031.878152428089,0.8357367545353771,-6.716318952943732,10623.75617984541,7915.128193855794,1.391048412321797E-8,8.997370543053543E-9,3.55684764394155E-8,7.974985459959201E-9,8.301019803179826E-11,1.1773973873144157E-9,-1.0265476045270482E-6,0.004538053346583603
3,2.825E-6,3,2.825E-6,0.5459484740915329,5.174480988706573E-5,0.05,6.771179366037201E-8,-7381.944484795794,-6954.174258562363,0.834108736460065,-6.7623153218820296,10711.117666127355,8001.465756292026,1.4037108989522208E-8,9.018447995518382E-9,3.536430185310302E-8,8.02159058887897E-9,8.424309000963234E-11,1.1860311695814761E-9,-1.0334057708936082E-6,0.004569131974244614
3,2.8375000000000004E-6,3,2.8375000000000004E-6,0.5483641753043274,5.174480988706573E-5,0.05,6.771179366037201E-8,-7347.597089163224,-6900.248506130062,0.8324695658604377,-6.808652554024286,10799.97799665542,8089.293495685467,1.4164362572291349E-8,9.039761472455515E-9,3.515951930048052E-8,8.067931953800037E-9,8.549048593126997E-11,1.1946572421939332E-9,-1.043145005753903E-6,0.004600440914881275
3,2.8500000000000002E-6,3,2.8500000000000002E-6,0.5507798765171217,5.174480988706573E-5,0.05,6.771179366037201E-8,-7313.236127233332,-6885.233028645293,0.8308191602251935,-6.855332085874661,10890.371354541603,8178.645366611939,1.429222809508787E-8,9.061314517120387E-9,3.495413317850248E-8,8.114018586957299E-9,8.675254395590398E-11,1.2032754032148844E-9,-1.0535171101810626E-6,0.004631981139104501
3,2.8625E-6,3,2.8625E-6,0.5531955777299161,5.174480988706573E-5,0.05,6.771179366037201E-8,-7280.302895433315,-6869.8942442829475,0.8291574368614002,-6.902353948111637,10982.332869569602,8269.556135709987,1.4420682283573439E-8,9.083110735925192E-9,3.4748148069740625E-8,8.159865836752429E-9,8.802942280882878E-11,1.2118852630922702E-9,-1.0640462367183563E-6,0.004663752667642998
3,2.8750000000000004E-6,3,2.8750000000000004E-6,0.5556112789427106,5.174480988706573E-5,0.05,6.771179366037201E-8,-7247.409218369273,-6820.601227725507,0.8274843129540975,-6.949719103553465,11075.898646221207,8362.06162691011,1.4549705086685312E-8,9.105153799135577E-9,3.4541568751034654E-8,8.205485965752693E-9,8.932128171905436E-11,1.2204860396349434E-9,-1.0742059225887672E-6,0.004695756151049639
3,2.8875000000000003E-6,3,2.8875000000000003E-6,0.5580269801555049,5.174480988706573E-5,0.05,6.771179366037201E-8,-7212.7527138644455,-6757.009071895198,0.8257997049635122,-6.997432550301513,11171.105830323002,8456.199077364703,1.4679292703135019E-8,9.127447450373273E-9,3.433440012065775E-8,8.25087517222224E-9,9.062828129929086E-11,1.22907664338329E-9,-1.0823712857571311E-6,0.004727994966419941
3,2.9E-6,3,2.9E-6,0.5604426813682993,5.174480988706573E-5,0.05,6.771179366037201E-8,-7176.875092320995,-6718.600696451355,0.8241035274347241,-7.045505139408361,11267.992712884496,8552.00741163743,1.4809465329751018E-8,9.149995524206596E-9,3.412664705543878E-8,8.296005540504706E-9,9.195058540772235E-11,1.2376558782439616E-9,-1.0891281302036948E-6,0.00476047644554619
3,2.9125E-6,3,2.9125E-6,0.5628583825810937,5.174480988706573E-5,0.05,6.771179366037201E-8,-7141.795600244596,-6706.594927337454,0.8223956922874592,-7.093947850157302,11366.59881191864,8649.526788693489,1.4940243236380235E-8,9.17280195780096E-9,3.391831432989416E-8,8.340848745867833E-9,9.328836227394895E-11,1.246222629509627E-9,-1.0987546072199007E-6,0.004793208006863042
3,2.9250000000000004E-6,3,2.9250000000000004E-6,0.5652740837938881,5.174480988706573E-5,0.05,6.771179366037201E-8,-7108.131413826694,-6686.3358328286695,0.8206761096392141,-7.14276468446213,11466.964868676363,8748.797931699128,1.5071616788472667E-8,9.195870782282467E-9,3.370940672343567E-8,8.385406270231853E-9,9.464178325149629E-11,1.2547760265858864E-9,-1.111861138279871E-6,0.0048261923543663045
3,2.9375000000000003E-6,3,2.9375000000000003E-6,0.5676897850066824,5.174480988706573E-5,0.05,6.771179366037201E-8,-7074.336902054687,-6635.897488956144,0.8189446889384965,-7.191957075634817,11569.132824186854,8849.862517584808,1.520356483318004E-8,9.219206109681865E-9,3.3499929162609775E-8,8.429690943251058E-9,9.601102104263651E-11,1.263315541009706E-9,-1.1231366474822834E-6,0.004859430456510012
3,2.95E-6,3,2.95E-6,0.5701054862194769,5.174480988706573E-5,0.05,6.771179366037201E-8,-7038.737788711268,-6570.673067673623,0.8172013383481489,-7.241534129523763,11673.14589812395,8952.764219969868,1.5336097934356664E-8,9.242812143268642E-9,3.328988664955305E-8,8.473683171099717E-9,9.739625066519767E-11,1.2718409683087912E-9,-1.1304252303438478E-6,0.0048929284658944345
3,2.9625000000000004E-6,3,2.9625000000000004E-6,0.5725211874322713,5.174480988706573E-5,0.05,6.771179366037201E-8,-7001.533689422611,-6521.9060726975995,0.8154459632105729,-7.291510188232565,11779.048727564448,9057.548619516268,1.5469248239381305E-8,9.26669320070209E-9,3.30792840824091E-8,8.517341017172331E-9,9.879765190242605E-11,1.2803522999286337E-9,-1.1396666954397897E-6,0.004926696073130112
3,2.9750000000000003E-6,3,2.9750000000000003E-6,0.5749368886450656,5.174480988706573E-5,0.05,6.771179366037201E-8,-6964.477643453655,-6500.218717665701,0.8136784663831343,-7.341891639158956,11886.88739923859,9164.26198946828,1.5603013587849268E-8,9.290853712227301E-9,3.286812630341188E-8,8.560656976946003E-9,1.0021540880992577E-10,1.288849448891232E-9,-1.15522322136482E-6,0.004960737594026322
3,2.9875E-6,3,2.9875E-6,0.5773525898578601,5.174480988706573E-5,0.05,6.771179366037201E-8,-6928.71594271314,-6482.415135374809,0.8118987503512151,-7.392675116795653,11996.709372364749,9272.95104618369,1.57373496289061E-8,9.315298194355781E-9,3.265641835702198E-8,8.60366663420619E-9,1.0164970634616744E-10,1.2973317862533611E-9,-1.1719270477546832E-6,0.004995050754591657
3,3.0E-6,3,3.0E-6,0.5797682910706544,5.174480988706573E-5,0.05,6.771179366037201E-8,-6893.309414617159,-6438.354745474579,0.8101067178827549,-7.443861457908761,12108.563486312505,9383.664280375016,1.5872229002987828E-8,9.340031242965923E-9,3.244416556922755E-8,8.64638921984772E-9,1.0310072928697915E-10,1.3057977659009784E-9,-1.1834002720991E-6,0.005029636120208622
3,3.0125000000000004E-6,3,3.0125000000000004E-6,0.5821839922834489,5.174480988706573E-5,0.05,6.771179366037201E-8,-6856.333847430675,-6369.8737325167485,0.8083022701037531,-7.495463402632392,12222.500131185794,9496.452861980348,1.600767428515146E-8,9.365057562058522E-9,3.2231373321330686E-8,8.688793891744241E-9,1.0456866530787456E-10,1.3142451978955235E-9,-1.192360729871642E-6,0.0050645022990759405
3,3.0250000000000003E-6,3,3.0250000000000003E-6,0.5845996934962432,5.174480988706573E-5,0.05,6.771179366037201E-8,-6817.295280554986,-6309.3975887304505,0.8064853048392335,-7.5474957065657975,12338.571411925499,9611.369863527272,1.6143715984333074E-8,9.390381989657821E-9,3.2018046860795066E-8,8.730841215805906E-9,1.0605370770082245E-10,1.3226722726617021E-9,-1.2055420955954807E-6,0.0050996592611931065
3,3.0375E-6,3,3.0375E-6,0.5870153947090376,5.174480988706573E-5,0.05,6.771179366037201E-8,-6777.71482832536,-6277.382474881112,0.8046557173849085,-7.599964629107489,12456.831164457046,9728.469271275308,1.6280347568556915E-8,9.41600949036493E-9,3.180419140080589E-8,8.772527855098354E-9,1.0755605416109956E-10,1.3310784812755119E-9,-1.222979112330426E-6,0.005135111235883438
3,3.0500000000000004E-6,3,3.0500000000000004E-6,0.5894310959218321,5.174480988706573E-5,0.05,6.771179366037201E-8,-6739.209330241075,-6258.9870514981485,0.8028134020190411,-7.652872225043678,12577.334922540895,9847.806361189829,1.6417543643572925E-8,9.441945137252372E-9,3.1589812303432E-8,8.81386830902554E-9,1.0907590432510018E-10,1.3394644454402866E-9,-1.2393309830473496E-6,0.005170859611515999
3,3.0625000000000003E-6,3,3.0625000000000003E-6,0.5918467971346264,5.174480988706573E-5,0.05,6.771179366037201E-8,-6701.753875403115,-6228.402187794481,0.8009582518509148,-7.706226024919196,12700.13999115416,9969.438701365378,1.6555301386558843E-8,9.46819411681044E-9,3.137491506582474E-8,8.85485398016146E-9,1.106134600071521E-10,1.3478308074142652E-9,-1.2530105987786789E-6,0.005206909476296754
3,3.075E-6,3,3.075E-6,0.5942624983474208,5.174480988706573E-5,0.05,6.771179366037201E-8,-6664.08239207564,-6178.32069808553,0.7990901575860706,-7.760038459892653,12825.305596374124,10093.426248079932,1.6693638152982E-8,9.494761749494966E-9,3.115950518228442E-8,8.8954565004538E-9,1.1216892724277324E-10,1.356177292884402E-9,-1.2679479452913424E-6,0.005243269229657198
3,3.0875E-6,3,3.0875E-6,0.5966781995602152,5.174480988706573E-5,0.05,6.771179366037201E-8,-6625.124094899546,-6118.847839184286,0.7972090073398366,-7.814318640383543,12952.892972800832,10219.830640911268,1.6832556155951974E-8,9.521653495895246E-9,3.094358813032271E-8,8.935663592584357E-9,1.1374251662302647E-10,1.3645026338281773E-9,-1.2868536159063952E-6,0.005279945027286178
3,3.1000000000000004E-6,3,3.1000000000000004E-6,0.5990939007730096,5.174480988706573E-5,0.05,6.771179366037201E-8,-6584.764657484078,-6063.198382049865,0.7953146876596666,-7.869070413743552,13082.96537181241,10348.71502193799,1.6972034007375982E-8,9.548874945689429E-9,3.072716949515849E-8,8.975487232218198E-9,1.1533444160446267E-10,1.3728050248159633E-9,-1.3072096411247833E-6,0.0053169394687456436
3,3.1125000000000003E-6,3,3.1125000000000003E-6,0.6015096019858039,5.174480988706573E-5,0.05,6.771179366037201E-8,-6543.727827086714,-6020.143518099516,0.793407083923175,-7.924299517120286,13215.588111797728,10480.144778121141,1.7112057458961166E-8,9.576431815301368E-9,3.0510255020160666E-8,9.014932080292172E-9,1.1694491783379273E-10,1.3810826156794692E-9,-1.3255023758791767E-6,0.005354256430486679
3,3.125E-6,3,3.125E-6,0.6039253031985984,5.174480988706573E-5,0.05,6.771179366037201E-8,-6502.930877944621,-5987.553922035086,0.7914860793320067,-7.980018211037896,13350.828729270404,10614.188143613635,1.725263941087936E-8,9.604329965934216E-9,3.029285049749295E-8,9.053974659745905E-9,1.1857416483630714E-10,1.3893340314325877E-9,-1.342898271917626E-6,0.005391904196647227
3,3.1375000000000005E-6,3,3.1375000000000005E-6,0.6063410044113928,5.174480988706573E-5,0.05,6.771179366037201E-8,-6462.579168343993,-5950.527703487327,0.7895515539814989,-8.036240045441982,13488.757133605219,10750.91584652544,1.7393797335477724E-8,9.632575421081497E-9,3.0074961670553666E-8,9.092585648453581E-9,1.2022240761033576E-10,1.3975588530811844E-9,-1.3634864627354772E-6,0.005429891922595934
3,3.1500000000000003E-6,3,3.1500000000000003E-6,0.6087567056241872,5.174480988706573E-5,0.05,6.771179366037201E-8,-6421.866919887303,-5897.373421083819,0.7876033853588029,-8.092973119429834,13629.445667206177,10890.40051086095,1.7535524079565977E-8,9.661174363591555E-9,2.9856594299224226E-8,9.130759568341459E-9,1.2188987581099974E-10,1.4057574968687137E-9,-1.3878966129558719E-6,0.005468225080695834
3,3.1625000000000002E-6,3,3.1625000000000002E-6,0.6111724068369816,5.174480988706573E-5,0.05,6.771179366037201E-8,-6379.955160505709,-5837.165214411123,0.7856414494035898,-8.150222083178388,13772.969125999038,11032.716871099085,1.7677796437026106E-8,9.690133124320189E-9,2.9637754286160468E-8,9.16850711004593E-9,1.2357680194752912E-10,1.4139302387645552E-9,-1.4127835355457066E-6,0.0055069068129583705
3,3.175E-6,3,3.175E-6,0.6135881080497759,5.174480988706573E-5,0.05,6.771179366037201E-8,-6337.130360158618,-5789.192161151639,0.7836656205464975,-8.207994710486721,13919.404854677216,11177.942511611189,1.782060358338532E-8,9.719458185628617E-9,2.94184476864616E-8,9.205827283051495E-9,1.2528342130427736E-10,1.4220762226198413E-9,-1.4366466401630343E-6,0.005545942371950488
3,3.1875000000000004E-6,3,3.1875000000000004E-6,0.6160038092625704,5.174480988706573E-5,0.05,6.771179366037201E-8,-6294.463186510847,-5755.775270736319,0.781675770848222,-8.26630287192205,14068.832914268605,11326.158131249742,1.7963951294172225E-8,9.74915619846307E-9,2.919868061814956E-8,9.242703033270453E-9,1.2700997341777492E-10,1.430193573645162E-9,-1.4616250495592315E-6,0.00558533977832571
3,3.2000000000000003E-6,3,3.2000000000000003E-6,0.6184195104753647,5.174480988706573E-5,0.05,6.771179366037201E-8,-6252.344650497991,-5718.6249672906415,0.7796717694881549,-8.325158601254175,14221.33623296457,11477.447307511471,1.810784484682707E-8,9.779233994756669E-9,2.8978459213842564E-8,9.279117548233192E-9,1.2875670297494247E-10,1.4382805176422964E-9,-1.4891954535265417E-6,0.005625107163009578
3,3.2125E-6,3,3.2125E-6,0.6208352116881591,5.174480988706573E-5,0.05,6.771179366037201E-8,-6209.940383259495,-5664.043029074217,0.7776534829101487,-8.38457251035069,14377.000714467982,11631.896448071662,1.8252282083342157E-8,9.809698590316502E-9,2.8757789645848776E-8,9.315060467635351E-9,1.3052385957868205E-10,1.446336185734605E-9,-1.518611609348599E-6,0.005665251696182898
3,3.2250000000000005E-6,3,3.2250000000000005E-6,0.6232509129009536,5.174480988706573E-5,0.05,6.771179366037201E-8,-6166.288750278512,-5600.616565515288,0.7756207750376884,-8.444554838547626,14535.915345781956,11789.595002111415,1.8397257922628797E-8,9.840557186763282E-9,2.8536678158365657E-8,9.350523522210685E-9,1.3231169738395467E-10,1.4543602400465802E-9,-1.5497000949150818E-6,0.005705780296315964
3,3.2375000000000003E-6,3,3.2375000000000003E-6,0.6256666141137479,5.174480988706573E-5,0.05,6.771179366037201E-8,-6121.501806584341,-5546.512196402051,0.7735735073496435,-8.505115592208162,14698.172320820975,11950.635597662795,1.8542764922486722E-8,9.871817175681888E-9,2.8315131083963813E-8,9.385500823844907E-9,1.341204749697855E-10,1.4623519868847044E-9,-1.5830704578022414E-6,0.005746699724464974
3,3.2500000000000002E-6,3,3.2500000000000002E-6,0.6280823153265424,5.174480988706573E-5,0.05,6.771179366037201E-8,-6076.4990422863875,-5505.388555880934,0.7715115388811264,-8.56626498671753,14863.867175933827,12115.114221112652,1.868879516013594E-8,9.903486144078712E-9,2.809315485182163E-8,9.419987273980812E-9,1.3595045533916997E-10,1.4703102118902113E-9,-1.6180803906980365E-6,0.00578801688291725
3,3.2625E-6,3,3.2625E-6,0.6304980165393367,5.174480988706573E-5,0.05,6.771179366037201E-8,-6031.72524511823,-5462.771091659097,0.7694347259559473,-8.628015231541381,15033.098954128633,12283.130560088008,1.883534796809868E-8,9.935571884198314E-9,2.787075596733494E-8,9.45397001996559E-9,1.3780190639489396E-10,1.4782339053433576E-9,-1.6542027641142813E-6,0.005829740021311744
3,3.2750000000000004E-6,3,3.2750000000000004E-6,0.6329137177521311,5.174480988706573E-5,0.05,6.771179366037201E-8,-5986.617732290066,-5407.070463448669,0.7673429217780846,-8.690379968246484,15205.970389967028,12454.78813298951,1.8982427432770135E-8,9.968082405896567E-9,2.7647940977707272E-8,9.48743027008254E-9,1.396751016751163E-10,1.486122831434828E-9,-1.6930699862408057E-6,0.0058718783569233
3,3.2875000000000003E-6,3,3.2875000000000003E-6,0.6353294189649255,5.174480988706573E-5,0.05,6.771179366037201E-8,-5940.522091815657,-5346.234914897929,0.7652359764755996,-8.753371060355809,15382.588066768138,12630.194124091304,1.9130028328714977E-8,1.000102594237431E-8,2.742471648680069E-8,9.520357926122379E-9,1.415703202884503E-10,1.4939771070495638E-9,-1.7360199057837033E-6,0.005914439905645817
3,3.3E-6,3,3.3E-6,0.6377451201777199,5.174480988706573E-5,0.05,6.771179366037201E-8,-5893.709290770741,-5295.752886089433,0.7631137374672029,-8.81699904662987,15563.06255403595,12809.459565799054,1.9278138047590682E-8,1.0034410951038008E-8,2.7201089203807233E-8,9.552752781704171E-9,1.4348784747175766E-10,1.5017962311508416E-9,-1.7515059475746809E-6,0.005957431788263426
3,3.3125000000000005E-6,3,3.3125000000000005E-6,0.6401608213905143,5.174480988706573E-5,0.05,6.771179366037201E-8,-5846.992326406629,-5255.24607114035,0.7609760495475337,-8.881275098421783,15747.508575204043,12992.69970370248,1.9426745101355162E-8,1.006824611886481E-8,2.697706596131623E-8,9.584610563935181E-9,1.4542797111765027E-10,1.5095786550458986E-9,-1.7617128512943896E-6,0.006000861552987691
3,3.3250000000000004E-6,3,3.3250000000000004E-6,0.6425765226033087,5.174480988706573E-5,0.05,6.771179366037201E-8,-5800.52011820927,-5208.9924857889055,0.7588227543935979,-8.946213819695032,15936.045234743775,13180.034508052502,1.957585129961034E-8,1.0102540377220126E-8,2.675265367297367E-8,9.61591497021687E-9,1.473909853205203E-10,1.5173222889050523E-9,-1.773193692681978E-6,0.006044739067361508
3,3.3375000000000002E-6,3,3.3375000000000002E-6,0.6449922238161031,5.174480988706573E-5,0.05,6.771179366037201E-8,-5753.5215565915105,-5148.387218897473,0.7566536901453625,-9.011829962418984,16128.796251998847,13371.588575515369,1.972545731244207E-8,1.0137302916046878E-8,2.6527859300573095E-8,9.646650683287338E-9,1.4937719114293548E-10,1.525025323064167E-9,-1.7860081528441415E-6,0.006089074298931746
3,3.35E-6,3,3.35E-6,0.6474079250288974,5.174480988706573E-5,0.05,6.771179366037201E-8,-5705.268383028103,-5081.641863267274,0.7544686915922111,-9.078136505070097,16325.890153621569,13567.491125743501,1.987555420431296E-8,1.0172543188799522E-8,2.630268988493698E-8,9.676811009412699E-9,1.5138689543565522E-10,1.5326866159346247E-9,-1.7997092231493412E-6,0.006133876016939255
3,3.3625000000000004E-6,3,3.3625000000000004E-6,0.6498236262416919,5.174480988706573E-5,0.05,6.771179366037201E-8,-5655.84388156603,-5020.776045054846,0.7522675903345022,-9.145146842227707,16527.460477829663,13767.876428699512,2.0026132960830847E-8,1.0208270917979986E-8,2.6077152573670422E-8,9.706388452916928E-9,1.5342041101513584E-10,1.540305574425587E-9,-1.8131189039273394E-6,0.006179153271775478
3,3.3750000000000003E-6,3,3.3750000000000003E-6,0.6522393274544862,5.174480988706573E-5,0.05,6.771179366037201E-8,-5605.919737336838,-4969.579251625123,0.7500502145509084,-9.212875906570865,16733.646025865306,13972.884171603993,2.017718932733219E-8,1.0244496107354703E-8,2.585125460836148E-8,9.735369941819156E-9,1.5547805682798593E-10,1.5478819173512538E-9,-1.826880053880447E-6,0.006224916153088423
3,3.3875E-6,3,3.3875E-6,0.6546550286672806,5.174480988706573E-5,0.05,6.771179366037201E-8,-5556.1129875383185,-4924.101877254238,0.747816388744903,-9.281339209064486,16944.59112974411,14182.65962898167,2.032871952531335E-8,1.0281229054999464E-8,2.5625003310560117E-8,9.763741402988897E-9,1.5756015856756576E-10,1.5554155152609235E-9,-1.841520877717647E-6,0.006271175141259788
3,3.4000000000000005E-6,3,3.4000000000000005E-6,0.6570707298800751,5.174480988706573E-5,0.05,6.771179366037201E-8,-5506.526212036514,-4875.8858198568205,0.7455659336538735,-9.350552416595933,17160.445919710473,14397.353887024692,2.0480718325665943E-8,1.031848036416545E-8,2.539840608505307E-8,9.791489954371983E-9,1.596670487657642E-10,1.562906160693611E-9,-1.8567172629222688E-6,0.0063179408220242796
3,3.4125000000000004E-6,3,3.4125000000000004E-6,0.6594864310928694,5.174480988706573E-5,0.05,6.771179366037201E-8,-5456.625673782593,-4816.692244836592,0.7432986661457985,-9.420531890449292,17381.366607855794,14617.124183233353,2.063318132663675E-8,1.035626095479296E-8,2.5171470422295246E-8,9.81860190969509E-9,1.6179906703367394E-10,1.5703531987464217E-9,-1.8723646947490608E-6,0.006365224250303576
3,3.4250000000000002E-6,3,3.4250000000000002E-6,0.6619021323056639,5.174480988706573E-5,0.05,6.771179366037201E-8,-5405.664404757073,-4747.940787962706,0.7410143991913781,-9.491293557558226,17607.515780220616,14842.134081943366,2.0786099930844737E-8,1.0394582074224977E-8,2.494420390877015E-8,9.845067943635294E-9,1.6395656008964637E-10,1.577755285429154E-9,-1.889735467640807E-6,0.006413036187539342
3,3.4375E-6,3,3.4375E-6,0.6643178335184582,5.174480988706573E-5,0.05,6.771179366037201E-8,-5353.457089077497,-4681.639758217836,0.73871294208009,-9.562851971143655,17839.062680467887,15072.553660006333,2.0939457169399436E-8,1.0433455304227523E-8,2.4716614261573368E-8,9.870887238034823E-9,1.6613988136068785E-10,1.5851105860345245E-9,-1.908378654205421E-6,0.006461386466988956
3,3.4500000000000004E-6,3,3.4500000000000004E-6,0.6667335347312526,5.174480988706573E-5,0.05,6.771179366037201E-8,-5300.5697243571985,-4625.500704178352,0.7363941004435532,-9.635222820683955,18076.183528325564,15308.560086746525,2.1093238621861383E-8,1.047289257158889E-8,2.4488709343401644E-8,9.89605596723488E-9,1.683493909165317E-10,1.5924173133559464E-9,-1.9265774202131335E-6,0.0065102856896513215
3,3.4625000000000003E-6,3,3.4625000000000003E-6,0.669149235944047,5.174480988706573E-5,0.05,6.771179366037201E-8,-5247.582315586403,-4573.34034692689,0.7340576756381048,-9.708425790080192,18319.06192296009,15550.338328047836,2.1247444800259044E-8,1.0512906170172136E-8,2.426049711512293E-8,9.920554335583626E-9,1.7058545663545663E-10,1.59967413225064E-9,-1.9442750082352517E-6,0.006559747155459589
3,3.475E-6,3,3.475E-6,0.6715649371568414,5.174480988706573E-5,0.05,6.771179366037201E-8,-5194.462379805996,-4516.093648141665,0.731703464018779,-9.782482644873978,18567.889283606415,15798.081389096384,2.1402082614562967E-8,1.0553508785777693E-8,2.4031985580163466E-8,9.944355111690413E-9,1.72848455590853E-10,1.6068801397671755E-9,-1.9638058934549217E-6,0.006609785570860796
3,3.4875000000000005E-6,3,3.4875000000000005E-6,0.6739806383696358,5.174480988706573E-5,0.05,6.771179366037201E-8,-5140.851738255486,-4454.0618816557035,0.7293312569686303,-9.85741282948718,18822.86523706119,16051.990239233648,2.155714600187857E-8,1.0594713508902394E-8,2.3803182804274178E-8,9.967443438114022E-9,1.7513877400738644E-10,1.6140346325810227E-9,-1.9863690971742298E-6,0.006660414073977824
3,3.5000000000000004E-6,3,3.5000000000000004E-6,0.6763963395824302,5.174480988706573E-5,0.05,6.771179366037201E-8,-5086.585322252283,-4391.476625518049,0.7269408414999707,-9.933233066372143,19084.197964539817,16312.274114879106,2.1712614137935E-8,1.0636533838008032E-8,2.3574096989926705E-8,9.989818755934007E-9,1.774568061006101E-10,1.6211369973183224E-9,-2.010508686385628E-6,0.006711643963764962
3,3.5125000000000003E-6,3,3.5125000000000003E-6,0.6788120407952246,5.174480988706573E-5,0.05,6.771179366037201E-8,-5031.626299211758,-4327.238878913148,0.7245320004429318,-10.009961207614078,19352.104612142488,16579.151337235857,2.18684682150569E-8,1.0678983690226372E-8,2.3344736509407166E-8,1.0011477835161513E-8,1.7980295369169402E-10,1.6281866856817525E-9,-2.0346698730515374E-6,0.006763487302441944
3,3.525E-6,3,3.525E-6,0.6812277420080189,5.174480988706573E-5,0.05,6.771179366037201E-8,-4975.821869773594,-4259.194876337144,0.7221045118749432,-10.087618737842908,19626.811811101405,16852.850100596017,2.2024702223164665E-8,1.0722077426052076E-8,2.3115109865709098E-8,1.0032404053547441E-8,1.821776272917374E-10,1.635183024512256E-9,-2.059317693392047E-6,0.006815958606650613
3,3.5375000000000004E-6,3,3.5375000000000004E-6,0.6836434432208134,5.174480988706573E-5,0.05,6.771179366037201E-8,-4919.115148551284,-4191.675957589417,0.7196581484422631,-10.166229169987552,19908.556244424268,17133.60887097165,2.2181315746350333E-8,1.0765829877065555E-8,2.288522564551996E-8,1.005257497290696E-8,1.845812474144021E-10,1.642124922398765E-9,-2.0860282737204117E-6,0.006869073763505103
3,3.5500000000000003E-6,3,3.5500000000000003E-6,0.6860591444336077,5.174480988706573E-5,0.05,6.771179366037201E-8,-4861.8258262084855,-4130.320318050671,0.7171926772292458,-10.245815068556519,20197.585186485598,17421.676608555368,2.2338300827341053E-8,1.0810256364991443E-8,2.2655092525803047E-8,1.007197559323588E-8,1.8701424482851568E-10,1.6490108482573266E-9,-2.1156715395909534E-6,0.0069228480192949455
3,3.5625E-6,3,3.5625E-6,0.6884748456464022,5.174480988706573E-5,0.05,6.771179366037201E-8,-4804.344650997877,-4072.0979856958274,0.7147078600695037,-10.326397335769034,20494.157022932202,17717.313210446227,2.2495638777499482E-8,1.085537271356301E-8,2.2424719321809188E-8,1.0090601130578286E-8,1.8947705993397722E-10,1.6558392258383367E-9,-2.1477964453587986E-6,0.006977295497141239
3,3.5750000000000005E-6,3,3.5750000000000005E-6,0.6908905468591966,5.174480988706573E-5,0.05,6.771179366037201E-8,-4746.593193126568,-4008.298663507522,0.7122034536775609,-10.407997418977113,20798.541822639596,18020.7903201515,2.265330970973469E-8,1.0901195264215972E-8,2.2194115017538555E-8,1.0108446934042084E-8,1.9197014247506055E-10,1.662608890404474E-9,-2.1813328697555164E-6,0.007032430688498049
3,3.5875000000000004E-6,3,3.5875000000000004E-6,0.6933062480719909,5.174480988706573E-5,0.05,6.771179366037201E-8,-4688.106631261803,-3937.110046238579,0.7096792091999259,-10.490639945461655,21111.022016651666,18332.392293362267,2.2811303834778897E-8,1.0947740903241784E-8,2.196328874288213E-8,1.0125497028861936E-8,1.9449395240060967E-10,1.669319149531947E-9,-2.215990252196171E-6,0.0070882702334200375
3,3.6000000000000003E-6,3,3.6000000000000003E-6,0.6957219492847854,5.174480988706573E-5,0.05,6.771179366037201E-8,-4628.650882135044,-3865.577679794297,0.7071348714496591,-10.57435273668207,21431.893162414734,18652.416967536585,2.296962126938382E-8,1.0995027096106281E-8,2.1732249723926127E-8,1.0141724673337414E-8,1.970489613689234E-10,1.6759693858521867E-9,-2.2529368817448464E-6,0.007144832930190587
3,3.6125E-6,3,3.6125E-6,0.6981376504975797,5.174480988706573E-5,0.05,6.771179366037201E-8,-4568.425337031789,-3797.818607787497,0.7045701785000245,-10.659163811421667,21761.46471446612,18981.176109266435,2.3128258785351624E-8,1.1043071916632653E-8,2.1501007268561633E-8,1.0157106125932685E-8,1.9963565355102387E-10,1.6825585828931381E-9,-2.2939497076573253E-6,0.007202137710420046
3,3.6250000000000004E-6,3,3.6250000000000004E-6,0.7005533517103741,5.174480988706573E-5,0.05,6.771179366037201E-8,-4507.6128507977955,-3729.6664893960447,0.7019848619143666,-10.745099062101879,22100.060762853722,19318.995899053283,2.3287199601547744E-8,1.1091894065508556E-8,2.1269570810537097E-8,1.0171633044744212E-8,2.0225452605122783E-10,1.689085231432834E-9,-2.3095024055148544E-6,0.007260202068987756
3,3.6375000000000003E-6,3,3.6375000000000003E-6,0.7029690529231685,5.174480988706573E-5,0.05,6.771179366037201E-8,-4446.099042521392,-3657.6459903057757,0.6993786473572823,-10.83218143795705,22448.020766149777,19666.217573114867,2.3446409805097062E-8,1.1141512882379359E-8,2.103794998651071E-8,1.0185309998559559E-8,2.049060851906285E-10,1.6955477167259918E-9,-2.3213963210886852E-6,0.007319041512133142
3,3.65E-6,3,3.65E-6,0.7053847541359629,5.174480988706573E-5,0.05,6.771179366037201E-8,-4383.750871792174,-3584.504864663324,0.6967512545493861,-10.920437100547902,22805.70041784935,20023.198967377266,2.3605864899911433E-8,1.1191948371151377E-8,2.0806154653133666E-8,1.0198132110735779E-8,2.075908484890484E-10,1.7019448075091854E-9,-2.332967906733316E-6,0.00737867371658642
3,3.6625000000000005E-6,3,3.6625000000000005E-6,0.7078004553487574,5.174480988706573E-5,0.05,6.771179366037201E-8,-4320.6464765771325,-3512.9243296516765,0.694102396133027,-11.009898497491246,23173.472722273964,20390.315938777345,2.3765562743500823E-8,1.1243221247682578E-8,2.057419480938238E-8,1.0210071130230864E-8,2.1030934692682402E-10,1.7082757480451496E-9,-2.3427913338644035E-6,0.0074391206064130045
3,3.6750000000000004E-6,3,3.6750000000000004E-6,0.7102161565615517,5.174480988706573E-5,0.05,6.771179366037201E-8,-4256.929043215844,-3442.0939493594997,0.6914317765656898,-11.10060099460374,23551.729146111895,20767.963150330925,2.3925508574431762E-8,1.129535298930048E-8,2.0342080525838183E-8,1.0221090174180917E-8,2.1306212655677877E-10,1.7145398601647991E-9,-2.3542412698371815E-6,0.00750040607743496
3,3.6875000000000003E-6,3,3.6875000000000003E-6,0.7126318577743461,5.174480988706573E-5,0.05,6.771179366037201E-8,-4192.685257866136,-3371.5561940345806,0.6887390921691178,-11.1925766544745,23940.880687076013,21156.554449476596,2.408568795618658E-8,1.1348365863963442E-8,2.0109821977775902E-8,1.0231171610343355E-8,2.1584974873033931E-10,1.7207360850986204E-9,-2.36913342717109E-6,0.007562551793563852
3,3.7E-6,3,3.7E-6,0.7150475589871405,5.174480988706573E-5,0.05,6.771179366037201E-8,-4127.930332907442,-3300.1005613480856,0.686024032036733,-11.285853235335512,24341.358886811482,21556.523766195445,2.4246062476615683E-8,1.1402282943763675E-8,1.987742955139894E-8,1.0240321422402873E-8,2.186727879867924E-10,1.7268629563904195E-9,-2.3854310290452496E-6,0.007625576510361833
3,3.7125000000000005E-6,3,3.7125000000000005E-6,0.7174632601999349,5.174480988706573E-5,0.05,6.771179366037201E-8,-4062.448492711916,-3222.8704671383766,0.6832862782477419,-11.380460956600865,24753.61701088133,21968.327051160424,2.4406598762741773E-8,1.1457128133018857E-8,1.964491388794817E-8,1.0248539539511852E-8,2.2153183163877445E-10,1.7329190159116898E-9,-2.399723771991749E-6,0.007689500646351936
3,3.7250000000000003E-6,3,3.7250000000000003E-6,0.7198789614127292,5.174480988706573E-5,0.05,6.771179366037201E-8,-3995.8163729450066,-3138.672866032519,0.6805255046625965,-11.476437614477346,25178.1315283754,22392.44433853852,2.4567290004700302E-8,1.1512926226573953E-8,1.941228580799144E-8,1.0255797589778317E-8,2.2442748214067305E-10,1.7389031858189763E-9,-2.412627985628511E-6,0.007754349739511721
3,3.7375000000000002E-6,3,3.7375000000000002E-6,0.7222946626255237,5.174480988706573E-5,0.05,6.771179366037201E-8,-3927.907234062914,-3055.6905675908597,0.6777413755502304,-11.573824897062151,25615.40373193411,22829.380959294485,2.4728139582419513E-8,1.1569702974604895E-8,1.917955622664787E-8,1.0262055482028956E-8,2.2736035993795492E-10,1.7448146517208328E-9,-2.42768656841692E-6,0.007820151957474427
3,3.7500000000000005E-6,3,3.7500000000000005E-6,0.7247103638383181,5.174480988706573E-5,0.05,6.771179366037201E-8,-3859.155252968039,-2980.5176229910285,0.6749335455365674,-11.672661027767626,26065.961270667514,23279.66824265986,2.4889129294409356E-8,1.162748512355817E-8,1.8946736183611407E-8,1.0267293887784648E-8,2.303311035133362E-10,1.7506523839953694E-9,-2.446892790511487E-6,0.007886933126870018
3,3.7625000000000004E-6,3,3.7625000000000004E-6,0.7271260650511124,5.174480988706573E-5,0.05,6.771179366037201E-8,-3790.000129226503,-2907.629589787699,0.6721016605292356,-11.772979934726626,26530.359631439525,23743.864899890003,2.5050215820679752E-8,1.1686300438885467E-8,1.871383695351855E-8,1.0271518090788E-8,2.3334036737495146E-10,1.756414878281452E-9,-2.46797248760515E-6,0.007954716172112585
3,3.7750000000000003E-6,3,3.7750000000000003E-6,0.7295417662639069,5.174480988706573E-5,0.05,6.771179366037201E-8,-3720.326799906025,-2828.5634196853503,0.66924535795428,-11.874817821909506,27009.183834284828,24222.559471601737,2.5211358617417322E-8,1.1746177743417511E-8,1.8480870096829968E-8,1.0274729462401035E-8,2.363888214395025E-10,1.7621004456842425E-9,-2.488092152475204E-6,0.00802352555534426
3,3.7875E-6,3,3.7875E-6,0.7319574674767012,5.174480988706573E-5,0.05,6.771179366037201E-8,-3649.743383183247,-2744.139391884119,0.6663642655661101,-11.97821852257602,27503.05049570093,24716.37301506761,2.5372542154033188E-8,1.180714698810649E-8,1.8247847394951445E-8,1.0276902493756458E-8,2.3947715345047666E-10,1.7677076991882713E-9,-2.5073458625436175E-6,0.008093390893632446
3,3.8000000000000005E-6,3,3.8000000000000005E-6,0.7343731686894956,5.174480988706573E-5,0.05,6.771179366037201E-8,-3578.1051788131986,-2659.4313873523524,0.6634579998716722,-12.083231376742106,28012.610124761566,25225.961168269867,2.5533766166686817E-8,1.1869239334963937E-8,1.8014780759551995E-8,1.0277994455645238E-8,2.4260607225061635E-10,1.773235651753735E-9,-2.5286513681232694E-6,0.008164345524825747
3,3.8125000000000003E-6,3,3.8125000000000003E-6,0.73678886990229,5.174480988706573E-5,0.05,6.771179366037201E-8,-3505.4681106366193,-2574.456907017257,0.6605261655539085,-12.189905006341524,28538.549426880087,25752.015740133113,2.5695018790897856E-8,1.193248722300958E-8,1.778168222764883E-8,1.0277974125106686E-8,2.4577630944912615E-10,1.7786833711955494E-9,-2.534463423814606E-6,0.00823642230158211
3,3.825000000000001E-6,3,3.825000000000001E-6,0.7392045711150845,5.174480988706573E-5,0.05,6.771179366037201E-8,-3431.8230328183213,-2487.4917947494732,0.6575683561656552,-12.298282968143882,29081.593552683848,26295.26645322152,2.5856258083984686E-8,1.1996924410125512E-8,1.754856405897616E-8,1.0276836865410238E-8,2.489886164581524E-10,1.7840496894863975E-9,-2.5392316695804024E-6,0.008309650654151271
3,3.8375E-6,3,3.8375E-6,0.7416202723278787,5.174480988706573E-5,0.05,6.771179366037201E-8,-3357.1849729939063,-2400.8449965251475,0.6545841547314243,-12.408408774424318,29642.50852792054,26856.483959574267,2.6017433122095508E-8,1.2062586019245079E-8,1.7315438823501158E-8,1.0274586411970377E-8,2.5224376412960506E-10,1.7893332883352869E-9,-2.5435907939303967E-6,0.008384059982719134
3,3.85E-6,3,3.85E-6,0.7440359735406732,5.174480988706573E-5,0.05,6.771179366037201E-8,-3281.734864699567,-2316.7166500116027,0.6515731329540038,-12.520332594751402,30222.104134672638,27436.48351733527,2.617851166112073E-8,1.2129508618267657E-8,1.7082319379047276E-8,1.0271206246387886E-8,2.555425443154948E-10,1.7945329056222448E-9,-2.544691277823572E-6,0.008459684185642838
3,3.862500000000001E-6,3,3.862500000000001E-6,0.7464516747534676,5.174480988706573E-5,0.05,6.771179366037201E-8,-3205.600972849943,-2231.90606071864,0.6485348494893166,-12.63411228958612,30821.23721320929,28036.12843087574,2.633948356777492E-8,1.2197730325651066E-8,1.6849218781222234E-8,1.0266655601159915E-8,2.588857731294619E-10,1.7996472968414493E-9,-2.5448239316502497E-6,0.00853656235782846
3,3.875E-6,3,3.875E-6,0.748867375966262,5.174480988706573E-5,0.05,6.771179366037201E-8,-3128.589116024317,-2141.260486571405,0.645468848867103,-12.749807045443422,31440.815116117243,28656.33276451908,2.6500333425936105E-8,1.2267290907578265E-8,1.6616150249652674E-8,1.0260897256556188E-8,2.6227429336817843E-10,1.8046750392242153E-9,-2.5473857219185316E-6,0.008614734490164474
3,3.8875000000000005E-6,3,3.8875000000000005E-6,0.7512830771790564,5.174480988706573E-5,0.05,6.771179366037201E-8,-3050.301836468597,-2044.1069360091208,0.6423746618812067,-12.867471439659452,32081.79914657616,29298.064077845214,2.6661015514672566E-8,1.2338231847090074E-8,1.6383127249164174E-8,1.0253922693354527E-8,2.6570897338862625E-10,1.8096145368946582E-9,-2.5526691591138588E-6,0.00869423745922936
3,3.9E-6,3,3.9E-6,0.7536987783918507,5.174480988706573E-5,0.05,6.771179366037201E-8,-2970.532431047074,-1945.3919866807773,0.6392518062667211,-12.987158931739941,32745.208208230317,29962.347493453006,2.68214682216696E-8,1.2410596410616243E-8,1.6150163590823402E-8,1.0245737333628995E-8,2.6919070546395073E-10,1.8144642680262457E-9,-2.556868371294691E-6,0.00877510738631077
3,3.9125E-6,3,3.9125E-6,0.7561144796046452,5.174480988706573E-5,0.05,6.771179366037201E-8,-2889.503815551662,-1851.1892969720298,0.6360997858984678,-13.108930716938849,33432.12306988705,30650.271036975835,2.6981650107866573E-8,1.2484429753251568E-8,1.5917273421542464E-8,1.0236323839804997E-8,2.7272040728876927E-10,1.8192229507262685E-9,-2.557603070388971E-6,0.008857385619553276
3,3.9250000000000005E-6,3,3.9250000000000005E-6,0.7585301808174396,5.174480988706573E-5,0.05,6.771179366037201E-8,-2807.68010461881,-1762.3171532544175,0.6329180886915439,-13.232857754837378,34143.691290332325,31362.990830482166,2.714154706405161E-8,1.2559779061436365E-8,1.5684471122771782E-8,1.0225634762811853E-8,2.7629902644785007E-10,1.8238894557181429E-9,-2.5574146696574183E-6,0.00894112010461985
3,3.9375E-6,3,3.9375E-6,0.7609458820302338,5.174480988706573E-5,0.05,6.771179366037201E-8,-2725.276212031501,-1672.2804242267794,0.6297061852054994,-13.359012888488492,34881.1324287974,32101.735367291112,2.7301138787532984E-8,1.2636693687765258E-8,1.5451771269157353E-8,1.0213626353575353E-8,2.799275433185027E-10,1.8284626405760973E-9,-2.5605354265824765E-6,0.009026360059789521
3,3.95E-6,3,3.95E-6,0.7633615832430284,5.174480988706573E-5,0.05,6.771179366037201E-8,-2641.9795462518987,-1573.939053965265,0.6264635289477379,-13.487464490457386,35645.74331896087,32867.810018367236,2.7460372306880178E-8,1.2715225253043778E-8,1.521918871475781E-8,1.020028535997839E-8,2.8360697015533383E-10,1.8329412590669164E-9,-2.5667092867425272E-6,0.009113151682741478
3,3.962500000000001E-6,3,3.962500000000001E-6,0.7657772844558228,5.174480988706573E-5,0.05,6.771179366037201E-8,-2557.2569815844445,-1467.9013358144862,0.6231895569449469,-13.618280548846089,36438.903727981036,33662.60319623884,2.761917846772168E-8,1.279542774817837E-8,1.4986738697135273E-8,1.0185612336355666E-8,2.873383494960002E-10,1.8373238859086462E-9,-2.572307820510199E-6,0.009201540911382493
3,3.975E-6,3,3.975E-6,0.768192985668617,5.174480988706573E-5,0.05,6.771179366037201E-8,-2470.8989218697134,-1361.124706079658,0.6198836888786956,-13.751536600580907,37262.08286180397,34487.593854602834,2.7777503425783295E-8,1.2877357678303522E-8,1.4754436838789799E-8,1.016958966100742E-8,2.9112275577858204E-10,1.8416088756211891E-9,-2.5759927300142667E-6,0.009291578784176288
3,3.9875E-6,3,3.9875E-6,0.7706086868814115,5.174480988706573E-5,0.05,6.771179366037201E-8,-2383.140642571386,-1258.108888310373,0.6165453251736641,-13.887316569885124,38116.84673526469,35344.358991095905,2.793531066483813E-8,1.2961074242809113E-8,1.4522299080120283E-8,1.0152179118285256E-8,2.9496129934463445E-10,1.845794536137011E-9,-2.580330960758158E-6,0.009383322006679138
3,4.000000000000001E-6,3,4.000000000000001E-6,0.773024388094206,5.174480988706573E-5,0.05,6.771179366037201E-8,-2294.3034576446303,-1157.09909495059,0.6131738456211773,-14.025707427632499,39004.86610113834,36234.580937988714,2.809255815973651E-8,1.3046639513858157E-8,1.4290341657652645E-8,1.01333445656316E-8,2.988551292352646E-10,1.849879424947216E-9,-2.587574500058037E-6,0.009476829342994932
3,4.0125E-6,3,4.0125E-6,0.7754400893070003,5.174480988706573E-5,0.05,6.771179366037201E-8,-2204.4608362848403,-1053.869671709925,0.6097686089441419,-14.166796634729922,39927.924873754426,37160.05548461039,2.8249187242508544E-8,1.3134118602733124E-8,1.4058581152341987E-8,1.0113063037808895E-8,3.028054338039034E-10,1.8538623329288907E-9,-2.597158296418251E-6,0.009572159888331029
3,4.0250000000000004E-6,3,4.0250000000000004E-6,0.7778557905197947,5.174480988706573E-5,0.05,6.771179366037201E-8,-2113.4244029154293,-945.8335973193401,0.6063289523478159,-14.310674834259766,40887.92934585689,38122.70145273054,2.8405132548379636E-8,1.3223579837897892E-8,1.3827034539126467E-8,1.0091314817183607E-8,3.068134413140069E-10,1.8577418865861956E-9,-2.6079634679619817E-6,0.009669374888013355
3,4.037500000000001E-6,3,4.037500000000001E-6,0.7802714917325891,5.174480988706573E-5,0.05,6.771179366037201E-8,-2020.9364670308316,-833.3654307780744,0.6028541904329685,-14.457438511911493,41886.91846620173,39124.5713387228,2.8560331437810792E-8,1.3315094972257448E-8,1.3595719196525259E-8,1.0068073829008566E-8,3.1088042197332664E-10,1.8615163627073259E-9,-2.620519701174047E-6,0.009768539535075333
3,4.05E-6,3,4.05E-6,0.7826871929453835,5.174480988706573E-5,0.05,6.771179366037201E-8,-1926.8797479395735,-719.3031109165979,0.5993436138365968,-14.607189598221334,42927.075203296765,40167.8626599962,2.871472100881047E-8,1.3408739412356886E-8,1.3364652903518859E-8,1.004331006311648E-8,3.150076905775423E-10,1.865184085347797E-9,-2.6361234039019532E-6,0.009869722701500902
3,4.0625000000000005E-6,3,4.0625000000000005E-6,0.7851028941581779,5.174480988706573E-5,0.05,6.771179366037201E-8,-1831.3460389604827,-606.1461546206663,0.5957964880470826,-14.760034380643463,44010.73898716634,41254.93029150522,2.8868232411098675E-8,1.3504592459286038E-8,1.3133853854087706E-8,1.0016994693870194E-8,3.1919660871839297E-10,1.868743830412776E-9,-2.6554147883310864E-6,0.009972996203137475
3,4.075E-6,3,4.075E-6,0.7875185953709722,5.174480988706573E-5,0.05,6.771179366037201E-8,-1734.4844716472473,-493.1186658078701,0.5922120522943899,-14.916083957771015,45140.41937831589,42388.30022875969,2.9020791239684786E-8,1.3602737565018251E-8,1.2903340682171405E-8,9.989099675150761E-9,3.2344858677523646E-10,1.8721945376052806E-9,-2.678617069204482E-6,0.010078435106602036
3,4.0875E-6,3,4.0875E-6,0.7899342965837667,5.174480988706573E-5,0.05,6.771179366037201E-8,-1636.2982609430712,-377.39787432682124,0.5885895181144761,-15.075456485310491,46318.81123529659,43570.685088162674,2.9172324707276077E-8,1.3703262616721873E-8,1.2673132471355365E-8,9.959594143768312E-9,3.277650876153451E-10,1.8755346732687568E-9,-2.657740351358717E-6,0.010186119246831413
3,4.1000000000000006E-6,3,4.1000000000000006E-6,0.7923499977965611,5.174480988706573E-5,0.05,6.771179366037201E-8,-1536.6342955234936,-257.63931595739064,0.5849280679299529,-15.23827489426359,47548.81145133777,44805.000592262375,2.9322751038162878E-8,1.38062602419125E-8,1.2443248772391652E-8,9.928445792122835E-9,3.3214762658889805E-10,1.878762177022006E-9,-2.628968479722569E-6,0.010296131685313237
3,4.1125E-6,3,4.1125E-6,0.7947656990093555,5.174480988706573E-5,0.05,6.771179366037201E-8,-1435.3292801623982,-134.62405395659175,0.5812268536449419,-15.40466886101161,48833.53744710168,46094.3843691815,2.94719853526325E-8,1.391182813639069E-8,1.2213709628375934E-8,9.89562153123577E-9,3.365977761465117E-10,1.881875086162815E-9,-2.601458597922688E-6,0.010408560041224061
3,4.125E-6,3,4.125E-6,0.7971814002221499,5.174480988706573E-5,0.05,6.771179366037201E-8,-1332.3075507813487,-9.584842451060933,0.5774849951223998,-15.574774029295623,50176.347679158534,47442.21641322961,2.9619934747733874E-8,1.4020069420891689E-8,1.1984535599515969E-8,9.861090557333626E-9,3.411171686241435E-10,1.8848719735029927E-9,-2.5725617401269544E-6,0.010523495965740285
3,4.137500000000001E-6,3,4.137500000000001E-6,0.7995971014349443,5.174480988706573E-5,0.05,6.771179366037201E-8,-1227.5728708996387,116.75702366086236,0.573701578692661,-15.748732346812083,51580.86436005772,48852.14190797536,2.9766497619265542E-8,1.4131093024752664E-8,1.1755747797090014E-8,9.824823864234626E-9,3.4570749819807427E-10,1.88775167813605E-9,-2.5428169263856357E-6,0.010641035369467623
3,4.15E-6,3,4.15E-6,0.8020128026477386,5.174480988706573E-5,0.05,6.771179366037201E-8,-1121.148473352111,244.59644510403726,0.5698756553491184,-15.92669440636315,53050.998798371686,50328.09694638031,2.9911570341846614E-8,1.4245014109464315E-8,1.1527367906043889E-8,9.786787928887485E-9,3.5037052455687977E-10,1.890512786143421E-9,-2.5115776767247037E-6,0.010761280004299427
3,4.1625E-6,3,4.1625E-6,0.804428503860533,5.174480988706573E-5,0.05,6.771179366037201E-8,-1013.0193623252659,374.71197178472437,0.5660062385320979,-16.108820517468683,54590.979744954806,51874.337100196426,3.0055048720710175E-8,1.4361954539033906E-8,1.1299418192167448E-8,9.74694273585144E-9,3.5510807692080234E-10,1.893153497292646E-9,-2.4796034267669374E-6,0.01088433818747884
3,4.175000000000001E-6,3,4.175000000000001E-6,0.8068442050733275,5.174480988706573E-5,0.05,6.771179366037201E-8,-903.1463425913262,507.01374640354646,0.5620923019081455,-16.295279683983498,56205.38498277291,53495.46895774517,3.0196821404275255E-8,1.4482043389268222E-8,1.1071921519660246E-8,9.705247613417197E-9,3.599220583153605E-10,1.895671908172177E-9,-2.448129854419335E-6,0.011010324110799661
3,4.1875E-6,3,4.1875E-6,0.8092599062861218,5.174480988706573E-5,0.05,6.771179366037201E-8,-791.5111545239682,641.0963199337795,0.55813277744787,-16.48624812246653,57899.176454746834,55196.48513933464,3.033676168092746E-8,1.4605417490341543E-8,1.0844901396425502E-8,9.66166858843424E-9,3.648144488363144E-10,1.8980663289214105E-9,-2.4179906733008787E-6,0.011139356839504413
3,4.2000000000000004E-6,3,4.2000000000000004E-6,0.8116756074989162,5.174480988706573E-5,0.05,6.771179366037201E-8,-678.045239223915,778.7057029332221,0.5541265534683879,-16.68191099644645,59677.739535435605,56982.803904278684,3.047473114066663E-8,1.473222201657386E-8,1.0618382026724075E-8,9.616174124151117E-9,3.697873089748135E-10,1.9003353215317217E-9,-2.388383781401315E-6,0.01127156148408544
3,4.212500000000001E-6,3,4.212500000000001E-6,0.8140913087117106,5.174480988706573E-5,0.05,6.771179366037201E-8,-562.5462277936393,921.8210958160512,0.5500724720122299,-16.88246621643654,61546.92730353674,58860.31406494863,3.061059034297687E-8,1.4862611148629985E-8,1.0392388336629545E-8,9.568723885650523E-9,3.74842784393529E-10,1.902477404730987E-9,-2.3593727463371274E-6,0.011407071767862528
3,4.225E-6,3,4.225E-6,0.816507009924505,5.174480988706573E-5,0.05,6.771179366037201E-8,-444.8545074521914,1067.784979813253,0.5459693256385644,-17.088125558160154,63513.110508287835,60835.42524620485,3.074419897956486E-8,1.4996748813430824E-8,1.0166945980148215E-8,9.51926810208473E-9,3.7998311206561905E-10,1.9044907144832606E-9,-2.332807712907515E-6,0.011546030782540646
3,4.2375000000000005E-6,3,4.2375000000000005E-6,0.8189227111372994,5.174480988706573E-5,0.05,6.771179366037201E-8,-325.0870855901777,1212.1771418348392,0.5418158544188371,-17.29911184257576,65583.23366786489,62915.123735899695,3.087540164027285E-8,1.5134809483730433E-8,9.942081371923214E-9,9.467760925381689E-9,3.8521062574838825E-10,1.906373101057715E-9,-2.311447522938941E-6,0.011688589082821459
3,4.25E-6,3,4.25E-6,0.8213384123500937,5.174480988706573E-5,0.05,6.771179366037201E-8,-203.42830625581297,1357.3125329578008,0.5376107434252746,-17.515657594595798,67764.87801241926,65107.03539078135,3.100401919788826E-8,1.527697903392979E-8,9.717821760697106E-9,9.414167745473349E-9,3.905277600493817E-10,1.908122690535288E-9,-2.2960815307911945E-6,0.011834903780132296
3,4.2625E-6,3,4.2625E-6,0.8237541135628882,5.174480988706573E-5,0.05,6.771179366037201E-8,-79.69241062376229,1510.3881213881511,0.5333526198400951,-17.73800950084379,70066.33271142044,67419.49767098794,3.112986057646732E-8,1.5423455688373725E-8,9.494195295307272E-9,9.35845204854377E-9,3.95937055219669E-10,1.909738191591019E-9,-2.2862319969629484E-6,0.011985141554624183
3,4.2750000000000006E-6,3,4.2750000000000006E-6,0.8261698147756826,5.174480988706573E-5,0.05,6.771179366037201E-8,46.568723191238476,1671.6600648528236,0.529040048613776,-17.966436019738808,72496.67625708599,69861.64233148308,3.125274428597468E-8,1.5574451110498005E-8,9.27123103039221E-9,9.300559457139397E-9,4.014411670719457E-10,1.9112183937281105E-9,-2.18891805484442E-6,0.012139483797120817
3,4.2875E-6,3,4.2875E-6,0.828585515988477,5.174480988706573E-5,0.05,6.771179366037201E-8,175.46881250740455,1832.8574176705552,0.5246715280544877,-18.201220589248496,75065.86883475738,72443.48705356206,3.137246863534188E-8,1.5730191599902923E-8,9.048958949897257E-9,9.240429668598608E-9,4.0704287073497136E-10,1.91256144540202E-9,-2.0748304951046706E-6,0.012298122019762497
3,4.3E-6,3,4.3E-6,0.8310012172012714,5.174480988706573E-5,0.05,6.771179366037201E-8,306.6603543791163,1990.099350134679,0.5202454861629301,-18.442661771340735,77784.85687757719,75176.04027046457,3.148880677316014E-8,1.5890919380187516E-8,8.827410049274504E-9,9.17801456411937E-9,4.1274507013224954E-10,1.913764945392365E-9,-1.9624071181764126E-6,0.012461257953608605
3,4.312500000000001E-6,3,4.312500000000001E-6,0.8334169184140658,5.174480988706573E-5,0.05,6.771179366037201E-8,439.94208106647034,2150.443641455944,0.5157602769368002,-18.69107372852723,80665.69216077699,78071.42060907072,3.1601502599949957E-8,1.6056894016929057E-8,8.60661643422759E-9,9.113278164247705E-9,4.1855080378136385E-10,1.9148267587923826E-9,-1.8443233771049466E-6,0.012629103870626506
3,4.325E-6,3,4.325E-6,0.8358326196268601,5.174480988706573E-5,0.05,6.771179366037201E-8,575.6806539491455,2321.6285832342433,0.5112141757091246,-18.946793439103764,83721.66840857272,81142.99489106024,3.1710288760485136E-8,1.6228394017182392E-8,8.386611391238188E-9,9.046174336050582E-9,4.244632515323283E-10,1.915745392172815E-9,-1.7207004020316975E-6,0.012801887458853895
3,4.3375E-6,3,4.3375E-6,0.8382483208396545,5.174480988706573E-5,0.05,6.771179366037201E-8,714.4139754102629,2501.2529139136986,0.5066053729650513,-19.210186380825,86967.47878461459,84405.5368685201,3.181489755732784E-8,1.640571865504827E-8,8.167429409285022E-9,8.976635014557526E-9,4.304857465866415E-10,1.9165194171998106E-9,-1.5929332406336782E-6,0.012979855662719595
3,4.350000000000001E-6,3,4.350000000000001E-6,0.8406640220524491,5.174480988706573E-5,0.05,6.771179366037201E-8,856.2258059329396,2680.6633787516853,0.5019319678961516,-19.481642975115676,90419.39699651708,87875.40823943424,3.191503997940455E-8,1.6589190002915525E-8,7.949106219981219E-9,8.904589618221448E-9,4.3662178681079357E-10,1.9171468321519127E-9,-1.4653412823697777E-6,0.013163272280483565
3,4.3625E-6,3,4.3625E-6,0.8430797232652433,5.174480988706573E-5,0.05,6.771179366037201E-8,1000.761411483467,2856.947940292539,0.497191962784257,-19.7615751516121,94095.48523311921,91570.76653860448,3.2010385625731535E-8,1.6779155150944296E-8,7.731678907357846E-9,8.829982953605734E-9,4.428750439035299E-10,1.91762527755075E-9,-1.339519652573789E-6,0.013352415642981149
3,4.3750000000000005E-6,3,4.3750000000000005E-6,0.8454954244780377,5.174480988706573E-5,0.05,6.771179366037201E-8,1147.850200656576,3037.1959189679737,0.4923832572850192,-20.050420562816246,98015.83428878516,95511.80644007788,3.210056752092127E-8,1.697598867745759E-8,7.515186040890136E-9,8.752766996573857E-9,4.492493718892108E-10,1.9179527358347558E-9,-1.2156937623632434E-6,0.013547581461362328
3,4.387500000000001E-6,3,4.387500000000001E-6,0.8479111256908322,5.174480988706573E-5,0.05,6.771179366037201E-8,1297.900735813874,3229.446465002345,0.4875036411782481,-20.34865114408683,102202.84288751299,99721.04104025921,3.218519911725438E-8,1.718009546455781E-8,7.2996677695580445E-9,8.672880596904555E-9,4.5574881910169795E-10,1.9181277258367904E-9,-1.0953359042858306E-6,0.01374908861086948
3,4.4E-6,3,4.4E-6,0.8503268269036265,5.174480988706573E-5,0.05,6.771179366037201E-8,1451.4946023741456,3431.1540625671128,0.4825507852421437,-20.65678013472791,106681.5439275997,104223.62996072156,3.226388373840104E-8,1.7391913922453002E-8,7.085165871271693E-9,8.590246727889017E-9,4.623776466143537E-10,1.9181488095948104E-9,-8.409782848749303E-7,0.013957283874816156
3,4.4125000000000005E-6,3,4.4125000000000005E-6,0.8527425281164209,5.174480988706573E-5,0.05,6.771179366037201E-8,1608.6876364536924,3632.0036159726756,0.47752223265535976,-20.975350924002697,111479.98441335229,109047.75835892993,3.2336165853298915E-8,1.761191957533401E-8,6.871723869868401E-9,8.504792413473686E-9,4.691403359872461E-10,1.9180141038827897E-9,-5.53943780313191E-7,0.01417253440810993
3,4.425E-6,3,4.425E-6,0.8551582293292153,5.174480988706573E-5,0.05,6.771179366037201E-8,1769.0700216335883,3829.906618751128,0.4724153905597351,-21.30494613352455,116629.66965679316,114225.08351287345,3.240154610824018E-8,1.78406290770791E-8,6.659387201282287E-9,8.416450831234142E-9,4.760416063342439E-10,1.917721303825827E-9,-2.589264776861842E-7,0.014395233874003073
3,4.4375E-6,3,4.4375E-6,0.8575739305420097,5.174480988706573E-5,0.05,6.771179366037201E-8,1932.5943062792774,4035.765962586567,0.46722751993177675,-21.646193323660356,122166.08634958425,119791.259921462,3.245948317718177E-8,1.8078604805840963E-8,6.448203353077902E-9,8.325151449855481E-9,4.830864300922682E-10,1.9172680472457733E-9,5.3209669162740594E-8,0.01462580629977051
3,4.450000000000001E-6,3,4.450000000000001E-6,0.8599896317548041,5.174480988706573E-5,0.05,6.771179366037201E-8,2099.8722038597325,4256.2816500183735,0.4619557241022976,-21.999769999784217,128129.32034181574,125786.55919297924,3.2509391234398216E-8,1.8326460110442835E-8,6.238222000714191E-9,8.230813620714807E-9,4.902800494344275E-10,1.916652226333883E-9,3.7780222569359704E-7,0.01486470945931366
3,4.4625E-6,3,4.4625E-6,0.8624053329675985,5.174480988706573E-5,0.05,6.771179366037201E-8,2271.3679568738803,4482.108852390254,0.45659693632249115,-22.36640678511793,134564.7885143668,132256.60393973012,3.255062992621379E-8,1.8584865291522533E-8,6.029495163825823E-9,8.133351443242728E-9,4.976279960639083E-10,1.9158720593939144E-9,7.121342985459279E-7,0.015112437016971575
3,4.475E-6,3,4.475E-6,0.8648210341803929,5.174480988706573E-5,0.05,6.771179366037201E-8,2446.8137335096612,4703.864156673078,0.4511479067318707,-22.746889037538946,141524.10870660146,139253.23969907,3.258248820157295E-8,1.8854554417357518E-8,5.8220774013513234E-9,8.032682865922857E-9,5.051361094428007E-10,1.914925906991422E-9,1.052139708556335E-6,0.015369519619958747
3,4.487500000000001E-6,3,4.487500000000001E-6,0.8672367353931874,5.174480988706573E-5,0.05,6.771179366037201E-8,2625.932990875071,4930.048725560884,0.4456051876687946,-23.142068855446876,149066.13938248376,146835.57864615694,3.2604195925786025E-8,1.9136333165519688E-8,5.616026009737574E-9,7.928722803118751E-9,5.128105609454607E-10,1.913811944389177E-9,1.5765218862238027E-6,0.01563653301043708
3,4.5E-6,3,4.5E-6,0.8696524366059816,5.174480988706573E-5,0.05,6.771179366037201E-8,2809.2839773833,5173.986085643449,0.4399651181257489,-23.55286063376291,157258.2262914474,155071.24784799758,3.261488560014581E-8,1.9431087821538002E-8,5.411401262565583E-9,7.821379533705229E-9,5.206578672262039E-10,1.9125279846198516E-9,2.162244134248314E-6,0.01591409502281278
3,4.5125E-6,3,4.5125E-6,0.872068137818776,5.174480988706573E-5,0.05,6.771179366037201E-8,2997.683466088088,5430.5133972768235,0.43422380662377535,-23.98025773255301,166177.70513780968,164037.89756171478,3.2613611674571754E-8,1.9739795673864814E-8,5.20826667069259E-9,7.710551117337196E-9,5.286849181317381E-10,1.911071688791636E-9,2.7776995341392716E-6,0.016202876846319603
3,4.525000000000001E-6,3,4.525000000000001E-6,0.8744838390315706,5.174480988706573E-5,0.05,6.771179366037201E-8,3191.1018043577787,5683.772915909685,0.4283771119652282,-24.425334422675814,175913.7223005105,173825.025559861,3.259932438603491E-8,2.0063537084225725E-8,5.0066892532955926E-9,7.596135339587288E-9,5.368990014084873E-10,1.909440958268126E-9,3.431639239558604E-6,0.01650360433964582
3,4.5375E-6,3,4.5375E-6,0.8768995402443648,5.174480988706573E-5,0.05,6.771179366037201E-8,3388.9501216522754,5934.476206875852,0.4224206231600402,-24.889249933150005,186569.44952683666,184536.19634250045,3.2570847454534074E-8,2.0403509465895495E-8,4.806739874707099E-9,7.478033926021494E-9,5.453078236999616E-10,1.9076340187290594E-9,4.118975441340158E-6,0.016817060765641895
3,4.5500000000000005E-6,3,4.5500000000000005E-6,0.8793152414571592,5.174480988706573E-5,0.05,6.771179366037201E-8,3591.363559435545,6200.07209783816,0.41634963746333997,-25.373260419872086,198264.79387396938,196291.75772305208,3.2526873660451746E-8,2.0761043590813723E-8,4.608493616296124E-9,7.356141724463206E-9,5.539195347301729E-10,1.905649078181556E-9,4.8373340419941545E-6,0.017144094878291948
3,4.562500000000001E-6,3,4.562500000000001E-6,0.8817309426699537,5.174480988706573E-5,0.05,6.771179366037201E-8,3799.3481148303595,6486.776849050502,0.4101591348254095,-25.878736525844413,211139.73555086445,209232.1872751983,3.246596914133801E-8,2.113762278169442E-8,4.412030140028884E-9,7.23033958595902E-9,5.627427580349692E-10,1.903484022262011E-9,5.830135696558652E-6,0.017485632787732713
3,4.575E-6,3,4.575E-6,0.884146643882748,5.174480988706573E-5,0.05,6.771179366037201E-8,4013.524395765372,6780.123797502026,0.4038437518882564,-26.407150247158203,225358.4560427502,223522.22438741382,3.2386495785215356E-8,2.15349053683501E-8,4.217434159112254E-9,7.1005046424886296E-9,5.717866035091164E-10,1.9011365592809405E-9,6.933173070837881E-6,0.017842669085917705
3,4.5875000000000005E-6,3,4.5875000000000005E-6,0.8865623450955424,5.174480988706573E-5,0.05,6.771179366037201E-8,4233.527097711958,7069.367047513451,0.39739775497708485,-26.960095000526223,241114.47596052958,239356.01936556192,3.228661689016675E-8,2.1954751111991424E-8,4.02479599891112E-9,6.966513123487905E-9,5.810606910358475E-10,1.898604591230305E-9,8.104148799937972E-6,0.01821628040576096
3,4.6E-6,3,4.6E-6,0.8889780463083368,5.174480988706573E-5,0.05,6.771179366037201E-8,4459.024317760894,7365.339574387095,0.39081501017461595,-27.539291234903228,258637.0960074658,256963.58448776748,3.2164261476329934E-8,2.2399252566430604E-8,3.834212195656053E-9,6.828239529802784E-9,5.905751657560791E-10,1.895886288726707E-9,9.356750071091443E-6,0.018607629212772453
3,4.6125E-6,3,4.6125E-6,0.8913937475211312,5.174480988706573E-5,0.05,6.771179366037201E-8,4690.696447863698,7683.653785776912,0.3840889508304556,-28.14660083779927,278199.5261585832,276618.93680065096,3.201710635147196E-8,2.2870772432753497E-8,3.6457861559923715E-9,6.6855501419924905E-9,6.003407102668147E-10,1.892979804931954E-9,1.095727932994209E-5,0.01901797353905356
3,4.625000000000001E-6,3,4.625000000000001E-6,0.8938094487339256,5.174480988706573E-5,0.05,6.771179366037201E-8,4929.647230176032,8021.444511479417,0.3772125457059225,-28.7840088036566,300129.2096949933,298650.4314193112,3.184248156710443E-8,2.3371988024464553E-8,3.4596289722761067E-9,6.538305854694812E-9,6.103685301324625E-10,1.889883070420454E-9,1.2735724076733392E-5,0.01944865459706527
3,4.6375E-6,3,4.6375E-6,0.89622514994672,5.174480988706573E-5,0.05,6.771179366037201E-8,5176.228650085549,8363.66923149625,0.3701782674525045,-29.45363703159664,324821.0357132895,323453.99213649664,3.1637353896180556E-8,2.3905944513354738E-8,3.2758603727220066E-9,6.3863624636496926E-9,6.206703372538015E-10,1.88659394241148E-9,1.464833741133291E-5,0.01990110610243016
3,4.65E-6,3,4.65E-6,0.8986408511595144,5.174480988706573E-5,0.05,6.771179366037201E-8,5430.069463220069,8706.682834117675,0.36297805987034665,-30.157742372255136,352754.39173854137,351510.18220439233,3.1398275542857744E-8,2.4476119185862804E-8,3.09460975439214E-9,6.229570701218415E-9,6.312583139512967E-10,1.883110454472543E-9,1.6988065457367724E-5,0.020376852954226442
3,4.662500000000001E-6,3,4.662500000000001E-6,0.9010565523723089,5.174480988706573E-5,0.05,6.771179366037201E-8,5691.147924940921,9062.722921861361,0.3556033113085152,-30.898667265640402,384515.3303842177,383406.38271977316,3.1121244929597844E-8,2.5086498826815787E-8,2.916017467593176E-9,6.067782913212636E-9,6.421450165698152E-10,1.8794308185025987E-9,1.958760576483046E-5,0.020877477882189462
3,4.675E-6,3,4.675E-6,0.9034722535851031,5.174480988706573E-5,0.05,6.771179366037201E-8,5960.286760296991,9442.10014300988,0.34804483595510816,-31.67882277432982,420825.635471862,419865.8811426378,3.0801660935948E-8,2.5741673411253347E-8,2.7402363323017922E-9,5.900843988593445E-9,6.533432480016733E-10,1.875553233271304E-9,2.2410999849676873E-5,0.021404609982655285
3,4.6875000000000004E-6,3,4.6875000000000004E-6,0.9058879547978975,5.174480988706573E-5,0.05,6.771179366037201E-8,6238.519186992162,9841.756480161279,0.3402928646642578,-32.500628353390745,462581.291740149,461786.3589317567,3.043421825153069E-8,2.644695023023288E-8,2.5674333465469394E-9,5.7285962516819716E-9,6.648658613713744E-10,1.8714758036590956E-9,2.5787009272015717E-5,0.021959884022561313
3,4.700000000000001E-6,3,4.700000000000001E-6,0.9083036560106921,5.174480988706573E-5,0.05,6.771179366037201E-8,6526.378341869928,10253.42082013246,0.3323370610396617,-33.36636272360433,510903.8196160179,510291.22894145426,3.001269284134314E-8,2.720849245168698E-8,2.3977918213015766E-9,5.5508938269835006E-9,6.767254291032549E-10,1.867196656849563E-9,2.9527602030858065E-5,0.022544839678111037
3,4.7125E-6,3,4.7125E-6,0.9107193572234863,5.174480988706573E-5,0.05,6.771179366037201E-8,6823.986024726397,10675.447556592611,0.32416657393289217,-34.27801031435983,567209.4188680549,566798.7842961751,2.9529820983358466E-8,2.803348766962053E-8,2.231513956680421E-9,5.367596903560344E-9,6.889337773581997E-10,1.8627140572690748E-9,3.3578898920119144E-5,0.02316081777997286
3,4.7250000000000005E-6,3,4.7250000000000005E-6,0.9131350584362807,5.174480988706573E-5,0.05,6.771179366037201E-8,7131.613262258829,11113.723569022175,0.31577014075625004,-35.23699648021004,633303.0059440115,633116.2180711662,2.8977115272996567E-8,2.8930353243065536E-8,2.0688238397884217E-9,5.1785698734875054E-9,7.01501309521312E-10,1.85802637744194E-9,3.834274339692201E-5,0.023808781405547323
3,4.737500000000001E-6,3,4.737500000000001E-6,0.9155507596490752,5.174480988706573E-5,0.05,6.771179366037201E-8,7449.991858878658,11575.179461526795,0.3071362825625419,-36.2436930976381,711507.1779868267,711568.5125533952,2.8344519752321845E-8,2.990898405067775E-8,1.909971198640435E-9,4.9836983627451715E-9,7.144359727240295E-10,1.8531320183372235E-9,4.353296398001018E-5,0.024488981822728448
3,4.75E-6,3,4.75E-6,0.9179664608618695,5.174480988706573E-5,0.05,6.771179366037201E-8,7780.144717695023,12062.094780411704,0.29825363643638325,-37.2967745576583,804840.5791923502,805176.6818366991,2.7620187248867692E-8,3.098104855110331E-8,1.7552359960129704E-9,4.782898121854541E-9,7.277417921093885E-10,1.8480294182184657E-9,4.94369978020127E-5,0.025200523349769122
3,4.7625000000000006E-6,3,4.7625000000000006E-6,0.920382162074664,5.174480988706573E-5,0.05,6.771179366037201E-8,8122.9755851923155,12571.068452127376,0.28911150326501994,-38.39208487567998,917266.3094949254,917905.9035361203,2.679004340075095E-8,3.216033493435422E-8,1.6049341062905527E-9,4.576141933409511E-9,7.414166918980583E-10,1.8427171271687517E-9,5.603947694941836E-5,0.025940597888972957
3,4.775E-6,3,4.775E-6,0.9227978632874583,5.174480988706573E-5,0.05,6.771179366037201E-8,8479.06650300249,13098.709360046494,0.27970074036246045,-39.52091362523263,1054039.3326947202,1055012.427044471,2.5837365481471416E-8,3.346313844322735E-8,1.459424488877746E-9,4.363477968983012E-9,7.554493015926296E-10,1.8371938357454322E-9,6.285255928857959E-5,0.026703320017049073
3,4.7875E-6,3,4.7875E-6,0.9252135645002527,5.174480988706573E-5,0.05,6.771179366037201E-8,8848.98755491509,13649.188960254041,0.2700151831272057,-40.667346383735,1222192.530629152,1223528.7416305202,2.4742421632195226E-8,3.490866067129269E-8,1.3191180732195495E-9,4.1450491451475865E-9,7.698143298963642E-10,1.8314583485481563E-9,6.983332846380826E-5,0.027477936745766894
3,4.800000000000001E-6,3,4.800000000000001E-6,0.9276292657130472,5.174480988706573E-5,0.05,6.771179366037201E-8,9233.775797323864,14231.916183844556,0.26005391468537237,-41.8039026433839,1431211.2527880033,1432936.4943768054,2.348198034728652E-8,3.651934120343305E-8,1.1844890207470856E-9,3.921156859185241E-9,7.844657544924756E-10,1.8255095986397212E-9,7.604470556373171E-5,0.02824588016444858
3,4.8125E-6,3,4.8125E-6,0.9300449669258415,5.174480988706573E-5,0.05,6.771179366037201E-8,9634.864345953332,14850.171630961771,0.24982487148627025,-42.8848421648896,1693948.4082364163,1696078.7609390821,2.2029266826506474E-8,3.8320944276112556E-8,1.0560889052661694E-9,3.6923308410487846E-9,7.993269933787735E-10,1.819346734431869E-9,8.138783622033692E-5,0.028976244706006484
3,4.825E-6,3,4.825E-6,0.9324606681386359,5.174480988706573E-5,0.05,6.771179366037201E-8,10053.510077415007,15498.829548244517,0.23935058703474374,-43.83518496582321,2027799.9921420258,2030330.5015252894,2.0354134334722147E-8,4.034201745327592E-8,9.345647958304423E-10,3.4594611300103173E-9,8.142766917309201E-10,1.8129691773548378E-9,8.314537613346067E-5,0.029618368220150817
3,4.837500000000001E-6,3,4.837500000000001E-6,0.9348763693514304,5.174480988706573E-5,0.05,6.771179366037201E-8,10490.649512451044,16176.876545709123,0.2286774364585762,-44.53273460257305,2456021.030825622,2458905.4483033903,1.8423932603941355E-8,4.2611912965653575E-8,8.206833919164629E-10,3.223953163076558E-9,8.291286564680227E-10,1.8063765647119637E-9,6.193434214652362E-5,0.030089685542279088
3,4.85E-6,3,4.85E-6,0.9372920705642246,5.174480988706573E-5,0.05,6.771179366037201E-8,10947.493912453863,16894.464583311797,0.21788974527310406,-44.785726603843344,3008676.413863096,3011793.3943907414,1.6210851066289954E-8,4.515593715154589E-8,7.153565767517213E-10,2.9879363223867218E-9,8.436059327358074E-10,1.7995686612010109E-9,2.1592258306194647E-5,0.030260626083677935
3,4.8625000000000005E-6,3,4.8625000000000005E-6,0.939707771777019,5.174480988706573E-5,0.05,6.771179366037201E-8,11425.932563118398,17661.9907475683,0.20713070087776092,-44.29900328420167,3721715.8370219236,3724813.0755811404,1.3701865158469989E-8,4.798501552440904E-8,6.196657674932552E-10,2.7546662781542874E-9,8.573117363340394E-10,1.792545401484429E-9,-1.0689334720937623E-5,0.029931758975811937
3,4.875000000000001E-6,3,4.875000000000001E-6,0.9421234729898136,5.174480988706573E-5,0.05,6.771179366037201E-8,11928.099696540456,18479.380679641476,0.196633368119911,-42.62417754484758,4630305.943012131,4632910.104677159,1.0912182699740585E-8,5.107523192461629E-8,5.348933627214538E-10,2.529085980173178E-9,8.69707799307948E-10,1.7853070762167093E-9,-7.952554946125413E-5,0.028800119962734853
3,4.8875E-6,3,4.8875E-6,0.9445391742026078,5.174480988706573E-5,0.05,6.771179366037201E-8,12455.842920716825,19343.235594994057,0.18675900811663154,-39.14814580190618,5748935.786248915,5750238.852433884,7.927061893637185E-9,5.4332681425305E-8,4.6253301464569915E-10,2.318381049659651E-9,8.801256599573259E-10,1.7778544848733572E-9,-1.9429602411343325E-4,0.026451449866152825
3,4.9000000000000005E-6,3,4.9000000000000005E-6,0.9469548754154022,5.174480988706573E-5,0.05,6.771179366037201E-8,13010.966341526964,20259.389513635564,0.17802910071139608,-33.15659887165986,7029230.947774199,7027996.307814463,4.9477641437413074E-9,5.754529378824206E-8,4.0424455441088183E-10,2.1327009903203277E-9,8.878781645150119E-10,1.7701889173417554E-9,-3.5035405973253434E-4,0.02240310734571612
3,4.912500000000001E-6,3,4.912500000000001E-6,0.9493705766281967,5.174480988706573E-5,0.05,6.771179366037201E-8,13595.873389446448,21241.569489497604,0.1711179860999183,-24.09467118218801,8300958.274867915,8295580.05032577,2.328430414634337E-9,6.034540646507432E-8,3.6172375739360597E-10,1.9854778318974685E-9,8.925369176268148E-10,1.762312054873805E-9,-5.302801318742407E-4,0.016280183231208115
3,4.925E-6,3,4.925E-6,0.951786277840991,5.174480988706573E-5,0.05,6.771179366037201E-8,14213.71683995336,22300.80602387053,0.16675282706304015,-12.07386474047902,9252573.446404008,9241481.888680998,5.422696174715553E-10,6.224595905105783E-8,3.364599954818334E-10,1.8926818713903735E-9,8.943475578844538E-10,1.7542259922267346E-9,-6.771283461964915E-4,0.008158016716539878
3,4.937500000000001E-6,3,4.937500000000001E-6,0.9542019790537855,5.174480988706573E-5,0.05,6.771179366037201E-8,14868.001840964229,23441.68644528683,0.16550015989978362,1.6910499440361684,9550291.991651742,9532687.113905849,1.0406118650370651E-11,6.281175211056894E-8,3.2943269673813987E-10,1.8705402395824747E-9,8.945101406126143E-10,1.7459334266699803E-9,-7.268885505584851E-4,0.0011426013135379517
3,4.95E-6,3,4.95E-6,0.9566176802665798,5.174480988706573E-5,0.05,6.771179366037201E-8,15562.290069676015,24668.04211211882,0.16753039993510793,15.129374964541189,9073540.420402871,9049948.132787662,8.630848269522715E-10,6.189943130453061E-8,3.4087169068159456E-10,1.9320551530483477E-9,8.949056171179924E-10,1.7374378554862174E-9,-6.499194627113836E-4,0.01022255065171702
3,4.9625E-6,3,4.9625E-6,0.9590333814793742,5.174480988706573E-5,0.05,6.771179366037201E-8,16300.404067488194,25990.008605215662,0.17253448103219315,26.329278558733694,8018464.6044274345,7990538.561974954,2.847902182110996E-9,5.975137820953516E-8,3.7018428207419043E-10,2.0836950205811336E-9,8.972844444611559E-10,1.7287436431956707E-9,-4.8153913300898746E-4,0.01779005308022547
3,4.975000000000001E-6,3,4.975000000000001E-6,0.9614490826921687,5.174480988706573E-5,0.05,6.771179366037201E-8,17086.967354151082,27426.29904643818,0.17986620371383005,34.404769852500124,6732584.560277332,6702326.177651581,5.488734897841217E-9,5.6840714328450354E-8,4.1607971914148575E-10,2.323662236737821E-9,9.025630307497008E-10,1.7198560174687406E-9,-2.980785014192767E-4,0.023246466116554138
3,4.9875E-6,3,4.9875E-6,0.963864783904963,5.174480988706573E-5,0.05,6.771179366037201E-8,17927.798174865533,28999.1487313413,0.18878953703120277,39.501702514194825,5493672.100872426,5462756.90382077,8.32828447919915E-9,5.3632186591902984E-8,4.76845475306503E-10,2.6425801412551146E-9,9.107408838600887E-10,1.710781154306213E-9,-1.5322197184716848E-4,0.026690339536618125
3,5.0E-6,3,5.0E-6,0.9662804851177574,5.174480988706573E-5,0.05,6.771179366037201E-8,18829.78084409061,30726.251868266227,0.19866446383626918,42.275432570340776,4434709.828815864,4404252.032188801,1.1058778526934308E-8,5.04492578629387E-8,5.50652854399766E-10,3.0261651341749953E-9,9.212657176220264E-10,1.7015264020540873E-9,-6.124726615462525E-5,0.02856448146644647
3,5.012500000000001E-6,3,5.012500000000001E-6,0.9686961863305519,5.174480988706573E-5,0.05,6.771179366037201E-8,19800.491671310534,32621.92764940658,0.20901590207918908,43.439791490899296,3582752.6290639415,3553372.617497014,1.352523690850493E-8,4.7466128951226137E-8,6.357766336862419E-10,3.458303628271325E-9,9.334341212870723E-10,1.6921005465492777E-9,-1.200486360025309E-5,0.02935121046682385
3,5.025E-6,3,5.025E-6,0.9711118875433461,5.174480988706573E-5,0.05,6.771179366037201E-8,20848.383556801284,34710.04426501053,0.2195242023766877,43.568912465395314,2915707.0795566086,2887687.977697243,1.5676339156740456E-8,4.4752790452551065E-8,7.307002127424112E-10,3.9234278381191955E-9,9.46618061457035E-10,1.6825140250668075E-9,8.803286292328349E-6,0.029438454368510347
3,5.0375000000000005E-6,3,5.0375000000000005E-6,0.9735275887561405,5.174480988706573E-5,0.05,6.771179366037201E-8,21983.708523852627,37031.24382870624,0.2299881535663073,43.069062170645395,2397767.364149568,2371191.0764348083,1.751865412238865E-8,4.232066169840428E-8,8.34141768607706E-10,4.4079498048362275E-9,9.603059073829337E-10,1.6727791116661017E-9,3.985646765492929E-5,0.02910071768286851
3,5.050000000000001E-6,3,5.050000000000001E-6,0.9759432899689351,5.174480988706573E-5,0.05,6.771179366037201E-8,23219.274139535355,39633.19193147067,0.24028714940276005,42.20105451713332,1994810.8151778323,1969652.8645896788,1.9077700912861827E-8,4.0153402754776466E-8,9.450311249853222E-10,4.900534880985523E-9,9.74203017064493E-10,1.6629101591448794E-9,2.9377296611996907E-5,0.028514226025090083
3,5.0625E-6,3,5.0625E-6,0.9783589911817293,5.174480988706573E-5,0.05,6.771179366037201E-8,24570.417615036135,42560.84331754455,0.250355497778848,41.15763582609225,1678920.1682646193,1655096.1521154123,2.0414313227681534E-8,3.8223499857100736E-8,1.0625100749497584E-9,5.392380738896547E-9,9.879463641058646E-10,1.6529239430200146E-9,3.2166546187940745E-4,0.027809213396008278
3,5.0750000000000005E-6,3,5.0750000000000005E-6,0.9807746923945238,5.174480988706573E-5,0.05,6.771179366037201E-8,26054.937820022795,45864.897043713325,0.2601626768631165,40.03824291316343,1428699.9710824373,1406106.6395144993,2.1566047528934112E-8,3.650102147951073E-8,1.1859072292756522E-9,5.8773259145359696E-9,1.0014368908312431E-9,1.6428400964631903E-9,9.272458427820013E-4,0.027052866833218534
3,5.087500000000001E-6,3,5.087500000000001E-6,0.9831903936073182,5.174480988706573E-5,0.05,6.771179366037201E-8,27693.876957510038,49615.966691725116,0.2696917191362968,38.85500521788417,1228361.0452049493,1206905.160393336,2.2509116339431017E-8,3.4958909371294176E-8,1.3145941286987553E-9,6.3513507362685465E-9,1.0148121798309207E-9,1.6326816167168947E-9,0.0010289302365515157,0.02625338190397579
3,5.1E-6,3,5.1E-6,0.9856060948201125,5.174480988706573E-5,0.05,6.771179366037201E-8,29512.70336900556,53902.7736131301,0.27893534783832263,37.674142659123305,1066240.268204088,1045822.6662440652,2.3296509961994505E-8,3.3573355204455955E-8,1.447992024047765E-9,6.8098976621308484E-9,1.02788203225409E-9,1.622475443640619E-9,9.794256593528747E-4,0.025455501796704937
3,5.112500000000001E-6,3,5.112500000000001E-6,0.988021796032907,5.174480988706573E-5,0.05,6.771179366037201E-8,31541.84361972043,58818.90693206445,0.28789821651002717,36.53060877335707,933611.7555302094,914136.8417413038,2.3966876658392823E-8,3.2323042996165655E-8,1.5856556196988713E-9,7.250318216593109E-9,1.0405610702148486E-9,1.6122531308233584E-9,9.88218268921987E-4,0.024682843765781805
3,5.125E-6,3,5.125E-6,0.9904374972457013,5.174480988706573E-5,0.05,6.771179366037201E-8,33816.38407671104,64454.98467090567,0.2965903760433447,35.432728400101695,823968.0554602833,805350.0403048225,2.4535914531314523E-8,3.118965304875523E-8,1.72722277055882E-9,7.671605140834653E-9,1.052861875791729E-9,1.602051650495586E-9,9.970989354850205E-4,0.023941032702771415
3,5.1375E-6,3,5.1375E-6,0.9928531984584957,5.174480988706573E-5,0.05,6.771179366037201E-8,36375.21843216619,70891.40461981959,0.30502341757445656,34.38534303934183,732437.6100493977,714599.7708544754,2.5018505708721955E-8,3.0157767591418004E-8,1.8723748135285754E-9,8.073139134714454E-9,1.0647797893136308E-9,1.5919143911326157E-9,9.848767083576646E-4,0.02323333989144718
3,5.150000000000001E-6,3,5.150000000000001E-6,0.9952688996712902,5.174480988706573E-5,0.05,6.771179366037201E-8,39259.00895420631,78172.69009491436,0.3132099658000788,33.39190475734039,655330.8325592763,638204.4187886578,2.5430045974320874E-8,2.921435637663405E-8,2.0208372451816686E-9,8.454883242758017E-9,1.0763221082977177E-9,1.581892397416021E-9,9.82748803998612E-4,0.02256209780901378
3,5.1625E-6,3,5.1625E-6,0.9976846008840845,5.174480988706573E-5,0.05,6.771179366037201E-8,42505.557952630326,86260.44476969194,0.32116291797933927,32.45141306408822,589825.228806217,573349.2881742868,2.5780525199214505E-8,2.8348398895494767E-8,2.172372098792618E-9,8.81705908589128E-9,1.0874988270309363E-9,1.5720458797616231E-9,9.762896866280452E-4,0.021926630448708257
3,5.1750000000000004E-6,3,5.1750000000000004E-6,1.0001003020968788,5.174480988706573E-5,0.05,6.771179366037201E-8,46141.65701720488,94977.75374784452,0.32889490437547064,31.56248501503822,533740.3002522576,517860.6232058628,2.607939092843194E-8,2.7550560286901754E-8,2.326770180012915E-9,9.160226915088875E-9,1.0983248285738527E-9,1.562446040965133E-9,9.736194544353422E-4,0.02132600338853934
3,5.187500000000001E-6,3,5.187500000000001E-6,1.0025160033096734,5.174480988706573E-5,0.05,6.771179366037201E-8,50171.467470576245,103956.59317061745,0.3364180849713417,30.722716238652097,485374.32572784775,470042.7222271735,2.633411780768459E-8,2.6812901214624095E-8,2.483847134879806E-9,9.485059948769445E-9,1.1088135239142033E-9,1.5531773363772334E-9,9.765404562907736E-4,0.02075859205314331
3,5.2E-6,3,5.2E-6,1.0049317045224677,5.174480988706573E-5,0.05,6.771179366037201E-8,54562.72985639499,112609.45969673978,0.3437439161327917,29.92862758046545,443386.96232998406,428560.6818923131,2.654963521775699E-8,2.61286508061457E-8,2.643437437509888E-9,9.792405625121081E-9,1.118982354791977E-9,1.5443403322697407E-9,9.696702697418318E-4,0.020222045662476654
3,5.2125000000000005E-6,3,5.2125000000000005E-6,1.007347405735262,5.174480988706573E-5,0.05,6.771179366037201E-8,59234.602999967465,120172.74103278879,0.3508831532794142,29.177891907815184,406712.4172898608,392353.1927051491,2.6732029228384948E-8,2.5492004627381534E-8,2.8053923373484747E-9,1.0083110048743006E-8,1.1288444968744945E-9,1.5360553316863616E-9,9.694383577558963E-4,0.019714791829604852
3,5.225000000000001E-6,3,5.225000000000001E-6,1.0097631069480566,5.174480988706573E-5,0.05,6.771179366037201E-8,64053.782741448515,125857.97799012484,0.35784585703430444,28.467120832438717,374495.69661040156,360569.40526062803,2.6884664715038216E-8,2.48979629920253E-8,2.9695777244365015E-9,1.0358047574553244E-8,1.1384157718692973E-9,1.5284669706344001E-9,9.65003061544793E-4,0.019234541102999134
3,5.2375E-6,3,5.2375E-6,1.012178808160851,5.174480988706573E-5,0.05,6.771179366037201E-8,68844.82183156187,129069.51531052472,0.3646413790742151,27.793782362737897,346045.3461246505,332521.3325581229,2.701159338712377E-8,2.43422023850923E-8,3.135871380506493E-9,1.0617980951981792E-8,1.147709679114703E-9,1.5217500316494635E-9,9.64590532398547E-4,0.018779582677525605
3,5.2500000000000006E-6,3,5.2500000000000006E-6,1.0145945093736453,5.174480988706573E-5,0.05,6.771179366037201E-8,73414.36296819059,129576.99575455318,0.3712784058062467,27.154948759157033,320797.7426516341,307648.4953869964,2.7115296357100994E-8,2.382096661989185E-8,3.3041615375506253E-9,1.0863586666733204E-8,1.1567401190655353E-9,1.5161166312915532E-9,9.610478137404285E-4,0.01834793835078178
3,5.262500000000001E-6,3,5.262500000000001E-6,1.0170102105864398,5.174480988706573E-5,0.05,6.771179366037201E-8,77581.53273628361,127554.92878497207,0.3777649875822667,26.548240026540324,298290.1062091386,285490.7953777301,2.7198522677599548E-8,2.333097911233326E-8,3.4743451985707326E-9,1.1095429045476888E-8,1.1655197031921947E-9,1.511824932772674E-9,9.57396135427054E-4,0.01793800001793265
3,5.275E-6,3,5.275E-6,1.0194259117992341,5.174480988706573E-5,0.05,6.771179366037201E-8,81203.99233930666,123488.5086478363,0.38410861995102197,25.971471623720547,278139.6986410379,265667.8465546847,2.7263719319098303E-8,2.286936706254262E-8,3.6463279810498604E-9,1.1313948529455701E-8,1.1740601705074882E-9,1.5091904464867836E-9,9.572903812571386E-4,0.017548291637649018
3,5.287500000000001E-6,3,5.287500000000001E-6,1.0218416130120285,5.174480988706573E-5,0.05,6.771179366037201E-8,84192.0709365133,118003.71995094417,0.390316251367717,25.42228843669937,260028.01520783742,247863.2829509185,2.7312306286999517E-8,2.243360394646837E-8,3.8200222450809E-9,1.1519530523599275E-8,1.1823732756890244E-9,1.5086030374324126E-9,9.547178032491418E-4,0.017177221916688766
3,5.3E-6,3,5.3E-6,1.0242573142248228,5.174480988706573E-5,0.05,6.771179366037201E-8,86508.85860726054,111693.19214093855,0.3963943199502825,24.89881573082454,243688.38451276658,231812.263338304,2.734608650496205E-8,2.202145965385822E-8,3.9953460717090945E-9,1.1712422995862411E-8,1.1904693647896462E-9,1.5105537604432252E-9,9.532267240826612E-4,0.016823524142449014
3,5.3125E-6,3,5.3125E-6,1.0266730154376171,5.174480988706573E-5,0.05,6.771179366037201E-8,88159.56802510053,105005.90726424323,0.4023488098260181,24.39917978421122,228896.1964846969,217291.82787372192,2.7366311881808257E-8,2.1630957504649703E-8,4.1722229918568015E-9,1.1892752181355172E-8,1.1983584036972396E-9,1.5156718845627881E-9,9.522888712912344E-4,0.016485932286629205
3,5.325000000000001E-6,3,5.325000000000001E-6,1.0290887166504117,5.174480988706573E-5,0.05,6.771179366037201E-8,89177.0960586133,98235.55095197467,0.4081852732141589,23.92167023017031,215461.2675198608,204113.25584405556,2.7374073583119048E-8,2.1260340267525595E-8,4.350580919822222E-9,1.2060399553297442E-8,1.2060497007442972E-9,1.5247638823511576E-9,9.513002537023301E-4,0.01616329069606102
3,5.3375E-6,3,5.3375E-6,1.031504417863206,5.174480988706573E-5,0.05,6.771179366037201E-8,89610.2512186705,91574.51559376862,0.4139088716768072,23.464767269286604,203221.7172229865,192115.9597780488,2.7370425217475785E-8,2.0908040234568987E-8,4.530351791348381E-9,1.2214934536409458E-8,1.2135518937385525E-9,1.5388410529344569E-9,9.503671757151055E-4,0.015854572479247705
3,5.3500000000000004E-6,3,5.3500000000000004E-6,1.0339201190760003,5.174480988706573E-5,0.05,6.771179366037201E-8,89516.63539009406,85160.34267974788,0.4195244177151127,23.027099135428035,192039.06488572122,181162.6092461055,2.735634530496891E-8,2.0572653781098622E-8,4.711471408663661E-9,1.2355587293150715E-8,1.2208731125504132E-9,1.559134256458783E-9,9.491920542152888E-4,0.015558850767181104
3,5.362500000000001E-6,3,5.362500000000001E-6,1.036335820288795,5.174480988706573E-5,0.05,6.771179366037201E-8,88957.84408216839,79076.51721003484,0.4250364074377774,22.607419394302724,181794.29469523783,171135.21614990316,2.73327326231422E-8,2.0252920165941524E-8,4.893879185159823E-9,1.2481270047753669E-8,1.2280209713163604E-9,1.5871277957623297E-9,9.475030158805476E-4,0.015275283374528867
3,5.375E-6,3,5.375E-6,1.0387515215015892,5.174480988706573E-5,0.05,6.771179366037201E-8,87994.60787866884,73339.90394384247,0.43044905460478655,22.204635707229,172384.6611066183,161931.94842889215,2.730052071330433E-8,1.994770327186955E-8,5.077518092057443E-9,1.259048995546021E-8,1.2350026679903118E-9,1.6246803442292085E-9,9.469751290397472E-4,0.015003132234614188
3,5.3875000000000005E-6,3,5.3875000000000005E-6,1.0411672227143836,5.174480988706573E-5,0.05,6.771179366037201E-8,86682.99207943176,67931.06485439694,0.435766312098059,21.81768321341422,163721.10281435575,153464.57817116196,2.72604070140042E-8,1.9655976561425047E-8,5.262334325162165E-9,1.2681065491913035E-8,1.2418249611549054E-9,1.6742985085942188E-9,9.468542836590469E-4,0.0147416778469015
3,5.400000000000001E-6,3,5.400000000000001E-6,1.043582923927178,5.174480988706573E-5,0.05,6.771179366037201E-8,85074.59579200605,62862.605941745904,0.4409918869404998,21.445588770890236,155726.12808940918,145656.36435375107,2.72130335693386E-8,1.9376810396209013E-8,5.448276839656296E-9,1.2749737850752433E-8,1.248494214047987E-9,1.7395593336150939E-9,9.469331674924413E-4,0.014490262683033944
3,5.4125E-6,3,5.4125E-6,1.0459986251399724,5.174480988706573E-5,0.05,6.771179366037201E-8,83220.05538266302,58199.79446119653,0.4461292580832864,21.087439167426762,148332.0635968256,138440.3154250375,2.7158935264334357E-8,1.9109360872401996E-8,5.63529705618639E-9,1.2791782083233118E-8,1.2550164154632496E-9,1.8255541217518723E-9,9.474295323018792E-4,0.014248269707720786
3,5.4250000000000006E-6,3,5.4250000000000006E-6,1.0484143263527668,5.174480988706573E-5,0.05,6.771179366037201E-8,81170.1078999526,53982.471353279114,0.4511816882077616,20.742356422469953,141479.60923582406,131757.7551582036,2.709849726462001E-8,1.8852860386088713E-8,5.823348425658421E-9,1.2800817595246851E-8,1.2613971865227305E-9,1.9390916788895136E-9,9.484149390033431E-4,0.014015105690858077
3,5.437500000000001E-6,3,5.437500000000001E-6,1.0508300275655613,5.174480988706573E-5,0.05,6.771179366037201E-8,78970.80991590965,50148.884530866446,0.4561522308095194,20.409487166504334,135116.6382308695,125557.13016440472,2.703194285173875E-8,1.8606609604998944E-8,6.012385867966384E-9,1.2769136427547469E-8,1.267641777704357E-9,2.088320628136505E-9,9.487785546284239E-4,0.013790194031421848
3,5.45E-6,3,5.45E-6,1.0532457287783556,5.174480988706573E-5,0.05,6.771179366037201E-8,76658.48406935924,46594.01853230303,0.4610437496363206,20.08811178532825,129197.17629100206,119792.97585960831,2.6959642029744998E-8,1.8369969824049147E-8,6.202365728690644E-9,1.2688813354416214E-8,1.2737551213304256E-9,2.2815136160979793E-9,9.491110851345265E-4,0.013573048503600168
3,5.462500000000001E-6,3,5.462500000000001E-6,1.05566142999115,5.174480988706573E-5,0.05,6.771179366037201E-8,74261.75050362023,43290.5099967893,0.46585894421410096,19.777592228578573,123680.53759902313,114425.06668075972,2.688200446822415E-8,1.8142355954698334E-8,6.393246072976976E-9,1.2553646473735799E-8,1.2797418710109762E-9,2.5250906313916517E-9,9.494920779728781E-4,0.01336323799228282
3,5.475E-6,3,5.475E-6,1.0580771312039443,5.174480988706573E-5,0.05,6.771179366037201E-8,71807.56646797027,40279.845111296716,0.4706003663238221,19.47734271932184,118530.60702673765,109417.70742495818,2.679942156606286E-8,1.7923230755735053E-8,6.584986731882769E-9,1.2361411853114653E-8,1.2856064305654661E-9,2.8214429844110496E-9,9.497113859129699E-4,0.013160366702244486
3,5.4875E-6,3,5.4875E-6,1.0604928324167386,5.174480988706573E-5,0.05,6.771179366037201E-8,69322.22113119542,37558.10609183961,0.47527043191084245,19.186824851634537,113715.23675994188,104739.13417761255,2.6712268813837647E-8,1.7712099928791597E-8,6.777549236450827E-9,1.2115413666576443E-8,1.291352978445411E-9,3.1674174908614437E-9,9.497378686186136E-4,0.012964070845699012
3,5.500000000000001E-6,3,5.500000000000001E-6,1.0629085336295332,5.174480988706573E-5,0.05,6.771179366037201E-8,66827.52065262872,35062.55810658329,0.4798714329219301,18.905550150379337,109205.73283156984,100361.00351531612,2.6620927485009663E-8,1.7508507763816817E-8,6.9708968045519925E-9,1.182462247774926E-8,1.296985485611888E-9,3.5541486744301505E-9,9.495396196450221E-4,0.01277402037187793
3,5.5125E-6,3,5.5125E-6,1.0653242348423275,5.174480988706573E-5,0.05,6.771179366037201E-8,64340.15494768801,32763.014928423843,0.48440555037726163,18.63308872642098,104976.41550867831,96257.9543041057,2.652582366312923E-8,1.7312033207163735E-8,7.164994436424187E-9,1.15023906290085E-8,1.3025077460560607E-9,3.968366032574588E-9,9.499387109270396E-4,0.01258992481514931
3,5.5250000000000005E-6,3,5.5250000000000005E-6,1.0677399360551219,5.174480988706573E-5,0.05,6.771179366037201E-8,61874.93822663314,30673.892061636776,0.4888748585782985,18.368988204634224,101004.25051037701,92407.25414193784,2.642720864854534E-8,1.712228672371574E-8,7.3598086812439315E-9,1.116421223477765E-8,1.3079233669773117E-9,4.394711396665899E-9,9.504605929751557E-4,0.012411478516644746
3,5.537500000000001E-6,3,5.537500000000001E-6,1.0701556372679164,5.174480988706573E-5,0.05,6.771179366037201E-8,59445.88979668455,28790.12776684898,0.4932813255612299,18.112819731610504,97268.53429905635,88788.47896481323,2.632529320818857E-8,1.6938907638782714E-8,7.555307254898709E-9,1.082516588004873E-8,1.313235773309484E-9,4.818276916247703E-9,9.509866394452872E-4,0.012238391710547638
3,5.55E-6,3,5.55E-6,1.0725713384807107,5.174480988706573E-5,0.05,6.771179366037201E-8,57065.100341561425,27093.244085063558,0.4976268202193752,17.864191918985515,93750.61640588604,85383.23500550118,2.622029683347138E-8,1.6761561478794863E-8,7.751458963494422E-9,1.0497856033106512E-8,1.3184482197766683E-9,5.226604886983105E-9,9.515735999864623E-4,0.012070399945260483
3,5.5625000000000005E-6,3,5.5625000000000005E-6,1.074987039693505,5.174480988706573E-5,0.05,6.771179366037201E-8,54743.31328084088,25589.940626551932,0.5019131200010187,17.622738933624902,90433.65869659699,82174.92161635956,2.6112422454890115E-8,1.65899375565662E-8,7.948233686820302E-9,1.0191397002709237E-8,1.3235638018626299E-9,5.6107135572739635E-9,9.521886257190531E-4,0.011907256036233042
3,5.575000000000001E-6,3,5.575000000000001E-6,1.0774027409062996,5.174480988706573E-5,0.05,6.771179366037201E-8,52490.31432556362,24270.49481239832,0.5061419158339995,17.38811052318117,87302.4285406766,79148.52739603727,2.600183411081638E-8,1.6423746903108766E-8,8.145602267149933E-9,9.91138463803805E-9,1.328585464986491E-9,5.965158912524812E-9,9.528419314370747E-4,0.011748723326473762
3,5.5875E-6,3,5.5875E-6,1.079818442119094,5.174480988706573E-5,0.05,6.771179366037201E-8,50311.9934845086,23061.343432075762,0.5103148141924839,17.159957830043794,84343.1206551553,76290.45537290008,2.5888619592845065E-8,1.6262720508162575E-8,8.343536284387664E-9,9.660456519003386E-9,1.333516001901889E-9,6.2874762365367016E-9,9.530316504233353E-4,0.011594566101380942
3,5.600000000000001E-6,3,5.600000000000001E-6,1.0822341433318883,5.174480988706573E-5,0.05,6.771179366037201E-8,48207.46123609919,21867.556598848292,0.5144333421498202,16.937971677745562,81543.19933235463,73588.36052036726,2.5772910775605504E-8,1.6106607614073784E-8,8.542007986259341E-9,9.439031956640537E-9,1.3383580696155171E-9,6.577412956172663E-9,9.530939073779172E-4,0.011444575457936191
3,5.612500000000001E-6,3,5.612500000000001E-6,1.0846498445446828,5.174480988706573E-5,0.05,6.771179366037201E-8,46170.14570172219,20631.46419230348,0.5184989546648306,16.721864843119164,78891.25896551173,71031.01412936105,2.5654838069272752E-8,1.595517408625258E-8,8.740990352291034E-9,9.24599801397311E-9,1.3431141976244122E-9,6.836216560596866E-9,9.531222871225289E-4,0.011298557326431867
3,5.625E-6,3,5.625E-6,1.0870655457574772,5.174480988706573E-5,0.05,6.771179366037201E-8,44191.377403882645,19342.228663269867,0.5225130406337298,16.511377164302502,76376.90264859197,68608.18262752105,2.553455223316809E-8,1.5808200978497684E-8,8.940457129523237E-9,9.079271475131414E-9,1.3477867994321794E-9,7.066059532717081E-9,9.530760390332612E-4,0.011156335921826015
3,5.637500000000001E-6,3,5.637500000000001E-6,1.0894812469702715,5.174480988706573E-5,0.05,6.771179366037201E-8,42264.33377193085,18042.107262685007,0.5264769282521778,16.306266639528985,73990.63593007345,66310.52354665924,2.541220287112427E-8,1.566548325231916E-8,9.140382860885836E-9,8.93627942031606E-9,1.3523781844146826E-9,7.269593975879009E-9,9.529640418427009E-4,0.011017747729411477
3,5.65E-6,3,5.65E-6,1.0918969481830658,5.174480988706573E-5,0.05,6.771179366037201E-8,40388.10281325349,16831.667826312405,0.5303918884816652,16.106301332904124,71723.77430208356,64129.49494403623,2.528791764554012E-8,1.5526828676120878E-8,9.340742840266302E-9,8.81430556452333E-9,1.356890562613962E-9,7.449623208757429E-9,9.52785828914795E-4,0.01088263603574603
3,5.6625E-6,3,5.6625E-6,1.0943126493958601,5.174480988706573E-5,0.05,6.771179366037201E-8,38569.982659652844,15826.494790217814,0.5342591384022887,15.911267013786025,69568.3614899947,62057.27323074052,2.5161829918961793E-8,1.539205682346704E-8,9.541513077479405E-9,8.710680403965661E-9,1.3613260510139986E-9,7.60888591060404E-9,9.525449206592566E-4,0.010750856090395963
3,5.675000000000001E-6,3,5.675000000000001E-6,1.0967283506086547,5.174480988706573E-5,0.05,6.771179366037201E-8,36823.62394768455,15094.299219831772,0.538079846922887,15.72097894838186,67517.09583505828,60086.67852211699,2.503412078047623E-8,1.5260998076281146E-8,9.742670403484853E-9,8.622883897135209E-9,1.3656866866894892E-9,7.749937284248815E-9,9.526179186341246E-4,0.010622283073230987
3,5.6875E-6,3,5.6875E-6,1.099144051821449,5.174480988706573E-5,0.05,6.771179366037201E-8,35163.78580616577,14624.090369690646,0.5418551394962802,15.535262480324795,65563.26559493548,58211.113360823314,2.4904962166032243E-8,1.513349274541751E-8,9.94419254762587E-9,8.548586795068185E-9,1.369974430209551E-9,7.875097379116604E-9,9.527498772448477E-4,0.01049679897319243
3,5.7000000000000005E-6,3,5.7000000000000005E-6,1.1015597530342434,5.174480988706573E-5,0.05,6.771179366037201E-8,33600.05800846767,14319.531026035034,0.545586102768796,15.353970486931262,63700.691510112134,56424.50331352774,2.4774576224663772E-8,1.500939026604595E-8,1.0146058232177573E-8,8.48566082166615E-9,1.3741911788534136E-9,7.986437490507939E-9,9.52870246893803E-4,0.010374304383061663
3,5.712500000000001E-6,3,5.712500000000001E-6,1.103975454247038,5.174480988706573E-5,0.05,6.771179366037201E-8,32131.61131021883,14020.005475481687,0.5492737893392978,15.176968713124648,61923.67564299534,54721.24842148781,2.4643192370517625E-8,1.4888548454831857E-8,1.0348247293334187E-8,8.432210465670392E-9,1.3783387759063065E-9,8.085786140719656E-9,9.530074026938069E-4,0.010254708589949086
3,5.725E-6,3,5.725E-6,1.1063911554598322,5.174480988706573E-5,0.05,6.771179366037201E-8,30746.00021302208,13576.052493891688,0.5529192198808681,15.004126953346875,60226.95698120774,53096.1804390421,2.4511021112896846E-8,1.4770832911038067E-8,1.0550740675406502E-8,8.386576158646384E-9,1.3824190124157814E-9,8.1747438286923E-9,9.531580133231119E-4,0.010137923617126267
3,5.7375000000000005E-6,3,5.7375000000000005E-6,1.1088068566726266,5.174480988706573E-5,0.05,6.771179366037201E-8,29424.240320742527,12938.41262200311,0.5565233848261124,14.835325030920108,58605.67187693448,51544.52276855055,2.4378275322900682E-8,1.465611647795559E-8,1.07535204094451E-8,8.347300426589233E-9,1.3864336303569632E-9,8.254699210503379E-9,9.533319661079644E-4,0.010023868264135209
3,5.750000000000001E-6,3,5.750000000000001E-6,1.1112225578854211,5.174480988706573E-5,0.05,6.771179366037201E-8,28149.595232839063,12178.122622376892,0.5600872443757104,14.670433148181443,57055.31926681469,50061.85869934528,2.4245107218875614E-8,1.4544278797726893E-8,1.0956569502973074E-8,8.313174146097843E-9,1.3903843209088969E-9,8.326844184187136E-9,9.535194226473032E-4,0.009912454829852327
3,5.7625E-6,3,5.7625E-6,1.1136382590982155,5.174480988706573E-5,0.05,6.771179366037201E-8,26913.884005675143,11418.136058615484,0.5636117196490824,14.509258216060026,55571.73301911518,48644.11120708609,2.4111429042917145E-8,1.4435206171576514E-8,1.1159871315753358E-8,8.283382284938072E-9,1.394272702417583E-9,8.392191007250155E-9,9.534360410628914E-4,0.009803552848689206
3,5.775000000000001E-6,3,5.775000000000001E-6,1.1160539603110098,5.174480988706573E-5,0.05,6.771179366037201E-8,25717.191079878055,10738.794581254362,0.5670976755693835,14.351527943513336,54151.05997668884,47287.52292567503,2.3976853390136394E-8,1.432879167896559E-8,1.1363408412878602E-8,8.257592849668938E-9,1.3981002862194775E-9,8.451595246927194E-9,9.532786082721639E-4,0.009696978340211713
3,5.787500000000001E-6,3,5.787500000000001E-6,1.1184696615238043,5.174480988706573E-5,0.05,6.771179366037201E-8,24562.86831886917,10146.309467208619,0.5705459030075924,14.196901430530339,52789.739830247076,45988.634291146474,2.3840721433089314E-8,1.4224935307031918E-8,1.1567161302694454E-8,8.235861236125203E-9,1.4018684344091242E-9,8.505783238562587E-9,9.531174416127374E-4,0.009592500966574553
3,5.8E-6,3,5.8E-6,1.1208853627365987,5.174480988706573E-5,0.05,6.771179366037201E-8,23453.801772817245,9627.958787734739,0.5739571120625936,14.045049629939651,51484.48218751289,44744.249676358064,2.3702370035339593E-8,1.4123543739355308E-8,1.1771107771469935E-8,8.218342092609045E-9,1.4055783459374833E-9,8.555378171860456E-9,9.529580108815545E-4,0.009489898398607872
3,5.812500000000001E-6,3,5.812500000000001E-6,1.123301063949393,5.174480988706573E-5,0.05,6.771179366037201E-8,22392.857213942618,9201.416615810514,0.5773319476856383,13.895761218614481,50232.23753756285,43551.39466386897,2.3561495867458767E-8,1.4024529508523925E-8,1.1975223551947516E-8,8.204911785032218E-9,1.4092310927791776E-9,8.600919912662039E-9,9.528333919973393E-4,0.00938902785041519
3,5.825E-6,3,5.825E-6,1.1257167651621873,5.174480988706573E-5,0.05,6.771179366037201E-8,21383.67114608039,8875.923955432741,0.5806710270909949,13.749017252169114,49030.16379252008,42407.27375230121,2.3418425064153976E-8,1.392780958498612E-8,1.2179484399798522E-8,8.194881088342107E-9,1.4128277008137049E-9,8.642878030418607E-9,9.52746998028134E-4,0.009289876521735888
3,5.8375000000000004E-6,3,5.8375000000000004E-6,1.1281324663749817,5.174480988706573E-5,0.05,6.771179366037201E-8,20427.913659487484,8597.855830764818,0.5839749863973718,13.60499350005523,47875.593892102115,41309.23905842018,2.3274141657272986E-8,1.3833303807653682E-8,1.2383868900532092E-8,8.186957706453813E-9,1.416369249858127E-9,8.681660193327795E-9,9.526827047298688E-4,0.009192563175712994
3,5.850000000000001E-6,3,5.850000000000001E-6,1.1305481675877762,5.174480988706573E-5,0.05,6.771179366037201E-8,19522.219012917914,8290.019477248161,0.5872445185794608,13.463985922732117,46766.01053706524,40254.77607835713,2.3130049288336714E-8,1.3740933672001768E-8,1.258836092135992E-8,8.17949130231387E-9,1.4198569537406312E-9,8.717617911902527E-9,9.528087471292138E-4,0.009097287785629809
3,5.8625E-6,3,5.8625E-6,1.1329638688005705,5.174480988706573E-5,0.05,6.771179366037201E-8,18659.925530193166,7934.849066156903,0.5904803848965838,13.326265640954805,45699.03270602087,39241.50976548332,2.2987479264623283E-8,1.3650621939157592E-8,1.2792950529865113E-8,8.17092376775375E-9,1.4232921781712593E-9,8.751051070792636E-9,9.529372433297954E-4,0.009004233541185678
3,5.8750000000000005E-6,3,5.8750000000000005E-6,1.1353795700133649,5.174480988706573E-5,0.05,6.771179366037201E-8,17835.78030632029,7574.3897738970345,0.5936833930402412,13.191947079479517,44672.414003374346,38267.21971361262,2.284722857778321E-8,1.3562293182436808E-8,1.299763281726246E-8,8.160278762002944E-9,1.4266763933490168E-9,8.782213056322725E-9,9.529968901549105E-4,0.008913477756405079
3,5.887500000000001E-6,3,5.887500000000001E-6,1.1377952712261594,5.174480988706573E-5,0.05,6.771179366037201E-8,17047.519916724825,7236.120285440712,0.5968543491273094,13.06090349249867,43684.048493529,37329.85589074574,2.2709249980566667E-8,1.3475875001733154E-8,1.3202404931552761E-8,8.147463962988848E-9,1.430011070213717E-9,8.811318086201655E-9,9.530004951347169E-4,0.008824934792228832
3,5.9E-6,3,5.9E-6,1.1402109724389538,5.174480988706573E-5,0.05,6.771179366037201E-8,16293.52880109621,6905.078332641303,0.5999940015088145,12.932782724846613,42731.977258711406,36427.54182627391,2.2572685457379447E-8,1.3391299371589165E-8,1.340726237821467E-8,8.133225524042185E-9,1.4332975608740213E-9,8.838550558763666E-9,9.529682645064618E-4,0.00873836670597744
3,5.9125000000000006E-6,3,5.9125000000000006E-6,1.142626673651748,5.174480988706573E-5,0.05,6.771179366037201E-8,15571.341638032714,6569.81003493769,0.6031029983319933,12.807106117433953,41814.38912982402,35558.5616102418,2.243619495168173E-8,1.3308503532731536E-8,1.36121960069591E-8,8.118805413045296E-9,1.4365370108151323E-9,8.864074222317098E-9,9.528248136725691E-4,0.008653450079347265
3,5.925000000000001E-6,3,5.925000000000001E-6,1.1450423748645426,5.174480988706573E-5,0.05,6.771179366037201E-8,14878.843234757998,6246.133380092603,0.6061818732799304,12.683403195586816,40929.612533793465,34721.33418954262,2.2298422624693602E-8,1.3227430086285274E-8,1.381719071728826E-8,8.105489419280765E-9,1.4397303333097705E-9,8.88803859048226E-9,9.526864890256609E-4,0.008569867024045146
3,5.9375E-6,3,5.9375E-6,1.147458076077337,5.174480988706573E-5,0.05,6.771179366037201E-8,14214.99175816924,5942.944543492922,0.6092310600619693,12.561315894297149,40076.09990689721,33914.38492466696,2.2158369250883814E-8,1.314802633799205E-8,1.4022226054524334E-8,8.094214391219157E-9,1.4428782409920128E-9,8.91058146080247E-9,9.525973623643273E-4,0.00848737560425483
3,5.950000000000001E-6,3,5.950000000000001E-6,1.1498737772901313,5.174480988706573E-5,0.05,6.771179366037201E-8,13578.790771895141,5650.338286026924,0.6122509277888604,12.440666838783152,39252.4081736823,33136.31832516856,2.20156465723811E-8,1.3070243150984166E-8,1.422727829272795E-8,8.085315313133911E-9,1.4459813210828172E-9,8.931828323542824E-9,9.525565635474227E-4,0.008405855972150779
3,5.962500000000001E-6,3,5.962500000000001E-6,1.1522894785029258,5.174480988706573E-5,0.05,6.771179366037201E-8,12969.08348828644,5371.543581856804,0.6152418263406116,12.321474294762622,38457.17894174984,32385.79749476757,2.1870546572300758E-8,1.2994033619479322E-8,1.4432323348863162E-8,8.078458820196958E-9,1.4490401302569084E-9,8.95189066521488E-9,9.525592581918632E-4,0.008325320469434204
3,5.975E-6,3,5.975E-6,1.1547051797157202,5.174480988706573E-5,0.05,6.771179366037201E-8,12385.364413459261,5118.580352791632,0.6182041275825179,12.203902742359977,37689.12220203889,31661.53507367705,2.1723880204085357E-8,1.2919351930495146E-8,1.4637339587885263E-8,8.072802237551964E-9,1.4520552783391794E-9,8.970865180149804E-9,9.525778988845646E-4,0.00824588023132431
3,5.987500000000001E-6,3,5.987500000000001E-6,1.1571208809285145,5.174480988706573E-5,0.05,6.771179366037201E-8,11826.978583421065,4874.8617219279895,0.6211382494140469,12.088169898719846,36947.00630355094,30962.295468950797,2.1576654380400985E-8,1.2846152721988613E-8,1.4842309583514625E-8,8.067315906337411E-9,1.455027475842332E-9,8.988834731999057E-9,9.525835341849807E-4,0.008167682363999895
3,6.0E-6,3,6.0E-6,1.1595365821413088,5.174480988706573E-5,0.05,6.771179366037201E-8,11291.697825304944,4613.49483500734,0.624044658167026,11.974459810045003,36229.654332649596,30286.902166844793,2.1429762519445603E-8,1.2774391011215363E-8,1.5047220437008917E-8,8.061091310562095E-9,1.457957536503098E-9,9.005870364665554E-9,9.525595991760231E-4,0.008090851223003381
3,6.0125000000000005E-6,3,6.0125000000000005E-6,1.1619522833541032,5.174480988706573E-5,0.05,6.771179366037201E-8,10776.882450844601,4345.5747127680925,0.626923855119128,11.862878028836391,35535.94451860894,29634.24342707235,2.128381990898033E-8,1.2704022512450631E-8,1.525206296729399E-8,8.053511141965473E-9,1.4608463485739936E-9,9.022033123225094E-9,9.526012918964335E-4,0.008015458127592157
3,6.025000000000001E-6,3,6.025000000000001E-6,1.1643679845668977,5.174480988706573E-5,0.05,6.771179366037201E-8,10281.737103902906,4104.07872729783,0.6297763552983848,11.753432986426384,34864.81212859587,29003.276044688755,2.1139090722639747E-8,1.2635004120193128E-8,1.5456830290923815E-8,8.044302976136754E-9,1.4636948289805228E-9,9.037375347486163E-9,9.526350211848715E-4,0.007941508774612421
3,6.0375E-6,3,6.0375E-6,1.166783685779692,5.174480988706573E-5,0.05,6.771179366037201E-8,9807.03028997194,3896.275961857005,0.63260266582998,11.646050512933279,34215.250967113025,28393.024626264054,2.0995534139560522E-8,1.2567294373979628E-8,1.5661516286007143E-8,8.033508314714279E-9,1.4665038805297709E-9,9.051942207326678E-9,9.52648545533325E-4,0.007868953049279242
3,6.0500000000000005E-6,3,6.0500000000000005E-6,1.1691993869924864,5.174480988706573E-5,0.05,6.771179366037201E-8,9353.130351772374,3705.5343183025557,0.6354032695997547,11.540603793083932,33586.31325633186,27802.577491181182,2.0852907971600182E-8,1.2500853770192046E-8,1.5866114363173063E-8,8.02137547405725E-9,1.469274359295322E-9,9.065774152908863E-9,9.526616763138293E-4,0.007797705265597251
3,6.062500000000001E-6,3,6.062500000000001E-6,1.171615088205281,5.174480988706573E-5,0.05,6.771179366037201E-8,8919.211477740428,3517.365631341692,0.6381786170400993,11.436950533207526,32977.10753986703,27231.079910632983,2.0710900952056487E-8,1.243564486590267E-8,1.6070616776008347E-8,8.008221983785039E-9,1.4720070583126426E-9,9.078909782836615E-9,9.526812840512422E-4,0.007727669279194274
3,6.075E-6,3,6.075E-6,1.1740307894180753,5.174480988706573E-5,0.05,6.771179366037201E-8,8503.735413426055,3325.799326743317,0.6409291252927879,11.334957256746302,32386.795078729127,26677.727582046675,2.0569220893476033E-8,1.2371632206032582E-8,1.6275014451960654E-8,7.994341293438213E-9,1.4747027063750472E-9,9.091387775720285E-9,9.52650389891556E-4,0.007658754903206961
3,6.087500000000001E-6,3,6.087500000000001E-6,1.1764464906308696,5.174480988706573E-5,0.05,6.771179366037201E-8,8105.158688362649,3133.573217688635,0.6436551816601427,11.234510303974659,31814.585623618495,26141.761188261276,2.04276359819341E-8,1.2308782156330038E-8,1.6479297143970515E-8,7.979972590383462E-9,1.4773619763155073E-9,9.103246990994827E-9,9.526136595932654E-4,0.007590885340523418
3,6.100000000000001E-6,3,6.100000000000001E-6,1.1788621918436641,5.174480988706573E-5,0.05,6.771179366037201E-8,7722.303717713034,2944.6799549764874,0.6463571484548023,11.135516480714609,31259.733262738086,25622.46230934711,2.0285978863045156E-8,1.2247062713920903E-8,1.6683453702250393E-8,7.965288941135753E-9,1.4799854942338586E-9,9.114525184223724E-9,9.52584992228947E-4,0.007523997622104465
3,6.1125E-6,3,6.1125E-6,1.1812778930564585,5.174480988706573E-5,0.05,6.771179366037201E-8,7353.738049858226,2746.2301347683974,0.6490353687703938,11.037909735529531,30721.532448658545,25119.148797452377,2.014417269797301E-8,1.2186443307544339E-8,1.6887472435499948E-8,7.950373431591905E-9,1.4825738510199945E-9,9.125257596927927E-9,9.525616838422909E-4,0.007458047118601035
3,6.125000000000001E-6,3,6.125000000000001E-6,1.1836935942692528,5.174480988706573E-5,0.05,6.771179366037201E-8,6996.968490044792,2519.8688978039836,0.6516901732589369,10.941653153228406,30199.31417989477,24631.170882069277,2.0002240274850958E-8,1.212689458611247E-8,1.7091341571837568E-8,7.935211876271215E-9,1.4851276159269244E-9,9.135476147149303E-9,9.525432467486385E-4,0.007393008887316491
3,6.137500000000001E-6,3,6.137500000000001E-6,1.1861092954820474,5.174480988706573E-5,0.05,6.771179366037201E-8,6649.524258885085,2279.152410986008,0.6543218859569255,10.846729013764481,29692.44270515062,24157.90919690353,1.9860269222343336E-8,1.2068388239553316E-8,1.729504967124421E-8,7.919727402414533E-9,1.4876473476177605E-9,9.145208881995563E-9,9.525239446501159E-4,0.007328870955246271
3,6.15E-6,3,6.15E-6,1.1885249966948417,5.174480988706573E-5,0.05,6.771179366037201E-8,6311.177962512226,2065.281933414759,0.6569308273853448,10.753126058366437,29200.31302254773,23698.773871674526,1.971836625601633E-8,1.2010896888794898E-8,1.7498585846065437E-8,7.90382733592393E-9,1.4901336000338065E-9,9.154479307579697E-9,9.525013377372346E-4,0.0072656257151124575
3,6.162500000000001E-6,3,6.162500000000001E-6,1.190940697907636,5.174480988706573E-5,0.05,6.771179366037201E-8,5984.019512723542,1898.5184335034885,0.6595173150376521,10.660830551874685,28722.349053866204,23253.203792187804,1.9576624660478483E-8,1.1954394038154982E-8,1.770193978667418E-8,7.887435595108922E-9,1.4925869230544604E-9,9.163306342354305E-9,9.524734461592835E-4,0.0072032638864018145
3,6.175E-6,3,6.175E-6,1.1933563991204303,5.174480988706573E-5,0.05,6.771179366037201E-8,5670.078557894583,1761.0916720004464,0.6620816620364784,10.569820101049377,28258.00226969275,22820.665948287813,1.9435101477410633E-8,1.189885406954225E-8,1.7905101643191715E-8,7.870513828050391E-9,1.4950078597666265E-9,9.171706104920753E-9,9.524385490927116E-4,0.007141770338546876
3,6.1875000000000005E-6,3,6.1875000000000005E-6,1.1957721003332247,5.174480988706573E-5,0.05,6.771179366037201E-8,5369.789805670748,1632.0955113383795,0.6646241749914624,10.480063152477538,27806.750529444773,22400.654313115367,1.9293815399065582E-8,1.1844252253931952E-8,1.8108061838285968E-8,7.853060771374618E-9,1.497396942257935E-9,9.179695046741404E-9,9.523982130632695E-4,0.007081123751674012
3,6.200000000000001E-6,3,6.200000000000001E-6,1.1981878015460192,5.174480988706573E-5,0.05,6.771179366037201E-8,5082.82595254874,1513.0388563146555,0.6671451526943388,10.391526429373785,27368.096831025225,21992.68771863175,1.9152774026032896E-8,1.1790564744440121E-8,1.831081093987419E-8,7.835083425495505E-9,1.499754689101156E-9,9.18729153740647E-9,9.523555424005178E-4,0.007021301641468774
3,6.2125E-6,3,6.2125E-6,1.2006035027588136,5.174480988706573E-5,0.05,6.771179366037201E-8,4809.120966471273,1409.0430428983452,0.6696448862509699,10.304179560446162,26941.567886056855,21596.30791232458,1.9011991088892202E-8,1.1737768539473244E-8,1.8513339646113034E-8,7.816582174816965E-9,1.5020816055693927E-9,9.194513165007219E-9,9.523091327851747E-4,0.006962283486787947
3,6.2250000000000005E-6,3,6.2250000000000005E-6,1.2030192039716079,5.174480988706573E-5,0.05,6.771179366037201E-8,4548.151600207555,1302.9484171869321,0.6721236593921754,10.217991916540901,26526.712757640416,21211.078585122712,1.8871475004953865E-8,1.1685841443919446E-8,1.8715638785654194E-8,7.797568581917342E-9,1.5043781841967832E-9,9.201370691213739E-9,9.522570293553953E-4,0.006904048592257366
3,6.237500000000001E-6,3,6.237500000000001E-6,1.2054349051844024,5.174480988706573E-5,0.05,6.771179366037201E-8,4297.673852173759,1165.0465049053125,0.6745817484681093,10.132932982457524,26123.101638392243,20836.584122799966,1.8731230402236423E-8,1.1634762038740003E-8,1.8917699293044056E-8,7.778068572136407E-9,1.5066449047489982E-9,9.207863728922148E-9,9.522016176297388E-4,0.006846576339498327
3,6.25E-6,3,6.25E-6,1.2078506063971968,5.174480988706573E-5,0.05,6.771179366037201E-8,4054.2107207134923,987.5441742066763,0.6770194233110223,10.048979223033054,25730.324566426258,20472.427560730648,1.859128373895864E-8,1.1584509634163815E-8,1.9119512256397375E-8,7.75809363260849E-9,1.5088822358021315E-9,9.213983590937104E-9,9.521447448123212E-4,0.006789850826373686
3,6.262500000000001E-6,3,6.262500000000001E-6,1.210266307609991,5.174480988706573E-5,0.05,6.771179366037201E-8,3815.322199556484,798.7478133753082,0.6794369489616394,9.966114544863728,25347.990092467353,20118.229240718676,1.8451685373619904E-8,1.1535064207479093E-8,1.93210690404935E-8,7.73762729362954E-9,1.5110906378756752E-9,9.219724350877554E-9,9.52082940331018E-4,0.006733861178961979
3,6.275000000000001E-6,3,6.275000000000001E-6,1.2126820088227857,5.174480988706573E-5,0.05,6.771179366037201E-8,3581.1676551795117,634.724503590397,0.6818345863313224,9.884320978621714,24975.72420532533,19773.62682589121,1.831247529313265E-8,1.1486406365215126E-8,1.9522361326346982E-8,7.716645422398734E-9,1.513270564569984E-9,9.225097136715898E-9,9.520121166881311E-4,0.006678595255825482
3,6.2875E-6,3,6.2875E-6,1.21509771003558,5.174480988706573E-5,0.05,6.771179366037201E-8,3353.392673967638,499.41735771416677,0.6842125912890229,9.803574739770067,24613.169564845255,19438.274979957183,1.8173668517726735E-8,1.1438517338640181E-8,1.9723381019514563E-8,7.69512932538956E-9,1.5154224615678364E-9,9.230139400137149E-9,9.520409831017956E-4,0.006624036986331126
3,6.300000000000001E-6,3,6.300000000000001E-6,1.2175134112483743,5.174480988706573E-5,0.05,6.771179366037201E-8,3132.620987149636,364.8881670401094,0.6865712129592242,9.723843816367923,24259.984891041353,19111.845015628012,1.803524608371038E-8,1.1391378995155558E-8,1.9924120087911666E-8,7.673056912935004E-9,1.5175467615183575E-9,9.234912433258537E-9,9.520884122615924E-4,0.006570164740789137
3,6.312500000000001E-6,3,6.312500000000001E-6,1.2199291124611689,5.174480988706573E-5,0.05,6.771179366037201E-8,2917.664951667908,211.86388157973332,0.6889106929136624,9.6450975149659,23915.844247588804,18794.023097335743,1.7897190468983266E-8,1.1344973831514048E-8,2.0124570470704777E-8,7.650399934855895E-9,1.5196438841982717E-9,9.239485715625083E-9,9.52133181299335E-4,0.006516957780382366
3,6.3250000000000004E-6,3,6.3250000000000004E-6,1.2223448136739632,5.174480988706573E-5,0.05,6.771179366037201E-8,2707.1036573875213,51.04520697831191,0.6912312655209016,9.567306981627645,23580.436196903916,18484.509355396138,1.7759487702711113E-8,1.1299284944641906E-8,2.0324724084793914E-8,7.627143698354364E-9,1.5217142371907178E-9,9.243913073675859E-9,9.521839181995141E-4,0.006464396609207868
3,6.337500000000001E-6,3,6.337500000000001E-6,1.2247605148867575,5.174480988706573E-5,0.05,6.771179366037201E-8,2500.5851523839906,-102.38220934947978,0.6935331586034992,9.490446800030854,23253.46296434155,18183.016891866126,1.762213348871922E-8,1.1254295997773137E-8,2.052457285946336E-8,7.603300570309373E-9,1.5237582165883629E-9,9.248210375078562E-9,9.522395446118355E-4,0.006412464054074901
3,6.35E-6,3,6.35E-6,1.2271762160995519,5.174480988706573E-5,0.05,6.771179366037201E-8,2298.245958972645,-251.2757427988131,0.6958165946441516,9.414498168006041,22934.639579566367,17889.270594815123,1.7485145222248688E-8,1.1209991177460001E-8,2.0724108821559234E-8,7.578908855120956E-9,1.5257762094443925E-9,9.252345414679339E-9,9.523014626377059E-4,0.006361147410814893
3,6.3625000000000005E-6,3,6.3625000000000005E-6,1.2295919173123462,5.174480988706573E-5,0.05,6.771179366037201E-8,2100.0100087979054,-398.48698426672604,0.6980817921603327,9.339447092551035,22623.69305199259,17603.00654521731,1.7348555500554348E-8,1.1166355149209163E-8,2.0923324199745006E-8,7.554030240458399E-9,1.527768596037786E-9,9.256246504731243E-9,9.52367776393321E-4,0.006310437224696645
3,6.375000000000001E-6,3,6.375000000000001E-6,1.2320076185251407,5.174480988706573E-5,0.05,6.771179366037201E-8,1906.2995145631312,-528.2165564484844,0.7003289663809288,9.265280384809166,22320.36169469235,17323.97180492345,1.7212397379224585E-8,1.112337302831091E-8,2.112221147149692E-8,7.52873931208551E-9,1.5297357511134073E-9,9.259827985876193E-9,9.52437740151781E-4,0.006260324584330518
3,6.3875E-6,3,6.3875E-6,1.234423319737935,5.174480988706573E-5,0.05,6.771179366037201E-8,1718.616559999041,-626.4587775230844,0.7025583290054185,9.191982045497918,22024.394610825548,17051.924308332564,1.7076690998815966E-8,1.1081030369257394E-8,2.1320763330445863E-8,7.503104499155154E-9,1.5316780433653998E-9,9.263022598133772E-9,9.525102691124443E-4,0.006210798679390485
3,6.4000000000000006E-6,3,6.4000000000000006E-6,1.2368390209507294,5.174480988706573E-5,0.05,6.771179366037201E-8,1538.3959420721771,-705.832227531814,0.7047700873752332,9.119531995026474,21735.551283274704,16786.632588179422,1.6941438888054164E-8,1.1039313166649172E-8,2.151897260011415E-8,7.477167005459642E-9,1.5335958339910602E-9,9.265807450599372E-9,9.52585672432075E-4,0.006161845942585455
3,6.412500000000001E-6,3,6.412500000000001E-6,1.239254722163524,5.174480988706573E-5,0.05,6.771179366037201E-8,1365.6300336799125,-789.3918863413189,0.706964443825697,9.047908821767376,21453.60115942318,16527.875055939538,1.6806636221154588E-8,1.09982078526999E-8,2.171683216129718E-8,7.450920788605334E-9,1.5354894755518625E-9,9.268213862278332E-9,9.526656691262271E-4,0.006113451906599578
3,6.425E-6,3,6.425E-6,1.2416704233763183,5.174480988706573E-5,0.05,6.771179366037201E-8,1199.3622935459564,-879.4918621278501,0.7091415957857478,8.977093285821992,21178.32316169251,16275.439136534706,1.6672283931169732E-8,1.0957701280991282E-8,2.191433494544135E-8,7.424307908755865E-9,1.537359312173533E-9,9.270318758571584E-9,9.527509646976746E-4,0.0060656035715013455
3,6.437500000000001E-6,3,6.437500000000001E-6,1.2440861245891126,5.174480988706573E-5,0.05,6.771179366037201E-8,1039.0514221539263,-964.418776351587,0.7113017361548513,8.907067162240185,20909.505191274224,16029.120911340624,1.653838451695365E-8,1.0917780705794182E-8,2.2111473953832996E-8,7.397245078044518E-9,1.539205680208619E-9,9.272222252606159E-9,9.528403189512545E-4,0.0060182886231352605
3,6.450000000000001E-6,3,6.450000000000001E-6,1.2465018258019072,5.174480988706573E-5,0.05,6.771179366037201E-8,884.4077758497741,-1049.967244510937,0.7134450532309545,8.8378106014502,20646.943715307512,15788.724999415785,1.640493231645491E-8,1.0878433770445263E-8,2.2308242236785352E-8,7.3696614223135134E-9,1.5410289081318094E-9,9.274019888171698E-9,9.529341705844793E-4,0.005971493649628513
3,6.4625E-6,3,6.4625E-6,1.2489175270147015,5.174480988706573E-5,0.05,6.771179366037201E-8,734.1308168116573,-1157.909015644172,0.7155717304521052,8.769303187932296,20390.443398306317,15554.064076782559,1.6271917510522608E-8,1.0839648499586334E-8,2.2504632855433384E-8,7.341518626660672E-9,1.5428293161223473E-9,9.275778496007365E-9,9.530340354647785E-4,0.005925204856711011
3,6.475000000000001E-6,3,6.475000000000001E-6,1.2513332282274958,5.174480988706573E-5,0.05,6.771179366037201E-8,586.1545002643708,-1289.7734303233751,0.7176819462104397,8.701523583122393,20139.81674366575,15324.958560708263,1.6139324874366387E-8,1.0801413290419367E-8,2.2700638849541435E-8,7.312816797649418E-9,1.5446072148160615E-9,9.277522530949107E-9,9.530082409782381E-4,0.005879407826434049
3,6.4875E-6,3,6.4875E-6,1.2537489294402901,5.174480988706573E-5,0.05,6.771179366037201E-8,439.52356940507786,-1418.62222425893,0.7197758746095034,8.634457481184175,19894.88364399728,15101.2353154772,1.6007163408390677E-8,1.0763716887393286E-8,2.2896253293208955E-8,7.283589963527956E-9,1.5463629092727388E-9,9.279233887118821E-9,9.529608514593166E-4,0.00583409289269201
3,6.5000000000000004E-6,3,6.5000000000000004E-6,1.2561646306530847,5.174480988706573E-5,0.05,6.771179366037201E-8,294.9938089213823,-1527.4823813307653,0.7218536864784162,8.568092240535423,19655.47092916271,14882.727798786504,1.5875446509194003E-8,1.0726548353297802E-8,2.3091469377316414E-8,7.2538930225187785E-9,1.5480966985711553E-9,9.280863550474773E-9,9.529189453250713E-4,0.005789251513875286
3,6.512500000000001E-6,3,6.512500000000001E-6,1.258580331865879,5.174480988706573E-5,0.05,6.771179366037201E-8,153.33342370733746,-1631.4622510753427,0.7239155499556206,8.502418116566313,19421.41199063521,14669.275565967975,1.5744196607981332E-8,1.068989704909102E-8,2.3286280454506912E-8,7.223781598491915E-9,1.5498088767777914E-9,9.282349742660537E-9,9.528719540514366E-4,0.005744877105788049
3,6.525E-6,3,6.525E-6,1.2609960330786734,5.174480988706573E-5,0.05,6.771179366037201E-8,14.088932119971457,-1746.7736102376005,0.7259616310672103,8.437427439343121,19192.546428122307,14460.724017028708,1.5613442176152814E-8,1.065375261458712E-8,2.3480680085555338E-8,7.1933004194457995E-9,1.551499734567108E-9,9.283635940182042E-9,9.528223464557982E-4,0.00570096448604265
3,6.5375000000000005E-6,3,6.5375000000000005E-6,1.2634117342914677,5.174480988706573E-5,0.05,6.771179366037201E-8,-123.26231549432391,-1860.118208787465,0.7279920938880914,8.373111729285775,18968.719762034347,14256.924423822902,1.548320708382213E-8,1.0618104957167369E-8,2.3674662047631207E-8,7.162480128850171E-9,1.5531695590788968E-9,9.284683531164741E-9,9.527682528406007E-4,0.005657507925193091
3,6.550000000000001E-6,3,6.550000000000001E-6,1.2658274355042622,5.174480988706573E-5,0.05,6.771179366037201E-8,-257.78059425344026,-1946.7296666468033,0.7300071001377579,8.309459989614512,18749.783221917463,14057.733899548848,1.535350431995343E-8,1.0582944250746419E-8,2.3868220288627724E-8,7.13133894654582E-9,1.5548186334341052E-9,9.28547688154645E-9,9.527093729860586E-4,0.005614499992982778
3,6.5625E-6,3,6.5625E-6,1.2682431367170566,5.174480988706573E-5,0.05,6.771179366037201E-8,-387.55015867830025,-2003.375551147731,0.7320068082648422,8.246456163833722,18535.593598178562,13863.01551349363,1.5224326638596326E-8,1.0548260943624731E-8,2.4061348830742232E-8,7.099893608110712E-9,1.556447235109543E-9,9.286021671363128E-9,9.526444905330569E-4,0.00557192984042819
3,6.5750000000000006E-6,3,6.5750000000000006E-6,1.270658837929851,5.174480988706573E-5,0.05,6.771179366037201E-8,-511.4497558821926,-2050.6354839328824,0.7339913723189434,8.184079861720447,18326.013120091466,13672.638082357324,1.5095649312839237E-8,1.0514045769730052E-8,2.4254041650545665E-8,7.0681627297034E-9,1.5580556341858555E-9,9.286339137377966E-9,9.525751796456943E-4,0.005529783690351653
3,6.587500000000001E-6,3,6.587500000000001E-6,1.2730745391426455,5.174480988706573E-5,0.05,6.771179366037201E-8,-630.1225433384085,-2112.634401060296,0.7359609415915528,8.12231200534435,18120.909256402945,13486.475373882837,1.4967451063886238E-8,1.0480289746338942E-8,2.4446292630914876E-8,7.036152927146835E-9,1.5596440927811312E-9,9.286458921290746E-9,9.525035226545017E-4,0.005488048652259696
3,6.6E-6,3,6.6E-6,1.2754902403554398,5.174480988706573E-5,0.05,6.771179366037201E-8,-745.4386015193652,-2199.139413832463,0.7379156615344196,8.061139844802128,17920.154394465713,13304.405272616686,1.4839732620674178E-8,1.0446984150202342E-8,2.4638095637651153E-8,7.0038467647647555E-9,1.5612128666085005E-9,9.286412347571649E-9,9.524297557976654E-4,0.005446716111352789
3,6.612500000000001E-6,3,6.612500000000001E-6,1.2779059415682341,5.174480988706573E-5,0.05,6.771179366037201E-8,-859.1821558507128,-2301.814781059045,0.7398556752065895,8.00055635112346,17723.625485185024,13126.309510061326,1.4712514498769403E-8,1.0414120485595528E-8,2.482944465130904E-8,6.971210177570898E-9,1.5627622073160165E-9,9.286227119230423E-9,9.52352255542796E-4,0.005405781318326663
3,6.625000000000001E-6,3,6.625000000000001E-6,1.2803216427810287,5.174480988706573E-5,0.05,6.771179366037201E-8,-972.2913461695344,-2409.9321445071296,0.7417811242836262,7.94055713109214,17531.20375344722,12952.073714032333,1.4585825643842031E-8,1.0381690460837308E-8,2.5020333859997927E-8,6.938207320998356E-9,1.5642923640958307E-9,9.285923946860778E-9,9.522703915308036E-4,0.0053652413047919865
3,6.6375E-6,3,6.6375E-6,1.282737343993823,5.174480988706573E-5,0.05,6.771179366037201E-8,-1085.330491503924,-2526.094884798847,0.7436921492932066,7.8811371093257225,17342.77450135338,12781.587564654823,1.4459691242931042E-8,1.0349685978537996E-8,2.5210757677991606E-8,6.9048138733233846E-9,1.565803584024242E-9,9.285515312847659E-9,9.521828591236423E-4,0.005325092641436299
3,6.650000000000001E-6,3,6.650000000000001E-6,1.2851530452066173,5.174480988706573E-5,0.05,6.771179366037201E-8,-1199.0251137631062,-2653.3673435989836,0.7455888887464396,7.822284738184955,17158.22702810656,12614.745311046538,1.4334111504166474E-8,1.031809914452086E-8,2.540071065418481E-8,6.871037577492633E-9,1.567296110661777E-9,9.285006198966599E-9,9.520871643794115E-4,0.0052853275258006455
3,6.6625E-6,3,6.6625E-6,1.2875687464194117,5.174480988706573E-5,0.05,6.771179366037201E-8,-1313.5120712362536,-2774.720123832727,0.7474714773884142,7.763980371338491,16977.45463492788,12451.445928171419,1.420905580299469E-8,1.0286922291000261E-8,2.559018728908325E-8,6.8369320772870424E-9,1.5687701824444702E-9,9.284396186262356E-9,9.52126139552846E-4,0.005245932683336818
3,6.6750000000000005E-6,3,6.6750000000000005E-6,1.2899844476322062,5.174480988706573E-5,0.05,6.771179366037201E-8,-1427.3376908582961,-2865.0658899057594,0.7493400439026936,7.706193522264007,16800.354676027204,12291.593429596018,1.4084452798717204E-8,1.0256148007979585E-8,2.5779181791253816E-8,6.802577436806499E-9,1.570226026015915E-9,9.283682071751463E-9,9.521896949865559E-4,0.005206887515043248
3,6.687500000000001E-6,3,6.687500000000001E-6,1.2924001488450005,5.174480988706573E-5,0.05,6.771179366037201E-8,-1537.9572582672429,-2917.467581820124,0.7511947106879766,7.64890230677192,16626.828408262252,12135.09470505579,1.3960261737603389E-8,1.022576913980196E-8,2.596768803820093E-8,6.768029405627936E-9,1.5716638585159139E-9,9.282860213205458E-9,9.522526150613313E-4,0.0051681772343053515
3,6.7E-6,3,6.7E-6,1.2948158500577949,5.174480988706573E-5,0.05,6.771179366037201E-8,-1643.2272453621636,-2944.526718550046,0.7530355967496266,7.592100589001179,16456.78056171266,11981.85838950654,1.3836498491096917E-8,1.019577873124075E-8,2.6155699855659686E-8,6.733288245963647E-9,1.573083892160988E-9,9.28192813571226E-9,9.523258501418334E-4,0.005129797695271067
3,6.7125000000000005E-6,3,6.7125000000000005E-6,1.2972315512705892,5.174480988706573E-5,0.05,6.771179366037201E-8,-1742.3975583991378,-2966.362357718703,0.7548628213284894,7.535796437819721,16290.118871390594,11831.794597013015,1.3713229729617217E-8,1.016616996343282E-8,2.634321138140059E-8,6.698299982302816E-9,1.5744863390538665E-9,9.280885252156094E-9,9.524040658979948E-4,0.00509175434987819
3,6.725000000000001E-6,3,6.725000000000001E-6,1.2996472524833838,5.174480988706573E-5,0.05,6.771179366037201E-8,-1836.3916521673664,-3005.6558647362185,0.7566765067384172,7.480007311940873,16126.753710732612,11684.815082094306,1.3590555169124507E-8,1.0136936104577316E-8,2.653021735792323E-8,6.662975438675729E-9,1.5758714159056793E-9,9.27973275587302E-9,9.524866824672069E-4,0.005054058994554644
3,6.7375E-6,3,6.7375E-6,1.302062953696178,5.174480988706573E-5,0.05,6.771179366037201E-8,-1927.5114096588643,-3078.1922189477486,0.7584767794096229,7.424749945672095,15966.59790723025,11540.834104543272,1.3468570636309245E-8,1.0108070490869102E-8,2.6716713247039566E-8,6.6272271925025044E-9,1.5772393452317345E-9,9.27847293032431E-9,9.525693888418857E-4,0.005016722936264929
3,6.750000000000001E-6,3,6.750000000000001E-6,1.3044786549089724,5.174480988706573E-5,0.05,6.771179366037201E-8,-2018.3449806846627,-3180.4679940883143,0.7602637682261204,7.370028052561052,15809.566804665765,11399.769731844046,1.334732345383617E-8,1.0079566551056766E-8,2.6902695065049326E-8,6.591015546433264E-9,1.5785903528040998E-9,9.277108278062408E-9,9.526492119462234E-4,0.004979748684162873
3,6.762500000000001E-6,3,6.762500000000001E-6,1.306894356121767,5.174480988706573E-5,0.05,6.771179366037201E-8,-2110.493932944421,-3294.8938898438814,0.7620376004444044,7.315824495263479,15655.578526590942,11261.54485873521,1.3226784334315006E-8,1.0051417868510927E-8,2.708815895948051E-8,6.554377749907051E-9,1.579924661310893E-9,9.275640867715785E-9,9.527259193831969E-4,0.004943124658961811
3,6.775E-6,3,6.775E-6,1.3093100573345613,5.174480988706573E-5,0.05,6.771179366037201E-8,-2204.1484736618895,-3404.755290864597,0.7637983968943335,7.262103146216953,15504.554279274631,11126.08727171696,1.3106854562405274E-8,1.0023618252699978E-8,2.7273100698481355E-8,6.517421467112351E-9,1.5812424832096025E-9,9.274072149873832E-9,9.528023099488291E-4,0.00490682645014659
3,6.787500000000001E-6,3,6.787500000000001E-6,1.3117257585473556,5.174480988706573E-5,0.05,6.771179366037201E-8,-2298.466436308331,-3499.8290273019797,0.7655462684678513,7.208817746732436,15356.418521819252,10993.32888573613,1.2987398438835622E-8,9.996161788348351E-9,2.74575152827788E-8,6.480292160382452E-9,1.582544015608173E-9,9.272403297340459E-9,9.528816094501526E-4,0.00487082280184624
3,6.800000000000001E-6,3,6.800000000000001E-6,1.3141414597601502,5.174480988706573E-5,0.05,6.771179366037201E-8,-2392.2119540150748,-3578.213955261281,0.7672813153163018,7.155925477161492,15211.098895961355,10863.204294765517,1.2868292487106038E-8,9.969042840938264E-9,2.7641396835606294E-8,6.443123416990536E-9,1.5838294393263148E-9,9.270635858383072E-9,9.529686704528391E-4,0.004835084781865873
3,6.8125E-6,3,6.8125E-6,1.3165571609729445,5.174480988706573E-5,0.05,6.771179366037201E-8,-2484.420637856441,-3646.542833553174,0.7690036295320059,7.103402278108595,15068.525871235644,10735.648900148928,1.2749480563521684E-8,9.942256008049607E-9,2.7824738862424057E-8,6.405980960683124E-9,1.5850989231057549E-9,9.268772246129636E-9,9.530674060346569E-4,0.004799596133857159
3,6.825000000000001E-6,3,6.825000000000001E-6,1.3189728621857388,5.174480988706573E-5,0.05,6.771179366037201E-8,-2574.5860862462396,-3708.548699223516,0.7707133006812754,7.051251249625411,14928.632180004217,10610.597558762584,1.2631003617358195E-8,9.915796028159983E-9,2.8007534824044472E-8,6.368832272277575E-9,1.58635263192129E-9,9.266815648569248E-9,9.531775554857383E-4,0.004764358952449602
3,6.8375E-6,3,6.8375E-6,1.3213885633985332,5.174480988706573E-5,0.05,6.771179366037201E-8,-2662.1164398653978,-3757.242936690502,0.7724104217336275,6.999497573574459,14791.352256818813,10487.984595677432,1.2512980844106374E-8,9.889657686043656E-9,2.8189778768067426E-8,6.331565493111386E-9,1.5875907356659964E-9,9.264769437711652E-9,9.532948522711247E-4,0.004729390252415175
3,6.8500000000000005E-6,3,6.8500000000000005E-6,1.3238042646113277,5.174480988706573E-5,0.05,6.771179366037201E-8,-2746.127586873281,-3790.435929206709,0.7740950922985634,6.948171256568734,14656.621927726805,10367.745259255538,1.239554741145109E-8,9.863835762068945E-9,2.8371465685812272E-8,6.294042588905739E-9,1.5888134124756162E-9,9.26263659903387E-9,9.532726263208362E-4,0.004694710308492387
3,6.862500000000001E-6,3,6.862500000000001E-6,1.326219965824122,5.174480988706573E-5,0.05,6.771179366037201E-8,-2826.3591202381035,-3824.988125351686,0.7757674190340648,6.897300631314247,14524.37834098188,10249.816306306024,1.2278831104128246E-8,9.838325025962415E-9,2.8552591571044566E-8,6.2561499490288185E-9,1.590020852514838E-9,9.260419575421269E-9,9.532226845426257E-4,0.004660338264401518
3,6.875E-6,3,6.875E-6,1.3286356670369164,5.174480988706573E-5,0.05,6.771179366037201E-8,-2903.9261321365257,-3880.232935412511,0.777427513174846,6.846895532723727,14394.560124695716,10134.137816555596,1.2162892471197574E-8,9.81312027434364E-9,2.8733153165625688E-8,6.217835091042275E-9,1.591213251423107E-9,9.258120433163512E-9,9.531726001456898E-4,0.00462628076535387
3,6.8875000000000005E-6,3,6.8875000000000005E-6,1.3310513682497107,5.174480988706573E-5,0.05,6.771179366037201E-8,-2980.541421179951,-3955.0631301925073,0.7790754858555899,6.796945177976926,14267.107702171765,10020.653673115177,1.2047717819103965E-8,9.788216400424745E-9,2.8913147456805374E-8,6.179117067850418E-9,1.592390803472748E-9,9.255741037560462E-9,9.531120260879607E-4,0.004592530525660085
3,6.900000000000001E-6,3,6.900000000000001E-6,1.3334670694625053,5.174480988706573E-5,0.05,6.771179366037201E-8,-3057.212129780884,-4035.103168201946,0.7807114435891108,6.747422088918607,14141.963573392028,9909.311410516528,1.1933233733700129E-8,9.763608459440388E-9,2.909257117866526E-8,6.1400759793029444E-9,1.5935536959868324E-9,9.253283102626577E-9,9.530465205780279E-4,0.004559068978999058
3,6.9125E-6,3,6.9125E-6,1.3358827706752996,5.174480988706573E-5,0.05,6.771179366037201E-8,-3134.0963326097003,-4114.0609076029305,0.7823354850614734,6.698288835320788,14019.072477690639,9800.06167863428,1.1819331468591943E-8,9.739291712618434E-9,2.927142044666704E-8,6.1008275607894345E-9,1.5947021044103963E-9,9.250748175877025E-9,9.529773927704123E-4,0.004525870834676208
3,6.925000000000001E-6,3,6.925000000000001E-6,1.338298471888094,5.174480988706573E-5,0.05,6.771179366037201E-8,-3211.158747083203,-4193.558116430154,0.7839477000577657,6.649509040794154,13898.38138584944,9692.857136419427,1.1705906131277172E-8,9.715261638300412E-9,2.944969061981265E-8,6.061484569981848E-9,1.5958361912573697E-9,9.248137647099747E-9,9.529084058949048E-4,0.004492911514050104
3,6.937500000000001E-6,3,6.937500000000001E-6,1.3407141731008885,5.174480988706573E-5,0.05,6.771179366037201E-8,-3288.237707475718,-4268.71506154072,0.7855481709430823,6.601057552214614,13779.839302947394,9587.651266034143,1.1592892496947413E-8,9.691513904976562E-9,2.962737644444246E-8,6.022120437917034E-9,1.5969561082508367E-9,9.245452858952303E-9,9.52841264820117E-4,0.004460174021766631
3,6.95E-6,3,6.95E-6,1.3431298743136828,5.174480988706573E-5,0.05,6.771179366037201E-8,-3364.6502440202307,-4330.1662862915955,0.7871369760135882,6.552925804695898,13663.396945827257,9484.397555100459,1.14802835267618E-8,9.668044317522033E-9,2.9804472411123645E-8,5.982750204567281E-9,1.5980620012515451E-9,9.242695376095805E-9,9.527760743377595E-4,0.004427652570740471
3,6.962500000000001E-6,3,6.962500000000001E-6,1.3455455755264771,5.174480988706573E-5,0.05,6.771179366037201E-8,-3439.464375723608,-4379.155802475303,0.7887141932147085,6.505119512973717,13549.006412820405,9383.049430549776,1.1368121760126148E-8,9.644848759501852E-9,2.998097316179817E-8,5.943338369058992E-9,1.599154015446561E-9,9.239867329133933E-9,9.527104689798641E-4,0.004395351022279539
3,6.975000000000001E-6,3,6.975000000000001E-6,1.3479612767392717,5.174480988706573E-5,0.05,6.771179366037201E-8,-3512.3121511120307,-4427.606297202055,0.7902799026810672,6.457651176208486,13436.620956773351,9283.56079301878,1.1256472656452829E-8,9.621923154219608E-9,3.0156873774195683E-8,5.9038253156589095E-9,1.6002322988556153E-9,9.236971565895611E-9,9.52642094075822E-4,0.004363277821762491
3,6.9875000000000004E-6,3,6.9875000000000004E-6,1.350376977952066,5.174480988706573E-5,0.05,6.771179366037201E-8,-3583.5628209473516,-4482.5611522739155,0.791834187435498,6.410532281442004,13326.194900983932,9185.886704416976,1.114539719361796E-8,9.599263453558878E-9,3.0332169844851276E-8,5.86415498101602E-9,1.6012970031842706E-9,9.234011356311303E-9,9.525692450447372E-4,0.004331440730704057
3,7.000000000000001E-6,3,7.000000000000001E-6,1.3527926791648603,5.174480988706573E-5,0.05,6.771179366037201E-8,-3653.6985717039483,-4540.675142751093,0.7933771326326189,6.363769017819068,13217.683661080519,9089.983822581613,1.103493700748612E-8,9.576865648185326E-9,3.050685740874779E-8,5.824290555479286E-9,1.6023482826911109E-9,9.230989684519742E-9,9.524917780327786E-4,0.004299843930958829
3,7.0125E-6,3,7.0125E-6,1.3552083803776547,5.174480988706573E-5,0.05,6.771179366037201E-8,-3722.897138118094,-4598.054008659336,0.7949088241697984,6.31736134546553,13111.043808490844,8995.810543341897,1.0925111358473362E-8,9.554725786603683E-9,3.068093278484912E-8,5.784218300684704E-9,1.6033862922122997E-9,9.227908510642326E-9,9.52409759176482E-4,0.004268487395584817
3,7.0250000000000005E-6,3,7.0250000000000005E-6,1.3576240815904492,5.174480988706573E-5,0.05,6.771179366037201E-8,-3791.199587763623,-4655.334093563708,0.7964293472569947,6.271303603464043,13006.233132080379,8903.326990492915,1.0815919473230951E-8,9.532839994319104E-9,3.085439241326715E-8,5.743945635724602E-9,1.6044111851875399E-9,9.224768491532222E-9,9.523235082650031E-4,0.004237367299637867
3,7.037500000000001E-6,3,7.037500000000001E-6,1.3600397828032436,5.174480988706573E-5,0.05,6.771179366037201E-8,-3858.63868537254,-4711.83438393377,0.7979387852833277,6.225586353769785,12903.210675161761,8812.494863991884,1.070734712817977E-8,9.511204488276295E-9,3.102723272276792E-8,5.703494274370508E-9,1.6054231121313829E-9,9.221569390460594E-9,9.522337591270567E-4,0.004206477266060666
3,7.05E-6,3,7.05E-6,1.3624554840160379,5.174480988706573E-5,0.05,6.771179366037201E-8,-3925.0985733694483,-4764.333719946873,0.7994372191887237,6.180198733108242,12801.93673556137,8723.277206994237,1.0599374897821881E-8,9.489815583753814E-9,3.1199450053556945E-8,5.662891120662434E-9,1.606422219821078E-9,9.21831095965345E-9,9.521409995571494E-4,0.004175809954802867
3,7.0625000000000006E-6,3,7.0625000000000006E-6,1.3648711852288322,5.174480988706573E-5,0.05,6.771179366037201E-8,-3990.4081591918693,-4814.266169788979,0.8009247276139938,6.135132518794883,12702.372813051416,8635.637961495235,1.0491992159688618E-8,9.46866969005785E-9,3.137104066848172E-8,5.622162836506416E-9,1.6074086529033751E-9,9.214993799241293E-9,9.521848857031638E-4,0.004145359809996542
3,7.075000000000001E-6,3,7.075000000000001E-6,1.3672868864416268,5.174480988706573E-5,0.05,6.771179366037201E-8,-4054.6858483521964,-4867.576745073851,0.8024013865153605,6.090373866932427,12604.481594384446,8549.542750816167,1.0385168800676802E-8,9.447763313901828E-9,3.154200070256459E-8,5.581337180117201E-9,1.6083825496508437E-9,9.211619756639926E-9,9.522512946944918E-4,0.004115117477657045
3,7.0875E-6,3,7.0875E-6,1.369702587654421,5.174480988706573E-5,0.05,6.771179366037201E-8,-4118.272550645256,-4924.572603750517,0.8038672688924523,6.045911918024754,12508.226931066087,8464.958024611531,1.027888477560489E-8,9.427093061121299E-9,3.171232612484275E-8,5.540436749992839E-9,1.6093440447112504E-9,9.208191684112978E-9,9.523123894401574E-4,0.004085075620286996
3,7.100000000000001E-6,3,7.100000000000001E-6,1.3721182888672154,5.174480988706573E-5,0.05,6.771179366037201E-8,-4181.2514691497945,-4978.748808776834,0.8053224455902389,6.001739801969131,12413.573748192872,8381.850879036723,1.0173133415966474E-8,9.406655623309793E-9,3.1882012825062565E-8,5.4994732016904325E-9,1.6102932701950022E-9,9.20471263675508E-9,9.523793289361622E-4,0.004055229595925088
3,7.112500000000001E-6,3,7.112500000000001E-6,1.37453399008001,5.174480988706573E-5,0.05,6.771179366037201E-8,-4243.414347354619,-5028.903471259001,0.8067669862633848,5.957854476032706,12320.487947328176,8300.188984389197,1.0067920728715061E-8,9.386447762518403E-9,3.205105672148519E-8,5.458445195388455E-9,1.6112303559898555E-9,9.201184873281294E-9,9.524482149997027E-4,0.0040255773486707475
3,7.125E-6,3,7.125E-6,1.3769496912928043,5.174480988706573E-5,0.05,6.771179366037201E-8,-4304.788452730875,-5082.105109991666,0.8082009601895495,5.914255906924745,12228.936323753716,8219.94058867374,9.963262480362514E-9,9.36646629842617E-9,3.2219453853354666E-8,5.4173431283967125E-9,1.612155431363387E-9,9.197609269775127E-9,9.52519462563195E-4,0.003996118856030233
3,7.137500000000001E-6,3,7.137500000000001E-6,1.3793653925055986,5.174480988706573E-5,0.05,6.771179366037201E-8,-4365.713346237154,-5139.798478413551,0.8096244365624844,5.870943465340114,12138.886520454927,8141.074820421883,9.859171946220188E-9,9.34670810302242E-9,3.238720041397427E-8,5.376160602334802E-9,1.613068625028142E-9,9.193985658590324E-9,9.525916433651747E-4,0.003966853692797374
3,7.150000000000001E-6,3,7.150000000000001E-6,1.3817810937183932,5.174480988706573E-5,0.05,6.771179366037201E-8,-4426.193753244735,-5192.325535008163,0.81103748416977,5.8279144238257246,12050.307022482126,8063.5618246527265,9.755654909440914E-9,9.32717010390779E-9,3.255429271160342E-8,5.334898559928474E-9,1.6139700648790643E-9,9.190313991936732E-9,9.526653753691031E-4,0.003937780016098463
3,7.1625000000000005E-6,3,7.1625000000000005E-6,1.3841967949311875,5.174480988706573E-5,0.05,6.771179366037201E-8,-4485.689025465137,-5234.684342479005,0.8124401710397737,5.785165201097915,11963.167153027824,7987.372637641571,9.652713923903189E-9,9.307849287946471E-9,3.2720727125905645E-8,5.293559714864938E-9,1.6148598774437253E-9,9.186595549539169E-9,9.527412544216515E-4,0.00390889540614724
3,7.175000000000001E-6,3,7.175000000000001E-6,1.3866124961439819,5.174480988706573E-5,0.05,6.771179366037201E-8,-4543.894871445729,-5277.027678308013,0.8138325644539401,5.7426931785378805,11877.437046854744,7912.4789877735775,9.55035441306609E-9,9.288742699836894E-9,3.288650010711575E-8,5.252142047090839E-9,1.6157381879507335E-9,9.182833328625158E-9,9.528195876342994E-4,0.003880198093606676
3,7.1875E-6,3,7.1875E-6,1.3890281973567762,5.174480988706573E-5,0.05,6.771179366037201E-8,-4601.2929826760555,-5329.654783134975,0.815214731029443,5.700495503042358,11793.087620409817,7838.853380952697,9.448580661062131E-9,9.269847439760209E-9,3.305160818366818E-8,5.210643427022014E-9,1.6166051204065446E-9,9.179031339356677E-9,9.528991541322389E-4,0.003851686150704296
3,7.2000000000000005E-6,3,7.2000000000000005E-6,1.3914438985695707,5.174480988706573E-5,0.05,6.771179366037201E-8,-4658.465824455019,-5386.0114282785025,0.8165867363717336,5.658566674291322,11710.090568988106,7766.46932486151,9.347387854508855E-9,9.251160666934019E-9,3.3216047918400015E-8,5.169071182706916E-9,1.6174607971776676E-9,9.175193211586484E-9,9.529797905753381E-4,0.00382335586100765
3,7.212500000000001E-6,3,7.212500000000001E-6,1.393859599782365,5.174480988706573E-5,0.05,6.771179366037201E-8,-4715.1852496047895,-5432.135973239897,0.8179486445089345,5.616899111968263,11628.418376675358,7695.301281075579,9.246764094786675E-9,9.232679606048505E-9,3.337981583766647E-8,5.127441532095232E-9,1.6183053382896456E-9,9.17132081949309E-9,9.530624507053587E-4,0.003795202102681259
3,7.225E-6,3,7.225E-6,1.3962753009951594,5.174480988706573E-5,0.05,6.771179366037201E-8,-4770.724735023701,-5468.135148077176,0.8193005177908114,5.575486460566089,11548.044297905748,7625.324333373279,9.146701371492557E-9,9.214401547299423E-9,3.354290841528728E-8,5.085769279427547E-9,1.6191388613327736E-9,9.167413557840695E-9,9.531481713801353E-4,0.003767220581463574
3,7.237500000000001E-6,3,7.237500000000001E-6,1.3986910022079537,5.174480988706573E-5,0.05,6.771179366037201E-8,-4824.9473618669945,-5508.186385449228,0.8206424173888887,5.534325315786689,11468.942304322041,7556.513976000974,9.047201165550134E-9,9.196323838345591E-9,3.370532212917365E-8,5.044061743156503E-9,1.6199614821015506E-9,9.163468661728353E-9,9.532365957919167E-4,0.0037394089971531683
3,7.250000000000001E-6,3,7.250000000000001E-6,1.4011067034207483,5.174480988706573E-5,0.05,6.771179366037201E-8,-4878.536052550355,-5559.794120201507,0.8219744038241943,5.493413722940694,11391.087032375406,7488.84620785743,8.94826941249264E-9,9.178443876077294E-9,3.386705352252315E-8,5.00232240919043E-9,1.620773315255385E-9,9.159482603480764E-9,9.533269635631625E-4,0.0037117660290139826
3,7.2625E-6,3,7.2625E-6,1.4035224046335426,5.174480988706573E-5,0.05,6.771179366037201E-8,-4932.084886973077,-5614.45849063014,0.8232965370904777,5.452749286525348,11314.453756577932,7422.297685415294,8.84991029313897E-9,9.160759103967662E-9,3.402809921691005E-8,4.960555186727597E-9,1.6215744744686496E-9,9.155453107627646E-9,9.534191752823706E-4,0.003684290058463073
3,7.275000000000001E-6,3,7.275000000000001E-6,1.405938105846337,5.174480988706573E-5,0.05,6.771179366037201E-8,-4985.458517466015,-5662.326244239888,0.8246088765099004,5.412328838655071,11239.018379094281,7356.845742831977,8.752125191205827E-9,9.143267013044316E-9,3.418845589292884E-8,4.9187637097255405E-9,1.6223650722556219E-9,9.151380886863402E-9,9.535134451669082E-4,0.0036569789450372103
3,7.287500000000001E-6,3,7.287500000000001E-6,1.4083538070591315,5.174480988706573E-5,0.05,6.771179366037201E-8,-5038.248451285902,-5705.676136178988,0.8259114802511275,5.372146037121904,11164.757438727755,7292.468623373607,8.65490499634265E-9,9.125965147321774E-9,3.4348120229070236E-8,4.876949685297616E-9,1.6231452179499376E-9,9.14727018906632E-9,9.534794632725345E-4,0.0036298284034607456
3,7.3E-6,3,7.3E-6,1.4107695082719258,5.174480988706573E-5,0.05,6.771179366037201E-8,-5090.389124333908,-5750.670377212657,0.827204405668489,5.3322003178443635,11091.648072962116,7229.14460461219,8.558259051824577E-9,9.108851098277432E-9,3.4507088940623154E-8,4.835109849037968E-9,1.6239150221337282E-9,9.143127802184633E-9,9.534248056296563E-4,0.0036028380525975428
3,7.312500000000001E-6,3,7.312500000000001E-6,1.4131852094847202,5.174480988706573E-5,0.05,6.771179366037201E-8,-5141.958671104161,-5794.911585395409,0.8284877097436747,5.2924893704619205,11019.66797585346,7166.852665127418,8.462190762826872E-9,9.091922498097014E-9,3.466535883203546E-8,4.793240819266134E-9,1.6246745939145606E-9,9.138960946023405E-9,9.533758936475364E-4,0.0035760063313931894
3,7.325000000000001E-6,3,7.325000000000001E-6,1.4156009106975147,5.174480988706573E-5,0.05,6.771179366037201E-8,-5192.775088458692,-5833.90821882889,0.8297614486931755,5.253009054382365,10948.795403927144,7105.572495519814,8.366697432467417E-9,9.07517702401146E-9,3.482292674692531E-8,4.751344612000751E-9,1.6254240404828172E-9,9.1347749703332E-9,9.533223440027831E-4,0.0035493304421502464
3,7.3375000000000005E-6,3,7.3375000000000005E-6,1.418016611910309,5.174480988706573E-5,0.05,6.771179366037201E-8,-5242.695373206358,-5872.7289767373695,0.8310256775618584,5.213753867000293,10879.009182328891,7045.284458253607,8.271771859309458E-9,9.058612402731977E-9,3.497978951549679E-8,4.7094321135389976E-9,1.6261634676792367E-9,9.130571773835266E-9,9.532677947281274E-4,0.00352280666689209
3,7.350000000000001E-6,3,7.350000000000001E-6,1.4204323131231034,5.174480988706573E-5,0.05,6.771179366037201E-8,-5292.044123769488,-5918.569459513797,0.8322804500289273,5.17471795668965,10810.288698886832,6985.969486256612,8.177405629876943E-9,9.042226412033246E-9,3.513594392754074E-8,4.667518895451137E-9,1.6268929792113832E-9,9.126349508799356E-9,9.532119746306409E-4,0.003496431051817331
3,7.3625E-6,3,7.3625E-6,1.4228480143358977,5.174480988706573E-5,0.05,6.771179366037201E-8,-5341.218471794991,-5966.918743550229,0.8335258186621501,5.135897954836482,10742.613873985003,6927.608791565096,8.083598073061837E-9,9.026016876487133E-9,3.529138676107141E-8,4.625615508184463E-9,1.62761267729084E-9,9.122103647150042E-9,9.531557116537929E-4,0.0034702013208354606
3,7.3750000000000005E-6,3,7.3750000000000005E-6,1.4252637155486922,5.174480988706573E-5,0.05,6.771179366037201E-8,-5390.048266589786,-6007.8939125903435,0.834761835442177,5.097292388788971,10675.965117129572,6870.183880815148,7.990354284646505E-9,9.009981659788775E-9,3.5446114845416076E-8,4.583727192699559E-9,1.628322663075193E-9,9.117828980536297E-9,9.530978623029036E-4,0.003444116478911467
3,7.387500000000001E-6,3,7.387500000000001E-6,1.4276794167614866,5.174480988706573E-5,0.05,6.771179366037201E-8,-5438.040356753744,-6042.3351105967595,0.8359885519947687,5.058899811812482,10610.323300889324,6813.67670481892,7.897679179719873E-9,8.99411866100846E-9,3.5600125088750244E-8,4.5418578699338314E-9,1.6290230370349956E-9,9.11352176404258E-9,9.530384092563833E-4,0.0034181755485219473
3,7.4E-6,3,7.4E-6,1.430095117974281,5.174480988706573E-5,0.05,6.771179366037201E-8,-5485.122441622225,-6079.684822854466,0.8372060195724798,5.0207185740050715,10545.669749097224,6758.069668169992,7.805576783784173E-9,8.978425814144009E-9,3.575341447455472E-8,4.500009323305325E-9,1.6297138988750978E-9,9.109181189446796E-9,9.529776165988971E-4,0.0033923774148682914
3,7.412500000000001E-6,3,7.412500000000001E-6,1.4325108191870752,5.174480988706573E-5,0.05,6.771179366037201E-8,-5531.686120310282,-6122.801813490834,0.8384142891067862,4.98274765751566,10481.986221716217,6703.345537512036,7.714052838666008E-9,8.962901086781421E-9,3.590598006694409E-8,4.458178233186037E-9,1.6303953476216775E-9,9.104809715714155E-9,9.529156599366159E-4,0.003366721390213284
3,7.425000000000001E-6,3,7.425000000000001E-6,1.4349265203998698,5.174480988706573E-5,0.05,6.771179366037201E-8,-5577.9487487034985,-6164.943180566994,0.839613411216603,4.944985516142691,10419.254902493678,6649.487536786736,7.623111188985561E-9,8.947542479341918E-9,3.6057819010580655E-8,4.416360520101698E-9,1.6310674816116057E-9,9.100412268806191E-9,9.528515723454265E-4,0.0033412064298261428
3,7.4375E-6,3,7.4375E-6,1.4373422216126641,5.174480988706573E-5,0.05,6.771179366037201E-8,-5623.647786247672,-6200.442950946038,0.8408034358591492,4.907428233863771,10357.458405514555,6596.479521469229,7.53274816143183E-9,8.932348028905782E-9,3.620892848513054E-8,4.3745586826861E-9,1.6317303981094082E-9,9.095994705427393E-9,9.527852953154134E-4,0.0033158298877457915
3,7.450000000000001E-6,3,7.450000000000001E-6,1.4397579228254584,5.174480988706573E-5,0.05,6.771179366037201E-8,-5668.435775196167,-6232.162284285895,0.8419844118055828,4.870069892334866,10296.579790327318,6544.305956404529,7.442953840899197E-9,8.917315815195666E-9,3.6359305636642255E-8,4.332782235838053E-9,1.6323841927274903E-9,9.091562140287867E-9,9.527173588413005E-4,0.003290587765091126
3,7.462500000000001E-6,3,7.462500000000001E-6,1.442173624038253,5.174480988706573E-5,0.05,6.771179366037201E-8,-5712.428191585491,-6268.864916123733,0.8431563863801367,4.832904409582667,10236.602562849223,6492.951746084152,7.353717803703163E-9,8.902443963116045E-9,3.650894754153022E-8,4.291043153595284E-9,1.6330289591625332E-9,9.08711775666326E-9,9.526481859574816E-4,0.003265475952420721
3,7.4750000000000004E-6,3,7.4750000000000004E-6,1.4445893252510473,5.174480988706573E-5,0.05,6.771179366037201E-8,-5756.263783684895,-6315.976015261892,0.8443194056146968,4.795927154058441,10177.510655082142,6442.402067587078,7.26503403263683E-9,8.887730640004931E-9,3.665785122330813E-8,4.249351245530962E-9,1.6336647893908476E-9,9.082662495980608E-9,9.525780221364151E-4,0.0032404913203097577
3,7.487500000000001E-6,3,7.487500000000001E-6,1.4470050264638417,5.174480988706573E-5,0.05,6.771179366037201E-8,-5800.488559704527,-6366.959726237995,0.8454735147360771,4.759136081683549,10119.288388857456,6392.642233817654,7.17690426792739E-9,8.873174048752118E-9,3.680601371245125E-8,4.2077102394792526E-9,1.6342917742228341E-9,9.078195581399858E-9,9.52507094763747E-4,0.0032156324876240192
3,7.500000000000001E-6,3,7.500000000000001E-6,1.4494207276766362,5.174480988706573E-5,0.05,6.771179366037201E-8,-5844.82608501324,-6407.562449614979,0.8466187587735162,4.722531608528424,10061.920435002767,6343.657668898513,7.08933746790828E-9,8.858772419537062E-9,3.695343212279186E-8,4.1661172920477445E-9,1.6349100039697112E-9,9.073715437966051E-9,9.52435024423748E-4,0.0031908997354921785
3,7.5125000000000005E-6,3,7.5125000000000005E-6,1.4518364288894305,5.174480988706573E-5,0.05,6.771179366037201E-8,-5888.328707184349,-6433.50709044286,0.8477551828810009,4.686114382400812,10005.391788245517,6295.434089431769,7.002342990791877E-9,8.844524005287646E-9,3.710010369232206E-8,4.124568953760341E-9,1.6355195687847552E-9,9.069220519139637E-9,9.523609733003071E-4,0.0031662935016221706
3,7.525000000000001E-6,3,7.525000000000001E-6,1.4542521301022249,5.174480988706573E-5,0.05,6.771179366037201E-8,-5930.465334200084,-6458.2133376500005,0.8488828321146734,4.64988296494482,9949.687769876233,6247.957717591155,6.915923681679104E-9,8.830427084023183E-9,3.724602575404385E-8,4.083067681755152E-9,1.6361205584123717E-9,9.06470980990316E-9,9.522847639841425E-4,0.0031418128141519055
3,7.5375E-6,3,7.5375E-6,1.4566678313150192,5.174480988706573E-5,0.05,6.771179366037201E-8,-5971.769909587419,-6495.659962242444,0.8500017512893487,4.6138367395294875,9894.79402633378,6201.21501357179,6.830084627427006E-9,8.81647996017348E-9,3.7391195716636394E-8,4.041620773490219E-9,1.636713063535489E-9,9.060183047629414E-9,9.523234437331866E-4,0.003117457256438843
3,7.5500000000000006E-6,3,7.5500000000000006E-6,1.4590835325278138,5.174480988706573E-5,0.05,6.771179366037201E-8,-6013.117472644612,-6542.089409070778,0.8511119843424259,4.577969196757535,9840.696551676145,6155.19330586485,6.744813306402847E-9,8.802680971991154E-9,3.7535610980672804E-8,4.000237850546172E-9,1.6372971709157054E-9,9.055640772033935E-9,9.523805042598012E-4,0.0030932224302415777
3,7.562500000000001E-6,3,7.562500000000001E-6,1.461499233740608,5.174480988706573E-5,0.05,6.771179366037201E-8,-6054.668553165577,-6583.88796265266,0.8522135739203711,4.542275954069953,9787.381698324536,6109.880069575577,6.6601035196306806E-9,8.789028496085665E-9,3.767926888263375E-8,3.958926425569371E-9,1.6378729663816033E-9,9.051084247963864E-9,9.524319827709011E-4,0.0030691053743715896
3,7.575E-6,3,7.575E-6,1.4639149349534024,5.174480988706573E-5,0.05,6.771179366037201E-8,-6095.908323811729,-6616.928585391086,0.8533065617285889,4.5067537324520055,9734.836150726667,6065.262995883047,6.5759522695528764E-9,8.77552094246456E-9,3.782216673805646E-8,3.9176924995514244E-9,1.6384405351883364E-9,9.046515259844252E-9,9.524867205465589E-4,0.0030451038732783823
3,7.587500000000001E-6,3,7.587500000000001E-6,1.4663306361661967,5.174480988706573E-5,0.05,6.771179366037201E-8,-6136.4120515814975,-6646.806196420858,0.8543909887494513,4.471399762223131,9683.046906270496,6021.33002857963,6.492357966956372E-9,8.762156751286232E-9,3.796430186810534E-8,3.876539626849711E-9,1.6389999611742419E-9,9.041935808395364E-9,9.525419267248298E-4,0.0030212160555561692
3,7.600000000000001E-6,3,7.600000000000001E-6,1.4687463373789913,5.174480988706573E-5,0.05,6.771179366037201E-8,-6176.075913698584,-6675.718247612026,0.8554668955168973,4.4362131140537215,9632.00125420477,5978.06922443859,6.4093242513932696E-9,8.74893438897709E-9,3.810567163403499E-8,3.835466421898585E-9,1.6395513276550301E-9,9.037347800436846E-9,9.525986617239989E-4,0.0029974412932795417
3,7.6125E-6,3,7.6125E-6,1.4711620385917856,5.174480988706573E-5,0.05,6.771179366037201E-8,-6214.847382510182,-6702.529069184329,0.8565343224450788,4.401193733283899,9581.686752774107,5935.468820164664,6.3268570925376274E-9,8.735852343755105E-9,3.824627347933117E-8,3.794469238145447E-9,1.6400947174272704E-9,9.03275284000063E-9,9.526560638577016E-4,0.0029737795495161476
3,7.625000000000001E-6,3,7.625000000000001E-6,1.47357773980458,5.174480988706573E-5,0.05,6.771179366037201E-8,-6252.8411375052565,-6732.589290962878,0.857593309884063,4.366341160012782,9532.091219911408,5893.517339357316,6.244961069631656E-9,8.722909124560814E-9,3.838610493640946E-8,3.753546134601218E-9,1.6406302130053296E-9,9.028152160803724E-9,9.527140716985991E-4,0.00295023051352215
3,7.637500000000001E-6,3,7.637500000000001E-6,1.4759934410173745,5.174480988706573E-5,0.05,6.771179366037201E-8,-6290.655271262934,-6773.698553043008,0.8586438978476666,4.331653084314857,9483.202739429737,5852.2037275597995,6.163635287571039E-9,8.710103263998634E-9,3.852516358996889E-8,3.7127009078245253E-9,1.6411578962380958E-9,9.023546633641468E-9,9.527722628973821E-4,0.0029267926245370654
3,7.650000000000001E-6,3,7.650000000000001E-6,1.478409142230169,5.174480988706573E-5,0.05,6.771179366037201E-8,-6329.002752248648,-6822.433901812394,0.85968612554658,4.297125162015979,9435.009675894798,5811.517380899605,6.082872987099251E-9,8.697433323596832E-9,3.8663447013959136E-8,3.6719436200694956E-9,1.64167784790111E-9,9.018936766711995E-9,9.528310428375055E-4,0.002903462947308094
3,7.6625E-6,3,7.6625E-6,1.4808248434429632,5.174480988706573E-5,0.05,6.771179366037201E-8,-6367.9281970108195,-6865.839221626122,0.8607200310258937,4.262752072999746,9387.500684104914,5771.448058128209,6.002664675258384E-9,8.684897897722646E-9,3.8800952721573136E-8,3.6312874247772347E-9,1.6421901473186123E-9,9.014322729306145E-9,9.52890657538518E-4,0.0028802378871619905
3,7.675E-6,3,7.675E-6,1.4832405446557575,5.174480988706573E-5,0.05,6.771179366037201E-8,-6406.745222679035,-6897.4242849146385,0.8617456511559156,4.228529389329675,9340.664702091295,5731.985705753679,5.923003438508431E-9,8.672495613173514E-9,3.893767816173279E-8,3.590743133909852E-9,1.64269487239516E-9,9.009704508201417E-9,9.529516803645974E-4,0.0028571144522497806
3,7.6875E-6,3,7.6875E-6,1.485656245868552,5.174480988706573E-5,0.05,6.771179366037201E-8,-6444.767993421117,-6922.355707353871,0.8627630219868019,4.194454742368895,9294.49092787675,5693.120332455556,5.8438881415881654E-9,8.660225124397575E-9,3.9073620764259446E-8,3.55031561742334E-9,1.643192099975926E-9,9.005082199426749E-9,9.530139907805803E-4,0.002834091042141145
3,7.7E-6,3,7.7E-6,1.4880719470813464,5.174480988706573E-5,0.05,6.771179366037201E-8,-6481.768938025376,-6946.3867962353215,0.8637721792113778,4.160527550238509,9248.968792179785,5654.842009420042,5.765322531063597E-9,8.648085107493164E-9,3.920877800023969E-8,3.5100044386190625E-9,1.6436819063157835E-9,9.000456255727652E-9,9.530773828061387E-4,0.0028111672636746683
3,7.712500000000001E-6,3,7.712500000000001E-6,1.490487648294141,5.174480988706573E-5,0.05,6.771179366037201E-8,-6517.7307961504175,-6968.890631252484,0.8647731585263494,4.126748431868085,9204.08793660815,5617.140903514057,5.687313495012706E-9,8.636074255521576E-9,3.934314742960658E-8,3.4698055473962437E-9,1.6441643674266517E-9,8.995827505267067E-9,9.531417847609286E-4,0.0027883435350460036
3,7.725000000000001E-6,3,7.725000000000001E-6,1.4929033495069353,5.174480988706573E-5,0.05,6.771179366037201E-8,-6552.623611798331,-6989.9980626766455,0.8657659958824556,4.0931188740518465,9159.838197526124,5580.0072926623025,5.609870065391267E-9,8.624191275220807E-9,3.947672673442707E-8,3.429712422483729E-9,1.6446395593113708E-9,8.991196967430522E-9,9.53207121000108E-4,0.0027656208608458424
3,7.7375E-6,3,7.7375E-6,1.4953190507197294,5.174480988706573E-5,0.05,6.771179366037201E-8,-6586.700749498936,-7016.989347260415,0.8667507275696511,4.059640213171717,9116.20959773764,5543.431649238874,5.533000578698565E-9,8.61243488573697E-9,3.9609513730366615E-8,3.389719065435762E-9,1.6451075580300237E-9,8.98656566278946E-9,9.532729410350906E-4,0.0027430001440349435
3,7.75E-6,3,7.75E-6,1.497734751932524,5.174480988706573E-5,0.05,6.771179366037201E-8,-6620.718848121949,-7056.551399309271,0.8677273899504145,4.026311735258108,9073.192353870567,5507.404815622645,5.456707534498041E-9,8.600803821560434E-9,3.974150633068652E-8,3.349825269326088E-9,1.6455684394329046E-9,8.981934544835756E-9,9.533387978394579E-4,0.0027204809022014246
3,7.7625E-6,3,7.7625E-6,1.5001504531453185,5.174480988706573E-5,0.05,6.771179366037201E-8,-6655.430694132655,-7103.501024815025,0.8686960188299874,3.9931295465227348,9030.776899314946,5471.918124146143,5.3809847014266306E-9,8.58929683972697E-9,3.987270246051956E-8,3.310039633646534E-9,1.6460222785612476E-9,8.977304493608477E-9,9.53404770832173E-4,0.0026980605044072533
3,7.775000000000001E-6,3,7.775000000000001E-6,1.5025661543581128,5.174480988706573E-5,0.05,6.771179366037201E-8,-6690.843574733228,-7144.672694836959,0.8696566487843523,3.9600873480556484,8988.953908170592,5436.96334803385,5.305819432893964E-9,8.577912727415356E-9,4.0003099964279485E-8,3.2703773747528476E-9,1.6464691490299086E-9,8.972676264593607E-9,9.534713098427337E-4,0.002675734694632195
3,7.787500000000001E-6,3,7.787500000000001E-6,1.5049818555709074,5.174480988706573E-5,0.05,6.771179366037201E-8,-6726.2545710545655,-7174.277171036829,0.8706093128228698,3.927178445133785,8947.71430390738,5402.532529340572,5.231198208473351E-9,8.566650305486753E-9,4.013269655747598E-8,3.230854879110325E-9,1.6469091227412516E-9,8.968050415585837E-9,9.535388890351072E-4,0.0026534989494147194
3,7.8E-6,3,7.8E-6,1.5073975567837015,5.174480988706573E-5,0.05,6.771179366037201E-8,-6761.030375545679,-7198.574903744037,0.8715540425534964,3.894397908647353,8907.049246146416,5368.617774775443,5.1571123997264345E-9,8.555508426058305E-9,4.0261489846564385E-8,3.1914838906250983E-9,1.6473422700713787E-9,8.963427328114548E-9,9.536078915883933E-4,0.0026313499382752386
3,7.8125E-6,3,7.8125E-6,1.5098132579964958,5.174480988706573E-5,0.05,6.771179366037201E-8,-6795.067825813471,-7224.241657199425,0.8724908687767735,3.861743972666119,8866.950099573527,5335.211104294494,5.083561827326896E-9,8.544485965078201E-9,4.038947740776713E-8,3.1522677158922328E-9,1.6477686604413948E-9,8.95880735847218E-9,9.536783936032447E-4,0.002609286468017648
3,7.825E-6,3,7.825E-6,1.5122289592092903,5.174480988706573E-5,0.05,6.771179366037201E-8,-6828.463559099383,-7249.7191300151435,0.8734198222029924,3.8292176674928786,8827.408398644775,5302.304452866805,5.010553567003691E-9,8.533581813566165E-9,4.051665688383916E-8,3.1132021422275113E-9,1.6481883629806895E-9,8.954191011569395E-9,9.537499647182859E-4,0.0025873092347924857
3,7.8375E-6,3,7.8375E-6,1.5146446604220847,5.174480988706573E-5,0.05,6.771179366037201E-8,-6861.115368289252,-7271.372385711313,0.8743409339054145,3.79682099051648,8788.415824577074,5269.889812432632,4.938096979070361E-9,8.522794872066675E-9,4.06430260458314E-8,3.0742803119324835E-9,1.6486014469299327E-9,8.9495790113642E-9,9.538221236167222E-4,0.0025654195881868107
3,7.850000000000001E-6,3,7.850000000000001E-6,1.5170603616348792,5.174480988706573E-5,0.05,6.771179366037201E-8,-6892.898442853797,-7291.970895226284,0.8752542351605909,3.7645536662854604,8749.96420879663,5237.959521372344,4.8661952539740525E-9,8.512124052332755E-9,4.076858277127548E-8,3.035497042707667E-9,1.6490079804782572E-9,8.944972244885152E-9,9.538321434120863E-4,0.0025436173420847704
3,7.862500000000001E-6,3,7.862500000000001E-6,1.5194760628476736,5.174480988706573E-5,0.05,6.771179366037201E-8,-6924.050911990082,-7318.181524474702,0.8761597574767244,3.7324177927958786,8712.045528394472,5206.505849165903,4.794857532031865E-9,8.501568276797374E-9,4.0893325048014687E-8,2.996848841791687E-9,1.6494080335771739E-9,8.940371642188637E-9,9.538325679771207E-4,0.0025219039140512694
3,7.875E-6,3,7.875E-6,1.5218917640604677,5.174480988706573E-5,0.05,6.771179366037201E-8,-6955.117638396542,-7352.021176349226,0.8770575325384957,3.700412865096995,8674.65190517176,5175.521434984284,4.7240860081067744E-9,8.491126479023026E-9,4.101725096652896E-8,2.9583364356802927E-9,1.6498016756126302E-9,8.935778053483303E-9,9.538361719808041E-4,0.002500278962903375
3,7.8875E-6,3,7.8875E-6,1.5243074652732622,5.174480988706573E-5,0.05,6.771179366037201E-8,-6986.474684107832,-7388.081966616879,0.8779475916082503,3.668535817572021,8637.775627155297,5144.999301999132,4.653876241309929E-9,8.48079761044755E-9,4.114035863688896E-8,2.9199661212306374E-9,1.650188974832573E-9,8.931192153398538E-9,9.538379393717164E-4,0.0024787404172783925
3,7.9E-6,3,7.9E-6,1.5267231664860568,5.174480988706573E-5,0.05,6.771179366037201E-8,-7018.010340997295,-7419.522468608303,0.8788299650401956,3.6367822193385826,8601.409164772778,5114.932765469974,4.584220372140291E-9,8.47058064573412E-9,4.1262646120393144E-8,2.8817483374654826E-9,1.6505699987442482E-9,8.926614398625205E-9,9.538399330318119E-4,0.00245728528333688
3,7.912500000000001E-6,3,7.912500000000001E-6,1.529138867698851,5.174480988706573E-5,0.05,6.771179366037201E-8,-7049.342125849911,-7445.72803835451,0.8797046820949094,3.6051474165119575,8565.545174233808,5085.315334587813,4.5151100966752614E-9,8.460474584587609E-9,4.1384111402164084E-8,2.8436940452627256E-9,1.6509448135310639E-9,8.922045071294029E-9,9.538420067072162E-4,0.002435910416562133
3,7.925000000000001E-6,3,7.925000000000001E-6,1.5315545689116457,5.174480988706573E-5,0.05,6.771179366037201E-8,-7080.294375008084,-7472.070216449035,0.880571771067493,3.5736280622399774,8530.17648804229,5056.140569266963,4.4465404992525505E-9,8.450478449939137E-9,4.1504752407150084E-8,2.8058109248320945E-9,1.6513134843972691E-9,8.917484413442555E-9,9.538444508740756E-4,0.0024146135555675524
3,7.937500000000002E-6,3,7.937500000000002E-6,1.53397027012444,5.174480988706573E-5,0.05,6.771179366037201E-8,-7111.00787003147,-7501.31205128759,0.8814312596137791,3.542222213342282,8495.296097779325,5027.402056473396,4.37851019372666E-9,8.44059128388234E-9,4.1624567043999485E-8,2.7681029557363616E-9,1.6516760757576518E-9,8.912932800302973E-9,9.538470263748262E-4,0.0023933933873934335
3,7.95E-6,3,7.95E-6,1.536385971337234,5.174480988706573E-5,0.05,6.771179366037201E-8,-7141.538080961224,-7528.723648958742,0.882283175089428,3.5109293264517643,8460.897136883554,4999.093395412686,4.311021206846585E-9,8.43081214351738E-9,4.174355325128346E-8,2.7305704356493756E-9,1.6520326515916232E-9,8.908390858719684E-9,9.538498944519319E-4,0.002372249544899841
3,7.9625E-6,3,7.9625E-6,1.5388016725500286,5.174480988706573E-5,0.05,6.771179366037201E-8,-7171.562285229404,-7549.017136963507,0.8831275448266944,3.4797497598165146,8426.972866437196,4971.208228704878,4.244077653707964E-9,8.421140097563455E-9,4.186170903554162E-8,2.6932112219089307E-9,1.6523832756433156E-9,8.903859453735561E-9,9.538527077392962E-4,0.0023511822701462936
3,7.975E-6,3,7.975E-6,1.541217373762823,5.174480988706573E-5,0.05,6.771179366037201E-8,-7200.698525502427,-7565.19848590383,0.8839643961887281,3.4486834275197147,8393.516670234214,4943.740355807884,4.177682405091748E-9,8.411574225555744E-9,4.197903247854966E-8,2.6560242448136634E-9,1.652728011480098E-9,8.899339540304572E-9,9.53855184333611E-4,0.0023301915050808883
3,7.987500000000001E-6,3,7.987500000000001E-6,1.5436330749756175,5.174480988706573E-5,0.05,6.771179366037201E-8,-7229.033631914141,-7585.991674318371,0.884793756336672,3.417728750503229,8360.522061378277,4916.683830242895,4.111834599011747E-9,8.402113620326181E-9,4.209552170429187E-8,2.6190122398074527E-9,1.65306692228642E-9,8.894831961406964E-9,9.538572716383818E-4,0.002309276182772452
3,8.000000000000001E-6,3,8.000000000000001E-6,1.546048776188412,5.174480988706573E-5,0.05,6.771179366037201E-8,-7257.130123658047,-7615.550202338041,0.885615651988581,3.386883619972098,8327.982689001026,4890.032880763083,4.046532066254739E-9,8.392757390547708E-9,4.221117484441771E-8,2.582179518038984E-9,1.6534000706742587E-9,8.890337310612354E-9,9.538595373457578E-4,0.002288434878359526
